problem,method,variance_mode,pool,subset,n,boundary_abs_threshold_mean,boundary_abs_threshold_std,boundary_abs_threshold_se,n_eval_mean,n_eval_std,n_eval_se,posterior_feasible_count_mean,posterior_feasible_count_std,posterior_feasible_count_se,true_feasible_count_mean,true_feasible_count_std,true_feasible_count_se,tp_mean,tp_std,tp_se,fp_mean,fp_std,fp_se,fn_mean,fn_std,fn_se,tn_mean,tn_std,tn_se,precision_mean,precision_std,precision_se,recall_mean,recall_std,recall_se,f1_mean,f1_std,f1_se,false_feasible_rate_mean,false_feasible_rate_std,false_feasible_rate_se,false_infeasible_rate_mean,false_infeasible_rate_std,false_infeasible_rate_se,abs_true_margin_mean_mean,abs_true_margin_mean_std,abs_true_margin_mean_se,abs_post_margin_mean_mean,abs_post_margin_mean_std,abs_post_margin_mean_se,margin_bias_mean,margin_bias_std,margin_bias_se,margin_mae_mean,margin_mae_std,margin_mae_se,margin_rmse_mean,margin_rmse_std,margin_rmse_se,mu0_mae_mean,mu0_mae_std,mu0_mae_se,mu0_rmse_mean,mu0_rmse_std,mu0_rmse_se,mu1_mae_mean,mu1_mae_std,mu1_mae_se,mu1_rmse_mean,mu1_rmse_std,mu1_rmse_se,mu2_mae_mean,mu2_mae_std,mu2_mae_se,mu2_rmse_mean,mu2_rmse_std,mu2_rmse_se,var2_pred_mean_mean,var2_pred_mean_std,var2_pred_mean_se,var2_true_mean_mean,var2_true_mean_std,var2_true_mean_se,var2_rmse_mean,var2_rmse_std,var2_rmse_se,var2_ratio_mean_mean,var2_ratio_mean_std,var2_ratio_mean_se,var2_ratio_median_mean,var2_ratio_median_std,var2_ratio_median_se,var2_log_rmse_mean,var2_log_rmse_std,var2_log_rmse_se,fp_count_mean,fp_count_std,fp_count_se,fn_count_mean,fn_count_std,fn_count_se,fp_true_margin_mean_mean,fp_true_margin_mean_std,fp_true_margin_mean_se,fp_post_margin_mean_mean,fp_post_margin_mean_std,fp_post_margin_mean_se,fn_true_margin_mean_mean,fn_true_margin_mean_std,fn_true_margin_mean_se,fn_post_margin_mean_mean,fn_post_margin_mean_std,fn_post_margin_mean_se
RCZDT-Curve2D,GPR-KG-AVB-safe,vepm,axis,all,3,0.010394999999999998,0.0,0.0,101.0,0.0,0.0,0.6666666666666666,1.1547005383792517,0.6666666666666667,41.0,0.0,0.0,0.0,0.0,0.0,0.6666666666666666,1.1547005383792517,0.6666666666666667,41.0,0.0,0.0,59.333333333333336,1.1547005383792517,0.6666666666666667,0.0,0.0,0.0,0.0,0.0,0.0,0.0,0.0,0.0,0.011111111111111112,0.019245008972987525,0.011111111111111112,1.0,0.0,0.0,0.0297490099009901,4.2491873609703695e-18,2.4532694666933983e-18,2.5926613296708774,4.321039296844243,2.4947532012119753,2.5723874884302353,4.321060308075584,2.4947653320520455,2.572520499199555,4.320943089721832,2.4946976560039533,3.56768503354006,6.036255781910078,3.4850339005832187,0.5125431099258789,0.07364484091318302,0.042518868725653386,0.5909962307338431,0.09140835205600825,0.05277463666571645,0.5171910563915137,0.08137321917338487,0.04698084999458017,0.6060092396270772,0.1000959567192068,0.05779042755662718,0.03182024054055621,0.01632536433977166,0.009425453496185886,0.035082491474305255,0.014844304394535207,0.008570363138117647,13.616995493306966,23.577622037655043,13.612546430291394,0.00010057264008990641,0.0,0.0,19.16033755471239,33.178583735758714,19.155664251170833,135384.316274194,234415.9184821319,135340.09363799222,265004.5776763504,458898.70139923814,264945.2887836198,5.775921750799651,3.741530855064581,2.1601738463528264,0.6666666666666666,1.1547005383792517,0.6666666666666667,41.0,0.0,0.0,0.0009375000000000005,0.0016237976320958233,0.0009375000000000005,-0.0006019913262054546,0.0010426795627036171,0.0006019913262054546,-0.011699999999999997,0.0,0.0,2.586049298244579,4.3778275679231475,2.527539924806194
RCZDT-Curve2D,GPR-KG-AVB-safe,vepm,axis,far_true_boundary,3,0.010394999999999998,0.0,0.0,75.0,0.0,0.0,0.0,0.0,0.0,25.0,0.0,0.0,0.0,0.0,0.0,0.0,0.0,0.0,25.0,0.0,0.0,50.0,0.0,0.0,0.0,0.0,0.0,0.0,0.0,0.0,0.0,0.0,0.0,0.0,0.0,0.0,1.0,0.0,0.0,0.0381,0.0,0.0,2.6112155333917064,4.3360904321899705,2.5034429782554404,2.583555533391707,4.3360904321899705,2.5034429782554404,2.583574385873169,4.336073810429159,2.5034333816773615,3.576261018532389,6.046414597103244,3.4908990952696404,0.5599440552436706,0.07894246126882525,0.045577451264047865,0.6422629904985658,0.10068473275381276,0.05813035755869933,0.5703230085708221,0.08756892648717136,0.05055794328001494,0.6612783671543037,0.11010673289172336,0.06357015187462671,0.03340270730220425,0.016094451362911905,0.009292135826836528,0.03655795935079338,0.015333472630064137,0.00885278455057929,13.663242807924332,23.657787290442332,13.658829860567788,0.00010054719053265836,1.6598388128790506e-20,9.583083854271087e-21,19.19285007894816,33.234935073932235,19.188198711434513,135874.2003300149,235265.03040962238,135830.328637901,265004.5776763504,458898.70139923814,264945.2887836198,5.769417794319448,3.76314308358427,2.172651672306457,0.0,0.0,0.0,25.0,0.0,0.0,0.0,0.0,0.0,0.0,0.0,0.0,-0.015659999999999993,0.0,0.0,2.6187239733380583,4.443860668571056,2.56566415324069
RCZDT-Curve2D,GPR-KG-AVB-safe,vepm,axis,fn,3,0.010394999999999998,0.0,0.0,41.0,0.0,0.0,0.0,0.0,0.0,41.0,0.0,0.0,0.0,0.0,0.0,0.0,0.0,0.0,41.0,0.0,0.0,0.0,0.0,0.0,0.0,0.0,0.0,0.0,0.0,0.0,0.0,0.0,0.0,0.0,0.0,0.0,1.0,0.0,0.0,0.011699999999999997,0.0,0.0,2.586049298244579,4.3778275679231475,2.527539924806194,2.597749298244579,4.377827567923148,2.5275399248061947,2.597749298244579,4.377827567923148,2.5275399248061947,3.5817154301410152,6.079364483367795,3.5099227209742465,0.23503947434895936,0.03213796399121037,0.018554862161531807,0.27907212402098397,0.04356809792056524,0.02515405306251832,0.2387055225207352,0.03554421915967876,0.020521464499975585,0.2862655437443726,0.04429840285483238,0.025575694812907963,0.02794122404785047,0.01958483216891994,0.011307308124759571,0.02820857153342864,0.01928067464166648,0.011131702694523736,13.812464132987726,23.91557857766593,13.807665729641073,0.00010124033697522652,0.0,0.0,19.297419812543342,33.415638960345156,19.292528148898622,136418.26816581227,236201.28038079056,136370.8728107837,265004.5776763504,458898.70139923814,264945.2887836198,5.886470866668208,3.6692011501708692,2.118414271762036,0.0,0.0,0.0,41.0,0.0,0.0,0.0,0.0,0.0,0.0,0.0,0.0,-0.011699999999999997,0.0,0.0,2.586049298244579,4.3778275679231475,2.527539924806194
RCZDT-Curve2D,GPR-KG-AVB-safe,vepm,axis,fp,3,0.010394999999999998,0.0,0.0,0.6666666666666666,1.1547005383792517,0.6666666666666667,0.6666666666666666,1.1547005383792517,0.6666666666666667,0.0,0.0,0.0,0.0,0.0,0.0,0.6666666666666666,1.1547005383792517,0.6666666666666667,0.0,0.0,0.0,0.0,0.0,0.0,0.0,0.0,0.0,0.0,0.0,0.0,0.0,0.0,0.0,0.3333333333333333,0.5773502691896258,0.33333333333333337,0.0,0.0,0.0,0.0009375000000000005,0.0016237976320958233,0.0009375000000000005,0.0006019913262054546,0.0010426795627036171,0.0006019913262054546,-0.0015394913262054553,0.0026664771947994405,0.0015394913262054553,0.0015394913262054553,0.0026664771947994405,0.0015394913262054553,0.0015431027361053758,0.0026727323402330606,0.001543102736105376,0.06556239991819074,0.11355740772445597,0.06556239991819074,0.06565906652941426,0.1137248392064906,0.06565906652941425,0.059006449938626526,0.1022021692679706,0.059006449938626526,0.05911613335411326,0.10239214651634132,0.05911613335411327,0.01302063067601941,0.022552393877455515,0.01302063067601941,0.013021051853211832,0.022553123377751776,0.01302105185321183,0.0003195763560121833,0.0005535224855108211,0.0003195763560121833,3.3488441250243736e-05,5.800368171170756e-05,3.3488441250243736e-05,0.0002860879149205718,0.0004955188040738726,0.0002860879149205718,3.1809620468620055,5.509587882113285,3.1809620468620055,3.1809620468620055,5.509587882113285,3.1809620468620055,0.751931982546318,1.302384397606217,0.7519319825463181,0.6666666666666666,1.1547005383792517,0.6666666666666667,0.0,0.0,0.0,0.0009375000000000005,0.0016237976320958233,0.0009375000000000005,-0.0006019913262054546,0.0010426795627036171,0.0006019913262054546,0.0,0.0,0.0,0.0,0.0,0.0
RCZDT-Curve2D,GPR-KG-AVB-safe,vepm,axis,high_t1,3,0.010394999999999998,0.0,0.0,34.0,0.0,0.0,0.6666666666666666,1.1547005383792517,0.6666666666666667,4.0,0.0,0.0,0.0,0.0,0.0,0.6666666666666666,1.1547005383792517,0.6666666666666667,4.0,0.0,0.0,29.333333333333332,1.1547005383792515,0.6666666666666666,0.0,0.0,0.0,0.0,0.0,0.0,0.0,0.0,0.0,0.022222222222222223,0.03849001794597505,0.022222222222222223,1.0,0.0,0.0,0.037430735294117654,0.0,0.0,0.12692015650319022,0.0734793548428826,0.0424233252984183,0.09001683399422485,0.07359321156796873,0.04248906050929583,0.09041195422073334,0.07295836745023866,0.04212253308703092,0.0920761802396578,0.07131537563381042,0.04117395131953973,0.575405602986065,0.08529549666504374,0.049245377960225836,0.6145855194052333,0.07035336522948778,0.04061853435364083,0.521413623803653,0.07107177608193,0.04103330905268709,0.567311626806397,0.07402201519536643,0.04273663039900338,0.031212998496262117,0.01617272472170764,0.009337326971607622,0.033799622525633635,0.014513250841206495,0.008379229279987133,0.003588134710056881,0.002282383890625704,0.0013177349536468157,0.00010018003094230808,0.0,0.0,0.0035440907904776228,0.0021984160334170308,0.001269256088684112,35.81405848279599,22.790088708459088,13.157863850684306,35.23362675108399,24.31582342848465,14.038747202003021,3.3695831014430357,0.8511212939008455,0.49139510814667575,0.6666666666666666,1.1547005383792517,0.6666666666666667,4.0,0.0,0.0,0.0009375000000000005,0.0016237976320958233,0.0009375000000000005,-0.0006019913262054546,0.0010426795627036171,0.0006019913262054546,-0.0025424999999999927,0.0,0.0,0.08233335676503523,0.05310095675772106,0.030657851678296932
RCZDT-Curve2D,GPR-KG-AVB-safe,vepm,axis,low_t1,3,0.010394999999999998,0.0,0.0,34.0,0.0,0.0,0.0,0.0,0.0,4.0,0.0,0.0,0.0,0.0,0.0,0.0,0.0,0.0,4.0,0.0,0.0,30.0,0.0,0.0,0.0,0.0,0.0,0.0,0.0,0.0,0.0,0.0,0.0,0.0,0.0,0.0,1.0,0.0,0.0,0.03743073529411764,0.0,0.0,5.053803954710079,8.504506778515063,4.910079277900669,5.016971454710078,8.504506778515063,4.910079277900669,5.016971454710078,8.504506778515063,4.910079277900669,5.017590188066269,8.503976200121278,4.909772948322191,0.7498177720523537,0.15860305955497975,0.0915695191283658,0.7725466916047973,0.16308444710154252,0.09415684943471686,0.8103656361001473,0.15977702674221067,0.09224730939993336,0.837955755526516,0.17060375717427967,0.09849812512933193,0.03591811027515009,0.021684245604378635,0.012519405036861966,0.038952331504794366,0.02040541940354975,0.011781074385566661,26.963325283095443,46.69140082904302,26.957292837488705,0.00010018003094230808,0.0,0.0,26.963225103067813,46.69140082904015,26.957292837487046,269150.00556561723,466077.1867363934,269089.78922540025,269442.7057964418,466584.0449839092,269382.4239710444,7.204570788998986,5.556954525242422,3.2083091910232215,0.0,0.0,0.0,4.0,0.0,0.0,0.0,0.0,0.0,0.0,0.0,0.0,-0.0025425000000000014,0.0,0.0,4.996128321365034,8.503852117287995,4.909701309064993
RCZDT-Curve2D,GPR-KG-AVB-safe,vepm,axis,mid_t1,3,0.010394999999999998,0.0,0.0,33.0,0.0,0.0,0.0,0.0,0.0,33.0,0.0,0.0,0.0,0.0,0.0,0.0,0.0,0.0,33.0,0.0,0.0,0.0,0.0,0.0,0.0,0.0,0.0,0.0,0.0,0.0,0.0,0.0,0.0,0.0,0.0,0.0,1.0,0.0,0.0,0.013919999999999995,0.0,0.0,2.5973992277426508,4.402846653854441,2.541984700803505,2.6113192277426505,4.40284665385444,2.5419847008035044,2.6113192277426505,4.40284665385444,2.5419847008035044,3.5909866916285975,6.096996963555412,3.5201028381570483,0.2033108894305317,0.03434050668305012,0.019826500777567133,0.24263531698608518,0.04633277383481909,0.026750239445834854,0.21078187450950545,0.03626572552438385,0.0209380263938601,0.25363382170363685,0.04439275547433671,0.02563016932317753,0.02822383625358067,0.019184168824658558,0.011075985035095846,0.028351904071609525,0.01904243774316935,0.010994156557045515,13.89216632177626,24.05361386401503,13.887360439372394,0.00010138165287889692,0.0,0.0,19.35302726692313,33.511941918991766,19.348128687997,137015.09322649063,237234.99861659645,136967.69031249246,265004.5776763504,458898.70139923814,264945.2887836198,5.894291008575117,3.682791684717683,2.12626077054107,0.0,0.0,0.0,33.0,0.0,0.0,0.0,0.0,0.0,0.0,0.0,0.0,-0.013919999999999995,0.0,0.0,2.5973992277426508,4.402846653854441,2.541984700803505
RCZDT-Curve2D,GPR-KG-AVB-safe,vepm,axis,near_true_boundary,3,0.010394999999999998,0.0,0.0,26.0,0.0,0.0,0.6666666666666666,1.1547005383792517,0.6666666666666667,16.0,0.0,0.0,0.0,0.0,0.0,0.6666666666666666,1.1547005383792517,0.6666666666666667,16.0,0.0,0.0,9.333333333333334,1.1547005383792517,0.6666666666666667,0.0,0.0,0.0,0.0,0.0,0.0,0.0,0.0,0.0,0.06666666666666667,0.11547005383792518,0.06666666666666668,1.0,0.0,0.0,0.005659615384615382,0.0,0.0,2.5391395881684837,4.277624223849214,2.469687497131408,2.540171974118298,4.277705740908134,2.4697345610273187,2.5406342876410526,4.277298866130902,2.4694996517651577,3.5424973721679085,6.007149772233476,3.4682295380613968,0.3758096138168649,0.05918694791334,0.03417160031027921,0.40828645833459926,0.059268727396073105,0.03421881571664936,0.3639258097204319,0.0642422002350463,0.037090251599037824,0.40624323564149295,0.0648363078623393,0.03743325979758305,0.027255432574263782,0.02092826151230282,0.012082937417798917,0.027550136063565805,0.02068956072181099,0.011945123452152684,13.483589778064553,23.34637611631715,13.479036535357956,0.00010064605227427586,0.0,0.0,19.066239212218075,33.015494293256644,19.061504517640277,133971.18919009512,231966.5571544943,133925.954216138,133402.79400978214,230978.5643106335,133355.53628177755,5.793948702892581,3.6801148859525643,2.124715320053462,0.6666666666666666,1.1547005383792517,0.6666666666666667,16.0,0.0,0.0,0.0009375000000000005,0.0016237976320958233,0.0009375000000000005,-0.0006019913262054546,0.0010426795627036171,0.0006019913262054546,-0.005512499999999996,0.0,0.0,2.5349951184110173,4.2746511013349195,2.467970964047446
RCZDT-Curve2D,GPR-KG-AVB-safe,vepm,axis,tn,3,0.010394999999999998,0.0,0.0,59.333333333333336,1.1547005383792517,0.6666666666666667,0.0,0.0,0.0,0.0,0.0,0.0,0.0,0.0,0.0,0.0,0.0,0.0,0.0,0.0,0.0,59.333333333333336,1.1547005383792517,0.6666666666666667,0.0,0.0,0.0,0.0,0.0,0.0,0.0,0.0,0.0,0.0,0.0,0.0,0.0,0.0,0.0,0.04253387931034482,0.0007818118990026422,0.000451379310344828,2.5980302768701695,4.2814912717149,2.471920138257631,2.5554963975598253,4.281889779852958,2.4721502170384126,2.555621847945971,4.281779013177756,2.4720862658686675,3.5577596684877126,6.006894834284895,3.468082349568157,0.7067352588294696,0.10396131389244856,0.06002209256111236,0.733875190535629,0.11372780154056011,0.06566077683378672,0.7122830919564395,0.11333715046619428,0.06543523433084239,0.7525900332235719,0.12415223808471525,0.07167932807870486,0.03430319621972796,0.019723739324031486,0.011387506208155587,0.03690012303671457,0.01876858702286456,0.010836048769959772,13.483440214389352,23.346672114131277,13.479207429775622,0.0001001123697102351,6.946981032682232e-09,4.010841369274311e-09,19.066102031540314,33.015613443838596,19.061573309260844,134677.93227249515,233195.79145846248,134635.65297243115,134175.97088748647,232315.7268565059,134127.54743758726,5.703007583850968,3.7901890111344674,2.188266645858046,0.0,0.0,0.0,0.0,0.0,0.0,0.0,0.0,0.0,0.0,0.0,0.0,0.0,0.0,0.0,0.0,0.0,0.0
RCZDT-Curve2D,GPR-KG-AVB-safe,vepm,axis,tp,3,0.010394999999999998,0.0,0.0,0.0,0.0,0.0,0.0,0.0,0.0,0.0,0.0,0.0,0.0,0.0,0.0,0.0,0.0,0.0,0.0,0.0,0.0,0.0,0.0,0.0,0.0,0.0,0.0,0.0,0.0,0.0,0.0,0.0,0.0,0.0,0.0,0.0,0.0,0.0,0.0,0.0,0.0,0.0,0.0,0.0,0.0,0.0,0.0,0.0,0.0,0.0,0.0,0.0,0.0,0.0,0.0,0.0,0.0,0.0,0.0,0.0,0.0,0.0,0.0,0.0,0.0,0.0,0.0,0.0,0.0,0.0,0.0,0.0,0.0,0.0,0.0,0.0,0.0,0.0,0.0,0.0,0.0,0.0,0.0,0.0,0.0,0.0,0.0,0.0,0.0,0.0,0.0,0.0,0.0,0.0,0.0,0.0,0.0,0.0,0.0,0.0,0.0,0.0,0.0,0.0,0.0,0.0,0.0,0.0
RCZDT-Curve2D,GPR-KG-AVB-safe,vepm,combined,all,3,0.010769999999999995,0.0006495190528383295,0.00037500000000000033,1181.0,0.0,0.0,54.0,67.08949247087803,38.734136537856806,498.0,7.211102550927978,4.163331998932265,46.666666666666664,60.71518206621251,35.053926709824935,7.333333333333333,7.023769168568492,4.0551750201988135,451.3333333333333,53.575491909392056,30.931824675854124,675.6666666666666,14.047538337136986,8.110350040397627,0.8721485411140583,0.13903152090846088,0.08026988602234297,0.09256176083691221,0.11975353296885692,0.06913973449597827,0.15230036211168288,0.18711638025130328,0.10803169250787834,0.01080652428584302,0.010397849409017331,0.006003201155289348,0.9074382391630879,0.11975353296885691,0.06913973449597827,0.029764216765453003,0.0005796393826572342,0.0003346549536100627,1.3816264517529113,2.237036240083137,1.2915534753989477,1.3598196079501204,2.2349104594737783,1.290326155391896,1.3611538395054463,2.236675196217539,1.2913450266259552,2.5893691284055094,4.343888001187018,2.5079449068149104,0.30143373599592616,0.01720801395428448,0.009935051488724981,0.4030918108256987,0.017288623304082904,0.009981591318530303,0.30527426439342026,0.014060304515280701,0.008117720596785423,0.41019653298619563,0.009783402469485171,0.005648450049347714,0.024998541322601583,0.004015160075523937,0.002318153750443183,0.03450359709791514,0.0035867199335079766,0.002070793719118627,7.138626380996816,12.3561256893256,7.133812492872986,0.0009753591125080957,6.315776290239972e-05,3.646415141311504e-05,13.960550511540747,24.167737067803287,13.953249501800325,47944.825591756875,83000.37465545033,47920.288650164046,26.73968521086812,13.642313651983878,7.876393459342199,4.268028112024188,2.383813318000802,1.376295260845578,7.333333333333333,7.023769168568492,4.0551750201988135,451.3333333333333,53.575491909392056,30.931824675854124,0.005011071428571432,0.0048088131385010625,0.0027763695599961977,-0.005686259405505371,0.007320471418826038,0.004226476144254175,-0.011460991574973295,0.0002569337918374611,0.00014834079388126943,1.7223867674781894,2.8809663463374893,1.663326695584202
RCZDT-Curve2D,GPR-KG-AVB-safe,vepm,combined,far_true_boundary,3,0.010769999999999995,0.0006495190528383295,0.00037500000000000033,881.6666666666666,1.1547005383792517,0.6666666666666667,36.0,43.278170016764804,24.986663109213552,304.0,13.0,7.505553499465135,34.0,40.63249930782009,23.459184413217212,2.0,2.6457513110645907,1.5275252316519468,270.0,33.95585369269929,19.604421270043485,575.6666666666666,14.364307617610162,8.293236869749819,0.9637254901960784,0.031722920955614596,0.01831523695320531,0.10950426180763634,0.13040784021977156,0.07529100165532282,0.17968206019039493,0.19989313774889494,0.11540835688848344,0.003507747769891746,0.004642249913491833,0.002680204237200027,0.8904957381923636,0.13040784021977156,0.07529100165532282,0.03794911068961837,0.0007220613230404347,0.0004168822992288123,1.4167832345973788,2.2820946041703607,1.3175679340339503,1.387674784600205,2.280103963958149,1.31641863737157,1.388928980745846,2.2817360213899085,1.3173609061691294,2.611228870344109,4.380548907934056,2.5291110911940486,0.3280749134762697,0.019681489421900244,0.011363113215786879,0.4369132544126544,0.017407297155385734,0.01005010769852576,0.33244922676247946,0.014533875660339653,0.00839113702486565,0.4443585792598607,0.008186507019711796,0.004726482031553366,0.026554785005456143,0.004636145423196194,0.002676679808084574,0.03702674610206036,0.0038406408964339676,0.002217395055416837,7.256243924005684,12.560216150106362,7.2516441753437935,0.0010361554626528574,7.281167381666687e-05,4.203783947819984e-05,13.987185767665004,24.214744646030795,13.98038933974393,52344.68250780267,90618.38084602001,52318.546574977685,29.11844438787756,15.334718377726924,8.853503783327742,4.377026754874608,2.425304787699408,1.4002503720451416,2.0,2.6457513110645907,1.5275252316519468,270.0,33.95585369269929,19.604421270043485,0.009294000000000009,0.008191292205751185,0.00472924476000133,-0.00605995671576203,0.010312181431741714,0.005953740725548339,-0.015521964392263022,0.0002717296725951108,0.0001568831996195961,1.8142136912841718,3.0461382881818793,1.7586887606706338
RCZDT-Curve2D,GPR-KG-AVB-safe,vepm,combined,fn,3,0.010769999999999995,0.0006495190528383295,0.00037500000000000033,451.3333333333333,53.575491909392056,30.931824675854124,0.0,0.0,0.0,451.3333333333333,53.575491909392056,30.931824675854124,0.0,0.0,0.0,0.0,0.0,0.0,451.3333333333333,53.575491909392056,30.931824675854124,0.0,0.0,0.0,0.0,0.0,0.0,0.0,0.0,0.0,0.0,0.0,0.0,0.0,0.0,0.0,1.0,0.0,0.0,0.011460991574973295,0.0002569337918374611,0.00014834079388126943,1.7223867674781894,2.8809663463374893,1.663326695584202,1.7338477590531627,2.881212385851209,1.6634687465636795,1.7338477590531627,2.881212385851209,1.6634687465636795,2.9383389968237625,4.938970185241862,2.851515765968925,0.17313720583780068,0.038435205747368105,0.02219057638460163,0.22509964069608204,0.04265130493825333,0.024624742387389376,0.1799890911753644,0.03762140247793597,0.021720726847927585,0.23524228160136604,0.03857143942269572,0.022269230933724717,0.030884503526945495,0.001017321716229135,0.0005873509667173433,0.04345383922685055,0.0011456934840109148,0.0006614664414025019,9.23668555942944,15.986978769430339,9.230086496059439,0.0019850094993396996,0.00022583085777586875,0.00013038350652822193,16.012877003649255,27.717362328699373,16.002626601700978,42108.37125196013,72902.61907265575,42090.34674622655,18.380812526005997,10.681078368339803,6.166723471196474,4.130674176413865,2.7321881632667444,1.577429571538764,0.0,0.0,0.0,451.3333333333333,53.575491909392056,30.931824675854124,0.0,0.0,0.0,0.0,0.0,0.0,-0.011460991574973295,0.0002569337918374611,0.00014834079388126943,1.7223867674781894,2.8809663463374893,1.663326695584202
RCZDT-Curve2D,GPR-KG-AVB-safe,vepm,combined,fp,3,0.010769999999999995,0.0006495190528383295,0.00037500000000000033,7.333333333333333,7.023769168568492,4.0551750201988135,7.333333333333333,7.023769168568492,4.0551750201988135,0.0,0.0,0.0,0.0,0.0,0.0,7.333333333333333,7.023769168568492,4.0551750201988135,0.0,0.0,0.0,0.0,0.0,0.0,0.0,0.0,0.0,0.0,0.0,0.0,0.0,0.0,0.0,0.6666666666666666,0.5773502691896258,0.33333333333333337,0.0,0.0,0.0,0.005011071428571432,0.0048088131385010625,0.0027763695599961977,0.005686259405505371,0.007320471418826038,0.004226476144254175,-0.010697330834076804,0.01191206699504343,0.006877435086193181,0.010697330834076804,0.01191206699504343,0.006877435086193181,0.011993021428508263,0.013396524204890264,0.007734486855898732,0.08499974662954175,0.08534832495297502,0.049275878386483785,0.09959157057661515,0.09485427758390555,0.05476414269685536,0.08697145601509533,0.08516250151444793,0.04916859317422843,0.1026255737837223,0.09606539380913935,0.055463380975514016,0.02574498654404081,0.023704311060999173,0.013685690372022496,0.027489539928607032,0.025314836613403273,0.014615527733239774,0.0007368774095866919,0.0006414687560586991,0.0003703521589872243,0.000299806727578298,0.0002600671808407974,0.0001501498568658215,0.0005084802640353173,0.00044497800932018515,0.0002569081734644727,2.8284350682100907,2.5345644655230544,1.4633314764481955,2.4839863872997086,2.1608381035347133,1.2475604607509672,0.9353157108303544,0.820467242142998,0.47369698311252983,7.333333333333333,7.023769168568492,4.0551750201988135,0.0,0.0,0.0,0.005011071428571432,0.0048088131385010625,0.0027763695599961977,-0.005686259405505371,0.007320471418826038,0.004226476144254175,0.0,0.0,0.0,0.0,0.0,0.0
RCZDT-Curve2D,GPR-KG-AVB-safe,vepm,combined,high_t1,3,0.010769999999999995,0.0006495190528383295,0.00037500000000000033,389.6666666666667,22.6789182575654,13.093679560934902,7.666666666666667,7.505553499465135,4.333333333333334,47.666666666666664,6.8068592855540455,3.9299420408505323,1.6666666666666667,2.8867513459481287,1.6666666666666667,6.0,5.291502622129181,3.0550504633038935,46.0,9.643650760992955,5.567764362830022,336.0,19.157244060668017,11.06044001535804,0.1111111111111111,0.19245008972987526,0.11111111111111112,0.041666666666666664,0.07216878364870323,0.04166666666666667,0.06060606060606061,0.1049727762162956,0.06060606060606061,0.017757720372099457,0.015949144800842616,0.009208243044110805,0.9583333333333334,0.07216878364870323,0.04166666666666667,0.038365283384108766,0.0009305682314670635,0.0005372638189368231,0.1002422668449117,0.03051929662393631,0.017620324121307665,0.062095115267306746,0.02954649868645202,0.017058678970233998,0.06329174813811721,0.029915284257960813,0.01727159741921785,0.07388243650374744,0.03447161040078037,0.019902193544290448,0.2989118607816419,0.056336937121247856,0.03252614581227147,0.36990017698025907,0.0551558340828323,0.03184423565510156,0.2859328491131228,0.05447601074120861,0.031451739465813734,0.3544669675217007,0.055641109563669654,0.03212440958459414,0.02059670300612887,0.005371753918894564,0.0031013835710942037,0.02512601928457218,0.006491334286836709,0.0037477735979050218,0.0034313776159099756,0.0019051877782084148,0.0010999606766054135,0.0002219430863868836,1.8560370152124225e-05,1.0715834703588017e-05,0.00486660580235073,0.003949432701355714,0.0022802060332740323,24.72460024338862,14.028402005302631,8.09930167406176,28.450275266359778,16.750736236765686,9.671042075421088,2.9527604503678053,0.7009137944835976,0.4046727679238271,6.0,5.291502622129181,3.0550504633038935,46.0,9.643650760992955,5.567764362830022,0.005650500000000005,0.005756001932765489,0.0033232292653381616,-0.005725264004146805,0.007386498746478914,0.004264597039648435,-0.0025940733153638736,0.000681099343206848,0.000393232889145351,0.07103588297754602,0.03276776186151449,0.018918476131486946
RCZDT-Curve2D,GPR-KG-AVB-safe,vepm,combined,low_t1,3,0.010769999999999995,0.0006495190528383295,0.00037500000000000033,392.3333333333333,16.623276853055575,9.597453365925311,5.0,8.660254037844387,5.000000000000001,51.333333333333336,6.8068592855540455,3.9299420408505323,3.6666666666666665,6.3508529610858835,3.666666666666667,1.3333333333333333,2.3094010767585034,1.3333333333333335,47.666666666666664,1.5275252316519465,0.8819171036881969,339.6666666666667,10.214368964029708,5.897268670984711,0.24444444444444444,0.42339019740572553,0.24444444444444444,0.062146892655367235,0.10764157561162514,0.062146892655367235,0.0990990990990991,0.1716446746239428,0.09909909909909911,0.003798670465337132,0.006579490247175223,0.0037986704653371326,0.9378531073446328,0.1076415756116251,0.062146892655367214,0.03737770039464319,0.0006981190869772432,0.00040305924279272716,2.6333644109967813,4.345122249944425,2.5086575006672462,2.596209162221849,4.344368546833714,2.508222349973388,2.5967375487454114,4.345283726221329,2.508750729039184,3.6028005230349294,6.0812945477271265,3.51103704415166,0.4572461982925316,0.055693770090068005,0.032154813153685895,0.5568623907479525,0.055472630575932935,0.032027138195671545,0.47427738503243466,0.04748686946118786,0.02741655686638943,0.5789369896570423,0.0377817395384598,0.021813297492982095,0.019534168336679675,0.005625783443404461,0.0032480475854521056,0.025018780743048225,0.007892156722586079,0.004556538808271788,13.913519018728133,24.090481605490336,13.908646039837574,0.0002507964376560272,1.217538657162326e-05,7.029462714614444e-06,19.54743993384329,33.84873393602638,19.54257564969285,109972.58918282244,190412.7907740711,109934.87601055784,12249.188450894595,21150.23136108277,12211.091769744002,5.4861482300465765,3.571490509156335,2.062001006869604,1.3333333333333333,2.3094010767585034,1.3333333333333335,47.666666666666664,1.5275252316519465,0.8819171036881969,0.0015974999999999974,0.002766951165091277,0.0015974999999999976,-0.004551138822783455,0.007882803673360151,0.004551138822783455,-0.002560075976042592,0.00030112814834720275,0.00017385641750883107,3.2868584042379942,5.578510705017943,3.220754657219319
RCZDT-Curve2D,GPR-KG-AVB-safe,vepm,combined,mid_t1,3,0.010769999999999995,0.0006495190528383295,0.00037500000000000033,399.0,7.211102550927978,4.163331998932265,41.333333333333336,51.597803570823956,29.790005781208645,399.0,7.211102550927978,4.163331998932265,41.333333333333336,51.597803570823956,29.790005781208645,0.0,0.0,0.0,357.6666666666667,44.43347086750408,25.653676366382875,0.0,0.0,0.0,1.0,0.0,0.0,0.10207685297577042,0.12642368097334553,0.07299074624190441,0.17003576720175909,0.19899919447688158,0.11489223849974628,0.0,0.0,0.0,0.8979231470242296,0.12642368097334555,0.07299074624190442,0.013874240677485813,0.00030541088562228226,0.00017632905702746668,1.2674925746427068,2.098279253945642,1.2114420921005236,1.2768043366841415,2.0925047372852856,1.208108173352227,1.2790511616132187,2.0955607811723063,1.2098725811130535,2.50918674002312,4.197189674131128,2.4232485881995243,0.15470489617807634,0.05469129044105795,0.03157603125847282,0.19930128586990845,0.0621486537944895,0.03588154199802137,0.16166353438639594,0.050875308491269394,0.02937287305253964,0.2094763945732263,0.05482858201566786,0.03165529658603131,0.034689150722133154,0.0012956210865628188,0.0007480271830947989,0.047409939523823275,0.0013459846226876783,0.0007771045842338279,6.695311191505013,11.585112809617748,6.688667999224989,0.002422955251150966,0.000195503379667364,0.00011287392887843423,13.436399920273486,23.254550497636128,13.426020989693965,28317.869894696953,49017.96051835481,28300.5327003986,10.293318840541119,3.1837704566087504,1.8381507301610398,3.739785755515579,2.137728366670548,1.23421804795154,0.0,0.0,0.0,357.6666666666667,44.43347086750408,25.653676366382875,0.0,0.0,0.0,0.0,0.0,0.0,-0.013794871957915946,0.0002581663202341497,0.00014905239448288147,1.6659990206661028,2.7874385493211276,1.609328396800093
RCZDT-Curve2D,GPR-KG-AVB-safe,vepm,combined,near_true_boundary,3,0.010769999999999995,0.0006495190528383295,0.00037500000000000033,299.3333333333333,1.1547005383792517,0.6666666666666667,18.0,23.811761799581316,13.74772708486752,194.0,9.539392014169456,5.507570547286102,12.666666666666666,20.231987873991358,11.680943645290155,5.333333333333333,4.725815626252609,2.728450923957484,181.33333333333334,22.007574453658755,12.706079035030614,100.0,6.082762530298219,3.511884584284246,0.34074074074074073,0.412958810807892,0.2384218805841642,0.06516164994425865,0.10359262959865245,0.05980923258484319,0.1069084628670121,0.1675429548427836,0.09673097007930642,0.049039264828738514,0.04417454685780725,0.025504186519684755,0.9348383500557413,0.10359262959865244,0.059809232584843185,0.005656518120805366,0.00046211377404589763,0.00026680151184163293,1.2783077969649939,2.1047810188219933,1.2151958878020928,1.2780049609507798,2.102204106654048,1.2137081068682516,1.2795746188445927,2.1043580727407067,1.2149516997682093,2.5239858200922427,4.234477028093005,2.444776452046783,0.22294931102202376,0.010209188013814473,0.0058942774479832875,0.2806163945427123,0.01901801658554878,0.010980056995119355,0.22523319083845864,0.01418319021309941,0.00818866868750061,0.2866520192875122,0.018708687406800043,0.010801465710500568,0.020422315892383844,0.0026287645852561123,0.0015177179409337715,0.02564596542347807,0.003112059479224839,0.0017967483780645874,6.793223314163754,11.756779665338986,6.787779904586582,0.0007963796621937256,4.0112609058097025e-05,2.315902563759054e-05,13.881839728124604,24.029330221070413,13.873340271581414,35023.90484224442,60628.836399847314,35004.07501610563,14.79580721119042,8.216483344276078,4.743788870609871,3.929271031318134,2.259579675746023,1.3045689340473738,5.333333333333333,4.725815626252609,2.728450923957484,181.33333333333334,22.007574453658755,12.706079035030614,0.0035911904761904774,0.003248497009869219,0.001875520623109688,-0.00507974102791704,0.006008465032046496,0.0034689889036684978,-0.005411694270271039,0.000555276480930458,0.000320589025739868,1.5891536926255387,2.640844052757194,1.5246920247471885
RCZDT-Curve2D,GPR-KG-AVB-safe,vepm,combined,tn,3,0.010769999999999995,0.0006495190528383295,0.00037500000000000033,675.6666666666666,14.047538337136986,8.110350040397627,0.0,0.0,0.0,0.0,0.0,0.0,0.0,0.0,0.0,0.0,0.0,0.0,0.0,0.0,0.0,675.6666666666666,14.047538337136986,8.110350040397627,0.0,0.0,0.0,0.0,0.0,0.0,0.0,0.0,0.0,0.0,0.0,0.0,0.0,0.0,0.0,0.043364838891396286,0.0007633829918280318,0.00044073937582669604,1.442311394340373,2.3019355546463074,1.3290231121322162,1.3989465554489764,2.3015821395587563,1.3288190678362828,1.3993078060835247,2.301919595198175,1.3290138979405408,2.618163104630634,4.40060806035341,2.5406922482430785,0.4028328891685366,0.005980790692602982,0.00345301111634114,0.4979919801773862,0.006896952199512329,0.003981957208976425,0.4047052352990403,0.009257278034730669,0.005344691965314962,0.5050149839871788,0.005431073069240923,0.003135631498514774,0.01992956161036037,0.005920755882233393,0.0034183500024135096,0.02491174785680377,0.007801133677103446,0.00450398662845993,7.3038385247709305,12.64444329451762,7.300272739842707,0.00016381501234114882,3.394044525604379e-06,1.959552520499264e-06,14.031758285326488,24.29712999589684,14.027954543666372,60815.10088985299,105283.76540181761,60785.61029603681,29.968616450591725,15.861346356972353,9.157552588907878,4.5870981773029955,2.523758920060473,1.4570928918666335,0.0,0.0,0.0,0.0,0.0,0.0,0.0,0.0,0.0,0.0,0.0,0.0,0.0,0.0,0.0,0.0,0.0,0.0
RCZDT-Curve2D,GPR-KG-AVB-safe,vepm,combined,tp,3,0.010769999999999995,0.0006495190528383295,0.00037500000000000033,46.666666666666664,60.71518206621251,35.053926709824935,46.666666666666664,60.71518206621251,35.053926709824935,46.666666666666664,60.71518206621251,35.053926709824935,46.666666666666664,60.71518206621251,35.053926709824935,0.0,0.0,0.0,0.0,0.0,0.0,0.0,0.0,0.0,1.0,0.0,0.0,1.0,0.0,0.0,1.0,0.0,0.0,0.0,0.0,0.0,0.0,0.0,0.0,0.014962690886699501,0.001828108759457923,0.0010554590843809446,0.023543554800558936,0.008851109344425253,0.005110190362630732,-0.008580863913859434,0.008070821957388365,0.004659691229679715,0.018099620826746196,0.008483424031101403,0.004897907148006135,0.02386998611056131,0.008807755126977007,0.005085159793516482,0.09737653986001144,0.041247027807814175,0.023813982608113494,0.12379715736940967,0.05205392616607575,0.03005334828436074,0.10379391782661156,0.044947289890554284,0.02595032991765566,0.12620104440174326,0.05854110331505148,0.033798721757602665,0.04738097394121834,0.009113546453725902,0.005261708498330809,0.05266613308020873,0.009150949226913905,0.005283302999499341,0.0027598660950378328,0.0014915141286416368,0.0008611260836713792,0.004582253014311291,0.0018531018482845225,0.0010698888509428621,0.004225751274009158,0.0009358214980754963,0.0005402967938273267,2.2583006211561845,1.2566719666599957,0.725539898234205,1.1149014148246517,0.7858609541353632,0.4537170334156681,1.2196288423296164,0.21009254526664956,0.12129698756443376,0.0,0.0,0.0,0.0,0.0,0.0,0.0,0.0,0.0,0.0,0.0,0.0,0.0,0.0,0.0,0.0,0.0,0.0
RCZDT-Curve2D,GPR-KG-AVB-safe,vepm,random,all,3,0.01068,0.0007398817473083065,0.00042717092597694144,1000.0,0.0,0.0,42.333333333333336,57.6570319504337,33.28830291725775,423.6666666666667,5.507570547286102,3.1797973380564857,36.0,50.714889332423866,29.280255007997,6.333333333333333,7.094598884597588,4.0960685758148365,387.6666666666667,52.57692776621066,30.355303398985235,570.0,8.660254037844387,5.000000000000001,0.5357374918778427,0.46874134077154617,0.2706279392747583,0.08527868309120035,0.1206144602814182,0.06963679111163823,0.13924944180374227,0.18976029671983644,0.10955815839270083,0.010983849953034572,0.01224062699557374,0.0070671292909443,0.9147213169087997,0.12061446028141819,0.06963679111163822,0.029345324999999995,0.0006210735646644431,0.0003585769897455767,1.3556514169165685,2.1929257560013924,1.2660862755402675,1.3346176877513247,2.190706795948262,1.2648051583562716,1.3357211459093536,2.1923575600291847,1.265758227442761,2.5612501075890877,4.29364376470036,2.478936383354111,0.2886433814844637,0.024901221073217617,0.014376726689772574,0.38647458204243,0.03436621249556716,0.01984134203534358,0.292318694139766,0.02185990237662357,0.01262082052160256,0.3924299309464474,0.026161560674801167,0.015104384098017181,0.024755586610407273,0.00363862533819138,0.0021007613184849867,0.03453235053689552,0.0024482936269456745,0.0014135229845723305,6.986569214432941,12.09246965182293,6.981590608647349,0.001047419826752853,5.9677499375183117e-05,3.44548203288257e-05,13.725042066051389,23.759235522326673,13.717401024555024,42791.26627491758,74076.6930367917,42768.19866546896,24.491248764011555,12.424331008856006,7.17319085246403,4.1778671522972886,2.3429893167808205,1.352725512751824,6.333333333333333,7.094598884597588,4.0960685758148365,387.6666666666667,52.57692776621066,30.355303398985235,0.005197071428571433,0.00484464693696843,0.0027970582131874194,-0.00575596855434217,0.007284621101776144,0.004205777954054885,-0.011433912443920752,0.00033927414485957494,0.0001958800188637557,1.7031558562722449,2.8458870308203212,1.6430736433273774
RCZDT-Curve2D,GPR-KG-AVB-safe,vepm,random,far_true_boundary,3,0.01068,0.0007398817473083065,0.00042717092597694144,746.0,5.196152422706632,3.0000000000000004,28.333333333333332,36.85557397915997,21.278575558006178,258.0,15.394804318340652,8.888194417315589,26.0,34.39476704383968,19.85782801147531,2.3333333333333335,2.5166114784235836,1.452966314513558,232.0,31.480152477394387,18.175074506954115,485.6666666666667,11.930353445448853,6.887992773257275,0.5984126984126984,0.5191641051756147,0.29973953587673235,0.09868736091941072,0.13159222015950917,0.07597480373235312,0.16082511865644397,0.2049322404729993,0.11831768420271926,0.004817013623385141,0.005162649601095865,0.0029806571369244118,0.9013126390805892,0.13159222015950917,0.07597480373235312,0.037437197885468905,0.0008600021892397584,0.000496522495461242,1.3980583509065037,2.2510640637178807,1.2996524431506113,1.369926402132607,2.2491356910632936,1.2985390966793875,1.3709060531112145,2.2505846941624568,1.299375679008746,2.594233446088502,4.350166494244017,2.511569796471474,0.31402466098792864,0.02748490022863045,0.015868414545649797,0.41874744933155855,0.036137287049931674,0.02086387240606083,0.3177442493522676,0.02233602621137142,0.012895710745761827,0.42448658199289424,0.02663872781847766,0.01537987667686725,0.026438738658161293,0.003951403395874674,0.0022813438142850447,0.0372711754398066,0.0022861539855747845,0.0013199116189805378,7.166704115728127,12.404905477312866,7.161975516598447,0.0011191420905428552,6.478574489397644e-05,3.740406725418772e-05,13.900652808026477,24.064410680292877,13.893593984156798,47962.87898937314,83031.09556303918,47938.02537443022,28.272158418890644,15.119452743189456,8.729220111280258,4.3019277495292085,2.3975145458416733,1.3842056684277335,2.3333333333333335,2.5166114784235836,1.452966314513558,232.0,31.480152477394387,18.175074506954115,0.008911500000000008,0.007996818226644902,0.00461696515581394,-0.006942988644615947,0.009653566814727397,0.0055734893991229014,-0.01549905273104088,0.0003358984772332083,0.0001939310762509782,1.7934487264907426,3.008188821893201,1.736778626093263
RCZDT-Curve2D,GPR-KG-AVB-safe,vepm,random,fn,3,0.01068,0.0007398817473083065,0.00042717092597694144,387.6666666666667,52.57692776621066,30.355303398985235,0.0,0.0,0.0,387.6666666666667,52.57692776621066,30.355303398985235,0.0,0.0,0.0,0.0,0.0,0.0,387.6666666666667,52.57692776621066,30.355303398985235,0.0,0.0,0.0,0.0,0.0,0.0,0.0,0.0,0.0,0.0,0.0,0.0,0.0,0.0,0.0,1.0,0.0,0.0,0.011433912443920752,0.00033927414485957494,0.0001958800188637557,1.7031558562722449,2.8458870308203212,1.6430736433273774,1.7145897687161655,2.846217570225061,1.6432644803416818,1.7145897687161655,2.846217570225061,1.6432644803416818,2.9126634340629476,4.8903959924947,2.823471442710682,0.16772264813971197,0.04581296743651241,0.026450129081846,0.21869312532471788,0.052135563320501004,0.030100481517444034,0.1750178612879567,0.044143121120188,0.025486042861610797,0.22955611055956315,0.04609193791032458,0.026611192759997414,0.03165337995411709,0.0020342324678496978,0.0011744646629072999,0.044635418243601795,0.0005988010784572772,0.00034571796383834724,9.074285095391012,15.705099802035972,9.067343598355407,0.002233181175748866,0.00025968584523026306,0.00014992969264842788,15.64290005293328,27.075658665511877,15.632138819019707,32637.42198745898,56502.97098396777,32622.005507607406,12.174011486563165,6.0477399134967476,3.4916642670461915,3.9556814051801674,2.6766625528793706,1.5453718454346956,0.0,0.0,0.0,387.6666666666667,52.57692776621066,30.355303398985235,0.0,0.0,0.0,0.0,0.0,0.0,-0.011433912443920752,0.00033927414485957494,0.0001958800188637557,1.7031558562722449,2.8458870308203212,1.6430736433273774
RCZDT-Curve2D,GPR-KG-AVB-safe,vepm,random,fp,3,0.01068,0.0007398817473083065,0.00042717092597694144,6.333333333333333,7.094598884597588,4.0960685758148365,6.333333333333333,7.094598884597588,4.0960685758148365,0.0,0.0,0.0,0.0,0.0,0.0,6.333333333333333,7.094598884597588,4.0960685758148365,0.0,0.0,0.0,0.0,0.0,0.0,0.0,0.0,0.0,0.0,0.0,0.0,0.0,0.0,0.0,0.6666666666666666,0.5773502691896258,0.33333333333333337,0.0,0.0,0.0,0.005197071428571433,0.00484464693696843,0.0027970582131874194,0.00575596855434217,0.007284621101776144,0.004205777954054885,-0.0109530399829136,0.011851254350740947,0.00684232488963501,0.0109530399829136,0.011851254350740947,0.00684232488963501,0.012231479982799028,0.013336950436703533,0.007700091924799482,0.076902434066132,0.07348057327846363,0.042424028762529,0.09438730412902681,0.08766288382217682,0.05061218957267268,0.08249215025142437,0.0787045307178785,0.04544008199641032,0.10188357409148513,0.09505168414805014,0.05487811542980404,0.02445634310410986,0.023414312107827198,0.013518259398343948,0.02648101823083276,0.02506687887682573,0.01447236926727908,0.0007147461124008152,0.0006267481139383827,0.00036185319229641553,0.00033133208349395084,0.0002936026807178182,0.0001695115867472281,0.0004738031608734084,0.0004264014279835543,0.0002461829792291459,2.392671869960349,2.072116136193401,1.1963368090234272,1.8211065363061216,1.7641050137665257,1.0185065045768722,0.8474527873140228,0.7339166234056603,0.4237269600859992,6.333333333333333,7.094598884597588,4.0960685758148365,0.0,0.0,0.0,0.005197071428571433,0.00484464693696843,0.0027970582131874194,-0.00575596855434217,0.007284621101776144,0.004205777954054885,0.0,0.0,0.0,0.0,0.0,0.0
RCZDT-Curve2D,GPR-KG-AVB-safe,vepm,random,high_t1,3,0.01068,0.0007398817473083065,0.00042717092597694144,327.0,10.44030650891055,6.027713773341709,6.333333333333333,7.094598884597588,4.0960685758148365,41.333333333333336,8.326663997864532,4.807401700618653,1.3333333333333333,2.3094010767585034,1.3333333333333335,5.0,5.0,2.886751345948129,40.0,10.583005244258363,6.110100926607787,280.6666666666667,6.658328118479393,3.8441875315569325,0.09523809523809523,0.1649572197684645,0.09523809523809525,0.041666666666666664,0.07216878364870323,0.04166666666666667,0.057971014492753624,0.10040874246776099,0.05797101449275362,0.01752568945209374,0.017669560104323575,0.010201525282693488,0.9583333333333334,0.07216878364870323,0.04166666666666667,0.037548253331546884,0.0009057498761309507,0.0005229349348026747,0.09651001655271163,0.027970716898656805,0.016148900930866322,0.0591594040468795,0.026908454629250077,0.015535603523674365,0.060481794368539434,0.02730526880717691,0.015764704296118683,0.07120510698073451,0.032482573858735736,0.018753822761312978,0.27564315926769667,0.05537597186619347,0.031971332263583944,0.3397263390502177,0.05513582322607982,0.031832682381568805,0.26636183619279713,0.05117908113096275,0.02954825626783904,0.32913578596837273,0.05202902825389132,0.0300389734680588,0.020080229068176164,0.005103895252425935,0.0029467352979037666,0.024401304831223172,0.006095089042565006,0.003519001299459645,0.0034719965284502052,0.0019756048326502102,0.0011406159819429245,0.00023522491435232085,2.4652825831109142e-05,1.4233315629875823e-05,0.00507000808135705,0.004353151306617577,0.0025132930786988293,23.730489765073447,13.727309488670725,7.925465828533348,27.786848040835526,16.500992413711465,9.526852411952287,2.9043559645755592,0.7201545079665935,0.4157813990326353,5.0,5.0,2.886751345948129,40.0,10.583005244258363,6.110100926607787,0.005836500000000005,0.005755056667835692,0.0033226835163764875,-0.0057949731529836025,0.007350415607447778,0.0042437644296156015,-0.0026061850649350578,0.0007724858232131312,0.00044599489797727095,0.07046661955626582,0.03301343287754712,0.01906031435872547
RCZDT-Curve2D,GPR-KG-AVB-safe,vepm,random,low_t1,3,0.01068,0.0007398817473083065,0.00042717092597694144,335.3333333333333,12.503332889007368,7.218802609235905,4.666666666666667,8.082903768654761,4.666666666666667,44.666666666666664,6.658328118479393,3.8441875315569325,3.3333333333333335,5.773502691896257,3.3333333333333335,1.3333333333333333,2.3094010767585034,1.3333333333333335,41.333333333333336,2.0816659994661326,1.2018504251546631,289.3333333333333,8.32666399786453,4.8074017006186525,0.2380952380952381,0.41239304942116123,0.23809523809523808,0.06410256410256411,0.11102889792108188,0.06410256410256411,0.10101010101010101,0.17495462702715933,0.10101010101010102,0.0045045045045045045,0.0078020306647246735,0.004504504504504505,0.9358974358974358,0.11102889792108186,0.0641025641025641,0.036962040456413346,0.0008977765306461612,0.0005183315216406895,2.5780506434694535,4.25017061471956,2.4538371485101753,2.5412926060215804,4.2500025815732,2.4537401345278913,2.5418271287033645,4.250928391140304,2.4542746509306776,3.554935295261144,5.999911880504157,3.464050739323109,0.44037570810131355,0.07253702547326803,0.041879271183206036,0.5374597866143097,0.08749822703135761,0.050517124930169306,0.45304519404499993,0.0632730439385004,0.03653070895034023,0.5539664520140399,0.06836647649541543,0.03947140360817432,0.018333492226566755,0.0045958672575404196,0.0026534251983007487,0.023496844278717482,0.006530563500197769,0.003770422594799127,13.560604313235096,23.479234837036373,13.55574255352939,0.0002638706242834634,1.538749926559516e-05,8.883976843146536e-06,19.12094760573094,33.11011055984084,19.11613124462238,102817.54805033258,178022.14233428388,102781.13179841268,8321.634760629111,14351.570766282255,8285.883245207024,5.420086482895766,3.5132322376247753,2.0283655781183354,1.3333333333333333,2.3094010767585034,1.3333333333333335,41.333333333333336,2.0816659994661326,1.2018504251546631,0.0015974999999999974,0.002766951165091277,0.0015974999999999976,-0.004551138822783455,0.007882803673360151,0.004551138822783455,-0.00255260477894199,0.00029728620071184315,0.00017163826800734377,3.0919009363722805,5.241915292052935,3.026421204935978
RCZDT-Curve2D,GPR-KG-AVB-safe,vepm,random,mid_t1,3,0.01068,0.0007398817473083065,0.00042717092597694144,337.6666666666667,5.033222956847167,2.905932629027116,31.333333333333332,42.72391992003231,24.666666666666668,337.6666666666667,5.033222956847167,2.905932629027116,31.333333333333332,42.72391992003231,24.666666666666668,0.0,0.0,0.0,306.3333333333333,42.77070648625451,24.693678903269515,0.0,0.0,0.0,0.6666666666666666,0.5773502691896258,0.33333333333333337,0.09273501685540686,0.1269252314498382,0.07328031654451964,0.15404147270418958,0.20271347695100117,0.11703668048602553,0.0,0.0,0.0,0.9072649831445933,0.12692523144983817,0.07328031654451962,0.013854383949746389,0.0004095878566343917,0.00023647565928466792,1.2717622525191203,2.1036729798234197,1.2145561611879936,1.282129875543218,2.0984858156437505,1.211561350552531,1.2835996810903996,2.1010122413346135,1.2130199831052382,2.5148573442563764,4.202323610772339,2.4262126679013303,0.15303264201858413,0.06147794625483748,0.03549430881945577,0.1955222120195643,0.07347612157840826,0.04242145857230368,0.16000601982729912,0.05709002559576727,0.032960941645758864,0.20617834351309752,0.06434666644942842,0.03715056519603256,0.03563932720193643,0.0017237963144868826,0.0009952342661970865,0.04861007257253954,0.0006273766912769672,0.0003622161015920538,6.72526426951039,11.636324938963462,6.718235335888511,0.0026139919858612277,0.00022357046618015446,0.00012907846883196232,13.46642938407886,23.30565046844868,13.455523571598173,20781.86399018343,35969.51886975871,20767.011402076514,8.300400642280222,1.78633264793673,1.0313396351484883,3.5808695882769057,2.1011872080271052,1.2131210001722474,0.0,0.0,0.0,306.3333333333333,42.77070648625451,24.693678903269515,0.0,0.0,0.0,0.0,0.0,0.0,-0.01379348854596557,0.00035266541172649285,0.00020361147039416085,1.653919640985367,2.764647076701008,1.5961697339476388
RCZDT-Curve2D,GPR-KG-AVB-safe,vepm,random,near_true_boundary,3,0.01068,0.0007398817473083065,0.00042717092597694144,254.0,5.196152422706632,3.0000000000000004,14.0,20.8806130178211,12.055427546683418,165.66666666666666,11.547005383792515,6.666666666666667,10.0,16.46207763315433,9.50438495292217,4.0,4.58257569495584,2.6457513110645907,155.66666666666666,24.583192089989723,14.193112570695845,84.33333333333333,4.163331998932265,2.4037008503093262,0.33771929824561403,0.3890674742744753,0.22462821100529612,0.06289308176100629,0.1035350794538008,0.05977600599322119,0.10222872743504302,0.16655230076965769,0.09615901568351339,0.043478260869565216,0.049810605379954784,0.02875816642461512,0.9371069182389937,0.10353507945380078,0.05977600599322117,0.005587712611094082,0.0005901739651035159,0.00034073709762122374,1.2295501210383408,2.019060572297184,1.1657051649259391,1.2293378912762314,2.0162806910740483,1.1641001997534466,1.2308107979497447,2.0185334792900655,1.1654008476363913,2.4600414930019947,4.120509007859321,2.378976984885857,0.21422936200880902,0.018805212800253865,0.010857194672394765,0.2702773195312318,0.030765555982097268,0.01776250202803236,0.2178244508243654,0.02321114133255286,0.013400958696547845,0.2775752125092669,0.029303832083950408,0.01691857534195636,0.019824592971913347,0.0027943649729050817,0.0016133273693208104,0.024765102841902725,0.0033794750536577265,0.0019511408319489135,6.449014740576072,11.160158965731938,6.44332078306435,0.000837158989146222,6.169748330042656e-05,3.562105859182372e-05,13.186766057566016,22.82463291382078,13.17780795694882,27358.96660909713,47356.079183606606,27341.04506442051,12.88027915390866,7.44784209688519,4.300013639518491,3.7885844164940683,2.169692955504971,1.2526728119196298,4.0,4.58257569495584,2.6457513110645907,155.66666666666666,24.583192089989723,14.193112570695845,0.002938333333333334,0.003186245177843873,0.0018395795111323073,-0.005113542263372278,0.005995634569703385,0.0034615812327808753,-0.005357523031773399,0.0005911769453740204,0.0003413161685503914,1.5663398862273779,2.599922565779691,1.5010659932250872
RCZDT-Curve2D,GPR-KG-AVB-safe,vepm,random,tn,3,0.01068,0.0007398817473083065,0.00042717092597694144,570.0,8.660254037844387,5.000000000000001,0.0,0.0,0.0,0.0,0.0,0.0,0.0,0.0,0.0,0.0,0.0,0.0,0.0,0.0,0.0,570.0,8.660254037844387,5.000000000000001,0.0,0.0,0.0,0.0,0.0,0.0,0.0,0.0,0.0,0.0,0.0,0.0,0.0,0.0,0.0,0.04279075038144644,0.000631476164619682,0.00036458293363000584,1.4046397636737327,2.238696489679541,1.2925120209503533,1.3618490132922865,2.2385049683478027,1.2924014460579187,1.3622325448455903,2.238864033618236,1.29260875248846,2.5823139211962274,4.339822230973536,2.5055975332876934,0.383261996125522,0.007659974083651247,0.004422488099181605,0.47645299228679433,0.02979788155312404,0.01720381493597675,0.38454881748456615,0.0038589203137732015,0.002227948681938273,0.4815970260165166,0.02009930163105321,0.011604337207212056,0.018942470457518717,0.005003558440407526,0.0028888058124753096,0.023654340045354535,0.006550414420365494,0.0037818835289016245,7.1128382422821685,12.313627828252667,7.109276341342545,0.00016936021688427835,2.7478230370203006e-06,1.5864563701091257e-06,13.84700686698993,23.97715559354013,13.843217236331935,56845.16692941321,98408.78340877639,56816.33759168063,29.851237551652094,15.810008337721959,9.127912569674,4.535483476437119,2.4745634465341366,1.428689871983292,0.0,0.0,0.0,0.0,0.0,0.0,0.0,0.0,0.0,0.0,0.0,0.0,0.0,0.0,0.0,0.0,0.0,0.0
RCZDT-Curve2D,GPR-KG-AVB-safe,vepm,random,tp,3,0.01068,0.0007398817473083065,0.00042717092597694144,36.0,50.714889332423866,29.280255007997,36.0,50.714889332423866,29.280255007997,36.0,50.714889332423866,29.280255007997,36.0,50.714889332423866,29.280255007997,0.0,0.0,0.0,0.0,0.0,0.0,0.0,0.0,0.0,0.6666666666666666,0.5773502691896258,0.33333333333333337,0.6666666666666666,0.5773502691896258,0.33333333333333337,0.6666666666666666,0.5773502691896258,0.33333333333333337,0.0,0.0,0.0,0.0,0.0,0.0,0.009259354103343461,0.008068102750252347,0.0046581212947077524,0.008904790016579055,0.010501694256354235,0.006063156005853265,0.0003545640867644072,0.008024533845716733,0.004632966775945819,0.007273309894163603,0.006557067992300323,0.0037857249704492707,0.008795134117958141,0.008312980184999227,0.004799501347577329,0.07854135340408673,0.07586346482412538,0.043799791837866496,0.09742385351438725,0.09242011137767532,0.05335877618243604,0.0846385181721762,0.07979922132670163,0.046072101914093715,0.10324388372047594,0.09642420326348858,0.05567053971057032,0.032045994037556924,0.029815096370349924,0.017213753915336163,0.036258536653301386,0.03352634099265957,0.019356441997055187,0.0013478990940854966,0.0011993402925886546,0.0006924394407760243,0.0026327786199612222,0.0031126192724717154,0.001797071574846362,0.00260607525474354,0.002618008047746957,0.0015115076511073122,1.8498333159480644,2.20939450091546,1.2755945098496198,0.9514700326638145,1.3688327474786828,0.7902959552323926,0.876267244081252,0.771404794604776,0.4453707658192354,0.0,0.0,0.0,0.0,0.0,0.0,0.0,0.0,0.0,0.0,0.0,0.0,0.0,0.0,0.0,0.0,0.0,0.0
RCZDT-MisalignedV,GPR-KG-AVB-safe,vepm,axis,all,3,0.005153743737585495,0.0,0.0,101.0,0.0,0.0,0.0,0.0,0.0,52.0,0.0,0.0,0.0,0.0,0.0,0.0,0.0,0.0,52.0,0.0,0.0,49.0,0.0,0.0,0.0,0.0,0.0,0.0,0.0,0.0,0.0,0.0,0.0,0.0,0.0,0.0,1.0,0.0,0.0,0.008821529175303672,0.0,0.0,0.5850158175710608,0.6580564229025342,0.3799290529047403,0.5850158175710608,0.6580564229025343,0.37992905290474044,0.5850158175710608,0.6580564229025343,0.37992905290474044,0.5856581269143735,0.6576400371439097,0.3796886524749118,0.36995018519035855,0.009752471226525424,0.005630591887898533,0.43146898426908753,0.02330961337959977,0.013457811559418031,0.34197402725819054,0.010230498915698228,0.005906581302922547,0.3965503839036601,0.007928976439847846,0.004577796681944355,0.1464731859344924,0.11161993438531148,0.06444379916428795,0.14794170843948137,0.11131281307662011,0.06426648259404112,0.1549500575125663,0.24609745383996962,0.14208443122138797,0.00016187034976850853,0.0,0.0,0.15478818716279777,0.2460974538399695,0.1420844312213879,957.24793165741,1520.3368263052168,877.7668759262183,957.2479316574098,1520.3368263052162,877.766875926218,5.362692263909796,2.3428744146789273,1.3526591739923657,0.0,0.0,0.0,52.0,0.0,0.0,0.0,0.0,0.0,0.0,0.0,0.0,-0.008567061987554527,0.0,0.0,0.5795781047138959,0.6603566784169671,0.38125710604520313
RCZDT-MisalignedV,GPR-KG-AVB-safe,vepm,axis,far_true_boundary,3,0.005153743737585495,0.0,0.0,75.0,0.0,0.0,0.0,0.0,0.0,38.0,0.0,0.0,0.0,0.0,0.0,0.0,0.0,0.0,38.0,0.0,0.0,37.0,0.0,0.0,0.0,0.0,0.0,0.0,0.0,0.0,0.0,0.0,0.0,0.0,0.0,0.0,1.0,0.0,0.0,0.010976711284488565,0.0,0.0,0.5860421910703476,0.656852786879946,0.3792341333230927,0.5861109076535153,0.6568527868799456,0.3792341333230925,0.5861109076535153,0.6568527868799456,0.3792341333230925,0.5864779974821513,0.6566269754230525,0.3791037610176691,0.3748057655932824,0.032424702789652655,0.01872041088399957,0.43367698147498296,0.036042529876271635,0.02080916432634056,0.3653849522145957,0.017792247657582923,0.01027235897459399,0.41260723705481306,0.010028369938720987,0.005789882083653713,0.14737153831324704,0.11154715818613933,0.06440178180610531,0.1482214852666124,0.11142253060448219,0.06432982803828712,0.15495005751256632,0.24609745383996962,0.14208443122138797,0.00016187034976850858,0.0,0.0,0.1547881871627978,0.24609745383996962,0.14208443122138797,957.2479316574099,1520.3368263052166,877.7668759262182,957.2479316574098,1520.3368263052162,877.766875926218,5.362692263909797,2.342874414678927,1.3526591739923655,0.0,0.0,0.0,38.0,0.0,0.0,0.0,0.0,0.0,0.0,0.0,0.0,-0.010900093290450365,0.0,0.0,0.5804054407315117,0.6591699512963095,0.38057194882263684
RCZDT-MisalignedV,GPR-KG-AVB-safe,vepm,axis,fn,3,0.005153743737585495,0.0,0.0,52.0,0.0,0.0,0.0,0.0,0.0,52.0,0.0,0.0,0.0,0.0,0.0,0.0,0.0,0.0,52.0,0.0,0.0,0.0,0.0,0.0,0.0,0.0,0.0,0.0,0.0,0.0,0.0,0.0,0.0,0.0,0.0,0.0,1.0,0.0,0.0,0.008567061987554527,0.0,0.0,0.5795781047138959,0.6603566784169671,0.38125710604520313,0.5881451667014505,0.6603566784169671,0.38125710604520313,0.5881451667014505,0.6603566784169671,0.38125710604520313,0.5890013226954115,0.6597244737570178,0.38089210251459843,0.39370717603200306,0.1093070099336808,0.0631084316095237,0.4380726009096594,0.10064399957310266,0.0581068402458514,0.30603679254638605,0.03526598202634292,0.02036082421614559,0.3466210008225937,0.02730011750972911,0.015761730193150518,0.14986731194140837,0.11406222636851482,0.06585385709823006,0.15171094973652507,0.11337265957939291,0.0654557355269063,0.15495005751256627,0.2460974538399695,0.1420844312213879,0.00016187034976850858,0.0,0.0,0.1547881871627978,0.24609745383996962,0.14208443122138797,957.2479316574098,1520.3368263052162,877.766875926218,957.2479316574098,1520.3368263052162,877.766875926218,5.362692263909797,2.3428744146789264,1.3526591739923652,0.0,0.0,0.0,52.0,0.0,0.0,0.0,0.0,0.0,0.0,0.0,0.0,-0.008567061987554527,0.0,0.0,0.5795781047138959,0.6603566784169671,0.38125710604520313
RCZDT-MisalignedV,GPR-KG-AVB-safe,vepm,axis,fp,3,0.005153743737585495,0.0,0.0,0.0,0.0,0.0,0.0,0.0,0.0,0.0,0.0,0.0,0.0,0.0,0.0,0.0,0.0,0.0,0.0,0.0,0.0,0.0,0.0,0.0,0.0,0.0,0.0,0.0,0.0,0.0,0.0,0.0,0.0,0.0,0.0,0.0,0.0,0.0,0.0,0.0,0.0,0.0,0.0,0.0,0.0,0.0,0.0,0.0,0.0,0.0,0.0,0.0,0.0,0.0,0.0,0.0,0.0,0.0,0.0,0.0,0.0,0.0,0.0,0.0,0.0,0.0,0.0,0.0,0.0,0.0,0.0,0.0,0.0,0.0,0.0,0.0,0.0,0.0,0.0,0.0,0.0,0.0,0.0,0.0,0.0,0.0,0.0,0.0,0.0,0.0,0.0,0.0,0.0,0.0,0.0,0.0,0.0,0.0,0.0,0.0,0.0,0.0,0.0,0.0,0.0,0.0,0.0,0.0
RCZDT-MisalignedV,GPR-KG-AVB-safe,vepm,axis,high_t1,3,0.005153743737585495,0.0,0.0,34.0,0.0,0.0,0.0,0.0,0.0,34.0,0.0,0.0,0.0,0.0,0.0,0.0,0.0,0.0,34.0,0.0,0.0,0.0,0.0,0.0,0.0,0.0,0.0,0.0,0.0,0.0,0.0,0.0,0.0,0.0,0.0,0.0,1.0,0.0,0.0,0.009887803286603668,0.0,0.0,0.5732131735169871,0.6657667177174812,0.38438059369168137,0.5831009768035907,0.6657667177174812,0.38438059369168137,0.5831009768035907,0.6657667177174812,0.38438059369168137,0.5839478042131085,0.6650882133785513,0.38398885902895386,0.3577340789499596,0.05868367807741876,0.033881037335035065,0.41192826983641506,0.046774785421937894,0.02700543495464283,0.3001656269944124,0.021870230346592676,0.012626783377844404,0.3533483109183035,0.023450218247853573,0.013538989817953736,0.14751490501938277,0.11311149044199476,0.06530494945512545,0.14924008507597325,0.11227518907968523,0.0648221106384724,0.1549500575125663,0.24609745383996962,0.14208443122138797,0.0001618703497685085,0.0,0.0,0.15478818716279777,0.2460974538399695,0.1420844312213879,957.2479316574098,1520.3368263052162,877.766875926218,957.2479316574098,1520.3368263052162,877.766875926218,5.362692263909797,2.3428744146789264,1.3526591739923652,0.0,0.0,0.0,34.0,0.0,0.0,0.0,0.0,0.0,0.0,0.0,0.0,-0.009887803286603668,0.0,0.0,0.5732131735169871,0.6657667177174812,0.38438059369168137
RCZDT-MisalignedV,GPR-KG-AVB-safe,vepm,axis,low_t1,3,0.005153743737585495,0.0,0.0,34.0,0.0,0.0,0.0,0.0,0.0,1.0,0.0,0.0,0.0,0.0,0.0,0.0,0.0,0.0,1.0,0.0,0.0,33.0,0.0,0.0,0.0,0.0,0.0,0.0,0.0,0.0,0.0,0.0,0.0,0.0,0.0,0.0,1.0,0.0,0.0,0.009887803286603668,0.0,0.0,0.5878644738929465,0.6602070883830935,0.3811707401988781,0.5779766706063428,0.6602070883830935,0.3811707401988781,0.5779766706063428,0.6602070883830935,0.3811707401988781,0.5782754764584269,0.6600486745698524,0.38107927994116,0.4056029970494952,0.10426648779474758,0.06019828479575435,0.46483720280959256,0.11546403561914215,0.06666319204643226,0.43650057390549796,0.011396091007601288,0.006579536210948078,0.49031536956847743,0.01101239798205416,0.0063580109393622615,0.13878769318384176,0.11114684654928182,0.06417066177480589,0.13957053234039443,0.1110668831483751,0.06412449488376708,0.1549500575125663,0.24609745383996962,0.14208443122138797,0.0001618703497685085,0.0,0.0,0.15478818716279777,0.2460974538399695,0.1420844312213879,957.2479316574098,1520.3368263052162,877.766875926218,957.2479316574098,1520.3368263052162,877.766875926218,5.362692263909797,2.3428744146789264,1.3526591739923652,0.0,0.0,0.0,1.0,0.0,0.0,0.0,0.0,0.0,0.0,0.0,0.0,0.0,0.0,0.0,0.5759033826303112,0.676916658503226,0.39081801500577956
RCZDT-MisalignedV,GPR-KG-AVB-safe,vepm,axis,mid_t1,3,0.005153743737585495,0.0,0.0,33.0,0.0,0.0,0.0,0.0,0.0,17.0,0.0,0.0,0.0,0.0,0.0,0.0,0.0,0.0,17.0,0.0,0.0,16.0,0.0,0.0,0.0,0.0,0.0,0.0,0.0,0.0,0.0,0.0,0.0,0.0,0.0,0.0,1.0,0.0,0.0,0.00662435827929156,0.0,0.0,0.5942411382648304,0.6482275805479167,0.3742543681254796,0.5942411382648302,0.6482275805479167,0.3742543681254796,0.5942411382648302,0.6482275805479167,0.3742543681254796,0.5943099973743354,0.6481728524035528,0.3742227708165988,0.34580327637105296,0.05623135694562951,0.03246518906945713,0.39991215893766335,0.0653817185335203,0.037748152795408295,0.2876583612872814,0.022035486657699006,0.01272219415354693,0.3230629303070854,0.01943680352544717,0.011221843747602793,0.1533182860749727,0.11343307187334312,0.06549061458108082,0.15348513748132953,0.11332294643952043,0.06542703363221866,0.1549500575125663,0.2460974538399696,0.14208443122138795,0.00016187034976850853,0.0,0.0,0.15478818716279777,0.2460974538399696,0.14208443122138795,957.2479316574098,1520.3368263052162,877.766875926218,957.2479316574098,1520.3368263052162,877.766875926218,5.362692263909797,2.3428744146789273,1.3526591739923657,0.0,0.0,0.0,17.0,0.0,0.0,0.0,0.0,0.0,0.0,0.0,0.0,-0.006429524212253572,0.0,0.0,0.5925241272302777,0.6488905190834919,0.3746371158674501
RCZDT-MisalignedV,GPR-KG-AVB-safe,vepm,axis,near_true_boundary,3,0.005153743737585495,0.0,0.0,26.0,0.0,0.0,0.0,0.0,0.0,14.0,0.0,0.0,0.0,0.0,0.0,0.0,0.0,0.0,14.0,0.0,0.0,12.0,0.0,0.0,0.0,0.0,0.0,0.0,0.0,0.0,0.0,0.0,0.0,0.0,0.0,0.0,1.0,0.0,0.0,0.002604657706501101,0.0,0.0,0.5820551247846569,0.6615669609349067,0.38195586298273104,0.5818569038716729,0.6615669609349069,0.38195586298273115,0.5818569038716729,0.6615669609349069,0.38195586298273115,0.5832375680517964,0.6606186425381678,0.3814083511010964,0.35594370325884744,0.11248420238089776,0.06494278452419167,0.4177652995871714,0.08691580314974114,0.05018086234533557,0.27444251296086786,0.018297234809961205,0.010563913442956893,0.3446459277442795,0.03799408553276858,0.021935895509957608,0.1438817848419309,0.11215899140743217,0.0647550238811179,0.14702364550238614,0.11121023440473116,0.06420725877021292,0.1549500575125663,0.24609745383996962,0.14208443122138797,0.00016187034976850853,0.0,0.0,0.15478818716279777,0.2460974538399696,0.14208443122138795,957.2479316574098,1520.3368263052162,877.766875926218,957.2479316574098,1520.3368263052162,877.766875926218,5.362692263909797,2.342874414678927,1.3526591739923655,0.0,0.0,0.0,14.0,0.0,0.0,0.0,0.0,0.0,0.0,0.0,0.0,-0.002234548451122969,0.0,0.0,0.5773324783803676,0.6636236467763739,0.3831432911069406
RCZDT-MisalignedV,GPR-KG-AVB-safe,vepm,axis,tn,3,0.005153743737585495,0.0,0.0,49.0,0.0,0.0,0.0,0.0,0.0,0.0,0.0,0.0,0.0,0.0,0.0,0.0,0.0,0.0,0.0,0.0,0.0,49.0,0.0,0.0,0.0,0.0,0.0,0.0,0.0,0.0,0.0,0.0,0.0,0.0,0.0,0.0,0.0,0.0,0.0,0.00909157598679256,0.0,0.0,0.5907864516235621,0.6556221666756976,0.37852363441689973,0.5816948756367697,0.6556221666756978,0.37852363441689985,0.5816948756367697,0.6556221666756978,0.37852363441689985,0.582079381844543,0.6554338711185529,0.378414921926295,0.3447386847053479,0.11035630132690163,0.06371424027785812,0.40443425043695563,0.12299466200373069,0.07101100121674095,0.38011150082990136,0.01693824903826226,0.009779302641841636,0.4427613221374795,0.015080540155275718,0.008706753918173396,0.14287125629449993,0.1090364445829293,0.06295222063143395,0.1438259791139391,0.10909960252220209,0.06298868488467456,0.15495005751256627,0.2460974538399695,0.1420844312213879,0.00016187034976850856,0.0,0.0,0.1547881871627978,0.24609745383996962,0.14208443122138797,957.2479316574099,1520.3368263052166,877.7668759262182,957.2479316574098,1520.3368263052162,877.766875926218,5.362692263909797,2.342874414678927,1.3526591739923655,0.0,0.0,0.0,0.0,0.0,0.0,0.0,0.0,0.0,0.0,0.0,0.0,0.0,0.0,0.0,0.0,0.0,0.0
RCZDT-MisalignedV,GPR-KG-AVB-safe,vepm,axis,tp,3,0.005153743737585495,0.0,0.0,0.0,0.0,0.0,0.0,0.0,0.0,0.0,0.0,0.0,0.0,0.0,0.0,0.0,0.0,0.0,0.0,0.0,0.0,0.0,0.0,0.0,0.0,0.0,0.0,0.0,0.0,0.0,0.0,0.0,0.0,0.0,0.0,0.0,0.0,0.0,0.0,0.0,0.0,0.0,0.0,0.0,0.0,0.0,0.0,0.0,0.0,0.0,0.0,0.0,0.0,0.0,0.0,0.0,0.0,0.0,0.0,0.0,0.0,0.0,0.0,0.0,0.0,0.0,0.0,0.0,0.0,0.0,0.0,0.0,0.0,0.0,0.0,0.0,0.0,0.0,0.0,0.0,0.0,0.0,0.0,0.0,0.0,0.0,0.0,0.0,0.0,0.0,0.0,0.0,0.0,0.0,0.0,0.0,0.0,0.0,0.0,0.0,0.0,0.0,0.0,0.0,0.0,0.0,0.0,0.0
RCZDT-MisalignedV,GPR-KG-AVB-safe,vepm,combined,all,3,0.005153743737585492,1.0605248676324213e-17,6.122943178098707e-18,1181.0,0.0,0.0,288.6666666666667,146.2885276887198,84.4597208404364,595.3333333333334,8.082903768654761,4.666666666666667,157.33333333333334,87.59185654690357,50.57118195617387,131.33333333333334,60.533737149901235,34.94916943854953,438.0,84.92938243034621,49.03400180826906,454.3333333333333,66.03282012252191,38.12406647308816,0.5271113534472313,0.07099705740927431,0.04099017020691584,0.26382698150279354,0.14553481542306992,0.08402456486097193,0.3393593761933402,0.1537444250521596,0.0887643851902686,0.22489475280656845,0.10610702820212094,0.06126092129540574,0.7361730184972064,0.14553481542306987,0.08402456486097189,0.008735755159780432,0.00010054669151472199,5.8050659412151e-05,0.4873214736815434,0.6902502406511272,0.39851616224813224,0.4580630907458032,0.7028629468809956,0.40579811158515644,0.48726712691416746,0.6903779683022024,0.39858990584186355,0.6819137163420113,0.9873454245526173,0.5700441466485989,0.35119571154582035,0.026891006805329264,0.01552553001783691,0.45837125644677584,0.034186945520380915,0.019737842198962994,0.35541751508824193,0.03262436881423423,0.018835688117039767,0.46151076852830464,0.04171282475331011,0.024082910599983277,0.06504970984674496,0.026696283102806403,0.015413106235767736,0.08231198347121223,0.035946533656923914,0.020753740883258966,0.43211142456257673,0.7268344835615388,0.4196380847405571,0.006420606300908088,0.0001338154279885274,7.725837337090128e-05,0.8441601868253038,1.445740630165013,0.8346987420041495,235.5566110396227,378.9234595938906,218.77156139879702,162.1398806935907,274.9657342011557,158.75154065896035,3.241918537927918,2.001730070317818,1.1556993949429608,131.33333333333334,60.533737149901235,34.94916943854953,438.0,84.92938243034621,49.03400180826906,0.008747090925125973,0.0002599993688600451,0.00015011070560047986,-0.057400671355717824,0.019582230013318658,0.011305805769522696,-0.0086486968965339,0.00034906215568781797,0.00020153112955027276,0.5588006177599373,0.7892254979488965,0.45565955369211186
RCZDT-MisalignedV,GPR-KG-AVB-safe,vepm,combined,far_true_boundary,3,0.005153743737585492,1.0605248676324213e-17,6.122943178098707e-18,883.6666666666666,1.5275252316519468,0.881917103688197,207.66666666666666,105.45299110662216,60.883312802259525,438.6666666666667,4.163331998932266,2.4037008503093267,110.0,61.7980582219215,35.679125549822544,97.66666666666667,46.36090306856989,26.766479866512974,328.6666666666667,58.05457202781994,33.51782278795036,347.3333333333333,47.60602202803059,27.485349632930713,0.5104166666666666,0.08650648696847517,0.049944543537898,0.24996301927041964,0.13948663044364426,0.08053264363499187,0.32422371453714827,0.15024523583913948,0.086744127356186,0.219662429578573,0.10446848000016389,0.060314905049925656,0.7500369807295804,0.13948663044364423,0.08053264363499185,0.010845085529375723,0.00012556628731082834,7.249572978004864e-05,0.46832080717805463,0.6575892056425742,0.3796593048939324,0.44149505310190046,0.6695119973952963,0.3865429319218584,0.46833444343053543,0.6577000619329796,0.3797233078030393,0.656865556520048,0.9447959735173854,0.5454782096395371,0.37468226593008863,0.02550045140094896,0.014722692480794851,0.4860924838934502,0.03515985861209169,0.020299553834360322,0.3808767782705785,0.03627177385570602,0.020941518399577103,0.49074405532812043,0.046647894171516074,0.026932174257053982,0.06399938068262355,0.02654711892704093,0.015326986258736092,0.08095451665512711,0.036181577802501204,0.02088944368397946,0.3987885098338316,0.6689557980297588,0.3862218100684422,0.0064402434588921136,7.877661556031587e-05,4.548170019959603e-05,0.7994230718422556,1.3682833486283565,0.7899787596582643,234.9299743594889,377.8620796625962,218.15877340975175,154.61320116152766,262.0024261436133,151.2671712623502,3.230603172621264,1.9875362083594807,1.1475045649204745,97.66666666666667,46.36090306856989,26.766479866512974,328.6666666666667,58.05457202781994,33.51782278795036,0.010774886651561996,0.00017381424233739876,0.00010035169960248803,-0.05334536712587482,0.01844120702650198,0.010647035840932536,-0.010810923546568532,0.0003276954052333735,0.00018919503042369172,0.5285260764469554,0.7392340825005668,0.4267969965258483
RCZDT-MisalignedV,GPR-KG-AVB-safe,vepm,combined,fn,3,0.005153743737585492,1.0605248676324213e-17,6.122943178098707e-18,438.0,84.92938243034621,49.03400180826906,0.0,0.0,0.0,438.0,84.92938243034621,49.03400180826906,0.0,0.0,0.0,0.0,0.0,0.0,438.0,84.92938243034621,49.03400180826906,0.0,0.0,0.0,0.0,0.0,0.0,0.0,0.0,0.0,0.0,0.0,0.0,0.0,0.0,0.0,1.0,0.0,0.0,0.0086486968965339,0.00034906215568781797,0.00020153112955027276,0.5588006177599373,0.7892254979488965,0.45565955369211186,0.5674493146564713,0.7889053206815281,0.4554746992606083,0.5674493146564713,0.7889053206815281,0.4554746992606083,0.7478019093658942,1.0652037441207003,0.6149956684098836,0.300205887041509,0.06466148446405277,0.037332325461521675,0.3774379790823191,0.06910300494785936,0.03989663850845864,0.28943279533508653,0.03696222185872707,0.021340148739982745,0.3644121897445444,0.04440461438562571,0.02563701606880253,0.06653418370089699,0.028007649317466566,0.016170223872807962,0.08471093489797395,0.03875917768578623,0.022377621670457218,0.5058867774443904,0.852512528221513,0.492198337656219,0.004528324432681981,0.0012213003366165274,0.0007051180781069327,0.9219059546946872,1.5776163706747404,0.9108372362870218,276.9098711766475,435.7204121085474,251.56329722228455,197.2846387477249,317.2550149960239,183.16726830971317,3.6608848923969517,2.0261404405464094,1.1697927287654564,0.0,0.0,0.0,438.0,84.92938243034621,49.03400180826906,0.0,0.0,0.0,0.0,0.0,0.0,-0.0086486968965339,0.00034906215568781797,0.00020153112955027276,0.5588006177599373,0.7892254979488965,0.45565955369211186
RCZDT-MisalignedV,GPR-KG-AVB-safe,vepm,combined,fp,3,0.005153743737585492,1.0605248676324213e-17,6.122943178098707e-18,131.33333333333334,60.533737149901235,34.94916943854953,131.33333333333334,60.533737149901235,34.94916943854953,0.0,0.0,0.0,0.0,0.0,0.0,131.33333333333334,60.533737149901235,34.94916943854953,0.0,0.0,0.0,0.0,0.0,0.0,0.0,0.0,0.0,0.0,0.0,0.0,0.0,0.0,0.0,1.0,0.0,0.0,0.0,0.0,0.0,0.008747090925125973,0.0002599993688600451,0.00015011070560047986,0.057400671355717824,0.019582230013318658,0.011305805769522696,-0.06614776228084379,0.01983689164079835,0.011452834728700366,0.06614776228084379,0.01983689164079835,0.011452834728700366,0.07882892365633144,0.021886550410533254,0.012636205771153689,0.2783765263692769,0.11919834424981546,0.06881919613958865,0.3469774333071527,0.13129637624293175,0.07580399816747904,0.2836354550800763,0.09268386975795198,0.0535110571542898,0.35266196086831175,0.10527369737708142,0.060779797519245164,0.06528689096529126,0.02755078262381654,0.015906451764245343,0.07506524926290137,0.028739106644202202,0.016592530957299505,0.012910016183226415,0.00433639852246667,0.0025036208542596272,0.013043959858175684,0.001833730924471356,0.0010587050428648788,0.0056214257216040675,0.001504266821954687,0.0008684888545885614,1.274159682565563,0.0735048740598773,0.0424380588252197,1.076168564421422,0.26361619262093106,0.1521988797724388,0.6521540764886233,0.05589336800089319,0.0322700510612305,131.33333333333334,60.533737149901235,34.94916943854953,0.0,0.0,0.0,0.008747090925125973,0.0002599993688600451,0.00015011070560047986,-0.057400671355717824,0.019582230013318658,0.011305805769522696,0.0,0.0,0.0,0.0,0.0,0.0
RCZDT-MisalignedV,GPR-KG-AVB-safe,vepm,combined,high_t1,3,0.005153743737585492,1.0605248676324213e-17,6.122943178098707e-18,383.0,10.392304845413264,6.000000000000001,109.0,68.78953408767936,39.71565602295062,383.0,10.392304845413264,6.000000000000001,109.0,68.78953408767936,39.71565602295062,0.0,0.0,0.0,274.0,58.61740355901138,33.842773723992146,0.0,0.0,0.0,1.0,0.0,0.0,0.2814944671179817,0.17464529559602646,0.10083150842506765,0.41831685891615256,0.23138371117320594,0.13358944793194508,0.0,0.0,0.0,0.7185055328820183,0.17464529559602646,0.10083150842506765,0.009756016329857743,9.123214312916196e-05,5.2672902394368126e-05,0.4873243384608041,0.7011150052267947,0.40478893700057583,0.46143515759371806,0.7216135111662083,0.4166237549226814,0.4925675596999422,0.7036200941794316,0.4062352507817247,0.6836355446790989,0.9955731206481754,0.5747944092041799,0.3514272302438841,0.06738048789506958,0.038902142824346744,0.4348895133618682,0.08665834339780833,0.05003221788825167,0.34387576826770516,0.0557825420213126,0.032206065652086446,0.42744947991645366,0.07184347548982387,0.041478849913568094,0.0677779558394457,0.027641667141314,0.015958923964887673,0.0859579412724734,0.03747515719579121,0.0216362920949136,0.4343594084683926,0.7305691473443342,0.42179429388088674,0.006507435620043529,0.00019948923112520254,0.00011517516129056716,0.8488970302098168,1.4543803017471193,0.8396868587177885,248.33816102683105,400.7330178041985,231.3633157024251,166.90959911833735,283.48042648628575,163.667500541847,3.2729616017536274,2.041717262947321,1.1787860113717419,0.0,0.0,0.0,274.0,58.61740355901138,33.842773723992146,0.0,0.0,0.0,0.0,0.0,0.0,-0.010115622632564896,0.0003689138569945054,0.00021299251464356082,0.5349807481767809,0.7578024228368964,0.43751743281743277
RCZDT-MisalignedV,GPR-KG-AVB-safe,vepm,combined,low_t1,3,0.005153743737585492,1.0605248676324213e-17,6.122943178098707e-18,398.6666666666667,13.012814197295423,7.512951779723097,90.33333333333333,54.92115560813823,31.708743974563934,13.0,3.4641016151377544,2.0,5.0,3.4641016151377544,2.0,85.33333333333333,51.61718060232788,29.80119311556353,8.0,6.0,3.464101615137755,300.3333333333333,54.519109799531144,31.47662271873807,0.055752717132988995,0.01473620441640672,0.008507951586645772,0.4224598930481283,0.34606822860670455,0.19980258494405784,0.09281242803006512,0.021613650632874595,0.012478647011060674,0.22179639987352673,0.13364523857710547,0.07716011446840361,0.5775401069518716,0.3460682286067045,0.1998025849440578,0.00980056165174849,6.332987091051355e-05,3.656351801792925e-05,0.46690792401041525,0.6534781683543531,0.3772857964089294,0.4281510299342018,0.667561449244138,0.3854167824217198,0.4616193075821297,0.6515206706023113,0.37615563455484996,0.6490489658996874,0.9397823422408536,0.5425835882724138,0.44586942046888395,0.12028606101441211,0.06944718970643059,0.5556130974031576,0.14164729405039123,0.08178010334997546,0.46568335085251994,0.11686500558985166,0.06747204243614797,0.5751424594878519,0.13155278243825033,0.0759520343533681,0.06655809584808849,0.02820870880710929,0.016286305623276317,0.08294726849775107,0.036692919732133684,0.021184667084700716,0.39142691342690855,0.656743261245702,0.3791708986686788,0.006239949654239356,0.00022155854940936618,0.00012791688814276056,0.790737527785148,1.353002671583751,0.7811564566531616,232.54181711265025,373.54781719408754,215.66793281220356,146.65389048868266,247.87294507847946,143.10951156588544,3.2219823205924967,1.9804393498955515,1.143407191775924,85.33333333333333,51.61718060232788,29.80119311556353,8.0,6.0,3.464101615137755,0.009983806723250764,0.000209699386515451,0.00012106999725359503,-0.05546710204198066,0.02216611839516878,0.012797614422339813,0.0,0.0,0.0,0.7238799873940405,1.0423781234393674,0.6018172901650958
RCZDT-MisalignedV,GPR-KG-AVB-safe,vepm,combined,mid_t1,3,0.005153743737585492,1.0605248676324213e-17,6.122943178098707e-18,399.3333333333333,6.110100926607787,3.527668414752788,89.33333333333333,28.93671255228094,16.706618781522224,199.33333333333334,9.865765724632494,5.6960024968783545,43.333333333333336,16.50252505931542,9.527737285304303,46.0,13.228756555322953,7.637626158259733,156.0,21.93171219946131,12.662279942148388,154.0,13.0,7.505553499465135,0.47858160358160357,0.04326979155760373,0.02498182580356151,0.21869671231434115,0.08515311861128592,0.04916317595256206,0.2949971444429251,0.09204233233343216,0.053140665349548054,0.22892003996995547,0.05870780302133155,0.033894965877897296,0.7813032876856588,0.08515311861128597,0.04916317595256209,0.006695304316486887,0.000249111759931598,0.00014382474165480956,0.508713332309252,0.7179518102351456,0.41450967090444046,0.48595597919703404,0.7220299130096715,0.4168641646390959,0.508871410486727,0.718259855708938,0.4146875210416571,0.7126865275684325,1.027021095557711,0.5929509059836688,0.2538041039076546,0.02274843043566724,0.013133812435673957,0.3347682859287053,0.030295032887120307,0.017490845392487474,0.2534453596590209,0.019737193031320828,0.011395273709680687,0.3297990646130411,0.027663075297905033,0.01597128396985836,0.06089523556037622,0.024405219285026772,0.014090359923842053,0.07795888329911752,0.033760334975914116,0.019491538486275953,0.4721203984730378,0.7959199987129217,0.459524625510312,0.006511902338107281,0.0002731146208853164,0.00015768279988776,0.8919107858484336,1.5282498560215503,0.8823354657630489,226.75399407376452,364.16731451375693,210.25209706458068,166.8476911317774,283.0052702873711,163.39316898249652,3.2321540636744444,1.9884033262851175,1.14800519568826,46.0,13.228756555322953,7.637626158259733,156.0,21.93171219946131,12.662279942148388,0.0066915867369293875,0.0006799696342939101,0.0003925806514003604,-0.05803640919898926,0.01772229538469635,0.0102319720110125,-0.0065038966281877756,0.0003083466339603195,0.00017802401212070547,0.5906044452386722,0.8288238426415185,0.4785216686598608
RCZDT-MisalignedV,GPR-KG-AVB-safe,vepm,combined,near_true_boundary,3,0.005153743737585492,1.0605248676324213e-17,6.122943178098707e-18,297.3333333333333,1.5275252316519465,0.8819171036881969,81.0,40.92676385936225,23.629078131263043,156.66666666666666,9.451631252505216,5.456901847914966,47.333333333333336,25.967928938083094,14.992590762699349,33.666666666666664,14.977761292440647,8.647414514048565,109.33333333333333,27.42869543622761,15.835964693626272,107.0,18.734993995195193,10.816653826391967,0.5712145453524764,0.03905940475343657,0.02255095784878315,0.3028643223076067,0.16260894653102811,0.09388231905233055,0.3803783116622177,0.1636531276098968,0.0944851772792981,0.24081421196576758,0.11348041497354672,0.06551794813272764,0.6971356776923933,0.16260894653102811,0.09388231905233055,0.0024664020252173394,4.001687152398332e-05,2.3103751546498444e-05,0.5433698991104271,0.786641067671278,0.454167432175627,0.5068710554402712,0.8013313955207638,0.4626488969140115,0.5431136605813115,0.7868172156244359,0.45426913124379986,0.7505220967785072,1.1037786945657737,0.6372669264333232,0.2814281132845005,0.03500300983926825,0.020208997153148642,0.36363770897206465,0.033468811033247385,0.019323227059502096,0.27983898311396427,0.033319580732321843,0.019237068905091484,0.36034530018913064,0.035390821434016465,0.020432900281771384,0.06819533362102,0.028067135615146455,0.016204568302786538,0.08601376787641825,0.036104444998272194,0.02084491103869449,0.5304064079117122,0.8975694647476908,0.5182119720884677,0.006361488029597747,0.0002988781153994526,0.000172557360380762,0.9640327267705063,1.6532846848265201,0.954524357831677,237.40529054450084,382.0541966833103,220.57909330013544,177.11259024266244,300.8393756512602,173.68969451509403,3.2749805940259407,2.043261060276842,1.1796773231755149,33.666666666666664,14.977761292440647,8.647414514048565,109.33333333333333,27.42869543622761,15.835964693626272,0.0028862199150594286,0.00032594028222194464,0.00018818170968058233,-0.0703530928170447,0.028598594210769716,0.01651140606603277,-0.0020734553455443584,0.000205529919730696,0.00011866275448303953,0.6437325498960823,0.9286942108008994,0.5361818526007464
RCZDT-MisalignedV,GPR-KG-AVB-safe,vepm,combined,tn,3,0.005153743737585492,1.0605248676324213e-17,6.122943178098707e-18,454.3333333333333,66.03282012252191,38.12406647308816,0.0,0.0,0.0,0.0,0.0,0.0,0.0,0.0,0.0,0.0,0.0,0.0,0.0,0.0,0.0,454.3333333333333,66.03282012252191,38.12406647308816,0.0,0.0,0.0,0.0,0.0,0.0,0.0,0.0,0.0,0.0,0.0,0.0,0.0,0.0,0.0,0.009081678989410088,6.24989488460367e-05,3.6083784940327946e-05,0.5395970100246875,0.7484609391611383,0.43212412470260336,0.5305153310352774,0.7485057100247123,0.4321499731727397,0.5308082255126981,0.7483685633920389,0.4320707915274472,0.7100466626106607,1.0174469128819132,0.5874232490385264,0.43523088623273204,0.13119153599298003,0.0757434686209475,0.5472072638973627,0.15651228145032894,0.09036240782682989,0.4530164044825508,0.10879256477072242,0.0628114165562064,0.565850170827206,0.12689618088864663,0.07326354419519558,0.06331395321461773,0.026667658077164494,0.01539657956950782,0.080682345467408,0.03688125886963178,0.021293404736434183,0.4633914108555175,0.7790990653662875,0.44981305511461195,0.00445305099610723,0.0012341617421253483,0.0007125436140396074,0.8682641628702924,1.4845041216099073,0.857078854224589,260.4624415915659,409.5366529286356,236.44609681136612,191.1213646085836,306.08941247003355,176.72080468566827,3.5797709009716456,2.0230829452804127,1.1680274830505872,0.0,0.0,0.0,0.0,0.0,0.0,0.0,0.0,0.0,0.0,0.0,0.0,0.0,0.0,0.0,0.0,0.0,0.0
RCZDT-MisalignedV,GPR-KG-AVB-safe,vepm,combined,tp,3,0.005153743737585492,1.0605248676324213e-17,6.122943178098707e-18,157.33333333333334,87.59185654690357,50.57118195617387,157.33333333333334,87.59185654690357,50.57118195617387,157.33333333333334,87.59185654690357,50.57118195617387,157.33333333333334,87.59185654690357,50.57118195617387,0.0,0.0,0.0,0.0,0.0,0.0,0.0,0.0,0.0,1.0,0.0,0.0,1.0,0.0,0.0,1.0,0.0,0.0,0.0,0.0,0.0,0.0,0.0,0.0,0.00800498303535216,0.0001903929822720249,0.00010992343956656923,0.05795483999648373,0.02201178723388892,0.012708511284830536,-0.04994985696113156,0.02195588703214645,0.012676237288306767,0.051679070080494605,0.020543413916716713,0.0118607455548903,0.06820344165027652,0.023181231931367976,0.01338369049572245,0.326224292198531,0.07940149518443974,0.045842474618795065,0.4133758036205301,0.1078933744599616,0.062292268788235926,0.3196373559350693,0.08433864124665046,0.04869293722684092,0.4032595283849152,0.10811211784855115,0.06241856034252156,0.05944780122478029,0.018016651035534955,0.010401918325261657,0.0713532420602245,0.020888439567035556,0.012059946206979208,0.012660337587891578,0.0036838262528464736,0.002126858078728722,0.012238254360524059,0.002382593868931534,0.0013755912115971732,0.005212658059677561,0.002151796819410253,0.0012423404729278902,1.704910564209457,0.802379442189935,0.46325398694058073,1.0909572657631232,0.238442142941342,0.13766463541333504,0.7491073835310362,0.22026799460848273,0.12717178598106654,0.0,0.0,0.0,0.0,0.0,0.0,0.0,0.0,0.0,0.0,0.0,0.0,0.0,0.0,0.0,0.0,0.0,0.0
RCZDT-MisalignedV,GPR-KG-AVB-safe,vepm,random,all,3,0.0051537437375855045,8.020165264942835e-18,4.630444574660032e-18,1000.0,0.0,0.0,238.66666666666666,138.02294495240034,79.68758442261324,505.6666666666667,8.144527815247077,4.702245326555294,134.0,85.246700815926,49.21720566360237,104.66666666666667,55.590766619406615,32.095344072172075,371.6666666666667,81.13158036999732,46.84133976639772,389.6666666666667,62.52466180103122,36.09863032181569,0.5312454598485084,0.10315985413514517,0.059559369554488595,0.2640764837091763,0.16649940579293193,0.096128476754462,0.33771857448972137,0.18398347538086504,0.10622290903758533,0.21281008570363932,0.11618328184002119,0.0670784490456704,0.7359235162908239,0.16649940579293188,0.09612847675446196,0.00883042006828199,0.0001076268815437122,6.21384090313022e-05,0.5072278098706071,0.744503579578743,0.4298393420824273,0.4815816309947143,0.7594566920709694,0.43847252560503697,0.5070794224073477,0.744687549046363,0.4299455569040804,0.7047984962240612,1.0575057043398008,0.6105512030701489,0.3572483521500587,0.025754980562664377,0.014869644960827858,0.46837289301055746,0.03421981568003372,0.019756819794486846,0.36512688742075544,0.03326472692576788,0.01920539904511148,0.4751996732959882,0.04246416395437145,0.02451669648996876,0.05779294059943779,0.019156414542117143,0.011059961092599395,0.07206317912627024,0.02465441781370288,0.014234234761454865,0.49050025792851965,0.8270057749386602,0.4774720067822106,0.0068516503375670125,7.344381374280291e-05,4.240280563472e-05,0.909464430221608,1.5595399030825672,0.9004007828566831,179.79917255589294,291.51566878152073,168.3066498440048,154.80408617283962,262.98722068855307,151.83574265796764,3.0335671097946957,2.085279131687838,1.2039364680154823,104.66666666666667,55.590766619406615,32.095344072172075,371.6666666666667,81.13158036999732,46.84133976639772,0.009023146749095065,0.0005414393749810963,0.00031260016889519867,-0.0468122448273432,0.023658959016110117,0.0136595063566975,-0.008711960040107871,0.00046241435003361626,0.0002669750494690542,0.5667516948268979,0.8300973776330556,0.47925694443004707
RCZDT-MisalignedV,GPR-KG-AVB-safe,vepm,random,far_true_boundary,3,0.0051537437375855045,8.020165264942835e-18,4.630444574660032e-18,741.3333333333334,3.214550253664318,1.855921454276674,172.0,92.04890004774636,53.144457221175315,368.3333333333333,2.516611478423583,1.4529663145135578,93.33333333333333,56.358968526165675,32.5388656498314,78.66666666666667,39.068316233660916,22.55610289428956,275.0,54.616847217685496,31.533051443419385,294.3333333333333,40.69807530256601,23.497044731436148,0.5150302985276497,0.11290405550320314,0.06518518683737479,0.2529097629539405,0.15237041630616674,0.08797110087090071,0.32696655573195776,0.1688425752836468,0.09748130629068313,0.21121072785889658,0.10587941345487939,0.0611295078598143,0.7470902370460596,0.1523704163061667,0.0879711008709007,0.010983055218641048,0.0001384340507728874,7.992493647873687e-05,0.4805811574660696,0.6983787565680528,0.40320916310088145,0.4567049428837457,0.7111529025754894,0.4105843197369425,0.4804916853486772,0.6985922259211359,0.4033324096893477,0.6775211235297632,1.011207353717971,0.5838208378755998,0.3838195076399624,0.025665307628768955,0.014817872268304312,0.49991889839489617,0.03518950933868081,0.02031667268933822,0.39147737356816653,0.03682120572838807,0.021258733039171442,0.5066364077759752,0.047253464779992566,0.02728180061087121,0.05623892969200516,0.018344302189146428,0.010591087806999532,0.06988234883483703,0.02394986566973038,0.013827461391474212,0.45231560414802446,0.7608445705104436,0.43927381759566986,0.006903395215288213,0.0001933493342251192,0.00011163029016250749,0.8671867605039901,1.486300622871862,0.858116064711778,174.9773084155064,283.1041347877553,163.45024842840664,143.64105823001248,243.61464175617573,140.6509789964623,3.0082630484491433,2.0293953791405315,1.1716719684389685,78.66666666666667,39.068316233660916,22.55610289428956,275.0,54.616847217685496,31.533051443419385,0.010859479405526963,0.0002546843001019943,0.00014704204922225784,-0.04490845243887681,0.022151635579316105,0.012789252764708646,-0.010931542744950487,0.00042576624217959723,0.0002458162545342459,0.5378407551358234,0.7825860649105161,0.4518262752401364
RCZDT-MisalignedV,GPR-KG-AVB-safe,vepm,random,fn,3,0.0051537437375855045,8.020165264942835e-18,4.630444574660032e-18,371.6666666666667,81.13158036999732,46.84133976639772,0.0,0.0,0.0,371.6666666666667,81.13158036999732,46.84133976639772,0.0,0.0,0.0,0.0,0.0,0.0,371.6666666666667,81.13158036999732,46.84133976639772,0.0,0.0,0.0,0.0,0.0,0.0,0.0,0.0,0.0,0.0,0.0,0.0,0.0,0.0,0.0,1.0,0.0,0.0,0.008711960040107871,0.00046241435003361626,0.0002669750494690542,0.5667516948268979,0.8300973776330556,0.47925694443004707,0.5754636548670058,0.8296868866730238,0.47901994736377285,0.5754636548670058,0.8296868866730238,0.47901994736377285,0.7606063485906045,1.1240315431374954,0.6489599140080635,0.2900501922015167,0.06273208415931489,0.036218385676206714,0.36987022982643797,0.07111226029033528,0.04105668262130781,0.28708632332092004,0.04349511040330195,0.025111913699778873,0.36651981807772965,0.05153199056042753,0.02975200862194009,0.05585594504858349,0.017845056912877175,0.01030284841235383,0.07006522749961845,0.024446572452251278,0.014114235186070965,0.557171477944683,0.9407228522557612,0.5431265919826963,0.0051562957655058176,0.0013479074986478391,0.0007782147571870451,0.9752683839212257,1.6703991822368374,0.9644054175185689,206.75222659597617,328.5295354141942,189.6766157081277,187.57685131780593,307.83011942678957,177.7258023157316,3.380643759746047,2.1014495052283153,1.213272437531974,0.0,0.0,0.0,371.6666666666667,81.13158036999732,46.84133976639772,0.0,0.0,0.0,0.0,0.0,0.0,-0.008711960040107871,0.00046241435003361626,0.0002669750494690542,0.5667516948268979,0.8300973776330556,0.47925694443004707
RCZDT-MisalignedV,GPR-KG-AVB-safe,vepm,random,fp,3,0.0051537437375855045,8.020165264942835e-18,4.630444574660032e-18,104.66666666666667,55.590766619406615,32.095344072172075,104.66666666666667,55.590766619406615,32.095344072172075,0.0,0.0,0.0,0.0,0.0,0.0,104.66666666666667,55.590766619406615,32.095344072172075,0.0,0.0,0.0,0.0,0.0,0.0,0.0,0.0,0.0,0.0,0.0,0.0,0.0,0.0,0.0,1.0,0.0,0.0,0.0,0.0,0.0,0.009023146749095065,0.0005414393749810963,0.00031260016889519867,0.0468122448273432,0.023658959016110117,0.0136595063566975,-0.05583539157643825,0.02373569502574515,0.013703809912516825,0.05583539157643825,0.02373569502574515,0.013703809912516825,0.06483503683550973,0.02701446936990182,0.015596811162727717,0.2926319733825586,0.12727777422128853,0.07348385720851734,0.3579111619297744,0.13609424175270793,0.07857404711108393,0.30504740860189056,0.10228606717773056,0.05905488841941089,0.36856401963227986,0.10632964434231752,0.061389448783874194,0.07106992257009631,0.030545239356706527,0.017635302165056065,0.07955609411338256,0.030503587221496674,0.017611254293580333,0.015441175940836627,0.006384320231645585,0.003685989004333353,0.01328539032131084,0.0022864586758882957,0.0013200875320150628,0.0044275243749917845,0.0023027265572395958,0.0013294797976923808,1.4658378087697814,0.10274971512804118,0.05932257568833194,1.1175056959399772,0.26571699228414863,0.15341177702351094,0.4902650417767627,0.12392728841796426,0.07154945332805206,104.66666666666667,55.590766619406615,32.095344072172075,0.0,0.0,0.0,0.009023146749095065,0.0005414393749810963,0.00031260016889519867,-0.0468122448273432,0.023658959016110117,0.0136595063566975,0.0,0.0,0.0,0.0,0.0,0.0
RCZDT-MisalignedV,GPR-KG-AVB-safe,vepm,random,high_t1,3,0.0051537437375855045,8.020165264942835e-18,4.630444574660032e-18,327.0,10.44030650891055,6.027713773341709,95.33333333333333,64.14306925407712,37.033018300490234,327.0,10.44030650891055,6.027713773341709,95.33333333333333,64.14306925407712,37.033018300490234,0.0,0.0,0.0,231.66666666666666,54.04936015655812,31.205412635915867,0.0,0.0,0.0,1.0,0.0,0.0,0.28760117935862833,0.19068500213872588,0.11009203731521776,0.421683839340343,0.25377410920421184,0.1465165502624092,0.0,0.0,0.0,0.7123988206413717,0.19068500213872588,0.11009203731521776,0.009870328970536206,0.00010108526972855308,5.836160768888605e-05,0.49962957319437856,0.7423285320823237,0.4285835778248694,0.4761368148035263,0.7648332662541767,0.44157669215702966,0.5047560389483011,0.7450359949980904,0.4301467322681082,0.6997306234782132,1.0544394588035195,0.6087809053843753,0.3545833486171355,0.07354072582479776,0.04245875785134745,0.43868017064649073,0.09566740182908426,0.055233600198693895,0.35212610219156604,0.06393440416252255,0.03691254545371073,0.43673239338204245,0.08035571554901791,0.04639339400315049,0.05950523341477487,0.01974884340157223,0.011402000054081492,0.07491954321451334,0.02562105057081872,0.014792320443983204,0.4837283964996335,0.8151896007272723,0.47064993542047423,0.007043971517448286,0.0002912446311641714,0.00016815016620266764,0.9006407106652258,1.54460540424552,0.8917783459329017,185.4077738389199,301.0979305488806,173.83897125483546,156.8684785312553,267.14136526560594,154.23413914778175,3.0391747691897883,2.09873743972629,1.2117066257843194,0.0,0.0,0.0,231.66666666666666,54.04936015655812,31.205412635915867,0.0,0.0,0.0,0.0,0.0,0.0,-0.010175913483794893,0.00047606369657437195,0.00027485550336862197,0.539066433567645,0.7935166152175079,0.4581370314022689
RCZDT-MisalignedV,GPR-KG-AVB-safe,vepm,random,low_t1,3,0.0051537437375855045,8.020165264942835e-18,4.630444574660032e-18,335.3333333333333,12.503332889007368,7.218802609235905,72.0,50.20956084253277,28.98850346832919,8.666666666666666,2.5166114784235836,1.452966314513558,2.3333333333333335,2.5166114784235836,1.452966314513558,69.66666666666667,47.72141378179542,27.551971093029103,6.333333333333333,5.033222956847167,2.905932629027116,257.0,50.02999100539596,28.884828774519914,0.02471673976608187,0.021497386792466648,0.012411522051504125,0.35185185185185186,0.4315251925085572,0.2491411860569206,0.04507764209256746,0.03966284289030433,0.022899353019543038,0.2136691828678029,0.1448282618221605,0.08361663594928996,0.6481481481481481,0.4315251925085572,0.2491411860569206,0.00993773537800086,6.392562737007548e-05,3.690747817022879e-05,0.48602405589604797,0.706530914263285,0.4079158135407,0.45177744948050447,0.7221980207219706,0.4169612216720447,0.4805635839958149,0.7044760894319644,0.4067294598711995,0.6719484336068309,1.0098022699361036,0.5830096123759045,0.4630254272513068,0.1261794722065707,0.0728497522446685,0.5749770819876162,0.14628503314410918,0.08445770326416477,0.48291641423626186,0.12420439256899787,0.07170943948424488,0.594421548135187,0.13928830269965287,0.08041813905861066,0.06096495267364808,0.02182806207054643,0.012602437512317842,0.07499050367185284,0.026909180158458362,0.015536022408158073,0.446831888585627,0.7516620429746609,0.43397228285104456,0.006591595860574267,0.00024128005427080784,0.00013930310428333844,0.8581114973449236,1.4703979224893886,0.848934636365115,180.69973204868242,292.5764017013162,168.91906428078698,141.98666840211536,240.45681467958877,138.82780668374053,3.0190581494900424,2.0798521367916525,1.200803191051279,69.66666666666667,47.72141378179542,27.551971093029103,6.333333333333333,5.033222956847167,2.905932629027116,0.010376782621998992,0.0005683340588528412,0.0003281278218683205,-0.04323076323696471,0.027995058040787665,0.016162954295827956,0.0,0.0,0.0,0.80861261294509,1.3029209303161715,0.7522417498508392
RCZDT-MisalignedV,GPR-KG-AVB-safe,vepm,random,mid_t1,3,0.0051537437375855045,8.020165264942835e-18,4.630444574660032e-18,337.6666666666667,5.033222956847167,2.905932629027116,71.33333333333333,31.46956201368766,18.16896009988219,170.0,11.269427669584644,6.506407098647712,36.333333333333336,18.90326250501043,10.913803695829932,35.0,13.45362404707371,7.76745346515403,133.66666666666666,24.419937209856485,14.0988573217044,132.66666666666666,13.576941236277534,7.838650677536565,0.4927947208846086,0.06955139165729897,0.040155514695854655,0.2157494054220277,0.11325982384800436,0.06539058978701491,0.2912653542106005,0.13012578742820877,0.07512815840018836,0.20717847681382043,0.07185360080386852,0.0414846957663574,0.7842505945779723,0.11325982384800437,0.06539058978701492,0.006721968780369471,0.0003201960855459536,0.00018486529618342077,0.5365366787579577,0.7854754097360048,0.453494439252914,0.5176475606731314,0.7928917531276584,0.4577762671064879,0.5366334266836854,0.7858856067725483,0.45373126662238317,0.741578610663721,1.1074482819804845,0.6393855637150213,0.2512769475843761,0.01937457710949287,0.011185917309600871,0.3350302469024782,0.03193861598758298,0.018439768537975118,0.25698295392540077,0.021449949214384003,0.012384133953028406,0.3380160730539233,0.02945075459797086,0.017003401094976084,0.05290860217291738,0.016623900037944155,0.009597813161888489,0.0656855473612883,0.022213848245457364,0.012825171264252306,0.5419139992886716,0.9158624526346876,0.5287734335693077,0.006914596948454643,0.0002196845424087992,0.00012683492969651998,0.9673423490555514,1.659657502943007,0.9582037060867272,173.62234779936696,281.46916348466254,162.50629730644872,164.063193396652,278.920636103434,161.03490433685928,3.041212119689082,2.0825155653308896,1.202340922235375,35.0,13.45362404707371,7.76745346515403,133.66666666666666,24.419937209856485,14.0988573217044,0.006689199255243389,0.0007676212397157414,0.0004431863293855576,-0.05073140892263655,0.017520029904983307,0.010115193981852406,-0.006573429322690265,0.0004241242613744071,0.00024486825647436516,0.5983469065490702,0.866272432684785,0.5001426222021126
RCZDT-MisalignedV,GPR-KG-AVB-safe,vepm,random,near_true_boundary,3,0.0051537437375855045,8.020165264942835e-18,4.630444574660032e-18,258.6666666666667,3.2145502536643185,1.8559214542766742,66.66666666666667,46.1988455844227,26.6729159344164,137.33333333333334,9.073771725877465,5.23874454850057,40.666666666666664,28.919428302325294,16.69663971515759,26.0,17.349351572897472,10.016652800877813,96.66666666666667,27.300793639257694,15.762120556715853,95.33333333333333,22.00757445365875,12.706079035030612,0.5895773979107313,0.050148536953576336,0.028953271309613195,0.29424793173083186,0.20455909182842788,0.11810224673232822,0.3645555274958194,0.22409791081688285,0.12938298913496007,0.21806532460182715,0.15258794375336512,0.08809669040109683,0.7057520682691681,0.2045590918284279,0.11810224673232823,0.0026602840870921652,4.995142343911791e-05,2.8839467768979712e-05,0.5830796250911865,0.8758065524342249,0.5056471488059379,0.5523579307848222,0.8969847901274066,0.5178744100390582,0.5827610705660247,0.875907253921576,0.5057052888367678,0.7768857939387558,1.1796938718458192,0.6810965744715356,0.28091949945108347,0.03827140066487727,0.022096003476130915,0.36272588604664824,0.03830978640266352,0.022118165492174848,0.2894175845450035,0.03607316923559192,0.020826853968691925,0.3698769925535474,0.03750617394822424,0.021654199625280195,0.06219957084129905,0.022638629720964018,0.013070418963482839,0.07762096450602922,0.02782201414344956,0.01606304735511818,0.5991792713366558,1.0153117393121691,0.586190506003268,0.006704413482944122,0.0002711938207501478,0.00015657382541266096,1.0201900966863529,1.7513568682809948,1.0111463593491323,193.52207071769814,315.4577351332456,182.129608297129,177.71243258230402,302.9354611967652,174.8998700690358,3.1025339686237743,2.2405878979438443,1.2936040260208963,26.0,17.349351572897472,10.016652800877813,96.66666666666667,27.300793639257694,15.762120556715853,0.003017315665766808,0.0004875393119323258,0.00028148095298465324,-0.05479053867505738,0.02781395235683727,0.016058392880447424,-0.0023031699676838843,0.00016436847343700729,9.489818238514401e-05,0.6432832339927284,0.954843677099211,0.5512792540072416
RCZDT-MisalignedV,GPR-KG-AVB-safe,vepm,random,tn,3,0.0051537437375855045,8.020165264942835e-18,4.630444574660032e-18,389.6666666666667,62.52466180103122,36.09863032181569,0.0,0.0,0.0,0.0,0.0,0.0,0.0,0.0,0.0,0.0,0.0,0.0,0.0,0.0,0.0,389.6666666666667,62.52466180103122,36.09863032181569,0.0,0.0,0.0,0.0,0.0,0.0,0.0,0.0,0.0,0.0,0.0,0.0,0.0,0.0,0.0,0.009097119781852667,4.6136299588947874e-05,2.6636804987092278e-05,0.5492542586058696,0.7916551014064901,0.4570622859023776,0.540157138824017,0.791695468332068,0.45708559175772634,0.5404542940731942,0.7915664450477315,0.45701110012978297,0.7246871190110781,1.0806356388737182,0.6239052769996445,0.4507694314711597,0.13968593403665408,0.08064771161806654,0.5662141617324108,0.16427939679009415,0.0948467539590702,0.46678470342449696,0.12033410514250495,0.06947492799671796,0.5830308185409581,0.13838911130868634,0.07989899066698314,0.05383419336015188,0.01736085467164586,0.01002329411803671,0.06783229142126448,0.02349519146261844,0.013564955115604554,0.5157622716727643,0.8693566309878152,0.5019232849226013,0.004948807209699331,0.0013372892881029735,0.0007720843304706548,0.9298322389263148,1.5915752677539294,0.9188964092732819,192.6893903985166,305.6083567216922,176.44306701986818,176.89506624716282,286.51620565269775,165.42020846077523,3.32545020510616,2.086888058787263,1.204865382509442,0.0,0.0,0.0,0.0,0.0,0.0,0.0,0.0,0.0,0.0,0.0,0.0,0.0,0.0,0.0,0.0,0.0,0.0
RCZDT-MisalignedV,GPR-KG-AVB-safe,vepm,random,tp,3,0.0051537437375855045,8.020165264942835e-18,4.630444574660032e-18,134.0,85.246700815926,49.21720566360237,134.0,85.246700815926,49.21720566360237,134.0,85.246700815926,49.21720566360237,134.0,85.246700815926,49.21720566360237,0.0,0.0,0.0,0.0,0.0,0.0,0.0,0.0,0.0,1.0,0.0,0.0,1.0,0.0,0.0,1.0,0.0,0.0,0.0,0.0,0.0,0.0,0.0,0.0,0.008715504141043324,0.0005720731643858088,0.0003302865954543077,0.05024806910983424,0.022249792193655558,0.012845923512420272,-0.04153256496879092,0.022288385816992273,0.012868205551242727,0.04350417357176847,0.020942504278088983,0.012091160482459564,0.05647859592247334,0.02471343531114693,0.014268308529491083,0.3505756781336918,0.07488496811937424,0.04323485650197727,0.4336037366892287,0.10262363633369902,0.05924978406247939,0.3427315589106539,0.08729169311731146,0.05039788251929798,0.42328974071073483,0.10733915923327496,0.061972292477919404,0.06265547867436723,0.021476328857878323,0.01239936424730098,0.07364313003373212,0.022899036519043015,0.013220764898452557,0.015209769506707604,0.00666225096461734,0.0038464523878306654,0.01266912154587458,0.0028999269566097807,0.0016742736090289091,0.00468727856805321,0.0023229039530515074,0.0013411292225959336,1.9013965680031581,0.784463106872617,0.45290998592223564,1.1215070841318535,0.262153860400153,0.1513546018711279,0.6394541386865161,0.3314513681210873,0.1913635366079795,0.0,0.0,0.0,0.0,0.0,0.0,0.0,0.0,0.0,0.0,0.0,0.0,0.0,0.0,0.0,0.0,0.0,0.0
RCZDT-StepV,GPR-KG-AVB-safe,vepm,axis,all,3,0.0039000000000000007,0.0,0.0,101.0,0.0,0.0,0.0,0.0,0.0,51.0,0.0,0.0,0.0,0.0,0.0,0.0,0.0,0.0,51.0,0.0,0.0,50.0,0.0,0.0,0.0,0.0,0.0,0.0,0.0,0.0,0.0,0.0,0.0,0.0,0.0,0.0,1.0,0.0,0.0,0.007574257425742577,1.0622968402425924e-18,6.133173666733496e-19,0.9425167052005842,0.9639296650600604,0.5565250516022917,0.9425167052005844,0.9639296650600605,0.5565250516022917,0.9425167052005844,0.9639296650600605,0.5565250516022917,0.9427199488973205,0.9637386257613464,0.5564147550117534,0.4657910182050773,0.18665800366110796,0.10776704866013884,0.541283173911404,0.19224815300285233,0.11099452288740516,0.5924280048022925,0.2311365233128605,0.13344673395423423,0.665033213864812,0.2161914261628687,0.12481817809162137,0.12113532187324583,0.11987010554553724,0.06920703770450479,0.12186466597905012,0.1196201843679378,0.06906274564534155,0.4558924935625035,0.6643644421179528,0.3835709894968156,0.0004000149066960149,0.0,0.0,0.4554924786558075,0.6643644421179528,0.3835709894968156,1139.688761421463,1660.849210859099,958.8917389728784,1139.688761421463,1660.849210859099,958.8917389728784,5.523191010067038,2.6943329871849016,1.5555738754376915,0.0,0.0,0.0,51.0,0.0,0.0,0.0,0.0,0.0,0.0,0.0,0.0,-0.0075,0.0,0.0,0.9375071668449296,0.9659334938483092,0.5576819626925971
RCZDT-StepV,GPR-KG-AVB-safe,vepm,axis,far_true_boundary,3,0.0039000000000000007,0.0,0.0,74.0,0.0,0.0,0.0,0.0,0.0,37.0,0.0,0.0,0.0,0.0,0.0,0.0,0.0,0.0,37.0,0.0,0.0,37.0,0.0,0.0,0.0,0.0,0.0,0.0,0.0,0.0,0.0,0.0,0.0,0.0,0.0,0.0,1.0,0.0,0.0,0.009600000000000003,0.0,0.0,0.9419060277480035,0.9685593169348625,0.559197982358463,0.9419060277480037,0.9685593169348624,0.5591979823584629,0.9419060277480037,0.9685593169348624,0.5591979823584629,0.9420936395683785,0.9683849981073755,0.5590973393364885,0.4419008702512976,0.20728547386420848,0.11967632413459992,0.5032745259899052,0.22067093164918622,0.12740442178998318,0.5885167006737027,0.22783473886211958,0.13154044781279284,0.6433956451957316,0.22662306652727732,0.13084088846410202,0.12053071206471865,0.12297298990325967,0.0709984888237001,0.1213011806493527,0.1226165034956387,0.07079267130029769,0.4558924935625035,0.6643644421179528,0.3835709894968156,0.00040001490669601495,0.0,0.0,0.4554924786558076,0.6643644421179529,0.3835709894968157,1139.688761421463,1660.849210859099,958.8917389728784,1139.688761421463,1660.849210859099,958.8917389728784,5.523191010067038,2.6943329871849016,1.5555738754376915,0.0,0.0,0.0,37.0,0.0,0.0,0.0,0.0,0.0,0.0,0.0,0.0,-0.009600000000000001,0.0,0.0,0.9354712009693369,0.9712918639018974,0.5607756190854538
RCZDT-StepV,GPR-KG-AVB-safe,vepm,axis,fn,3,0.0039000000000000007,0.0,0.0,51.0,0.0,0.0,0.0,0.0,0.0,51.0,0.0,0.0,0.0,0.0,0.0,0.0,0.0,0.0,51.0,0.0,0.0,0.0,0.0,0.0,0.0,0.0,0.0,0.0,0.0,0.0,0.0,0.0,0.0,0.0,0.0,0.0,1.0,0.0,0.0,0.0075,0.0,0.0,0.9375071668449296,0.9659334938483092,0.5576819626925971,0.9450071668449298,0.9659334938483093,0.5576819626925972,0.9450071668449298,0.9659334938483093,0.5576819626925972,0.9451356158771157,0.9658392894340551,0.5576275737486686,0.46881623983727927,0.13458114039547095,0.07770045763517197,0.5409211382565773,0.12449818385911496,0.07187905996467954,0.6143042852415895,0.23454660708410505,0.13541554673752143,0.6780487763155504,0.2132540755113812,0.12312229790228073,0.12364208728156949,0.12396457568343928,0.07157098114081141,0.12432214231594911,0.12367611782263763,0.07140443991722771,0.4558924935625035,0.6643644421179528,0.3835709894968156,0.00040001490669601506,6.639355251516202e-20,3.833233541708435e-20,0.4554924786558075,0.6643644421179528,0.3835709894968156,1139.688761421463,1660.849210859099,958.8917389728784,1139.688761421463,1660.849210859099,958.8917389728784,5.523191010067038,2.6943329871849016,1.5555738754376915,0.0,0.0,0.0,51.0,0.0,0.0,0.0,0.0,0.0,0.0,0.0,0.0,-0.0075,0.0,0.0,0.9375071668449296,0.9659334938483092,0.5576819626925971
RCZDT-StepV,GPR-KG-AVB-safe,vepm,axis,fp,3,0.0039000000000000007,0.0,0.0,0.0,0.0,0.0,0.0,0.0,0.0,0.0,0.0,0.0,0.0,0.0,0.0,0.0,0.0,0.0,0.0,0.0,0.0,0.0,0.0,0.0,0.0,0.0,0.0,0.0,0.0,0.0,0.0,0.0,0.0,0.0,0.0,0.0,0.0,0.0,0.0,0.0,0.0,0.0,0.0,0.0,0.0,0.0,0.0,0.0,0.0,0.0,0.0,0.0,0.0,0.0,0.0,0.0,0.0,0.0,0.0,0.0,0.0,0.0,0.0,0.0,0.0,0.0,0.0,0.0,0.0,0.0,0.0,0.0,0.0,0.0,0.0,0.0,0.0,0.0,0.0,0.0,0.0,0.0,0.0,0.0,0.0,0.0,0.0,0.0,0.0,0.0,0.0,0.0,0.0,0.0,0.0,0.0,0.0,0.0,0.0,0.0,0.0,0.0,0.0,0.0,0.0,0.0,0.0,0.0
RCZDT-StepV,GPR-KG-AVB-safe,vepm,axis,high_t1,3,0.0039000000000000007,0.0,0.0,34.0,0.0,0.0,0.0,0.0,0.0,0.0,0.0,0.0,0.0,0.0,0.0,0.0,0.0,0.0,0.0,0.0,0.0,34.0,0.0,0.0,0.0,0.0,0.0,0.0,0.0,0.0,0.0,0.0,0.0,0.0,0.0,0.0,0.0,0.0,0.0,0.010049999999999998,0.0,0.0,0.9484717942022928,0.9670273144946525,0.5583134803372085,0.9384217942022929,0.9670273144946528,0.5583134803372087,0.9384217942022929,0.9670273144946528,0.5583134803372087,0.9385981861604811,0.9668351224197061,0.5582025181910022,0.4671417795898223,0.31391506297191457,0.18123894610951322,0.5070623328388518,0.31077478822080506,0.17942590763663074,0.606460748453696,0.22594020658070493,0.13044663909012966,0.6329086157391456,0.23446157765399983,0.13536645497316116,0.11702378103569651,0.11844317805826782,0.0683832007356157,0.1174161492701196,0.11838821760072026,0.06835146930065583,0.4558924935625035,0.6643644421179528,0.3835709894968156,0.00040001490669601517,0.0,0.0,0.4554924786558076,0.6643644421179529,0.3835709894968157,1139.688761421463,1660.849210859099,958.8917389728784,1139.688761421463,1660.849210859099,958.8917389728784,5.523191010067038,2.6943329871849024,1.555573875437692,0.0,0.0,0.0,0.0,0.0,0.0,0.0,0.0,0.0,0.0,0.0,0.0,0.0,0.0,0.0,0.0,0.0,0.0
RCZDT-StepV,GPR-KG-AVB-safe,vepm,axis,low_t1,3,0.0039000000000000007,0.0,0.0,34.0,0.0,0.0,0.0,0.0,0.0,34.0,0.0,0.0,0.0,0.0,0.0,0.0,0.0,0.0,34.0,0.0,0.0,0.0,0.0,0.0,0.0,0.0,0.0,0.0,0.0,0.0,0.0,0.0,0.0,0.0,0.0,0.0,1.0,0.0,0.0,0.01005,0.0,0.0,0.934998875634459,0.9727130106568437,0.56159611854698,0.9450488756344592,0.9727130106568439,0.5615961185469802,0.9450488756344592,0.9727130106568439,0.5615961185469802,0.9451544078247895,0.9726278863740757,0.5615469720194094,0.40850190104891687,0.28097487985297687,0.16222092251863895,0.4493263149367839,0.2599851176534502,0.15010247766251603,0.5683189915709005,0.40140159640050777,0.2317493197349787,0.6005171823635277,0.38626899711960067,0.22301250946660825,0.12370026287271697,0.12935427768664468,0.07468272704321391,0.12425151124576543,0.12907522039771366,0.07452161324233025,0.4558924935625035,0.6643644421179528,0.3835709894968156,0.00040001490669601517,0.0,0.0,0.4554924786558076,0.6643644421179529,0.3835709894968157,1139.688761421463,1660.849210859099,958.8917389728784,1139.688761421463,1660.849210859099,958.8917389728784,5.523191010067038,2.6943329871849024,1.555573875437692,0.0,0.0,0.0,34.0,0.0,0.0,0.0,0.0,0.0,0.0,0.0,0.0,-0.01005,0.0,0.0,0.934998875634459,0.9727130106568437,0.56159611854698
RCZDT-StepV,GPR-KG-AVB-safe,vepm,axis,mid_t1,3,0.0039000000000000007,0.0,0.0,33.0,0.0,0.0,0.0,0.0,0.0,17.0,0.0,0.0,0.0,0.0,0.0,0.0,0.0,0.0,17.0,0.0,0.0,16.0,0.0,0.0,0.0,0.0,0.0,0.0,0.0,0.0,0.0,0.0,0.0,0.0,0.0,0.0,1.0,0.0,0.0,0.0024727272727272727,0.0,0.0,0.9441268015396801,0.9517307686166584,0.5494820154568771,0.9441268015396801,0.9517307686166584,0.5494820154568771,0.9441268015396801,0.9517307686166584,0.5494820154568771,0.9441316766694894,0.9517268919123655,0.5494797772406101,0.5234244756665355,0.14822342270078598,0.08557683299650648,0.6089041795364779,0.15339102282538347,0.08856034831950718,0.6028096158847046,0.2396086211992826,0.1383381019495609,0.7041661617899521,0.20721315680114616,0.11963457185877388,0.12272878837308387,0.11225922286521585,0.06481289254025056,0.12275815381359756,0.1122396943390035,0.064801617740385,0.4558924935625035,0.6643644421179528,0.3835709894968156,0.0004000149066960151,0.0,0.0,0.45549247865580744,0.6643644421179528,0.3835709894968156,1139.688761421463,1660.849210859099,958.8917389728784,1139.688761421463,1660.849210859099,958.8917389728784,5.523191010067038,2.6943329871849016,1.5555738754376915,0.0,0.0,0.0,17.0,0.0,0.0,0.0,0.0,0.0,0.0,0.0,0.0,-0.0024000000000000007,0.0,0.0,0.9425237492658708,0.9523745825543137,0.5498537216070906
RCZDT-StepV,GPR-KG-AVB-safe,vepm,axis,near_true_boundary,3,0.0039000000000000007,0.0,0.0,27.0,0.0,0.0,0.0,0.0,0.0,14.0,0.0,0.0,0.0,0.0,0.0,0.0,0.0,0.0,14.0,0.0,0.0,13.0,0.0,0.0,0.0,0.0,0.0,0.0,0.0,0.0,0.0,0.0,0.0,0.0,0.0,0.0,1.0,0.0,0.0,0.002022222222222222,0.0,0.0,0.944190413774324,0.9512490385602571,0.5492038884791371,0.944190413774324,0.9512490385602571,0.5492038884791371,0.944190413774324,0.9512490385602571,0.5492038884791371,0.9441932588149801,0.9512468471003193,0.5492026232391521,0.5312677200043253,0.14014479090980894,0.08091263275730201,0.6239810196187142,0.15318674765240198,0.08844240999339756,0.6031478753769458,0.24261019888607163,0.14007106363502211,0.7168219818501086,0.2076588082545081,0.11989186884533715,0.12279240060772771,0.1119761565198166,0.06464946410953579,0.12281085115698909,0.11196317209500639,0.06464196754837634,0.45589249356250344,0.6643644421179525,0.38357098949681545,0.00040001490669601517,0.0,0.0,0.4554924786558076,0.6643644421179529,0.3835709894968157,1139.6887614214631,1660.8492108590992,958.8917389728786,1139.688761421463,1660.849210859099,958.8917389728784,5.523191010067038,2.6943329871849016,1.5555738754376915,0.0,0.0,0.0,14.0,0.0,0.0,0.0,0.0,0.0,0.0,0.0,0.0,-0.0019500000000000003,0.0,0.0,0.9428879338018539,0.9517721399267073,0.5495059011938707
RCZDT-StepV,GPR-KG-AVB-safe,vepm,axis,tn,3,0.0039000000000000007,0.0,0.0,50.0,0.0,0.0,0.0,0.0,0.0,0.0,0.0,0.0,0.0,0.0,0.0,0.0,0.0,0.0,0.0,0.0,0.0,50.0,0.0,0.0,0.0,0.0,0.0,0.0,0.0,0.0,0.0,0.0,0.0,0.0,0.0,0.0,0.0,0.0,0.0,0.00765,1.0622968402425924e-18,6.133173666733496e-19,0.947626434323352,0.961905121341515,0.5553561807414034,0.9399764343233521,0.961905121341515,0.5553561807414034,0.9399764343233521,0.961905121341515,0.5553561807414034,0.9402117033436174,0.9616467650080559,0.5552070186427339,0.46270529214023126,0.25866392300134444,0.14933968557447086,0.5261018671567189,0.2894028270251042,0.16708680008718263,0.5701141987542092,0.2839984187447323,0.16396656351169928,0.6321569248567128,0.29197552971861296,0.16857215067982478,0.1185784211567557,0.11573884719189034,0.06682185458193486,0.11907133948623926,0.11569931323823977,0.06679902964315257,0.4558924935625035,0.6643644421179528,0.3835709894968156,0.00040001490669601506,6.639355251516202e-20,3.833233541708435e-20,0.4554924786558075,0.6643644421179528,0.3835709894968156,1139.688761421463,1660.849210859099,958.8917389728784,1139.688761421463,1660.849210859099,958.8917389728784,5.523191010067038,2.6943329871849016,1.5555738754376915,0.0,0.0,0.0,0.0,0.0,0.0,0.0,0.0,0.0,0.0,0.0,0.0,0.0,0.0,0.0,0.0,0.0,0.0
RCZDT-StepV,GPR-KG-AVB-safe,vepm,axis,tp,3,0.0039000000000000007,0.0,0.0,0.0,0.0,0.0,0.0,0.0,0.0,0.0,0.0,0.0,0.0,0.0,0.0,0.0,0.0,0.0,0.0,0.0,0.0,0.0,0.0,0.0,0.0,0.0,0.0,0.0,0.0,0.0,0.0,0.0,0.0,0.0,0.0,0.0,0.0,0.0,0.0,0.0,0.0,0.0,0.0,0.0,0.0,0.0,0.0,0.0,0.0,0.0,0.0,0.0,0.0,0.0,0.0,0.0,0.0,0.0,0.0,0.0,0.0,0.0,0.0,0.0,0.0,0.0,0.0,0.0,0.0,0.0,0.0,0.0,0.0,0.0,0.0,0.0,0.0,0.0,0.0,0.0,0.0,0.0,0.0,0.0,0.0,0.0,0.0,0.0,0.0,0.0,0.0,0.0,0.0,0.0,0.0,0.0,0.0,0.0,0.0,0.0,0.0,0.0,0.0,0.0,0.0,0.0,0.0,0.0
RCZDT-StepV,GPR-KG-AVB-safe,vepm,combined,all,3,0.0036999999999999915,0.0003464101615137673,0.00019999999999999532,1180.6666666666667,0.5773502691896258,0.33333333333333337,149.66666666666666,162.24775293770122,93.6737838339937,602.0,11.135528725660043,6.429100507328637,82.33333333333333,88.11545456577599,50.87348141331701,67.33333333333333,74.20467191042174,42.842087302609855,519.6666666666666,90.9413730561252,52.50502621442807,511.3333333333333,73.1596427911819,42.238739459305734,0.5559869532208288,0.0433377350311319,0.025021052986292678,0.13713029805049348,0.14697831867128694,0.08485797184990612,0.19475581305986664,0.17187628887517092,0.09923282164939382,0.11610336533840071,0.1275543831894172,0.07364355747072669,0.8628697019495065,0.14697831867128694,0.08485797184990612,0.0075513546405660235,8.662688117250146e-05,5.001405316400144e-05,1.0418072813881867,1.1001068450618348,0.6351469831338002,1.0294175354228363,1.1090971859885632,0.6403375588879534,1.041759649632972,1.1004132760155663,0.6353239011274252,1.3958942542304975,1.4282537622829405,0.8246026941251515,0.4278370065270072,0.020229992908384523,0.011679791851360024,0.5705483594247155,0.036027418083891996,0.020800439528942238,0.44900488039084524,0.03761267484087022,0.021715687944318288,0.5920996437795657,0.050789166284739395,0.029323138826410956,0.06172864355824165,0.027075503095208748,0.015632049000463315,0.07930933367822111,0.03499743786393709,0.02020578017169128,1.3071604500005585,1.9503605441065437,1.126041185156738,0.006386217172857605,0.000245538587103252,0.00014176176936050292,2.179676035241384,3.2586676731890267,1.881392658315216,566.6738921497923,826.4856596716226,477.17171809277676,291.5081553429488,455.51871282943915,262.9938514729885,4.529657952561663,1.782747754695212,1.0292698960704816,67.33333333333333,74.20467191042174,42.842087302609855,519.6666666666666,90.9413730561252,52.50502621442807,0.007762252169541173,0.0017476863253187618,0.001009027170381815,-0.04661838380918107,0.014777588799179805,0.008531844871180059,-0.0072845221183128125,0.00031998723791131075,0.0001847447179453401,1.1338987652027874,1.1386013591241508,0.6573718011900023
RCZDT-StepV,GPR-KG-AVB-safe,vepm,combined,far_true_boundary,3,0.0036999999999999915,0.0003464101615137673,0.00019999999999999532,880.3333333333334,4.725815626252608,2.728450923957483,111.33333333333333,120.29269858696053,69.45102191072817,442.6666666666667,19.139836293274122,11.050389636167184,60.666666666666664,64.60908088909278,37.302070243412025,50.666666666666664,55.734489621179215,32.178322585934225,382.0,80.22468448052632,46.31774318048467,387.0,48.041648597857254,27.736858750286295,0.5487074829931973,0.03950196687058069,0.022806471206249443,0.14043797003260974,0.1528020982325269,0.08822033254728906,0.19676805615453521,0.17656479364511432,0.10193973114041749,0.11403881309077939,0.123565312162682,0.0713404662396246,0.8595620299673903,0.15280209823252688,0.08822033254728905,0.00947330726547029,7.952806327914602e-05,4.591554874234455e-05,1.0494571750813573,1.1239862068176354,0.6489337390715882,1.0366734338938584,1.1335153044147745,0.6544353661344308,1.0493911060628485,1.1244234164342763,0.6491861621614482,1.400091227642367,1.4474543009750214,0.8356881303076102,0.44881211012374694,0.008824067184806264,0.00509457756449524,0.5929239921959327,0.02464788022965353,0.014230460285544122,0.4761581537545168,0.028882125348486703,0.016675102844717314,0.6173996459950034,0.04005705013357167,0.02312694867755994,0.06147517292162591,0.026646662977741493,0.015384458043204288,0.07924922181061135,0.03509700829168535,0.020263267184955063,1.3254343896491678,1.9893810837131338,1.1485697042025274,0.00631104810206607,0.00021177013429014832,0.00012226554403874034,2.1980142502306363,3.2978988264412012,1.9040427752059785,574.1319009039627,837.8647136775483,483.7414179862212,294.7896724896693,452.8595989462727,261.4586113567365,4.549231212866166,1.8145768560024378,1.0476464362782723,50.666666666666664,55.734489621179215,32.178322585934225,382.0,80.22468448052632,46.31774318048467,0.00957547314578005,0.0010993158039517936,0.0006346902753359779,-0.04684978390634451,0.016324064560367387,0.00942470306819694,-0.009280889926152905,0.00017399441524185375,0.00010045572247737579,1.1365490702113692,1.146165880991284,0.6617391799262824
RCZDT-StepV,GPR-KG-AVB-safe,vepm,combined,fn,3,0.0036999999999999915,0.0003464101615137673,0.00019999999999999532,519.6666666666666,90.9413730561252,52.50502621442807,0.0,0.0,0.0,519.6666666666666,90.9413730561252,52.50502621442807,0.0,0.0,0.0,0.0,0.0,0.0,519.6666666666666,90.9413730561252,52.50502621442807,0.0,0.0,0.0,0.0,0.0,0.0,0.0,0.0,0.0,0.0,0.0,0.0,0.0,0.0,0.0,1.0,0.0,0.0,0.0072845221183128125,0.00031998723791131075,0.0001847447179453401,1.1338987652027874,1.1386013591241508,0.6573718011900023,1.1411832873211003,1.1388028446976886,0.6574881289401221,1.1411832873211003,1.1388028446976886,0.6574881289401221,1.4682214343573474,1.4628614011128849,0.8445834237196372,0.4873997648554214,0.21150067399227812,0.12210997106322906,0.6046068920169884,0.24617202389533485,0.14212748426292657,0.5285632804761926,0.21720539338267048,0.12540359233892337,0.6571734766599745,0.23759411788351242,0.13717502791791758,0.06477220576457067,0.02680012420043466,0.015473058921436356,0.08248849426706867,0.03468156610095325,0.020023411524303158,1.412403424573353,2.094956469151502,1.2095236814051675,0.005146557736691975,0.0017710397477183801,0.0010225102750907337,2.2788831782823213,3.4065171527975178,1.9667535951667245,606.1193912211965,831.7665782108107,480.2206578329455,389.98758299318257,404.625960174831,233.61090702804947,4.8987312571676425,1.7742271137265109,1.024350501713534,0.0,0.0,0.0,519.6666666666666,90.9413730561252,52.50502621442807,0.0,0.0,0.0,0.0,0.0,0.0,-0.0072845221183128125,0.00031998723791131075,0.0001847447179453401,1.1338987652027874,1.1386013591241508,0.6573718011900023
RCZDT-StepV,GPR-KG-AVB-safe,vepm,combined,fp,3,0.0036999999999999915,0.0003464101615137673,0.00019999999999999532,67.33333333333333,74.20467191042174,42.842087302609855,67.33333333333333,74.20467191042174,42.842087302609855,0.0,0.0,0.0,0.0,0.0,0.0,67.33333333333333,74.20467191042174,42.842087302609855,0.0,0.0,0.0,0.0,0.0,0.0,0.0,0.0,0.0,0.0,0.0,0.0,0.0,0.0,0.0,1.0,0.0,0.0,0.0,0.0,0.0,0.007762252169541173,0.0017476863253187618,0.001009027170381815,0.04661838380918107,0.014777588799179805,0.008531844871180059,-0.054380635978722246,0.016480014056821334,0.009514740551954615,0.054380635978722246,0.016480014056821334,0.009514740551954615,0.06866391706061667,0.02622142519567498,0.015138946895258586,0.24624258484795555,0.04297113286306119,0.02480939512587155,0.3088793024215827,0.05245829364900132,0.03028680995947935,0.23888897464586942,0.05456929472047172,0.03150559699635237,0.30745208022430814,0.07169786716522208,0.041394782908163,0.04278382700255925,0.011210013286791554,0.006472104188748385,0.05536125744073716,0.01235627411875395,0.007133898188643399,0.008051126595478972,0.003806645084978787,0.0021977675645218687,0.010514704641695169,0.003142796610346954,0.0018144944689920575,0.005857013529953052,0.0013902686459873427,0.0008026719770066889,1.260010555413181,0.4318006271031919,0.24930020829427707,0.7754290091263233,0.3177405559972059,0.1834475955374482,0.851391427314129,0.4131280165897811,0.2385195715878863,67.33333333333333,74.20467191042174,42.842087302609855,0.0,0.0,0.0,0.007762252169541173,0.0017476863253187618,0.001009027170381815,-0.04661838380918107,0.014777588799179805,0.008531844871180059,0.0,0.0,0.0,0.0,0.0,0.0
RCZDT-StepV,GPR-KG-AVB-safe,vepm,combined,high_t1,3,0.0036999999999999915,0.0003464101615137673,0.00019999999999999532,389.3333333333333,16.802777548171413,9.701088140570166,44.666666666666664,52.367292591209385,30.234270474266633,0.0,0.0,0.0,0.0,0.0,0.0,44.666666666666664,52.367292591209385,30.234270474266633,0.0,0.0,0.0,344.6666666666667,40.253364248635584,23.240290684737815,0.0,0.0,0.0,0.0,0.0,0.0,0.0,0.0,0.0,0.11178403750129957,0.1285270203269553,0.07420510978390814,0.0,0.0,0.0,0.010184153377169778,5.231943605417121e-05,3.0206640489725162e-05,1.0401719859470524,1.112229850176438,0.6421462034001036,1.0200396704014423,1.1203603788679128,0.6468403663287806,1.0325863240611795,1.1104152400417784,0.6410985377503837,1.382503978610884,1.4257055265522578,0.8231314695400832,0.43061572243904744,0.18789915606727503,0.10848362833594474,0.5384855913510481,0.23515216368486053,0.13576516500397717,0.4470649465309018,0.17811100390734436,0.10283243605153976,0.5486119702177549,0.2089734464602132,0.12065087556728794,0.060190767659609144,0.026013745814507418,0.01501904314863636,0.0776188991133989,0.034408751209224556,0.01986590177312466,1.2946588729790223,1.9332136783252414,1.1161414375821448,0.006545680125511333,0.000363609351914554,0.00020992995720773314,2.1540821034373985,3.2148824434672623,1.8561132441488257,576.0887359084148,848.3930076521666,489.81993134657466,282.44973836020944,465.56985841157143,268.79688308049674,4.512662608828279,1.835219613424861,1.0595645378329246,44.666666666666664,52.367292591209385,30.234270474266633,0.0,0.0,0.0,0.01075015873015873,0.0006096252395764499,0.00035196729617425343,-0.04393187887952773,0.01898814800461648,0.010962812361877782,0.0,0.0,0.0,0.0,0.0,0.0
RCZDT-StepV,GPR-KG-AVB-safe,vepm,combined,low_t1,3,0.0036999999999999915,0.0003464101615137673,0.00019999999999999532,395.3333333333333,18.14754345175493,10.47748909700114,54.333333333333336,57.23926391327314,33.04710442854428,395.3333333333333,18.14754345175493,10.47748909700114,54.333333333333336,57.23926391327314,33.04710442854428,0.0,0.0,0.0,341.0,74.83982896827064,43.20879540093661,0.0,0.0,0.0,1.0,0.0,0.0,0.14196948731815795,0.15437767476721004,0.08912999208371722,0.22852799268139537,0.22324049474296884,0.1288879597338783,0.0,0.0,0.0,0.858030512681842,0.15437767476721007,0.08912999208371723,0.010018617034252027,6.818889971370286e-05,3.9368879605450746e-05,1.056795669468361,1.1390040966780675,0.6576043218251688,1.050749956625541,1.151028912521884,0.6645468524895519,1.063976431409258,1.1410173962652288,0.6587667008837758,1.4111153755678927,1.4660086019946692,0.8464004609959292,0.4927450787569328,0.1750788182577842,0.10108180285053328,0.6144346388699335,0.215884748443971,0.1246411176280613,0.5317314655663853,0.15383511059629534,0.08881674251358697,0.6664994629917537,0.18168184155809483,0.104894060130433,0.06332860796482828,0.027936612202089928,0.016129210575122805,0.0815586903114508,0.036781361249183346,0.021235728818376876,1.34503394931549,2.0274499440664226,1.170548770975241,0.006100487840980262,0.00012225558558487883,7.058429524736513e-05,2.2271989303566593,3.35748885417699,1.9384470937602536,570.0712614048683,829.6291837803936,478.9866325831798,300.82642259362336,446.7010090249516,257.90294780783324,4.571147237864931,1.8158606011408474,1.048387606879504,0.0,0.0,0.0,341.0,74.83982896827064,43.20879540093661,0.0,0.0,0.0,0.0,0.0,0.0,-0.00988735219062734,0.00012279605419342177,7.089633494399594e-05,1.136904661997746,1.1430164324044767,0.6599208449368903
RCZDT-StepV,GPR-KG-AVB-safe,vepm,combined,mid_t1,3,0.0036999999999999915,0.0003464101615137673,0.00019999999999999532,396.0,6.244997998398398,3.6055512754639896,50.666666666666664,53.71529887595649,31.012542265634686,206.66666666666666,15.53490693030806,8.969082698049142,28.0,31.32091952673165,18.083141320025124,22.666666666666668,22.50185177565023,12.99145017993672,178.66666666666666,16.19670748434179,9.351173426070359,166.66666666666666,32.929217016706204,19.011692308798935,0.5396825396825397,0.06556631603912026,0.037854730214958165,0.1287177318615514,0.13669598627895038,0.0789214644752934,0.18731900808726473,0.16919963373625962,0.09768745408441558,0.1244526928546299,0.1295975774036308,0.0748231962003096,0.8712822681384487,0.13669598627895038,0.0789214644752934,0.0025000802546604,0.00012018377337892431,6.938813391254694e-05,1.0285462319613468,1.0483921897563033,0.605289512972103,1.017261151894777,1.0546113496156069,0.6088801465910052,1.0285374782826713,1.0484335441894361,0.6053133889652044,1.392486677787728,1.3909512320257331,0.8030660682396986,0.36989256018658606,0.05948352504801338,0.03434282919881838,0.5029548865122732,0.08653941096607828,0.04996355221677695,0.3772213535355926,0.07205447256598592,0.04160066913228848,0.5163506255460332,0.10239338876551439,0.05911685056700774,0.06160290888331238,0.02717229472037109,0.015687931671306096,0.07857801075629282,0.033741634618849055,0.0194807418300905,1.2798262161271217,1.8864520025111562,1.0891435714631246,0.006504917578392874,0.00036997874176027975,0.00021360732614973655,2.152786413339537,3.195431775122608,1.8448833955441215,554.6925090990854,802.5959074319643,463.37896320633655,290.5985444500555,453.9439912687569,262.08468555602997,4.506811246604943,1.697966592377515,0.9803214691841499,22.666666666666668,22.50185177565023,12.99145017993672,178.66666666666666,16.19670748434179,9.351173426070359,0.0026870833333333334,0.00019761204627586037,0.00011409136811248078,-0.04809411048880513,0.011879952806056063,0.006858893950536518,-0.002391281247347424,7.256397759840517e-05,4.18948319999092e-05,1.1287377391484175,1.1283900976127434,0.6514763266076256
RCZDT-StepV,GPR-KG-AVB-safe,vepm,combined,near_true_boundary,3,0.0036999999999999915,0.0003464101615137673,0.00019999999999999532,300.3333333333333,4.932882862316248,2.8480012484391777,38.333333333333336,42.44211744639201,24.50396793265214,159.33333333333334,12.096831541082702,6.984108946585654,21.666666666666668,23.75570107012911,13.715360407627323,16.666666666666668,18.717193521821944,10.80637671829822,137.66666666666666,12.662279942148386,7.31057073315377,124.33333333333333,25.423086620891123,14.678025904202665,0.5854002823149829,0.07275726366105162,0.04200642576020873,0.1295377794352249,0.13383939921023236,0.07727221316220544,0.18947900129888876,0.1638950852861399,0.09462487160880956,0.12263926549640836,0.14265350014762623,0.08236103671107432,0.8704622205647752,0.13383939921023236,0.07727221316220544,0.0019164400951215002,0.00014820447761237728,8.556589504461389e-05,1.0190809992880006,1.0298573461864746,0.5945884160476748,1.0078326610267119,1.0373231510860708,0.5988988005161738,1.0190824291404124,1.0297755138317555,0.5945411701156492,1.3821059680726633,1.3713154004260135,0.7917293155798384,0.3660596603923126,0.057468574372371184,0.03317949688383253,0.4970360670056117,0.07929436808762422,0.045780624760611115,0.369091471990522,0.06639358509607546,0.038332354227683496,0.5085085320138057,0.09256692560752096,0.05344353941755829,0.06249777122856634,0.028381624919827875,0.016386138787501614,0.07946319029429051,0.03486047930888917,0.020126707113066543,1.2527600916538668,1.8344053237980826,1.0590944074977058,0.00660564500057709,0.00034302777313235624,0.00019804717715748377,2.1232792975095753,3.1398777410040926,1.812809258991227,544.571538258112,792.5494559272506,457.57864172568964,281.3796760650926,461.7050961416556,266.5655615436069,4.470984748454828,1.6888886559901477,0.9750803201672171,16.666666666666668,18.717193521821944,10.80637671829822,137.66666666666666,12.662279942148386,7.31057073315377,0.0017926900584795307,0.0005120330551778321,0.00029562242224090787,-0.043085557760045516,0.007246217707639136,0.004183605744112088,-0.0018212757863483124,0.00016962309135362376,9.793193745379117e-05,1.1261146105211566,1.114257296384672,0.643316750014195
RCZDT-StepV,GPR-KG-AVB-safe,vepm,combined,tn,3,0.0036999999999999915,0.0003464101615137673,0.00019999999999999532,511.3333333333333,73.1596427911819,42.238739459305734,0.0,0.0,0.0,0.0,0.0,0.0,0.0,0.0,0.0,0.0,0.0,0.0,0.0,0.0,0.0,511.3333333333333,73.1596427911819,42.238739459305734,0.0,0.0,0.0,0.0,0.0,0.0,0.0,0.0,0.0,0.0,0.0,0.0,0.0,0.0,0.0,0.007707579370763697,0.00018489979153199094,0.00010675194441410067,1.1042865688265102,1.107394311971864,0.6393544041160162,1.0965789894557465,1.1075266856843675,0.6394308301145637,1.0968236922297392,1.1073853927782564,0.6393492546171858,1.4293507813980637,1.4161092319752528,0.8175910462828265,0.40577678238292253,0.2243947046206216,0.12955434311744246,0.5087154172765497,0.25890537699377986,0.14947908910200036,0.4217112070429925,0.21434091792718182,0.12374978666360992,0.5222006111893226,0.23477330755964115,0.13554643231809763,0.06379874908896596,0.02684643441445957,0.015499796135969867,0.08119736737255989,0.03501347587792297,0.0202150397233833,1.340595817323548,1.9717291462271385,1.1383783533432694,0.005688727609092257,0.0010304201641539751,0.0005949133591527159,2.190381398927092,3.2462823084594365,1.8742419646545756,618.4969968529094,875.8132303391712,505.65100429615626,382.92356305299296,415.63809792703773,239.96876772363927,4.791662567847067,1.793342627895626,1.0353868489647706,0.0,0.0,0.0,0.0,0.0,0.0,0.0,0.0,0.0,0.0,0.0,0.0,0.0,0.0,0.0,0.0,0.0,0.0
RCZDT-StepV,GPR-KG-AVB-safe,vepm,combined,tp,3,0.0036999999999999915,0.0003464101615137673,0.00019999999999999532,82.33333333333333,88.11545456577599,50.87348141331701,82.33333333333333,88.11545456577599,50.87348141331701,82.33333333333333,88.11545456577599,50.87348141331701,82.33333333333333,88.11545456577599,50.87348141331701,0.0,0.0,0.0,0.0,0.0,0.0,0.0,0.0,0.0,1.0,0.0,0.0,1.0,0.0,0.0,1.0,0.0,0.0,0.0,0.0,0.0,0.0,0.0,0.0,0.008233307453416149,0.0016396106758106706,0.0009466296650454749,0.05060347295408005,0.005425717421257312,0.0031325394137097515,-0.042370165500663894,0.004513684563560151,0.002605976997808512,0.04405658807077852,0.004872319485135939,0.0028130349663210933,0.06418182353240792,0.010755616343794301,0.006209757991389979,0.343150589218077,0.1839269139931115,0.10619025330514008,0.44269949385201296,0.2471928005812026,0.14271682995729482,0.33709191550789924,0.19975934306042653,0.11533111048908007,0.4407540651545531,0.26590141055043076,0.15351825095919241,0.04549041528508538,0.009916452571053518,0.005725266561303906,0.0587948725398838,0.013363803178838781,0.007715595362699747,0.00774063901514969,0.0032745341954373993,0.0018905531992064173,0.009188175999274515,0.003802999516681874,0.002195662794684297,0.005315091219573882,0.001265917528382555,0.0007308778257835339,2.022441311651182,1.00271097770198,0.5789154528956311,1.1557989910207125,0.5094479187210261,0.294129893011679,0.9627811495478507,0.5023872890799463,0.2900534365877534,0.0,0.0,0.0,0.0,0.0,0.0,0.0,0.0,0.0,0.0,0.0,0.0,0.0,0.0,0.0,0.0,0.0,0.0
RCZDT-StepV,GPR-KG-AVB-safe,vepm,random,all,3,0.003674999999999992,0.00032691742076554553,0.00018874586088176587,1000.0,0.0,0.0,107.0,150.74150058958548,87.03064594344532,512.0,10.583005244258363,6.110100926607787,61.0,85.85452812752511,49.568134925574924,46.0,64.95382975621992,37.501111094650696,451.0,79.79348344319854,46.068789145508624,442.0,72.38093671679029,41.78915329763614,0.557853894820087,0.11501842642548622,0.06640591945852165,0.11775273305505866,0.16475052533856105,0.09511876015335048,0.162295038661162,0.20615966773945296,0.11902633966541698,0.09555945821854912,0.135559861945111,0.07826552278531834,0.8822472669449413,0.16475052533856105,0.09511876015335048,0.007484499999999999,9.47431791740178e-05,5.4700000000000123e-05,1.124042137567968,1.2009779007638504,0.6933849142968007,1.1152952071245406,1.2098379810496023,0.6985002840348212,1.1239825674095918,1.2012974602805095,0.693569412069766,1.4741220511337263,1.5268743076387885,0.8815412925339781,0.43415076641841505,0.035038799593757414,0.020229660377537192,0.5807122430994942,0.04926678674499839,0.028444192589332708,0.44559700850616796,0.04311175789324303,0.024890585024901837,0.5918450969771059,0.05931147255046336,0.034243494643043125,0.05683806580996766,0.02054698517947961,0.011862807424407804,0.07175686786847234,0.026379920795168058,0.015230454372291286,1.4863877806842838,2.220895726356925,1.2822347454542602,0.006891220729648713,0.00011200529912318858,6.466628959943748e-05,2.3427771108258946,3.509528095810743,2.0262269908448873,551.4196264068605,804.9517384795705,464.7391028958373,288.2720891559347,456.49475121287963,263.5573674964073,4.557122149658344,1.7823668254687144,1.0290499664790211,46.0,64.95382975621992,37.501111094650696,451.0,79.79348344319854,46.068789145508624,0.007587568870523417,0.002145957366870971,0.0012389690634324157,-0.021426506371703766,0.015140771217193006,0.00874152833798492,-0.007253113128065799,0.00035246937548284095,0.00020349828881611752,1.19444863490091,1.2137605113620757,0.7007649579666323
RCZDT-StepV,GPR-KG-AVB-safe,vepm,random,far_true_boundary,3,0.003674999999999992,0.00032691742076554553,0.00018874586088176587,748.0,1.7320508075688772,1.0,80.66666666666667,113.12087929879847,65.31037011412846,377.3333333333333,11.150485789118488,6.437735971942656,45.666666666666664,62.978832422754024,36.36084585252537,35.0,50.23942674832188,29.005746557076126,331.6666666666667,68.53709457901856,39.56991000467121,335.6666666666667,45.74203027122138,26.409173490369675,0.543297960024727,0.16091956512319094,0.09290695424175181,0.12246887623203584,0.1688537887287825,0.09748778037625079,0.16693920632891415,0.20807405071248278,0.12013160919022778,0.09306949029734696,0.13305350606050004,0.0768184775406532,0.8775311237679642,0.1688537887287825,0.09748778037625079,0.009366585809906292,0.00011429395554143397,6.598764599859402e-05,1.1314910393669038,1.2306900270965093,0.7105392184331575,1.1226860098733649,1.2396674907216831,0.7157223594737917,1.131405696760906,1.2311317613346398,0.7107942538144524,1.4772136640779923,1.548569523149717,0.8940670310493396,0.4595804628481142,0.02419887237929815,0.013971225482273189,0.6087322305412629,0.03895645526683522,0.02249151993498093,0.4758141035024677,0.03321073517191676,0.01917422689149151,0.6223997808012908,0.05083144945236279,0.029347551024620513,0.056492256602866275,0.0196598033391086,0.011350592750049454,0.07134682201959129,0.025551457434510576,0.014752140828001947,1.5071559220573487,2.2671487143731626,1.3089389205362594,0.006841851334689481,0.00011001000210529699,6.351430432904451e-05,2.3586339338061157,3.5471598132049316,2.04795367301249,560.3257613591876,820.7727184680696,473.8733499510409,288.61642895153506,457.0911836612479,263.90171793102616,4.568626247630151,1.825967539125699,1.054222850245741,35.0,50.23942674832188,29.005746557076126,331.6666666666667,68.53709457901856,39.56991000467121,0.009378986175115208,0.0014135836557223821,0.0008161329041533726,-0.02255501422971305,0.012590928005166264,0.007269375673129941,-0.009237231805035077,0.0002547981692910802,0.00014710779162922902,1.1942388510603994,1.2211413648258949,0.7050262957008174
RCZDT-StepV,GPR-KG-AVB-safe,vepm,random,fn,3,0.003674999999999992,0.00032691742076554553,0.00018874586088176587,451.0,79.79348344319854,46.068789145508624,0.0,0.0,0.0,451.0,79.79348344319854,46.068789145508624,0.0,0.0,0.0,0.0,0.0,0.0,451.0,79.79348344319854,46.068789145508624,0.0,0.0,0.0,0.0,0.0,0.0,0.0,0.0,0.0,0.0,0.0,0.0,0.0,0.0,0.0,1.0,0.0,0.0,0.007253113128065799,0.00035246937548284095,0.00020349828881611752,1.19444863490091,1.2137605113620757,0.7007649579666323,1.2017017480289758,1.2139736222127326,0.7008879975736263,1.2017017480289758,1.2139736222127326,0.7008879975736263,1.5299084698564247,1.540629626316404,0.8894829294752885,0.49711597092399223,0.2519493511100863,0.14546302568555988,0.6088701570641056,0.29142529193116207,0.1682544707451217,0.5264662234520481,0.25668136989102797,0.1481950580025469,0.648807093418294,0.2934706842849896,0.16943537857120244,0.05982689381735446,0.020809467559925274,0.012014351697415642,0.07420836571017553,0.02664049629633809,0.015380897708036025,1.5608042482956768,2.317886947655706,1.338232653180142,0.005711290355565398,0.0019495806659139891,0.0011255909222723315,2.4054841315929076,3.5963213830919187,2.076337118620527,576.4847604453806,790.4419916365251,456.3618966501317,376.60608372294695,405.383847151518,234.04847327805504,4.8849673013494135,1.7225529148951346,0.9945163891080806,0.0,0.0,0.0,451.0,79.79348344319854,46.068789145508624,0.0,0.0,0.0,0.0,0.0,0.0,-0.007253113128065799,0.00035246937548284095,0.00020349828881611752,1.19444863490091,1.2137605113620757,0.7007649579666323
RCZDT-StepV,GPR-KG-AVB-safe,vepm,random,fp,3,0.003674999999999992,0.00032691742076554553,0.00018874586088176587,46.0,64.95382975621992,37.501111094650696,46.0,64.95382975621992,37.501111094650696,0.0,0.0,0.0,0.0,0.0,0.0,46.0,64.95382975621992,37.501111094650696,0.0,0.0,0.0,0.0,0.0,0.0,0.0,0.0,0.0,0.0,0.0,0.0,0.0,0.0,0.0,1.0,0.0,0.0,0.0,0.0,0.0,0.007587568870523417,0.002145957366870971,0.0012389690634324157,0.021426506371703766,0.015140771217193006,0.00874152833798492,-0.029014075242227183,0.0151058764950647,0.008721381860770845,0.029014075242227183,0.0151058764950647,0.008721381860770845,0.034959408822425216,0.017611045791596846,0.010167742028489265,0.2511199289133162,0.06710526168251886,0.03874324089644254,0.3102392058589701,0.06950130868308896,0.04012659927721269,0.24380875998702098,0.08877467400640902,0.051254081934821526,0.3079815772553626,0.10053380431081312,0.058043218981505114,0.046976682663405274,0.016914379058347025,0.009765521302512025,0.05400036956150525,0.013868748848651693,0.008007125881092368,0.011488801391484657,0.0060078804619605256,0.0034686514019720027,0.009756618640087538,0.005437985372656902,0.00313962231875271,0.004191982364973185,0.0021442545891717955,0.0012379859642694267,1.6482721702231846,0.8512192195553568,0.49145164554966847,1.1396928161767697,0.3343535484209191,0.1930391111853242,0.5738416867703198,0.32838394928773085,0.18959256151882384,46.0,64.95382975621992,37.501111094650696,0.0,0.0,0.0,0.007587568870523417,0.002145957366870971,0.0012389690634324157,-0.021426506371703766,0.015140771217193006,0.00874152833798492,0.0,0.0,0.0,0.0,0.0,0.0
RCZDT-StepV,GPR-KG-AVB-safe,vepm,random,high_t1,3,0.003674999999999992,0.00032691742076554553,0.00018874586088176587,327.0,10.44030650891055,6.027713773341709,31.0,45.077710678338576,26.025628394590846,0.0,0.0,0.0,0.0,0.0,0.0,31.0,45.077710678338576,26.025628394590846,0.0,0.0,0.0,296.0,39.50949253027682,22.810816147900834,0.0,0.0,0.0,0.0,0.0,0.0,0.0,0.0,0.0,0.09303704696172772,0.13476148177455793,0.07780457777893388,0.0,0.0,0.0,0.010055734005311236,8.932562140988828e-05,5.15721715665296e-05,1.1157609935951223,1.2035483777316511,0.6948689798661062,1.0990227121679208,1.2102163930371073,0.6987187602976719,1.1077766884911118,1.201591307550693,0.693739064870307,1.4580406484387343,1.5238779748874731,0.8798113590134244,0.43353345837101004,0.2132765109201791,0.12313525099158958,0.5389979543014946,0.2640343371578221,0.152440295633373,0.4373011881901871,0.19316825190567025,0.11152574223662816,0.5406207716053476,0.229613332025605,0.13256731905450997,0.0555199403523132,0.01931463651272272,0.011151310589920239,0.0701404785192215,0.024950186522213057,0.014404996904931081,1.4709316996701813,2.2011030245678738,1.2708074237483615,0.007095125212104338,0.00024864977577868357,0.00014355801497976305,2.325533594890877,3.486990007419907,2.0132146194454186,553.5464267013388,813.6559812487228,469.76449980169923,277.6749553945781,467.3221428744527,269.80856498683806,4.52536207300401,1.819753272554587,1.0506350417680934,31.0,45.077710678338576,26.025628394590846,0.0,0.0,0.0,0.010511933448078027,0.0007843106708656802,0.0004528219769525964,-0.020961153921065553,0.015488417295085877,0.008942241894639087,0.0,0.0,0.0,0.0,0.0,0.0
RCZDT-StepV,GPR-KG-AVB-safe,vepm,random,low_t1,3,0.003674999999999992,0.00032691742076554553,0.00018874586088176587,335.3333333333333,12.503332889007368,7.218802609235905,40.666666666666664,55.2931581059839,31.923519716834345,335.3333333333333,12.503332889007368,7.218802609235905,40.666666666666664,55.2931581059839,31.923519716834345,0.0,0.0,0.0,294.6666666666667,66.90540586031396,38.627854083693435,0.0,0.0,0.0,1.0,0.0,0.0,0.1251632482050797,0.17173916634021383,0.09915365391692438,0.19657203351192423,0.2547605609520503,0.1470860784445663,0.0,0.0,0.0,0.8748367517949202,0.17173916634021383,0.09915365391692438,0.009988857506000476,0.0001256410515851381,7.253889495394715e-05,1.141374096919037,1.2459106368325403,0.7193268415614853,1.139138543887247,1.2579211751769601,0.7262611291077483,1.1488834425944543,1.2481567039910089,0.7206236090400451,1.4878257488410682,1.5609645446691676,0.9012233000602056,0.5119882815267133,0.223178442580919,0.12885213390141503,0.6234731795505137,0.2681099806281648,0.15479336948809633,0.5405403777001156,0.20260927418726263,0.11697651899233077,0.6641531937602468,0.24766545795140193,0.14298971881721387,0.05851794108455901,0.020968876468545897,0.012106386473718984,0.07385006403612121,0.02746339522932559,0.015855998628512214,1.5212821341450047,2.2930644017118134,1.3239013495974636,0.006599889611608168,0.0002137772114035317,0.00012342433055043657,2.368790916963386,3.5678816989113695,2.0599174593032186,558.0209931859071,815.6276338550086,470.9028339646868,290.67357440168774,454.07419039888134,262.15985605885555,4.600210857293239,1.824412587398909,1.0533250984477018,0.0,0.0,0.0,294.6666666666667,66.90540586031396,38.627854083693435,0.0,0.0,0.0,0.0,0.0,0.0,-0.009873247517179655,0.0001455314051215268,8.402259592245799e-05,1.194063210091472,1.2093659968987505,0.6982277838582738
RCZDT-StepV,GPR-KG-AVB-safe,vepm,random,mid_t1,3,0.003674999999999992,0.00032691742076554553,0.00018874586088176587,337.6666666666667,5.033222956847167,2.905932629027116,35.333333333333336,51.05226080530942,29.475036518684377,176.66666666666666,17.672954855748753,10.203485243342646,20.333333333333332,30.989245446337243,17.891649200426194,15.0,20.074859899884732,11.590225767142474,156.33333333333334,13.316656236958785,7.688375063113864,146.0,32.96968304366907,19.03505538035898,0.35009671179883944,0.3113038484930686,0.17973136072723964,0.10467528805092258,0.1562386344634323,0.09020441766528219,0.14691521562454005,0.2079677405913972,0.12007023101320144,0.1005764373783341,0.13908913051382713,0.08030314694350908,0.8953247119490775,0.15623863446343225,0.09020441766528216,0.0025092636476394723,0.00013717580966808698,7.91984906381749e-05,1.1142671251889953,1.1523587900089352,0.6653146576146902,1.1066161088846778,1.1596553603051758,0.6695273344393857,1.1142495270296757,1.1523933852991128,0.665334631214787,1.4747109233009228,1.4942291210767273,0.8626935852846265,0.3665272765997393,0.07261291505374644,0.041923086052923934,0.49981792307120737,0.10202650967737871,0.05890503282671256,0.3675336170019246,0.07935332331905783,0.04581466257934944,0.5033142603973819,0.10747565484015686,0.062051098253295876,0.05642936716113592,0.02131619921845654,0.012306913356875573,0.0711136339725303,0.02668646966789222,0.015407440446478357,1.4649106648525312,2.1648679286093557,1.249887081342599,0.0069751301197127505,0.00027710329125371267,0.0001599856597986623,2.331397013277314,3.4699391525925045,2.0033703038209043,542.7475475877458,785.6978440231924,453.62286174849874,285.91956244262866,457.5287267158213,264.15433353136615,4.5449248486218305,1.7023445637205443,0.9828490921175523,15.0,20.074859899884732,11.590225767142474,156.33333333333334,13.316656236958785,7.688375063113864,0.0024561403508771913,0.000569263102745769,0.0003286642056099913,-0.019525357652719462,0.017590961825521848,0.01015614654526947,-0.0023985147124554514,6.926463903402994e-05,3.998995799161945e-05,1.1966960937096924,1.2217255565941447,0.7053635789754749
RCZDT-StepV,GPR-KG-AVB-safe,vepm,random,near_true_boundary,3,0.003674999999999992,0.00032691742076554553,0.00018874586088176587,252.0,1.7320508075688772,1.0,26.333333333333332,37.978063843926186,21.926645383591577,134.66666666666666,10.969655114602888,6.333333333333333,15.333333333333334,23.180451534284945,13.383239933256487,11.0,14.798648586948742,8.544003745317532,119.33333333333333,13.203534880225574,7.623064417352849,106.33333333333333,27.15388247255507,15.67730135507313,0.3666666666666667,0.32145502536643183,0.18559214542766742,0.10582010582010581,0.15659945594654753,0.09041273804568817,0.14893275557695393,0.20840499484297365,0.12032267987305341,0.10384581483259205,0.14595692468261537,0.08426826975559792,0.8941798941798943,0.15659945594654753,0.09041273804568817,0.0018985691699604738,0.00012853223374799643,7.420811975394964e-05,1.102052916359815,1.1142490635740994,0.6433119967987947,1.0934802914082222,1.1228007009606273,0.6482492869459188,1.1020716503929473,1.114201588129846,0.6432845868382752,1.4635562741297468,1.4630455752839104,0.8446897567268566,0.3587895751254074,0.06820046633405295,0.039375557596823485,0.4862315168984479,0.08989767840351595,0.05190244882579234,0.3560409707803461,0.07193361989343872,0.04153089480926107,0.4883329297059053,0.09443323191891105,0.054521051868829655,0.05785060135032479,0.02325604087039642,0.013426881456808313,0.07287527455085607,0.028940783122958162,0.016708968926598473,1.42506425035463,2.084562409622888,1.2035226683383495,0.007036825561007462,0.00021232422780830218,0.0001225854500806027,2.294306497484968,3.397012063030364,1.9612658290309868,525.1171611362191,758.2459921974786,437.77352770716914,286.28535877516305,457.20345263650364,263.9665364541117,4.521330054225099,1.6531803463907038,0.9544641180076716,11.0,14.798648586948742,8.544003745317532,119.33333333333333,13.203534880225574,7.623064417352849,0.0020749999999999974,0.0002410912690248251,0.00013919410907075127,-0.019503552851062825,0.022746819594022995,0.01313288241581703,-0.0018036799733032996,0.00016994284788891245,9.811654897551523e-05,1.1939434688181099,1.1913936051065395,0.6878514186190593
RCZDT-StepV,GPR-KG-AVB-safe,vepm,random,tn,3,0.003674999999999992,0.00032691742076554553,0.00018874586088176587,442.0,72.38093671679029,41.78915329763614,0.0,0.0,0.0,0.0,0.0,0.0,0.0,0.0,0.0,0.0,0.0,0.0,0.0,0.0,0.0,442.0,72.38093671679029,41.78915329763614,0.0,0.0,0.0,0.0,0.0,0.0,0.0,0.0,0.0,0.0,0.0,0.0,0.0,0.0,0.0,0.007637681543011001,0.0002382062511869831,0.0001375284432454563,1.1520095927128333,1.1615774750349963,0.6706370678960609,1.1443719111698225,1.1617517942083004,0.670737711117693,1.1445964999225413,1.1615458448898435,0.6706188062232424,1.485086115174757,1.4890063248327041,0.8596782024672172,0.40305913413180106,0.2335452651296384,0.13483742169055926,0.5043177865522008,0.2735243631230133,0.1579193646789927,0.40858949143256584,0.21314780220266674,0.12306094097888676,0.5091042495086243,0.23902797050425617,0.13800286311448223,0.059168004895671165,0.019899407329059704,0.011488928178146632,0.07413906724870946,0.026107694948034728,0.015073284706168484,1.4757446302430324,2.1735370531841993,1.2548922027495235,0.006339614409716937,0.0011449456851155549,0.0006610346995089662,2.327582106413199,3.461541547443141,1.9985219442273714,580.9986000498583,820.0494462996058,473.455768569881,347.9758524123169,418.04739259089155,241.35977464637241,4.7555129494150306,1.7286620286794225,0.9980434875959492,0.0,0.0,0.0,0.0,0.0,0.0,0.0,0.0,0.0,0.0,0.0,0.0,0.0,0.0,0.0,0.0,0.0,0.0
RCZDT-StepV,GPR-KG-AVB-safe,vepm,random,tp,3,0.003674999999999992,0.00032691742076554553,0.00018874586088176587,61.0,85.85452812752511,49.568134925574924,61.0,85.85452812752511,49.568134925574924,61.0,85.85452812752511,49.568134925574924,61.0,85.85452812752511,49.568134925574924,0.0,0.0,0.0,0.0,0.0,0.0,0.0,0.0,0.0,1.0,0.0,0.0,1.0,0.0,0.0,1.0,0.0,0.0,0.0,0.0,0.0,0.0,0.0,0.0,0.008343214285714287,0.003987628716494582,0.002302258512896429,0.027871416590763965,0.018874210389472314,0.010897030449103473,-0.019528202305049678,0.020292676512861013,0.011715982247278304,0.02196361550541653,0.01823313302802327,0.010526904261899492,0.028189319639657637,0.023126627433971758,0.01335216457445178,0.3367840211431617,0.1802384946038253,0.10406074337785146,0.41680778725337736,0.2369358007943005,0.13679494836924894,0.3227362330219061,0.20011970812855107,0.1155391673581683,0.4061041597799188,0.255961400372692,0.1477793834073273,0.04703852533449748,0.0125930324219335,0.007270590658716992,0.05438102064516148,0.007242968153984724,0.004181729613434967,0.011500147603779163,0.006006386058950263,0.0034677886079917497,0.00921375994720477,0.006178166816622387,0.0035669662746753484,0.004350027256418611,0.0014593959420507987,0.0008425826399972762,2.359075000790947,2.0370204962601686,1.1760743318605935,1.672934433761102,1.122983286512484,0.6483547027634333,0.7343263823109742,0.643482577986013,0.371514839619059,0.0,0.0,0.0,0.0,0.0,0.0,0.0,0.0,0.0,0.0,0.0,0.0,0.0,0.0,0.0,0.0,0.0,0.0
