problem,method,variance_mode,rep,seed,pool,kappa,boundary_abs_threshold,x,x1,t1,t1_region,class,true_feasible,posterior_feasible,true_margin,post_margin,abs_true_margin,margin_error,true_mu0,pred_mu0,mu0_error,true_var0,pred_var0,true_mu1,pred_mu1,mu1_error,true_var1,pred_var1,true_mu2,pred_mu2,mu2_error,true_var2,pred_var2
RZDT2_VC,GPR-KG-oracleV,oracle,0,1000,axis,1.0,0.004417494632216135,0 0 0 0 0,0,0.0,low_t1,tp,1,1,-0.011999999999999997,-0.011457464947013697,0.011999999999999997,0.0005425350529862996,0.0,0.07217544353108872,0.07217544353108872,0.0004,0.0004,1.0,0.8519005417990395,-0.1480994582009605,0.0004,0.0004,-0.04489707253902944,-0.04435453748604314,0.0005425350529862996,0.0004,0.0004
RZDT2_VC,GPR-KG-oracleV,oracle,0,1000,axis,1.0,0.004417494632216135,1 0 0 0 0,1,0.01,low_t1,tp,1,1,-0.01197632074113926,-0.017010769243884602,0.01197632074113926,-0.005034448502745342,0.01,0.08083744986818404,0.07083744986818405,0.0004039562776451963,0.0004039562776451963,0.9999,0.8554855181922597,-0.1444144818077403,0.0004039562776451963,0.0004039562776451963,-0.04503568042525459,-0.05007012892799993,-0.005034448502745342,0.0004039562776451963,0.0004039562776451963
RZDT2_VC,GPR-KG-oracleV,oracle,0,1000,axis,1.0,0.004417494632216135,2 0 0 0 0,2,0.02,low_t1,tp,1,1,-0.011905376415773737,-0.02212466255797134,0.011905376415773737,-0.010219286142197602,0.02,0.08951454699467594,0.06951454699467594,0.00041592604220944417,0.00041592604220944417,0.9996,0.8589215680414586,-0.14067843195854146,0.00041592604220944417,0.00041592604220944417,-0.045450957061927026,-0.05567024320412463,-0.010219286142197602,0.00041592604220944417,0.00041592604220944417
RZDT2_VC,GPR-KG-oracleV,oracle,0,1000,axis,1.0,0.004417494632216135,3 0 0 0 0,3,0.03,low_t1,tp,1,1,-0.011787447008744269,-0.026801063781277862,0.011787447008744269,-0.015013616772533593,0.03,0.09820673491056438,0.06820673491056438,0.0004362098522594935,0.0004362098522594935,0.9991,0.8622086913466357,-0.1368913086533643,0.0004362098522594935,0.0004362098522594935,-0.04614126354188364,-0.06115488031441723,-0.015013616772533593,0.0004362098522594935,0.0004362098522594935
RZDT2_VC,GPR-KG-oracleV,oracle,0,1000,axis,1.0,0.004417494632216135,4 0 0 0 0,4,0.04,low_t1,tp,1,1,-0.011622997933543572,-0.03104316265160223,0.011622997933543572,-0.019420164718058658,0.04,0.10691401361584937,0.06691401361584937,0.0004653012221544117,0.0004653012221544117,0.9984,0.8653468881077915,-0.13305311189220848,0.0004653012221544117,0.0004653012221544117,-0.04710387554081907,-0.06652404025887773,-0.019420164718058658,0.0004653012221544117,0.0004653012221544117
RZDT2_VC,GPR-KG-oracleV,oracle,0,1000,axis,1.0,0.004417494632216135,5 0 0 0 0,5,0.05,low_t1,tp,1,1,-0.011412678195541842,-0.034855407164098864,0.011412678195541842,-0.023442728968557022,0.05,0.11563638311053093,0.06563638311053092,0.0005038756289026093,0.0005038756289026093,0.9975,0.8683361583249256,-0.12916384167507444,0.0005038756289026093,0.0005038756289026093,-0.04833499406894913,-0.07177772303750615,-0.023442728968557022,0.0005038756289026093,0.0005038756289026093
RZDT2_VC,GPR-KG-oracleV,oracle,0,1000,axis,1.0,0.004417494632216135,6 0 0 0 0,6,0.06,low_t1,tp,1,1,-0.011157317830659014,-0.03824348601707367,0.011157317830659014,-0.027086168186414655,0.06,0.12437384339460904,0.06437384339460904,0.0005527753830590045,0.0005527753830590045,0.9964,0.8711765019980384,-0.12522349800196153,0.0005527753830590045,0.0005527753830590045,-0.04982976046388783,-0.07691592865030249,-0.027086168186414655,0.0005527753830590045,0.0005527753830590045
RZDT2_VC,GPR-KG-oracleV,oracle,0,1000,axis,1.0,0.004417494632216135,7 0 0 0 0,7,0.07,low_t1,tp,1,1,-0.010857924629592237,-0.04121430616129077,0.010857924629592237,-0.030356381531698534,0.07,0.1331263944680837,0.06312639446808369,0.0006129906199237256,0.0006129906199237256,0.9951,0.8738679191271296,-0.1212320808728704,0.0006129906199237256,0.0006129906199237256,-0.051582275565568186,-0.08193865709726672,-0.030356381531698534,0.0006129906199237256,0.0006129906199237256
RZDT2_VC,GPR-KG-oracleV,oracle,0,1000,axis,1.0,0.004417494632216135,8 0 0 0 0,8,0.08,low_t1,tp,1,1,-0.010515680160526363,-0.04377596554139342,0.010515680160526363,-0.03326028538086706,0.08,0.14189403633095493,0.06189403633095493,0.0006856367334167007,0.0006856367334167007,0.9936,0.8764104097121992,-0.11718959028780085,0.0006856367334167007,0.0006856367334167007,-0.05358562299753181,-0.08684590837839887,-0.03326028538086706,0.0006856367334167007,0.0006856367334167007
RZDT2_VC,GPR-KG-oracleV,oracle,0,1000,axis,1.0,0.004417494632216135,9 0 0 0 0,9,0.09,low_t1,tp,1,1,-0.010131935106024177,-0.04593772113701596,0.010131935106024177,-0.035805786030991785,0.09,0.1506767689832227,0.06067676898322269,0.0007719286359422355,0.0007719286359422355,0.9919,0.8788039737532474,-0.11309602624675263,0.0007719286359422355,0.0007719286359422355,-0.05583189646270714,-0.09163768249369893,-0.035805786030991785,0.0007719286359422355,0.0007719286359422355
RZDT2_VC,GPR-KG-oracleV,oracle,0,1000,axis,1.0,0.004417494632216135,10 0 0 0 0,10,0.1,low_t1,tp,1,1,-0.009708203932499368,-0.04770995242971438,0.009708203932499368,-0.038001748497215014,0.1,0.159474592424887,0.05947459242488701,0.0008731522823440523,0.0008731522823440523,0.99,0.881048611250274,-0.10895138874972599,0.0008731522823440523,0.0008731522823440523,-0.05831223094595187,-0.09631397944316689,-0.038001748497215014,0.0008731522823440523,0.0008731522823440523
RZDT2_VC,GPR-KG-oracleV,oracle,0,1000,axis,1.0,0.004417494632216135,11 0 0 0 0,11,0.11,low_t1,tp,1,1,-0.009246158913309467,-0.04910412043989456,0.009246158913309467,-0.03985796152658509,0.11,0.16828750665594788,0.05828750665594788,0.0009906339438016311,0.0009906339438016311,0.9879,0.8831443222032791,-0.1047556777967209,0.0009906339438016311,0.0009906339438016311,-0.061016837700217666,-0.10087479922680276,-0.03985796152658509,0.0009906339438016311,0.0009906339438016311
RZDT2_VC,GPR-KG-oracleV,oracle,0,1000,axis,1.0,0.004417494632216135,12 0 0 0 0,12,0.12,low_t1,tp,1,1,-0.008747623529056933,-0.05013272249540074,0.008747623529056933,-0.041385098966343806,0.12,0.17711551167640532,0.05711551167640533,0.0011257077574617607,0.0011257077574617607,0.9856,0.8850911066122628,-0.10050889338773727,0.0011257077574617607,0.0011257077574617607,-0.06393504287826272,-0.10532014184460653,-0.041385098966343806,0.0011257077574617607,0.0011257077574617607
RZDT2_VC,GPR-KG-oracleV,oracle,0,1000,axis,1.0,0.004417494632216135,13 0 0 0 0,13,0.13,low_t1,tp,1,1,-0.00821456527114426,-0.05080924291027202,0.00821456527114426,-0.04259467763912776,0.13,0.18595860748625934,0.05595860748625933,0.0012796821090875375,0.0012796821090875375,0.9831,0.8868889644772248,-0.09621103552277521,0.0012796821090875375,0.0012796821090875375,-0.06705532965745045,-0.10965000729657821,-0.04259467763912776,0.0012796821090875375,0.0012796821090875375
RZDT2_VC,GPR-KG-oracleV,oracle,0,1000,axis,1.0,0.004417494632216135,14 0 0 0 0,14,0.14,low_t1,tp,1,1,-0.007649087876984276,-0.05114809976831526,0.007649087876984276,-0.043499011891330985,0.14,0.1948167940855099,0.05481679408550988,0.001453805428527017,0.001453805428527017,0.9804,0.8885378957981654,-0.0918621042018346,0.001453805428527017,0.001453805428527017,-0.07036538369138683,-0.11386439558271781,-0.043499011891330985,0.001453805428527017,0.001453805428527017
RZDT2_VC,GPR-KG-oracleV,oracle,0,1000,axis,1.0,0.004417494632216135,15 0 0 0 0,15,0.15,low_t1,tp,1,1,-0.007053423027509678,-0.0511645880215153,0.007053423027509678,-0.04411116499400562,0.15,0.203690071474157,0.053690071474157,0.0016492319909840038,0.0016492319909840038,0.9775,0.8900379005750845,-0.08746209942491556,0.0016492319909840038,0.0016492319909840038,-0.0738521417090197,-0.11796330670302532,-0.04411116499400562,0.0016492319909840038,0.0016492319909840038
RZDT2_VC,GPR-KG-oracleV,oracle,0,1000,axis,1.0,0.004417494632216135,16 0 0 0 0,16,0.16,low_t1,tp,1,1,-0.00642992153974796,-0.05087481912784693,0.00642992153974796,-0.04444489758809897,0.16,0.21257843965220066,0.05257843965220066,0.0018669883206906834,0.0018669883206906834,0.9744,0.8913889788079821,-0.08301102119201798,0.0018669883206906834,0.0018669883206906834,-0.07750184306940175,-0.12194674065750072,-0.04444489758809897,0.0018669883206906834,0.0018669883206906834
RZDT2_VC,GPR-KG-oracleV,oracle,0,1000,axis,1.0,0.004417494632216135,17 0 0 0 0,17,0.17,low_t1,tp,1,1,-0.005781044089220588,-0.05029565746671118,0.005781044089220588,-0.04451461337749059,0.17,0.22148189861964088,0.051481898619640865,0.0021079407875642477,0.0021079407875642477,0.9711,0.892591130496858,-0.07850886950314195,0.0021079407875642477,0.0021079407875642477,-0.08130008406865345,-0.12581469744614404,-0.04451461337749059,0.0021079407875642477,0.0021079407875642477
RZDT2_VC,GPR-KG-oracleV,oracle,0,1000,axis,1.0,0.004417494632216135,18 0 0 0 0,18,0.18,low_t1,tp,1,1,-0.005109351498780876,-0.04944465378293411,0.005109351498780876,-0.044335302284153236,0.18,0.23040044837647766,0.05040044837647767,0.00237276497185863,0.00237276497185863,0.9676,0.8936443556417126,-0.07395564435828739,0.00237276497185863,0.00237276497185863,-0.08523187478480203,-0.12956717706895526,-0.044335302284153236,0.00237276497185863,0.00237276497185863
RZDT2_VC,GPR-KG-oracleV,oracle,0,1000,axis,1.0,0.004417494632216135,19 0 0 0 0,19,0.19,low_t1,tp,1,1,-0.004417494632216135,-0.048339975921995404,0.004417494632216135,-0.04392248128977927,0.19,0.23933408892271096,0.04933408892271096,0.0026619173469304897,0.0026619173469304897,0.9639,0.8945486542425456,-0.06935134575745439,0.0026619173469304897,0.0026619173469304897,-0.08928169823615514,-0.1332041795259344,-0.04392248128977927,0.0026619173469304897,0.0026619173469304897
RZDT2_VC,GPR-KG-oracleV,oracle,0,1000,axis,1.0,0.004417494632216135,20 0 0 0 0,20,0.2,low_t1,tp,1,1,-0.0037082039324993626,-0.047000337129842154,0.0037082039324993626,-0.04329213319734279,0.2,0.24828282025834086,0.04828282025834085,0.002975609796406684,0.002975609796406684,0.96,0.895304026299357,-0.06469597370064295,0.002975609796406684,0.002975609796406684,-0.09343357161973867,-0.13672570481708146,-0.04329213319734279,0.002975609796406684,0.002975609796406684
RZDT2_VC,GPR-KG-oracleV,oracle,0,1000,axis,1.0,0.004417494632216135,21 0 0 0 0,21,0.21,low_t1,tp,1,1,-0.002984278645978264,-0.04544492220025656,0.002984278645978264,-0.042460643554278296,0.21,0.2572466423833673,0.047246642383367315,0.0033137874397911856,0.0033137874397911856,0.9559,0.8959104718121471,-0.05998952818785286,0.0033137874397911856,0.0033137874397911856,-0.09767110938811811,-0.1401317529423964,-0.042460643554278296,0.0033137874397911856,0.0033137874397911856
RZDT2_VC,GPR-KG-oracleV,oracle,0,1000,axis,1.0,0.004417494632216135,22 0 0 0 0,22,0.22,low_t1,tp,1,1,-0.0022485757750286967,-0.04369331176123942,0.0022485757750286967,-0.04144473598621072,0.22,0.2662255552977903,0.046225555297790294,0.0036761101905396125,0.0036761101905396125,0.9516,0.8963679907809156,-0.055232009219084444,0.0036761101905396125,0.0036761101905396125,-0.10197758791566854,-0.14342232390187926,-0.04144473598621072,0.0036761101905396125,0.0036761101905396125
RZDT2_VC,GPR-KG-oracleV,oracle,0,1000,axis,1.0,0.004417494632216135,23 0 0 0 0,23,0.23,low_t1,tp,1,1,-0.0015039988027716472,-0.041765404999217076,0.0015039988027716472,-0.04026140619644543,0.23,0.2752195590016098,0.045219559001609816,0.004061938413639081,0.004061938413639081,0.9471,0.8966765832056625,-0.050423416794337594,0.004061938413639081,0.004061938413639081,-0.1063360114990846,-0.14659741769553003,-0.04026140619644543,0.004061938413639081,0.004061938413639081
RZDT2_VC,GPR-KG-oracleV,oracle,0,1000,axis,1.0,0.004417494632216135,24 0 0 0 0,24,0.24,low_t1,tp,1,1,-0.0007534862343517579,-0.03968134112604359,0.0007534862343517579,-0.03892785489169183,0.24,0.28422865349482596,0.044228653494825965,0.004470322986651707,0.004470322986651707,0.9424,0.8968362490863879,-0.04556375091361209,0.004470322986651707,0.004470322986651707,-0.11072917943165687,-0.1496570343233487,-0.03892785489169183,0.004470322986651707,0.004470322986651707
RZDT2_VC,GPR-KG-oracleV,oracle,0,1000,axis,1.0,0.004417494632216135,25 0 0 0 0,25,0.25,low_t1,tp,1,1,0.0,-0.03746141989873224,0.0,-0.03746141989873224,0.25,0.29325283877743863,0.04325283877743863,0.004900000000000001,0.004900000000000001,0.9375,0.8968469884230919,-0.04065301157690815,0.004900000000000001,0.004900000000000001,-0.11513975388660307,-0.1526011737853353,-0.03746141989873224,0.004900000000000001,0.004900000000000001
RZDT2_VC,GPR-KG-oracleV,oracle,0,1000,axis,1.0,0.004417494632216135,26 0 0 0 0,26,0.26,low_t1,fp,0,1,0.0007534862343517579,-0.0351260215055888,0.0007534862343517579,-0.03587950773994056,0.26,0.30229211484944785,0.04229211484944784,0.005349390260062097,0.005349390260062097,0.9324,0.8967088012157743,-0.035691198784225664,0.005349390260062097,0.005349390260062097,-0.11955032834154922,-0.15542983608148978,-0.03587950773994056,0.005349390260062097,0.005349390260062097
RZDT2_VC,GPR-KG-oracleV,oracle,0,1000,axis,1.0,0.004417494632216135,27 0 0 0 0,27,0.27,low_t1,fp,0,1,0.0015039988027716472,-0.03269552613491902,0.0015039988027716472,-0.03419952493769067,0.27,0.3113464817108536,0.04134648171085359,0.005816603683539342,0.005816603683539342,0.9271,0.8964216874644352,-0.030678312535564856,0.005816603683539342,0.005816603683539342,-0.1239434962741215,-0.15814302121181217,-0.03419952493769067,0.005816603683539342,0.005816603683539342
RZDT2_VC,GPR-KG-oracleV,oracle,0,1000,axis,1.0,0.004417494632216135,28 0 0 0 0,28,0.28,low_t1,fp,0,1,0.0022485757750287105,-0.03019023354373626,0.0022485757750287105,-0.03243880931876497,0.28,0.3204159393616559,0.040415939361655884,0.006299448594739758,0.006299448594739758,0.9216,0.8959856471690746,-0.02561435283092539,0.006299448594739758,0.006299448594739758,-0.12830191985753753,-0.1607407291763025,-0.03243880931876497,0.006299448594739758,0.006299448594739758
RZDT2_VC,GPR-KG-oracleV,oracle,0,1000,axis,1.0,0.004417494632216135,29 0 0 0 0,29,0.29,low_t1,fp,0,1,0.00298427864597825,-0.027630282943894496,0.00298427864597825,-0.030614561589872746,0.29,0.3295004878018548,0.03950048780185483,0.006795445860099151,0.006795445860099151,0.9159,0.8954006803296924,-0.020499319670307603,0.006795445860099151,0.006795445860099151,-0.13260839838508798,-0.16322295997496072,-0.030614561589872746,0.006795445860099151,0.006795445860099151
RZDT2_VC,GPR-KG-oracleV,oracle,0,1000,axis,1.0,0.004417494632216135,30 0 0 0 0,30,0.3,low_t1,fp,0,1,0.0037082039324993765,-0.025035573521820065,0.0037082039324993765,-0.02874377745431944,0.3,0.33860012703145026,0.03860012703145027,0.007301847717655946,0.007301847717655946,0.91,0.8946667869462888,-0.01533321305371127,0.007301847717655946,0.007301847717655946,-0.1368459361534674,-0.16558971360778685,-0.02874377745431944,0.007301847717655946,0.007301847717655946
RZDT2_VC,GPR-KG-oracleV,oracle,0,1000,axis,1.0,0.004417494632216135,31 0 0 0 0,31,0.31,low_t1,fp,0,1,0.004417494632216135,-0.022425685905513776,0.004417494632216135,-0.02684318053772991,0.31,0.34771485705044225,0.03771485705044225,0.007815661084515983,0.007815661084515983,0.9039,0.8937839670188638,-0.01011603298113628,0.007815661084515983,0.007815661084515983,-0.14099780953705096,-0.16784099007478087,-0.02684318053772991,0.007815661084515983,0.007815661084515983
RZDT2_VC,GPR-KG-oracleV,oracle,0,1000,axis,1.0,0.004417494632216135,32 0 0 0 0,32,0.32,low_t1,fp,0,1,0.005109351498780862,-0.01981980488875787,0.005109351498780862,-0.02492915638753873,0.32,0.3568446778588308,0.03684467785883078,0.008333675053769645,0.008333675053769645,0.8976,0.892752220547417,-0.004847779452582968,0.008333675053769645,0.008333675053769645,-0.1450476329884041,-0.16997678937594282,-0.02492915638753873,0.008333675053769645,0.008333675053769645
RZDT2_VC,GPR-KG-oracleV,oracle,0,1000,axis,1.0,0.004417494632216135,33 0 0 0 0,33,0.33,low_t1,fp,0,1,0.005781044089220588,-0.017236643717499445,0.005781044089220588,-0.023017687806720033,0.33,0.3659895894566159,0.0359895894566159,0.00885249222498826,0.00885249222498826,0.8911,0.8915715475319489,0.00047154753194889043,0.00885249222498826,0.00885249222498826,-0.14897942370455264,-0.17199711151127267,-0.023017687806720033,0.00885249222498826,0.00885249222498826
RZDT2_VC,GPR-KG-oracleV,oracle,0,1000,axis,1.0,0.004417494632216135,34 0 0 0 0,34,0.34,mid_t1,fp,0,1,0.006429921539747974,-0.014694370237218063,0.006429921539747974,-0.021124291776966037,0.34,0.3751495918437976,0.03514959184379757,0.00936856345039664,0.00936856345039664,0.8844,0.8902419479724591,0.005841947972459183,0.00936856345039664,0.00936856345039664,-0.15277766470380438,-0.17390195648077042,-0.021124291776966037,0.00936856345039664,0.00936856345039664
RZDT2_VC,GPR-KG-oracleV,oracle,0,1000,axis,1.0,0.004417494632216135,35 0 0 0 0,35,0.35,mid_t1,fp,0,1,0.007053423027509664,-0.012210535192739985,0.007053423027509664,-0.01926395822024965,0.35,0.38432468502037576,0.03432468502037578,0.009878225523078626,0.009878225523078626,0.8775000000000001,0.888763421868948,0.01126342186894791,0.009878225523078626,0.009878225523078626,-0.15642736606418642,-0.17569132428443607,-0.01926395822024965,0.009878225523078626,0.009878225523078626
RZDT2_VC,GPR-KG-oracleV,oracle,0,1000,axis,1.0,0.004417494632216135,36 0 0 0 0,36,0.36,mid_t1,fp,0,1,0.00764908787698429,-0.009802002963466089,0.00764908787698429,-0.01745109084045038,0.36,0.3935148689863506,0.03351486898635059,0.010377741285008674,0.010377741285008674,0.8704000000000001,0.8871359692214152,0.01673596922141518,0.010377741285008674,0.010377741285008674,-0.1599141240818193,-0.17736521492226967,-0.01745109084045038,0.010377741285008674,0.010377741285008674
RZDT2_VC,GPR-KG-oracleV,oracle,0,1000,axis,1.0,0.004417494632216135,37 0 0 0 0,37,0.37,mid_t1,fp,0,1,0.008214565271144253,-0.007484885007371239,0.008214565271144253,-0.015699450278515492,0.37,0.40272014374172194,0.03272014374172194,0.01086334159208918,0.01086334159208918,0.8631,0.885359590029861,0.022259590029861,0.01086334159208918,0.01086334159208918,-0.16322417811575568,-0.17892362839427117,-0.015699450278515492,0.01086334159208918,0.01086334159208918
RZDT2_VC,GPR-KG-oracleV,oracle,0,1000,axis,1.0,0.004417494632216135,38 0 0 0 0,38,0.38,mid_t1,fp,0,1,0.008747623529056947,-0.00527447627644026,0.008747623529056947,-0.014022099805497207,0.38,0.4119405092864898,0.03194050928648978,0.011331268541361518,0.011331268541361518,0.8556,0.8834342842942853,0.02783428429428525,0.011331268541361518,0.011331268541361518,-0.16634446489494334,-0.18036656470044055,-0.014022099805497207,0.011331268541361518,0.011331268541361518
RZDT2_VC,GPR-KG-oracleV,oracle,0,1000,axis,1.0,0.004417494632216135,39 0 0 0 0,39,0.39,mid_t1,fp,0,1,0.00924615891330946,-0.003185194854479906,0.00924615891330946,-0.012431353767789366,0.39,0.4211759656206542,0.031175965620654167,0.01177781934266268,0.01177781934266268,0.8479,0.881360052014688,0.033460052014688046,0.01177781934266268,0.01177781934266268,-0.16926267007298845,-0.18169402384077782,-0.012431353767789366,0.01177781934266268,0.01177781934266268
RZDT2_VC,GPR-KG-oracleV,oracle,0,1000,axis,1.0,0.004417494632216135,40 0 0 0 0,40,0.4,mid_t1,fp,0,1,0.009708203932499382,-0.0012305250555294522,0.009708203932499382,-0.010938728988028834,0.4,0.4304265127442152,0.03042651274421515,0.012199390203593317,0.012199390203593317,0.84,0.8791368931910692,0.03913689319106928,0.012199390203593317,0.012199390203593317,-0.1719672768272542,-0.18290600581528305,-0.010938728988028834,0.012199390203593317,0.012199390203593317
RZDT2_VC,GPR-KG-oracleV,oracle,0,1000,axis,1.0,0.004417494632216135,41 0 0 0 0,41,0.41,mid_t1,tn,0,0,0.01013193510602417,0.00057703579256696,0.01013193510602417,-0.00955489931345721,0.41,0.43969215065717276,0.02969215065717279,0.012592519592970444,0.012592519592970444,0.8319000000000001,0.8767648078234289,0.04486480782342883,0.012592519592970444,0.012592519592970444,-0.17444761131049896,-0.18400251062395617,-0.00955489931345721,0.012592519592970444,0.012592519592970444
RZDT2_VC,GPR-KG-oracleV,oracle,0,1000,axis,1.0,0.004417494632216135,42 0 0 0 0,42,0.42,mid_t1,tn,0,0,0.01051568016052637,0.002226026669403469,0.01051568016052637,-0.0082896534911229,0.42,0.44897287935952684,0.02897287935952686,0.012953930254030792,0.012953930254030792,0.8236,0.8742437959117673,0.050643795911767264,0.012953930254030792,0.012953930254030792,-0.1766938847756743,-0.1849835382667972,-0.0082896534911229,0.012953930254030792,0.012953930254030792
RZDT2_VC,GPR-KG-oracleV,oracle,0,1000,axis,1.0,0.004417494632216135,43 0 0 0 0,43,0.43,mid_t1,tn,0,0,0.01085792462959223,0.0037060680934240253,0.01085792462959223,-0.007151856536168205,0.43,0.4582686988512775,0.02826869885127753,0.01328056935444799,0.01328056935444799,0.8151,0.8715738574560838,0.0564738574560838,0.01328056935444799,0.01328056935444799,-0.1786972322076379,-0.1858490887438061,-0.007151856536168205,0.01328056935444799,0.01328056935444799
RZDT2_VC,GPR-KG-oracleV,oracle,0,1000,axis,1.0,0.004417494632216135,44 0 0 0 0,44,0.44,mid_t1,tn,0,0,0.011157317830659014,0.005007903084994297,0.011157317830659014,-0.006149414745664716,0.44,0.46757960913242474,0.027579609132424743,0.013569646185494524,0.013569646185494524,0.8064,0.868754992456379,0.06235499245637899,0.013569646185494524,0.013569646185494524,-0.18044974730931826,-0.18659916205498298,-0.006149414745664716,0.013569646185494524,0.013569646185494524
RZDT2_VC,GPR-KG-oracleV,oracle,0,1000,axis,1.0,0.004417494632216135,45 0 0 0 0,45,0.45,mid_t1,tn,0,0,0.011412678195541842,0.006123433699471076,0.011412678195541842,-0.005289244496070766,0.45,0.4769056102029685,0.0269056102029685,0.01381866685703476,0.01381866685703476,0.7975,0.8657872009126527,0.06828720091265272,0.01381866685703476,0.01381866685703476,-0.18194451370425696,-0.18723375820032773,-0.005289244496070766,0.01381866685703476,0.01381866685703476
RZDT2_VC,GPR-KG-oracleV,oracle,0,1000,axis,1.0,0.004417494632216135,46 0 0 0 0,46,0.46,mid_t1,tn,0,0,0.011622997933543572,0.007045752986090281,0.011622997933543572,-0.004577244947453291,0.46,0.4862467020629088,0.0262467020629088,0.014025465477955251,0.014025465477955251,0.7884,0.8626704828249048,0.07427048282490478,0.014025465477955251,0.014025465477955251,-0.18317563223238706,-0.18775287717984035,-0.004577244947453291,0.014025465477955251,0.014025465477955251
RZDT2_VC,GPR-KG-oracleV,oracle,0,1000,axis,1.0,0.004417494632216135,47 0 0 0 0,47,0.47,mid_t1,tn,0,0,0.011787447008744262,0.007769172246545802,0.011787447008744262,-0.004018274762198459,0.47,0.4956028847122457,0.0256028847122457,0.014188231362461133,0.014188231362461133,0.7791,0.8594048381931354,0.08030483819313539,0.014188231362461133,0.014188231362461133,-0.18413824423132247,-0.18815651899352093,-0.004018274762198459,0.014188231362461133,0.014188231362461133
RZDT2_VC,GPR-KG-oracleV,oracle,0,1000,axis,1.0,0.004417494632216135,48 0 0 0 0,48,0.48,mid_t1,tn,0,0,0.011905376415773744,0.008289243485683412,0.011905376415773744,-0.003616132930090332,0.48,0.5049741581509791,0.024974158150979142,0.014305531860612137,0.014305531860612137,0.7696000000000001,0.8559902670173446,0.08639026701734454,0.014305531860612137,0.014305531860612137,-0.1848285507112791,-0.18844468364136943,-0.003616132930090332,0.014305531860612137,0.014305531860612137
RZDT2_VC,GPR-KG-oracleV,oracle,0,1000,axis,1.0,0.004417494632216135,49 0 0 0 0,49,0.49,mid_t1,tn,0,0,0.011976320741139274,0.008602776965704995,0.011976320741139274,-0.003373543775434279,0.49,0.5143605223791092,0.02436052237910924,0.014376330475641002,0.014376330475641002,0.7599,0.8524267692975321,0.09252676929753212,0.014376330475641002,0.014376330475641002,-0.18524382734795153,-0.1886173711233858,-0.003373543775434279,0.014376330475641002,0.014376330475641002
RZDT2_VC,GPR-KG-oracleV,oracle,0,1000,axis,1.0,0.004417494632216135,50 0 0 0 0,50,0.5,mid_t1,tn,0,0,0.01200000000000001,0.008707853794606535,0.01200000000000001,-0.003292146205393476,0.5,0.5237619773966357,0.02376197739663566,0.0144,0.0144,0.75,0.8487143450336982,0.09871434503369825,0.0144,0.0144,-0.18538243523417663,-0.1886745814395701,-0.003292146205393476,0.0144,0.0144
RZDT2_VC,GPR-KG-oracleV,oracle,0,1000,axis,1.0,0.004417494632216135,51 0 0 0 0,51,0.51,mid_t1,tn,0,0,0.011976320741139274,0.008603833499168517,0.011976320741139274,-0.0033724872419707563,0.51,0.5331785232035587,0.023178523203558732,0.014376330475641002,0.014376330475641002,0.7399,0.8448529942258428,0.10495299422584281,0.014376330475641002,0.014376330475641002,-0.18524382734795153,-0.18861631458992228,-0.0033724872419707563,0.014376330475641002,0.014376330475641002
RZDT2_VC,GPR-KG-oracleV,oracle,0,1000,axis,1.0,0.004417494632216135,52 0 0 0 0,52,0.52,mid_t1,tn,0,0,0.011905376415773744,0.008291356552610457,0.011905376415773744,-0.003614019863163287,0.52,0.5426101597998785,0.02261015979987846,0.014305531860612137,0.014305531860612137,0.7296,0.8408427168739658,0.11124271687396581,0.014305531860612137,0.014305531860612137,-0.1848285507112791,-0.1884425705744424,-0.003614019863163287,0.014305531860612137,0.014305531860612137
RZDT2_VC,GPR-KG-oracleV,oracle,0,1000,axis,1.0,0.004417494632216135,53 0 0 0 0,53,0.53,mid_t1,tn,0,0,0.011787447008744262,0.007772341846936315,0.011787447008744262,-0.004015105161807947,0.53,0.5520568871855946,0.02205688718559462,0.014188231362461133,0.014188231362461133,0.7191,0.8366835129780674,0.11758351297806746,0.014188231362461133,0.014188231362461133,-0.18413824423132247,-0.18815334939313041,-0.004015105161807947,0.014188231362461133,0.014188231362461133
RZDT2_VC,GPR-KG-oracleV,oracle,0,1000,axis,1.0,0.004417494632216135,54 0 0 0 0,54,0.54,mid_t1,tn,0,0,0.011622997933543572,0.007049979119944261,0.011622997933543572,-0.004573018813599311,0.54,0.5615187053607075,0.021518705360707435,0.014025465477955242,0.014025465477955242,0.7083999999999999,0.8323753825381475,0.12397538253814755,0.014025465477955242,0.014025465477955242,-0.183175632232387,-0.18774865104598631,-0.004573018813599311,0.014025465477955242,0.014025465477955242
RZDT2_VC,GPR-KG-oracleV,oracle,0,1000,axis,1.0,0.004417494632216135,55 0 0 0 0,55,0.55,mid_t1,tn,0,0,0.011412678195541842,0.006128716366788661,0.011412678195541842,-0.005283961828753181,0.55,0.5709956143252167,0.020995614325216683,0.013818666857034756,0.013818666857034756,0.6975,0.8279183255542061,0.13041832555420607,0.013818666857034756,0.013818666857034756,-0.18194451370425696,-0.18722847553301014,-0.005283961828753181,0.013818666857034756,0.013818666857034756
RZDT2_VC,GPR-KG-oracleV,oracle,0,1000,axis,1.0,0.004417494632216135,56 0 0 0 0,56,0.56,mid_t1,tn,0,0,0.011157317830659014,0.005014242285775378,0.011157317830659014,-0.006143075544883636,0.56,0.5804876140791226,0.020487614079122585,0.013569646185494524,0.013569646185494524,0.6863999999999999,0.823312342026243,0.13691234202624314,0.013569646185494524,0.013569646185494524,-0.18044974730931826,-0.1865928228542019,-0.006143075544883636,0.013569646185494524,0.013569646185494524
RZDT2_VC,GPR-KG-oracleV,oracle,0,1000,axis,1.0,0.004417494632216135,57 0 0 0 0,57,0.57,mid_t1,tn,0,0,0.01085792462959223,0.0037134638276686005,0.01085792462959223,-0.00714446080192363,0.57,0.5899947046224251,0.01999470462242514,0.013280569354448001,0.013280569354448001,0.6751,0.8185574319542586,0.14345743195425853,0.013280569354448001,0.013280569354448001,-0.17869723220763795,-0.18584169300956158,-0.00714446080192363,0.013280569354448001,0.013280569354448001
RZDT2_VC,GPR-KG-oracleV,oracle,0,1000,axis,1.0,0.004417494632216135,58 0 0 0 0,58,0.58,mid_t1,tn,0,0,0.01051568016052637,0.0022344789371115947,0.01051568016052637,-0.008281201223414775,0.58,0.5995168859551241,0.01951688595512413,0.012953930254030797,0.012953930254030797,0.6636,0.8136535953382524,0.15005359533825247,0.012953930254030797,0.012953930254030797,-0.17669388477567435,-0.18497508599908913,-0.008281201223414775,0.012953930254030797,0.012953930254030797
RZDT2_VC,GPR-KG-oracleV,oracle,0,1000,axis,1.0,0.004417494632216135,59 0 0 0 0,59,0.59,mid_t1,tn,0,0,0.01013193510602417,0.0005865445937386082,0.01013193510602417,-0.009545390512285562,0.59,0.6090541580772196,0.019054158077219663,0.012592519592970447,0.012592519592970447,0.6519,0.808600832178225,0.15670083217822495,0.012592519592970447,0.012592519592970447,-0.174447611310499,-0.18399300182278455,-0.009545390512285562,0.012592519592970447,0.012592519592970447
RZDT2_VC,GPR-KG-oracleV,oracle,0,1000,axis,1.0,0.004417494632216135,60 0 0 0 0,60,0.6,mid_t1,fp,0,1,0.009708203932499382,-0.001219959720894337,0.009708203932499382,-0.010928163653393719,0.6,0.6186065209887117,0.01860652098871174,0.012199390203593318,0.012199390203593318,0.64,0.8033991424741759,0.16339914247417586,0.012199390203593318,0.012199390203593318,-0.17196727682725424,-0.18289544048064796,-0.010928163653393719,0.012199390203593318,0.012199390203593318
RZDT2_VC,GPR-KG-oracleV,oracle,0,1000,axis,1.0,0.004417494632216135,61 0 0 0 0,61,0.61,mid_t1,fp,0,1,0.00924615891330946,-0.0031735729863813233,0.00924615891330946,-0.012419731899690784,0.61,0.6281739746896005,0.01817397468960047,0.01177781934266268,0.01177781934266268,0.6279,0.7980485262261053,0.17014852622610532,0.01177781934266268,0.01177781934266268,-0.16926267007298845,-0.18168240197267924,-0.012419731899690784,0.01177781934266268,0.01177781934266268
RZDT2_VC,GPR-KG-oracleV,oracle,0,1000,axis,1.0,0.004417494632216135,62 0 0 0 0,62,0.62,mid_t1,fp,0,1,0.008747623529056947,-0.005261797874878044,0.008747623529056947,-0.01400942140393499,0.62,0.6377565191798855,0.01775651917988552,0.011331268541361527,0.011331268541361527,0.6155999999999999,0.7925489834340134,0.17694898343401344,0.011331268541361527,0.011331268541361527,-0.1663444648949434,-0.18035388629887839,-0.01400942140393499,0.011331268541361527,0.011331268541361527
RZDT2_VC,GPR-KG-oracleV,oracle,0,1000,axis,1.0,0.004417494632216135,63 0 0 0 0,63,0.63,mid_t1,fp,0,1,0.00821456527114428,-0.007471150072345528,0.00821456527114428,-0.01568571534348981,0.63,0.6473541544595673,0.01735415445956734,0.010863341592089185,0.010863341592089185,0.6031,0.7869005140978997,0.18380051409789977,0.010863341592089185,0.010863341592089185,-0.16322417811575568,-0.1789098934592455,-0.01568571534348981,0.010863341592089185,0.010863341592089185
RZDT2_VC,GPR-KG-oracleV,oracle,0,1000,axis,1.0,0.004417494632216135,64 0 0 0 0,64,0.64,mid_t1,fp,0,1,0.007649087876984262,-0.009787211494976966,0.007649087876984262,-0.017436299371961228,0.64,0.6569668805286457,0.0169668805286457,0.01037774128500867,0.01037774128500867,0.5904,0.7811031182177646,0.19070311821776453,0.01037774128500867,0.01037774128500867,-0.1599141240818193,-0.17735042345378052,-0.017436299371961228,0.01037774128500867,0.01037774128500867
RZDT2_VC,GPR-KG-oracleV,oracle,0,1000,axis,1.0,0.004417494632216135,65 0 0 0 0,65,0.65,mid_t1,fp,0,1,0.007053423027509692,-0.012194687190787368,0.007053423027509692,-0.01924811021829706,0.65,0.6665946973871206,0.016594697387120605,0.009878225523078628,0.009878225523078628,0.5774999999999999,0.775156795793608,0.19765679579360806,0.009878225523078628,0.009878225523078628,-0.1564273660641864,-0.17567547628248345,-0.01924811021829706,0.009878225523078628,0.009878225523078628
RZDT2_VC,GPR-KG-oracleV,oracle,0,1000,axis,1.0,0.004417494632216135,66 0 0 0 0,66,0.66,mid_t1,fp,0,1,0.006429921539747946,-0.014677465701801978,0.006429921539747946,-0.021107387241549924,0.66,0.6762376050349921,0.016237605034992053,0.009368563450396631,0.009368563450396631,0.5644,0.7690615468254299,0.20466154682542992,0.009368563450396631,0.009368563450396631,-0.15277766470380436,-0.17388505194535428,-0.021107387241549924,0.009368563450396631,0.009368563450396631
RZDT2_VC,GPR-KG-oracleV,oracle,0,1000,axis,1.0,0.004417494632216135,67 0 0 0 0,67,0.67,high_t1,fp,0,1,0.005781044089220588,-0.017218682648619726,0.005781044089220588,-0.022999726737840315,0.67,0.68589560347226,0.015895603472259934,0.00885249222498826,0.00885249222498826,0.5510999999999999,0.7628173713132302,0.21171737131323032,0.00885249222498826,0.00885249222498826,-0.14897942370455264,-0.17197915044239295,-0.022999726737840315,0.00885249222498826,0.00885249222498826
RZDT2_VC,GPR-KG-oracleV,oracle,0,1000,axis,1.0,0.004417494632216135,68 0 0 0 0,68,0.68,high_t1,fp,0,1,0.005109351498780862,-0.01980078728641471,0.005109351498780862,-0.024910138785195574,0.68,0.6955686926989246,0.01556869269892458,0.008333675053769642,0.008333675053769642,0.5375999999999999,0.7564242692570091,0.21882426925700926,0.008333675053769642,0.008333675053769642,-0.14504763298840406,-0.16995777177359964,-0.024910138785195574,0.008333675053769642,0.008333675053769642
RZDT2_VC,GPR-KG-oracleV,oracle,0,1000,axis,1.0,0.004417494632216135,69 0 0 0 0,69,0.69,high_t1,fp,0,1,0.004417494632216135,-0.022405611769707012,0.004417494632216135,-0.026823106401923147,0.69,0.7052568727149857,0.01525687271498577,0.007815661084515988,0.007815661084515988,0.5239,0.7498822406567665,0.22598224065676642,0.007815661084515988,0.007815661084515988,-0.14099780953705102,-0.16782091593897416,-0.026823106401923147,0.007815661084515988,0.007815661084515988
RZDT2_VC,GPR-KG-oracleV,oracle,0,1000,axis,1.0,0.004417494632216135,70 0 0 0 0,70,0.7,high_t1,fp,0,1,0.0037082039324993765,-0.025014442852549806,0.0037082039324993765,-0.028722646785049183,0.7,0.7149601435204432,0.014960143520443281,0.007301847717655946,0.007301847717655946,0.51,0.7431912855125022,0.23319128551250223,0.007301847717655946,0.007301847717655946,-0.1368459361534674,-0.1655685829385166,-0.028722646785049183,0.007301847717655946,0.007301847717655946
RZDT2_VC,GPR-KG-oracleV,oracle,0,1000,axis,1.0,0.004417494632216135,71 0 0 0 0,71,0.71,high_t1,fp,0,1,0.00298427864597825,-0.027608095741160688,0.00298427864597825,-0.030592374387138938,0.71,0.7246785051152975,0.014678505115297558,0.006795445860099158,0.006795445860099158,0.4959,0.7363514038242166,0.2404514038242166,0.006795445860099158,0.006795445860099158,-0.13260839838508803,-0.16320077277222697,-0.030592374387138938,0.006795445860099158,0.006795445860099158
RZDT2_VC,GPR-KG-oracleV,oracle,0,1000,axis,1.0,0.004417494632216135,72 0 0 0 0,72,0.72,high_t1,fp,0,1,0.0022485757750286828,-0.030166989807538985,0.0022485757750286828,-0.03241556558256767,0.72,0.7344119574995484,0.014411957499548378,0.006299448594739758,0.006299448594739758,0.48160000000000003,0.7293625955919094,0.24776259559190938,0.006299448594739758,0.006299448594739758,-0.12830191985753756,-0.16071748544010522,-0.03241556558256767,0.006299448594739758,0.006299448594739758
RZDT2_VC,GPR-KG-oracleV,oracle,0,1000,axis,1.0,0.004417494632216135,73 0 0 0 0,73,0.73,high_t1,fp,0,1,0.001503998802771661,-0.03267122586525825,0.001503998802771661,-0.03417522466802991,0.73,0.7441605006731957,0.014160500673195742,0.005816603683539342,0.005816603683539342,0.46710000000000007,0.7222248608155806,0.2551248608155805,0.005816603683539342,0.005816603683539342,-0.12394349627412149,-0.1581187209421514,-0.03417522466802991,0.005816603683539342,0.005816603683539342
RZDT2_VC,GPR-KG-oracleV,oracle,0,1000,axis,1.0,0.004417494632216135,74 0 0 0 0,74,0.74,high_t1,fp,0,1,0.0007534862343517579,-0.03510066470246459,0.0007534862343517579,-0.03585415093681635,0.74,0.7539241346362395,0.013924134636239538,0.005349390260062094,0.005349390260062094,0.4524,0.7149381994952304,0.2625381994952304,0.005349390260062094,0.005349390260062094,-0.11955032834154919,-0.15540447927836554,-0.03585415093681635,0.005349390260062094,0.005349390260062094
RZDT2_VC,GPR-KG-oracleV,oracle,0,1000,axis,1.0,0.004417494632216135,75 0 0 0 0,75,0.75,high_t1,tp,1,1,0.0,-0.03743500656214439,0.0,-0.03743500656214439,0.75,0.7637028593886799,0.013702859388679878,0.004900000000000001,0.004900000000000001,0.4375,0.7075026116308587,0.2700026116308587,0.004900000000000001,0.004900000000000001,-0.11513975388660307,-0.15257476044874746,-0.03743500656214439,0.004900000000000001,0.004900000000000001
RZDT2_VC,GPR-KG-oracleV,oracle,0,1000,axis,1.0,0.004417494632216135,76 0 0 0 0,76,0.76,high_t1,tp,1,1,-0.0007534862343517579,-0.03965387125599221,0.0007534862343517579,-0.03890038502164045,0.76,0.773496674930517,0.013496674930516983,0.004470322986651712,0.004470322986651712,0.4224,0.6999180972224655,0.27751809722246545,0.004470322986651712,0.004470322986651712,-0.11072917943165694,-0.1496295644532974,-0.03890038502164045,0.004470322986651712,0.004470322986651712
RZDT2_VC,GPR-KG-oracleV,oracle,0,1000,axis,1.0,0.004417494632216135,77 0 0 0 0,77,0.77,high_t1,tp,1,1,-0.0015039988027716472,-0.04173687859570227,0.0015039988027716472,-0.04023287979293062,0.77,0.7833055812617505,0.013305581261750521,0.004061938413639081,0.004061938413639081,0.4071,0.6921846562700507,0.28508465627005064,0.004061938413639081,0.004061938413639081,-0.1063360114990846,-0.14656889129201522,-0.04023287979293062,0.004061938413639081,0.004061938413639081
RZDT2_VC,GPR-KG-oracleV,oracle,0,1000,axis,1.0,0.004417494632216135,78 0 0 0 0,78,0.78,high_t1,tp,1,1,-0.0022485757750286967,-0.043663728824261006,0.0022485757750286967,-0.04141515304923231,0.78,0.7931295783823805,0.013129578382380491,0.003676110190539616,0.003676110190539616,0.39159999999999995,0.6843022887736143,0.29270228877361437,0.003676110190539616,0.003676110190539616,-0.10197758791566859,-0.1433927409649009,-0.04141515304923231,0.003676110190539616,0.003676110190539616
RZDT2_VC,GPR-KG-oracleV,oracle,0,1000,axis,1.0,0.004417494632216135,79 0 0 0 0,79,0.79,high_t1,tp,1,1,-0.002984278645978264,-0.04541428272981468,0.002984278645978264,-0.04243000408383642,0.79,0.8029686662924073,0.012968666292407227,0.0033137874397911856,0.0033137874397911856,0.3758999999999999,0.6762709947331564,0.30037099473315654,0.0033137874397911856,0.0033137874397911856,-0.09767110938811811,-0.14010111347195453,-0.04243000408383642,0.0033137874397911856,0.0033137874397911856
RZDT2_VC,GPR-KG-oracleV,oracle,0,1000,axis,1.0,0.004417494632216135,80 0 0 0 0,80,0.8,high_t1,tp,1,1,-0.0037082039324993626,-0.04696864112593678,0.0037082039324993626,-0.04326043719343742,0.8,0.8128228449918304,0.012822844991830396,0.0029756097964066855,0.0029756097964066855,0.3599999999999999,0.6680907741486772,0.30809077414867736,0.0029756097964066855,0.0029756097964066855,-0.0934335716197387,-0.13669400881317612,-0.04326043719343742,0.0029756097964066855,0.0029756097964066855
RZDT2_VC,GPR-KG-oracleV,oracle,0,1000,axis,1.0,0.004417494632216135,81 0 0 0 0,81,0.81,high_t1,tp,1,1,-0.004417494632216135,-0.04830722338462656,0.004417494632216135,-0.04388972875241043,0.81,0.8226921144806503,0.012692114480650218,0.0026619173469304876,0.0026619173469304876,0.3438999999999999,0.6597616270201764,0.3158616270201765,0.0026619173469304876,0.0026619173469304876,-0.08928169823615512,-0.13317142698856554,-0.04388972875241043,0.0026619173469304876,0.0026619173469304876
RZDT2_VC,GPR-KG-oracleV,oracle,0,1000,axis,1.0,0.004417494632216135,82 0 0 0 0,82,0.82,high_t1,tp,1,1,-0.005109351498780862,-0.049410844712101706,0.005109351498780862,-0.044301493213320844,0.82,0.8325764747588666,0.012576474758866696,0.0023727649718586334,0.0023727649718586334,0.3276000000000001,0.6512835533476541,0.323683553347654,0.0023727649718586334,0.0023727649718586334,-0.08523187478480208,-0.12953336799812293,-0.044301493213320844,0.0023727649718586334,0.0023727649718586334
RZDT2_VC,GPR-KG-oracleV,oracle,0,1000,axis,1.0,0.004417494632216135,83 0 0 0 0,83,0.83,high_t1,tp,1,1,-0.0057810440892205744,-0.05026079186241528,0.0057810440892205744,-0.0444797477731947,0.83,0.8424759258264795,0.012475925826479495,0.002107940787564248,0.002107940787564248,0.31110000000000004,0.6426565531311101,0.3315565531311101,0.002107940787564248,0.002107940787564248,-0.08130008406865345,-0.12577983184184816,-0.0444797477731947,0.002107940787564248,0.002107940787564248
RZDT2_VC,GPR-KG-oracleV,oracle,0,1000,axis,1.0,0.004417494632216135,84 0 0 0 0,84,0.84,high_t1,tp,1,1,-0.006429921539747946,-0.050838896990087507,0.006429921539747946,-0.04440897545033956,0.84,0.8523904676834889,0.012390467683488948,0.0018669883206906854,0.0018669883206906854,0.2944000000000001,0.6338806263705449,0.33948062637054477,0.0018669883206906854,0.0018669883206906854,-0.07750184306940178,-0.12191081851974134,-0.04440897545033956,0.0018669883206906854,0.0018669883206906854
RZDT2_VC,GPR-KG-oracleV,oracle,0,1000,axis,1.0,0.004417494632216135,85 0 0 0 0,85,0.85,high_t1,tp,1,1,-0.007053423027509678,-0.05112760935029238,0.007053423027509678,-0.044074186322782705,0.85,0.8623201003298949,0.012320100329894945,0.0016492319909840044,0.0016492319909840044,0.2775000000000001,0.624955773065958,0.3474557730659579,0.0016492319909840044,0.0016492319909840044,-0.07385214170901971,-0.11792632803180242,-0.044074186322782705,0.0016492319909840044,0.0016492319909840044
RZDT2_VC,GPR-KG-oracleV,oracle,0,1000,axis,1.0,0.004417494632216135,86 0 0 0 0,86,0.86,high_t1,tp,1,1,-0.007649087876984276,-0.051110064563628765,0.007649087876984276,-0.04346097668664449,0.86,0.8722648237656974,0.012264823765697375,0.001453805428527018,0.001453805428527018,0.2604000000000001,0.6158819932173496,0.3554819932173495,0.001453805428527018,0.001453805428527018,-0.07036538369138685,-0.11382636037803134,-0.04346097668664449,0.001453805428527018,0.001453805428527018
RZDT2_VC,GPR-KG-oracleV,oracle,0,1000,axis,1.0,0.004417494632216135,87 0 0 0 0,87,0.87,high_t1,tp,1,1,-0.00821456527114426,-0.05077015117212214,0.00821456527114426,-0.04255558590097788,0.87,0.8822246379908965,0.012224637990896459,0.0012796821090875375,0.0012796821090875375,0.24309999999999998,0.6066592868247196,0.3635592868247196,0.0012796821090875375,0.0012796821090875375,-0.06705532965745045,-0.10961091555842833,-0.04255558590097788,0.0012796821090875375,0.0012796821090875375
RZDT2_VC,GPR-KG-oracleV,oracle,0,1000,axis,1.0,0.004417494632216135,88 0 0 0 0,88,0.88,high_t1,tp,1,1,-0.00874762352905694,-0.05009257422378729,0.00874762352905694,-0.04134495069473035,0.88,0.8921995430054922,0.012199543005492197,0.0011257077574617622,0.0011257077574617622,0.22560000000000002,0.5972876538880683,0.37168765388806824,0.0011257077574617622,0.0011257077574617622,-0.06393504287826277,-0.10527999357299311,-0.04134495069473035,0.0011257077574617622,0.0011257077574617622
RZDT2_VC,GPR-KG-oracleV,oracle,0,1000,axis,1.0,0.004417494632216135,89 0 0 0 0,89,0.89,high_t1,tp,1,1,-0.009246158913309474,-0.04906291563481761,0.009246158913309474,-0.03981675672150813,0.89,0.9021895388094845,0.01218953880948448,0.0009906339438016307,0.0009906339438016307,0.20789999999999997,0.5877670944073953,0.3798670944073953,0.0009906339438016307,0.0009906339438016307,-0.06101683770021766,-0.10083359442172579,-0.03981675672150813,0.0009906339438016307,0.0009906339438016307
RZDT2_VC,GPR-KG-oracleV,oracle,0,1000,axis,1.0,0.004417494632216135,90 0 0 0 0,90,0.9,high_t1,tp,1,1,-0.009708203932499368,-0.04766769109117397,0.009708203932499368,-0.0379594871586746,0.9,0.9121946254028732,0.012194625402873194,0.0008731522823440527,0.0008731522823440527,0.18999999999999995,0.578097608382701,0.388097608382701,0.0008731522823440527,0.0008731522823440527,-0.05831223094595188,-0.09627171810462648,-0.0379594871586746,0.0008731522823440527,0.0008731522823440527
RZDT2_VC,GPR-KG-oracleV,oracle,0,1000,axis,1.0,0.004417494632216135,91 0 0 0 0,91,0.91,high_t1,tp,1,1,-0.010131935106024184,-0.04589440326501202,0.010131935106024184,-0.035762468158987835,0.91,0.9222148027856585,0.012214802785658452,0.0007719286359422346,0.0007719286359422346,0.17189999999999994,0.5682791958139848,0.39637919581398484,0.0007719286359422346,0.0007719286359422346,-0.05583189646270712,-0.09159436462169496,-0.035762468158987835,0.0007719286359422346,0.0007719286359422346
RZDT2_VC,GPR-KG-oracleV,oracle,0,1000,axis,1.0,0.004417494632216135,92 0 0 0 0,92,0.92,high_t1,tp,1,1,-0.010515680160526363,-0.04373159113592589,0.010515680160526363,-0.033215910975399526,0.92,0.9322500709578404,0.012250070957840364,0.0006856367334167007,0.0006856367334167007,0.15359999999999996,0.5583118567012474,0.40471185670124743,0.0006856367334167007,0.0006856367334167007,-0.05358562299753181,-0.08680153397293133,-0.033215910975399526,0.0006856367334167007,0.0006856367334167007
RZDT2_VC,GPR-KG-oracleV,oracle,0,1000,axis,1.0,0.004417494632216135,93 0 0 0 0,93,0.93,high_t1,tp,1,1,-0.010857924629592237,-0.041168875222359846,0.010857924629592237,-0.03031095059276761,0.93,0.9423004299194189,0.01230042991941882,0.000612990619923725,0.000612990619923725,0.1350999999999999,0.5481955910444885,0.41309559104448856,0.000612990619923725,0.000612990619923725,-0.051582275565568166,-0.08189322615833577,-0.03031095059276761,0.000612990619923725,0.000612990619923725
RZDT2_VC,GPR-KG-oracleV,oracle,0,1000,axis,1.0,0.004417494632216135,94 0 0 0 0,94,0.94,high_t1,tp,1,1,-0.011157317830659014,-0.0381969985446791,0.011157317830659014,-0.02703968071402009,0.94,0.9523658796703938,0.01236587967039382,0.0005527753830590053,0.0005527753830590053,0.11640000000000006,0.5379303988437079,0.4215303988437078,0.0005527753830590053,0.0005527753830590053,-0.04982976046388786,-0.07686944117790795,-0.02703968071402009,0.0005527753830590053,0.0005527753830590053
RZDT2_VC,GPR-KG-oracleV,oracle,0,1000,axis,1.0,0.004417494632216135,95 0 0 0 0,95,0.95,high_t1,tp,1,1,-0.011412678195541842,-0.03480786315824094,0.011412678195541842,-0.0233951849626991,0.95,0.9624464202107653,0.012446420210765363,0.0005038756289026096,0.0005038756289026096,0.09750000000000003,0.5275162800989059,0.4300162800989059,0.0005038756289026096,0.0005038756289026096,-0.048334994068949144,-0.07173017903164824,-0.0233951849626991,0.0005038756289026096,0.0005038756289026096
RZDT2_VC,GPR-KG-oracleV,oracle,0,1000,axis,1.0,0.004417494632216135,96 0 0 0 0,96,0.96,high_t1,tp,1,1,-0.011622997933543572,-0.030994562112280764,0.011622997933543572,-0.019371564178737193,0.96,0.9725420515405334,0.01254205154053345,0.0004653012221544119,0.0004653012221544119,0.07840000000000003,0.5169532348100824,0.43855323481008235,0.0004653012221544119,0.0004653012221544119,-0.04710387554081908,-0.06647543971955627,-0.019371564178737193,0.0004653012221544119,0.0004653012221544119
RZDT2_VC,GPR-KG-oracleV,oracle,0,1000,axis,1.0,0.004417494632216135,97 0 0 0 0,97,0.97,high_t1,tp,1,1,-0.011787447008744269,-0.026751406708492777,0.011787447008744269,-0.014963959699748508,0.97,0.9826527736596982,0.012652773659698191,0.0004362098522594935,0.0004362098522594935,0.05910000000000004,0.5062412629772373,0.4471412629772372,0.0004362098522594935,0.0004362098522594935,-0.04614126354188364,-0.061105223241632145,-0.014963959699748508,0.0004362098522594935,0.0004362098522594935
RZDT2_VC,GPR-KG-oracleV,oracle,0,1000,axis,1.0,0.004417494632216135,98 0 0 0 0,98,0.98,high_t1,tp,1,1,-0.01190537641577373,-0.022073948951722794,0.01190537641577373,-0.010168572535949064,0.98,0.9927785865682595,0.012778586568259476,0.00041592604220944417,0.00041592604220944417,0.03960000000000008,0.49538036460037077,0.4557803646003707,0.00041592604220944417,0.00041592604220944417,-0.04545095706192702,-0.05561952959787608,-0.010168572535949064,0.00041592604220944417,0.00041592604220944417
RZDT2_VC,GPR-KG-oracleV,oracle,0,1000,axis,1.0,0.004417494632216135,99 0 0 0 0,99,0.99,high_t1,tp,1,1,-0.01197632074113926,-0.016958999104172534,0.01197632074113926,-0.004982678363033274,0.99,1.002919490266217,0.012919490266217082,0.0004039562776451963,0.0004039562776451963,0.01990000000000003,0.4843705396794826,0.4644705396794826,0.0004039562776451963,0.0004039562776451963,-0.04503568042525459,-0.050018358788287864,-0.004982678363033274,0.0004039562776451963,0.0004039562776451963
RZDT2_VC,GPR-KG-oracleV,oracle,0,1000,axis,1.0,0.004417494632216135,100 0 0 0 0,100,1.0,high_t1,tp,1,1,-0.011999999999999997,-0.021087197519601378,0.011999999999999997,-0.009087197519601381,1.0,0.9776977915956349,-0.022302208404365143,0.0004,0.0004,0.0,0.05322041977426378,0.05322041977426378,0.0004,0.0004,-0.04489707253902944,-0.05398427005863082,-0.009087197519601381,0.0004,0.0004
RZDT2_VC,GPR-KG-oracleV,oracle,1,1001,axis,1.0,0.004417494632216135,0 0 0 0 0,0,0.0,low_t1,fn,1,0,-0.011999999999999997,0.05342202520834399,0.011999999999999997,0.06542202520834399,0.0,0.04219300638310049,0.04219300638310049,0.0004,0.0004,1.0,0.8239162502168185,-0.17608374978318153,0.0004,0.0004,-0.04489707253902944,0.02052495266931455,0.06542202520834399,0.0004,0.0004
RZDT2_VC,GPR-KG-oracleV,oracle,1,1001,axis,1.0,0.004417494632216135,1 0 0 0 0,1,0.01,low_t1,fn,1,0,-0.01197632074113926,0.04654278730270871,0.01197632074113926,0.05851910804384797,0.01,0.05092694740052566,0.04092694740052566,0.0004039562776451963,0.0004039562776451963,0.9999,0.8273489581247114,-0.17255104187528858,0.0004039562776451963,0.0004039562776451963,-0.04503568042525459,0.01348342761859338,0.05851910804384797,0.0004039562776451963,0.0004039562776451963
RZDT2_VC,GPR-KG-oracleV,oracle,1,1001,axis,1.0,0.004417494632216135,2 0 0 0 0,2,0.02,low_t1,fn,1,0,-0.011905376415773737,0.040127846432776136,0.011905376415773737,0.05203322284854987,0.02,0.05967868384152958,0.039678683841529575,0.00041592604220944417,0.00041592604220944417,0.9996,0.8306211132069918,-0.1689788867930082,0.00041592604220944417,0.00041592604220944417,-0.045450957061927026,0.006582265786622845,0.05203322284854987,0.00041592604220944417,0.00041592604220944417
RZDT2_VC,GPR-KG-oracleV,oracle,1,1001,axis,1.0,0.004417494632216135,3 0 0 0 0,3,0.03,low_t1,fn,1,0,-0.011787447008744269,0.03417528370654231,0.011787447008744269,0.04596273071528658,0.03,0.06844821570611224,0.038448215706112246,0.0004362098522594935,0.0004362098522594935,0.9991,0.8337327154636593,-0.16536728453634064,0.0004362098522594935,0.0004362098522594935,-0.04614126354188364,-0.0001785328265970533,0.04596273071528659,0.0004362098522594935,0.0004362098522594935
RZDT2_VC,GPR-KG-oracleV,oracle,1,1001,axis,1.0,0.004417494632216135,4 0 0 0 0,4,0.04,low_t1,fn,1,0,-0.011622997933543572,0.02868190938620919,0.011622997933543572,0.04030490731975277,0.04,0.07723554299427365,0.03723554299427365,0.0004653012221544117,0.0004653012221544117,0.9984,0.8366837648947144,-0.16171623510528554,0.0004653012221544117,0.0004653012221544117,-0.04710387554081907,-0.00679896822106631,0.04030490731975277,0.0004653012221544117,0.0004653012221544117
RZDT2_VC,GPR-KG-oracleV,oracle,1,1001,axis,1.0,0.004417494632216135,5 0 0 0 0,5,0.05,low_t1,fn,1,0,-0.011412678195541842,0.023643275476622358,0.011412678195541842,0.0350559536721642,0.05,0.08604066570601382,0.036040665706013816,0.0005038756289026093,0.0005038756289026093,0.9975,0.8394742615001567,-0.15802573849984336,0.0005038756289026093,0.0005038756289026093,-0.04833499406894913,-0.01327904039678493,0.0350559536721642,0.0005038756289026093,0.0005038756289026093
RZDT2_VC,GPR-KG-oracleV,oracle,1,1001,axis,1.0,0.004417494632216135,6 0 0 0 0,6,0.06,low_t1,fn,1,0,-0.011157317830659014,0.0190536932794759,0.011157317830659014,0.030211011110134914,0.06,0.09486358384133273,0.03486358384133273,0.0005527753830590045,0.0005527753830590045,0.9964,0.8421042052799864,-0.15429579472001353,0.0005527753830590045,0.0005527753830590045,-0.04982976046388783,-0.019618749353752917,0.030211011110134914,0.0005527753830590045,0.0005527753830590045
RZDT2_VC,GPR-KG-oracleV,oracle,1,1001,axis,1.0,0.004417494632216135,7 0 0 0 0,7,0.07,low_t1,fn,1,0,-0.010857924629592237,0.014906255844005692,0.010857924629592237,0.02576418047359793,0.07,0.10370429740023038,0.03370429740023037,0.0006129906199237256,0.0006129906199237256,0.9951,0.8445735962342034,-0.15052640376579662,0.0006129906199237256,0.0006129906199237256,-0.051582275565568186,-0.025818095091970257,0.02576418047359793,0.0006129906199237256,0.0006129906199237256
RZDT2_VC,GPR-KG-oracleV,oracle,1,1001,axis,1.0,0.004417494632216135,8 0 0 0 0,8,0.08,low_t1,fn,1,0,-0.010515680160526363,0.011192865225568477,0.010515680160526363,0.02170854538609484,0.08,0.11256280638270678,0.03256280638270678,0.0006856367334167007,0.0006856367334167007,0.9936,0.8468824343628077,-0.1467175656371923,0.0006856367334167007,0.0006856367334167007,-0.05358562299753181,-0.03187707761143697,0.02170854538609484,0.0006856367334167007,0.0006856367334167007
RZDT2_VC,GPR-KG-oracleV,oracle,1,1001,axis,1.0,0.004417494632216135,9 0 0 0 0,9,0.09,low_t1,fn,1,0,-0.010131935106024177,0.007904264444529928,0.010131935106024177,0.018036199550554105,0.09,0.12143911078876192,0.03143911078876192,0.0007719286359422355,0.0007719286359422355,0.9919,0.8490307196657992,-0.14286928033420077,0.0007719286359422355,0.0007719286359422355,-0.05583189646270714,-0.03779569691215304,0.018036199550554105,0.0007719286359422355,0.0007719286359422355
RZDT2_VC,GPR-KG-oracleV,oracle,1,1001,axis,1.0,0.004417494632216135,10 0 0 0 0,10,0.1,low_t1,fn,1,0,-0.009708203932499368,0.005030074019334037,0.009708203932499368,0.014738277951833405,0.1,0.1303332106183958,0.030333210618395806,0.0008731522823440523,0.0008731522823440523,0.99,0.8510184521431783,-0.1389815478568217,0.0008731522823440523,0.0008731522823440523,-0.05831223094595187,-0.04357395299411847,0.014738277951833405,0.0008731522823440523,0.0008731522823440523
RZDT2_VC,GPR-KG-oracleV,oracle,1,1001,axis,1.0,0.004417494632216135,11 0 0 0 0,11,0.11,low_t1,fn,1,0,-0.009246158913309467,0.002558832929574942,0.009246158913309467,0.011804991842884409,0.11,0.13924510587160846,0.02924510587160846,0.0009906339438016311,0.0009906339438016311,0.9879,0.8528456317949445,-0.13505436820505545,0.0009906339438016311,0.0009906339438016311,-0.061016837700217666,-0.04921184585733326,0.011804991842884409,0.0009906339438016311,0.0009906339438016311
RZDT2_VC,GPR-KG-oracleV,oracle,1,1001,axis,1.0,0.004417494632216135,12 0 0 0 0,12,0.12,low_t1,fn,1,0,-0.008747623529056933,0.00047804384740836314,0.008747623529056933,0.009225667376465296,0.12,0.14817479654839982,0.028174796548399828,0.0011257077574617607,0.0011257077574617607,0.9856,0.8545122586210983,-0.13108774137890178,0.0011257077574617607,0.0011257077574617607,-0.06393504287826272,-0.05470937550179743,0.009225667376465296,0.0011257077574617607,0.0011257077574617607
RZDT2_VC,GPR-KG-oracleV,oracle,1,1001,axis,1.0,0.004417494632216135,13 0 0 0 0,13,0.13,low_t1,tp,1,1,-0.00821456527114426,-0.001225777541204745,0.00821456527114426,0.006988787729939515,0.13,0.15712228264876998,0.02712228264876998,0.0012796821090875375,0.0012796821090875375,0.9831,0.8560183326216392,-0.1270816673783608,0.0012796821090875375,0.0012796821090875375,-0.06705532965745045,-0.06006654192751094,0.006988787729939515,0.0012796821090875375,0.0012796821090875375
RZDT2_VC,GPR-KG-oracleV,oracle,1,1001,axis,1.0,0.004417494632216135,14 0 0 0 0,14,0.14,low_t1,tp,1,1,-0.007649087876984276,-0.002567049320071263,0.007649087876984276,0.005082038556913013,0.14,0.16608756417271886,0.026087564172718847,0.001453805428527017,0.001453805428527017,0.9804,0.8573638537965673,-0.12303614620343273,0.001453805428527017,0.001453805428527017,-0.07036538369138683,-0.06528334513447381,0.005082038556913013,0.001453805428527017,0.001453805428527017
RZDT2_VC,GPR-KG-oracleV,oracle,1,1001,axis,1.0,0.004417494632216135,15 0 0 0 0,15,0.15,low_t1,tp,1,1,-0.007053423027509678,-0.0035610664411760418,0.007053423027509678,0.0034923565863336364,0.15,0.17507064112024645,0.025070641120246456,0.0016492319909840038,0.0016492319909840038,0.9775,0.858548822145883,-0.11895117785411702,0.0016492319909840038,0.0016492319909840038,-0.0738521417090197,-0.07035978512268606,0.0034923565863336364,0.0016492319909840038,0.0016492319909840038
RZDT2_VC,GPR-KG-oracleV,oracle,1,1001,axis,1.0,0.004417494632216135,16 0 0 0 0,16,0.16,low_t1,tp,1,1,-0.00642992153974796,-0.004223940362493878,0.00642992153974796,0.002205981177254082,0.16,0.18407151349135284,0.024071513491352836,0.0018669883206906834,0.0018669883206906834,0.9744,0.8595732376695859,-0.11482676233041411,0.0018669883206906834,0.0018669883206906834,-0.07750184306940175,-0.07529586189214767,0.002205981177254082,0.0018669883206906834,0.0018669883206906834
RZDT2_VC,GPR-KG-oracleV,oracle,1,1001,axis,1.0,0.004417494632216135,17 0 0 0 0,17,0.17,low_t1,tp,1,1,-0.005781044089220588,-0.0045725354634257726,0.005781044089220588,0.0012085086257948158,0.17,0.19309018128603797,0.02309018128603796,0.0021079407875642477,0.0021079407875642477,0.9711,0.8604371003676763,-0.11066289963232367,0.0021079407875642477,0.0021079407875642477,-0.08130008406865345,-0.08009157544285864,0.0012085086257948158,0.0021079407875642477,0.0021079407875642477
RZDT2_VC,GPR-KG-oracleV,oracle,1,1001,axis,1.0,0.004417494632216135,18 0 0 0 0,18,0.18,low_t1,tp,1,1,-0.005109351498780876,-0.004624402488797821,0.005109351498780876,0.00048494900998305446,0.18,0.20212664450430182,0.022126644504301823,0.00237276497185863,0.00237276497185863,0.9676,0.8611404102401539,-0.10645958975984615,0.00237276497185863,0.00237276497185863,-0.08523187478480203,-0.08474692577481897,0.00048494900998305446,0.00237276497185863,0.00237276497185863
RZDT2_VC,GPR-KG-oracleV,oracle,1,1001,axis,1.0,0.004417494632216135,19 0 0 0 0,19,0.19,low_t1,tp,1,1,-0.004417494632216135,-0.00439770928408964,0.004417494632216135,1.978534812649424e-05,0.19,0.21118090314614443,0.02118090314614443,0.0026619173469304897,0.0026619173469304897,0.9639,0.8616831672870189,-0.1022168327129811,0.0026619173469304897,0.0026619173469304897,-0.08928169823615514,-0.08926191288802865,1.978534812649424e-05,0.0026619173469304897,0.0026619173469304897
RZDT2_VC,GPR-KG-oracleV,oracle,1,1001,axis,1.0,0.004417494632216135,20 0 0 0 0,20,0.2,low_t1,tp,1,1,-0.0037082039324993626,-0.0039111690952483985,0.0037082039324993626,-0.00020296516274903587,0.2,0.2202529572115658,0.02025295721156578,0.002975609796406684,0.002975609796406684,0.96,0.862065371508271,-0.09793462849172896,0.002975609796406684,0.002975609796406684,-0.09343357161973867,-0.0936365367824877,-0.00020296516274903587,0.002975609796406684,0.002975609796406684
RZDT2_VC,GPR-KG-oracleV,oracle,1,1001,axis,1.0,0.004417494632216135,21 0 0 0 0,21,0.21,low_t1,tp,1,1,-0.002984278645978264,-0.00318396671605628,0.002984278645978264,-0.00019968807007801626,0.21,0.2293428067005659,0.0193428067005659,0.0033137874397911856,0.0033137874397911856,0.9559,0.8622870229039106,-0.0936129770960894,0.0033137874397911856,0.0033137874397911856,-0.09767110938811811,-0.09787079745819613,-0.00019968807007801626,0.0033137874397911856,0.0033137874397911856
RZDT2_VC,GPR-KG-oracleV,oracle,1,1001,axis,1.0,0.004417494632216135,22 0 0 0 0,22,0.22,low_t1,tp,1,1,-0.0022485757750286967,-0.002235682774514053,0.0022485757750286967,1.2893000514643815e-05,0.22,0.23845045161314474,0.018450451613144736,0.0036761101905396125,0.0036761101905396125,0.9516,0.8623481214739376,-0.08925187852606242,0.0036761101905396125,0.0036761101905396125,-0.10197758791566854,-0.10196469491515389,1.2893000514643815e-05,0.0036761101905396125,0.0036761101905396125
RZDT2_VC,GPR-KG-oracleV,oracle,1,1001,axis,1.0,0.004417494632216135,23 0 0 0 0,23,0.23,low_t1,tp,1,1,-0.0015039988027716472,-0.001086216457048081,0.0015039988027716472,0.0004177823457235663,0.23,0.24757589194930235,0.01757589194930234,0.004061938413639081,0.004061938413639081,0.9471,0.8622486672183518,-0.08485133278164825,0.004061938413639081,0.004061938413639081,-0.1063360114990846,-0.10591822915336103,0.0004177823457235663,0.004061938413639081,0.004061938413639081
RZDT2_VC,GPR-KG-oracleV,oracle,1,1001,axis,1.0,0.004417494632216135,24 0 0 0 0,24,0.24,low_t1,fn,1,0,-0.0007534862343517579,0.0002442930244875574,0.0007534862343517579,0.0009977792588393153,0.24,0.25671912770903865,0.01671912770903866,0.004470322986651707,0.004470322986651707,0.9424,0.8619886601371534,-0.08041133986284665,0.004470322986651707,0.004470322986651707,-0.11072917943165687,-0.10973140017281756,0.0009977792588393153,0.004470322986651707,0.004470322986651707
RZDT2_VC,GPR-KG-oracleV,oracle,1,1001,axis,1.0,0.004417494632216135,25 0 0 0 0,25,0.25,low_t1,fn,1,0,0.0,0.0017355459130796724,0.0,0.0017355459130796724,0.25,0.2658801588923538,0.01588015889235378,0.004900000000000001,0.004900000000000001,0.9375,0.8615681002303422,-0.07593189976965775,0.004900000000000001,0.004900000000000001,-0.11513975388660307,-0.1134042079735234,0.0017355459130796724,0.004900000000000001,0.004900000000000001
RZDT2_VC,GPR-KG-oracleV,oracle,1,1001,axis,1.0,0.004417494632216135,26 0 0 0 0,26,0.26,low_t1,tn,0,0,0.0007534862343517579,0.0033671620204223374,0.0007534862343517579,0.0026136757860705795,0.26,0.2750589854992476,0.015058985499247612,0.005349390260062097,0.005349390260062097,0.9324,0.8609869874979185,-0.07141301250208154,0.005349390260062097,0.005349390260062097,-0.11955032834154922,-0.11693665255547864,0.0026136757860705795,0.005349390260062097,0.005349390260062097
RZDT2_VC,GPR-KG-oracleV,oracle,1,1001,axis,1.0,0.004417494632216135,27 0 0 0 0,27,0.27,low_t1,tn,0,0,0.0015039988027716472,0.005118761158209917,0.0015039988027716472,0.0036147623554382696,0.27,0.2842556075297202,0.01425560752972016,0.005816603683539342,0.005816603683539342,0.9271,0.8602453219398821,-0.06685467806011791,0.005816603683539342,0.005816603683539342,-0.1239434962741215,-0.12032873391868323,0.0036147623554382696,0.005816603683539342,0.005816603683539342
RZDT2_VC,GPR-KG-oracleV,oracle,1,1001,axis,1.0,0.004417494632216135,28 0 0 0 0,28,0.28,low_t1,tn,0,0,0.0022485757750287105,0.0069700435694290686,0.0022485757750287105,0.004721467794400358,0.28,0.2934700249837715,0.013470024983771478,0.006299448594739758,0.006299448594739758,0.9216,0.859343103556233,-0.062256896443766974,0.006299448594739758,0.006299448594739758,-0.12830191985753753,-0.12358045206313717,0.004721467794400358,0.006299448594739758,0.006299448594739758
RZDT2_VC,GPR-KG-oracleV,oracle,1,1001,axis,1.0,0.004417494632216135,29 0 0 0 0,29,0.29,low_t1,tn,0,0,0.00298427864597825,0.008900870042225756,0.00298427864597825,0.005916591396247506,0.29,0.3027022378614016,0.012702237861401622,0.006795445860099151,0.006795445860099151,0.9159,0.8582803323469712,-0.05761966765302884,0.006795445860099151,0.006795445860099151,-0.13260839838508798,-0.12669180698884047,0.005916591396247506,0.006795445860099151,0.006795445860099151
RZDT2_VC,GPR-KG-oracleV,oracle,1,1001,axis,1.0,0.004417494632216135,30 0 0 0 0,30,0.3,low_t1,tn,0,0,0.0037082039324993765,0.010891341390173614,0.0037082039324993765,0.007183137457674238,0.3,0.3119522461626104,0.011952246162610425,0.007301847717655946,0.007301847717655946,0.91,0.8570570083120967,-0.052942991687903285,0.007301847717655946,0.007301847717655946,-0.1368459361534674,-0.12966279869579317,0.007183137457674238,0.007301847717655946,0.007301847717655946
RZDT2_VC,GPR-KG-oracleV,oracle,1,1001,axis,1.0,0.004417494632216135,31 0 0 0 0,31,0.31,low_t1,tn,0,0,0.004417494632216135,0.01292187698527189,0.004417494632216135,0.008504382353055756,0.31,0.321220049887398,0.011220049887397998,0.007815661084515983,0.007815661084515983,0.9039,0.8556731314516096,-0.04822686854839042,0.007815661084515983,0.007815661084515983,-0.14099780953705096,-0.1324934271839952,0.008504382353055756,0.007815661084515983,0.007815661084515983
RZDT2_VC,GPR-KG-oracleV,oracle,1,1001,axis,1.0,0.004417494632216135,32 0 0 0 0,32,0.32,low_t1,tn,0,0,0.005109351498780862,0.014973292033738345,0.005109351498780862,0.009863940534957483,0.32,0.3305056490357643,0.010505649035764286,0.008333675053769645,0.008333675053769645,0.8976,0.8541287017655098,-0.04347129823449014,0.008333675053769645,0.008333675053769645,-0.1450476329884041,-0.1351836924534466,0.009863940534957483,0.008333675053769645,0.008333675053769645
RZDT2_VC,GPR-KG-oracleV,oracle,1,1001,axis,1.0,0.004417494632216135,33 0 0 0 0,33,0.33,low_t1,tn,0,0,0.005781044089220588,0.01702687328962585,0.005781044089220588,0.01124582920040526,0.33,0.3398090436077093,0.009809043607709289,0.00885249222498826,0.00885249222498826,0.8911,0.8524237192537975,-0.03867628074620255,0.00885249222498826,0.00885249222498826,-0.14897942370455264,-0.13773359450414738,0.01124582920040526,0.00885249222498826,0.00885249222498826
RZDT2_VC,GPR-KG-oracleV,oracle,1,1001,axis,1.0,0.004417494632216135,34 0 0 0 0,34,0.34,mid_t1,tn,0,0,0.006429921539747974,0.01906445290745487,0.006429921539747974,0.012634531367706897,0.34,0.34913023360323314,0.009130233603233118,0.00936856345039664,0.00936856345039664,0.8844,0.8505581839164723,-0.033841816083527654,0.00936856345039664,0.00936856345039664,-0.15277766470380438,-0.1401431333360975,0.012634531367706897,0.00936856345039664,0.00936856345039664
RZDT2_VC,GPR-KG-oracleV,oracle,1,1001,axis,1.0,0.004417494632216135,35 0 0 0 0,35,0.35,mid_t1,tn,0,0,0.007053423027509664,0.02106848014239912,0.007053423027509664,0.014015057114889456,0.35,0.3584692190223357,0.008469219022335717,0.009878225523078626,0.009878225523078626,0.8775000000000001,0.8485320957535345,-0.02896790424646556,0.009878225523078626,0.009878225523078626,-0.15642736606418642,-0.14241230894929696,0.014015057114889456,0.009878225523078626,0.009878225523078626
RZDT2_VC,GPR-KG-oracleV,oracle,1,1001,axis,1.0,0.004417494632216135,36 0 0 0 0,36,0.36,mid_t1,tn,0,0,0.00764908787698429,0.023022090615057722,0.00764908787698429,0.015373002738073432,0.36,0.36782599986501696,0.007825999865016975,0.010377741285008674,0.010377741285008674,0.8704000000000001,0.846345454764984,-0.024054545235016045,0.010377741285008674,0.010377741285008674,-0.1599141240818193,-0.14454112134374586,0.015373002738073432,0.010377741285008674,0.010377741285008674
RZDT2_VC,GPR-KG-oracleV,oracle,1,1001,axis,1.0,0.004417494632216135,37 0 0 0 0,37,0.37,mid_t1,tn,0,0,0.008214565271144253,0.024909172867455892,0.008214565271144253,0.01669460759631164,0.37,0.37720057613127705,0.007200576131277059,0.01086334159208918,0.01086334159208918,0.8631,0.8439982609508209,-0.01910173904917911,0.01086334159208918,0.01086334159208918,-0.16322417811575568,-0.14652957051944404,0.01669460759631164,0.01086334159208918,0.01086334159208918
RZDT2_VC,GPR-KG-oracleV,oracle,1,1001,axis,1.0,0.004417494632216135,38 0 0 0 0,38,0.38,mid_t1,tn,0,0,0.008747623529056947,0.026714431947608697,0.008747623529056947,0.01796680841855175,0.38,0.3865929478211158,0.006592947821115802,0.011331268541361518,0.011331268541361518,0.8556,0.841490514311045,-0.014109485688954981,0.011331268541361518,0.011331268541361518,-0.16634446489494334,-0.1483776564763916,0.01796680841855175,0.011331268541361518,0.011331268541361518
RZDT2_VC,GPR-KG-oracleV,oracle,1,1001,axis,1.0,0.004417494632216135,39 0 0 0 0,39,0.39,mid_t1,tn,0,0,0.00924615891330946,0.028423449771709353,0.00924615891330946,0.019177290858399892,0.39,0.39600311493453333,0.006003114934533316,0.01177781934266268,0.01177781934266268,0.8479,0.8388222148456566,-0.009077785154343432,0.01177781934266268,0.01177781934266268,-0.16926267007298845,-0.15008537921458856,0.019177290858399892,0.01177781934266268,0.01177781934266268
RZDT2_VC,GPR-KG-oracleV,oracle,1,1001,axis,1.0,0.004417494632216135,40 0 0 0 0,40,0.4,mid_t1,tn,0,0,0.009708203932499382,0.03002274202571875,0.009708203932499382,0.02031453809321937,0.4,0.4054310774715297,0.005431077471529655,0.012199390203593317,0.012199390203593317,0.84,0.8359933625546555,-0.004006637445344463,0.012199390203593317,0.012199390203593317,-0.1719672768272542,-0.15165273873403484,0.02031453809321937,0.012199390203593317,0.012199390203593317
RZDT2_VC,GPR-KG-oracleV,oracle,1,1001,axis,1.0,0.004417494632216135,41 0 0 0 0,41,0.41,mid_t1,tn,0,0,0.01013193510602417,0.03149981138179267,0.01013193510602417,0.0213678762757685,0.41,0.4148768354321047,0.004876835432104709,0.012592519592970444,0.012592519592970444,0.8319000000000001,0.8330039574380417,0.0011039574380415917,0.012592519592970444,0.012592519592970444,-0.17444761131049896,-0.15307973503473046,0.0213678762757685,0.012592519592970444,0.012592519592970444
RZDT2_VC,GPR-KG-oracleV,oracle,1,1001,axis,1.0,0.004417494632216135,42 0 0 0 0,42,0.42,mid_t1,tn,0,0,0.01051568016052637,0.03284319681952513,0.01051568016052637,0.022327516658998764,0.42,0.42434038881625846,0.004340388816258478,0.012953930254030792,0.012953930254030792,0.8236,0.8298539994958151,0.006253999495815066,0.012953930254030792,0.012953930254030792,-0.1766938847756743,-0.15436636811667553,0.022327516658998764,0.012953930254030792,0.012953930254030792
RZDT2_VC,GPR-KG-oracleV,oracle,1,1001,axis,1.0,0.004417494632216135,43 0 0 0 0,43,0.43,mid_t1,tn,0,0,0.01085792462959223,0.03404251885736023,0.01085792462959223,0.023184594227768,0.43,0.433821737623991,0.0038217376239910172,0.01328056935444799,0.01328056935444799,0.8151,0.8265434887279759,0.011443488727975848,0.01328056935444799,0.01328056935444799,-0.1786972322076379,-0.1555126379798699,0.023184594227768,0.01328056935444799,0.01328056935444799
RZDT2_VC,GPR-KG-oracleV,oracle,1,1001,axis,1.0,0.004417494632216135,44 0 0 0 0,44,0.44,mid_t1,tn,0,0,0.011157317830659014,0.03508852051566366,0.011157317830659014,0.02393120268500465,0.44,0.4433208818553023,0.003320881855302271,0.013569646185494524,0.013569646185494524,0.8064,0.8230724251345242,0.01667242513452416,0.013569646185494524,0.013569646185494524,-0.18044974730931826,-0.1565185446243136,0.02393120268500465,0.013569646185494524,0.013569646185494524
RZDT2_VC,GPR-KG-oracleV,oracle,1,1001,axis,1.0,0.004417494632216135,45 0 0 0 0,45,0.45,mid_t1,tn,0,0,0.011412678195541842,0.03597310384979205,0.011412678195541842,0.024560425654250206,0.45,0.45283782151019225,0.00283782151019224,0.01381866685703476,0.01381866685703476,0.7975,0.8194408087154597,0.02194080871545967,0.01381866685703476,0.01381866685703476,-0.18194451370425696,-0.15738408805000675,0.024560425654250206,0.01381866685703476,0.01381866685703476
RZDT2_VC,GPR-KG-oracleV,oracle,1,1001,axis,1.0,0.004417494632216135,46 0 0 0 0,46,0.46,mid_t1,tn,0,0,0.011622997933543572,0.03668936190898142,0.011622997933543572,0.02506636397543785,0.46,0.46237255658866105,0.0023725565886610345,0.014025465477955251,0.014025465477955251,0.7884,0.8156486394707825,0.027248639470782487,0.014025465477955251,0.014025465477955251,-0.18317563223238706,-0.1581092682569492,0.02506636397543785,0.014025465477955251,0.014025465477955251
RZDT2_VC,GPR-KG-oracleV,oracle,1,1001,axis,1.0,0.004417494632216135,47 0 0 0 0,47,0.47,mid_t1,tn,0,0,0.011787447008744262,0.0372316059949257,0.011787447008744262,0.025444158986181437,0.47,0.4719250870907085,0.0019250870907085438,0.014188231362461133,0.014188231362461133,0.7791,0.8116959174004926,0.03259591740049261,0.014188231362461133,0.014188231362461133,-0.18413824423132247,-0.15869408524514103,0.025444158986181437,0.014188231362461133,0.014188231362461133
RZDT2_VC,GPR-KG-oracleV,oracle,1,1001,axis,1.0,0.004417494632216135,48 0 0 0 0,48,0.48,mid_t1,tn,0,0,0.011905376415773744,0.03759538811247057,0.011905376415773744,0.025690011696696824,0.48,0.48149541301633475,0.0014954130163347679,0.014305531860612137,0.014305531860612137,0.7696000000000001,0.8075826425045901,0.03798264250459005,0.014305531860612137,0.014305531860612137,-0.1848285507112791,-0.15913853901458228,0.025690011696696824,0.014305531860612137,0.014305531860612137
RZDT2_VC,GPR-KG-oracleV,oracle,1,1001,axis,1.0,0.004417494632216135,49 0 0 0 0,49,0.49,mid_t1,tn,0,0,0.011976320741139274,0.037777518523818,0.011976320741139274,0.025801197782678725,0.49,0.4910835343655398,0.0010835343655398177,0.014376330475641002,0.014376330475641002,0.7599,0.8033088147830749,0.0434088147830749,0.014376330475641002,0.014376330475641002,-0.18524382734795153,-0.1594426295652728,0.025801197782678725,0.014376330475641002,0.014376330475641002
RZDT2_VC,GPR-KG-oracleV,oracle,1,1001,axis,1.0,0.004417494632216135,50 0 0 0 0,50,0.5,mid_t1,tn,0,0,0.01200000000000001,0.03777607833696395,0.01200000000000001,0.025776078336963937,0.5,0.5006894511383235,0.0006894511383235269,0.0144,0.0144,0.75,0.7988744342359471,0.04887443423594706,0.0144,0.0144,-0.18538243523417663,-0.1596063568972127,0.025776078336963937,0.0144,0.0144
RZDT2_VC,GPR-KG-oracleV,oracle,1,1001,axis,1.0,0.004417494632216135,51 0 0 0 0,51,0.51,mid_t1,tn,0,0,0.011976320741139274,0.03759042707868879,0.011976320741139274,0.025614106337549514,0.51,0.510313163334686,0.0003131633346860063,0.014376330475641002,0.014376330475641002,0.7399,0.7942795008632065,0.05437950086320653,0.014376330475641002,0.014376330475641002,-0.18524382734795153,-0.15962972101040201,0.025614106337549514,0.014376330475641002,0.014376330475641002
RZDT2_VC,GPR-KG-oracleV,oracle,1,1001,axis,1.0,0.004417494632216135,52 0 0 0 0,52,0.52,mid_t1,tn,0,0,0.011905376415773744,0.0372212052222122,0.011905376415773744,0.025315828806438456,0.52,0.5199546709546272,-4.532904537279947e-05,0.014305531860612137,0.014305531860612137,0.7296,0.7895240146648534,0.05992401466485342,0.014305531860612137,0.014305531860612137,-0.1848285507112791,-0.15951272190484064,0.025315828806438456,0.014305531860612137,0.014305531860612137
RZDT2_VC,GPR-KG-oracleV,oracle,1,1001,axis,1.0,0.004417494632216135,53 0 0 0 0,53,0.53,mid_t1,tn,0,0,0.011787447008744262,0.03667033165953809,0.011787447008744262,0.02488288465079383,0.53,0.5296139739981472,-0.00038602600185277947,0.014188231362461133,0.014188231362461133,0.7191,0.7846079756408875,0.0655079756408875,0.014188231362461133,0.014188231362461133,-0.18413824423132247,-0.15925535958052864,0.02488288465079383,0.014188231362461133,0.014188231362461133
RZDT2_VC,GPR-KG-oracleV,oracle,1,1001,axis,1.0,0.004417494632216135,54 0 0 0 0,54,0.54,mid_t1,tn,0,0,0.011622997933543572,0.03594099612846452,0.011622997933543572,0.024317998194920948,0.54,0.539291072465246,-0.0007089275347540447,0.014025465477955242,0.014025465477955242,0.7083999999999999,0.7795313837913089,0.07113138379130901,0.014025465477955242,0.014025465477955242,-0.183175632232387,-0.15885763403746606,0.024317998194920948,0.014025465477955242,0.014025465477955242
RZDT2_VC,GPR-KG-oracleV,oracle,1,1001,axis,1.0,0.004417494632216135,55 0 0 0 0,55,0.55,mid_t1,tn,0,0,0.011412678195541842,0.035037646624146046,0.011412678195541842,0.023624968428604204,0.55,0.5489859663559234,-0.0010140336440765951,0.013818666857034756,0.013818666857034756,0.6975,0.7742942391161178,0.07679423911611782,0.013818666857034756,0.013818666857034756,-0.18194451370425696,-0.15831954527565276,0.023624968428604204,0.013818666857034756,0.013818666857034756
RZDT2_VC,GPR-KG-oracleV,oracle,1,1001,axis,1.0,0.004417494632216135,56 0 0 0 0,56,0.56,mid_t1,tn,0,0,0.011157317830659014,0.03396597184488845,0.011157317830659014,0.022808654014229435,0.56,0.5586986556701796,-0.0013013443298204308,0.013569646185494524,0.013569646185494524,0.6863999999999999,0.768896541615314,0.08249654161531406,0.013569646185494524,0.013569646185494524,-0.18044974730931826,-0.15764109329508882,0.022808654014229435,0.013569646185494524,0.013569646185494524
RZDT2_VC,GPR-KG-oracleV,oracle,1,1001,axis,1.0,0.004417494632216135,57 0 0 0 0,57,0.57,mid_t1,tn,0,0,0.01085792462959223,0.03273287874145586,0.01085792462959223,0.02187495411186363,0.57,0.5684291404080147,-0.0015708595919852186,0.013280569354448001,0.013280569354448001,0.6751,0.7633382912888973,0.08823829128889726,0.013280569354448001,0.013280569354448001,-0.17869723220763795,-0.15682227809577431,0.02187495411186363,0.013280569354448001,0.013280569354448001
RZDT2_VC,GPR-KG-oracleV,oracle,1,1001,axis,1.0,0.004417494632216135,58 0 0 0 0,58,0.58,mid_t1,tn,0,0,0.01051568016052637,0.03134646525849161,0.01051568016052637,0.020830785097965238,0.58,0.5781774205694283,-0.0018225794305716247,0.012953930254030797,0.012953930254030797,0.6636,0.7576194881368681,0.09401948813686811,0.012953930254030797,0.012953930254030797,-0.17669388477567435,-0.15586309967770912,0.020830785097965238,0.012953930254030797,0.012953930254030797
RZDT2_VC,GPR-KG-oracleV,oracle,1,1001,axis,1.0,0.004417494632216135,59 0 0 0 0,59,0.59,mid_t1,tn,0,0,0.01013193510602417,0.02981598837562985,0.01013193510602417,0.019684053269605678,0.59,0.5879434961544209,-0.002056503845579094,0.012592519592970447,0.012592519592970447,0.6519,0.7517401321592262,0.09984013215922616,0.012592519592970447,0.012592519592970447,-0.174447611310499,-0.1547635580408933,0.019684053269605678,0.012592519592970447,0.012592519592970447
RZDT2_VC,GPR-KG-oracleV,oracle,1,1001,axis,1.0,0.004417494632216135,60 0 0 0 0,60,0.6,mid_t1,tn,0,0,0.009708203932499382,0.02815182757442672,0.009708203932499382,0.018443623641927337,0.6,0.597727367162992,-0.0022726328370079596,0.012199390203593318,0.012199390203593318,0.64,0.7457002233559716,0.10570022335597162,0.012199390203593318,0.012199390203593318,-0.17196727682725424,-0.1535236531853269,0.018443623641927337,0.012199390203593318,0.012199390203593318
RZDT2_VC,GPR-KG-oracleV,oracle,1,1001,axis,1.0,0.004417494632216135,61 0 0 0 0,61,0.61,mid_t1,tn,0,0,0.00924615891330946,0.026365443875288136,0.00924615891330946,0.017119284961978676,0.61,0.607529033595142,-0.0024709664048579993,0.01177781934266268,0.01177781934266268,0.6279,0.7394997617271045,0.11159976172710451,0.01177781934266268,0.01177781934266268,-0.16926267007298845,-0.15214338511100978,0.017119284961978676,0.01177781934266268,0.01177781934266268
RZDT2_VC,GPR-KG-oracleV,oracle,1,1001,axis,1.0,0.004417494632216135,62 0 0 0 0,62,0.62,mid_t1,tn,0,0,0.008747623529056947,0.024469334606058296,0.008747623529056947,0.01572171107700135,0.62,0.6173484954508708,-0.0026515045491292133,0.011331268541361527,0.011331268541361527,0.6155999999999999,0.7331387472726245,0.11753874727262459,0.011331268541361527,0.011331268541361527,-0.1663444648949434,-0.15062275381794205,0.01572171107700135,0.011331268541361527,0.011331268541361527
RZDT2_VC,GPR-KG-oracleV,oracle,1,1001,axis,1.0,0.004417494632216135,63 0 0 0 0,63,0.63,mid_t1,tn,0,0,0.00821456527114428,0.022476984080776252,0.00821456527114428,0.014262418809631972,0.63,0.6271857527301782,-0.0028142472698218235,0.010863341592089185,0.010863341592089185,0.6031,0.7266171799925321,0.12351717999253209,0.010863341592089185,0.010863341592089185,-0.16322417811575568,-0.1489617593061237,0.014262418809631972,0.010863341592089185,0.010863341592089185
RZDT2_VC,GPR-KG-oracleV,oracle,1,1001,axis,1.0,0.004417494632216135,64 0 0 0 0,64,0.64,mid_t1,tn,0,0,0.007649087876984262,0.0204028103832489,0.007649087876984262,0.012753722506264636,0.64,0.6370408054330644,-0.002959194566935608,0.01037774128500867,0.01037774128500867,0.5904,0.7199350598868267,0.12953505988682668,0.01037774128500867,0.01037774128500867,-0.1599141240818193,-0.14716040157555466,0.012753722506264636,0.01037774128500867,0.01037774128500867
RZDT2_VC,GPR-KG-oracleV,oracle,1,1001,axis,1.0,0.004417494632216135,65 0 0 0 0,65,0.65,mid_t1,tn,0,0,0.007053423027509692,0.018262108465461085,0.007053423027509692,0.011208685437951393,0.65,0.6469136535595293,-0.0030863464404706775,0.009878225523078628,0.009878225523078628,0.5774999999999999,0.7130923869555088,0.1355923869555089,0.009878225523078628,0.009878225523078628,-0.1564273660641864,-0.145218680626235,0.011208685437951393,0.009878225523078628,0.009878225523078628
RZDT2_VC,GPR-KG-oracleV,oracle,1,1001,axis,1.0,0.004417494632216135,66 0 0 0 0,66,0.66,mid_t1,tn,0,0,0.006429921539747946,0.01607098978538757,0.006429921539747946,0.009641068245639622,0.66,0.656804297109573,-0.0031957028904270324,0.009368563450396631,0.009368563450396631,0.5644,0.7060891611985782,0.14168916119857822,0.009368563450396631,0.009368563450396631,-0.15277766470380436,-0.14313659645816473,0.009641068245639622,0.009368563450396631,0.009368563450396631
RZDT2_VC,GPR-KG-oracleV,oracle,1,1001,axis,1.0,0.004417494632216135,67 0 0 0 0,67,0.67,high_t1,tn,0,0,0.005781044089220588,0.013846318722429418,0.005781044089220588,0.00806527463320883,0.67,0.6667127360831955,-0.0032872639168045614,0.00885249222498826,0.00885249222498826,0.5510999999999999,0.698925382616035,0.14782538261603506,0.00885249222498826,0.00885249222498826,-0.14897942370455264,-0.1409141490713438,0.00806527463320883,0.00885249222498826,0.00885249222498826
RZDT2_VC,GPR-KG-oracleV,oracle,1,1001,axis,1.0,0.004417494632216135,68 0 0 0 0,68,0.68,high_t1,tn,0,0,0.005109351498780862,0.011605646021412702,0.005109351498780862,0.00649629452263184,0.68,0.6766389704803967,-0.0033610295196033757,0.008333675053769642,0.008333675053769642,0.5375999999999999,0.6916010512078791,0.1540010512078792,0.008333675053769642,0.008333675053769642,-0.14504763298840406,-0.13855133846577222,0.00649629452263184,0.008333675053769642,0.008333675053769642
RZDT2_VC,GPR-KG-oracleV,oracle,1,1001,axis,1.0,0.004417494632216135,69 0 0 0 0,69,0.69,high_t1,tn,0,0,0.004417494632216135,0.00936713952781712,0.004417494632216135,0.004949644895600985,0.69,0.6865830003011765,-0.003416999698823475,0.007815661084515988,0.007815661084515988,0.5239,0.6841161669741105,0.16021616697411045,0.007815661084515988,0.007815661084515988,-0.14099780953705102,-0.13604816464145003,0.004949644895600985,0.007815661084515988,0.007815661084515988
RZDT2_VC,GPR-KG-oracleV,oracle,1,1001,axis,1.0,0.004417494632216135,70 0 0 0 0,70,0.7,high_t1,tn,0,0,0.0037082039324993765,0.007149512487589604,0.0037082039324993765,0.003441308555090228,0.7,0.6965448255455352,-0.003455174454464749,0.007301847717655946,0.007301847717655946,0.51,0.6764707299147292,0.16647072991472922,0.007301847717655946,0.007301847717655946,-0.1368459361534674,-0.13340462759837718,0.003441308555090228,0.007301847717655946,0.007301847717655946
RZDT2_VC,GPR-KG-oracleV,oracle,1,1001,axis,1.0,0.004417494632216135,71 0 0 0 0,71,0.71,high_t1,tn,0,0,0.00298427864597825,0.004971949694512562,0.00298427864597825,0.001987671048534312,0.71,0.7065244462134727,-0.003475553786527308,0.006795445860099158,0.006795445860099158,0.4959,0.6686647400297353,0.1727647400297353,0.006795445860099158,0.006795445860099158,-0.13260839838508803,-0.13062072733655372,0.001987671048534312,0.006795445860099158,0.006795445860099158
RZDT2_VC,GPR-KG-oracleV,oracle,1,1001,axis,1.0,0.004417494632216135,72 0 0 0 0,72,0.72,high_t1,tn,0,0,0.0022485757750286828,0.0028540317765865797,0.0022485757750286828,0.0006054560015578969,0.72,0.7165218623049887,-0.003478137695011263,0.006299448594739758,0.006299448594739758,0.48160000000000003,0.6606981973191287,0.17909819731912868,0.006299448594739758,0.006299448594739758,-0.12830191985753756,-0.12769646385597966,0.0006054560015578969,0.006299448594739758,0.006299448594739758
RZDT2_VC,GPR-KG-oracleV,oracle,1,1001,axis,1.0,0.004417494632216135,73 0 0 0 0,73,0.73,high_t1,tn,0,0,0.001503998802771661,0.0008156579202383274,0.001503998802771661,-0.0006883408825333337,0.73,0.7265370738200837,-0.0034629261799162814,0.005816603683539342,0.005816603683539342,0.46710000000000007,0.6525711017829094,0.18547110178290938,0.005816603683539342,0.005816603683539342,-0.12394349627412149,-0.12463183715665482,-0.0006883408825333337,0.005816603683539342,0.005816603683539342
RZDT2_VC,GPR-KG-oracleV,oracle,1,1001,axis,1.0,0.004417494632216135,74 0 0 0 0,74,0.74,high_t1,fp,0,1,0.0007534862343517579,-0.0011230326626784914,0.0007534862343517579,-0.0018765188970302493,0.74,0.7365700807587574,-0.003429919241242585,0.005349390260062094,0.005349390260062094,0.4524,0.6442834534210775,0.1918834534210775,0.005349390260062094,0.005349390260062094,-0.11955032834154919,-0.12142684723857944,-0.0018765188970302493,0.005349390260062094,0.005349390260062094
RZDT2_VC,GPR-KG-oracleV,oracle,1,1001,axis,1.0,0.004417494632216135,75 0 0 0 0,75,0.75,high_t1,tp,1,1,0.0,-0.002941740215150382,0.0,-0.002941740215150382,0.75,0.7466208831210097,-0.003379116878990285,0.004900000000000001,0.004900000000000001,0.4375,0.6358352522336328,0.1983352522336328,0.004900000000000001,0.004900000000000001,-0.11513975388660307,-0.11808149410175345,-0.002941740215150382,0.004900000000000001,0.004900000000000001
RZDT2_VC,GPR-KG-oracleV,oracle,1,1001,axis,1.0,0.004417494632216135,76 0 0 0 0,76,0.76,high_t1,tp,1,1,-0.0007534862343517579,-0.004620084548871556,0.0007534862343517579,-0.003866598314519798,0.76,0.756689480906841,-0.003310519093159048,0.004470322986651712,0.004470322986651712,0.4224,0.6272264982205755,0.20482649822057553,0.004470322986651712,0.004470322986651712,-0.11072917943165694,-0.11459577774617674,-0.003866598314519798,0.004470322986651712,0.004470322986651712
RZDT2_VC,GPR-KG-oracleV,oracle,1,1001,axis,1.0,0.004417494632216135,77 0 0 0 0,77,0.77,high_t1,tp,1,1,-0.0015039988027716472,-0.006137685475536531,0.0015039988027716472,-0.0046336866727648834,0.77,0.7667758741162509,-0.003224125883749096,0.004061938413639081,0.004061938413639081,0.4071,0.6184571913819057,0.21135719138190567,0.004061938413639081,0.004061938413639081,-0.1063360114990846,-0.11096969817184948,-0.0046336866727648834,0.004061938413639081,0.004061938413639081
RZDT2_VC,GPR-KG-oracleV,oracle,1,1001,axis,1.0,0.004417494632216135,78 0 0 0 0,78,0.78,high_t1,tp,1,1,-0.0022485757750286967,-0.007474243238131673,0.0022485757750286967,-0.005225667463102976,0.78,0.7768800627492395,-0.0031199372507605405,0.003676110190539616,0.003676110190539616,0.39159999999999995,0.609527331717623,0.21792733171762302,0.003676110190539616,0.003676110190539616,-0.10197758791566859,-0.10720325537877157,-0.005225667463102976,0.003676110190539616,0.003676110190539616
RZDT2_VC,GPR-KG-oracleV,oracle,1,1001,axis,1.0,0.004417494632216135,79 0 0 0 0,79,0.79,high_t1,tp,1,1,-0.002984278645978264,-0.008609618624803084,0.002984278645978264,-0.00562533997882482,0.79,0.7870020468058069,-0.002997953194193159,0.0033137874397911856,0.0033137874397911856,0.3758999999999999,0.6004369192277277,0.22453691922772778,0.0033137874397911856,0.0033137874397911856,-0.09767110938811811,-0.10329644936694293,-0.00562533997882482,0.0033137874397911856,0.0033137874397911856
RZDT2_VC,GPR-KG-oracleV,oracle,1,1001,axis,1.0,0.004417494632216135,80 0 0 0 0,80,0.8,high_t1,tp,1,1,-0.0037082039324993626,-0.009523912449124414,0.0037082039324993626,-0.005815708516625051,0.8,0.7971418262859531,-0.002858173714046952,0.0029756097964066855,0.0029756097964066855,0.3599999999999999,0.5911859539122197,0.23118595391221985,0.0029756097964066855,0.0029756097964066855,-0.0934335716197387,-0.09924928013636375,-0.005815708516625051,0.0029756097964066855,0.0029756097964066855
RZDT2_VC,GPR-KG-oracleV,oracle,1,1001,axis,1.0,0.004417494632216135,81 0 0 0 0,81,0.81,high_t1,tp,1,1,-0.004417494632216135,-0.010197544083094923,0.004417494632216135,-0.005780049450878788,0.81,0.8072994011896779,-0.0027005988103221412,0.0026619173469304876,0.0026619173469304876,0.3438999999999999,0.5817744357710991,0.23787443577109924,0.0026619173469304876,0.0026619173469304876,-0.08928169823615512,-0.0950617476870339,-0.005780049450878788,0.0026619173469304876,0.0026619173469304876
RZDT2_VC,GPR-KG-oracleV,oracle,1,1001,axis,1.0,0.004417494632216135,82 0 0 0 0,82,0.82,high_t1,tp,1,1,-0.005109351498780862,-0.010611328732932121,0.005109351498780862,-0.005501977234151259,0.82,0.8174747715169816,-0.0025252284830183935,0.0023727649718586334,0.0023727649718586334,0.3276000000000001,0.5722023648043658,0.2446023648043657,0.0023727649718586334,0.0023727649718586334,-0.08523187478480208,-0.09073385201895334,-0.005501977234151259,0.0023727649718586334,0.0023727649718586334
RZDT2_VC,GPR-KG-oracleV,oracle,1,1001,axis,1.0,0.004417494632216135,83 0 0 0 0,83,0.83,high_t1,tp,1,1,-0.0057810440892205744,-0.010746553152689353,0.0057810440892205744,-0.004965509063468779,0.83,0.8276679372678639,-0.002332062732136042,0.002107940787564248,0.002107940787564248,0.31110000000000004,0.5624697410120199,0.2513697410120198,0.002107940787564248,0.002107940787564248,-0.08130008406865345,-0.08626559313212223,-0.004965509063468779,0.002107940787564248,0.002107940787564248
RZDT2_VC,GPR-KG-oracleV,oracle,1,1001,axis,1.0,0.004417494632216135,84 0 0 0 0,84,0.84,high_t1,tp,1,1,-0.006429921539747946,-0.010585049496886628,0.006429921539747946,-0.004155127957138682,0.84,0.837878898442325,-0.002121101557674976,0.0018669883206906854,0.0018669883206906854,0.2944000000000001,0.5525765643940612,0.2581765643940611,0.0018669883206906854,0.0018669883206906854,-0.07750184306940178,-0.08165697102654046,-0.004155127957138682,0.0018669883206906854,0.0018669883206906854
RZDT2_VC,GPR-KG-oracleV,oracle,1,1001,axis,1.0,0.004417494632216135,85 0 0 0 0,85,0.85,high_t1,tp,1,1,-0.007053423027509678,-0.01010926702069799,0.007053423027509678,-0.003055843993188312,0.85,0.8481076550403649,-0.0018923449596350839,0.0016492319909840044,0.0016492319909840044,0.2775000000000001,0.5425228349504898,0.2650228349504897,0.0016492319909840044,0.0016492319909840044,-0.07385214170901971,-0.07690798570220803,-0.003055843993188312,0.0016492319909840044,0.0016492319909840044
RZDT2_VC,GPR-KG-oracleV,oracle,1,1001,axis,1.0,0.004417494632216135,86 0 0 0 0,86,0.86,high_t1,tp,1,1,-0.007649087876984276,-0.009302341344722465,0.007649087876984276,-0.0016532534677381888,0.86,0.8583542070619836,-0.001645792938016366,0.001453805428527018,0.001453805428527018,0.2604000000000001,0.5323085526813058,0.27190855268130576,0.001453805428527018,0.001453805428527018,-0.07036538369138685,-0.07201863715912504,-0.0016532534677381888,0.001453805428527018,0.001453805428527018
RZDT2_VC,GPR-KG-oracleV,oracle,1,1001,axis,1.0,0.004417494632216135,87 0 0 0 0,87,0.87,high_t1,tp,1,1,-0.00821456527114426,-0.008148161010985207,0.00821456527114426,6.64042601590531e-05,0.87,0.8686185545071808,-0.0013814454928191555,0.0012796821090875375,0.0012796821090875375,0.24309999999999998,0.5219337175865092,0.2788337175865092,0.0012796821090875375,0.0012796821090875375,-0.06705532965745045,-0.0669889253972914,6.64042601590531e-05,0.0012796821090875375,0.0012796821090875375
RZDT2_VC,GPR-KG-oracleV,oracle,1,1001,axis,1.0,0.004417494632216135,88 0 0 0 0,88,0.88,high_t1,tp,1,1,-0.00874762352905694,-0.006631431067501158,0.00874762352905694,0.0021161924615557826,0.88,0.878900697375957,-0.0010993026240430082,0.0011257077574617622,0.0011257077574617622,0.22560000000000002,0.5113983296660999,0.28579832966609986,0.0011257077574617622,0.0011257077574617622,-0.06393504287826277,-0.06181885041670698,0.0021161924615557826,0.0011257077574617622,0.0011257077574617622
RZDT2_VC,GPR-KG-oracleV,oracle,1,1001,axis,1.0,0.004417494632216135,89 0 0 0 0,89,0.89,high_t1,tp,1,1,-0.009246158913309474,-0.004737733430463943,0.009246158913309474,0.004508425482845531,0.89,0.8892006356683119,-0.000799364331688146,0.0009906339438016307,0.0009906339438016307,0.20789999999999997,0.5007023889200779,0.2928023889200779,0.0009906339438016307,0.0009906339438016307,-0.06101683770021766,-0.05650841221737213,0.004508425482845531,0.0009906339438016307,0.0009906339438016307
RZDT2_VC,GPR-KG-oracleV,oracle,1,1001,axis,1.0,0.004417494632216135,90 0 0 0 0,90,0.9,high_t1,tp,1,1,-0.009708203932499368,-0.0024535837858339904,0.009708203932499368,0.007254620146665378,0.9,0.8995183693842455,-0.0004816306157545691,0.0008731522823440527,0.0008731522823440527,0.18999999999999995,0.4898458953484432,0.29984589534844325,0.0008731522823440527,0.0008731522823440527,-0.05831223094595188,-0.0510576107992865,0.007254620146665378,0.0008731522823440527,0.0008731522823440527
RZDT2_VC,GPR-KG-oracleV,oracle,1,1001,axis,1.0,0.004417494632216135,91 0 0 0 0,91,0.91,high_t1,fn,1,0,-0.010131935106024184,0.033444019549733715,0.010131935106024184,0.0435759546557579,0.91,0.8964613523015791,-0.013538647698420947,0.0007719286359422346,0.0007719286359422346,0.17189999999999994,0.23412256461575037,0.06222256461575043,0.0007719286359422346,0.0007719286359422346,-0.05583189646270712,-0.012255941806949222,0.0435759546557579,0.0007719286359422346,0.0007719286359422346
RZDT2_VC,GPR-KG-oracleV,oracle,1,1001,axis,1.0,0.004417494632216135,92 0 0 0 0,92,0.92,high_t1,fn,1,0,-0.010515680160526363,0.003335024530142068,0.010515680160526363,0.01385070469066843,0.92,0.920207223086849,0.00020722308684895108,0.0006856367334167007,0.0006856367334167007,0.15359999999999996,0.4676512497283358,0.31405124972833587,0.0006856367334167007,0.0006856367334167007,-0.05358562299753181,-0.039734918306863376,0.01385070469066843,0.0006856367334167007,0.0006856367334167007
RZDT2_VC,GPR-KG-oracleV,oracle,1,1001,axis,1.0,0.004417494632216135,93 0 0 0 0,93,0.93,high_t1,fn,1,0,-0.010857924629592237,0.00686132370344994,0.010857924629592237,0.017719248333042177,0.93,0.9305783430735187,0.0005783430735186723,0.000612990619923725,0.000612990619923725,0.1350999999999999,0.45631309767986317,0.3212130976798633,0.000612990619923725,0.000612990619923725,-0.051582275565568166,-0.03386302723252599,0.017719248333042177,0.000612990619923725,0.000612990619923725
RZDT2_VC,GPR-KG-oracleV,oracle,1,1001,axis,1.0,0.004417494632216135,94 0 0 0 0,94,0.94,high_t1,fn,1,0,-0.011157317830659014,0.010821669693791128,0.011157317830659014,0.02197898752445014,0.94,0.9409672584837673,0.0009672584837673304,0.0005527753830590053,0.0005527753830590053,0.11640000000000006,0.4448143928057778,0.3284143928057777,0.0005527753830590053,0.0005527753830590053,-0.04982976046388786,-0.027850772939437718,0.02197898752445014,0.0005527753830590053,0.0005527753830590053
RZDT2_VC,GPR-KG-oracleV,oracle,1,1001,axis,1.0,0.004417494632216135,95 0 0 0 0,95,0.95,high_t1,fn,1,0,-0.011412678195541842,0.015224160445808294,0.011412678195541842,0.026636838641350136,0.95,0.9513739693175947,0.0013739693175947032,0.0005038756289026096,0.0005038756289026096,0.09750000000000003,0.4331551351060798,0.33565513510607975,0.0005038756289026096,0.0005038756289026096,-0.048334994068949144,-0.02169815542759901,0.026636838641350136,0.0005038756289026096,0.0005038756289026096
RZDT2_VC,GPR-KG-oracleV,oracle,1,1001,axis,1.0,0.004417494632216135,96 0 0 0 0,96,0.96,high_t1,fn,1,0,-0.011622997933543572,0.02007570291026587,0.011622997933543572,0.03169870084380944,0.96,0.9617984755750006,0.0017984755750006798,0.0004653012221544119,0.0004653012221544119,0.07840000000000003,0.4213353245807691,0.3429353245807691,0.0004653012221544119,0.0004653012221544119,-0.04710387554081908,-0.015405174697009638,0.03169870084380944,0.0004653012221544119,0.0004653012221544119
RZDT2_VC,GPR-KG-oracleV,oracle,1,1001,axis,1.0,0.004417494632216135,97 0 0 0 0,97,0.97,high_t1,fn,1,0,-0.011787447008744269,0.025381985785469872,0.011787447008744269,0.03716943279421414,0.97,0.9722407772559856,0.002240777255985593,0.0004362098522594935,0.0004362098522594935,0.05910000000000004,0.4093549612298457,0.3502549612298457,0.0004362098522594935,0.0004362098522594935,-0.04614126354188364,-0.008971830747669496,0.03716943279421414,0.0004362098522594935,0.0004362098522594935
RZDT2_VC,GPR-KG-oracleV,oracle,1,1001,axis,1.0,0.004417494632216135,98 0 0 0 0,98,0.98,high_t1,fn,1,0,-0.01190537641577373,0.031147457066574485,0.01190537641577373,0.043052833482348216,0.98,0.9827008743605492,0.0027008743605492214,0.00041592604220944417,0.00041592604220944417,0.03960000000000008,0.3972140450533097,0.3576140450533096,0.00041592604220944417,0.00041592604220944417,-0.04545095706192702,-0.0023981235795788036,0.043052833482348216,0.00041592604220944417,0.00041592604220944417
RZDT2_VC,GPR-KG-oracleV,oracle,1,1001,axis,1.0,0.004417494632216135,99 0 0 0 0,99,0.99,high_t1,fn,1,0,-0.01197632074113926,0.03737530649137777,0.01197632074113926,0.04935162723251703,0.99,0.9931787668886916,0.0031787668886915643,0.0004039562776451963,0.0004039562776451963,0.01990000000000003,0.384912576051161,0.365012576051161,0.0004039562776451963,0.0004039562776451963,-0.04503568042525459,0.0043159468072624385,0.04935162723251703,0.0004039562776451963,0.0004039562776451963
RZDT2_VC,GPR-KG-oracleV,oracle,1,1001,axis,1.0,0.004417494632216135,100 0 0 0 0,100,1.0,high_t1,tp,1,1,-0.011999999999999997,-0.012235833551277067,0.011999999999999997,-0.0002358335512770704,1.0,0.9807388287620536,-0.01926117123794635,0.0004,0.0004,0.0,0.05735550144959739,0.05735550144959739,0.0004,0.0004,-0.04489707253902944,-0.04513290609030651,-0.0002358335512770704,0.0004,0.0004
RZDT2_VC,GPR-KG-oracleV,oracle,2,1002,axis,1.0,0.004417494632216135,0 0 0 0 0,0,0.0,low_t1,fn,1,0,-0.011999999999999997,0.11137037376818026,0.011999999999999997,0.12337037376818026,0.0,0.12035053528585042,0.12035053528585042,0.0004,0.0004,1.0,0.754880764655237,-0.245119235344763,0.0004,0.0004,-0.04489707253902944,0.07847330122915082,0.12337037376818026,0.0004,0.0004
RZDT2_VC,GPR-KG-oracleV,oracle,2,1002,axis,1.0,0.004417494632216135,1 0 0 0 0,1,0.01,low_t1,fn,1,0,-0.01197632074113926,0.10541703992455836,0.01197632074113926,0.11739336066569762,0.01,0.12583886708520275,0.11583886708520276,0.0004039562776451963,0.0004039562776451963,0.9999,0.7525205555779739,-0.24737944442202608,0.0004039562776451963,0.0004039562776451963,-0.04503568042525459,0.07235768024044303,0.11739336066569762,0.0004039562776451963,0.0004039562776451963
RZDT2_VC,GPR-KG-oracleV,oracle,2,1002,axis,1.0,0.004417494632216135,2 0 0 0 0,2,0.02,low_t1,fn,1,0,-0.011905376415773737,0.09989841323156148,0.011905376415773737,0.11180378964733523,0.02,0.1313962824235506,0.11139628242355058,0.00041592604220944417,0.00041592604220944417,0.9996,0.7501017700568441,-0.24949822994315596,0.00041592604220944417,0.00041592604220944417,-0.045450957061927026,0.0663528325854082,0.11180378964733523,0.00041592604220944417,0.00041592604220944417
RZDT2_VC,GPR-KG-oracleV,oracle,2,1002,axis,1.0,0.004417494632216135,3 0 0 0 0,3,0.03,low_t1,fn,1,0,-0.011787447008744269,0.09481257479718569,0.011787447008744269,0.10660002180592995,0.03,0.13702278130089396,0.10702278130089396,0.0004362098522594935,0.0004362098522594935,0.9991,0.7476244080918476,-0.2514755919081524,0.0004362098522594935,0.0004362098522594935,-0.04614126354188364,0.060458758264046314,0.10660002180592995,0.0004362098522594935,0.0004362098522594935
RZDT2_VC,GPR-KG-oracleV,oracle,2,1002,axis,1.0,0.004417494632216135,4 0 0 0 0,4,0.04,low_t1,fn,1,0,-0.011622997933543572,0.0901563348836329,0.011622997933543572,0.10177933281717647,0.04,0.14271836371723282,0.10271836371723281,0.0004653012221544117,0.0004653012221544117,0.9984,0.7450884696829843,-0.2533115303170157,0.0004653012221544117,0.0004653012221544117,-0.04710387554081907,0.05467545727635739,0.10177933281717647,0.0004653012221544117,0.0004653012221544117
RZDT2_VC,GPR-KG-oracleV,oracle,2,1002,axis,1.0,0.004417494632216135,5 0 0 0 0,5,0.05,low_t1,fn,1,0,-0.011412678195541842,0.08592524549574872,0.011412678195541842,0.09733792369129056,0.05,0.14848302967256718,0.09848302967256718,0.0005038756289026093,0.0005038756289026093,0.9975,0.7424939548302543,-0.2550060451697458,0.0005038756289026093,0.0005038756289026093,-0.04833499406894913,0.04900292962234143,0.09733792369129056,0.0005038756289026093,0.0005038756289026093
RZDT2_VC,GPR-KG-oracleV,oracle,2,1002,axis,1.0,0.004417494632216135,6 0 0 0 0,6,0.06,low_t1,fn,1,0,-0.011157317830659014,0.08211361793522723,0.011157317830659014,0.09327093576588624,0.06,0.15431677916689707,0.09431677916689707,0.0005527753830590045,0.0005527753830590045,0.9964,0.7398408635336575,-0.25655913646634243,0.0005527753830590045,0.0005527753830590045,-0.04982976046388783,0.043441175301998404,0.09327093576588624,0.0005527753830590045,0.0005527753830590045
RZDT2_VC,GPR-KG-oracleV,oracle,2,1002,axis,1.0,0.004417494632216135,7 0 0 0 0,7,0.07,low_t1,fn,1,0,-0.010857924629592237,0.07871454525130428,0.010857924629592237,0.08957246988089651,0.07,0.16021961220022246,0.09021961220022245,0.0006129906199237256,0.0006129906199237256,0.9951,0.737129195793194,-0.25797080420680596,0.0006129906199237256,0.0006129906199237256,-0.051582275565568186,0.03799019431532833,0.08957246988089651,0.0006129906199237256,0.0006129906199237256
RZDT2_VC,GPR-KG-oracleV,oracle,2,1002,axis,1.0,0.004417494632216135,8 0 0 0 0,8,0.08,low_t1,fn,1,0,-0.010515680160526363,0.07571992949933667,0.010515680160526363,0.08623560965986304,0.08,0.1661915287725434,0.0861915287725434,0.0006856367334167007,0.0006856367334167007,0.9936,0.7343589516088637,-0.2592410483911364,0.0006856367334167007,0.0006856367334167007,-0.05358562299753181,0.03264998666233123,0.08623560965986304,0.0006856367334167007,0.0006856367334167007
RZDT2_VC,GPR-KG-oracleV,oracle,2,1002,axis,1.0,0.004417494632216135,9 0 0 0 0,9,0.09,low_t1,fn,1,0,-0.010131935106024177,0.07312051369969004,0.010131935106024177,0.08325244880571422,0.09,0.17223252888385981,0.08223252888385982,0.0007719286359422355,0.0007719286359422355,0.9919,0.7315301309806667,-0.26036986901933334,0.0007719286359422355,0.0007719286359422355,-0.05583189646270714,0.027420552343007075,0.08325244880571422,0.0007719286359422355,0.0007719286359422355
RZDT2_VC,GPR-KG-oracleV,oracle,2,1002,axis,1.0,0.004417494632216135,10 0 0 0 0,10,0.1,low_t1,fn,1,0,-0.009708203932499368,0.07090591837080837,0.009708203932499368,0.08061412230330774,0.1,0.17834261253417175,0.07834261253417174,0.0008731522823440523,0.0008731522823440523,0.99,0.728642733908603,-0.261357266091397,0.0008731522823440523,0.0008731522823440523,-0.05831223094595187,0.022301891357355864,0.08061412230330774,0.0008731522823440523,0.0008731522823440523
RZDT2_VC,GPR-KG-oracleV,oracle,2,1002,axis,1.0,0.004417494632216135,11 0 0 0 0,11,0.11,low_t1,fn,1,0,-0.009246158913309467,0.06906468249228581,0.009246158913309467,0.07831084140559527,0.11,0.1845217797234792,0.07452177972347919,0.0009906339438016311,0.0009906339438016311,0.9879,0.7256967603926725,-0.2622032396073275,0.0009906339438016311,0.0009906339438016311,-0.061016837700217666,0.017294003705377606,0.07831084140559527,0.0009906339438016311,0.0009906339438016311
RZDT2_VC,GPR-KG-oracleV,oracle,2,1002,axis,1.0,0.004417494632216135,12 0 0 0 0,12,0.12,low_t1,fn,1,0,-0.008747623529056933,0.0675843087362781,0.008747623529056933,0.07633193226533504,0.12,0.19077003045178215,0.07077003045178215,0.0011257077574617607,0.0011257077574617607,0.9856,0.7226922104328753,-0.2629077895671247,0.0011257077574617607,0.0011257077574617607,-0.06393504287826272,0.012396889387072313,0.07633193226533504,0.0011257077574617607,0.0011257077574617607
RZDT2_VC,GPR-KG-oracleV,oracle,2,1002,axis,1.0,0.004417494632216135,13 0 0 0 0,13,0.13,low_t1,fn,1,0,-0.00821456527114426,0.06645131278874616,0.00821456527114426,0.07466587805989042,0.13,0.19708736471908062,0.06708736471908061,0.0012796821090875375,0.0012796821090875375,0.9831,0.7196290840292114,-0.26347091597078853,0.0012796821090875375,0.0012796821090875375,-0.06705532965745045,0.007610548402439979,0.07466587805989043,0.0012796821090875375,0.0012796821090875375
RZDT2_VC,GPR-KG-oracleV,oracle,2,1002,axis,1.0,0.004417494632216135,14 0 0 0 0,14,0.14,low_t1,fn,1,0,-0.007649087876984276,0.06565127656588314,0.007649087876984276,0.07330036444286742,0.14,0.20347378252537457,0.06347378252537456,0.001453805428527017,0.001453805428527017,0.9804,0.7165073811816808,-0.26389261881831927,0.001453805428527017,0.001453805428527017,-0.07036538369138683,0.00293498075148059,0.07330036444286742,0.001453805428527017,0.001453805428527017
RZDT2_VC,GPR-KG-oracleV,oracle,2,1002,axis,1.0,0.004417494632216135,15 0 0 0 0,15,0.15,low_t1,fn,1,0,-0.007053423027509678,0.06516890511570418,0.007053423027509678,0.07222232814321386,0.15,0.20992928387066406,0.05992928387066407,0.0016492319909840038,0.0016492319909840038,0.9775,0.7133271018902834,-0.26417289810971667,0.0016492319909840038,0.0016492319909840038,-0.0738521417090197,-0.0016298135658058405,0.07222232814321386,0.0016492319909840038,0.0016492319909840038
RZDT2_VC,GPR-KG-oracleV,oracle,2,1002,axis,1.0,0.004417494632216135,16 0 0 0 0,16,0.16,low_t1,fn,1,0,-0.00642992153974796,0.06498808698023448,0.00642992153974796,0.07141800851998244,0.16,0.21645386875494904,0.05645386875494904,0.0018669883206906834,0.0018669883206906834,0.9744,0.7100882461550193,-0.26431175384498073,0.0018669883206906834,0.0018669883206906834,-0.07750184306940175,-0.006083834549419312,0.07141800851998244,0.0018669883206906834,0.0018669883206906834
RZDT2_VC,GPR-KG-oracleV,oracle,2,1002,axis,1.0,0.004417494632216135,17 0 0 0 0,17,0.17,low_t1,fn,1,0,-0.005781044089220588,0.06509195778007303,0.005781044089220588,0.07087300186929361,0.17,0.22304753717822956,0.05304753717822955,0.0021079407875642477,0.0021079407875642477,0.9711,0.7067908139758884,-0.2643091860241116,0.0021079407875642477,0.0021079407875642477,-0.08130008406865345,-0.010427082199359838,0.07087300186929361,0.0021079407875642477,0.0021079407875642477
RZDT2_VC,GPR-KG-oracleV,oracle,2,1002,axis,1.0,0.004417494632216135,18 0 0 0 0,18,0.18,low_t1,fn,1,0,-0.005109351498780876,0.06546296677039375,0.005109351498780876,0.07057231826917462,0.18,0.22971028914050556,0.04971028914050557,0.00237276497185863,0.00237276497185863,0.9676,0.7034348053528908,-0.2641651946471092,0.00237276497185863,0.00237276497185863,-0.08523187478480203,-0.014659556515627406,0.07057231826917462,0.00237276497185863,0.00237276497185863
RZDT2_VC,GPR-KG-oracleV,oracle,2,1002,axis,1.0,0.004417494632216135,19 0 0 0 0,19,0.19,low_t1,fn,1,0,-0.004417494632216135,0.06608294610571698,0.004417494632216135,0.07050044073793311,0.19,0.2364421246417771,0.046442124641777105,0.0026619173469304897,0.0026619173469304897,0.9639,0.7000202202860265,-0.2638797797139735,0.0026619173469304897,0.0026619173469304897,-0.08928169823615514,-0.01878125749822203,0.07050044073793311,0.0026619173469304897,0.0026619173469304897
RZDT2_VC,GPR-KG-oracleV,oracle,2,1002,axis,1.0,0.004417494632216135,20 0 0 0 0,20,0.2,low_t1,fn,1,0,-0.0037082039324993626,0.06693318254009561,0.0037082039324993626,0.07064138647259498,0.2,0.24324304368204414,0.043243043682044124,0.002975609796406684,0.002975609796406684,0.96,0.6965470587752954,-0.26345294122470453,0.002975609796406684,0.002975609796406684,-0.09343357161973867,-0.022792185147143693,0.07064138647259498,0.002975609796406684,0.002975609796406684
RZDT2_VC,GPR-KG-oracleV,oracle,2,1002,axis,1.0,0.004417494632216135,21 0 0 0 0,21,0.21,low_t1,fn,1,0,-0.002984278645978264,0.06799449127974744,0.002984278645978264,0.0709787699257257,0.21,0.2501130462613067,0.04011304626130671,0.0033137874397911856,0.0033137874397911856,0.9559,0.6930153208206975,-0.26288467917930247,0.0033137874397911856,0.0033137874397911856,-0.09767110938811811,-0.02669233946239241,0.0709787699257257,0.0033137874397911856,0.0033137874397911856
RZDT2_VC,GPR-KG-oracleV,oracle,2,1002,axis,1.0,0.004417494632216135,22 0 0 0 0,22,0.22,low_t1,fn,1,0,-0.0022485757750286967,0.06924729169667167,0.0022485757750286967,0.07149586747170036,0.22,0.25705213237956476,0.037052132379564756,0.0036761101905396125,0.0036761101905396125,0.9516,0.6894250064222329,-0.2621749935777671,0.0036761101905396125,0.0036761101905396125,-0.10197758791566854,-0.03048172044396817,0.07149586747170036,0.0036761101905396125,0.0036761101905396125
RZDT2_VC,GPR-KG-oracleV,oracle,2,1002,axis,1.0,0.004417494632216135,23 0 0 0 0,23,0.23,low_t1,fn,1,0,-0.0015039988027716472,0.07067168460444198,0.0015039988027716472,0.07217568340721363,0.23,0.2640603020368183,0.034060302036818285,0.004061938413639081,0.004061938413639081,0.9471,0.6857761155799017,-0.26132388442009835,0.004061938413639081,0.004061938413639081,-0.1063360114990846,-0.03416032809187097,0.07217568340721363,0.004061938413639081,0.004061938413639081
RZDT2_VC,GPR-KG-oracleV,oracle,2,1002,axis,1.0,0.004417494632216135,24 0 0 0 0,24,0.24,low_t1,fn,1,0,-0.0007534862343517579,0.07224753079120429,0.0007534862343517579,0.07300101702555604,0.24,0.2711375552330674,0.031137555233067382,0.004470322986651707,0.004470322986651707,0.9424,0.6820686482937036,-0.2603313517062964,0.004470322986651707,0.004470322986651707,-0.11072917943165687,-0.03772816240610083,0.07300101702555604,0.004470322986651707,0.004470322986651707
RZDT2_VC,GPR-KG-oracleV,oracle,2,1002,axis,1.0,0.004417494632216135,25 0 0 0 0,25,0.25,low_t1,fn,1,0,0.0,0.07395453049994535,0.0,0.07395453049994535,0.25,0.27828389196831205,0.028283891968312047,0.004900000000000001,0.004900000000000001,0.9375,0.6783026045636389,-0.2591973954363611,0.004900000000000001,0.004900000000000001,-0.11513975388660307,-0.04118522338665771,0.07395453049994535,0.004900000000000001,0.004900000000000001
RZDT2_VC,GPR-KG-oracleV,oracle,2,1002,axis,1.0,0.004417494632216135,26 0 0 0 0,26,0.26,low_t1,tn,0,0,0.0007534862343517579,0.07577230354235932,0.0007534862343517579,0.07501881730800757,0.26,0.2854993122425521,0.025499312242552086,0.005349390260062097,0.005349390260062097,0.9324,0.6744779843897074,-0.2579220156102926,0.005349390260062097,0.005349390260062097,-0.11955032834154922,-0.04453151103354165,0.07501881730800757,0.005349390260062097,0.005349390260062097
RZDT2_VC,GPR-KG-oracleV,oracle,2,1002,axis,1.0,0.004417494632216135,27 0 0 0 0,27,0.27,low_t1,tn,0,0,0.0015039988027716472,0.0776804697301405,0.0015039988027716472,0.07617647092736886,0.27,0.29278381605578774,0.02278381605578772,0.005816603683539342,0.005816603683539342,0.9271,0.6705947877719092,-0.25650521222809086,0.005816603683539342,0.005816603683539342,-0.1239434962741215,-0.047767025346752645,0.07617647092736886,0.005816603683539342,0.005816603683539342
RZDT2_VC,GPR-KG-oracleV,oracle,2,1002,axis,1.0,0.004417494632216135,28 0 0 0 0,28,0.28,low_t1,tn,0,0,0.0022485757750287105,0.07965872930627557,0.0022485757750287105,0.07741015353124686,0.28,0.30013740340801887,0.02013740340801884,0.006299448594739758,0.006299448594739758,0.9216,0.6666530147102442,-0.2549469852897558,0.006299448594739758,0.006299448594739758,-0.12830191985753753,-0.050891766326290666,0.07741015353124686,0.006299448594739758,0.006299448594739758
RZDT2_VC,GPR-KG-oracleV,oracle,2,1002,axis,1.0,0.004417494632216135,29 0 0 0 0,29,0.29,low_t1,tn,0,0,0.00298427864597825,0.08168694305891047,0.00298427864597825,0.07870266441293222,0.29,0.3075600742992455,0.0175600742992455,0.006795445860099151,0.006795445860099151,0.9159,0.6626526652047124,-0.2532473347952876,0.006795445860099151,0.006795445860099151,-0.13260839838508798,-0.053905733972155756,0.07870266441293222,0.006795445860099151,0.006795445860099151
RZDT2_VC,GPR-KG-oracleV,oracle,2,1002,axis,1.0,0.004417494632216135,30 0 0 0 0,30,0.3,low_t1,tn,0,0,0.0037082039324993765,0.0837452118016189,0.0037082039324993765,0.08003700786911952,0.3,0.3150518287294677,0.015051828729467698,0.007301847717655946,0.007301847717655946,0.91,0.6585937392553141,-0.25140626074468597,0.007301847717655946,0.007301847717655946,-0.1368459361534674,-0.05680892828434789,0.08003700786911952,0.007301847717655946,0.007301847717655946
RZDT2_VC,GPR-KG-oracleV,oracle,2,1002,axis,1.0,0.004417494632216135,31 0 0 0 0,31,0.31,low_t1,tn,0,0,0.004417494632216135,0.08581395490640006,0.004417494632216135,0.08139646027418393,0.31,0.3226126666986853,0.012612666698685326,0.007815661084515983,0.007815661084515983,0.9039,0.6544762368620489,-0.24942376313795112,0.007815661084515983,0.007815661084515983,-0.14099780953705096,-0.05960134926286703,0.08139646027418393,0.007815661084515983,0.007815661084515983
RZDT2_VC,GPR-KG-oracleV,oracle,2,1002,axis,1.0,0.004417494632216135,32 0 0 0 0,32,0.32,low_t1,tn,0,0,0.005109351498780862,0.08787398757947171,0.005109351498780862,0.08276463608069085,0.32,0.3302425882068985,0.010242588206898495,0.008333675053769645,0.008333675053769645,0.8976,0.650300158024917,-0.24729984197508292,0.008333675053769645,0.008333675053769645,-0.1450476329884041,-0.062282996907713245,0.08276463608069085,0.008333675053769645,0.008333675053769645
RZDT2_VC,GPR-KG-oracleV,oracle,2,1002,axis,1.0,0.004417494632216135,33 0 0 0 0,33,0.33,low_t1,tn,0,0,0.005781044089220588,0.0899065965748867,0.005781044089220588,0.08412555248566611,0.33,0.3379415932541072,0.007941593254107204,0.00885249222498826,0.00885249222498826,0.8911,0.6460655027439184,-0.24503449725608162,0.00885249222498826,0.00885249222498826,-0.14897942370455264,-0.06485387121888653,0.08412555248566611,0.00885249222498826,0.00885249222498826
RZDT2_VC,GPR-KG-oracleV,oracle,2,1002,axis,1.0,0.004417494632216135,34 0 0 0 0,34,0.34,mid_t1,tn,0,0,0.006429921539747974,0.09189361404716553,0.006429921539747974,0.08546369250741756,0.34,0.34570968184031137,0.0057096818403113425,0.00936856345039664,0.00936856345039664,0.8844,0.641772271019053,-0.24262772898094698,0.00936856345039664,0.00936856345039664,-0.15277766470380438,-0.06731397219638682,0.08546369250741756,0.00936856345039664,0.00936856345039664
RZDT2_VC,GPR-KG-oracleV,oracle,2,1002,axis,1.0,0.004417494632216135,35 0 0 0 0,35,0.35,mid_t1,tn,0,0,0.007053423027509664,0.0938174892514819,0.007053423027509664,0.08676406622397223,0.35,0.3535468539655111,0.003546853965511132,0.009878225523078626,0.009878225523078626,0.8775000000000001,0.6374204628503208,-0.24007953714967922,0.009878225523078626,0.009878225523078626,-0.15642736606418642,-0.06966329984021419,0.08676406622397223,0.009878225523078626,0.009878225523078626
RZDT2_VC,GPR-KG-oracleV,oracle,2,1002,axis,1.0,0.004417494632216135,36 0 0 0 0,36,0.36,mid_t1,tn,0,0,0.00764908787698429,0.09566135780843502,0.00764908787698429,0.08801226993145073,0.36,0.36145310962970634,0.0014531096297063506,0.010377741285008674,0.010377741285008674,0.8704000000000001,0.6330100782377219,-0.23738992176227813,0.010377741285008674,0.010377741285008674,-0.1599141240818193,-0.07190185415036857,0.08801226993145073,0.010377741285008674,0.010377741285008674
RZDT2_VC,GPR-KG-oracleV,oracle,2,1002,axis,1.0,0.004417494632216135,37 0 0 0 0,37,0.37,mid_t1,tn,0,0,0.008214565271144253,0.09740910826004992,0.008214565271144253,0.08919454298890567,0.37,0.36942844883289705,-0.0005715511671029461,0.01086334159208918,0.01086334159208918,0.8631,0.6285411171812563,-0.2345588828187437,0.01086334159208918,0.01086334159208918,-0.16322417811575568,-0.07402963512685001,0.08919454298890567,0.01086334159208918,0.01086334159208918
RZDT2_VC,GPR-KG-oracleV,oracle,2,1002,axis,1.0,0.004417494632216135,38 0 0 0 0,38,0.38,mid_t1,tn,0,0,0.008747623529056947,0.09904544565434176,0.008747623529056947,0.09029782212528481,0.38,0.37747287157508325,-0.002527128424916758,0.011331268541361518,0.011331268541361518,0.8556,0.624013579680924,-0.23158642031907606,0.011331268541361518,0.011331268541361518,-0.16634446489494334,-0.07604664276965853,0.09029782212528481,0.011331268541361518,0.011331268541361518
RZDT2_VC,GPR-KG-oracleV,oracle,2,1002,axis,1.0,0.004417494632216135,39 0 0 0 0,39,0.39,mid_t1,tn,0,0,0.00924615891330946,0.10055595190750385,0.00924615891330946,0.0913097929941944,0.39,0.38558637785626504,-0.004413622143734974,0.01177781934266268,0.01177781934266268,0.8479,0.6194274657367249,-0.22847253426327507,0.01177781934266268,0.01177781934266268,-0.16926267007298845,-0.07795287707879406,0.0913097929941944,0.01177781934266268,0.01177781934266268
RZDT2_VC,GPR-KG-oracleV,oracle,2,1002,axis,1.0,0.004417494632216135,40 0 0 0 0,40,0.4,mid_t1,tn,0,0,0.009708203932499382,0.10192714270549694,0.009708203932499382,0.09221893877299756,0.4,0.3937689676764423,-0.006231032323557706,0.012199390203593317,0.012199390203593317,0.84,0.6147827753486591,-0.22521722465134086,0.012199390203593317,0.012199390203593317,-0.1719672768272542,-0.07974833805425666,0.09221893877299756,0.012199390203593317,0.012199390203593317
RZDT2_VC,GPR-KG-oracleV,oracle,2,1002,axis,1.0,0.004417494632216135,41 0 0 0 0,41,0.41,mid_t1,tn,0,0,0.01013193510602417,0.10314652072047686,0.01013193510602417,0.0930145856144527,0.41,0.4020206410356151,-0.007979358964384897,0.012592519592970444,0.012592519592970444,0.8319000000000001,0.6100795085167265,-0.22182049148327354,0.012592519592970444,0.012592519592970444,-0.17444761131049896,-0.08143302569604627,0.0930145856144527,0.012592519592970444,0.012592519592970444
RZDT2_VC,GPR-KG-oracleV,oracle,2,1002,axis,1.0,0.004417494632216135,42 0 0 0 0,42,0.42,mid_t1,tn,0,0,0.01051568016052637,0.10420262493203769,0.01051568016052637,0.09368694477151132,0.42,0.4103413979337833,-0.00965860206621666,0.012953930254030792,0.012953930254030792,0.8236,0.6053176652409272,-0.21828233475907277,0.012953930254030792,0.012953930254030792,-0.1766938847756743,-0.08300694000416298,0.09368694477151132,0.012953930254030792,0.012953930254030792
RZDT2_VC,GPR-KG-oracleV,oracle,2,1002,axis,1.0,0.004417494632216135,43 0 0 0 0,43,0.43,mid_t1,tn,0,0,0.01085792462959223,0.10508507585862342,0.01085792462959223,0.09422715122903119,0.43,0.41873123837094717,-0.011268761629052826,0.01328056935444799,0.01328056935444799,0.8151,0.6004972455212613,-0.21460275447873878,0.01328056935444799,0.01328056935444799,-0.1786972322076379,-0.0844700809786067,0.09422715122903119,0.01328056935444799,0.01328056935444799
RZDT2_VC,GPR-KG-oracleV,oracle,2,1002,axis,1.0,0.004417494632216135,44 0 0 0 0,44,0.44,mid_t1,tn,0,0,0.011157317830659014,0.10578461652059978,0.011157317830659014,0.09462729868994077,0.44,0.42719016234710644,-0.012809837652893563,0.013569646185494524,0.013569646185494524,0.8064,0.5956182493577286,-0.21078175064227145,0.013569646185494524,0.013569646185494524,-0.18044974730931826,-0.08582244861937749,0.09462729868994077,0.013569646185494524,0.013569646185494524
RZDT2_VC,GPR-KG-oracleV,oracle,2,1002,axis,1.0,0.004417494632216135,45 0 0 0 0,45,0.45,mid_t1,tn,0,0,0.011412678195541842,0.10629314897332354,0.011412678195541842,0.0948804707777817,0.45,0.43571816986226125,-0.01428183013773876,0.01381866685703476,0.01381866685703476,0.7975,0.590680676750329,-0.206819323249671,0.01381866685703476,0.01381866685703476,-0.18194451370425696,-0.08706404292647527,0.0948804707777817,0.01381866685703476,0.01381866685703476
RZDT2_VC,GPR-KG-oracleV,oracle,2,1002,axis,1.0,0.004417494632216135,46 0 0 0 0,46,0.46,mid_t1,tn,0,0,0.011622997933543572,0.10660376626603046,0.011622997933543572,0.09498076833248689,0.46,0.44431526091641155,-0.015684739083588473,0.014025465477955251,0.014025465477955251,0.7884,0.5856845276990628,-0.20271547230093723,0.014025465477955251,0.014025465477955251,-0.18317563223238706,-0.08819486389990017,0.09498076833248689,0.014025465477955251,0.014025465477955251
RZDT2_VC,GPR-KG-oracleV,oracle,2,1002,axis,1.0,0.004417494632216135,47 0 0 0 0,47,0.47,mid_t1,tn,0,0,0.011787447008744262,0.10671077970041468,0.011787447008744262,0.09492333269167041,0.47,0.4529814355095574,-0.01701856449044259,0.014188231362461133,0.014188231362461133,0.7791,0.5806298022039298,-0.19847019779607022,0.014188231362461133,0.014188231362461133,-0.18413824423132247,-0.08921491153965205,0.09492333269167041,0.014188231362461133,0.014188231362461133
RZDT2_VC,GPR-KG-oracleV,oracle,2,1002,axis,1.0,0.004417494632216135,48 0 0 0 0,48,0.48,mid_t1,tn,0,0,0.011905376415773744,0.10660974128132183,0.011905376415773744,0.09470436486554809,0.48,0.46171669364169876,-0.01828330635830122,0.014305531860612137,0.014305531860612137,0.7696000000000001,0.5755165002649302,-0.1940834997350699,0.014305531860612137,0.014305531860612137,-0.1848285507112791,-0.09012418584573101,0.09470436486554809,0.014305531860612137,0.014305531860612137
RZDT2_VC,GPR-KG-oracleV,oracle,2,1002,axis,1.0,0.004417494632216135,49 0 0 0 0,49,0.49,mid_t1,tn,0,0,0.011976320741139274,0.10629746127095382,0.011976320741139274,0.09432114052981455,0.49,0.4705210353128356,-0.01947896468716437,0.014376330475641002,0.014376330475641002,0.7599,0.5703446218820636,-0.18955537811793643,0.014376330475641002,0.014376330475641002,-0.18524382734795153,-0.09092268681813698,0.09432114052981455,0.014376330475641002,0.014376330475641002
RZDT2_VC,GPR-KG-oracleV,oracle,2,1002,axis,1.0,0.004417494632216135,50 0 0 0 0,50,0.5,mid_t1,tn,0,0,0.01200000000000001,0.10577202077730657,0.01200000000000001,0.09377202077730656,0.5,0.47939446052296797,-0.02060553947703203,0.0144,0.0144,0.75,0.5651141670553306,-0.18488583294466943,0.0144,0.0144,-0.18538243523417663,-0.09161041445687007,0.09377202077730656,0.0144,0.0144
RZDT2_VC,GPR-KG-oracleV,oracle,2,1002,axis,1.0,0.004417494632216135,51 0 0 0 0,51,0.51,mid_t1,tn,0,0,0.011976320741139274,0.10503277932716068,0.011976320741139274,0.0930564585860214,0.51,0.48833696927209586,-0.021663030727904153,0.014376330475641002,0.014376330475641002,0.7399,0.5598251357847306,-0.18007486421526941,0.014376330475641002,0.014376330475641002,-0.18524382734795153,-0.09218736876193012,0.0930564585860214,0.014376330475641002,0.014376330475641002
RZDT2_VC,GPR-KG-oracleV,oracle,2,1002,axis,1.0,0.004417494632216135,52 0 0 0 0,52,0.52,mid_t1,tn,0,0,0.011905376415773744,0.10408037739373555,0.011905376415773744,0.0921750009779618,0.52,0.4973485615602192,-0.02265143843978079,0.014305531860612137,0.014305531860612137,0.7296,0.5544775280702638,-0.17512247192973618,0.014305531860612137,0.014305531860612137,-0.1848285507112791,-0.0926535497333173,0.0921750009779618,0.014305531860612137,0.014305531860612137
RZDT2_VC,GPR-KG-oracleV,oracle,2,1002,axis,1.0,0.004417494632216135,53 0 0 0 0,53,0.53,mid_t1,tn,0,0,0.011787447008744262,0.1029167338690353,0.011787447008744262,0.09112928686029104,0.53,0.5064292373873381,-0.02357076261266189,0.014188231362461133,0.014188231362461133,0.7191,0.5490713439119305,-0.1700286560880695,0.014188231362461133,0.014188231362461133,-0.18413824423132247,-0.09300895737103143,0.09112928686029104,0.014188231362461133,0.014188231362461133
RZDT2_VC,GPR-KG-oracleV,oracle,2,1002,axis,1.0,0.004417494632216135,54 0 0 0 0,54,0.54,mid_t1,tn,0,0,0.011622997933543572,0.10154503849085789,0.011622997933543572,0.08992204055731431,0.54,0.5155789967534525,-0.0244210032465475,0.014025465477955242,0.014025465477955242,0.7083999999999999,0.5436065833097304,-0.16479341669026948,0.014025465477955242,0.014025465477955242,-0.183175632232387,-0.09325359167507269,0.08992204055731431,0.014025465477955242,0.014025465477955242
RZDT2_VC,GPR-KG-oracleV,oracle,2,1002,axis,1.0,0.004417494632216135,55 0 0 0 0,55,0.55,mid_t1,tn,0,0,0.011412678195541842,0.09996973925435784,0.011412678195541842,0.088557061058816,0.55,0.5247978396585625,-0.02520216034143752,0.013818666857034756,0.013818666857034756,0.6975,0.5380832462636636,-0.15941675373633646,0.013818666857034756,0.013818666857034756,-0.18194451370425696,-0.09338745264544096,0.088557061058816,0.013818666857034756,0.013818666857034756
RZDT2_VC,GPR-KG-oracleV,oracle,2,1002,axis,1.0,0.004417494632216135,56 0 0 0 0,56,0.56,mid_t1,tn,0,0,0.011157317830659014,0.09819652485784097,0.011157317830659014,0.08703920702718196,0.56,0.5340857661026679,-0.025914233897332162,0.013569646185494524,0.013569646185494524,0.6863999999999999,0.53250133277373,-0.15389866722626988,0.013569646185494524,0.013569646185494524,-0.18044974730931826,-0.0934105402821363,0.08703920702718196,0.013569646185494524,0.013569646185494524
RZDT2_VC,GPR-KG-oracleV,oracle,2,1002,axis,1.0,0.004417494632216135,57 0 0 0 0,57,0.57,mid_t1,tn,0,0,0.01085792462959223,0.09623230225207152,0.01085792462959223,0.08537437762247929,0.57,0.5434427760857689,-0.0265572239142311,0.013280569354448001,0.013280569354448001,0.6751,0.5268608428399296,-0.1482391571600704,0.013280569354448001,0.013280569354448001,-0.17869723220763795,-0.09332285458515865,0.08537437762247929,0.013280569354448001,0.013280569354448001
RZDT2_VC,GPR-KG-oracleV,oracle,2,1002,axis,1.0,0.004417494632216135,58 0 0 0 0,58,0.58,mid_t1,tn,0,0,0.01051568016052637,0.09408516938169265,0.01051568016052637,0.08356948922116628,0.58,0.5528688696078654,-0.02713113039213455,0.012953930254030797,0.012953930254030797,0.6636,0.5211617764622626,-0.14243822353773739,0.012953930254030797,0.012953930254030797,-0.17669388477567435,-0.09312439555450808,0.08356948922116628,0.012953930254030797,0.012953930254030797
RZDT2_VC,GPR-KG-oracleV,oracle,2,1002,axis,1.0,0.004417494632216135,59 0 0 0 0,59,0.59,mid_t1,tn,0,0,0.01013193510602417,0.09176438322633865,0.01013193510602417,0.08163244812031448,0.59,0.5623640466689573,-0.02763595333104263,0.012592519592970447,0.012592519592970447,0.6519,0.5154041336407288,-0.13649586635927125,0.012592519592970447,0.012592519592970447,-0.174447611310499,-0.09281516319018451,0.08163244812031448,0.012592519592970447,0.012592519592970447
RZDT2_VC,GPR-KG-oracleV,oracle,2,1002,axis,1.0,0.004417494632216135,60 0 0 0 0,60,0.6,mid_t1,tn,0,0,0.009708203932499382,0.08928032326756555,0.009708203932499382,0.07957211933506617,0.6,0.5719283072690449,-0.02807169273095511,0.012199390203593318,0.012199390203593318,0.64,0.5095879143753282,-0.13041208562467177,0.012199390203593318,0.012199390203593318,-0.17196727682725424,-0.09239515749218807,0.07957211933506617,0.012199390203593318,0.012199390203593318
RZDT2_VC,GPR-KG-oracleV,oracle,2,1002,axis,1.0,0.004417494632216135,61 0 0 0 0,61,0.61,mid_t1,tn,0,0,0.00924615891330946,0.08664445052577932,0.00924615891330946,0.07739829161246986,0.61,0.5815616514081278,-0.02843834859187222,0.01177781934266268,0.01177781934266268,0.6279,0.5037131186660609,-0.12418688133393907,0.01177781934266268,0.01177781934266268,-0.16926267007298845,-0.09186437846051859,0.07739829161246986,0.01177781934266268,0.01177781934266268
RZDT2_VC,GPR-KG-oracleV,oracle,2,1002,axis,1.0,0.004417494632216135,62 0 0 0 0,62,0.62,mid_t1,tn,0,0,0.008747623529056947,0.0838692623288241,0.008747623529056947,0.07512163879976716,0.62,0.5912640790862063,-0.028735920913793733,0.011331268541361527,0.011331268541361527,0.6155999999999999,0.497779746512927,-0.11782025348707292,0.011331268541361527,0.011331268541361527,-0.1663444648949434,-0.09122282609517623,0.07512163879976716,0.011331268541361527,0.011331268541361527
RZDT2_VC,GPR-KG-oracleV,oracle,2,1002,axis,1.0,0.004417494632216135,63 0 0 0 0,63,0.63,mid_t1,tn,0,0,0.00821456527114428,0.08096824299073913,0.00821456527114428,0.07275367771959484,0.63,0.6010355903032802,-0.02896440969671976,0.010863341592089185,0.010863341592089185,0.6031,0.49178779791592614,-0.11131220208407383,0.010863341592089185,0.010863341592089185,-0.16322417811575568,-0.09047050039616084,0.07275367771959484,0.010863341592089185,0.010863341592089185
RZDT2_VC,GPR-KG-oracleV,oracle,2,1002,axis,1.0,0.004417494632216135,64 0 0 0 0,64,0.64,mid_t1,tn,0,0,0.007649087876984262,0.077955810595331,0.007649087876984262,0.07030672271834673,0.64,0.6108761850593498,-0.029123814940650194,0.01037774128500867,0.01037774128500867,0.5904,0.4857372728750587,-0.10466272712494135,0.01037774128500867,0.01037774128500867,-0.1599141240818193,-0.08960740136347256,0.07030672271834673,0.01037774128500867,0.01037774128500867
RZDT2_VC,GPR-KG-oracleV,oracle,2,1002,axis,1.0,0.004417494632216135,65 0 0 0 0,65,0.65,mid_t1,tn,0,0,0.007053423027509692,0.07484726009458478,0.007053423027509692,0.06779383706707509,0.65,0.6207858633544149,-0.029214136645585143,0.009878225523078628,0.009878225523078628,0.5774999999999999,0.4796281713903245,-0.09787182860967542,0.009878225523078628,0.009878225523078628,-0.1564273660641864,-0.0886335289971113,0.06779383706707509,0.009878225523078628,0.009878225523078628
RZDT2_VC,GPR-KG-oracleV,oracle,2,1002,axis,1.0,0.004417494632216135,66 0 0 0 0,66,0.66,mid_t1,tn,0,0,0.006429921539747946,0.07165870294647525,0.006429921539747946,0.0652287814067273,0.66,0.6307646251884754,-0.029235374811524606,0.009368563450396631,0.009368563450396631,0.5644,0.4734604934617235,-0.09093950653827654,0.009368563450396631,0.009368563450396631,-0.15277766470380436,-0.08754888329707705,0.0652287814067273,0.009368563450396631,0.009368563450396631
RZDT2_VC,GPR-KG-oracleV,oracle,2,1002,axis,1.0,0.004417494632216135,67 0 0 0 0,67,0.67,high_t1,tn,0,0,0.005781044089220588,0.0684070035304033,0.005781044089220588,0.06262595944118271,0.67,0.6408124705615315,-0.029187529438468585,0.00885249222498826,0.00885249222498826,0.5510999999999999,0.46723423908925577,-0.08386576091074416,0.00885249222498826,0.00885249222498826,-0.14897942370455264,-0.08635346426336993,0.06262595944118271,0.00885249222498826,0.00885249222498826
RZDT2_VC,GPR-KG-oracleV,oracle,2,1002,axis,1.0,0.004417494632216135,68 0 0 0 0,68,0.68,high_t1,tn,0,0,0.005109351498780862,0.06510971259119516,0.005109351498780862,0.0600003610924143,0.68,0.650929399473583,-0.02907060052641708,0.008333675053769642,0.008333675053769642,0.5375999999999999,0.4609494082729214,-0.07665059172707844,0.008333675053769642,0.008333675053769642,-0.14504763298840406,-0.08504727189598976,0.0600003610924143,0.008333675053769642,0.008333675053769642
RZDT2_VC,GPR-KG-oracleV,oracle,2,1002,axis,1.0,0.004417494632216135,69 0 0 0 0,69,0.69,high_t1,tn,0,0,0.004417494632216135,0.06178499797433043,0.004417494632216135,0.057367503342114295,0.69,0.6611154119246301,-0.028884588075369866,0.007815661084515988,0.007815661084515988,0.5239,0.4546060010127202,-0.06929399898727984,0.007815661084515988,0.007815661084515988,-0.14099780953705102,-0.08363030619493672,0.057367503342114295,0.007815661084515988,0.007815661084515988
RZDT2_VC,GPR-KG-oracleV,oracle,2,1002,axis,1.0,0.004417494632216135,70 0 0 0 0,70,0.7,high_t1,tn,0,0,0.0037082039324993765,0.05845157292575609,0.0037082039324993765,0.054743368993256714,0.7,0.6713705079146728,-0.02862949208532717,0.007301847717655946,0.007301847717655946,0.51,0.44820401730865234,-0.06179598269134767,0.007301847717655946,0.007301847717655946,-0.1368459361534674,-0.0821025671602107,0.054743368993256714,0.007301847717655946,0.007301847717655946
RZDT2_VC,GPR-KG-oracleV,oracle,2,1002,axis,1.0,0.004417494632216135,71 0 0 0 0,71,0.71,high_t1,tn,0,0,0.00298427864597825,0.05512862223925455,0.00298427864597825,0.0521443435932763,0.71,0.6816946874437109,-0.028305312556289097,0.006795445860099158,0.006795445860099158,0.4959,0.4417434571607176,-0.054156542839282396,0.006795445860099158,0.006795445860099158,-0.13260839838508803,-0.08046405479181173,0.0521443435932763,0.006795445860099158,0.006795445860099158
RZDT2_VC,GPR-KG-oracleV,oracle,2,1002,axis,1.0,0.004417494632216135,72 0 0 0 0,72,0.72,high_t1,tn,0,0,0.0022485757750286828,0.051835726542826505,0.0022485757750286828,0.04958715076779782,0.72,0.6920879505117444,-0.02791204948825554,0.006299448594739758,0.006299448594739758,0.48160000000000003,0.43522432056891625,-0.04637567943108378,0.006299448594739758,0.006299448594739758,-0.12830191985753756,-0.07871476908973973,0.04958715076779782,0.006299448594739758,0.006299448594739758
RZDT2_VC,GPR-KG-oracleV,oracle,2,1002,axis,1.0,0.004417494632216135,73 0 0 0 0,73,0.73,high_t1,tn,0,0,0.001503998802771661,0.04859278502289824,0.001503998802771661,0.04708878622012658,0.73,0.7025502971187736,-0.02744970288122639,0.005816603683539342,0.005816603683539342,0.46710000000000007,0.42864660753324824,-0.038453392466751835,0.005816603683539342,0.005816603683539342,-0.12394349627412149,-0.07685471005399491,0.04708878622012658,0.005816603683539342,0.005816603683539342
RZDT2_VC,GPR-KG-oracleV,oracle,2,1002,axis,1.0,0.004417494632216135,74 0 0 0 0,74,0.74,high_t1,tn,0,0,0.0007534862343517579,0.04541993689132395,0.0007534862343517579,0.044666450656972195,0.74,0.7130817272647982,-0.026918272735201754,0.005349390260062094,0.005349390260062094,0.4524,0.42201031805371336,-0.030389681946286662,0.005349390260062094,0.005349390260062094,-0.11955032834154919,-0.074883877684577,0.044666450656972195,0.005349390260062094,0.005349390260062094
RZDT2_VC,GPR-KG-oracleV,oracle,2,1002,axis,1.0,0.004417494632216135,75 0 0 0 0,75,0.75,high_t1,fn,1,0,0.0,0.04233748190511681,0.0,0.04233748190511681,0.75,0.7236822409498184,-0.026317759050181633,0.004900000000000001,0.004900000000000001,0.4375,0.41531545213031185,-0.022184547869688154,0.004900000000000001,0.004900000000000001,-0.11513975388660307,-0.07280227198148626,0.04233748190511681,0.004900000000000001,0.004900000000000001
RZDT2_VC,GPR-KG-oracleV,oracle,2,1002,axis,1.0,0.004417494632216135,76 0 0 0 0,76,0.76,high_t1,fn,1,0,-0.0007534862343517579,0.03936580025258271,0.0007534862343517579,0.04011928648693447,0.76,0.734351838173834,-0.025648161826166027,0.004470322986651712,0.004470322986651712,0.4224,0.40856200976304347,-0.013837990236956532,0.004470322986651712,0.004470322986651712,-0.11072917943165694,-0.07060989294472247,0.04011928648693447,0.004470322986651712,0.004470322986651712
RZDT2_VC,GPR-KG-oracleV,oracle,2,1002,axis,1.0,0.004417494632216135,77 0 0 0 0,77,0.77,high_t1,fn,1,0,-0.0015039988027716472,0.03652527212202719,0.0015039988027716472,0.03802927092479884,0.77,0.7450905189368452,-0.024909481063154826,0.004061938413639081,0.004061938413639081,0.4071,0.4017499909519084,-0.005350009048091631,0.004061938413639081,0.004061938413639081,-0.1063360114990846,-0.06830674057428576,0.03802927092479884,0.004061938413639081,0.004061938413639081
RZDT2_VC,GPR-KG-oracleV,oracle,2,1002,axis,1.0,0.004417494632216135,78 0 0 0 0,78,0.78,high_t1,fn,1,0,-0.0022485757750286967,0.03383619727046383,0.0022485757750286967,0.03608477304549253,0.78,0.7558982832388519,-0.02410171676114814,0.003676110190539616,0.003676110190539616,0.39159999999999995,0.3948793956969066,0.0032793956969066618,0.003676110190539616,0.003676110190539616,-0.10197758791566859,-0.06589281487017606,0.03608477304549253,0.003676110190539616,0.003676110190539616
RZDT2_VC,GPR-KG-oracleV,oracle,2,1002,axis,1.0,0.004417494632216135,79 0 0 0 0,79,0.79,high_t1,fn,1,0,-0.002984278645978264,0.03131871490974636,0.002984278645978264,0.03430299355572462,0.79,0.7667751310798541,-0.02322486892014597,0.0033137874397911856,0.0033137874397911856,0.3758999999999999,0.3879502239980381,0.012050223998038179,0.0033137874397911856,0.0033137874397911856,-0.09767110938811811,-0.06336811583239349,0.03430299355572462,0.0033137874397911856,0.0033137874397911856
RZDT2_VC,GPR-KG-oracleV,oracle,2,1002,axis,1.0,0.004417494632216135,80 0 0 0 0,80,0.8,high_t1,fn,1,0,-0.0037082039324993626,0.02899272422630146,0.0037082039324993626,0.032700928158800824,0.8,0.7777210624598517,-0.022278937540148314,0.0029756097964066855,0.0029756097964066855,0.3599999999999999,0.3809624758553028,0.02096247585530292,0.0029756097964066855,0.0029756097964066855,-0.0934335716197387,-0.060732643460937874,0.032700928158800824,0.0029756097964066855,0.0029756097964066855
RZDT2_VC,GPR-KG-oracleV,oracle,2,1002,axis,1.0,0.004417494632216135,81 0 0 0 0,81,0.81,high_t1,fn,1,0,-0.004417494632216135,0.0268778058481296,0.004417494632216135,0.031295300480345734,0.81,0.788736077378845,-0.021263922621155062,0.0026619173469304876,0.0026619173469304876,0.3438999999999999,0.3739161512687007,0.03001615126870083,0.0026619173469304876,0.0026619173469304876,-0.08928169823615512,-0.05798639775580938,0.031295300480345734,0.0026619173469304876,0.0026619173469304876
RZDT2_VC,GPR-KG-oracleV,oracle,2,1002,axis,1.0,0.004417494632216135,82 0 0 0 0,82,0.82,high_t1,fn,1,0,-0.005109351498780862,0.024993144569013317,0.005109351498780862,0.03010249606779418,0.82,0.7998201758368337,-0.020179824163166216,0.0023727649718586334,0.0023727649718586334,0.3276000000000001,0.366811250238232,0.03921125023823191,0.0023727649718586334,0.0023727649718586334,-0.08523187478480208,-0.055129378717007904,0.03010249606779418,0.0023727649718586334,0.0023727649718586334
RZDT2_VC,GPR-KG-oracleV,oracle,2,1002,axis,1.0,0.004417494632216135,83 0 0 0 0,83,0.83,high_t1,fn,1,0,-0.0057810440892205744,0.02335745363489944,0.0057810440892205744,0.029138497724120013,0.83,0.8109733578338179,-0.019026642166182106,0.002107940787564248,0.002107940787564248,0.31110000000000004,0.3596477727638965,0.048547772763896435,0.002107940787564248,0.002107940787564248,-0.08130008406865345,-0.05216158634453344,0.029138497724120013,0.002107940787564248,0.002107940787564248
RZDT2_VC,GPR-KG-oracleV,oracle,2,1002,axis,1.0,0.004417494632216135,84 0 0 0 0,84,0.84,high_t1,fn,1,0,-0.006429921539747946,0.021988900891267676,0.006429921539747946,0.028418822431015622,0.84,0.8221956233697977,-0.01780437663020229,0.0018669883206906854,0.0018669883206906854,0.2944000000000001,0.3524257188456943,0.058025718845694185,0.0018669883206906854,0.0018669883206906854,-0.07750184306940178,-0.049083020638386154,0.028418822431015622,0.0018669883206906854,0.0018669883206906854
RZDT2_VC,GPR-KG-oracleV,oracle,2,1002,axis,1.0,0.004417494632216135,85 0 0 0 0,85,0.85,high_t1,fn,1,0,-0.007053423027509678,0.020905037082944264,0.007053423027509678,0.027958460110453942,0.85,0.8334869724447729,-0.0165130275552271,0.0016492319909840044,0.0016492319909840044,0.2775000000000001,0.34514508848362535,0.06764508848362527,0.0016492319909840044,0.0016492319909840044,-0.07385214170901971,-0.04589368159856577,0.027958460110453942,0.0016492319909840044,0.0016492319909840044
RZDT2_VC,GPR-KG-oracleV,oracle,2,1002,axis,1.0,0.004417494632216135,86 0 0 0 0,86,0.86,high_t1,fn,1,0,-0.007649087876984276,0.02012272658933012,0.007649087876984276,0.027771814466314396,0.86,0.8448474050587437,-0.015152594941256314,0.001453805428527018,0.001453805428527018,0.2604000000000001,0.33780588167768966,0.07740588167768958,0.001453805428527018,0.001453805428527018,-0.07036538369138685,-0.04259356922507246,0.027771814466314396,0.001453805428527018,0.001453805428527018
RZDT2_VC,GPR-KG-oracleV,oracle,2,1002,axis,1.0,0.004417494632216135,87 0 0 0 0,87,0.87,high_t1,fn,1,0,-0.00821456527114426,0.019658080868400034,0.00821456527114426,0.027872646139544294,0.87,0.85627692121171,-0.013723078788290044,0.0012796821090875375,0.0012796821090875375,0.24309999999999998,0.3304080984278872,0.08730809842788723,0.0012796821090875375,0.0012796821090875375,-0.06705532965745045,-0.03918268351790616,0.027872646139544294,0.0012796821090875375,0.0012796821090875375
RZDT2_VC,GPR-KG-oracleV,oracle,2,1002,axis,1.0,0.004417494632216135,88 0 0 0 0,88,0.88,high_t1,fn,1,0,-0.00874762352905694,0.019526394872138843,0.00874762352905694,0.028274018401195783,0.88,0.8677755209036717,-0.012224479096328289,0.0011257077574617622,0.0011257077574617622,0.22560000000000002,0.3229517387342181,0.0973517387342181,0.0011257077574617622,0.0011257077574617622,-0.06393504287826277,-0.03566102447706698,0.028274018401195783,0.0011257077574617622,0.0011257077574617622
RZDT2_VC,GPR-KG-oracleV,oracle,2,1002,axis,1.0,0.004417494632216135,89 0 0 0 0,89,0.89,high_t1,fn,1,0,-0.009246158913309474,0.019742086684353365,0.009246158913309474,0.02898824559766284,0.89,0.8793432041346291,-0.010656795865370938,0.0009906339438016307,0.0009906339438016307,0.20789999999999997,0.3154368025966823,0.1075368025966823,0.0009906339438016307,0.0009906339438016307,-0.06101683770021766,-0.03202859210255482,0.02898824559766284,0.0009906339438016307,0.0009906339438016307
RZDT2_VC,GPR-KG-oracleV,oracle,2,1002,axis,1.0,0.004417494632216135,90 0 0 0 0,90,0.9,high_t1,fn,1,0,-0.009708203932499368,0.009545913162150532,0.009708203932499368,0.0192541170946499,0.9,0.8991471817685359,-0.0008528182314641031,0.0008731522823440527,0.0008731522823440527,0.18999999999999995,0.2095723497406393,0.019572349740639344,0.0008731522823440527,0.0008731522823440527,-0.05831223094595188,-0.03905811385130198,0.0192541170946499,0.0008731522823440527,0.0008731522823440527
RZDT2_VC,GPR-KG-oracleV,oracle,2,1002,axis,1.0,0.004417494632216135,91 0 0 0 0,91,0.91,high_t1,fn,1,0,-0.010131935106024184,0.021268554004171346,0.010131935106024184,0.03140048911019553,0.91,0.9026858212135302,-0.007314178786469783,0.0007719286359422346,0.0007719286359422346,0.17189999999999994,0.30023120099001016,0.12833120099001022,0.0007719286359422346,0.0007719286359422346,-0.05583189646270712,-0.02443140735251159,0.03140048911019553,0.0007719286359422346,0.0007719286359422346
RZDT2_VC,GPR-KG-oracleV,oracle,2,1002,axis,1.0,0.004417494632216135,92 0 0 0 0,92,0.92,high_t1,fn,1,0,-0.010515680160526363,0.022603287860024808,0.010515680160526363,0.03311896802055117,0.92,0.914460755061474,-0.005539244938526089,0.0006856367334167007,0.0006856367334167007,0.15359999999999996,0.29254053552087406,0.1389405355208741,0.0006856367334167007,0.0006856367334167007,-0.05358562299753181,-0.020466654976980636,0.03311896802055117,0.0006856367334167007,0.0006856367334167007
RZDT2_VC,GPR-KG-oracleV,oracle,2,1002,axis,1.0,0.004417494632216135,93 0 0 0 0,93,0.93,high_t1,fn,1,0,-0.010857924629592237,0.02433322166819929,0.010857924629592237,0.03519114629779153,0.93,0.9263047724484132,-0.0036952275515867994,0.000612990619923725,0.000612990619923725,0.1350999999999999,0.2847912936078713,0.14969129360787142,0.000612990619923725,0.000612990619923725,-0.051582275565568166,-0.01639112926777664,0.03519114629779153,0.000612990619923725,0.000612990619923725
RZDT2_VC,GPR-KG-oracleV,oracle,2,1002,axis,1.0,0.004417494632216135,94 0 0 0 0,94,0.94,high_t1,fn,1,0,-0.011157317830659014,0.026467612408329136,0.011157317830659014,0.03762493023898815,0.94,0.9382178733743483,-0.0017821266256516921,0.0005527753830590053,0.0005527753830590053,0.11640000000000006,0.27698347525100164,0.16058347525100158,0.0005527753830590053,0.0005527753830590053,-0.04982976046388786,-0.01220483022489971,0.03762493023898815,0.0005527753830590053,0.0005527753830590053
RZDT2_VC,GPR-KG-oracleV,oracle,2,1002,axis,1.0,0.004417494632216135,95 0 0 0 0,95,0.95,high_t1,fn,1,0,-0.011412678195541842,0.029014558025057452,0.011412678195541842,0.040427236220599294,0.95,0.9502000578392785,0.0002000578392785668,0.0005038756289026096,0.0005038756289026096,0.09750000000000003,0.2691170804502653,0.17161708045026525,0.0005038756289026096,0.0005038756289026096,-0.048334994068949144,-0.00790775784834985,0.040427236220599294,0.0005038756289026096,0.0005038756289026096
RZDT2_VC,GPR-KG-oracleV,oracle,2,1002,axis,1.0,0.004417494632216135,96 0 0 0 0,96,0.96,high_t1,fn,1,0,-0.011622997933543572,0.03198096546914845,0.011622997933543572,0.04360396340269202,0.96,0.9622513258432044,0.0022513258432044214,0.0004653012221544119,0.0004653012221544119,0.07840000000000003,0.26119210920566227,0.18279210920566225,0.0004653012221544119,0.0004653012221544119,-0.04710387554081908,-0.0034999121381270593,0.04360396340269202,0.0004653012221544119,0.0004653012221544119
RZDT2_VC,GPR-KG-oracleV,oracle,2,1002,axis,1.0,0.004417494632216135,97 0 0 0 0,97,0.97,high_t1,fn,1,0,-0.011787447008744269,0.03537252343890814,0.011787447008744269,0.04715997044765241,0.97,0.9743716773861257,0.004371677386125761,0.0004362098522594935,0.0004362098522594935,0.05910000000000004,0.2532085615171925,0.19410856151719247,0.0004362098522594935,0.0004362098522594935,-0.04614126354188364,0.0010187069057687737,0.04715997044765241,0.0004362098522594935,0.0004362098522594935
RZDT2_VC,GPR-KG-oracleV,oracle,2,1002,axis,1.0,0.004417494632216135,98 0 0 0 0,98,0.98,high_t1,fn,1,0,-0.01190537641577373,0.03919367992949083,0.01190537641577373,0.05109905634526456,0.98,0.9865611124680427,0.006561112468042696,0.00041592604220944417,0.00041592604220944417,0.03960000000000008,0.24516643738485594,0.20556643738485586,0.00041592604220944417,0.00041592604220944417,-0.04545095706192702,0.005648099283337538,0.05109905634526456,0.00041592604220944417,0.00041592604220944417
RZDT2_VC,GPR-KG-oracleV,oracle,2,1002,axis,1.0,0.004417494632216135,99 0 0 0 0,99,0.99,high_t1,fn,1,0,-0.01197632074113926,0.04344762467869445,0.01197632074113926,0.05542394541983371,0.99,0.9988196310889551,0.008819631088955115,0.0004039562776451963,0.0004039562776451963,0.01990000000000003,0.23706573680865267,0.21716573680865264,0.0004039562776451963,0.0004039562776451963,-0.04503568042525459,0.010388264994579122,0.05542394541983371,0.0004039562776451963,0.0004039562776451963
RZDT2_VC,GPR-KG-oracleV,oracle,2,1002,axis,1.0,0.004417494632216135,100 0 0 0 0,100,1.0,high_t1,tp,1,1,-0.011999999999999997,-0.013906789883263618,0.011999999999999997,-0.001906789883263621,1.0,0.9767669601850779,-0.023233039814922085,0.0004,0.0004,0.0,0.02492144538288943,0.02492144538288943,0.0004,0.0004,-0.04489707253902944,-0.04680386242229306,-0.001906789883263621,0.0004,0.0004
RZDT2_VC,GPR-KG-pooled-pre,pooled_pre,0,1000,axis,1.0,0.004417494632216135,0 0 0 0 0,0,0.0,low_t1,fn,1,0,-0.011999999999999997,0.06430714240949698,0.011999999999999997,0.07630714240949697,0.0,0.10952344975285672,0.10952344975285672,0.0004,0.004745580283646763,1.0,0.9179793849039404,-0.08202061509605962,0.0004,0.0029225866784235175,-0.04489707253902944,-0.04745592032899244,-0.0025588477899630008,0.0004,0.00461681078297958
RZDT2_VC,GPR-KG-pooled-pre,pooled_pre,0,1000,axis,1.0,0.004417494632216135,1 0 0 0 0,1,0.01,low_t1,fn,1,0,-0.01197632074113926,0.056862216424290166,0.01197632074113926,0.06883853716542943,0.01,0.11803857223144833,0.10803857223144833,0.0004039562776451963,0.004745580283646763,0.9999,0.9189089314874409,-0.0809910685125591,0.0004039562776451963,0.0029225866784235175,-0.04503568042525459,-0.05490084631419925,-0.009865165888944663,0.0004039562776451963,0.00461681078297958
RZDT2_VC,GPR-KG-pooled-pre,pooled_pre,0,1000,axis,1.0,0.004417494632216135,2 0 0 0 0,2,0.02,low_t1,fn,1,0,-0.011905376415773737,0.04956788070269933,0.011905376415773737,0.06147325711847307,0.02,0.1265751411857079,0.10657514118570789,0.00041592604220944417,0.004745580283646763,0.9996,0.9197818290156311,-0.07981817098436894,0.00041592604220944417,0.0029225866784235175,-0.045450957061927026,-0.06219518203579009,-0.01674422497386306,0.00041592604220944417,0.00461681078297958
RZDT2_VC,GPR-KG-pooled-pre,pooled_pre,0,1000,axis,1.0,0.004417494632216135,3 0 0 0 0,3,0.03,low_t1,fn,1,0,-0.011787447008744269,0.042424135244724465,0.011787447008744269,0.05421158225346873,0.03,0.13513315661563544,0.10513315661563544,0.0004362098522594935,0.004745580283646763,0.9991,0.9205980774885111,-0.07850192251148891,0.0004362098522594935,0.0029225866784235175,-0.04614126354188364,-0.06933892749376495,-0.023197663951881317,0.0004362098522594935,0.00461681078297958
RZDT2_VC,GPR-KG-pooled-pre,pooled_pre,0,1000,axis,1.0,0.004417494632216135,4 0 0 0 0,4,0.04,low_t1,fn,1,0,-0.011622997933543572,0.03543098005036559,0.011622997933543572,0.04705397798390916,0.04,0.14371261852123093,0.10371261852123093,0.0004653012221544117,0.004745580283646763,0.9984,0.9213576769060808,-0.07704232309391912,0.0004653012221544117,0.0029225866784235175,-0.04710387554081907,-0.07633208268812383,-0.029228207147304758,0.0004653012221544117,0.00461681078297958
RZDT2_VC,GPR-KG-pooled-pre,pooled_pre,0,1000,axis,1.0,0.004417494632216135,5 0 0 0 0,5,0.05,low_t1,fn,1,0,-0.011412678195541842,0.028588415119622665,0.011412678195541842,0.04000109331516451,0.05,0.1523135269024944,0.10231352690249439,0.0005038756289026093,0.004745580283646763,0.9975,0.9220606272683404,-0.07543937273165968,0.0005038756289026093,0.0029225866784235175,-0.04833499406894913,-0.08317464761886675,-0.034839653549917624,0.0005038756289026093,0.00461681078297958
RZDT2_VC,GPR-KG-pooled-pre,pooled_pre,0,1000,axis,1.0,0.004417494632216135,6 0 0 0 0,6,0.06,low_t1,fn,1,0,-0.011157317830659014,0.02189644045249574,0.011157317830659014,0.03305375828315475,0.06,0.1609358817594258,0.1009358817594258,0.0005527753830590045,0.004745580283646763,0.9964,0.9227069285752896,-0.07369307142471038,0.0005527753830590045,0.0029225866784235175,-0.04982976046388783,-0.08986662228599368,-0.04003686182210585,0.0005527753830590045,0.00461681078297958
RZDT2_VC,GPR-KG-pooled-pre,pooled_pre,0,1000,axis,1.0,0.004417494632216135,7 0 0 0 0,7,0.07,low_t1,fn,1,0,-0.010857924629592237,0.015355056048984767,0.010857924629592237,0.026212980678577004,0.07,0.1695796830920252,0.0995796830920252,0.0006129906199237256,0.004745580283646763,0.9951,0.9232965808269287,-0.07180341917307131,0.0006129906199237256,0.0029225866784235175,-0.051582275565568186,-0.09640800668950465,-0.044825731123936466,0.0006129906199237256,0.00461681078297958
RZDT2_VC,GPR-KG-pooled-pre,pooled_pre,0,1000,axis,1.0,0.004417494632216135,8 0 0 0 0,8,0.08,low_t1,fn,1,0,-0.010515680160526363,0.00896426190908979,0.010515680160526363,0.019479942069616153,0.08,0.17824493090029253,0.09824493090029253,0.0006856367334167007,0.004745580283646763,0.9936,0.9238295840232574,-0.0697704159767426,0.0006856367334167007,0.0029225866784235175,-0.05358562299753181,-0.10279880082939963,-0.04921317783186782,0.0006856367334167007,0.00461681078297958
RZDT2_VC,GPR-KG-pooled-pre,pooled_pre,0,1000,axis,1.0,0.004417494632216135,9 0 0 0 0,9,0.09,low_t1,fn,1,0,-0.010131935106024177,0.0027240580328107694,0.010131935106024177,0.012855993138834947,0.09,0.18693162518422785,0.09693162518422785,0.0007719286359422355,0.004745580283646763,0.9919,0.924305938164276,-0.06759406183572403,0.0007719286359422355,0.0029225866784235175,-0.05583189646270714,-0.10903900470567865,-0.05320710824297151,0.0007719286359422355,0.00461681078297958
RZDT2_VC,GPR-KG-pooled-pre,pooled_pre,0,1000,axis,1.0,0.004417494632216135,10 0 0 0 0,10,0.1,low_t1,tp,1,1,-0.009708203932499368,-0.0033655555798522557,0.009708203932499368,0.006342648352647112,0.1,0.19563976594383115,0.09563976594383114,0.0008731522823440523,0.004745580283646763,0.99,0.9247256432499843,-0.0652743567500157,0.0008731522823440523,0.0029225866784235175,-0.05831223094595187,-0.11512861831834167,-0.0568163873723898,0.0008731522823440523,0.00461681078297958
RZDT2_VC,GPR-KG-pooled-pre,pooled_pre,0,1000,axis,1.0,0.004417494632216135,11 0 0 0 0,11,0.11,low_t1,tp,1,1,-0.009246158913309467,-0.009304578928899326,0.009246158913309467,-5.8420015589859264e-05,0.11,0.20436935317910238,0.09436935317910237,0.0009906339438016311,0.004745580283646763,0.9879,0.9250886992803823,-0.06281130071961771,0.0009906339438016311,0.0029225866784235175,-0.061016837700217666,-0.12106764166738875,-0.06005080396717108,0.0009906339438016311,0.00461681078297958
RZDT2_VC,GPR-KG-pooled-pre,pooled_pre,0,1000,axis,1.0,0.004417494632216135,12 0 0 0 0,12,0.12,low_t1,tp,1,1,-0.008747623529056933,-0.015093012014330429,0.008747623529056933,-0.006345388485273495,0.12,0.21312038689004156,0.09312038689004157,0.0011257077574617607,0.004745580283646763,0.9856,0.9253951062554702,-0.060204893744529864,0.0011257077574617607,0.0029225866784235175,-0.06393504287826272,-0.12685607475281985,-0.06292103187455712,0.0011257077574617607,0.00461681078297958
RZDT2_VC,GPR-KG-pooled-pre,pooled_pre,0,1000,axis,1.0,0.004417494632216135,13 0 0 0 0,13,0.13,low_t1,tp,1,1,-0.00821456527114426,-0.02073085483614552,0.00821456527114426,-0.012516289565001261,0.13,0.22189286707664874,0.09189286707664873,0.0012796821090875375,0.004745580283646763,0.9831,0.9256448641752477,-0.05745513582475226,0.0012796821090875375,0.0029225866784235175,-0.06705532965745045,-0.13249391757463494,-0.06543858791718449,0.0012796821090875375,0.00461681078297958
RZDT2_VC,GPR-KG-pooled-pre,pooled_pre,0,1000,axis,1.0,0.004417494632216135,14 0 0 0 0,14,0.14,low_t1,tp,1,1,-0.007649087876984276,-0.026218107394344672,0.007649087876984276,-0.018569019517360397,0.14,0.23068679373892384,0.09068679373892383,0.001453805428527017,0.004745580283646763,0.9804,0.925837973039715,-0.054562026960285004,0.001453805428527017,0.0029225866784235175,-0.07036538369138683,-0.1379811701328341,-0.06761578644144726,0.001453805428527017,0.00461681078297958
RZDT2_VC,GPR-KG-pooled-pre,pooled_pre,0,1000,axis,1.0,0.004417494632216135,15 0 0 0 0,15,0.15,low_t1,tp,1,1,-0.007053423027509678,-0.03155476968892783,0.007053423027509678,-0.02450134666141815,0.15,0.23950216687686693,0.08950216687686693,0.0016492319909840038,0.004745580283646763,0.9775,0.9259744328488723,-0.05152556715112777,0.0016492319909840038,0.0029225866784235175,-0.0738521417090197,-0.14331783242741725,-0.06946569071839755,0.0016492319909840038,0.00461681078297958
RZDT2_VC,GPR-KG-pooled-pre,pooled_pre,0,1000,axis,1.0,0.004417494632216135,16 0 0 0 0,16,0.16,low_t1,tp,1,1,-0.00642992153974796,-0.036740841719895015,0.00642992153974796,-0.030310920180147055,0.16,0.24833898649047798,0.08833898649047797,0.0018669883206906834,0.004745580283646763,0.9744,0.926054243602719,-0.048345756397281,0.0018669883206906834,0.0029225866784235175,-0.07750184306940175,-0.14850390445838443,-0.07100206138898268,0.0018669883206906834,0.00461681078297958
RZDT2_VC,GPR-KG-pooled-pre,pooled_pre,0,1000,axis,1.0,0.004417494632216135,17 0 0 0 0,17,0.17,low_t1,tp,1,1,-0.005781044089220588,-0.041776323487246234,0.005781044089220588,-0.035995279398025645,0.17,0.257197252579757,0.087197252579757,0.0021079407875642477,0.004745580283646763,0.9711,0.9260774053012557,-0.045022594698744256,0.0021079407875642477,0.0029225866784235175,-0.08130008406865345,-0.15353938622573565,-0.0722393021570822,0.0021079407875642477,0.00461681078297958
RZDT2_VC,GPR-KG-pooled-pre,pooled_pre,0,1000,axis,1.0,0.004417494632216135,18 0 0 0 0,18,0.18,low_t1,tp,1,1,-0.005109351498780876,-0.046661214990981456,0.005109351498780876,-0.04155186349220058,0.18,0.26607696514470397,0.08607696514470398,0.00237276497185863,0.004745580283646763,0.9676,0.926043917944482,-0.04155608205551797,0.00237276497185863,0.0029225866784235175,-0.08523187478480203,-0.15842427772947087,-0.07319240294466885,0.00237276497185863,0.00461681078297958
RZDT2_VC,GPR-KG-pooled-pre,pooled_pre,0,1000,axis,1.0,0.004417494632216135,19 0 0 0 0,19,0.19,low_t1,tp,1,1,-0.004417494632216135,-0.05139551623110074,0.004417494632216135,-0.0469780215988846,0.19,0.2749781241853189,0.08497812418531892,0.0026619173469304897,0.004745580283646763,0.9639,0.9259537815323983,-0.03794621846760171,0.0026619173469304897,0.0029225866784235175,-0.08928169823615514,-0.16315857896959016,-0.07387688073343501,0.0026619173469304897,0.00461681078297958
RZDT2_VC,GPR-KG-pooled-pre,pooled_pre,0,1000,axis,1.0,0.004417494632216135,20 0 0 0 0,20,0.2,low_t1,tp,1,1,-0.0037082039324993626,-0.055979227207604024,0.0037082039324993626,-0.05227102327510466,0.2,0.2839007297016018,0.08390072970160178,0.002975609796406684,0.004745580283646763,0.96,0.925806996065004,-0.034193003934995914,0.002975609796406684,0.0029225866784235175,-0.09343357161973867,-0.16774228994609344,-0.07430871832635477,0.002975609796406684,0.00461681078297958
RZDT2_VC,GPR-KG-pooled-pre,pooled_pre,0,1000,axis,1.0,0.004417494632216135,21 0 0 0 0,21,0.21,low_t1,tp,1,1,-0.002984278645978264,-0.06041234792049134,0.002984278645978264,-0.05742806927451308,0.21,0.29284478169355266,0.08284478169355267,0.0033137874397911856,0.004745580283646763,0.9559,0.9256035615422997,-0.030296438457700248,0.0033137874397911856,0.0029225866784235175,-0.09767110938811811,-0.17217541065898076,-0.07450430127086265,0.0033137874397911856,0.00461681078297958
RZDT2_VC,GPR-KG-pooled-pre,pooled_pre,0,1000,axis,1.0,0.004417494632216135,22 0 0 0 0,22,0.22,low_t1,tp,1,1,-0.0022485757750286967,-0.06469487836976269,0.0022485757750286967,-0.06244630259473399,0.22,0.30181028016117145,0.08181028016117145,0.0036761101905396125,0.004745580283646763,0.9516,0.9253434779642853,-0.026256522035714713,0.0036761101905396125,0.0029225866784235175,-0.10197758791566854,-0.1764579411082521,-0.07448035319258357,0.0036761101905396125,0.00461681078297958
RZDT2_VC,GPR-KG-pooled-pre,pooled_pre,0,1000,axis,1.0,0.004417494632216135,23 0 0 0 0,23,0.23,low_t1,tp,1,1,-0.0015039988027716472,-0.06882681855541804,0.0015039988027716472,-0.0673228197526464,0.23,0.3107972251044583,0.08079722510445828,0.004061938413639081,0.004745580283646763,0.9471,0.9250267453309603,-0.022073254669039755,0.004061938413639081,0.0029225866784235175,-0.1063360114990846,-0.18058988129390746,-0.07425386979482286,0.004061938413639081,0.00461681078297958
RZDT2_VC,GPR-KG-pooled-pre,pooled_pre,0,1000,axis,1.0,0.004417494632216135,24 0 0 0 0,24,0.24,low_t1,tp,1,1,-0.0007534862343517579,-0.07280816847745746,0.0007534862343517579,-0.0720546822431057,0.24,0.319805616523413,0.079805616523413,0.004470322986651707,0.004745580283646763,0.9424,0.9246533636423253,-0.017746636357674705,0.004470322986651707,0.0029225866784235175,-0.11072917943165687,-0.18457123121594687,-0.07384205178429,0.004470322986651707,0.00461681078297958
RZDT2_VC,GPR-KG-pooled-pre,pooled_pre,0,1000,axis,1.0,0.004417494632216135,25 0 0 0 0,25,0.25,low_t1,tp,1,1,0.0,-0.07663892813588087,0.0,-0.07663892813588087,0.25,0.32883545441803574,0.07883545441803574,0.004900000000000001,0.004745580283646763,0.9375,0.92422333289838,-0.01327666710162001,0.004900000000000001,0.0029225866784235175,-0.11513975388660307,-0.1884019908743703,-0.07326223698776722,0.004900000000000001,0.00461681078297958
RZDT2_VC,GPR-KG-pooled-pre,pooled_pre,0,1000,axis,1.0,0.004417494632216135,26 0 0 0 0,26,0.26,low_t1,fp,0,1,0.0007534862343517579,-0.08031909753068829,0.0007534862343517579,-0.08107258376504005,0.26,0.3378867387883264,0.07788673878832642,0.005349390260062097,0.004745580283646763,0.9324,0.9237366530991244,-0.008663346900875557,0.005349390260062097,0.0029225866784235175,-0.11955032834154922,-0.1920821602691777,-0.07253183192762849,0.005349390260062097,0.00461681078297958
RZDT2_VC,GPR-KG-pooled-pre,pooled_pre,0,1000,axis,1.0,0.004417494632216135,27 0 0 0 0,27,0.27,low_t1,fp,0,1,0.0015039988027716472,-0.08384867666187977,0.0015039988027716472,-0.08535267546465142,0.27,0.34695946963428503,0.07695946963428502,0.005816603683539342,0.004745580283646763,0.9271,0.9231933242445586,-0.003906675755441458,0.005816603683539342,0.0029225866784235175,-0.1239434962741215,-0.1956117394003692,-0.07166824312624769,0.005816603683539342,0.00461681078297958
RZDT2_VC,GPR-KG-pooled-pre,pooled_pre,0,1000,axis,1.0,0.004417494632216135,28 0 0 0 0,28,0.28,low_t1,fp,0,1,0.0022485757750287105,-0.08722766552945525,0.0022485757750287105,-0.08947624130448396,0.28,0.35605364695591163,0.0760536469559116,0.006299448594739758,0.004745580283646763,0.9216,0.9225933463346827,0.000993346334682732,0.006299448594739758,0.0029225866784235175,-0.12830191985753753,-0.19899072826794467,-0.07068880841040714,0.006299448594739758,0.00461681078297958
RZDT2_VC,GPR-KG-pooled-pre,pooled_pre,0,1000,axis,1.0,0.004417494632216135,29 0 0 0 0,29,0.29,low_t1,fp,0,1,0.00298427864597825,-0.09045606413341477,0.00298427864597825,-0.09344034277939302,0.29,0.36516927075320615,0.07516927075320617,0.006795445860099151,0.004745580283646763,0.9159,0.9219367193694964,0.006036719369496346,0.006795445860099151,0.0029225866784235175,-0.13260839838508798,-0.2022191268719042,-0.06961072848681621,0.006795445860099151,0.00461681078297958
RZDT2_VC,GPR-KG-pooled-pre,pooled_pre,0,1000,axis,1.0,0.004417494632216135,30 0 0 0 0,30,0.3,low_t1,fp,0,1,0.0037082039324993765,-0.09353387247375831,0.0037082039324993765,-0.09724207640625769,0.3,0.3743063410261687,0.07430634102616873,0.007301847717655946,0.004745580283646763,0.91,0.9212234433489999,0.011223443348999829,0.007301847717655946,0.0029225866784235175,-0.1368459361534674,-0.20529693521224773,-0.06845099905878033,0.007301847717655946,0.00461681078297958
RZDT2_VC,GPR-KG-pooled-pre,pooled_pre,0,1000,axis,1.0,0.004417494632216135,31 0 0 0 0,31,0.31,low_t1,fp,0,1,0.004417494632216135,-0.09646109055048586,0.004417494632216135,-0.100878585182702,0.31,0.3834648577747992,0.07346485777479922,0.007815661084515983,0.004745580283646763,0.9039,0.9204535182731932,0.01655351827319318,0.007815661084515983,0.0029225866784235175,-0.14099780953705096,-0.20822415328897528,-0.06722634375192432,0.007815661084515983,0.00461681078297958
RZDT2_VC,GPR-KG-pooled-pre,pooled_pre,0,1000,axis,1.0,0.004417494632216135,32 0 0 0 0,32,0.32,low_t1,fp,0,1,0.005109351498780862,-0.09923771836359747,0.005109351498780862,-0.10434706986237834,0.32,0.39264482099909764,0.07264482099909764,0.008333675053769645,0.004745580283646763,0.8976,0.9196269441420761,0.022026944142076177,0.008333675053769645,0.0029225866784235175,-0.1450476329884041,-0.2110007811020869,-0.0659531481136828,0.008333675053769645,0.00461681078297958
RZDT2_VC,GPR-KG-pooled-pre,pooled_pre,0,1000,axis,1.0,0.004417494632216135,33 0 0 0 0,33,0.33,low_t1,fp,0,1,0.005781044089220588,-0.10186375591309309,0.005781044089220588,-0.10764480000231368,0.33,0.40184623069906406,0.07184623069906404,0.00885249222498826,0.004745580283646763,0.8911,0.9187437209556489,0.02764372095564893,0.00885249222498826,0.0029225866784235175,-0.14897942370455264,-0.2136268186515825,-0.06464739494702987,0.00885249222498826,0.00461681078297958
RZDT2_VC,GPR-KG-pooled-pre,pooled_pre,0,1000,axis,1.0,0.004417494632216135,34 0 0 0 0,34,0.34,mid_t1,fp,0,1,0.006429921539747974,-0.10433920319897276,0.006429921539747974,-0.11076912473872073,0.34,0.41106908687469845,0.07106908687469843,0.00936856345039664,0.004745580283646763,0.8844,0.9178038487139115,0.033403848713911555,0.00936856345039664,0.0029225866784235175,-0.15277766470380438,-0.21610226593746218,-0.0633246012336578,0.00936856345039664,0.00461681078297958
RZDT2_VC,GPR-KG-pooled-pre,pooled_pre,0,1000,axis,1.0,0.004417494632216135,35 0 0 0 0,35,0.35,mid_t1,fp,0,1,0.007053423027509664,-0.10666406022123641,0.007053423027509664,-0.11371748324874607,0.35,0.4203133895260008,0.0703133895260008,0.009878225523078626,0.004745580283646763,0.8775000000000001,0.9168073274168638,0.03930732741686371,0.009878225523078626,0.0029225866784235175,-0.15642736606418642,-0.21842712295972583,-0.06199975689553941,0.009878225523078626,0.00461681078297958
RZDT2_VC,GPR-KG-pooled-pre,pooled_pre,0,1000,axis,1.0,0.004417494632216135,36 0 0 0 0,36,0.36,mid_t1,fp,0,1,0.00764908787698429,-0.10883832697988409,0.00764908787698429,-0.11648741485686838,0.36,0.4295791386529711,0.0695791386529711,0.010377741285008674,0.004745580283646763,0.8704000000000001,0.9157541570645059,0.04535415706450585,0.010377741285008674,0.0029225866784235175,-0.1599141240818193,-0.2206013897183735,-0.060687265636554216,0.010377741285008674,0.00461681078297958
RZDT2_VC,GPR-KG-pooled-pre,pooled_pre,0,1000,axis,1.0,0.004417494632216135,37 0 0 0 0,37,0.37,mid_t1,fp,0,1,0.008214565271144253,-0.11086200347491586,0.008214565271144253,-0.11907656874606011,0.37,0.43886633425560934,0.06886633425560934,0.01086334159208918,0.004745580283646763,0.8631,0.9146443376568376,0.051544337656837635,0.01086334159208918,0.0029225866784235175,-0.16322417811575568,-0.22262506621340528,-0.059400888097649596,0.01086334159208918,0.00461681078297958
RZDT2_VC,GPR-KG-pooled-pre,pooled_pre,0,1000,axis,1.0,0.004417494632216135,38 0 0 0 0,38,0.38,mid_t1,fp,0,1,0.008747623529056947,-0.11273508970633157,0.008747623529056947,-0.12148271323538852,0.38,0.44817497633391556,0.06817497633391556,0.011331268541361518,0.004745580283646763,0.8556,0.9134778691938592,0.05787786919385918,0.011331268541361518,0.0029225866784235175,-0.16634446489494334,-0.224498152444821,-0.05815368754987765,0.011331268541361518,0.00461681078297958
RZDT2_VC,GPR-KG-pooled-pre,pooled_pre,0,1000,axis,1.0,0.004417494632216135,39 0 0 0 0,39,0.39,mid_t1,fp,0,1,0.00924615891330946,-0.11445758567413132,0.00924615891330946,-0.12370374458744078,0.39,0.4575050648878898,0.06750506488788977,0.01177781934266268,0.004745580283646763,0.8479,0.9122547516755705,0.06435475167557048,0.01177781934266268,0.0029225866784235175,-0.16926267007298845,-0.22622064841262074,-0.05695797833963229,0.01177781934266268,0.00461681078297958
RZDT2_VC,GPR-KG-pooled-pre,pooled_pre,0,1000,axis,1.0,0.004417494632216135,40 0 0 0 0,40,0.4,mid_t1,fp,0,1,0.009708203932499382,-0.1160294913783151,0.009708203932499382,-0.12573769531081447,0.4,0.4668565999175319,0.0668565999175319,0.012199390203593317,0.004745580283646763,0.84,0.9109749851019716,0.07097498510197164,0.012199390203593317,0.0029225866784235175,-0.1719672768272542,-0.22779255411680452,-0.05582527728955031,0.012199390203593317,0.00461681078297958
RZDT2_VC,GPR-KG-pooled-pre,pooled_pre,0,1000,axis,1.0,0.004417494632216135,41 0 0 0 0,41,0.41,mid_t1,fp,0,1,0.01013193510602417,-0.11745080681888297,0.01013193510602417,-0.12758274192490715,0.41,0.476229581422842,0.06622958142284202,0.012592519592970444,0.004745580283646763,0.8319000000000001,0.9096385694730624,0.07773856947306235,0.012592519592970444,0.0029225866784235175,-0.17444761131049896,-0.22921386955737238,-0.05476625824687342,0.012592519592970444,0.00461681078297958
RZDT2_VC,GPR-KG-pooled-pre,pooled_pre,0,1000,axis,1.0,0.004417494632216135,42 0 0 0 0,42,0.42,mid_t1,fp,0,1,0.01051568016052637,-0.11872153199583478,0.01051568016052637,-0.12923721215636114,0.42,0.48562400940382006,0.06562400940382007,0.012953930254030792,0.004745580283646763,0.8236,0.9082455047888431,0.08464550478884314,0.012953930254030792,0.0029225866784235175,-0.1766938847756743,-0.2304845947343242,-0.0537907099586499,0.012953930254030792,0.00461681078297958
RZDT2_VC,GPR-KG-pooled-pre,pooled_pre,0,1000,axis,1.0,0.004417494632216135,43 0 0 0 0,43,0.43,mid_t1,fp,0,1,0.01085792462959223,-0.11984166690917063,0.01085792462959223,-0.13069959153876287,0.43,0.49503988386046605,0.06503988386046605,0.01328056935444799,0.004745580283646763,0.8151,0.9067957910493135,0.09169579104931347,0.01328056935444799,0.0029225866784235175,-0.1786972322076379,-0.23160472964766005,-0.052907497440022155,0.01328056935444799,0.00461681078297958
RZDT2_VC,GPR-KG-pooled-pre,pooled_pre,0,1000,axis,1.0,0.004417494632216135,44 0 0 0 0,44,0.44,mid_t1,fp,0,1,0.011157317830659014,-0.12081121155889056,0.011157317830659014,-0.13196852938954956,0.44,0.5044772047927801,0.06447720479278013,0.013569646185494524,0.004745580283646763,0.8064,0.9052894282544736,0.09888942825447355,0.013569646185494524,0.0029225866784235175,-0.18044974730931826,-0.23257427429737998,-0.05212452698806172,0.013569646185494524,0.00461681078297958
RZDT2_VC,GPR-KG-pooled-pre,pooled_pre,0,1000,axis,1.0,0.004417494632216135,45 0 0 0 0,45,0.45,mid_t1,fp,0,1,0.011412678195541842,-0.12163016594499447,0.011412678195541842,-0.1330428441405363,0.45,0.513935972200762,0.06393597220076203,0.01381866685703476,0.004745580283646763,0.7975,0.9037264164043235,0.10622641640432351,0.01381866685703476,0.0029225866784235175,-0.18194451370425696,-0.2333932286834839,-0.05144871497922693,0.01381866685703476,0.00461681078297958
RZDT2_VC,GPR-KG-pooled-pre,pooled_pre,0,1000,axis,1.0,0.004417494632216135,46 0 0 0 0,46,0.46,mid_t1,fp,0,1,0.011622997933543572,-0.12229853006748241,0.011622997933543572,-0.13392152800102597,0.46,0.523416186084412,0.06341618608441196,0.014025465477955251,0.004745580283646763,0.7884,0.9021067554988631,0.11370675549886311,0.014025465477955251,0.0029225866784235175,-0.18317563223238706,-0.23406159280597183,-0.05088596057358477,0.014025465477955251,0.00461681078297958
RZDT2_VC,GPR-KG-pooled-pre,pooled_pre,0,1000,axis,1.0,0.004417494632216135,47 0 0 0 0,47,0.47,mid_t1,fp,0,1,0.011787447008744262,-0.12281630392635444,0.011787447008744262,-0.1346037509350987,0.47,0.5329178464437299,0.06291784644372989,0.014188231362461133,0.004745580283646763,0.7791,0.9004304455380926,0.12133044553809258,0.014188231362461133,0.0029225866784235175,-0.18413824423132247,-0.23457936666484386,-0.05044112243352139,0.014188231362461133,0.00461681078297958
RZDT2_VC,GPR-KG-pooled-pre,pooled_pre,0,1000,axis,1.0,0.004417494632216135,48 0 0 0 0,48,0.48,mid_t1,fp,0,1,0.011905376415773744,-0.12318348752161039,0.011905376415773744,-0.13508886393738412,0.48,0.5424409532787158,0.062440953278715794,0.014305531860612137,0.004745580283646763,0.7696000000000001,0.8986974865220116,0.12909748652201158,0.014305531860612137,0.0029225866784235175,-0.1848285507112791,-0.2349465502600998,-0.05011799954882071,0.014305531860612137,0.00461681078297958
RZDT2_VC,GPR-KG-pooled-pre,pooled_pre,0,1000,axis,1.0,0.004417494632216135,49 0 0 0 0,49,0.49,mid_t1,fp,0,1,0.011976320741139274,-0.12340008085325037,0.011976320741139274,-0.13537640159438963,0.49,0.5519855065893695,0.06198550658936952,0.014376330475641002,0.004745580283646763,0.7599,0.8969078784506206,0.13700787845062057,0.014376330475641002,0.0029225866784235175,-0.18524382734795153,-0.2351631435917398,-0.04991931624378826,0.014376330475641002,0.00461681078297958
RZDT2_VC,GPR-KG-pooled-pre,pooled_pre,0,1000,axis,1.0,0.004417494632216135,50 0 0 0 0,50,0.5,mid_t1,fp,0,1,0.01200000000000001,-0.12346608392127449,0.01200000000000001,-0.13546608392127452,0.5,0.5615515063756913,0.06155150637569129,0.0144,0.004745580283646763,0.75,0.8950616213239193,0.1450616213239193,0.0144,0.0029225866784235175,-0.18538243523417663,-0.2352291466597639,-0.049846711425587276,0.0144,0.00461681078297958
RZDT2_VC,GPR-KG-pooled-pre,pooled_pre,0,1000,axis,1.0,0.004417494632216135,51 0 0 0 0,51,0.51,mid_t1,fp,0,1,0.011976320741139274,-0.12338149672568254,0.011976320741139274,-0.1353578174668218,0.51,0.5711389526376811,0.0611389526376811,0.014376330475641002,0.004745580283646763,0.7399,0.8931587151419077,0.1532587151419077,0.014376330475641002,0.0029225866784235175,-0.18524382734795153,-0.23514455946417195,-0.049900732116220425,0.014376330475641002,0.00461681078297958
RZDT2_VC,GPR-KG-pooled-pre,pooled_pre,0,1000,axis,1.0,0.004417494632216135,52 0 0 0 0,52,0.52,mid_t1,fp,0,1,0.011905376415773744,-0.12314631926647461,0.011905376415773744,-0.13505169568224834,0.52,0.5807478453753387,0.06074784537533873,0.014305531860612137,0.004745580283646763,0.7296,0.891199159904586,0.16159915990458595,0.014305531860612137,0.0029225866784235175,-0.1848285507112791,-0.23490938200496403,-0.05008083129368493,0.014305531860612137,0.00461681078297958
RZDT2_VC,GPR-KG-pooled-pre,pooled_pre,0,1000,axis,1.0,0.004417494632216135,53 0 0 0 0,53,0.53,mid_t1,fp,0,1,0.011787447008744262,-0.12276055154365077,0.011787447008744262,-0.13454799855239502,0.53,0.5903781845886644,0.060378184588664396,0.014188231362461133,0.004745580283646763,0.7191,0.8891829556119539,0.17008295561195397,0.014188231362461133,0.0029225866784235175,-0.18413824423132247,-0.2345236142821402,-0.050385370050817724,0.014188231362461133,0.00461681078297958
RZDT2_VC,GPR-KG-pooled-pre,pooled_pre,0,1000,axis,1.0,0.004417494632216135,54 0 0 0 0,54,0.54,mid_t1,fp,0,1,0.011622997933543572,-0.12222419355721091,0.011622997933543572,-0.13384719149075447,0.54,0.600029970277658,0.060029970277657996,0.014025465477955242,0.004745580283646763,0.7083999999999999,0.8871101022640117,0.17871010226401174,0.014025465477955242,0.0029225866784235175,-0.183175632232387,-0.23398725629570033,-0.050811624063313326,0.014025465477955242,0.00461681078297958
RZDT2_VC,GPR-KG-pooled-pre,pooled_pre,0,1000,axis,1.0,0.004417494632216135,55 0 0 0 0,55,0.55,mid_t1,fp,0,1,0.011412678195541842,-0.12153724530715508,0.011412678195541842,-0.1329499235026969,0.55,0.6097032024423197,0.059703202442319636,0.013818666857034756,0.004745580283646763,0.6975,0.8849805998607592,0.18748059986075916,0.013818666857034756,0.0029225866784235175,-0.18194451370425696,-0.2333003080456445,-0.05135579434138754,0.013818666857034756,0.00461681078297958
RZDT2_VC,GPR-KG-pooled-pre,pooled_pre,0,1000,axis,1.0,0.004417494632216135,56 0 0 0 0,56,0.56,mid_t1,fp,0,1,0.011157317830659014,-0.12069970679348328,0.011157317830659014,-0.13185702462414228,0.56,0.6193978810826491,0.059397881082649095,0.013569646185494524,0.004745580283646763,0.6863999999999999,0.8827944484021963,0.19639444840219644,0.013569646185494524,0.0029225866784235175,-0.18044974730931826,-0.2324627695319727,-0.05201302222265444,0.013569646185494524,0.00461681078297958
RZDT2_VC,GPR-KG-pooled-pre,pooled_pre,0,1000,axis,1.0,0.004417494632216135,57 0 0 0 0,57,0.57,mid_t1,fp,0,1,0.01085792462959223,-0.11971157801619552,0.01085792462959223,-0.13056950264578776,0.57,0.6291140061986467,0.05911400619864671,0.013280569354448001,0.004745580283646763,0.6751,0.8805516478883234,0.20545164788832337,0.013280569354448001,0.0029225866784235175,-0.17869723220763795,-0.23147464075468493,-0.05277740854704699,0.013280569354448001,0.00461681078297958
RZDT2_VC,GPR-KG-pooled-pre,pooled_pre,0,1000,axis,1.0,0.004417494632216135,58 0 0 0 0,58,0.58,mid_t1,fp,0,1,0.01051568016052637,-0.11857285897529173,0.01051568016052637,-0.12908853913581808,0.58,0.6388515777903121,0.05885157779031214,0.012953930254030797,0.004745580283646763,0.6636,0.8782521983191401,0.21465219831914018,0.012953930254030797,0.0029225866784235175,-0.17669388477567435,-0.23033592171378114,-0.05364203693810679,0.012953930254030797,0.00461681078297958
RZDT2_VC,GPR-KG-pooled-pre,pooled_pre,0,1000,axis,1.0,0.004417494632216135,59 0 0 0 0,59,0.59,mid_t1,fp,0,1,0.01013193510602417,-0.11728354967077197,0.01013193510602417,-0.12741548477679615,0.59,0.6486105958576456,0.05861059585764561,0.012592519592970447,0.004745580283646763,0.6519,0.8758960996946467,0.22399609969464662,0.012592519592970447,0.0029225866784235175,-0.174447611310499,-0.22904661240926139,-0.054599001098762395,0.012592519592970447,0.00461681078297958
RZDT2_VC,GPR-KG-pooled-pre,pooled_pre,0,1000,axis,1.0,0.004417494632216135,60 0 0 0 0,60,0.6,mid_t1,fp,0,1,0.009708203932499382,-0.1158436501026363,0.009708203932499382,-0.1255518540351357,0.6,0.658391060400647,0.05839106040064701,0.012199390203593318,0.004745580283646763,0.64,0.8734833520148428,0.23348335201484283,0.012199390203593318,0.0029225866784235175,-0.17196727682725424,-0.2276067128411257,-0.055639436013871474,0.012199390203593318,0.00461681078297958
RZDT2_VC,GPR-KG-pooled-pre,pooled_pre,0,1000,axis,1.0,0.004417494632216135,61 0 0 0 0,61,0.61,mid_t1,fp,0,1,0.00924615891330946,-0.11425316027088465,0.00924615891330946,-0.12349931918419411,0.61,0.6681929714193163,0.05819297141931634,0.01177781934266268,0.004745580283646763,0.6279,0.871013955279729,0.243113955279729,0.01177781934266268,0.0029225866784235175,-0.16926267007298845,-0.22601622300937407,-0.05675355293638562,0.01177781934266268,0.00461681078297958
RZDT2_VC,GPR-KG-pooled-pre,pooled_pre,0,1000,axis,1.0,0.004417494632216135,62 0 0 0 0,62,0.62,mid_t1,fp,0,1,0.008747623529056947,-0.11251208017551693,0.008747623529056947,-0.12125970370457388,0.62,0.6780163289136536,0.0580163289136536,0.011331268541361527,0.004745580283646763,0.6155999999999999,0.8684879094893049,0.25288790948930495,0.011331268541361527,0.0029225866784235175,-0.1663444648949434,-0.22427514291400635,-0.05793067801906296,0.011331268541361527,0.00461681078297958
RZDT2_VC,GPR-KG-pooled-pre,pooled_pre,0,1000,axis,1.0,0.004417494632216135,63 0 0 0 0,63,0.63,mid_t1,fp,0,1,0.00821456527114428,-0.11062040981653336,0.00821456527114428,-0.11883497508767764,0.63,0.687861132883659,0.05786113288365902,0.010863341592089185,0.004745580283646763,0.6031,0.8659052146435703,0.2628052146435703,0.010863341592089185,0.0029225866784235175,-0.16322417811575568,-0.22238347255502278,-0.059159294439267096,0.010863341592089185,0.00461681078297958
RZDT2_VC,GPR-KG-pooled-pre,pooled_pre,0,1000,axis,1.0,0.004417494632216135,64 0 0 0 0,64,0.64,mid_t1,fp,0,1,0.007649087876984262,-0.10857814919393376,0.007649087876984262,-0.11622723707091802,0.64,0.6977273833293323,0.05772738332933225,0.01037774128500867,0.004745580283646763,0.5904,0.8632658707425257,0.27286587074252566,0.01037774128500867,0.0029225866784235175,-0.1599141240818193,-0.22034121193242318,-0.06042708785060388,0.01037774128500867,0.00461681078297958
RZDT2_VC,GPR-KG-pooled-pre,pooled_pre,0,1000,axis,1.0,0.004417494632216135,65 0 0 0 0,65,0.65,mid_t1,fp,0,1,0.007053423027509692,-0.10638529830771819,0.007053423027509692,-0.11343872133522788,0.65,0.7076150802506734,0.05761508025067341,0.009878225523078628,0.004745580283646763,0.5774999999999999,0.8605698777861707,0.28306987778617076,0.009878225523078628,0.0029225866784235175,-0.1564273660641864,-0.2181483610462076,-0.061720994982021216,0.009878225523078628,0.00461681078297958
RZDT2_VC,GPR-KG-pooled-pre,pooled_pre,0,1000,axis,1.0,0.004417494632216135,66 0 0 0 0,66,0.66,mid_t1,fp,0,1,0.006429921539747946,-0.10404185715788665,0.006429921539747946,-0.1104717786976346,0.66,0.7175242236476826,0.057524223647682615,0.009368563450396631,0.004745580283646763,0.5644,0.8578172357745056,0.2934172357745056,0.009368563450396631,0.0029225866784235175,-0.15277766470380436,-0.21580491989637607,-0.06302725519257171,0.009368563450396631,0.00461681078297958
RZDT2_VC,GPR-KG-pooled-pre,pooled_pre,0,1000,axis,1.0,0.004417494632216135,67 0 0 0 0,67,0.67,high_t1,fp,0,1,0.005781044089220588,-0.10154782574443903,0.005781044089220588,-0.10732886983365962,0.67,0.7274548135203598,0.05745481352035975,0.00885249222498826,0.004745580283646763,0.5510999999999999,0.8550079447075302,0.30390794470753024,0.00885249222498826,0.0029225866784235175,-0.14897942370455264,-0.21331088848292845,-0.06433146477837581,0.00885249222498826,0.00461681078297958
RZDT2_VC,GPR-KG-pooled-pre,pooled_pre,0,1000,axis,1.0,0.004417494632216135,68 0 0 0 0,68,0.68,high_t1,fp,0,1,0.005109351498780862,-0.09890320406737567,0.005109351498780862,-0.10401255556615653,0.68,0.7374068498687049,0.05740684986870481,0.008333675053769642,0.004745580283646763,0.5375999999999999,0.8521420045852445,0.3145420045852446,0.008333675053769642,0.0029225866784235175,-0.14504763298840406,-0.2106662668058651,-0.06561863381746103,0.008333675053769642,0.00461681078297958
RZDT2_VC,GPR-KG-pooled-pre,pooled_pre,0,1000,axis,1.0,0.004417494632216135,69 0 0 0 0,69,0.69,high_t1,fp,0,1,0.004417494632216135,-0.09610799212669617,0.004417494632216135,-0.1005254867589123,0.69,0.747380332692718,0.05738033269271803,0.007815661084515988,0.004745580283646763,0.5239,0.8492194154076487,0.32531941540764864,0.007815661084515988,0.0029225866784235175,-0.14099780953705102,-0.2078710548651856,-0.06687324532813457,0.007815661084515988,0.00461681078297958
RZDT2_VC,GPR-KG-pooled-pre,pooled_pre,0,1000,axis,1.0,0.004417494632216135,70 0 0 0 0,70,0.7,high_t1,fp,0,1,0.0037082039324993765,-0.0931621899224007,0.0037082039324993765,-0.09687039385490008,0.7,0.7573752619923989,0.05737526199239895,0.007301847717655946,0.004745580283646763,0.51,0.8462401771747425,0.3362401771747425,0.007301847717655946,0.0029225866784235175,-0.1368459361534674,-0.20492525266089012,-0.06807931650742272,0.007301847717655946,0.00461681078297958
RZDT2_VC,GPR-KG-pooled-pre,pooled_pre,0,1000,axis,1.0,0.004417494632216135,71 0 0 0 0,71,0.71,high_t1,fp,0,1,0.00298427864597825,-0.09006579745448927,0.00298427864597825,-0.09305007610046752,0.71,0.7673916377677479,0.057391637767747916,0.006795445860099158,0.004745580283646763,0.4959,0.8432042898865262,0.3473042898865262,0.006795445860099158,0.0029225866784235175,-0.13260839838508803,-0.2018288601929787,-0.06922046180789065,0.006795445860099158,0.00461681078297958
RZDT2_VC,GPR-KG-pooled-pre,pooled_pre,0,1000,axis,1.0,0.004417494632216135,72 0 0 0 0,72,0.72,high_t1,fp,0,1,0.0022485757750286828,-0.08681881472296187,0.0022485757750286828,-0.08906739049799055,0.72,0.7774294600187649,0.05742946001876492,0.006299448594739758,0.004745580283646763,0.48160000000000003,0.8401117535429995,0.35851175354299947,0.006299448594739758,0.0029225866784235175,-0.12830191985753756,-0.19858187746145128,-0.07027995760391373,0.006299448594739758,0.00461681078297958
RZDT2_VC,GPR-KG-pooled-pre,pooled_pre,0,1000,axis,1.0,0.004417494632216135,73 0 0 0 0,73,0.73,high_t1,fp,0,1,0.001503998802771661,-0.08342124172781844,0.001503998802771661,-0.0849252405305901,0.73,0.7874887287454497,0.057488728745449746,0.005816603683539342,0.004745580283646763,0.46710000000000007,0.8369625681441627,0.36986256814416263,0.005816603683539342,0.0029225866784235175,-0.12394349627412149,-0.19518430446630786,-0.07124080819218637,0.005816603683539342,0.00461681078297958
RZDT2_VC,GPR-KG-pooled-pre,pooled_pre,0,1000,axis,1.0,0.004417494632216135,74 0 0 0 0,74,0.74,high_t1,fp,0,1,0.0007534862343517579,-0.07987307846905921,0.0007534862343517579,-0.08062656470341097,0.74,0.7975694439478027,0.05756944394780272,0.005349390260062094,0.004745580283646763,0.4524,0.8337567336900156,0.38135673369001555,0.005349390260062094,0.0029225866784235175,-0.11955032834154919,-0.19163614120754863,-0.07208581286599944,0.005349390260062094,0.00461681078297958
RZDT2_VC,GPR-KG-pooled-pre,pooled_pre,0,1000,axis,1.0,0.004417494632216135,75 0 0 0 0,75,0.75,high_t1,tp,1,1,0.0,-0.07617432494668384,0.0,-0.07617432494668384,0.75,0.8076716056258235,0.05767160562582352,0.004900000000000001,0.004745580283646763,0.4375,0.8304942501805583,0.39299425018055834,0.004900000000000001,0.0029225866784235175,-0.11513975388660307,-0.18793738768517326,-0.0727976337985702,0.004900000000000001,0.00461681078297958
RZDT2_VC,GPR-KG-pooled-pre,pooled_pre,0,1000,axis,1.0,0.004417494632216135,76 0 0 0 0,76,0.76,high_t1,tp,1,1,-0.0007534862343517579,-0.07232498116069257,0.0007534862343517579,-0.07157149492634081,0.76,0.8177952137795124,0.057795213779512356,0.004470322986651712,0.004745580283646763,0.4224,0.8271751176157908,0.40477511761579077,0.004470322986651712,0.0029225866784235175,-0.11072917943165694,-0.18408804389918199,-0.07335886446752504,0.004470322986651712,0.00461681078297958
RZDT2_VC,GPR-KG-pooled-pre,pooled_pre,0,1000,axis,1.0,0.004417494632216135,77 0 0 0 0,77,0.77,high_t1,tp,1,1,-0.0015039988027716472,-0.06832504711108527,0.0015039988027716472,-0.06682104830831362,0.77,0.827940268408869,0.05794026840886901,0.004061938413639081,0.004745580283646763,0.4071,0.8237993359957129,0.41669933599571285,0.004061938413639081,0.0029225866784235175,-0.1063360114990846,-0.18008810984957468,-0.07375209835049008,0.004061938413639081,0.00461681078297958
RZDT2_VC,GPR-KG-pooled-pre,pooled_pre,0,1000,axis,1.0,0.004417494632216135,78 0 0 0 0,78,0.78,high_t1,tp,1,1,-0.0022485757750286967,-0.064174522797862,0.0022485757750286967,-0.0619259470228333,0.78,0.8381067695138938,0.05810676951389382,0.003676110190539616,0.004745580283646763,0.39159999999999995,0.820366905320325,0.428766905320325,0.003676110190539616,0.0029225866784235175,-0.10197758791566859,-0.17593758553635142,-0.07395999762068282,0.003676110190539616,0.00461681078297958
RZDT2_VC,GPR-KG-pooled-pre,pooled_pre,0,1000,axis,1.0,0.004417494632216135,79 0 0 0 0,79,0.79,high_t1,tp,1,1,-0.002984278645978264,-0.05987340822102276,0.002984278645978264,-0.056889129575044495,0.79,0.8482947170945865,0.058294717094586446,0.0033137874397911856,0.004745580283646763,0.3758999999999999,0.8168778255896265,0.4409778255896266,0.0033137874397911856,0.0029225866784235175,-0.09767110938811811,-0.17163647095951218,-0.07396536157139406,0.0033137874397911856,0.00461681078297958
RZDT2_VC,GPR-KG-pooled-pre,pooled_pre,0,1000,axis,1.0,0.004417494632216135,80 0 0 0 0,80,0.8,high_t1,tp,1,1,-0.0037082039324993626,-0.05542170338056755,0.0037082039324993626,-0.05171349944806819,0.8,0.8585041111509472,0.05850411115094711,0.0029756097964066855,0.004745580283646763,0.3599999999999999,0.8133320968036181,0.4533320968036182,0.0029756097964066855,0.0029225866784235175,-0.0934335716197387,-0.16718476611905697,-0.07375119449931827,0.0029756097964066855,0.00461681078297958
RZDT2_VC,GPR-KG-pooled-pre,pooled_pre,0,1000,axis,1.0,0.004417494632216135,81 0 0 0 0,81,0.81,high_t1,tp,1,1,-0.004417494632216135,-0.05081940827649649,0.004417494632216135,-0.046401913644280354,0.81,0.8687349516829757,0.0587349516829756,0.0026619173469304876,0.004745580283646763,0.3438999999999999,0.8097297189622992,0.4658297189622993,0.0026619173469304876,0.0029225866784235175,-0.08928169823615512,-0.1625824710149859,-0.07330077277883079,0.0026619173469304876,0.00461681078297958
RZDT2_VC,GPR-KG-pooled-pre,pooled_pre,0,1000,axis,1.0,0.004417494632216135,82 0 0 0 0,82,0.82,high_t1,tp,1,1,-0.005109351498780862,-0.04606652290880929,0.005109351498780862,-0.04095717141002843,0.82,0.8789872386906723,0.05898723869067235,0.0023727649718586334,0.004745580283646763,0.3276000000000001,0.8060706920656703,0.47847069206567017,0.0023727649718586334,0.0029225866784235175,-0.08523187478480208,-0.1578295856472987,-0.07259771086249663,0.0023727649718586334,0.00461681078297958
RZDT2_VC,GPR-KG-pooled-pre,pooled_pre,0,1000,axis,1.0,0.004417494632216135,83 0 0 0 0,83,0.83,high_t1,tp,1,1,-0.0057810440892205744,-0.04116304727750618,0.0057810440892205744,-0.035382003188285605,0.83,0.8892609721740368,0.05926097217403681,0.002107940787564248,0.004745580283646763,0.31110000000000004,0.8023550161137311,0.491255016113731,0.002107940787564248,0.0029225866784235175,-0.08130008406865345,-0.1529261100159956,-0.07162602594734215,0.002107940787564248,0.00461681078297958
RZDT2_VC,GPR-KG-pooled-pre,pooled_pre,0,1000,axis,1.0,0.004417494632216135,84 0 0 0 0,84,0.84,high_t1,tp,1,1,-0.006429921539747946,-0.0361089813825871,0.006429921539747946,-0.029679059842839153,0.84,0.8995561521330693,0.05955615213306931,0.0018669883206906854,0.004745580283646763,0.2944000000000001,0.7985826911064815,0.5041826911064814,0.0018669883206906854,0.0029225866784235175,-0.07750184306940178,-0.14787204412107652,-0.07037020105167474,0.0018669883206906854,0.00461681078297958
RZDT2_VC,GPR-KG-pooled-pre,pooled_pre,0,1000,axis,1.0,0.004417494632216135,85 0 0 0 0,85,0.85,high_t1,tp,1,1,-0.007053423027509678,-0.03090432522405194,0.007053423027509678,-0.023850902196542262,0.85,0.9098727785677698,0.059872778567769847,0.0016492319909840044,0.004745580283646763,0.2775000000000001,0.7947537170439218,0.5172537170439218,0.0016492319909840044,0.0029225866784235175,-0.07385214170901971,-0.14266738796254136,-0.06881524625352164,0.0016492319909840044,0.00461681078297958
RZDT2_VC,GPR-KG-pooled-pre,pooled_pre,0,1000,axis,1.0,0.004417494632216135,86 0 0 0 0,86,0.86,high_t1,tp,1,1,-0.007649087876984276,-0.02554907880190098,0.007649087876984276,-0.017899990924916703,0.86,0.9202108514781382,0.060210851478138205,0.001453805428527018,0.004745580283646763,0.2604000000000001,0.7908680939260518,0.5304680939260518,0.001453805428527018,0.0029225866784235175,-0.07036538369138685,-0.1373121415403904,-0.06694675784900354,0.001453805428527018,0.00461681078297958
RZDT2_VC,GPR-KG-pooled-pre,pooled_pre,0,1000,axis,1.0,0.004417494632216135,87 0 0 0 0,87,0.87,high_t1,tp,1,1,-0.00821456527114426,-0.020043242116133994,0.00821456527114426,-0.011828676844989734,0.87,0.9305703708641746,0.060570370864174605,0.0012796821090875375,0.004745580283646763,0.24309999999999998,0.7869258217528716,0.5438258217528716,0.0012796821090875375,0.0029225866784235175,-0.06705532965745045,-0.1318063048546234,-0.06475097519717296,0.0012796821090875375,0.00461681078297958
RZDT2_VC,GPR-KG-pooled-pre,pooled_pre,0,1000,axis,1.0,0.004417494632216135,88 0 0 0 0,88,0.88,high_t1,tp,1,1,-0.00874762352905694,-0.01438681516675104,0.00874762352905694,-0.005639191637694101,0.88,0.9409513367258789,0.060951336725878935,0.0011257077574617622,0.004745580283646763,0.22560000000000002,0.7829269005243811,0.557326900524381,0.0011257077574617622,0.0029225866784235175,-0.06393504287826277,-0.12614987790524046,-0.062214835026977694,0.0011257077574617622,0.00461681078297958
RZDT2_VC,GPR-KG-pooled-pre,pooled_pre,0,1000,axis,1.0,0.004417494632216135,89 0 0 0 0,89,0.89,high_t1,tp,1,1,-0.009246158913309474,-0.008579797953752008,0.009246158913309474,0.000666360959557466,0.89,0.9513537490632512,0.061353749063251195,0.0009906339438016307,0.004745580283646763,0.20789999999999997,0.7788713302405804,0.5709713302405804,0.0009906339438016307,0.0029225866784235175,-0.06101683770021766,-0.12034286069224143,-0.05932602299202377,0.0009906339438016307,0.00461681078297958
RZDT2_VC,GPR-KG-pooled-pre,pooled_pre,0,1000,axis,1.0,0.004417494632216135,90 0 0 0 0,90,0.9,high_t1,tp,1,1,-0.009708203932499368,-0.002622190477137118,0.009708203932499368,0.00708601345536225,0.9,0.9617776078762915,0.061777607876291496,0.0008731522823440527,0.004745580283646763,0.18999999999999995,0.7747591109014695,0.5847591109014696,0.0008731522823440527,0.0029225866784235175,-0.05831223094595188,-0.11438525321562654,-0.05607302226967466,0.0008731522823440527,0.00461681078297958
RZDT2_VC,GPR-KG-pooled-pre,pooled_pre,0,1000,axis,1.0,0.004417494632216135,91 0 0 0 0,91,0.91,high_t1,fn,1,0,-0.010131935106024184,0.0034860072630938516,0.010131935106024184,0.013617942369118036,0.91,0.9722229131649998,0.06222291316499973,0.0007719286359422346,0.004745580283646763,0.17189999999999994,0.7705902425070483,0.5986902425070484,0.0007719286359422346,0.0029225866784235175,-0.05583189646270712,-0.10827705547539557,-0.052445159012688446,0.0007719286359422346,0.00461681078297958
RZDT2_VC,GPR-KG-pooled-pre,pooled_pre,0,1000,axis,1.0,0.004417494632216135,92 0 0 0 0,92,0.92,high_t1,fn,1,0,-0.010515680160526363,0.00974479526694079,0.010515680160526363,0.020260475427467152,0.92,0.9826896649293759,0.06268966492937589,0.0006856367334167007,0.004745580283646763,0.15359999999999996,0.766364725057317,0.612764725057317,0.0006856367334167007,0.0029225866784235175,-0.05358562299753181,-0.10201826747154863,-0.04843264447401682,0.0006856367334167007,0.00461681078297958
RZDT2_VC,GPR-KG-pooled-pre,pooled_pre,0,1000,axis,1.0,0.004417494632216135,93 0 0 0 0,93,0.93,high_t1,fn,1,0,-0.010857924629592237,0.016154173534403585,0.010857924629592237,0.027012098163995822,0.93,0.9931778631694201,0.06317786316942009,0.000612990619923725,0.004745580283646763,0.1350999999999999,0.7620825585522752,0.6269825585522754,0.000612990619923725,0.0029225866784235175,-0.051582275565568166,-0.09560888920408583,-0.04402661363851767,0.000612990619923725,0.00461681078297958
RZDT2_VC,GPR-KG-pooled-pre,pooled_pre,0,1000,axis,1.0,0.004417494632216135,94 0 0 0 0,94,0.94,high_t1,fn,1,0,-0.011157317830659014,0.02271414206548235,0.011157317830659014,0.03387145989614136,0.94,1.0036875078851324,0.06368750788513244,0.0005527753830590053,0.004745580283646763,0.11640000000000006,0.7577437429919234,0.6413437429919233,0.0005527753830590053,0.0029225866784235175,-0.04982976046388786,-0.08904892067300707,-0.03921916020911921,0.0005527753830590053,0.00461681078297958
RZDT2_VC,GPR-KG-pooled-pre,pooled_pre,0,1000,axis,1.0,0.004417494632216135,95 0 0 0 0,95,0.95,high_t1,fn,1,0,-0.011412678195541842,0.02942470086017719,0.011412678195541842,0.040837379055719034,0.95,1.0142185990765125,0.0642185990765125,0.0005038756289026096,0.004745580283646763,0.09750000000000003,0.7533482783762613,0.6558482783762613,0.0005038756289026096,0.0029225866784235175,-0.048334994068949144,-0.08233836187831223,-0.03400336780936308,0.0005038756289026096,0.00461681078297958
RZDT2_VC,GPR-KG-pooled-pre,pooled_pre,0,1000,axis,1.0,0.004417494632216135,96 0 0 0 0,96,0.96,high_t1,fn,1,0,-0.011622997933543572,0.036285849918488,0.011622997933543572,0.047908847852031575,0.96,1.0247711367435604,0.06477113674356039,0.0004653012221544119,0.004745580283646763,0.07840000000000003,0.7488961647052889,0.6704961647052888,0.0004653012221544119,0.0029225866784235175,-0.04710387554081908,-0.07547721282000142,-0.028373337279182335,0.0004653012221544119,0.00461681078297958
RZDT2_VC,GPR-KG-pooled-pre,pooled_pre,0,1000,axis,1.0,0.004417494632216135,97 0 0 0 0,97,0.97,high_t1,fn,1,0,-0.011787447008744269,0.04329758924041478,0.011787447008744269,0.05508503624915905,0.97,1.0353451208862765,0.06534512088627653,0.0004362098522594935,0.004745580283646763,0.05910000000000004,0.7443874019790062,0.6852874019790062,0.0004362098522594935,0.0029225866784235175,-0.04614126354188364,-0.06846547349807464,-0.022324209956191,0.0004362098522594935,0.00461681078297958
RZDT2_VC,GPR-KG-pooled-pre,pooled_pre,0,1000,axis,1.0,0.004417494632216135,98 0 0 0 0,98,0.98,high_t1,fn,1,0,-0.01190537641577373,0.05045991882595764,0.01190537641577373,0.06236529524173137,0.98,1.0459405515046605,0.0659405515046605,0.00041592604220944417,0.004745580283646763,0.03960000000000008,0.7398219901974133,0.7002219901974133,0.00041592604220944417,0.0029225866784235175,-0.04545095706192702,-0.06130314391253178,-0.015852186850604758,0.00041592604220944417,0.00461681078297958
RZDT2_VC,GPR-KG-pooled-pre,pooled_pre,0,1000,axis,1.0,0.004417494632216135,99 0 0 0 0,99,0.99,high_t1,fn,1,0,-0.01197632074113926,0.05777283867511636,0.01197632074113926,0.06974915941625562,0.99,1.0565574285987123,0.06655742859871228,0.0004039562776451963,0.004745580283646763,0.01990000000000003,0.7351999293605104,0.7152999293605103,0.0004039562776451963,0.0029225866784235175,-0.04503568042525459,-0.05399022406337306,-0.00895454363811847,0.0004039562776451963,0.00461681078297958
RZDT2_VC,GPR-KG-pooled-pre,pooled_pre,0,1000,axis,1.0,0.004417494632216135,100 0 0 0 0,100,1.0,high_t1,fn,1,0,-0.011999999999999997,0.06523634878789093,0.011999999999999997,0.07723634878789093,1.0,1.0671957521684323,0.06719575216843232,0.0004,0.004745580283646763,0.0,0.730521219468297,0.730521219468297,0.0004,0.0029225866784235175,-0.04489707253902944,-0.046526713950598486,-0.0016296414115690439,0.0004,0.00461681078297958
RZDT2_VC,GPR-KG-pooled-pre,pooled_pre,1,1001,axis,1.0,0.004417494632216135,0 0 0 0 0,0,0.0,low_t1,fn,1,0,-0.011999999999999997,0.1457334062536933,0.011999999999999997,0.1577334062536933,0.0,0.04823790264773142,0.04823790264773142,0.0004,0.004523093489854264,1.0,0.8389263372598585,-0.16107366274014145,0.0004,0.002504320111190283,-0.04489707253902944,0.021512732410867774,0.06640980494989722,0.0004,0.0057033923393867095
RZDT2_VC,GPR-KG-pooled-pre,pooled_pre,1,1001,axis,1.0,0.004417494632216135,1 0 0 0 0,1,0.01,low_t1,fn,1,0,-0.01197632074113926,0.13934527898763033,0.01197632074113926,0.15132159972876957,0.01,0.05839447077308957,0.048394470773089567,0.0004039562776451963,0.004523093489854264,0.9999,0.8397259270349474,-0.1601740729650526,0.0004039562776451963,0.002504320111190283,-0.04503568042525459,0.01512460514480482,0.06016028557005941,0.0004039562776451963,0.0057033923393867095
RZDT2_VC,GPR-KG-pooled-pre,pooled_pre,1,1001,axis,1.0,0.004417494632216135,2 0 0 0 0,2,0.02,low_t1,fn,1,0,-0.011905376415773737,0.1330957063875561,0.011905376415773737,0.14500108280332985,0.02,0.06855025387860082,0.04855025387860082,0.00041592604220944417,0.004523093489854264,0.9996,0.8404474591357262,-0.15915254086427388,0.00041592604220944417,0.002504320111190283,-0.045450957061927026,0.008875032544730588,0.05432598960665762,0.00041592604220944417,0.0057033923393867095
RZDT2_VC,GPR-KG-pooled-pre,pooled_pre,1,1001,axis,1.0,0.004417494632216135,3 0 0 0 0,3,0.03,low_t1,fn,1,0,-0.011787447008744269,0.1269846884534706,0.011787447008744269,0.13877213546221487,0.03,0.0787052519642652,0.0487052519642652,0.0004362098522594935,0.004523093489854264,0.9991,0.8410909335621953,-0.15800906643780466,0.0004362098522594935,0.002504320111190283,-0.04614126354188364,0.0027640146106450852,0.04890527815252872,0.0004362098522594935,0.0057033923393867095
RZDT2_VC,GPR-KG-pooled-pre,pooled_pre,1,1001,axis,1.0,0.004417494632216135,4 0 0 0 0,4,0.04,low_t1,fn,1,0,-0.011622997933543572,0.12101222518537383,0.011622997933543572,0.1326352231189174,0.04,0.08885946503008268,0.048859465030082684,0.0004653012221544117,0.004523093489854264,0.9984,0.8416563503143545,-0.15674364968564547,0.0004653012221544117,0.002504320111190283,-0.04710387554081907,-0.003208448657451693,0.04389542688336738,0.0004653012221544117,0.0057033923393867095
RZDT2_VC,GPR-KG-pooled-pre,pooled_pre,1,1001,axis,1.0,0.004417494632216135,5 0 0 0 0,5,0.05,low_t1,fn,1,0,-0.011412678195541842,0.11517831658326577,0.011412678195541842,0.12659099477880761,0.05,0.0990128930760533,0.04901289307605329,0.0005038756289026093,0.004523093489854264,0.9975,0.8421437093922038,-0.1553562906077962,0.0005038756289026093,0.002504320111190283,-0.04833499406894913,-0.009042357259559746,0.03929263680938938,0.0005038756289026093,0.0057033923393867095
RZDT2_VC,GPR-KG-pooled-pre,pooled_pre,1,1001,axis,1.0,0.004417494632216135,6 0 0 0 0,6,0.06,low_t1,fn,1,0,-0.011157317830659014,0.10948296264714645,0.011157317830659014,0.12064028047780546,0.06,0.109165536102177,0.049165536102177,0.0005527753830590045,0.004523093489854264,0.9964,0.8425530107957431,-0.15384698920425688,0.0005527753830590045,0.002504320111190283,-0.04982976046388783,-0.014737711195679074,0.03509204926820876,0.0005527753830590045,0.0057033923393867095
RZDT2_VC,GPR-KG-pooled-pre,pooled_pre,1,1001,axis,1.0,0.004417494632216135,7 0 0 0 0,7,0.07,low_t1,fn,1,0,-0.010857924629592237,0.10392616337701585,0.010857924629592237,0.11478408800660808,0.07,0.11931739410845385,0.049317394108453844,0.0006129906199237256,0.004523093489854264,0.9951,0.8428842545249727,-0.15221574547502725,0.0006129906199237256,0.002504320111190283,-0.051582275565568186,-0.020294510465809677,0.03128776509975851,0.0006129906199237256,0.0057033923393867095
RZDT2_VC,GPR-KG-pooled-pre,pooled_pre,1,1001,axis,1.0,0.004417494632216135,8 0 0 0 0,8,0.08,low_t1,fn,1,0,-0.010515680160526363,0.09850791877287397,0.010515680160526363,0.10902359893340033,0.08,0.1294684670948838,0.0494684670948838,0.0006856367334167007,0.004523093489854264,0.9936,0.8431374405798924,-0.15046255942010767,0.0006856367334167007,0.002504320111190283,-0.05358562299753181,-0.025712755069951552,0.027872867927580255,0.0006856367334167007,0.0057033923393867095
RZDT2_VC,GPR-KG-pooled-pre,pooled_pre,1,1001,axis,1.0,0.004417494632216135,9 0 0 0 0,9,0.09,low_t1,fn,1,0,-0.010131935106024177,0.09322822883472082,0.010131935106024177,0.10336016394074499,0.09,0.13961875506146687,0.049618755061466874,0.0007719286359422355,0.004523093489854264,0.9919,0.843312568960502,-0.148587431039498,0.0007719286359422355,0.002504320111190283,-0.05583189646270714,-0.030992445008104705,0.024839451454602438,0.0007719286359422355,0.0057033923393867095
RZDT2_VC,GPR-KG-pooled-pre,pooled_pre,1,1001,axis,1.0,0.004417494632216135,10 0 0 0 0,10,0.1,low_t1,fn,1,0,-0.009708203932499368,0.0880870935625564,0.009708203932499368,0.09779529749505576,0.1,0.14976825800820306,0.04976825800820306,0.0008731522823440523,0.004523093489854264,0.99,0.8434096396668019,-0.14659036033319806,0.0008731522823440523,0.002504320111190283,-0.05831223094595187,-0.036133580280269126,0.022178650665682746,0.0008731522823440523,0.0057033923393867095
RZDT2_VC,GPR-KG-pooled-pre,pooled_pre,1,1001,axis,1.0,0.004417494632216135,11 0 0 0 0,11,0.11,low_t1,fn,1,0,-0.009246158913309467,0.0830845129563807,0.009246158913309467,0.09233067186969016,0.11,0.15991697593509235,0.04991697593509235,0.0009906339438016311,0.004523093489854264,0.9879,0.843428652698792,-0.14447134730120803,0.0009906339438016311,0.002504320111190283,-0.061016837700217666,-0.041136160886444825,0.01988067681377284,0.0009906339438016311,0.0057033923393867095
RZDT2_VC,GPR-KG-pooled-pre,pooled_pre,1,1001,axis,1.0,0.004417494632216135,12 0 0 0 0,12,0.12,low_t1,fn,1,0,-0.008747623529056933,0.07822048701619372,0.008747623529056933,0.08696811054525065,0.12,0.17006490884213477,0.05006490884213477,0.0011257077574617607,0.004523093489854264,0.9856,0.8433696080564721,-0.14223039194352793,0.0011257077574617607,0.002504320111190283,-0.06393504287826272,-0.0460001868266318,0.01793485605163092,0.0011257077574617607,0.0057033923393867095
RZDT2_VC,GPR-KG-pooled-pre,pooled_pre,1,1001,axis,1.0,0.004417494632216135,13 0 0 0 0,13,0.13,low_t1,fn,1,0,-0.00821456527114426,0.07349501574199546,0.00821456527114426,0.08170958101313971,0.13,0.18021205672933033,0.05021205672933032,0.0012796821090875375,0.004523093489854264,0.9831,0.8432325057398423,-0.13986749426015765,0.0012796821090875375,0.002504320111190283,-0.06705532965745045,-0.05072565810083005,0.0163296715566204,0.0012796821090875375,0.0057033923393867095
RZDT2_VC,GPR-KG-pooled-pre,pooled_pre,1,1001,axis,1.0,0.004417494632216135,14 0 0 0 0,14,0.14,low_t1,fn,1,0,-0.007649087876984276,0.06890809913378594,0.007649087876984276,0.07655718701077022,0.14,0.19035841959667896,0.050358419596678944,0.001453805428527017,0.004523093489854264,0.9804,0.8430173457489027,-0.1373826542510973,0.001453805428527017,0.002504320111190283,-0.07036538369138683,-0.05531257470903958,0.015052808982347246,0.001453805428527017,0.0057033923393867095
RZDT2_VC,GPR-KG-pooled-pre,pooled_pre,1,1001,axis,1.0,0.004417494632216135,15 0 0 0 0,15,0.15,low_t1,fn,1,0,-0.007053423027509678,0.06445973719156514,0.007053423027509678,0.07151316021907482,0.15,0.20050399744418074,0.05050399744418074,0.0016492319909840038,0.004523093489854264,0.9775,0.8427241280836533,-0.13477587191634677,0.0016492319909840038,0.002504320111190283,-0.0738521417090197,-0.05976093665126037,0.014091205057759328,0.0016492319909840038,0.0057033923393867095
RZDT2_VC,GPR-KG-pooled-pre,pooled_pre,1,1001,axis,1.0,0.004417494632216135,16 0 0 0 0,16,0.16,low_t1,fn,1,0,-0.00642992153974796,0.06014992991533308,0.00642992153974796,0.06657985145508104,0.16,0.2106487902718356,0.05064879027183561,0.0018669883206906834,0.004523093489854264,0.9744,0.8423528527440939,-0.13204714725590616,0.0018669883206906834,0.002504320111190283,-0.07750184306940175,-0.06407074392749244,0.013431099141909306,0.0018669883206906834,0.0057033923393867095
RZDT2_VC,GPR-KG-pooled-pre,pooled_pre,1,1001,axis,1.0,0.004417494632216135,17 0 0 0 0,17,0.17,low_t1,fn,1,0,-0.005781044089220588,0.05597867730508972,0.005781044089220588,0.06175972139431031,0.17,0.2207927980796436,0.0507927980796436,0.0021079407875642477,0.004523093489854264,0.9711,0.8419035197302246,-0.12919648026977537,0.0021079407875642477,0.002504320111190283,-0.08130008406865345,-0.0682419965377358,0.013058087530917653,0.0021079407875642477,0.0057033923393867095
RZDT2_VC,GPR-KG-pooled-pre,pooled_pre,1,1001,axis,1.0,0.004417494632216135,18 0 0 0 0,18,0.18,low_t1,fn,1,0,-0.005109351498780876,0.0519459793608351,0.005109351498780876,0.05705533085961598,0.18,0.23093602086760473,0.05093602086760474,0.00237276497185863,0.004523093489854264,0.9676,0.8413761290420455,-0.1262238709579545,0.00237276497185863,0.002504320111190283,-0.08523187478480203,-0.07227469448199042,0.012957180302811608,0.00237276497185863,0.0057033923393867095
RZDT2_VC,GPR-KG-pooled-pre,pooled_pre,1,1001,axis,1.0,0.004417494632216135,19 0 0 0 0,19,0.19,low_t1,fn,1,0,-0.004417494632216135,0.0480518360825692,0.004417494632216135,0.05246933071478534,0.19,0.24107845863571897,0.05107845863571897,0.0026619173469304897,0.004523093489854264,0.9639,0.8407706806795564,-0.12312931932044358,0.0026619173469304897,0.002504320111190283,-0.08928169823615514,-0.07616883776025632,0.013112860475898824,0.0026619173469304897,0.0057033923393867095
RZDT2_VC,GPR-KG-pooled-pre,pooled_pre,1,1001,axis,1.0,0.004417494632216135,20 0 0 0 0,20,0.2,low_t1,fn,1,0,-0.0037082039324993626,0.04429624747029204,0.0037082039324993626,0.0480044514027914,0.2,0.2512201113839863,0.0512201113839863,0.002975609796406684,0.004523093489854264,0.96,0.8400871746427575,-0.11991282535724246,0.002975609796406684,0.002504320111190283,-0.09343357161973867,-0.07992442637253348,0.013509145247205187,0.002975609796406684,0.0057033923393867095
RZDT2_VC,GPR-KG-pooled-pre,pooled_pre,1,1001,axis,1.0,0.004417494632216135,21 0 0 0 0,21,0.21,low_t1,fn,1,0,-0.002984278645978264,0.04067921352400361,0.002984278645978264,0.043663492169981874,0.21,0.2613609791124068,0.05136097911240681,0.0033137874397911856,0.004523093489854264,0.9559,0.8393256109316488,-0.11657438906835116,0.0033137874397911856,0.002504320111190283,-0.09767110938811811,-0.08354146031882191,0.014129649069296202,0.0033137874397911856,0.0057033923393867095
RZDT2_VC,GPR-KG-pooled-pre,pooled_pre,1,1001,axis,1.0,0.004417494632216135,22 0 0 0 0,22,0.22,low_t1,fn,1,0,-0.0022485757750286967,0.037200734243703876,0.0022485757750286967,0.03944931001873257,0.22,0.2715010618209804,0.05150106182098038,0.0036761101905396125,0.004523093489854264,0.9516,0.8384859895462302,-0.11311401045376979,0.0036761101905396125,0.002504320111190283,-0.10197758791566854,-0.08701993959912165,0.01495764831654689,0.0036761101905396125,0.0057033923393867095
RZDT2_VC,GPR-KG-pooled-pre,pooled_pre,1,1001,axis,1.0,0.004417494632216135,23 0 0 0 0,23,0.23,low_t1,fn,1,0,-0.0015039988027716472,0.03386080962939286,0.0015039988027716472,0.03536480843216451,0.23,0.28164035950970706,0.05164035950970705,0.004061938413639081,0.004523093489854264,0.9471,0.8375683104865016,-0.10953168951349845,0.004061938413639081,0.002504320111190283,-0.1063360114990846,-0.09035986421343266,0.015976147285651943,0.004061938413639081,0.0057033923393867095
RZDT2_VC,GPR-KG-pooled-pre,pooled_pre,1,1001,axis,1.0,0.004417494632216135,24 0 0 0 0,24,0.24,low_t1,fn,1,0,-0.0007534862343517579,0.030659439681070613,0.0007534862343517579,0.03141292591542237,0.24,0.2917788721785869,0.0517788721785869,0.004470322986651707,0.004523093489854264,0.9424,0.8365725737524632,-0.10582742624753683,0.004470322986651707,0.002504320111190283,-0.11072917943165687,-0.09356123416175491,0.017167945269901966,0.004470322986651707,0.0057033923393867095
RZDT2_VC,GPR-KG-pooled-pre,pooled_pre,1,1001,axis,1.0,0.004417494632216135,25 0 0 0 0,25,0.25,low_t1,fn,1,0,0.0,0.027596624398737085,0.0,0.027596624398737085,0.25,0.3019165998276198,0.051916599827619814,0.004900000000000001,0.004523093489854264,0.9375,0.8354987793441149,-0.10200122065588513,0.004900000000000001,0.002504320111190283,-0.11513975388660307,-0.09662404944408844,0.01851570444251463,0.004900000000000001,0.0057033923393867095
RZDT2_VC,GPR-KG-pooled-pre,pooled_pre,1,1001,axis,1.0,0.004417494632216135,26 0 0 0 0,26,0.26,low_t1,tn,0,0,0.0007534862343517579,0.02467236378239225,0.0007534862343517579,0.023918877548040493,0.26,0.3120535424568059,0.05205354245680588,0.005349390260062097,0.004523093489854264,0.9324,0.8343469272614567,-0.09805307273854336,0.005349390260062097,0.002504320111190283,-0.11955032834154922,-0.09954831006043327,0.020002018281115946,0.005349390260062097,0.0057033923393867095
RZDT2_VC,GPR-KG-pooled-pre,pooled_pre,1,1001,axis,1.0,0.004417494632216135,27 0 0 0 0,27,0.27,low_t1,tn,0,0,0.0015039988027716472,0.021886657832036138,0.0015039988027716472,0.02038265902926449,0.27,0.322189700066145,0.052189700066144984,0.005816603683539342,0.004523093489854264,0.9271,0.8331170175044886,-0.0939829824955114,0.005816603683539342,0.002504320111190283,-0.1239434962741215,-0.10233401601078938,0.02160948026333212,0.005816603683539342,0.0057033923393867095
RZDT2_VC,GPR-KG-pooled-pre,pooled_pre,1,1001,axis,1.0,0.004417494632216135,28 0 0 0 0,28,0.28,low_t1,tn,0,0,0.0022485757750287105,0.01923950654766879,0.0022485757750287105,0.016990930772640078,0.28,0.33232507265563727,0.05232507265563724,0.006299448594739758,0.004523093489854264,0.9216,0.8318090500732108,-0.08979094992678915,0.006299448594739758,0.002504320111190283,-0.12830191985753753,-0.10498116729515673,0.023320752562380795,0.006299448594739758,0.0057033923393867095
RZDT2_VC,GPR-KG-pooled-pre,pooled_pre,1,1001,axis,1.0,0.004417494632216135,29 0 0 0 0,29,0.29,low_t1,tn,0,0,0.00298427864597825,0.01673090992929016,0.00298427864597825,0.01374663128331191,0.29,0.3424596602252827,0.0524596602252827,0.006795445860099151,0.004523093489854264,0.9159,0.8304230249676229,-0.08547697503237717,0.006795445860099151,0.002504320111190283,-0.13260839838508798,-0.10748976391353536,0.025118634471552617,0.006795445860099151,0.0057033923393867095
RZDT2_VC,GPR-KG-pooled-pre,pooled_pre,1,1001,axis,1.0,0.004417494632216135,30 0 0 0 0,30,0.3,low_t1,tn,0,0,0.0037082039324993765,0.014360867976900227,0.0037082039324993765,0.01065266404440085,0.3,0.35259346277508125,0.05259346277508126,0.007301847717655946,0.004523093489854264,0.91,0.8289589421877253,-0.08104105781227477,0.007301847717655946,0.002504320111190283,-0.1368459361534674,-0.1098598058659253,0.026986130287542112,0.007301847717655946,0.0057033923393867095
RZDT2_VC,GPR-KG-pooled-pre,pooled_pre,1,1001,axis,1.0,0.004417494632216135,31 0 0 0 0,31,0.31,low_t1,tn,0,0,0.004417494632216135,0.012129380690499028,0.004417494632216135,0.0077118860582828935,0.31,0.36272648030503285,0.05272648030503285,0.007815661084515983,0.004523093489854264,0.9039,0.8274168017335177,-0.07648319826648231,0.007815661084515983,0.002504320111190283,-0.14099780953705096,-0.1120912931523265,0.028906516384724468,0.007815661084515983,0.0057033923393867095
RZDT2_VC,GPR-KG-pooled-pre,pooled_pre,1,1001,axis,1.0,0.004417494632216135,32 0 0 0 0,32,0.32,low_t1,tn,0,0,0.005109351498780862,0.010036448070086579,0.005109351498780862,0.004927096571305717,0.32,0.3728587128151376,0.0528587128151376,0.008333675053769645,0.004523093489854264,0.8976,0.8257966036050003,-0.07180339639499966,0.008333675053769645,0.002504320111190283,-0.1450476329884041,-0.11418422577273894,0.030863407215665148,0.008333675053769645,0.0057033923393867095
RZDT2_VC,GPR-KG-pooled-pre,pooled_pre,1,1001,axis,1.0,0.004417494632216135,33 0 0 0 0,33,0.33,low_t1,tn,0,0,0.005781044089220588,0.008082070115662851,0.005781044089220588,0.0023010260264422627,0.33,0.38299016030539546,0.05299016030539544,0.00885249222498826,0.004523093489854264,0.8911,0.824098347802173,-0.06700165219782706,0.00885249222498826,0.002504320111190283,-0.14897942370455264,-0.11613860372716267,0.03284081997738997,0.00885249222498826,0.0057033923393867095
RZDT2_VC,GPR-KG-pooled-pre,pooled_pre,1,1001,axis,1.0,0.004417494632216135,34 0 0 0 0,34,0.34,mid_t1,tn,0,0,0.006429921539747974,0.006266246827227831,0.006429921539747974,-0.00016367471252014265,0.34,0.3931208227758064,0.053120822775806376,0.00936856345039664,0.004523093489854264,0.8844,0.8223220343250357,-0.062077965674964264,0.00936856345039664,0.002504320111190283,-0.15277766470380438,-0.11795442701559769,0.03482323768820669,0.00936856345039664,0.0057033923393867095
RZDT2_VC,GPR-KG-pooled-pre,pooled_pre,1,1001,axis,1.0,0.004417494632216135,35 0 0 0 0,35,0.35,mid_t1,tn,0,0,0.007053423027509664,0.004588978204781519,0.007053423027509664,-0.0024644448227281457,0.35,0.4032507002263705,0.05325070022637052,0.009878225523078626,0.004523093489854264,0.8775000000000001,0.8204676631735887,-0.0570323368264114,0.009878225523078626,0.002504320111190283,-0.15642736606418642,-0.119631695638044,0.036795670426142416,0.009878225523078626,0.0057033923393867095
RZDT2_VC,GPR-KG-pooled-pre,pooled_pre,1,1001,axis,1.0,0.004417494632216135,36 0 0 0 0,36,0.36,mid_t1,tn,0,0,0.00764908787698429,0.0030502642483239695,0.00764908787698429,-0.00459882362866032,0.36,0.41337979265708774,0.053379792657087755,0.010377741285008674,0.004523093489854264,0.8704000000000001,0.8185352343478317,-0.051864765652168354,0.010377741285008674,0.002504320111190283,-0.1599141240818193,-0.12117040959450155,0.03874371448731774,0.010377741285008674,0.0057033923393867095
RZDT2_VC,GPR-KG-pooled-pre,pooled_pre,1,1001,axis,1.0,0.004417494632216135,37 0 0 0 0,37,0.37,mid_t1,tn,0,0,0.008214565271144253,0.0016501049578551558,0.008214565271144253,-0.006564460313289097,0.37,0.4235081000679581,0.053508100067958086,0.01086334159208918,0.004523093489854264,0.8631,0.8165247478477649,-0.046575252152235125,0.01086334159208918,0.002504320111190283,-0.16322417811575568,-0.12257056888497037,0.040653609230785315,0.01086334159208918,0.0057033923393867095
RZDT2_VC,GPR-KG-pooled-pre,pooled_pre,1,1001,axis,1.0,0.004417494632216135,38 0 0 0 0,38,0.38,mid_t1,tn,0,0,0.008747623529056947,0.000388500333375022,0.008747623529056947,-0.008359123195681925,0.38,0.43363562245898146,0.05363562245898146,0.011331268541361518,0.004523093489854264,0.8556,0.8144362036733882,-0.04116379632661182,0.011331268541361518,0.002504320111190283,-0.16634446489494334,-0.1238321735094505,0.04251229138549284,0.011331268541361518,0.0057033923393867095
RZDT2_VC,GPR-KG-pooled-pre,pooled_pre,1,1001,axis,1.0,0.004417494632216135,39 0 0 0 0,39,0.39,mid_t1,fp,0,1,0.00924615891330946,-0.0007345496251163902,0.00924615891330946,-0.00998070853842585,0.39,0.44376235983015805,0.053762359830158035,0.01177781934266268,0.004523093489854264,0.8479,0.8122696018247015,-0.03563039817529845,0.01177781934266268,0.002504320111190283,-0.16926267007298845,-0.12495522346794191,0.04430744660504654,0.01177781934266268,0.0057033923393867095
RZDT2_VC,GPR-KG-pooled-pre,pooled_pre,1,1001,axis,1.0,0.004417494632216135,40 0 0 0 0,40,0.4,mid_t1,tn,0,0,0.009708203932499382,0.006877929043108619,0.009708203932499382,-0.002830274889390763,0.4,0.48567169473965854,0.08567169473965852,0.012199390203593317,0.004523093489854264,0.84,0.8240781524909606,-0.015921847509039355,0.012199390203593317,0.002504320111190283,-0.1719672768272542,-0.1173427447997169,0.05462453202753731,0.012199390203593317,0.0057033923393867095
RZDT2_VC,GPR-KG-pooled-pre,pooled_pre,1,1001,axis,1.0,0.004417494632216135,41 0 0 0 0,41,0.41,mid_t1,fp,0,1,0.01013193510602417,-0.0025649855441329666,0.01013193510602417,-0.012696920650157137,0.41,0.4640134795129705,0.05401347951297053,0.012592519592970444,0.004523093489854264,0.8319000000000001,0.8077022251043988,-0.024197774895601265,0.012592519592970444,0.002504320111190283,-0.17444761131049896,-0.1267856593869585,0.047661951923540474,0.012592519592970444,0.0057033923393867095
RZDT2_VC,GPR-KG-pooled-pre,pooled_pre,1,1001,axis,1.0,0.004417494632216135,42 0 0 0 0,42,0.42,mid_t1,fp,0,1,0.01051568016052637,-0.0032723715046581586,0.01051568016052637,-0.013788051665184528,0.42,0.47413786182460643,0.05413786182460645,0.012953930254030792,0.004523093489854264,0.8236,0.8053014502327825,-0.018298549767217454,0.012953930254030792,0.002504320111190283,-0.1766938847756743,-0.12749304534748368,0.04920083942819062,0.012953930254030792,0.0057033923393867095
RZDT2_VC,GPR-KG-pooled-pre,pooled_pre,1,1001,axis,1.0,0.004417494632216135,43 0 0 0 0,43,0.43,mid_t1,fp,0,1,0.01085792462959223,-0.0038412027991946845,0.01085792462959223,-0.014699127428786915,0.43,0.48426145911639545,0.05426145911639546,0.01328056935444799,0.004523093489854264,0.8151,0.8028226176868564,-0.012277382313143681,0.01328056935444799,0.002504320111190283,-0.1786972322076379,-0.1280618766420202,0.050635355565617685,0.01328056935444799,0.0057033923393867095
RZDT2_VC,GPR-KG-pooled-pre,pooled_pre,1,1001,axis,1.0,0.004417494632216135,44 0 0 0 0,44,0.44,mid_t1,fp,0,1,0.011157317830659014,-0.004271479427742433,0.011157317830659014,-0.015428797258401447,0.44,0.4943842713883376,0.054384271388337624,0.013569646185494524,0.004523093489854264,0.8064,0.8002657274666204,-0.006134272533379614,0.013569646185494524,0.002504320111190283,-0.18044974730931826,-0.12849215327056795,0.051957594038750304,0.013569646185494524,0.0057033923393867095
RZDT2_VC,GPR-KG-pooled-pre,pooled_pre,1,1001,axis,1.0,0.004417494632216135,45 0 0 0 0,45,0.45,mid_t1,fp,0,1,0.011412678195541842,-0.004563201390301461,0.011412678195541842,-0.015975879585843303,0.45,0.5045062986404328,0.054506298640432826,0.01381866685703476,0.004523093489854264,0.7975,0.7976307795720746,0.0001307795720746352,0.01381866685703476,0.002504320111190283,-0.18194451370425696,-0.12878387523312698,0.05316063847112998,0.01381866685703476,0.0057033923393867095
RZDT2_VC,GPR-KG-pooled-pre,pooled_pre,1,1001,axis,1.0,0.004417494632216135,46 0 0 0 0,46,0.46,mid_t1,fp,0,1,0.011622997933543572,-0.004716368686871794,0.011622997933543572,-0.016339366620415366,0.46,0.5146275408726813,0.054627540872681235,0.014025465477955251,0.004523093489854264,0.7884,0.7949177740032187,0.006517774003218735,0.014025465477955251,0.002504320111190283,-0.18317563223238706,-0.12893704252969732,0.05423858970268974,0.014025465477955251,0.0057033923393867095
RZDT2_VC,GPR-KG-pooled-pre,pooled_pre,1,1001,axis,1.0,0.004417494632216135,47 0 0 0 0,47,0.47,mid_t1,fp,0,1,0.011787447008744262,-0.004730981317453378,0.011787447008744262,-0.01651842832619764,0.47,0.5247479980850827,0.05474799808508268,0.014188231362461133,0.004523093489854264,0.7791,0.7921267107600531,0.013026710760053128,0.014188231362461133,0.002504320111190283,-0.18413824423132247,-0.1289516551602789,0.05518658907104357,0.014188231362461133,0.0057033923393867095
RZDT2_VC,GPR-KG-pooled-pre,pooled_pre,1,1001,axis,1.0,0.004417494632216135,48 0 0 0 0,48,0.48,mid_t1,fp,0,1,0.011905376415773744,-0.004607039282046213,0.011905376415773744,-0.016512415697819957,0.48,0.5348676702776373,0.05486767027763728,0.014305531860612137,0.004523093489854264,0.7696000000000001,0.7892575898425778,0.019657589842577705,0.014305531860612137,0.002504320111190283,-0.1848285507112791,-0.12882771312487173,0.056000837586407365,0.014305531860612137,0.0057033923393867095
RZDT2_VC,GPR-KG-pooled-pre,pooled_pre,1,1001,axis,1.0,0.004417494632216135,49 0 0 0 0,49,0.49,mid_t1,fp,0,1,0.011976320741139274,-0.004344542580650326,0.011976320741139274,-0.0163208633217896,0.49,0.544986557450345,0.054986557450344975,0.014376330475641002,0.004523093489854264,0.7599,0.7863104112507924,0.026410411250792354,0.014376330475641002,0.002504320111190283,-0.18524382734795153,-0.12856521642347585,0.05667861092447568,0.014376330475641002,0.0057033923393867095
RZDT2_VC,GPR-KG-pooled-pre,pooled_pre,1,1001,axis,1.0,0.004417494632216135,50 0 0 0 0,50,0.5,mid_t1,fp,0,1,0.01200000000000001,-0.003943491213265718,0.01200000000000001,-0.01594349121326573,0.5,0.5551046596032059,0.055104659603205874,0.0144,0.004523093489854264,0.75,0.7832851749846971,0.033285174984697075,0.0144,0.002504320111190283,-0.18538243523417663,-0.12816416505609124,0.057218270178085395,0.0144,0.0057033923393867095
RZDT2_VC,GPR-KG-pooled-pre,pooled_pre,1,1001,axis,1.0,0.004417494632216135,51 0 0 0 0,51,0.51,mid_t1,fp,0,1,0.011976320741139274,-0.0034038851798924435,0.011976320741139274,-0.015380205921031717,0.51,0.5652219767362199,0.05522197673621987,0.014376330475641002,0.004523093489854264,0.7399,0.780181881044292,0.04028188104429198,0.014376330475641002,0.002504320111190283,-0.18524382734795153,-0.12762455902271796,0.057619268325233564,0.014376330475641002,0.0057033923393867095
RZDT2_VC,GPR-KG-pooled-pre,pooled_pre,1,1001,axis,1.0,0.004417494632216135,52 0 0 0 0,52,0.52,mid_t1,fp,0,1,0.011905376415773744,-0.002725724480530392,0.011905376415773744,-0.014631100896304136,0.52,0.575338508849387,0.05533850884938696,0.014305531860612137,0.004523093489854264,0.7296,0.777000529429577,0.047400529429576954,0.014305531860612137,0.002504320111190283,-0.1848285507112791,-0.1269463983233559,0.057882152387923186,0.014305531860612137,0.0057033923393867095
RZDT2_VC,GPR-KG-pooled-pre,pooled_pre,1,1001,axis,1.0,0.004417494632216135,53 0 0 0 0,53,0.53,mid_t1,fp,0,1,0.011787447008744262,-0.0019090091151795913,0.011787447008744262,-0.013696456123923853,0.53,0.5854542559427072,0.05545425594270714,0.014188231362461133,0.004523093489854264,0.7191,0.773741120140552,0.054641120140552,0.014188231362461133,0.002504320111190283,-0.18413824423132247,-0.1261296829580051,0.058008561273317355,0.014188231362461133,0.0057033923393867095
RZDT2_VC,GPR-KG-pooled-pre,pooled_pre,1,1001,axis,1.0,0.004417494632216135,54 0 0 0 0,54,0.54,mid_t1,fp,0,1,0.011622997933543572,-0.0009537390838401522,0.011622997933543572,-0.012576737017383724,0.54,0.5955692180161803,0.05556921801618031,0.014025465477955242,0.004523093489854264,0.7083999999999999,0.7704036531772173,0.062003653177217344,0.014025465477955242,0.002504320111190283,-0.183175632232387,-0.12517441292666567,0.05800121930572133,0.014025465477955242,0.0057033923393867095
RZDT2_VC,GPR-KG-pooled-pre,pooled_pre,1,1001,axis,1.0,0.004417494632216135,55 0 0 0 0,55,0.55,mid_t1,tn,0,0,0.011412678195541842,0.0001400856134880918,0.011412678195541842,-0.01127259258205375,0.55,0.6056833950698067,0.055683395069806685,0.013818666857034756,0.004523093489854264,0.6975,0.7669881285395727,0.06948812853957265,0.013818666857034756,0.002504320111190283,-0.18194451370425696,-0.12408058822933743,0.05786392547491953,0.013818666857034756,0.0057033923393867095
RZDT2_VC,GPR-KG-pooled-pre,pooled_pre,1,1001,axis,1.0,0.004417494632216135,56 0 0 0 0,56,0.56,mid_t1,tn,0,0,0.011157317830659014,0.0013724649768050295,0.011157317830659014,-0.009784852853853984,0.56,0.6157967871035863,0.055796787103586265,0.013569646185494524,0.004523093489854264,0.6863999999999999,0.7634945462276181,0.07709454622761824,0.013569646185494524,0.002504320111190283,-0.18044974730931826,-0.12284820886602049,0.05760153844329777,0.013569646185494524,0.0057033923393867095
RZDT2_VC,GPR-KG-pooled-pre,pooled_pre,1,1001,axis,1.0,0.004417494632216135,57 0 0 0 0,57,0.57,mid_t1,tn,0,0,0.01085792462959223,0.0027433990061107166,0.01085792462959223,-0.008114525623481514,0.57,0.625909394117519,0.05590939411751905,0.013280569354448001,0.004523093489854264,0.6751,0.7599229062413536,0.08482290624135358,0.013280569354448001,0.002504320111190283,-0.17869723220763795,-0.1214772748367148,0.05721995737092314,0.013280569354448001,0.0057033923393867095
RZDT2_VC,GPR-KG-pooled-pre,pooled_pre,1,1001,axis,1.0,0.004417494632216135,58 0 0 0 0,58,0.58,mid_t1,tn,0,0,0.01051568016052637,0.004252887701405181,0.01051568016052637,-0.006262792459121189,0.58,0.6360212161116048,0.05602121611160482,0.012953930254030797,0.004523093489854264,0.6636,0.7562732085807794,0.09267320858077943,0.012953930254030797,0.002504320111190283,-0.17669388477567435,-0.11996778614142034,0.05672609863425401,0.012953930254030797,0.0057033923393867095
RZDT2_VC,GPR-KG-pooled-pre,pooled_pre,1,1001,axis,1.0,0.004417494632216135,59 0 0 0 0,59,0.59,mid_t1,tn,0,0,0.01013193510602417,0.005900931062688228,0.01013193510602417,-0.0042310040433359425,0.59,0.6461322530858437,0.056132253085843686,0.012592519592970447,0.004523093489854264,0.6519,0.7525454532458953,0.10064545324589524,0.012592519592970447,0.002504320111190283,-0.174447611310499,-0.1183197427801373,0.056127868530361696,0.012592519592970447,0.0057033923393867095
RZDT2_VC,GPR-KG-pooled-pre,pooled_pre,1,1001,axis,1.0,0.004417494632216135,60 0 0 0 0,60,0.6,mid_t1,tn,0,0,0.009708203932499382,0.007687529089960107,0.009708203932499382,-0.0020206748425392745,0.6,0.6562425050402356,0.056242505040235646,0.012199390203593318,0.004523093489854264,0.64,0.7487396402367011,0.10873964023670113,0.012199390203593318,0.002504320111190283,-0.17196727682725424,-0.11653314475286541,0.055434132074388826,0.012199390203593318,0.0057033923393867095
RZDT2_VC,GPR-KG-pooled-pre,pooled_pre,1,1001,axis,1.0,0.004417494632216135,61 0 0 0 0,61,0.61,mid_t1,tn,0,0,0.00924615891330946,0.009612681783220653,0.00924615891330946,0.00036652286991119276,0.61,0.6663519719747807,0.0563519719747807,0.01177781934266268,0.004523093489854264,0.6279,0.7448557695531972,0.1169557695531972,0.01177781934266268,0.002504320111190283,-0.16926267007298845,-0.11460799205960487,0.054654678013383584,0.01177781934266268,0.0057033923393867095
RZDT2_VC,GPR-KG-pooled-pre,pooled_pre,1,1001,axis,1.0,0.004417494632216135,62 0 0 0 0,62,0.62,mid_t1,tn,0,0,0.008747623529056947,0.01167638914246992,0.008747623529056947,0.002928765613412973,0.62,0.676460653889479,0.05646065388947896,0.011331268541361527,0.004523093489854264,0.6155999999999999,0.7408938411953835,0.12529384119538356,0.011331268541361527,0.002504320111190283,-0.1663444648949434,-0.1125442847003556,0.05380018019458779,0.011331268541361527,0.0057033923393867095
RZDT2_VC,GPR-KG-pooled-pre,pooled_pre,1,1001,axis,1.0,0.004417494632216135,63 0 0 0 0,63,0.63,mid_t1,tn,0,0,0.00821456527114428,0.013878651167707964,0.00821456527114428,0.005664085896563684,0.63,0.6865685507843303,0.05656855078433032,0.010863341592089185,0.004523093489854264,0.6031,0.7368538551632597,0.13375385516325977,0.010863341592089185,0.002504320111190283,-0.16322417811575568,-0.11034202267511756,0.05288215544063812,0.010863341592089185,0.0057033923393867095
RZDT2_VC,GPR-KG-pooled-pre,pooled_pre,1,1001,axis,1.0,0.004417494632216135,64 0 0 0 0,64,0.64,mid_t1,tn,0,0,0.007649087876984262,0.01621946785893473,0.007649087876984262,0.008570379981950468,0.64,0.6966756626593348,0.05667566265933477,0.01037774128500867,0.004523093489854264,0.5904,0.7327358114568262,0.14233581145682617,0.01037774128500867,0.002504320111190283,-0.1599141240818193,-0.10800120598389079,0.0519129180979285,0.01037774128500867,0.0057033923393867095
RZDT2_VC,GPR-KG-pooled-pre,pooled_pre,1,1001,axis,1.0,0.004417494632216135,65 0 0 0 0,65,0.65,mid_t1,tn,0,0,0.007053423027509692,0.018698839216150218,0.007053423027509692,0.011645416188640526,0.65,0.7067819895144924,0.056781989514492426,0.009878225523078628,0.004523093489854264,0.5774999999999999,0.7285397100760829,0.15103971007608297,0.009878225523078628,0.002504320111190283,-0.1564273660641864,-0.1055218346266753,0.05090553143751109,0.009878225523078628,0.0057033923393867095
RZDT2_VC,GPR-KG-pooled-pre,pooled_pre,1,1001,axis,1.0,0.004417494632216135,66 0 0 0 0,66,0.66,mid_t1,tn,0,0,0.006429921539747946,0.021316765239354427,0.006429921539747946,0.01488684369960648,0.66,0.7168875313498031,0.05688753134980307,0.009368563450396631,0.004523093489854264,0.5644,0.7242655510210295,0.1598655510210295,0.009368563450396631,0.002504320111190283,-0.15277766470380436,-0.1029039086034711,0.04987375610033326,0.009368563450396631,0.0057033923393867095
RZDT2_VC,GPR-KG-pooled-pre,pooled_pre,1,1001,axis,1.0,0.004417494632216135,67 0 0 0 0,67,0.67,high_t1,tn,0,0,0.005781044089220588,0.0240732459285473,0.005781044089220588,0.018292201839326713,0.67,0.726992288165267,0.05699228816526691,0.00885249222498826,0.004523093489854264,0.5510999999999999,0.7199133342916663,0.16881333429166634,0.00885249222498826,0.002504320111190283,-0.14897942370455264,-0.10014742791427822,0.04883199579027442,0.00885249222498826,0.0057033923393867095
RZDT2_VC,GPR-KG-pooled-pre,pooled_pre,1,1001,axis,1.0,0.004417494632216135,68 0 0 0 0,68,0.68,high_t1,tn,0,0,0.005109351498780862,0.02696828128372901,0.005109351498780862,0.021858929784948147,0.68,0.7370962599608838,0.057096259960883744,0.008333675053769642,0.004523093489854264,0.5375999999999999,0.7154830598879932,0.17788305988799336,0.008333675053769642,0.002504320111190283,-0.14504763298840406,-0.09725239255909651,0.04779524042930755,0.008333675053769642,0.0057033923393867095
RZDT2_VC,GPR-KG-pooled-pre,pooled_pre,1,1001,axis,1.0,0.004417494632216135,69 0 0 0 0,69,0.69,high_t1,tn,0,0,0.004417494632216135,0.030001871304899383,0.004417494632216135,0.02558437667268325,0.69,0.7471994467366538,0.05719944673665389,0.007815661084515988,0.004523093489854264,0.5239,0.7109747278100103,0.18707472781001022,0.007815661084515988,0.002504320111190283,-0.14099780953705102,-0.09421880253792614,0.04677900699912488,0.007815661084515988,0.0057033923393867095
RZDT2_VC,GPR-KG-pooled-pre,pooled_pre,1,1001,axis,1.0,0.004417494632216135,70 0 0 0 0,70,0.7,high_t1,tn,0,0,0.0037082039324993765,0.03317401599205842,0.0037082039324993765,0.029465812059559046,0.7,0.757301848492577,0.05730184849257702,0.007301847717655946,0.004523093489854264,0.51,0.7063883380577174,0.19638833805771738,0.007301847717655946,0.002504320111190283,-0.1368459361534674,-0.0910466578507671,0.04579927830270031,0.007301847717655946,0.0057033923393867095
RZDT2_VC,GPR-KG-pooled-pre,pooled_pre,1,1001,axis,1.0,0.004417494632216135,71 0 0 0 0,71,0.71,high_t1,tn,0,0,0.00298427864597825,0.036484715345206295,0.00298427864597825,0.033500436699228045,0.71,0.7674034652286533,0.05740346522865336,0.006795445860099158,0.004523093489854264,0.4959,0.7017238906311147,0.20582389063111473,0.006795445860099158,0.002504320111190283,-0.13260839838508803,-0.08773595849761923,0.04487243988746881,0.006795445860099158,0.0057033923393867095
RZDT2_VC,GPR-KG-pooled-pre,pooled_pre,1,1001,axis,1.0,0.004417494632216135,72 0 0 0 0,72,0.72,high_t1,tn,0,0,0.0022485757750286828,0.03993396936434283,0.0022485757750286828,0.03768539358931415,0.72,0.7775042969448828,0.05750429694488279,0.006299448594739758,0.004523093489854264,0.48160000000000003,0.6969813855302022,0.21538138553020214,0.006299448594739758,0.002504320111190283,-0.12830191985753756,-0.08428670447848269,0.04401521537905487,0.006299448594739758,0.0057033923393867095
RZDT2_VC,GPR-KG-pooled-pre,pooled_pre,1,1001,axis,1.0,0.004417494632216135,73 0 0 0 0,73,0.73,high_t1,tn,0,0,0.001503998802771661,0.04352177804946815,0.001503998802771661,0.04201777924669649,0.73,0.7876043436412652,0.05760434364126521,0.005816603683539342,0.004523093489854264,0.46710000000000007,0.6921608227549796,0.22506082275497952,0.005816603683539342,0.002504320111190283,-0.12394349627412149,-0.08069889579335737,0.04324460048076412,0.005816603683539342,0.0057033923393867095
RZDT2_VC,GPR-KG-pooled-pre,pooled_pre,1,1001,axis,1.0,0.004417494632216135,74 0 0 0 0,74,0.74,high_t1,tn,0,0,0.0007534862343517579,0.047248141400582186,0.0007534862343517579,0.04649465516623043,0.74,0.7977036053178009,0.05770360531780094,0.005349390260062094,0.004523093489854264,0.4524,0.6872622023054473,0.2348622023054473,0.005349390260062094,0.002504320111190283,-0.11955032834154919,-0.07697253244224334,0.042577795899305854,0.005349390260062094,0.0057033923393867095
RZDT2_VC,GPR-KG-pooled-pre,pooled_pre,1,1001,axis,1.0,0.004417494632216135,75 0 0 0 0,75,0.75,high_t1,fn,1,0,0.0,0.051113059417684834,0.0,0.051113059417684834,0.75,0.8078020819744895,0.05780208197448955,0.004900000000000001,0.004523093489854264,0.4375,0.6822855241816052,0.24478552418160515,0.004900000000000001,0.002504320111190283,-0.11513975388660307,-0.07310761442514069,0.04203213946146238,0.004900000000000001,0.0057033923393867095
RZDT2_VC,GPR-KG-pooled-pre,pooled_pre,1,1001,axis,1.0,0.004417494632216135,76 0 0 0 0,76,0.76,high_t1,fn,1,0,-0.0007534862343517579,0.055116532100776314,0.0007534862343517579,0.05587001833512807,0.76,0.8178997736113314,0.05789977361133136,0.004470322986651712,0.004523093489854264,0.4224,0.6772307883834531,0.2548307883834531,0.004470322986651712,0.002504320111190283,-0.11072917943165694,-0.06910414174204921,0.041625037689607736,0.004470322986651712,0.0057033923393867095
RZDT2_VC,GPR-KG-pooled-pre,pooled_pre,1,1001,axis,1.0,0.004417494632216135,77 0 0 0 0,77,0.77,high_t1,fn,1,0,-0.0015039988027716472,0.059258559449856515,0.0015039988027716472,0.06076255825262816,0.77,0.8279966802283264,0.05799668022832638,0.004061938413639081,0.004523093489854264,0.4071,0.672097994910991,0.26499799491099096,0.004061938413639081,0.002504320111190283,-0.1063360114990846,-0.064962114392969,0.041373897106115595,0.004061938413639081,0.0057033923393867095
RZDT2_VC,GPR-KG-pooled-pre,pooled_pre,1,1001,axis,1.0,0.004417494632216135,78 0 0 0 0,78,0.78,high_t1,fn,1,0,-0.0022485757750286967,0.06353914146492538,0.0022485757750286967,0.06578771723995408,0.78,0.8380928018254745,0.058092801825474494,0.003676110190539616,0.004523093489854264,0.39159999999999995,0.6668871437642192,0.27528714376421926,0.003676110190539616,0.002504320111190283,-0.10197758791566859,-0.06068153237790014,0.04129605553776845,0.003676110190539616,0.0057033923393867095
RZDT2_VC,GPR-KG-pooled-pre,pooled_pre,1,1001,axis,1.0,0.004417494632216135,79 0 0 0 0,79,0.79,high_t1,fn,1,0,-0.002984278645978264,0.06795827814598303,0.002984278645978264,0.07094255679196129,0.79,0.8481881384027757,0.0581881384027757,0.0033137874397911856,0.004523093489854264,0.3758999999999999,0.6615982349431375,0.2856982349431376,0.0033137874397911856,0.002504320111190283,-0.09767110938811811,-0.05626239569684249,0.04140871369127562,0.0033137874397911856,0.0057033923393867095
RZDT2_VC,GPR-KG-pooled-pre,pooled_pre,1,1001,axis,1.0,0.004417494632216135,80 0 0 0 0,80,0.8,high_t1,fn,1,0,-0.0037082039324993626,0.0725159694930294,0.0037082039324993626,0.07622417342552876,0.8,0.85828268996023,0.058282689960230005,0.0029756097964066855,0.004523093489854264,0.3599999999999999,0.6562312684477458,0.29623126844774594,0.0029756097964066855,0.002504320111190283,-0.0934335716197387,-0.05170470434979613,0.04172886726994257,0.0029756097964066855,0.0057033923393867095
RZDT2_VC,GPR-KG-pooled-pre,pooled_pre,1,1001,axis,1.0,0.004417494632216135,81 0 0 0 0,81,0.81,high_t1,fn,1,0,-0.004417494632216135,0.07721221550606448,0.004417494632216135,0.08162971013828062,0.81,0.8683764564978376,0.058376456497837514,0.0026619173469304876,0.004523093489854264,0.3438999999999999,0.6507862442780443,0.30688624427804445,0.0026619173469304876,0.002504320111190283,-0.08928169823615512,-0.04700845833676104,0.04227323989939408,0.0026619173469304876,0.0057033923393867095
RZDT2_VC,GPR-KG-pooled-pre,pooled_pre,1,1001,axis,1.0,0.004417494632216135,82 0 0 0 0,82,0.82,high_t1,fn,1,0,-0.005109351498780862,0.08204701618508829,0.005109351498780862,0.08715636768386915,0.82,0.878469438015598,0.05846943801559801,0.0023727649718586334,0.004523093489854264,0.3276000000000001,0.645263162434033,0.3176631624340329,0.0023727649718586334,0.002504320111190283,-0.08523187478480208,-0.04217365765773723,0.043058217127064854,0.0023727649718586334,0.0057033923393867095
RZDT2_VC,GPR-KG-pooled-pre,pooled_pre,1,1001,axis,1.0,0.004417494632216135,83 0 0 0 0,83,0.83,high_t1,fn,1,0,-0.0057810440892205744,0.08702037153010088,0.0057810440892205744,0.09280141561932145,0.83,0.8885616345135117,0.05856163451351171,0.002107940787564248,0.004523093489854264,0.31110000000000004,0.6396620229157117,0.3285620229157117,0.002107940787564248,0.002504320111190283,-0.08130008406865345,-0.03720030231272464,0.04409978175592881,0.002107940787564248,0.0057033923393867095
RZDT2_VC,GPR-KG-pooled-pre,pooled_pre,1,1001,axis,1.0,0.004417494632216135,84 0 0 0 0,84,0.84,high_t1,fn,1,0,-0.006429921539747946,0.09213228154110219,0.006429921539747946,0.09856220308085013,0.84,0.8986530459915785,0.0586530459915785,0.0018669883206906854,0.004523093489854264,0.2944000000000001,0.6339828257230805,0.3395828257230804,0.0018669883206906854,0.002504320111190283,-0.07750184306940178,-0.032088392301723334,0.04541345076767844,0.0018669883206906854,0.0057033923393867095
RZDT2_VC,GPR-KG-pooled-pre,pooled_pre,1,1001,axis,1.0,0.004417494632216135,85 0 0 0 0,85,0.85,high_t1,fn,1,0,-0.007053423027509678,0.09738274621809205,0.007053423027509678,0.10443616924560173,0.85,0.9087436724497984,0.05874367244979839,0.0016492319909840044,0.004523093489854264,0.2775000000000001,0.6282255708561396,0.35072557085613953,0.0016492319909840044,0.002504320111190283,-0.07385214170901971,-0.02683792762473347,0.04701421408428624,0.0016492319909840044,0.0057033923393867095
RZDT2_VC,GPR-KG-pooled-pre,pooled_pre,1,1001,axis,1.0,0.004417494632216135,86 0 0 0 0,86,0.86,high_t1,fn,1,0,-0.007649087876984276,0.1027717655610708,0.007649087876984276,0.11042085343805508,0.86,0.9188335138881715,0.058833513888171485,0.001453805428527018,0.004523093489854264,0.2604000000000001,0.6223902583148887,0.3619902583148886,0.001453805428527018,0.002504320111190283,-0.07036538369138685,-0.02144890828175472,0.048916475409632135,0.001453805428527018,0.0057033923393867095
RZDT2_VC,GPR-KG-pooled-pre,pooled_pre,1,1001,axis,1.0,0.004417494632216135,87 0 0 0 0,87,0.87,high_t1,fn,1,0,-0.00821456527114426,0.10829933957003822,0.00821456527114426,0.11651390484118249,0.87,0.9289225703066976,0.058922570306697564,0.0012796821090875375,0.004523093489854264,0.24309999999999998,0.6164768880993279,0.3733768880993279,0.0012796821090875375,0.002504320111190283,-0.06705532965745045,-0.015921334272787302,0.05113399538466315,0.0012796821090875375,0.0057033923393867095
RZDT2_VC,GPR-KG-pooled-pre,pooled_pre,1,1001,axis,1.0,0.004417494632216135,88 0 0 0 0,88,0.88,high_t1,fn,1,0,-0.00874762352905694,0.11396546824499441,0.00874762352905694,0.12271309177405135,0.88,0.9390108417053769,0.05901084170537685,0.0011257077574617622,0.004523093489854264,0.22560000000000002,0.6104854602094574,0.38488546020945735,0.0011257077574617622,0.002504320111190283,-0.06393504287826277,-0.010255205597831107,0.05367983728043166,0.0011257077574617622,0.0057033923393867095
RZDT2_VC,GPR-KG-pooled-pre,pooled_pre,1,1001,axis,1.0,0.004417494632216135,89 0 0 0 0,89,0.89,high_t1,fn,1,0,-0.009246158913309474,0.11977015158593927,0.009246158913309474,0.12901631049924875,0.89,0.9490983280842091,0.05909832808420912,0.0009906339438016307,0.004523093489854264,0.20789999999999997,0.6044159746452769,0.3965159746452769,0.0009906339438016307,0.002504320111190283,-0.06101683770021766,-0.004450522256886247,0.05656631544333141,0.0009906339438016307,0.0057033923393867095
RZDT2_VC,GPR-KG-pooled-pre,pooled_pre,1,1001,axis,1.0,0.004417494632216135,90 0 0 0 0,90,0.9,high_t1,fn,1,0,-0.009708203932499368,0.12571338959287293,0.009708203932499368,0.1354215935253723,0.9,0.9591850294431946,0.05918502944319459,0.0008731522823440527,0.004523093489854264,0.18999999999999995,0.5982684314067863,0.40826843140678637,0.0008731522823440527,0.002504320111190283,-0.05831223094595188,0.0014927157500473909,0.05980494669599927,0.0008731522823440527,0.0057033923393867095
RZDT2_VC,GPR-KG-pooled-pre,pooled_pre,1,1001,axis,1.0,0.004417494632216135,91 0 0 0 0,91,0.91,high_t1,fn,1,0,-0.010131935106024184,0.13179518226579534,0.010131935106024184,0.1419271173718195,0.91,0.9692709457823333,0.05927094578233327,0.0007719286359422346,0.004523093489854264,0.17189999999999994,0.5920428304939861,0.42014283049398615,0.0007719286359422346,0.002504320111190283,-0.05583189646270712,0.007574508422969806,0.06340640488567692,0.0007719286359422346,0.0057033923393867095
RZDT2_VC,GPR-KG-pooled-pre,pooled_pre,1,1001,axis,1.0,0.004417494632216135,92 0 0 0 0,92,0.92,high_t1,fn,1,0,-0.010515680160526363,0.1380155296047063,0.010515680160526363,0.14853120976523268,0.92,0.979356077101625,0.05935607710162494,0.0006856367334167007,0.004523093489854264,0.15359999999999996,0.585739171906876,0.432139171906876,0.0006856367334167007,0.002504320111190283,-0.05358562299753181,0.013794855761880775,0.06738047875941258,0.0006856367334167007,0.0057033923393867095
RZDT2_VC,GPR-KG-pooled-pre,pooled_pre,1,1001,axis,1.0,0.004417494632216135,93 0 0 0 0,93,0.93,high_t1,fn,1,0,-0.010857924629592237,0.14437443160960606,0.010857924629592237,0.1552323562391983,0.93,0.9894404234010699,0.05944042340106981,0.000612990619923725,0.004523093489854264,0.1350999999999999,0.579357455645456,0.44425745564545616,0.000612990619923725,0.002504320111190283,-0.051582275565568166,0.020153757766780522,0.07173603333234868,0.000612990619923725,0.0057033923393867095
RZDT2_VC,GPR-KG-pooled-pre,pooled_pre,1,1001,axis,1.0,0.004417494632216135,94 0 0 0 0,94,0.94,high_t1,fn,1,0,-0.011157317830659014,0.15087188828049458,0.011157317830659014,0.1620292061111536,0.94,0.9995239846806678,0.059523984680667885,0.0005527753830590053,0.004523093489854264,0.11640000000000006,0.572897681709726,0.45649768170972593,0.0005527753830590053,0.002504320111190283,-0.04982976046388786,0.026651214437669046,0.0764809749015569,0.0005527753830590053,0.0057033923393867095
RZDT2_VC,GPR-KG-pooled-pre,pooled_pre,1,1001,axis,1.0,0.004417494632216135,95 0 0 0 0,95,0.95,high_t1,fn,1,0,-0.011412678195541842,0.15750789961737188,0.011412678195541842,0.16892057781291372,0.95,1.009606760940419,0.059606760940418946,0.0005038756289026096,0.004523093489854264,0.09750000000000003,0.5663598500996863,0.4688598500996862,0.0005038756289026096,0.002504320111190283,-0.048334994068949144,0.03328722577454635,0.08162221984349549,0.0005038756289026096,0.0057033923393867095
RZDT2_VC,GPR-KG-pooled-pre,pooled_pre,1,1001,axis,1.0,0.004417494632216135,96 0 0 0 0,96,0.96,high_t1,fn,1,0,-0.011622997933543572,0.16428246562023785,0.011622997933543572,0.17590546355378142,0.96,1.019688752180323,0.0596887521803231,0.0004653012221544119,0.004523093489854264,0.07840000000000003,0.5597439608153365,0.4813439608153365,0.0004653012221544119,0.002504320111190283,-0.04710387554081908,0.040061791777412314,0.08716566731823139,0.0004653012221544119,0.0057033923393867095
RZDT2_VC,GPR-KG-pooled-pre,pooled_pre,1,1001,axis,1.0,0.004417494632216135,97 0 0 0 0,97,0.97,high_t1,fn,1,0,-0.011787447008744269,0.1711955862890926,0.011787447008744269,0.18298303329783686,0.97,1.0297699584003803,0.05976995840038035,0.0004362098522594935,0.004523093489854264,0.05910000000000004,0.553050013856677,0.4939500138566769,0.0004362098522594935,0.002504320111190283,-0.04614126354188364,0.04697491244626706,0.0931161759881507,0.0004362098522594935,0.0057033923393867095
RZDT2_VC,GPR-KG-pooled-pre,pooled_pre,1,1001,axis,1.0,0.004417494632216135,98 0 0 0 0,98,0.98,high_t1,fn,1,0,-0.01190537641577373,0.178247261623936,0.01190537641577373,0.19015263803970972,0.98,1.0398503796005907,0.0598503796005907,0.00041592604220944417,0.004523093489854264,0.03960000000000008,0.5462780092237076,0.5066780092237075,0.00041592604220944417,0.002504320111190283,-0.04545095706192702,0.05402658778111047,0.09947754484303749,0.00041592604220944417,0.0057033923393867095
RZDT2_VC,GPR-KG-pooled-pre,pooled_pre,1,1001,axis,1.0,0.004417494632216135,99 0 0 0 0,99,0.99,high_t1,fn,1,0,-0.01197632074113926,0.1854374916247682,0.01197632074113926,0.19741381236590744,0.99,1.0499300157809544,0.05993001578095436,0.0004039562776451963,0.004523093489854264,0.01990000000000003,0.5394279469164283,0.5195279469164282,0.0004039562776451963,0.002504320111190283,-0.04503568042525459,0.061216817781942656,0.10625249820719725,0.0004039562776451963,0.0057033923393867095
RZDT2_VC,GPR-KG-pooled-pre,pooled_pre,1,1001,axis,1.0,0.004417494632216135,100 0 0 0 0,100,1.0,high_t1,fn,1,0,-0.011999999999999997,0.19276627629158904,0.011999999999999997,0.20476627629158906,1.0,1.060008866941471,0.060008866941470895,0.0004,0.004523093489854264,0.0,0.5324998269348391,0.5324998269348391,0.0004,0.002504320111190283,-0.04489707253902944,0.06854560244876351,0.11344267498779295,0.0004,0.0057033923393867095
RZDT2_VC,GPR-KG-pooled-pre,pooled_pre,2,1002,axis,1.0,0.004417494632216135,0 0 0 0 0,0,0.0,low_t1,fn,1,0,-0.011999999999999997,0.16845665004638602,0.011999999999999997,0.180456650046386,0.0,0.07058223605356233,0.07058223605356233,0.0004,0.0044100895306494045,1.0,0.7689501417326532,-0.2310498582673468,0.0004,0.00427897577039461,-0.04489707253902944,0.08109519863957394,0.1259922711786034,0.0004,0.002820883612256201
RZDT2_VC,GPR-KG-pooled-pre,pooled_pre,2,1002,axis,1.0,0.004417494632216135,1 0 0 0 0,1,0.01,low_t1,fn,1,0,-0.01197632074113926,0.1592148304478711,0.01197632074113926,0.17119115118901035,0.01,0.07997691241422628,0.06997691241422628,0.0004039562776451963,0.0044100895306494045,0.9999,0.7716617944502594,-0.2282382055497406,0.0004039562776451963,0.00427897577039461,-0.04503568042525459,0.07185337904105904,0.11688905946631363,0.0004039562776451963,0.002820883612256201
RZDT2_VC,GPR-KG-pooled-pre,pooled_pre,2,1002,axis,1.0,0.004417494632216135,2 0 0 0 0,2,0.02,low_t1,fn,1,0,-0.011905376415773737,0.1501553975731221,0.011905376415773737,0.16206077398889585,0.02,0.08937347836167699,0.06937347836167698,0.00041592604220944417,0.0044100895306494045,0.9996,0.7742482682212369,-0.2253517317787631,0.00041592604220944417,0.00427897577039461,-0.045450957061927026,0.06279394616631002,0.10824490322823704,0.00041592604220944417,0.002820883612256201
RZDT2_VC,GPR-KG-pooled-pre,pooled_pre,2,1002,axis,1.0,0.004417494632216135,3 0 0 0 0,3,0.03,low_t1,fn,1,0,-0.011787447008744269,0.14127835142213896,0.011787447008744269,0.15306579843088322,0.03,0.09877193389591449,0.06877193389591449,0.0004362098522594935,0.0044100895306494045,0.9991,0.7767095630455857,-0.2223904369544143,0.0004362098522594935,0.00427897577039461,-0.04614126354188364,0.05391690001532688,0.10005816355721052,0.0004362098522594935,0.002820883612256201
RZDT2_VC,GPR-KG-pooled-pre,pooled_pre,2,1002,axis,1.0,0.004417494632216135,4 0 0 0 0,4,0.04,low_t1,fn,1,0,-0.011622997933543572,0.1325836919949217,0.011622997933543572,0.14420668992846528,0.04,0.10817227901693877,0.06817227901693876,0.0004653012221544117,0.0044100895306494045,0.9984,0.7790456789233058,-0.21935432107669417,0.0004653012221544117,0.00427897577039461,-0.04710387554081907,0.045222240588109634,0.09232611612892871,0.0004653012221544117,0.002820883612256201
RZDT2_VC,GPR-KG-pooled-pre,pooled_pre,2,1002,axis,1.0,0.004417494632216135,5 0 0 0 0,5,0.05,low_t1,fn,1,0,-0.011412678195541842,0.12407141929147035,0.011412678195541842,0.13548409748701218,0.05,0.11757451372474982,0.06757451372474982,0.0005038756289026093,0.0044100895306494045,0.9975,0.7812566158543971,-0.21624338414560296,0.0005038756289026093,0.00427897577039461,-0.04833499406894913,0.03670996788465827,0.0850449619536074,0.0005038756289026093,0.002820883612256201
RZDT2_VC,GPR-KG-pooled-pre,pooled_pre,2,1002,axis,1.0,0.004417494632216135,6 0 0 0 0,6,0.06,low_t1,fn,1,0,-0.011157317830659014,0.11574153331178486,0.011157317830659014,0.12689885114244387,0.06,0.12697863801934767,0.06697863801934767,0.0005527753830590045,0.0044100895306494045,0.9964,0.7833423738388597,-0.2130576261611402,0.0005527753830590045,0.00427897577039461,-0.04982976046388783,0.02838008190497278,0.07820984236886061,0.0005527753830590045,0.002820883612256201
RZDT2_VC,GPR-KG-pooled-pre,pooled_pre,2,1002,axis,1.0,0.004417494632216135,7 0 0 0 0,7,0.07,low_t1,fn,1,0,-0.010857924629592237,0.10759403405586526,0.010857924629592237,0.11845195868545749,0.07,0.1363846519007323,0.06638465190073228,0.0006129906199237256,0.0044100895306494045,0.9951,0.7853029528766936,-0.20979704712330638,0.0006129906199237256,0.00427897577039461,-0.051582275565568186,0.020232582649053185,0.07181485821462137,0.0006129906199237256,0.002820883612256201
RZDT2_VC,GPR-KG-pooled-pre,pooled_pre,2,1002,axis,1.0,0.004417494632216135,8 0 0 0 0,8,0.08,low_t1,fn,1,0,-0.010515680160526363,0.09962892152371153,0.010515680160526363,0.1101446016842379,0.08,0.1457925553689037,0.0657925553689037,0.0006856367334167007,0.0044100895306494045,0.9936,0.7871383529678989,-0.20646164703210113,0.0006856367334167007,0.00427897577039461,-0.05358562299753181,0.012267470116899451,0.06585309311443126,0.0006856367334167007,0.002820883612256201
RZDT2_VC,GPR-KG-pooled-pre,pooled_pre,2,1002,axis,1.0,0.004417494632216135,9 0 0 0 0,9,0.09,low_t1,fn,1,0,-0.010131935106024177,0.09184619571532368,0.010131935106024177,0.10197813082134785,0.09,0.15520234842386188,0.06520234842386188,0.0007719286359422355,0.0044100895306494045,0.9919,0.7888485741124754,-0.20305142588752456,0.0007719286359422355,0.00427897577039461,-0.05583189646270714,0.004484744308511604,0.060316640771218746,0.0007719286359422355,0.002820883612256201
RZDT2_VC,GPR-KG-pooled-pre,pooled_pre,2,1002,axis,1.0,0.004417494632216135,10 0 0 0 0,10,0.1,low_t1,fn,1,0,-0.009708203932499368,0.08424585663070173,0.009708203932499368,0.0939540605632011,0.1,0.16461403106560685,0.06461403106560684,0.0008731522823440523,0.0044100895306494045,0.99,0.7904336163104232,-0.1995663836895768,0.0008731522823440523,0.00427897577039461,-0.05831223094595187,-0.003115594776110342,0.05519663616984153,0.0008731522823440523,0.002820883612256201
RZDT2_VC,GPR-KG-pooled-pre,pooled_pre,2,1002,axis,1.0,0.004417494632216135,11 0 0 0 0,11,0.11,low_t1,fn,1,0,-0.009246158913309467,0.07682790426984566,0.009246158913309467,0.08607406318315514,0.11,0.1740276032941386,0.0640276032941386,0.0009906339438016311,0.0044100895306494045,0.9879,0.7918934795617422,-0.19600652043825784,0.0009906339438016311,0.00427897577039461,-0.061016837700217666,-0.010533547136966415,0.05048329056325125,0.0009906339438016311,0.002820883612256201
RZDT2_VC,GPR-KG-pooled-pre,pooled_pre,2,1002,axis,1.0,0.004417494632216135,12 0 0 0 0,12,0.12,low_t1,fn,1,0,-0.008747623529056933,0.06959233863275546,0.008747623529056933,0.0783399621618124,0.12,0.18344306510945713,0.06344306510945713,0.0011257077574617607,0.0044100895306494045,0.9856,0.7932281638664326,-0.19237183613356745,0.0011257077574617607,0.00427897577039461,-0.06393504287826272,-0.017769112774056614,0.04616593010420611,0.0011257077574617607,0.002820883612256201
RZDT2_VC,GPR-KG-pooled-pre,pooled_pre,2,1002,axis,1.0,0.004417494632216135,13 0 0 0 0,13,0.13,low_t1,fn,1,0,-0.00821456527114426,0.06253915971943116,0.00821456527114426,0.07075372499057542,0.13,0.19286041651156244,0.06286041651156243,0.0012796821090875375,0.0044100895306494045,0.9831,0.7944376692244942,-0.18866233077550576,0.0012796821090875375,0.00427897577039461,-0.06705532965745045,-0.024822291687380912,0.04223303797006954,0.0012796821090875375,0.002820883612256201
RZDT2_VC,GPR-KG-pooled-pre,pooled_pre,2,1002,axis,1.0,0.004417494632216135,14 0 0 0 0,14,0.14,low_t1,fn,1,0,-0.007649087876984276,0.05566836752987274,0.007649087876984276,0.06331745540685702,0.14,0.2022796575004545,0.0622796575004545,0.001453805428527017,0.0044100895306494045,0.9804,0.7955219956359272,-0.18487800436407287,0.001453805428527017,0.00427897577039461,-0.07036538369138683,-0.03169308387693934,0.03867229981444749,0.001453805428527017,0.002820883612256201
RZDT2_VC,GPR-KG-pooled-pre,pooled_pre,2,1002,axis,1.0,0.004417494632216135,15 0 0 0 0,15,0.15,low_t1,fn,1,0,-0.007053423027509678,0.04897996206408019,0.007053423027509678,0.056033385091589866,0.15,0.2117007880761334,0.06170078807613341,0.0016492319909840038,0.0044100895306494045,0.9775,0.7964811431007313,-0.18101885689926878,0.0016492319909840038,0.00427897577039461,-0.0738521417090197,-0.03838148934273189,0.03547065236628781,0.0016492319909840038,0.002820883612256201
RZDT2_VC,GPR-KG-pooled-pre,pooled_pre,2,1002,axis,1.0,0.004417494632216135,16 0 0 0 0,16,0.16,low_t1,fn,1,0,-0.00642992153974796,0.04247394332205352,0.00642992153974796,0.04890386486180148,0.16,0.22112380823859906,0.06112380823859906,0.0018669883206906834,0.0044100895306494045,0.9744,0.7973151116189068,-0.17708488838109326,0.0018669883206906834,0.00427897577039461,-0.07750184306940175,-0.044887508084758554,0.032614334984643195,0.0018669883206906834,0.002820883612256201
RZDT2_VC,GPR-KG-pooled-pre,pooled_pre,2,1002,axis,1.0,0.004417494632216135,17 0 0 0 0,17,0.17,low_t1,fn,1,0,-0.005781044089220588,0.03615031130379273,0.005781044089220588,0.04193135539301332,0.17,0.23054871798785148,0.06054871798785147,0.0021079407875642477,0.0044100895306494045,0.9711,0.7980239011904536,-0.17307609880954633,0.0021079407875642477,0.00427897577039461,-0.08130008406865345,-0.051211140103019345,0.030088943965634107,0.0021079407875642477,0.002820883612256201
RZDT2_VC,GPR-KG-pooled-pre,pooled_pre,2,1002,axis,1.0,0.004417494632216135,18 0 0 0 0,18,0.18,low_t1,fn,1,0,-0.005109351498780876,0.030009066009297827,0.005109351498780876,0.0351184175080787,0.18,0.23997551732389072,0.059975517323890726,0.00237276497185863,0.0044100895306494045,0.9676,0.7986075118153717,-0.1689924881846283,0.00237276497185863,0.00427897577039461,-0.08523187478480203,-0.05735238539751425,0.02787948938728778,0.00237276497185863,0.002820883612256201
RZDT2_VC,GPR-KG-pooled-pre,pooled_pre,2,1002,axis,1.0,0.004417494632216135,19 0 0 0 0,19,0.19,low_t1,fn,1,0,-0.004417494632216135,0.024050207438568838,0.004417494632216135,0.028467702070784973,0.19,0.2494042062467167,0.05940420624671669,0.0026619173469304897,0.0044100895306494045,0.9639,0.799065943493661,-0.16483405650633898,0.0026619173469304897,0.00427897577039461,-0.08928169823615514,-0.06331124396824324,0.025970454267911905,0.0026619173469304897,0.002820883612256201
RZDT2_VC,GPR-KG-pooled-pre,pooled_pre,2,1002,axis,1.0,0.004417494632216135,20 0 0 0 0,20,0.2,low_t1,fn,1,0,-0.0037082039324993626,0.018273735591605708,0.0037082039324993626,0.02198193952410507,0.2,0.2588347847563295,0.05883478475632947,0.002975609796406684,0.0044100895306494045,0.96,0.7993991962253216,-0.16060080377467834,0.002975609796406684,0.00427897577039461,-0.09343357161973867,-0.06908771581520637,0.0243458558045323,0.002975609796406684,0.002820883612256201
RZDT2_VC,GPR-KG-pooled-pre,pooled_pre,2,1002,axis,1.0,0.004417494632216135,21 0 0 0 0,21,0.21,low_t1,fn,1,0,-0.002984278645978264,0.012679650468408452,0.002984278645978264,0.015663929114386715,0.21,0.268267252852729,0.05826725285272902,0.0033137874397911856,0.0044100895306494045,0.9559,0.7996072700103536,-0.15629272998964638,0.0033137874397911856,0.00427897577039461,-0.09767110938811811,-0.07468180093840363,0.022989308449714488,0.0033137874397911856,0.002820883612256201
RZDT2_VC,GPR-KG-pooled-pre,pooled_pre,2,1002,axis,1.0,0.004417494632216135,22 0 0 0 0,22,0.22,low_t1,fn,1,0,-0.0022485757750286967,0.007267952068977082,0.0022485757750286967,0.009516527844005779,0.22,0.27770161053591536,0.057701610535915354,0.0036761101905396125,0.0044100895306494045,0.9516,0.7996901648487569,-0.15190983515124312,0.0036761101905396125,0.00427897577039461,-0.10197758791566854,-0.080093499337835,0.02188408857783354,0.0036761101905396125,0.002820883612256201
RZDT2_VC,GPR-KG-pooled-pre,pooled_pre,2,1002,axis,1.0,0.004417494632216135,23 0 0 0 0,23,0.23,low_t1,fn,1,0,-0.0015039988027716472,0.002038640393311572,0.0015039988027716472,0.0035426391960832193,0.23,0.2871378578058885,0.05713785780588851,0.004061938413639081,0.0044100895306494045,0.9471,0.7996478807405313,-0.14745211925946877,0.004061938413639081,0.00427897577039461,-0.1063360114990846,-0.0853228110135005,0.021013200485584096,0.004061938413639081,0.002820883612256201
RZDT2_VC,GPR-KG-pooled-pre,pooled_pre,2,1002,axis,1.0,0.004417494632216135,24 0 0 0 0,24,0.24,low_t1,tp,1,1,-0.0007534862343517579,-0.003008284558588023,0.0007534862343517579,-0.002254798324236265,0.24,0.2965759946626484,0.0565759946626484,0.004470322986651707,0.0044100895306494045,0.9424,0.7994804176856771,-0.1429195823143229,0.004470322986651707,0.00427897577039461,-0.11072917943165687,-0.0903697359654001,0.020359443466256774,0.004470322986651707,0.002820883612256201
RZDT2_VC,GPR-KG-pooled-pre,pooled_pre,2,1002,axis,1.0,0.004417494632216135,25 0 0 0 0,25,0.25,low_t1,tp,1,1,0.0,-0.007872822786721731,0.0,-0.007872822786721731,0.25,0.3060160211061951,0.05601602110619508,0.004900000000000001,0.0044100895306494045,0.9375,0.7991877756841942,-0.1383122243158058,0.004900000000000001,0.00427897577039461,-0.11513975388660307,-0.09523427419353381,0.01990547969306926,0.004900000000000001,0.002820883612256201
RZDT2_VC,GPR-KG-pooled-pre,pooled_pre,2,1002,axis,1.0,0.004417494632216135,26 0 0 0 0,26,0.26,low_t1,fp,0,1,0.0007534862343517579,-0.012554974291089552,0.0007534862343517579,-0.01330846052544131,0.26,0.31545793713652853,0.05545793713652852,0.005349390260062097,0.0044100895306494045,0.9324,0.7987699547360826,-0.13363004526391742,0.005349390260062097,0.00427897577039461,-0.11955032834154922,-0.09991642569790163,0.01963390264364759,0.005349390260062097,0.002820883612256201
RZDT2_VC,GPR-KG-pooled-pre,pooled_pre,2,1002,axis,1.0,0.004417494632216135,27 0 0 0 0,27,0.27,low_t1,fp,0,1,0.0015039988027716472,-0.017054739071691513,0.0015039988027716472,-0.01855873787446316,0.27,0.3249017427536488,0.054901742753648786,0.005816603683539342,0.0044100895306494045,0.9271,0.7982269548413421,-0.12887304515865794,0.005816603683539342,0.00427897577039461,-0.1239434962741215,-0.10441619047850359,0.019527305795617914,0.005816603683539342,0.002820883612256201
RZDT2_VC,GPR-KG-pooled-pre,pooled_pre,2,1002,axis,1.0,0.004417494632216135,28 0 0 0 0,28,0.28,low_t1,fp,0,1,0.0022485757750287105,-0.021372117128527587,0.0022485757750287105,-0.023620692903556298,0.28,0.3343474379575558,0.054347437957555755,0.006299448594739758,0.0044100895306494045,0.9216,0.797558775999973,-0.12404122400002693,0.006299448594739758,0.00427897577039461,-0.12830191985753753,-0.10873356853533966,0.019568351322197863,0.006299448594739758,0.002820883612256201
RZDT2_VC,GPR-KG-pooled-pre,pooled_pre,2,1002,axis,1.0,0.004417494632216135,29 0 0 0 0,29,0.29,low_t1,fp,0,1,0.00298427864597825,-0.025507108461597774,0.00298427864597825,-0.028491387107576024,0.29,0.34379502274824963,0.053795022748249655,0.006795445860099151,0.0044100895306494045,0.9159,0.7967654182119753,-0.11913458178802472,0.006795445860099151,0.00427897577039461,-0.13260839838508798,-0.11286855986840985,0.019739838516678127,0.006795445860099151,0.002820883612256201
RZDT2_VC,GPR-KG-pooled-pre,pooled_pre,2,1002,axis,1.0,0.004417494632216135,30 0 0 0 0,30,0.3,low_t1,fp,0,1,0.0037082039324993765,-0.029459713070902102,0.0037082039324993765,-0.03316791700340148,0.3,0.3532444971257302,0.053244497125730206,0.007301847717655946,0.0044100895306494045,0.91,0.7958468814773488,-0.1141531185226512,0.007301847717655946,0.00427897577039461,-0.1368459361534674,-0.11682116447771418,0.020024771675753228,0.007301847717655946,0.002820883612256201
RZDT2_VC,GPR-KG-pooled-pre,pooled_pre,2,1002,axis,1.0,0.004417494632216135,31 0 0 0 0,31,0.31,low_t1,fp,0,1,0.004417494632216135,-0.033229930956440515,0.004417494632216135,-0.03764742558865665,0.31,0.36269586108999763,0.05269586108999763,0.007815661084515983,0.0044100895306494045,0.9039,0.7948031657960936,-0.10909683420390648,0.007815661084515983,0.00427897577039461,-0.14099780953705096,-0.12059138236325259,0.02040642717379837,0.007815661084515983,0.002820883612256201
RZDT2_VC,GPR-KG-pooled-pre,pooled_pre,2,1002,axis,1.0,0.004417494632216135,32 0 0 0 0,32,0.32,low_t1,fp,0,1,0.005109351498780862,-0.03681776211821307,0.005109351498780862,-0.04192711361699393,0.32,0.3721491146410517,0.05214911464105171,0.008333675053769645,0.0044100895306494045,0.8976,0.7936342711682096,-0.10396572883179034,0.008333675053769645,0.00427897577039461,-0.1450476329884041,-0.12417921352502514,0.020868419463378945,0.008333675053769645,0.002820883612256201
RZDT2_VC,GPR-KG-pooled-pre,pooled_pre,2,1002,axis,1.0,0.004417494632216135,33 0 0 0 0,33,0.33,low_t1,fp,0,1,0.005781044089220588,-0.040223206556219734,0.005781044089220588,-0.04600425064544032,0.33,0.3816042577788926,0.051604257778892604,0.00885249222498826,0.0044100895306494045,0.8911,0.792340197593697,-0.098759802406303,0.00885249222498826,0.00427897577039461,-0.14897942370455264,-0.1275846579630318,0.021394765741520827,0.00885249222498826,0.002820883612256201
RZDT2_VC,GPR-KG-pooled-pre,pooled_pre,2,1002,axis,1.0,0.004417494632216135,34 0 0 0 0,34,0.34,mid_t1,fp,0,1,0.006429921539747974,-0.04344626427046051,0.006429921539747974,-0.04987618581020849,0.34,0.3910612905035204,0.05106129050352037,0.00936856345039664,0.0044100895306494045,0.8844,0.7909209450725556,-0.09347905492744435,0.00936856345039664,0.00427897577039461,-0.15277766470380438,-0.1308077156772726,0.021969949026531793,0.00936856345039664,0.002820883612256201
RZDT2_VC,GPR-KG-pooled-pre,pooled_pre,2,1002,axis,1.0,0.004417494632216135,35 0 0 0 0,35,0.35,mid_t1,fp,0,1,0.007053423027509664,-0.04648693526093543,0.007053423027509664,-0.0535403582884451,0.35,0.4005202128149349,0.050520212814934906,0.009878225523078626,0.0044100895306494045,0.8775000000000001,0.7893765136047854,-0.08812348639521461,0.009878225523078626,0.00427897577039461,-0.15642736606418642,-0.1338483866677475,0.02257897939643891,0.009878225523078626,0.002820883612256201
RZDT2_VC,GPR-KG-pooled-pre,pooled_pre,2,1002,axis,1.0,0.004417494632216135,36 0 0 0 0,36,0.36,mid_t1,fp,0,1,0.00764908787698429,-0.04934521952764444,0.00764908787698429,-0.05699430740462873,0.36,0.40998102471313613,0.049981024713136146,0.010377741285008674,0.0044100895306494045,0.8704000000000001,0.7877069031903867,-0.08269309680961334,0.010377741285008674,0.00427897577039461,-0.1599141240818193,-0.13670667093445651,0.023207453147362778,0.010377741285008674,0.002820883612256201
RZDT2_VC,GPR-KG-pooled-pre,pooled_pre,2,1002,axis,1.0,0.004417494632216135,37 0 0 0 0,37,0.37,mid_t1,fp,0,1,0.008214565271144253,-0.05202111707058758,0.008214565271144253,-0.060235682341731836,0.37,0.4194437261981242,0.049443726198124205,0.01086334159208918,0.0044100895306494045,0.8631,0.7859121138293592,-0.07718788617064076,0.01086334159208918,0.00427897577039461,-0.16322417811575568,-0.13938256847739966,0.02384160963835602,0.01086334159208918,0.002820883612256201
RZDT2_VC,GPR-KG-pooled-pre,pooled_pre,2,1002,axis,1.0,0.004417494632216135,38 0 0 0 0,38,0.38,mid_t1,fp,0,1,0.008747623529056947,-0.045707202165066005,0.008747623529056947,-0.05445482569412295,0.38,0.40247874020141783,0.022478740201417824,0.011331268541361518,0.0044100895306494045,0.8556,0.835702297740984,-0.019897702259015992,0.011331268541361518,0.00427897577039461,-0.16634446489494334,-0.13306865357187808,0.03327581132306526,0.011331268541361518,0.002820883612256201
RZDT2_VC,GPR-KG-pooled-pre,pooled_pre,2,1002,axis,1.0,0.004417494632216135,39 0 0 0 0,39,0.39,mid_t1,fp,0,1,0.00924615891330946,-0.05682575198517613,0.00924615891330946,-0.06607191089848559,0.39,0.4383747979284607,0.04837479792846067,0.01177781934266268,0.0044100895306494045,0.8479,0.781946998267418,-0.065953001732582,0.01177781934266268,0.00427897577039461,-0.16926267007298845,-0.1441872033919882,0.025075466681000247,0.01177781934266268,0.002820883612256201
RZDT2_VC,GPR-KG-pooled-pre,pooled_pre,2,1002,axis,1.0,0.004417494632216135,40 0 0 0 0,40,0.4,mid_t1,fp,0,1,0.009708203932499382,-0.05895448935682161,0.009708203932499382,-0.068662693289321,0.4,0.44784316817380904,0.047843168173809014,0.012199390203593317,0.0044100895306494045,0.84,0.7797766720665044,-0.06022332793349561,0.012199390203593317,0.00427897577039461,-0.1719672768272542,-0.1463159407636337,0.025651336063620522,0.012199390203593317,0.002820883612256201
RZDT2_VC,GPR-KG-pooled-pre,pooled_pre,2,1002,axis,1.0,0.004417494632216135,41 0 0 0 0,41,0.41,mid_t1,fp,0,1,0.01013193510602417,-0.06090084000470124,0.01013193510602417,-0.07103277511072541,0.41,0.4573134280059442,0.047313428005944236,0.012592519592970444,0.0044100895306494045,0.8319000000000001,0.7774811669189621,-0.05441883308103801,0.012592519592970444,0.00427897577039461,-0.17444761131049896,-0.14826229141151331,0.02618531989898565,0.012592519592970444,0.002820883612256201
RZDT2_VC,GPR-KG-pooled-pre,pooled_pre,2,1002,axis,1.0,0.004417494632216135,42 0 0 0 0,42,0.42,mid_t1,fp,0,1,0.01051568016052637,-0.06266480392881495,0.01051568016052637,-0.07318048408934132,0.42,0.46678557742486615,0.046785577424866165,0.012953930254030792,0.0044100895306494045,0.8236,0.775060482824791,-0.04853951717520899,0.012953930254030792,0.00427897577039461,-0.1766938847756743,-0.15002625533562702,0.026667629440047275,0.012953930254030792,0.002820883612256201
RZDT2_VC,GPR-KG-pooled-pre,pooled_pre,2,1002,axis,1.0,0.004417494632216135,43 0 0 0 0,43,0.43,mid_t1,fp,0,1,0.01085792462959223,-0.0642463811291628,0.01085792462959223,-0.07510430575875503,0.43,0.4762596164305749,0.04625961643057491,0.01328056935444799,0.0044100895306494045,0.8151,0.7725146197839912,-0.04258538021600888,0.01328056935444799,0.00427897577039461,-0.1786972322076379,-0.15160783253597487,0.027089399671663017,0.01328056935444799,0.002820883612256201
RZDT2_VC,GPR-KG-pooled-pre,pooled_pre,2,1002,axis,1.0,0.004417494632216135,44 0 0 0 0,44,0.44,mid_t1,fp,0,1,0.011157317830659014,-0.06564557160574479,0.011157317830659014,-0.0768028894364038,0.44,0.4857355450230705,0.04573554502307048,0.013569646185494524,0.0044100895306494045,0.8064,0.7698435777965627,-0.036556422203437355,0.013569646185494524,0.00427897577039461,-0.18044974730931826,-0.15300702301255686,0.027442724296761395,0.013569646185494524,0.002820883612256201
RZDT2_VC,GPR-KG-pooled-pre,pooled_pre,2,1002,axis,1.0,0.004417494632216135,45 0 0 0 0,45,0.45,mid_t1,fp,0,1,0.011412678195541842,-0.06686237535856086,0.011412678195541842,-0.0782750535541027,0.45,0.49521336320235276,0.04521336320235275,0.01381866685703476,0.0044100895306494045,0.7975,0.7670473568625055,-0.030452643137494517,0.01381866685703476,0.00427897577039461,-0.18194451370425696,-0.15422382676537294,0.02772068693888402,0.01381866685703476,0.002820883612256201
RZDT2_VC,GPR-KG-pooled-pre,pooled_pre,2,1002,axis,1.0,0.004417494632216135,46 0 0 0 0,46,0.46,mid_t1,fp,0,1,0.011622997933543572,-0.06789679238761102,0.011622997933543572,-0.0795197903211546,0.46,0.5046930709684219,0.044693070968421844,0.014025465477955251,0.0044100895306494045,0.7884,0.7641259569818196,-0.02427404301818037,0.014025465477955251,0.00427897577039461,-0.18317563223238706,-0.1552582437944231,0.027917388437963958,0.014025465477955251,0.002820883612256201
RZDT2_VC,GPR-KG-pooled-pre,pooled_pre,2,1002,axis,1.0,0.004417494632216135,47 0 0 0 0,47,0.47,mid_t1,fp,0,1,0.011787447008744262,-0.06874882269289533,0.011787447008744262,-0.08053626970163959,0.47,0.5141746683212777,0.0441746683212777,0.014188231362461133,0.0044100895306494045,0.7791,0.7610793781545049,-0.018020621845495133,0.014188231362461133,0.00427897577039461,-0.18413824423132247,-0.1561102740997074,0.028027970131615065,0.014188231362461133,0.002820883612256201
RZDT2_VC,GPR-KG-pooled-pre,pooled_pre,2,1002,axis,1.0,0.004417494632216135,48 0 0 0 0,48,0.48,mid_t1,fp,0,1,0.011905376415773744,-0.06941846627441377,0.011905376415773744,-0.08132384269018751,0.48,0.5236581552609204,0.04365815526092043,0.014305531860612137,0.0044100895306494045,0.7696000000000001,0.7579076203805615,-0.011692379619438587,0.014305531860612137,0.00427897577039461,-0.1848285507112791,-0.15677991768122584,0.028048633030053255,0.014305531860612137,0.002820883612256201
RZDT2_VC,GPR-KG-pooled-pre,pooled_pre,2,1002,axis,1.0,0.004417494632216135,49 0 0 0 0,49,0.49,mid_t1,fp,0,1,0.011976320741139274,-0.06990572313216624,0.011976320741139274,-0.08188204387330551,0.49,0.5331435317873497,0.043143531787349754,0.014376330475641002,0.0044100895306494045,0.7599,0.7546106836599894,-0.005289316340010619,0.014376330475641002,0.00427897577039461,-0.18524382734795153,-0.15726717453897832,0.027976652808973212,0.014376330475641002,0.002820883612256201
RZDT2_VC,GPR-KG-pooled-pre,pooled_pre,2,1002,axis,1.0,0.004417494632216135,50 0 0 0 0,50,0.5,mid_t1,fp,0,1,0.01200000000000001,-0.07021059326615291,0.01200000000000001,-0.08221059326615292,0.5,0.542630797900566,0.04263079790056601,0.0144,0.0044100895306494045,0.75,0.7511885679927887,0.0011885679927886583,0.0144,0.00427897577039461,-0.18538243523417663,-0.15757204467296498,0.02781039056121165,0.0144,0.002820883612256201
RZDT2_VC,GPR-KG-pooled-pre,pooled_pre,2,1002,axis,1.0,0.004417494632216135,51 0 0 0 0,51,0.51,mid_t1,fp,0,1,0.011976320741139274,-0.07033307667637372,0.011976320741139274,-0.08230939741751299,0.51,0.552119953600569,0.04211995360056897,0.014376330475641002,0.0044100895306494045,0.7399,0.747641273378959,0.007741273378959024,0.014376330475641002,0.00427897577039461,-0.18524382734795153,-0.1576945280831858,0.027549299264765736,0.014376330475641002,0.002820883612256201
RZDT2_VC,GPR-KG-pooled-pre,pooled_pre,2,1002,axis,1.0,0.004417494632216135,52 0 0 0 0,52,0.52,mid_t1,fp,0,1,0.011905376415773744,-0.07027317336282861,0.011905376415773744,-0.08217854977860235,0.52,0.5616109988873588,0.04161099888735875,0.014305531860612137,0.0044100895306494045,0.7296,0.7439687998185008,0.01436879981850081,0.014305531860612137,0.00427897577039461,-0.1848285507112791,-0.15763462476964069,0.027193925941638414,0.014305531860612137,0.002820883612256201
RZDT2_VC,GPR-KG-pooled-pre,pooled_pre,2,1002,axis,1.0,0.004417494632216135,53 0 0 0 0,53,0.53,mid_t1,fp,0,1,0.011787447008744262,-0.07003088332551764,0.011787447008744262,-0.0818183303342619,0.53,0.5711039337609353,0.04110393376093524,0.014188231362461133,0.0044100895306494045,0.7191,0.740171147311414,0.021071147311414018,0.014188231362461133,0.00427897577039461,-0.18413824423132247,-0.15739233473232972,0.026745909498992748,0.014188231362461133,0.002820883612256201
RZDT2_VC,GPR-KG-pooled-pre,pooled_pre,2,1002,axis,1.0,0.004417494632216135,54 0 0 0 0,54,0.54,mid_t1,fp,0,1,0.011622997933543572,-0.0696062065644407,0.011622997933543572,-0.08122920449798428,0.54,0.5805987582212986,0.04059875822129855,0.014025465477955242,0.0044100895306494045,0.7083999999999999,0.7362483158576983,0.027848315857698425,0.014025465477955242,0.00427897577039461,-0.183175632232387,-0.15696765797125278,0.02620797426113422,0.014025465477955242,0.002820883612256201
RZDT2_VC,GPR-KG-pooled-pre,pooled_pre,2,1002,axis,1.0,0.004417494632216135,55 0 0 0 0,55,0.55,mid_t1,fp,0,1,0.011412678195541842,-0.06899914307959802,0.011412678195541842,-0.08041182127513986,0.55,0.5900954722684487,0.04009547226844867,0.013818666857034756,0.0044100895306494045,0.6975,0.732200305457354,0.03470030545735403,0.013818666857034756,0.00427897577039461,-0.18194451370425696,-0.1563605944864101,0.025583919217846862,0.013818666857034756,0.002820883612256201
RZDT2_VC,GPR-KG-pooled-pre,pooled_pre,2,1002,axis,1.0,0.004417494632216135,56 0 0 0 0,56,0.56,mid_t1,fp,0,1,0.011157317830659014,-0.04926978955770288,0.011157317830659014,-0.06042710738836189,0.56,0.5813033652553454,0.021303365255345375,0.013569646185494524,0.0044100895306494045,0.6863999999999999,0.7062584736490543,0.019858473649054353,0.013569646185494524,0.00427897577039461,-0.18044974730931826,-0.13663124096451496,0.043818506344803304,0.013569646185494524,0.002820883612256201
RZDT2_VC,GPR-KG-pooled-pre,pooled_pre,2,1002,axis,1.0,0.004417494632216135,57 0 0 0 0,57,0.57,mid_t1,fp,0,1,0.01085792462959223,-0.06723785593861485,0.01085792462959223,-0.07809578056820708,0.57,0.6090945691231093,0.03909456912310938,0.013280569354448001,0.0044100895306494045,0.6751,0.7237287478167791,0.04862874781677906,0.013280569354448001,0.00427897577039461,-0.17869723220763795,-0.15459930734542693,0.024097924862211018,0.013280569354448001,0.002820883612256201
RZDT2_VC,GPR-KG-pooled-pre,pooled_pre,2,1002,axis,1.0,0.004417494632216135,58 0 0 0 0,58,0.58,mid_t1,fp,0,1,0.01051568016052637,-0.06608363228247442,0.01051568016052637,-0.07659931244300079,0.58,0.6185969519306198,0.03859695193061985,0.012953930254030797,0.0044100895306494045,0.6636,0.7193052005765486,0.0557052005765486,0.012953930254030797,0.00427897577039461,-0.17669388477567435,-0.1534450836892865,0.023248801086387855,0.012953930254030797,0.002820883612256201
RZDT2_VC,GPR-KG-pooled-pre,pooled_pre,2,1002,axis,1.0,0.004417494632216135,59 0 0 0 0,59,0.59,mid_t1,fp,0,1,0.01013193510602417,-0.06474702190256819,0.01013193510602417,-0.07487895700859236,0.59,0.628101224324917,0.03810122432491703,0.012592519592970447,0.0044100895306494045,0.6519,0.7147564743896893,0.06285647438968922,0.012592519592970447,0.00427897577039461,-0.174447611310499,-0.15210847330938027,0.022339138001118725,0.012592519592970447,0.002820883612256201
RZDT2_VC,GPR-KG-pooled-pre,pooled_pre,2,1002,axis,1.0,0.004417494632216135,60 0 0 0 0,60,0.6,mid_t1,fp,0,1,0.009708203932499382,-0.06322802479889598,0.009708203932499382,-0.07293622873139537,0.6,0.637607386306001,0.03760738630600102,0.012199390203593318,0.0044100895306494045,0.64,0.7100825692562014,0.07008256925620138,0.012199390203593318,0.00427897577039461,-0.17196727682725424,-0.15058947620570806,0.021377800621546178,0.012199390203593318,0.002820883612256201
RZDT2_VC,GPR-KG-pooled-pre,pooled_pre,2,1002,axis,1.0,0.004417494632216135,61 0 0 0 0,61,0.61,mid_t1,fp,0,1,0.00924615891330946,-0.06152664097145798,0.00924615891330946,-0.07077279988476744,0.61,0.6471154378738717,0.037115437873871726,0.01177781934266268,0.0044100895306494045,0.6279,0.7052834851760847,0.07738348517608473,0.01177781934266268,0.00427897577039461,-0.16926267007298845,-0.14888809237827005,0.0203745776947184,0.01177781934266268,0.002820883612256201
RZDT2_VC,GPR-KG-pooled-pre,pooled_pre,2,1002,axis,1.0,0.004417494632216135,62 0 0 0 0,62,0.62,mid_t1,fp,0,1,0.008747623529056947,-0.059642870420254,0.008747623529056947,-0.06839049394931095,0.62,0.6566253790285295,0.03662537902852947,0.011331268541361527,0.0044100895306494045,0.6155999999999999,0.7003592221493394,0.08475922214933951,0.011331268541361527,0.00427897577039461,-0.1663444648949434,-0.14700432182706608,0.01934014306787732,0.011331268541361527,0.002820883612256201
RZDT2_VC,GPR-KG-pooled-pre,pooled_pre,2,1002,axis,1.0,0.004417494632216135,63 0 0 0 0,63,0.63,mid_t1,fp,0,1,0.00821456527114428,-0.05757671314528427,0.00821456527114428,-0.06579127841642855,0.63,0.6661372097699738,0.03613720976997381,0.010863341592089185,0.0044100895306494045,0.6031,0.6953097801759653,0.09220978017596537,0.010863341592089185,0.00427897577039461,-0.16322417811575568,-0.14493816455209635,0.01828601356365933,0.010863341592089185,0.002820883612256201
RZDT2_VC,GPR-KG-pooled-pre,pooled_pre,2,1002,axis,1.0,0.004417494632216135,64 0 0 0 0,64,0.64,mid_t1,fp,0,1,0.007649087876984262,-0.05532816914654852,0.007649087876984262,-0.06297725702353278,0.64,0.6756509300982049,0.03565093009820486,0.01037774128500867,0.0044100895306494045,0.5904,0.6901351592559626,0.09973515925596255,0.01037774128500867,0.00427897577039461,-0.1599141240818193,-0.1426896205533606,0.017224503528458696,0.01037774128500867,0.002820883612256201
RZDT2_VC,GPR-KG-pooled-pre,pooled_pre,2,1002,axis,1.0,0.004417494632216135,65 0 0 0 0,65,0.65,mid_t1,fp,0,1,0.007053423027509692,-0.05289723842404691,0.007053423027509692,-0.0599506614515566,0.65,0.6851665400132227,0.035166540013222725,0.009878225523078628,0.0044100895306494045,0.5774999999999999,0.684835359389331,0.10733535938933114,0.009878225523078628,0.00427897577039461,-0.1564273660641864,-0.14025868983085898,0.016168676233327406,0.009878225523078628,0.002820883612256201
RZDT2_VC,GPR-KG-pooled-pre,pooled_pre,2,1002,axis,1.0,0.004417494632216135,66 0 0 0 0,66,0.66,mid_t1,fp,0,1,0.006429921539747946,-0.05028392097777949,0.006429921539747946,-0.05671384251752744,0.66,0.6946840395150274,0.03468403951502741,0.009368563450396631,0.0044100895306494045,0.5644,0.6794103805760708,0.11501038057607083,0.009368563450396631,0.00427897577039461,-0.15277766470380436,-0.13764537238459157,0.015132292319212787,0.009368563450396631,0.002820883612256201
RZDT2_VC,GPR-KG-pooled-pre,pooled_pre,2,1002,axis,1.0,0.004417494632216135,67 0 0 0 0,67,0.67,high_t1,fp,0,1,0.005781044089220588,-0.047488216807746106,0.005781044089220588,-0.053269260896966694,0.67,0.7042034286036191,0.034203428603619024,0.00885249222498826,0.0044100895306494045,0.5510999999999999,0.6738602228161819,0.12276022281618193,0.00885249222498826,0.00427897577039461,-0.14897942370455264,-0.13484966821455818,0.014129755489994456,0.00885249222498826,0.002820883612256201
RZDT2_VC,GPR-KG-pooled-pre,pooled_pre,2,1002,axis,1.0,0.004417494632216135,68 0 0 0 0,68,0.68,high_t1,fp,0,1,0.005109351498780862,-0.04451012591394686,0.005109351498780862,-0.04961947741272772,0.68,0.7137247072789973,0.033724707278997235,0.008333675053769642,0.0044100895306494045,0.5375999999999999,0.6681848861096642,0.13058488610966434,0.008333675053769642,0.00427897577039461,-0.14504763298840406,-0.13187157732075894,0.013176055667645126,0.008333675053769642,0.002820883612256201
RZDT2_VC,GPR-KG-pooled-pre,pooled_pre,2,1002,axis,1.0,0.004417494632216135,69 0 0 0 0,69,0.69,high_t1,fp,0,1,0.004417494632216135,-0.041349648296381755,0.004417494632216135,-0.04576714292859789,0.69,0.7232478755411623,0.033247875541162375,0.007815661084515988,0.0044100895306494045,0.5239,0.6623843704565179,0.13848437045651785,0.007815661084515988,0.00427897577039461,-0.14099780953705102,-0.12871109970319383,0.012286709833857185,0.007815661084515988,0.002820883612256201
RZDT2_VC,GPR-KG-pooled-pre,pooled_pre,2,1002,axis,1.0,0.004417494632216135,70 0 0 0 0,70,0.7,high_t1,fp,0,1,0.0037082039324993765,-0.038006783955050846,0.0037082039324993765,-0.04171498788755022,0.7,0.7327729333901142,0.03277293339011422,0.007301847717655946,0.0044100895306494045,0.51,0.6564586758567428,0.14645867585674277,0.007301847717655946,0.00427897577039461,-0.1368459361534674,-0.12536823536186292,0.011477700791604484,0.007301847717655946,0.002820883612256201
RZDT2_VC,GPR-KG-pooled-pre,pooled_pre,2,1002,axis,1.0,0.004417494632216135,71 0 0 0 0,71,0.71,high_t1,fp,0,1,0.00298427864597825,-0.03448153288995391,0.00298427864597825,-0.03746581153593216,0.71,0.7422998808258527,0.03229988082585278,0.006795445860099158,0.0044100895306494045,0.4959,0.650407802310339,0.154507802310339,0.006795445860099158,0.00427897577039461,-0.13260839838508803,-0.12184298429676599,0.010765414088322045,0.006795445860099158,0.002820883612256201
RZDT2_VC,GPR-KG-pooled-pre,pooled_pre,2,1002,axis,1.0,0.004417494632216135,72 0 0 0 0,72,0.72,high_t1,fp,0,1,0.0022485757750286828,-0.030773895101091173,0.0022485757750286828,-0.033022470876119855,0.72,0.7518287178483782,0.03182871784837826,0.006299448594739758,0.0044100895306494045,0.48160000000000003,0.6442317498173065,0.16263174981730644,0.006299448594739758,0.00427897577039461,-0.12830191985753756,-0.11813534650790325,0.010166573349634306,0.006299448594739758,0.002820883612256201
RZDT2_VC,GPR-KG-pooled-pre,pooled_pre,2,1002,axis,1.0,0.004417494632216135,73 0 0 0 0,73,0.73,high_t1,fp,0,1,0.001503998802771661,-0.02688387058846252,0.001503998802771661,-0.02838786939123418,0.73,0.7613594444576903,0.031359444457690344,0.005816603683539342,0.0044100895306494045,0.46710000000000007,0.6379305183776453,0.17083051837764518,0.005816603683539342,0.00427897577039461,-0.12394349627412149,-0.1142453219952746,0.009698174278846894,0.005816603683539342,0.002820883612256201
RZDT2_VC,GPR-KG-pooled-pre,pooled_pre,2,1002,axis,1.0,0.004417494632216135,74 0 0 0 0,74,0.74,high_t1,fp,0,1,0.0007534862343517579,-0.02281145935206806,0.0007534862343517579,-0.02356494558641982,0.74,0.7708920606537892,0.030892060653789244,0.005349390260062094,0.0044100895306494045,0.4524,0.6315041079913554,0.17910410799135534,0.005349390260062094,0.00427897577039461,-0.11955032834154919,-0.11017291075888014,0.009377417582669051,0.005349390260062094,0.002820883612256201
RZDT2_VC,GPR-KG-pooled-pre,pooled_pre,2,1002,axis,1.0,0.004417494632216135,75 0 0 0 0,75,0.75,high_t1,tp,1,1,0.0,-0.018556661391907578,0.0,-0.018556661391907578,0.75,0.780426566436675,0.030426566436674962,0.004900000000000001,0.0044100895306494045,0.4375,0.6249525186584367,0.1874525186584367,0.004900000000000001,0.00427897577039461,-0.11513975388660307,-0.10591811279871965,0.009221641087883412,0.004900000000000001,0.002820883612256201
RZDT2_VC,GPR-KG-pooled-pre,pooled_pre,2,1002,axis,1.0,0.004417494632216135,76 0 0 0 0,76,0.76,high_t1,tp,1,1,-0.0007534862343517579,-0.01411947670798129,0.0007534862343517579,-0.013365990473629533,0.76,0.7899629618063475,0.0299629618063475,0.004470322986651712,0.0044100895306494045,0.4224,0.6182757503788893,0.19587575037888927,0.004470322986651712,0.00427897577039461,-0.11072917943165694,-0.10148092811479337,0.009248251316863576,0.004470322986651712,0.002820883612256201
RZDT2_VC,GPR-KG-pooled-pre,pooled_pre,2,1002,axis,1.0,0.004417494632216135,77 0 0 0 0,77,0.77,high_t1,tp,1,1,-0.0015039988027716472,-0.0094999053002892,0.0015039988027716472,-0.007995906497517552,0.77,0.7995012467628069,0.029501246762806854,0.004061938413639081,0.0044100895306494045,0.4071,0.6114738031527132,0.20437380315271314,0.004061938413639081,0.00427897577039461,-0.1063360114990846,-0.09686135670710128,0.009474654791983325,0.004061938413639081,0.002820883612256201
RZDT2_VC,GPR-KG-pooled-pre,pooled_pre,2,1002,axis,1.0,0.004417494632216135,78 0 0 0 0,78,0.78,high_t1,tp,1,1,-0.0022485757750286967,-0.004697947168831082,0.0022485757750286967,-0.0024493713938023853,0.78,0.8090414213060529,0.029041421306052917,0.003676110190539616,0.0044100895306494045,0.39159999999999995,0.6045466769799085,0.21294667697990854,0.003676110190539616,0.00427897577039461,-0.10197758791566859,-0.09205939857564316,0.009918189340025432,0.003676110190539616,0.002820883612256201
RZDT2_VC,GPR-KG-pooled-pre,pooled_pre,2,1002,axis,1.0,0.004417494632216135,79 0 0 0 0,79,0.79,high_t1,fn,1,0,-0.002984278645978264,0.00028639768639283913,0.002984278645978264,0.003270676332371103,0.79,0.8185834854360857,0.028583485436085687,0.0033137874397911856,0.0044100895306494045,0.3758999999999999,0.5974943718604749,0.22159437186047504,0.0033137874397911856,0.00427897577039461,-0.09767110938811811,-0.08707505372041924,0.010596055667698875,0.0033137874397911856,0.002820883612256201
RZDT2_VC,GPR-KG-pooled-pre,pooled_pre,2,1002,axis,1.0,0.004417494632216135,80 0 0 0 0,80,0.8,high_t1,fn,1,0,-0.0037082039324993626,0.005453129265382675,0.0037082039324993626,0.009161333197882038,0.8,0.8281274391529054,0.028127439152905387,0.0029756097964066855,0.0044100895306494045,0.3599999999999999,0.5903168877944127,0.23031688779441284,0.0029756097964066855,0.00427897577039461,-0.0934335716197387,-0.0819083221414294,0.011525249478309296,0.0029756097964066855,0.002820883612256201
RZDT2_VC,GPR-KG-pooled-pre,pooled_pre,2,1002,axis,1.0,0.004417494632216135,81 0 0 0 0,81,0.81,high_t1,fn,1,0,-0.004417494632216135,0.010802247568138315,0.004417494632216135,0.01521974220035445,0.81,0.8376732824565117,0.027673282456511683,0.0026619173469304876,0.0044100895306494045,0.3438999999999999,0.5830142247817218,0.23911422478172195,0.0026619173469304876,0.00427897577039461,-0.08928169823615512,-0.07655920383867376,0.012722494397481354,0.0026619173469304876,0.002820883612256201
RZDT2_VC,GPR-KG-pooled-pre,pooled_pre,2,1002,axis,1.0,0.004417494632216135,82 0 0 0 0,82,0.82,high_t1,fn,1,0,-0.005109351498780862,0.01633375259465998,0.005109351498780862,0.021443104093440843,0.82,0.8472210153469051,0.02722101534690513,0.0023727649718586334,0.0044100895306494045,0.3276000000000001,0.5755863828224022,0.24798638282240204,0.0023727649718586334,0.00427897577039461,-0.08523187478480208,-0.0710276988121521,0.014204175972649988,0.0023727649718586334,0.002820883612256201
RZDT2_VC,GPR-KG-pooled-pre,pooled_pre,2,1002,axis,1.0,0.004417494632216135,83 0 0 0 0,83,0.83,high_t1,fn,1,0,-0.0057810440892205744,0.02204764434494734,0.0057810440892205744,0.027828688434167914,0.83,0.856770637824085,0.026770637824085064,0.002107940787564248,0.0044100895306494045,0.31110000000000004,0.5680333619164537,0.25693336191645366,0.002107940787564248,0.00427897577039461,-0.08130008406865345,-0.06531380706186474,0.015986277006788716,0.002107940787564248,0.002820883612256201
RZDT2_VC,GPR-KG-pooled-pre,pooled_pre,2,1002,axis,1.0,0.004417494632216135,84 0 0 0 0,84,0.84,high_t1,fn,1,0,-0.006429921539747946,0.027943922819000724,0.006429921539747946,0.03437384435874867,0.84,0.8663221498880518,0.026322149888051816,0.0018669883206906854,0.0044100895306494045,0.2944000000000001,0.5603551620638767,0.2659551620638766,0.0018669883206906854,0.00427897577039461,-0.07750184306940178,-0.05941752858781135,0.018084314481590424,0.0018669883206906854,0.002820883612256201
RZDT2_VC,GPR-KG-pooled-pre,pooled_pre,2,1002,axis,1.0,0.004417494632216135,85 0 0 0 0,85,0.85,high_t1,fn,1,0,-0.007053423027509678,0.03402258801681991,0.007053423027509678,0.04107601104432959,0.85,0.8758755515388053,0.025875551538805275,0.0016492319909840044,0.0044100895306494045,0.2775000000000001,0.5525517832646709,0.27505178326467083,0.0016492319909840044,0.00427897577039461,-0.07385214170901971,-0.053338863389992164,0.02051327831902755,0.0016492319909840044,0.002820883612256201
RZDT2_VC,GPR-KG-pooled-pre,pooled_pre,2,1002,axis,1.0,0.004417494632216135,86 0 0 0 0,86,0.86,high_t1,fn,1,0,-0.007649087876984276,0.0016447057240725066,0.007649087876984276,0.009293793601056782,0.86,0.8363020729670854,-0.023697927032914623,0.001453805428527018,0.0044100895306494045,0.2604000000000001,0.34309782644347186,0.08269782644347179,0.001453805428527018,0.00427897577039461,-0.07036538369138685,-0.08571674568273957,-0.015351361991352716,0.001453805428527018,0.002820883612256201
RZDT2_VC,GPR-KG-pooled-pre,pooled_pre,2,1002,axis,1.0,0.004417494632216135,87 0 0 0 0,87,0.87,high_t1,fn,1,0,-0.00821456527114426,0.046727078583756146,0.00821456527114426,0.054941643854900406,0.87,0.8949880236006728,0.02498802360067276,0.0012796821090875375,0.0044100895306494045,0.24309999999999998,0.5365694888263732,0.29346948882637325,0.0012796821090875375,0.00427897577039461,-0.06705532965745045,-0.04063437282305593,0.02642095683439452,0.0012796821090875375,0.002820883612256201
RZDT2_VC,GPR-KG-pooled-pre,pooled_pre,2,1002,axis,1.0,0.004417494632216135,88 0 0 0 0,88,0.88,high_t1,fn,1,0,-0.00874762352905694,0.05335290395287286,0.00874762352905694,0.0621005274819298,0.88,0.9045470940117867,0.024547094011786674,0.0011257077574617622,0.0044100895306494045,0.22560000000000002,0.5283905731872812,0.3027905731872812,0.0011257077574617622,0.00427897577039461,-0.06393504287826277,-0.03400854745393922,0.029926495424323546,0.0011257077574617622,0.002820883612256201
RZDT2_VC,GPR-KG-pooled-pre,pooled_pre,2,1002,axis,1.0,0.004417494632216135,89 0 0 0 0,89,0.89,high_t1,fn,1,0,-0.009246158913309474,0.060161116045755705,0.009246158913309474,0.06940727495906518,0.89,0.9141080540096873,0.024108054009687296,0.0009906339438016307,0.0044100895306494045,0.20789999999999997,0.5200864786015605,0.31218647860156057,0.0009906339438016307,0.00427897577039461,-0.06101683770021766,-0.02720033536105637,0.03381650233916129,0.0009906339438016307,0.002820883612256201
RZDT2_VC,GPR-KG-pooled-pre,pooled_pre,2,1002,axis,1.0,0.004417494632216135,90 0 0 0 0,90,0.9,high_t1,fn,1,0,-0.009708203932499368,0.06715171486240425,0.009708203932499368,0.07685991879490361,0.9,0.9236709035943748,0.023670903594374737,0.0008731522823440527,0.0044100895306494045,0.18999999999999995,0.5116572050692112,0.32165720506921125,0.0008731522823440527,0.00427897577039461,-0.05831223094595188,-0.02020973654440783,0.03810249440154405,0.0008731522823440527,0.002820883612256201
RZDT2_VC,GPR-KG-pooled-pre,pooled_pre,2,1002,axis,1.0,0.004417494632216135,91 0 0 0 0,91,0.91,high_t1,fn,1,0,-0.010131935106024184,0.07432470040281881,0.010131935106024184,0.084456635508843,0.91,0.9332356427658489,0.023235642765848885,0.0007719286359422346,0.0044100895306494045,0.17189999999999994,0.5031027525902332,0.33120275259023324,0.0007719286359422346,0.00427897577039461,-0.05583189646270712,-0.013036751003993263,0.04279514545871386,0.0007719286359422346,0.002820883612256201
RZDT2_VC,GPR-KG-pooled-pre,pooled_pre,2,1002,axis,1.0,0.004417494632216135,92 0 0 0 0,92,0.92,high_t1,fn,1,0,-0.010515680160526363,0.08168007266699918,0.010515680160526363,0.09219575282752554,0.92,0.94280227152411,0.022802271524109963,0.0006856367334167007,0.0044100895306494045,0.15359999999999996,0.49442312116462633,0.3408231211646264,0.0006856367334167007,0.00427897577039461,-0.05358562299753181,-0.005681378739812892,0.047904244257718914,0.0006856367334167007,0.002820883612256201
RZDT2_VC,GPR-KG-pooled-pre,pooled_pre,2,1002,axis,1.0,0.004417494632216135,93 0 0 0 0,93,0.93,high_t1,fn,1,0,-0.010857924629592237,0.08921783165494558,0.010857924629592237,0.10007575628453783,0.93,0.9523707898691578,0.022370789869157748,0.000612990619923725,0.0044100895306494045,0.1350999999999999,0.4856183107923908,0.35051831079239093,0.000612990619923725,0.00427897577039461,-0.051582275565568166,0.0018563802481335046,0.05343865581370167,0.000612990619923725,0.002820883612256201
RZDT2_VC,GPR-KG-pooled-pre,pooled_pre,2,1002,axis,1.0,0.004417494632216135,94 0 0 0 0,94,0.94,high_t1,fn,1,0,-0.011157317830659014,0.09693797736665767,0.011157317830659014,0.10809529519731668,0.94,0.9619411978009924,0.021941197800992462,0.0005527753830590053,0.0044100895306494045,0.11640000000000006,0.4766883214735266,0.3602883214735265,0.0005527753830590053,0.00427897577039461,-0.04982976046388786,0.009576525959845594,0.059406286423733454,0.0005527753830590053,0.002820883612256201
RZDT2_VC,GPR-KG-pooled-pre,pooled_pre,2,1002,axis,1.0,0.004417494632216135,95 0 0 0 0,95,0.95,high_t1,fn,1,0,-0.011412678195541842,0.10484050980213579,0.011412678195541842,0.11625318799767763,0.95,0.9715134953196137,0.021513495319613773,0.0005038756289026096,0.0044100895306494045,0.09750000000000003,0.4676331532080336,0.3701331532080336,0.0005038756289026096,0.00427897577039461,-0.048334994068949144,0.01747905839532371,0.06581405246427285,0.0005038756289026096,0.002820883612256201
RZDT2_VC,GPR-KG-pooled-pre,pooled_pre,2,1002,axis,1.0,0.004417494632216135,96 0 0 0 0,96,0.96,high_t1,fn,1,0,-0.011622997933543572,0.1129254289613796,0.011622997933543572,0.12454842689492317,0.96,0.9810876824250219,0.021087682425021903,0.0004653012221544119,0.0044100895306494045,0.07840000000000003,0.45845280599591204,0.380052805995912,0.0004653012221544119,0.00427897577039461,-0.04710387554081908,0.02556397755456752,0.07266785309538659,0.0004653012221544119,0.002820883612256201
RZDT2_VC,GPR-KG-pooled-pre,pooled_pre,2,1002,axis,1.0,0.004417494632216135,97 0 0 0 0,97,0.97,high_t1,fn,1,0,-0.011787447008744269,0.12119273484438954,0.011787447008744269,0.13298018185313382,0.97,0.9906637591172168,0.02066375911721685,0.0004362098522594935,0.0044100895306494045,0.05910000000000004,0.44914727983716163,0.3900472798371616,0.0004362098522594935,0.00427897577039461,-0.04614126354188364,0.033831283437577464,0.0799725469794611,0.0004362098522594935,0.002820883612256201
RZDT2_VC,GPR-KG-pooled-pre,pooled_pre,2,1002,axis,1.0,0.004417494632216135,98 0 0 0 0,98,0.98,high_t1,fn,1,0,-0.01190537641577373,0.12964242745116528,0.01190537641577373,0.141547803866939,0.98,1.0002417253961986,0.020241725396198618,0.00041592604220944417,0.0044100895306494045,0.03960000000000008,0.4397165747317826,0.4001165747317825,0.00041592604220944417,0.00427897577039461,-0.04545095706192702,0.04228097604435321,0.08773193310628023,0.00041592604220944417,0.002820883612256201
RZDT2_VC,GPR-KG-pooled-pre,pooled_pre,2,1002,axis,1.0,0.004417494632216135,99 0 0 0 0,99,0.99,high_t1,fn,1,0,-0.01197632074113926,0.13827450678170672,0.01197632074113926,0.15025082752284596,0.99,1.0098215812619669,0.01982158126196687,0.0004039562776451963,0.0044100895306494045,0.01990000000000003,0.43016069067977475,0.4102606906797747,0.0004039562776451963,0.00427897577039461,-0.04503568042525459,0.050913055374894656,0.09594873580014925,0.0004039562776451963,0.002820883612256201
RZDT2_VC,GPR-KG-pooled-pre,pooled_pre,2,1002,axis,1.0,0.004417494632216135,100 0 0 0 0,100,1.0,high_t1,fn,1,0,-0.011999999999999997,0.1470889728360143,0.011999999999999997,0.1590889728360143,1.0,1.0194033267145222,0.019403326714522162,0.0004,0.0044100895306494045,0.0,0.4204796276811383,0.4204796276811383,0.0004,0.00427897577039461,-0.04489707253902944,0.059727521429202235,0.10462459396823168,0.0004,0.002820883612256201
RZDT2_VC,GPR-KG,vepm,0,1000,axis,1.0,0.004417494632216135,0 0 0 0 0,0,0.0,low_t1,fn,1,0,-0.011999999999999997,0.09070266492161605,0.011999999999999997,0.10270266492161605,0.0,0.06855407179672045,0.06855407179672045,0.0004,0.003931160610019656,1.0,0.7342410005066106,-0.26575899949338944,0.0004,0.003839311573384016,-0.04489707253902944,-0.048624808766971304,-0.003727736227941862,0.0004,0.007174952187539113
RZDT2_VC,GPR-KG,vepm,0,1000,axis,1.0,0.004417494632216135,1 0 0 0 0,1,0.01,low_t1,fn,1,0,-0.01197632074113926,0.0861674761920291,0.01197632074113926,0.09814379693316835,0.01,0.07774592801368063,0.06774592801368064,0.0004039562776451963,0.003931160610019656,0.9999,0.734738113333429,-0.26516188666657103,0.0004039562776451963,0.003839311573384016,-0.04503568042525459,-0.05315999749655827,-0.008124317071303677,0.0004039562776451963,0.007174952187539113
RZDT2_VC,GPR-KG,vepm,0,1000,axis,1.0,0.004417494632216135,2 0 0 0 0,2,0.02,low_t1,fn,1,0,-0.011905376415773737,0.08172235834425466,0.011905376415773737,0.09362773476002839,0.02,0.0869564680497802,0.0669564680497802,0.00041592604220944417,0.003931160610019656,0.9996,0.7351564080529426,-0.26444359194705747,0.00041592604220944417,0.003839311573384016,-0.045450957061927026,-0.0576051153443327,-0.012154158282405673,0.00041592604220944417,0.007174952187539113
RZDT2_VC,GPR-KG,vepm,0,1000,axis,1.0,0.004417494632216135,3 0 0 0 0,3,0.03,low_t1,fn,1,0,-0.011787447008744269,0.07736731137829275,0.011787447008744269,0.08915475838703701,0.03,0.09618569190501913,0.06618569190501913,0.0004362098522594935,0.003931160610019656,0.9991,0.7354958846651516,-0.2636041153348484,0.0004362098522594935,0.003839311573384016,-0.04614126354188364,-0.06196016231029461,-0.01581889876841097,0.0004362098522594935,0.007174952187539113
RZDT2_VC,GPR-KG,vepm,0,1000,axis,1.0,0.004417494632216135,4 0 0 0 0,4,0.04,low_t1,fn,1,0,-0.011622997933543572,0.07310233529414338,0.011622997933543572,0.08472533322768695,0.04,0.10543359957939744,0.06543359957939743,0.0004653012221544117,0.003931160610019656,0.9984,0.7357565431700559,-0.26264345682994406,0.0004653012221544117,0.003839311573384016,-0.04710387554081907,-0.06622513839444398,-0.019121262853624907,0.0004653012221544117,0.007174952187539113
RZDT2_VC,GPR-KG,vepm,0,1000,axis,1.0,0.004417494632216135,5 0 0 0 0,5,0.05,low_t1,fn,1,0,-0.011412678195541842,0.06892743009180655,0.011412678195541842,0.08034010828734839,0.05,0.11470019107291508,0.06470019107291508,0.0005038756289026093,0.003931160610019656,0.9975,0.7359383835676553,-0.26156161643234477,0.0005038756289026093,0.003839311573384016,-0.04833499406894913,-0.07040004359678081,-0.022065049527831684,0.0005038756289026093,0.007174952187539113
RZDT2_VC,GPR-KG,vepm,0,1000,axis,1.0,0.004417494632216135,6 0 0 0 0,6,0.06,low_t1,fn,1,0,-0.011157317830659014,0.06484259577128224,0.011157317830659014,0.07599991360194125,0.06,0.12398546638557212,0.06398546638557212,0.0005527753830590045,0.003931160610019656,0.9964,0.7360414058579501,-0.26035859414204987,0.0005527753830590045,0.003839311573384016,-0.04982976046388783,-0.07448487791730513,-0.024655117453417294,0.0005527753830590045,0.007174952187539113
RZDT2_VC,GPR-KG,vepm,0,1000,axis,1.0,0.004417494632216135,7 0 0 0 0,7,0.07,low_t1,fn,1,0,-0.010857924629592237,0.060847832332570434,0.010857924629592237,0.07170575696216266,0.07,0.13328942551736853,0.06328942551736852,0.0006129906199237256,0.003931160610019656,0.9951,0.7360656100409402,-0.2590343899590598,0.0006129906199237256,0.003839311573384016,-0.051582275565568186,-0.07847964135601693,-0.02689736579044874,0.0006129906199237256,0.007174952187539113
RZDT2_VC,GPR-KG,vepm,0,1000,axis,1.0,0.004417494632216135,8 0 0 0 0,8,0.08,low_t1,fn,1,0,-0.010515680160526363,0.056943139775671184,0.010515680160526363,0.06745881993619754,0.08,0.14261206846830426,0.06261206846830426,0.0006856367334167007,0.003931160610019656,0.9936,0.7360109961166255,-0.2575890038833746,0.0006856367334167007,0.003839311573384016,-0.05358562299753181,-0.08238433391291618,-0.02879871091538437,0.0006856367334167007,0.007174952187539113
RZDT2_VC,GPR-KG,vepm,0,1000,axis,1.0,0.004417494632216135,9 0 0 0 0,9,0.09,low_t1,fn,1,0,-0.010131935106024177,0.05312851810058447,0.010131935106024177,0.06326045320660864,0.09,0.15195339523837942,0.06195339523837942,0.0007719286359422355,0.003931160610019656,0.9919,0.7358775640850059,-0.2560224359149941,0.0007719286359422355,0.003839311573384016,-0.05583189646270714,-0.08619895558800289,-0.030367059125295748,0.0007719286359422355,0.007174952187539113
RZDT2_VC,GPR-KG,vepm,0,1000,axis,1.0,0.004417494632216135,10 0 0 0 0,10,0.1,low_t1,fn,1,0,-0.009708203932499368,0.04940396730731027,0.009708203932499368,0.059112171239809636,0.1,0.1613134058275939,0.0613134058275939,0.0008731522823440523,0.003931160610019656,0.99,0.7356653139460818,-0.2543346860539182,0.0008731522823440523,0.003839311573384016,-0.05831223094595187,-0.0899235063812771,-0.03161127543532522,0.0008731522823440523,0.007174952187539113
RZDT2_VC,GPR-KG,vepm,0,1000,axis,1.0,0.004417494632216135,11 0 0 0 0,11,0.11,low_t1,fn,1,0,-0.009246158913309467,0.0457694873958486,0.009246158913309467,0.05501564630915807,0.11,0.17069210023594777,0.060692100235947774,0.0009906339438016311,0.003931160610019656,0.9879,0.735374245699853,-0.252525754300147,0.0009906339438016311,0.003839311573384016,-0.061016837700217666,-0.09355798629273876,-0.032541148592521094,0.0009906339438016311,0.007174952187539113
RZDT2_VC,GPR-KG,vepm,0,1000,axis,1.0,0.004417494632216135,12 0 0 0 0,12,0.12,low_t1,fn,1,0,-0.008747623529056933,0.04222507836619946,0.008747623529056933,0.05097270189525639,0.12,0.180089478463441,0.06008947846344101,0.0011257077574617607,0.003931160610019656,0.9856,0.7350043593463192,-0.2505956406536808,0.0011257077574617607,0.003839311573384016,-0.06393504287826272,-0.0971023953223879,-0.03316735244412518,0.0011257077574617607,0.007174952187539113
RZDT2_VC,GPR-KG,vepm,0,1000,axis,1.0,0.004417494632216135,13 0 0 0 0,13,0.13,low_t1,fn,1,0,-0.00821456527114426,0.03877074021836287,0.00821456527114426,0.04698530548950713,0.13,0.18950554051007362,0.05950554051007362,0.0012796821090875375,0.003931160610019656,0.9831,0.7345556548854809,-0.24854434511451906,0.0012796821090875375,0.003839311573384016,-0.06705532965745045,-0.1005567334702245,-0.03350140381277404,0.0012796821090875375,0.007174952187539113
RZDT2_VC,GPR-KG,vepm,0,1000,axis,1.0,0.004417494632216135,14 0 0 0 0,14,0.14,low_t1,fn,1,0,-0.007649087876984276,0.035406472952338786,0.007649087876984276,0.04305556082932306,0.14,0.1989402863758456,0.058940286375845585,0.001453805428527017,0.003931160610019656,0.9804,0.7340281323173379,-0.24637186768266217,0.001453805428527017,0.003839311573384016,-0.07036538369138683,-0.10392100073624858,-0.03355561704486175,0.001453805428527017,0.007174952187539113
RZDT2_VC,GPR-KG,vepm,0,1000,axis,1.0,0.004417494632216135,15 0 0 0 0,15,0.15,low_t1,fn,1,0,-0.007053423027509678,0.03213227656812724,0.007053423027509678,0.03918569959563692,0.15,0.2083937160607569,0.05839371606075691,0.0016492319909840038,0.003931160610019656,0.9775,0.7334217916418899,-0.24407820835811012,0.0016492319909840038,0.003839311573384016,-0.0738521417090197,-0.10719519712046012,-0.03334305541144042,0.0016492319909840038,0.007174952187539113
RZDT2_VC,GPR-KG,vepm,0,1000,axis,1.0,0.004417494632216135,16 0 0 0 0,16,0.16,low_t1,fn,1,0,-0.00642992153974796,0.028948151065728234,0.00642992153974796,0.035378072605476193,0.16,0.21786582956480763,0.057865829564807625,0.0018669883206906834,0.003931160610019656,0.9744,0.7327366328591375,-0.24166336714086256,0.0018669883206906834,0.003839311573384016,-0.07750184306940175,-0.11037932262285913,-0.03287747955345738,0.0018669883206906834,0.007174952187539113
RZDT2_VC,GPR-KG,vepm,0,1000,axis,1.0,0.004417494632216135,17 0 0 0 0,17,0.17,low_t1,fn,1,0,-0.005781044089220588,0.02585409644514175,0.005781044089220588,0.03163514053436234,0.17,0.22735662688799768,0.05735662688799767,0.0021079407875642477,0.003931160610019656,0.9711,0.7319726559690802,-0.23912734403091973,0.0021079407875642477,0.003839311573384016,-0.08130008406865345,-0.11347337724344561,-0.03217329317479216,0.0021079407875642477,0.007174952187539113
RZDT2_VC,GPR-KG,vepm,0,1000,axis,1.0,0.004417494632216135,18 0 0 0 0,18,0.18,low_t1,fn,1,0,-0.005109351498780876,0.02285011270636779,0.005109351498780876,0.027959464205148665,0.18,0.23686610803032712,0.05686610803032713,0.00237276497185863,0.003931160610019656,0.9676,0.7311298609717181,-0.23647013902828196,0.00237276497185863,0.003839311573384016,-0.08523187478480203,-0.11647736098221957,-0.031245486197417544,0.00237276497185863,0.007174952187539113
RZDT2_VC,GPR-KG,vepm,0,1000,axis,1.0,0.004417494632216135,19 0 0 0 0,19,0.19,low_t1,fn,1,0,-0.004417494632216135,0.019936199849406352,0.004417494632216135,0.024353694481622487,0.19,0.24639427299179595,0.056394272991795946,0.0026619173469304897,0.003931160610019656,0.9639,0.7302082478670514,-0.23369175213294857,0.0026619173469304897,0.003839311573384016,-0.08928169823615514,-0.11939127383918101,-0.030109575603025865,0.0026619173469304897,0.007174952187539113
RZDT2_VC,GPR-KG,vepm,0,1000,axis,1.0,0.004417494632216135,20 0 0 0 0,20,0.2,low_t1,fn,1,0,-0.0037082039324993626,0.017112357874257467,0.0037082039324993626,0.02082056180675683,0.2,0.25594112177240413,0.05594112177240412,0.002975609796406684,0.003931160610019656,0.96,0.7292078166550799,-0.23079218334492002,0.002975609796406684,0.003839311573384016,-0.09343357161973867,-0.1222151158143299,-0.028781544194591224,0.002975609796406684,0.007174952187539113
RZDT2_VC,GPR-KG,vepm,0,1000,axis,1.0,0.004417494632216135,21 0 0 0 0,21,0.21,low_t1,fn,1,0,-0.002984278645978264,0.014378586780921104,0.002984278645978264,0.017362865426899368,0.21,0.26550665437215165,0.05550665437215166,0.0033137874397911856,0.003931160610019656,0.9559,0.7281285673358038,-0.2277714326641962,0.0033137874397911856,0.003839311573384016,-0.09767110938811811,-0.12494888690766626,-0.027277777519548144,0.0033137874397911856,0.007174952187539113
RZDT2_VC,GPR-KG,vepm,0,1000,axis,1.0,0.004417494632216135,22 0 0 0 0,22,0.22,low_t1,fn,1,0,-0.0022485757750286967,0.011734886569397251,0.0022485757750286967,0.013983462344425948,0.22,0.27509087079103856,0.055090870791038554,0.0036761101905396125,0.003931160610019656,0.9516,0.7269704999092227,-0.2246295000907773,0.0036761101905396125,0.003839311573384016,-0.10197758791566854,-0.1275925871191901,-0.025614999203521574,0.0036761101905396125,0.007174952187539113
RZDT2_VC,GPR-KG,vepm,0,1000,axis,1.0,0.004417494632216135,23 0 0 0 0,23,0.23,low_t1,fn,1,0,-0.0015039988027716472,0.009181257239685936,0.0015039988027716472,0.010685256042457583,0.23,0.2846937710290648,0.05469377102906478,0.004061938413639081,0.003931160610019656,0.9471,0.7257336143753371,-0.22136638562466293,0.004061938413639081,0.003839311573384016,-0.1063360114990846,-0.13014621644890143,-0.023810204949816824,0.004061938413639081,0.007174952187539113
RZDT2_VC,GPR-KG,vepm,0,1000,axis,1.0,0.004417494632216135,24 0 0 0 0,24,0.24,low_t1,fn,1,0,-0.0007534862343517579,0.006717698791787158,0.0007534862343517579,0.007471185026138916,0.24,0.29431535508623047,0.05431535508623048,0.004470322986651707,0.003931160610019656,0.9424,0.7244179107341467,-0.21798208926585327,0.004470322986651707,0.003839311573384016,-0.11072917943165687,-0.1326097748968002,-0.02188059546514333,0.004470322986651707,0.007174952187539113
RZDT2_VC,GPR-KG,vepm,0,1000,axis,1.0,0.004417494632216135,25 0 0 0 0,25,0.25,low_t1,fn,1,0,0.0,0.004344211225700917,0.0,0.004344211225700917,0.25,0.3039556229625355,0.05395562296253548,0.004900000000000001,0.003931160610019656,0.9375,0.7230233889856514,-0.21447661101434856,0.004900000000000001,0.003839311573384016,-0.11513975388660307,-0.13498326246288644,-0.019843508576283378,0.004900000000000001,0.007174952187539113
RZDT2_VC,GPR-KG,vepm,0,1000,axis,1.0,0.004417494632216135,26 0 0 0 0,26,0.26,low_t1,tn,0,0,0.0007534862343517579,0.0020607945414272133,0.0007534862343517579,0.0013073083070754554,0.26,0.31361457465797987,0.05361457465797986,0.005349390260062097,0.003931160610019656,0.9324,0.7215500491298517,-0.21084995087014835,0.005349390260062097,0.003839311573384016,-0.11955032834154922,-0.13726667914716015,-0.01771635080561093,0.005349390260062097,0.007174952187539113
RZDT2_VC,GPR-KG,vepm,0,1000,axis,1.0,0.004417494632216135,27 0 0 0 0,27,0.27,low_t1,fp,0,1,0.0015039988027716472,-0.00013255126103398074,0.0015039988027716472,-0.001636550063805628,0.27,0.3232922101725636,0.05329221017256358,0.005816603683539342,0.003931160610019656,0.9271,0.7199978911667471,-0.20710210883325297,0.005816603683539342,0.003839311573384016,-0.1239434962741215,-0.13946002494962134,-0.015516528675499838,0.005816603683539342,0.007174952187539113
RZDT2_VC,GPR-KG,vepm,0,1000,axis,1.0,0.004417494632216135,28 0 0 0 0,28,0.28,low_t1,fp,0,1,0.0022485757750287105,-0.0022358261816826375,0.0022485757750287105,-0.004484401956711348,0.28,0.33298852950628677,0.05298852950628674,0.006299448594739758,0.003931160610019656,0.9216,0.7183669150963377,-0.20323308490366232,0.006299448594739758,0.003839311573384016,-0.12830191985753753,-0.14156329987027,-0.013261380012732471,0.006299448594739758,0.007174952187539113
RZDT2_VC,GPR-KG,vepm,0,1000,axis,1.0,0.004417494632216135,29 0 0 0 0,29,0.29,low_t1,fp,0,1,0.00298427864597825,-0.004249030220518785,0.00298427864597825,-0.007233308866497035,0.29,0.3427035326591492,0.05270353265914923,0.006795445860099151,0.003931160610019656,0.9159,0.7166571209186237,-0.1992428790813764,0.006795445860099151,0.003839311573384016,-0.13260839838508798,-0.14357650390910615,-0.010968105524018168,0.006795445860099151,0.007174952187539113
RZDT2_VC,GPR-KG,vepm,0,1000,axis,1.0,0.004417494632216135,30 0 0 0 0,30,0.3,low_t1,fp,0,1,0.0037082039324993765,-0.006172163377542367,0.0037082039324993765,-0.009880367310041743,0.3,0.35243721963115104,0.052437219631151055,0.007301847717655946,0.003931160610019656,0.91,0.7148685086336048,-0.19513149136639518,0.007301847717655946,0.003839311573384016,-0.1368459361534674,-0.14549963706612973,-0.008653700912662321,0.007301847717655946,0.007174952187539113
RZDT2_VC,GPR-KG,vepm,0,1000,axis,1.0,0.004417494632216135,31 0 0 0 0,31,0.31,low_t1,fp,0,1,0.004417494632216135,-0.00800522565275344,0.004417494632216135,-0.012422720284969574,0.31,0.36218959042229226,0.052189590422292265,0.007815661084515983,0.003931160610019656,0.9039,0.7130010782412812,-0.1908989217587188,0.007815661084515983,0.003839311573384016,-0.14099780953705096,-0.1473326993413408,-0.006334889804289839,0.007815661084515983,0.007174952187539113
RZDT2_VC,GPR-KG,vepm,0,1000,axis,1.0,0.004417494632216135,32 0 0 0 0,32,0.32,low_t1,fp,0,1,0.005109351498780862,-0.009748217046151975,0.005109351498780862,-0.014857568544932837,0.32,0.37196064503257287,0.05196064503257286,0.008333675053769645,0.003931160610019656,0.8976,0.711054829741653,-0.18654517025834694,0.008333675053769645,0.003839311573384016,-0.1450476329884041,-0.14907569073473934,-0.004028057746335245,0.008333675053769645,0.007174952187539113
RZDT2_VC,GPR-KG,vepm,0,1000,axis,1.0,0.004417494632216135,33 0 0 0 0,33,0.33,low_t1,fp,0,1,0.005781044089220588,-0.011401137557737973,0.005781044089220588,-0.01718218164695856,0.33,0.3817503834619928,0.05175038346199279,0.00885249222498826,0.003931160610019656,0.8911,0.70902976313472,-0.18207023686528,0.00885249222498826,0.003839311573384016,-0.14897942370455264,-0.15072861124632533,-0.0017491875417726954,0.00885249222498826,0.007174952187539113
RZDT2_VC,GPR-KG,vepm,0,1000,axis,1.0,0.004417494632216135,34 0 0 0 0,34,0.34,mid_t1,fp,0,1,0.006429921539747974,-0.012963987187511461,0.006429921539747974,-0.019393908727259435,0.34,0.39155880571055207,0.05155880571055205,0.00936856345039664,0.003931160610019656,0.8844,0.7069258784204824,-0.17747412157951759,0.00936856345039664,0.003839311573384016,-0.15277766470380438,-0.15229146087609882,0.00048620382770556136,0.00936856345039664,0.007174952187539113
RZDT2_VC,GPR-KG,vepm,0,1000,axis,1.0,0.004417494632216135,35 0 0 0 0,35,0.35,mid_t1,fp,0,1,0.007053423027509664,-0.014436765935472412,0.007053423027509664,-0.021490188962982076,0.35,0.4013859117782508,0.051385911778250803,0.009878225523078626,0.003931160610019656,0.8775000000000001,0.7047431755989398,-0.17275682440106022,0.009878225523078626,0.003839311573384016,-0.15642736606418642,-0.15376423962405977,0.0026631264401266452,0.009878225523078626,0.007174952187539113
RZDT2_VC,GPR-KG,vepm,0,1000,axis,1.0,0.004417494632216135,36 0 0 0 0,36,0.36,mid_t1,fp,0,1,0.00764908787698429,-0.015819473801620826,0.00764908787698429,-0.023468561678605115,0.36,0.4112317016650888,0.051231701665088836,0.010377741285008674,0.003931160610019656,0.8704000000000001,0.7024816546700926,-0.16791834532990746,0.010377741285008674,0.003839311573384016,-0.1599141240818193,-0.1551469474902082,0.004767176591611105,0.010377741285008674,0.007174952187539113
RZDT2_VC,GPR-KG,vepm,0,1000,axis,1.0,0.004417494632216135,37 0 0 0 0,37,0.37,mid_t1,fp,0,1,0.008214565271144253,-0.01711211078595673,0.008214565271144253,-0.025326676057100983,0.37,0.42109617537106625,0.051096175371066255,0.01086334159208918,0.003931160610019656,0.8631,0.7001413156339408,-0.1629586843660592,0.01086334159208918,0.003839311573384016,-0.16322417811575568,-0.1564395844745441,0.006784593641211589,0.01086334159208918,0.007174952187539113
RZDT2_VC,GPR-KG,vepm,0,1000,axis,1.0,0.004417494632216135,38 0 0 0 0,38,0.38,mid_t1,fp,0,1,0.008747623529056947,-0.018314676888480097,0.008747623529056947,-0.027062300417537044,0.38,0.43097933289618306,0.05097933289618306,0.011331268541361518,0.003931160610019656,0.8556,0.697722158490484,-0.157877841509516,0.011331268541361518,0.003839311573384016,-0.16634446489494334,-0.15764215057706746,0.008702314317875881,0.011331268541361518,0.007174952187539113
RZDT2_VC,GPR-KG,vepm,0,1000,axis,1.0,0.004417494632216135,39 0 0 0 0,39,0.39,mid_t1,fp,0,1,0.00924615891330946,-0.019427172109190927,0.00924615891330946,-0.028673331022500387,0.39,0.44088117424043916,0.05088117424043914,0.01177781934266268,0.003931160610019656,0.8479,0.6952241832397227,-0.1526758167602773,0.01177781934266268,0.003839311573384016,-0.16926267007298845,-0.1587546457977783,0.010508024275210165,0.01177781934266268,0.007174952187539113
RZDT2_VC,GPR-KG,vepm,0,1000,axis,1.0,0.004417494632216135,40 0 0 0 0,40,0.4,mid_t1,fp,0,1,0.009708203932499382,-0.02044959644808922,0.009708203932499382,-0.0301578003805886,0.4,0.45080169940383474,0.05080169940383472,0.012199390203593317,0.003931160610019656,0.84,0.6926473898816565,-0.14735261011834344,0.012199390203593317,0.003839311573384016,-0.1719672768272542,-0.15977707013667658,0.012190206690577632,0.012199390203593317,0.007174952187539113
RZDT2_VC,GPR-KG,vepm,0,1000,axis,1.0,0.004417494632216135,41 0 0 0 0,41,0.41,mid_t1,fp,0,1,0.01013193510602417,-0.021381949905174974,0.01013193510602417,-0.031513885011199144,0.41,0.46074090838636955,0.050740908386369576,0.012592519592970444,0.003931160610019656,0.8319000000000001,0.6899917784162857,-0.1419082215837144,0.012592519592970444,0.003839311573384016,-0.17444761131049896,-0.16070942359376233,0.013738187716736627,0.012592519592970444,0.007174952187539113
RZDT2_VC,GPR-KG,vepm,0,1000,axis,1.0,0.004417494632216135,42 0 0 0 0,42,0.42,mid_t1,fp,0,1,0.01051568016052637,-0.02222423248044822,0.01051568016052637,-0.03273991264097459,0.42,0.47069880118804386,0.050698801188043874,0.012953930254030792,0.003931160610019656,0.8236,0.6872573488436101,-0.13634265115638988,0.012953930254030792,0.003839311573384016,-0.1766938847756743,-0.16155170616903558,0.015142178606638718,0.012953930254030792,0.007174952187539113
RZDT2_VC,GPR-KG,vepm,0,1000,axis,1.0,0.004417494632216135,43 0 0 0 0,43,0.43,mid_t1,fp,0,1,0.01085792462959223,-0.022976444173908928,0.01085792462959223,-0.03383436880350116,0.43,0.4806753778088575,0.0506753778088575,0.01328056935444799,0.003931160610019656,0.8151,0.6844441011636299,-0.1306558988363702,0.01328056935444799,0.003839311573384016,-0.1786972322076379,-0.1623039178624963,0.016393314345141602,0.01328056935444799,0.007174952187539113
RZDT2_VC,GPR-KG,vepm,0,1000,axis,1.0,0.004417494632216135,44 0 0 0 0,44,0.44,mid_t1,fp,0,1,0.011157317830659014,-0.023638584985557126,0.011157317830659014,-0.03479590281621614,0.44,0.4906706382488104,0.05067063824881041,0.013569646185494524,0.003931160610019656,0.8064,0.6815520353763447,-0.12484796462365533,0.013569646185494524,0.003839311573384016,-0.18044974730931826,-0.1629660586741445,0.017483688635173772,0.013569646185494524,0.007174952187539113
RZDT2_VC,GPR-KG,vepm,0,1000,axis,1.0,0.004417494632216135,45 0 0 0 0,45,0.45,mid_t1,fp,0,1,0.011412678195541842,-0.024210654915392787,0.011412678195541842,-0.03562333311093463,0.45,0.5006845825079028,0.05068458250790281,0.01381866685703476,0.003931160610019656,0.7975,0.6785811514817549,-0.11891884851824508,0.01381866685703476,0.003839311573384016,-0.18194451370425696,-0.16353812860398015,0.018406385100276812,0.01381866685703476,0.007174952187539113
RZDT2_VC,GPR-KG,vepm,0,1000,axis,1.0,0.004417494632216135,46 0 0 0 0,46,0.46,mid_t1,fp,0,1,0.011622997933543572,-0.024692653963415884,0.011622997933543572,-0.036315651896959456,0.46,0.5107172105861345,0.05071721058613449,0.014025465477955251,0.003931160610019656,0.7884,0.6755314494798604,-0.11286855052013955,0.014025465477955251,0.003839311573384016,-0.18317563223238706,-0.16402012765200324,0.019155504580383814,0.014025465477955251,0.007174952187539113
RZDT2_VC,GPR-KG,vepm,0,1000,axis,1.0,0.004417494632216135,47 0 0 0 0,47,0.47,mid_t1,fp,0,1,0.011787447008744262,-0.02508458212962647,0.011787447008744262,-0.03687202913837073,0.47,0.5207685224835056,0.05076852248350561,0.014188231362461133,0.003931160610019656,0.7791,0.6724029293706613,-0.10669707062933875,0.014188231362461133,0.003839311573384016,-0.18413824423132247,-0.16441205581821383,0.019726188413108636,0.014188231362461133,0.007174952187539113
RZDT2_VC,GPR-KG,vepm,0,1000,axis,1.0,0.004417494632216135,48 0 0 0 0,48,0.48,mid_t1,fp,0,1,0.011905376415773744,-0.025386439414024548,0.011905376415773744,-0.03729181582979829,0.48,0.530838518200016,0.05083851820001606,0.014305531860612137,0.003931160610019656,0.7696000000000001,0.6691955911541573,-0.10040440884584279,0.014305531860612137,0.003839311573384016,-0.1848285507112791,-0.1647139131026119,0.02011463760866719,0.014305531860612137,0.007174952187539113
RZDT2_VC,GPR-KG,vepm,0,1000,axis,1.0,0.004417494632216135,49 0 0 0 0,49,0.49,mid_t1,fp,0,1,0.011976320741139274,-0.02559822581661006,0.011976320741139274,-0.03757454655774933,0.49,0.5409271977356659,0.0509271977356659,0.014376330475641002,0.003931160610019656,0.7599,0.6659094348303486,-0.09399056516965143,0.014376330475641002,0.003839311573384016,-0.18524382734795153,-0.16492569950519742,0.020318127842754108,0.014376330475641002,0.007174952187539113
RZDT2_VC,GPR-KG,vepm,0,1000,axis,1.0,0.004417494632216135,50 0 0 0 0,50,0.5,mid_t1,fp,0,1,0.01200000000000001,-0.025719941337383062,0.01200000000000001,-0.03771994133738307,0.5,0.5510345610904551,0.05103456109045512,0.0144,0.003931160610019656,0.75,0.6625444603992351,-0.08745553960076491,0.0144,0.003839311573384016,-0.18538243523417663,-0.16504741502597042,0.02033502020820621,0.0144,0.007174952187539113
RZDT2_VC,GPR-KG,vepm,0,1000,axis,1.0,0.004417494632216135,51 0 0 0 0,51,0.51,mid_t1,fp,0,1,0.011976320741139274,-0.043081313778940686,0.011976320741139274,-0.05505763452007996,0.51,0.5611606082643836,0.05116060826438362,0.014376330475641002,0.013452782784054682,0.7399,0.6591006678608169,-0.08079933213918311,0.014376330475641002,0.005687368127285132,-0.18524382734795153,-0.1650790596649309,0.02016476768302064,0.014376330475641002,0.005501094421061095
RZDT2_VC,GPR-KG,vepm,0,1000,axis,1.0,0.004417494632216135,52 0 0 0 0,52,0.52,mid_t1,fp,0,1,0.011905376415773744,-0.04302288753608864,0.011905376415773744,-0.054928263951862386,0.52,0.5713053392574516,0.05130533925745162,0.014305531860612137,0.013452782784054682,0.7296,0.655578057215094,-0.07402194278490604,0.014305531860612137,0.005687368127285132,-0.1848285507112791,-0.16502063342207884,0.019807917289200255,0.014305531860612137,0.005501094421061095
RZDT2_VC,GPR-KG,vepm,0,1000,axis,1.0,0.004417494632216135,53 0 0 0 0,53,0.53,mid_t1,fp,0,1,0.011787447008744262,-0.04287439041142409,0.011787447008744262,-0.05466183742016835,0.53,0.5814687540696588,0.051468754069658784,0.014188231362461133,0.013452782784054682,0.7191,0.6519766284620664,-0.06712337153793357,0.014188231362461133,0.005687368127285132,-0.18413824423132247,-0.1648721362974143,0.019266107933908178,0.014188231362461133,0.005501094421061095
RZDT2_VC,GPR-KG,vepm,0,1000,axis,1.0,0.004417494632216135,54 0 0 0 0,54,0.54,mid_t1,fp,0,1,0.011622997933543572,-0.04263582240494697,0.011622997933543572,-0.05425882033849054,0.54,0.5916508527010056,0.051650852701005556,0.014025465477955242,0.013452782784054682,0.7083999999999999,0.648296381601734,-0.060103618398265946,0.014025465477955242,0.005687368127285132,-0.183175632232387,-0.16463356829093717,0.018542063941449832,0.014025465477955242,0.005501094421061095
RZDT2_VC,GPR-KG,vepm,0,1000,axis,1.0,0.004417494632216135,55 0 0 0 0,55,0.55,mid_t1,fp,0,1,0.011412678195541842,-0.04230718351665731,0.011412678195541842,-0.053719861712199155,0.55,0.6018516351514915,0.05185163515149149,0.013818666857034756,0.013452782784054682,0.6975,0.644537316634097,-0.05296268336590304,0.013818666857034756,0.005687368127285132,-0.18194451370425696,-0.16430492940264751,0.017639584301609446,0.013818666857034756,0.005501094421061095
RZDT2_VC,GPR-KG,vepm,0,1000,axis,1.0,0.004417494632216135,56 0 0 0 0,56,0.56,mid_t1,fp,0,1,0.011157317830659014,-0.04188847374655515,0.011157317830659014,-0.05304579157721416,0.56,0.612071101421117,0.05207110142111693,0.013569646185494524,0.013452782784054682,0.6863999999999999,0.6406994335591552,-0.04570056644084475,0.013569646185494524,0.005687368127285132,-0.18044974730931826,-0.16388621963254535,0.01656352767677291,0.013569646185494524,0.005501094421061095
RZDT2_VC,GPR-KG,vepm,0,1000,axis,1.0,0.004417494632216135,57 0 0 0 0,57,0.57,mid_t1,fp,0,1,0.01085792462959223,-0.041379693094640416,0.01085792462959223,-0.052237617724232646,0.57,0.6223092515098817,0.05230925150988175,0.013280569354448001,0.013452782784054682,0.6751,0.6367827323769085,-0.03831726762309151,0.013280569354448001,0.005687368127285132,-0.17869723220763795,-0.16337743898063062,0.015319793227007328,0.013280569354448001,0.005501094421061095
RZDT2_VC,GPR-KG,vepm,0,1000,axis,1.0,0.004417494632216135,58 0 0 0 0,58,0.58,mid_t1,fp,0,1,0.01051568016052637,-0.0407808415609132,0.01051568016052637,-0.05129652172143957,0.58,0.6325660854177858,0.052566085417785846,0.012953930254030797,0.013452782784054682,0.6636,0.6327872130873573,-0.030812786912642665,0.012953930254030797,0.005687368127285132,-0.17669388477567435,-0.1627785874469034,0.013915297328770948,0.012953930254030797,0.005501094421061095
RZDT2_VC,GPR-KG,vepm,0,1000,axis,1.0,0.004417494632216135,59 0 0 0 0,59,0.59,mid_t1,fp,0,1,0.01013193510602417,-0.0400919191453734,0.01013193510602417,-0.05022385425139757,0.59,0.6428416031448294,0.05284160314482944,0.012592519592970447,0.013452782784054682,0.6519,0.6287128756905013,-0.023187124309498763,0.012592519592970447,0.005687368127285132,-0.174447611310499,-0.1620896650313636,0.01235794627913539,0.012592519592970447,0.005501094421061095
RZDT2_VC,GPR-KG,vepm,0,1000,axis,1.0,0.004417494632216135,60 0 0 0 0,60,0.6,mid_t1,fp,0,1,0.009708203932499382,-0.03931292584802114,0.009708203932499382,-0.04902112978052052,0.6,0.6531358046910123,0.05313580469101231,0.012199390203593318,0.013452782784054682,0.64,0.6245597201863404,-0.015440279813659585,0.012199390203593318,0.005687368127285132,-0.17196727682725424,-0.16131067173401134,0.010656605093242899,0.012199390203593318,0.005501094421061095
RZDT2_VC,GPR-KG,vepm,0,1000,axis,1.0,0.004417494632216135,61 0 0 0 0,61,0.61,mid_t1,fp,0,1,0.00924615891330946,-0.038443861668856286,0.00924615891330946,-0.047690020582165746,0.61,0.6634486900563344,0.05344869005633446,0.01177781934266268,0.013452782784054682,0.6279,0.620327746574875,-0.0075722534251250195,0.01177781934266268,0.005687368127285132,-0.16926267007298845,-0.1604416075548465,0.008821062518141964,0.01177781934266268,0.005501094421061095
RZDT2_VC,GPR-KG,vepm,0,1000,axis,1.0,0.004417494632216135,62 0 0 0 0,62,0.62,mid_t1,fp,0,1,0.008747623529056947,-0.03748472660787895,0.008747623529056947,-0.0462323501369359,0.62,0.673780259240796,0.05378025924079599,0.011331268541361527,0.013452782784054682,0.6155999999999999,0.6160169548561047,0.0004169548561048231,0.011331268541361527,0.005687368127285132,-0.1663444648949434,-0.15948247249386915,0.006861992401074241,0.011331268541361527,0.005501094421061095
RZDT2_VC,GPR-KG,vepm,0,1000,axis,1.0,0.004417494632216135,63 0 0 0 0,63,0.63,mid_t1,fp,0,1,0.00821456527114428,-0.036435520665089025,0.00821456527114428,-0.044650085936233305,0.63,0.684130512244397,0.05413051224439702,0.010863341592089185,0.013452782784054682,0.6031,0.6116273450300298,0.008527345030029831,0.010863341592089185,0.005687368127285132,-0.16322417811575568,-0.15843326655107923,0.004790911564676453,0.010863341592089185,0.005501094421061095
RZDT2_VC,GPR-KG,vepm,0,1000,axis,1.0,0.004417494632216135,64 0 0 0 0,64,0.64,mid_t1,fp,0,1,0.007649087876984262,-0.035296243840486644,0.007649087876984262,-0.042945331717470905,0.64,0.6944994490671373,0.05449944906713733,0.01037774128500867,0.013452782784054682,0.5904,0.60715891709665,0.016758917096650006,0.01037774128500867,0.005687368127285132,-0.1599141240818193,-0.15729398972647685,0.002620134355342446,0.01037774128500867,0.005501094421061095
RZDT2_VC,GPR-KG,vepm,0,1000,axis,1.0,0.004417494632216135,65 0 0 0 0,65,0.65,mid_t1,fp,0,1,0.007053423027509692,-0.034066896134071725,0.007053423027509692,-0.04112031916158142,0.65,0.704887069709017,0.05488706970901702,0.009878225523078628,0.013452782784054682,0.5774999999999999,0.6026116710559657,0.02511167105596579,0.009878225523078628,0.005687368127285132,-0.1564273660641864,-0.15606464202006193,0.0003627240441244628,0.009878225523078628,0.005501094421061095
RZDT2_VC,GPR-KG,vepm,0,1000,axis,1.0,0.004417494632216135,66 0 0 0 0,66,0.66,mid_t1,fp,0,1,0.006429921539747946,-0.032747477545844214,0.006429921539747946,-0.03917739908559216,0.66,0.7152933741700361,0.0552933741700361,0.009368563450396631,0.013452782784054682,0.5644,0.5979856069079766,0.03358560690797663,0.009368563450396631,0.005687368127285132,-0.15277766470380436,-0.15474522343183442,-0.001967558728030061,0.009368563450396631,0.005501094421061095
RZDT2_VC,GPR-KG,vepm,0,1000,axis,1.0,0.004417494632216135,67 0 0 0 0,67,0.67,high_t1,fp,0,1,0.005781044089220588,-0.03133798807580425,0.005781044089220588,-0.03711903216502484,0.67,0.7257183624501946,0.05571836245019457,0.00885249222498826,0.013452782784054682,0.5510999999999999,0.5932807246526827,0.042180724652682744,0.00885249222498826,0.005687368127285132,-0.14897942370455264,-0.15333573396179445,-0.004356310257241813,0.00885249222498826,0.005501094421061095
RZDT2_VC,GPR-KG,vepm,0,1000,axis,1.0,0.004417494632216135,68 0 0 0 0,68,0.68,high_t1,fp,0,1,0.005109351498780862,-0.029838427723951663,0.005109351498780862,-0.034947779222732525,0.68,0.7361620345494924,0.05616203454949231,0.008333675053769642,0.013452782784054682,0.5375999999999999,0.5884970242900841,0.05089702429008425,0.008333675053769642,0.005687368127285132,-0.14504763298840406,-0.15183617360994187,-0.006788540621537803,0.008333675053769642,0.005501094421061095
RZDT2_VC,GPR-KG,vepm,0,1000,axis,1.0,0.004417494632216135,69 0 0 0 0,69,0.69,high_t1,fp,0,1,0.004417494632216135,-0.028248796490286623,0.004417494632216135,-0.03266629112250276,0.69,0.7466243904679295,0.05662439046792955,0.007815661084515988,0.013452782784054682,0.5239,0.5836345058201807,0.059734505820180694,0.007815661084515988,0.005687368127285132,-0.14099780953705102,-0.15024654237627683,-0.00924873283922581,0.007815661084515988,0.005501094421061095
RZDT2_VC,GPR-KG,vepm,0,1000,axis,1.0,0.004417494632216135,70 0 0 0 0,70,0.7,high_t1,fp,0,1,0.0037082039324993765,-0.02656909437480902,0.0037082039324993765,-0.030277298307308395,0.7,0.7571054302055061,0.05710543020550618,0.007301847717655946,0.013452782784054682,0.51,0.5786931692429726,0.06869316924297264,0.007301847717655946,0.005687368127285132,-0.1368459361534674,-0.14856684026079922,-0.011720904107331814,0.007301847717655946,0.005501094421061095
RZDT2_VC,GPR-KG,vepm,0,1000,axis,1.0,0.004417494632216135,71 0 0 0 0,71,0.71,high_t1,fp,0,1,0.00298427864597825,-0.08108547291134616,0.00298427864597825,-0.08406975155732441,0.71,0.7676051537622219,0.05760515376222197,0.006795445860099158,0.002818701593619847,0.4959,0.5736730145584599,0.07777301455845986,0.006795445860099158,0.0017542257796369246,-0.13260839838508803,-0.1467970672635091,-0.014188668878421073,0.006795445860099158,0.0015959875365398348
RZDT2_VC,GPR-KG,vepm,0,1000,axis,1.0,0.004417494632216135,72 0 0 0 0,72,0.72,high_t1,fp,0,1,0.0022485757750286828,-0.07922562903224348,0.0022485757750286828,-0.08147420480727216,0.72,0.7781235611380772,0.05812356113807726,0.006299448594739758,0.002818701593619847,0.48160000000000003,0.5685740417666423,0.08697404176664225,0.006299448594739758,0.0017542257796369246,-0.12830191985753756,-0.14493722338440643,-0.016635303526868872,0.006299448594739758,0.0015959875365398348
RZDT2_VC,GPR-KG,vepm,0,1000,axis,1.0,0.004417494632216135,73 0 0 0 0,73,0.73,high_t1,fp,0,1,0.001503998802771661,-0.07727571427132832,0.001503998802771661,-0.07877971307409998,0.73,0.7886606523330719,0.05866065233307194,0.005816603683539342,0.002818701593619847,0.46710000000000007,0.5633962508675201,0.09629625086752003,0.005816603683539342,0.0017542257796369246,-0.12394349627412149,-0.14298730862349127,-0.019043812349369776,0.005816603683539342,0.0015959875365398348
RZDT2_VC,GPR-KG,vepm,0,1000,axis,1.0,0.004417494632216135,74 0 0 0 0,74,0.74,high_t1,fp,0,1,0.0007534862343517579,-0.07523572862860062,0.0007534862343517579,-0.07598921486295238,0.74,0.7992164273472059,0.05921642734720589,0.005349390260062094,0.002818701593619847,0.4524,0.558139641861093,0.10573964186109297,0.005349390260062094,0.0017542257796369246,-0.11955032834154919,-0.14094732298076357,-0.02139699463921438,0.005349390260062094,0.0015959875365398348
RZDT2_VC,GPR-KG,vepm,0,1000,axis,1.0,0.004417494632216135,75 0 0 0 0,75,0.75,high_t1,tp,1,1,0.0,-0.07310567210406035,0.0,-0.07310567210406035,0.75,0.8097908861804792,0.05979088618047923,0.004900000000000001,0.002818701593619847,0.4375,0.5528042147473613,0.1153042147473613,0.004900000000000001,0.0017542257796369246,-0.11513975388660307,-0.1388172664562233,-0.023677512569620238,0.004900000000000001,0.0015959875365398348
RZDT2_VC,GPR-KG,vepm,0,1000,axis,1.0,0.004417494632216135,76 0 0 0 0,76,0.76,high_t1,tp,1,1,-0.0007534862343517579,-0.07088554469770761,0.0007534862343517579,-0.07013205846335585,0.76,0.8203840288328921,0.06038402883289207,0.004470322986651712,0.002818701593619847,0.4224,0.5473899695263249,0.1249899695263249,0.004470322986651712,0.0017542257796369246,-0.11072917943165694,-0.13659713904987056,-0.025867959618213615,0.004470322986651712,0.0015959875365398348
RZDT2_VC,GPR-KG,vepm,0,1000,axis,1.0,0.004417494632216135,77 0 0 0 0,77,0.77,high_t1,tp,1,1,-0.0015039988027716472,-0.06857534640954224,0.0015039988027716472,-0.0670713476067706,0.77,0.8309958553044441,0.06099585530444407,0.004061938413639081,0.002818701593619847,0.4071,0.5418969061979836,0.13479690619798357,0.004061938413639081,0.0017542257796369246,-0.1063360114990846,-0.1342869407617052,-0.02795092926262059,0.004061938413639081,0.0015959875365398348
RZDT2_VC,GPR-KG,vepm,0,1000,axis,1.0,0.004417494632216135,78 0 0 0 0,78,0.78,high_t1,tp,1,1,-0.0022485757750286967,-0.06617507723956448,0.0022485757750286967,-0.06392650146453578,0.78,0.8416263655951356,0.06162636559513557,0.003676110190539616,0.002818701593619847,0.39159999999999995,0.5363250247623377,0.14472502476233773,0.003676110190539616,0.0017542257796369246,-0.10197758791566859,-0.13188667159172743,-0.029909083676058837,0.003676110190539616,0.0015959875365398348
RZDT2_VC,GPR-KG,vepm,0,1000,axis,1.0,0.004417494632216135,79 0 0 0 0,79,0.79,high_t1,tp,1,1,-0.002984278645978264,-0.0636847371877741,0.002984278645978264,-0.06070045854179583,0.79,0.8522755597049664,0.06227555970496634,0.0033137874397911856,0.002818701593619847,0.3758999999999999,0.5306743252193871,0.15477432521938717,0.0033137874397911856,0.0017542257796369246,-0.09767110938811811,-0.12939633153993704,-0.03172522215181893,0.0033137874397911856,0.0015959875365398348
RZDT2_VC,GPR-KG,vepm,0,1000,axis,1.0,0.004417494632216135,80 0 0 0 0,80,0.8,high_t1,tp,1,1,-0.0037082039324993626,-0.0611043262541712,0.0037082039324993626,-0.057396122321671836,0.8,0.8629434376339367,0.06294343763393662,0.0029756097964066855,0.002818701593619847,0.3599999999999999,0.5249448075691316,0.16494480756913177,0.0029756097964066855,0.0017542257796369246,-0.0934335716197387,-0.12681592060633415,-0.03338234898659545,0.0029756097964066855,0.0015959875365398348
RZDT2_VC,GPR-KG,vepm,0,1000,axis,1.0,0.004417494632216135,81 0 0 0 0,81,0.81,high_t1,tp,1,1,-0.004417494632216135,-0.058433844438755794,0.004417494632216135,-0.05401634980653966,0.81,0.8736299993820462,0.06362999938204617,0.0026619173469304876,0.002818701593619847,0.3438999999999999,0.5191364718115716,0.17523647181157176,0.0026619173469304876,0.0017542257796369246,-0.08928169823615512,-0.12414543879091874,-0.03486374055476363,0.0026619173469304876,0.0015959875365398348
RZDT2_VC,GPR-KG,vepm,0,1000,axis,1.0,0.004417494632216135,82 0 0 0 0,82,0.82,high_t1,tp,1,1,-0.005109351498780862,-0.0556732917415278,0.005109351498780862,-0.050563940242746935,0.82,0.8843352449492952,0.06433524494929521,0.0023727649718586334,0.002818701593619847,0.3276000000000001,0.5132493179467067,0.18564931794670658,0.0023727649718586334,0.0017542257796369246,-0.08523187478480208,-0.12138488609369075,-0.03615301130888866,0.0023727649718586334,0.0015959875365398348
RZDT2_VC,GPR-KG,vepm,0,1000,axis,1.0,0.004417494632216135,83 0 0 0 0,83,0.83,high_t1,tp,1,1,-0.0057810440892205744,-0.05282266816248732,0.0057810440892205744,-0.047041624073266744,0.83,0.8950591743356835,0.06505917433568353,0.002107940787564248,0.002818701593619847,0.31110000000000004,0.5072833459745371,0.19618334597453702,0.002107940787564248,0.0017542257796369246,-0.08130008406865345,-0.11853426251465027,-0.037234178445996816,0.002107940787564248,0.0015959875365398348
RZDT2_VC,GPR-KG,vepm,0,1000,axis,1.0,0.004417494632216135,84 0 0 0 0,84,0.84,high_t1,tp,1,1,-0.006429921539747946,-0.049881973701634275,0.006429921539747946,-0.04345205216188633,0.84,0.9058017875412112,0.06580178754121124,0.0018669883206906854,0.002818701593619847,0.2944000000000001,0.5012385558950628,0.20683855589506273,0.0018669883206906854,0.0017542257796369246,-0.07750184306940178,-0.11559356805379722,-0.03809172498439545,0.0018669883206906854,0.0015959875365398348
RZDT2_VC,GPR-KG,vepm,0,1000,axis,1.0,0.004417494632216135,85 0 0 0 0,85,0.85,high_t1,tp,1,1,-0.007053423027509678,-0.04685120835896878,0.007053423027509678,-0.0397977853314591,0.85,0.9165630845658782,0.06656308456587823,0.0016492319909840044,0.002818701593619847,0.2775000000000001,0.4951149477082838,0.2176149477082837,0.0016492319909840044,0.0017542257796369246,-0.07385214170901971,-0.11256280271113173,-0.03871066100211201,0.0016492319909840044,0.0015959875365398348
RZDT2_VC,GPR-KG,vepm,0,1000,axis,1.0,0.004417494632216135,86 0 0 0 0,86,0.86,high_t1,tp,1,1,-0.007649087876984276,-0.04373037213449066,0.007649087876984276,-0.03608128425750638,0.86,0.9273430654096847,0.06734306540968471,0.001453805428527018,0.002818701593619847,0.2604000000000001,0.48891252141419994,0.22851252141419987,0.001453805428527018,0.0017542257796369246,-0.07036538369138685,-0.10944196648665361,-0.039076582795266754,0.001453805428527018,0.0015959875365398348
RZDT2_VC,GPR-KG,vepm,0,1000,axis,1.0,0.004417494632216135,87 0 0 0 0,87,0.87,high_t1,tp,1,1,-0.00821456527114426,-0.040519465028200086,0.00821456527114426,-0.032304899757055826,0.87,0.9381417300726305,0.06814173007263047,0.0012796821090875375,0.002818701593619847,0.24309999999999998,0.48263127701281144,0.23953127701281146,0.0012796821090875375,0.0017542257796369246,-0.06705532965745045,-0.10623105938036304,-0.03917572972291258,0.0012796821090875375,0.0015959875365398348
RZDT2_VC,GPR-KG,vepm,0,1000,axis,1.0,0.004417494632216135,88 0 0 0 0,88,0.88,high_t1,tp,1,1,-0.00874762352905694,-0.037218487040097004,0.00874762352905694,-0.028470863511040063,0.88,0.9489590785547155,0.0689590785547155,0.0011257077574617622,0.002818701593619847,0.22560000000000002,0.4762712145041182,0.25067121450411817,0.0011257077574617622,0.0017542257796369246,-0.06393504287826277,-0.10293008139225995,-0.03899503851399719,0.0011257077574617622,0.0015959875365398348
RZDT2_VC,GPR-KG,vepm,0,1000,axis,1.0,0.004417494632216135,89 0 0 0 0,89,0.89,high_t1,tp,1,1,-0.009246158913309474,-0.0338274381701813,0.009246158913309474,-0.024581279256871827,0.89,0.95979511085594,0.06979511085594003,0.0009906339438016307,0.002818701593619847,0.20789999999999997,0.46983233388812023,0.26193233388812026,0.0009906339438016307,0.0017542257796369246,-0.06101683770021766,-0.09953903252234425,-0.03852219482212659,0.0009906339438016307,0.0015959875365398348
RZDT2_VC,GPR-KG,vepm,0,1000,axis,1.0,0.004417494632216135,90 0 0 0 0,90,0.9,high_t1,tp,1,1,-0.009708203932499368,-0.030346318418453144,0.009708203932499368,-0.020638114485953776,0.9,0.970649826976304,0.07064982697630395,0.0008731522823440527,0.002818701593619847,0.18999999999999995,0.4633146351648175,0.2733146351648176,0.0008731522823440527,0.0017542257796369246,-0.05831223094595188,-0.0960579127706161,-0.037745681824664215,0.0008731522823440527,0.0015959875365398348
RZDT2_VC,GPR-KG,vepm,0,1000,axis,1.0,0.004417494632216135,91 0 0 0 0,91,0.91,high_t1,tp,1,1,-0.010131935106024184,-0.026775127784912367,0.010131935106024184,-0.016643192678888183,0.91,0.9815232269158072,0.07152322691580715,0.0007719286359422346,0.002818701593619847,0.17189999999999994,0.45671811833421005,0.2848181183342101,0.0007719286359422346,0.0017542257796369246,-0.05583189646270712,-0.09248672213707532,-0.036654825674368195,0.0007719286359422346,0.0015959875365398348
RZDT2_VC,GPR-KG,vepm,0,1000,axis,1.0,0.004417494632216135,92 0 0 0 0,92,0.92,high_t1,tp,1,1,-0.010515680160526363,-0.023113866269559136,0.010515680160526363,-0.012598186109032773,0.92,0.9924153106744498,0.07241531067444973,0.0006856367334167007,0.002818701593619847,0.15359999999999996,0.4500427833962979,0.2964427833962979,0.0006856367334167007,0.0017542257796369246,-0.05358562299753181,-0.08882546062172209,-0.03523983762419028,0.0006856367334167007,0.0015959875365398348
RZDT2_VC,GPR-KG,vepm,0,1000,axis,1.0,0.004417494632216135,93 0 0 0 0,93,0.93,high_t1,tp,1,1,-0.010857924629592237,-0.01936253387239334,0.010857924629592237,-0.008504609242801102,0.93,1.003326078252232,0.07332607825223192,0.000612990619923725,0.002818701593619847,0.1350999999999999,0.443288630351081,0.3081886303510811,0.000612990619923725,0.0017542257796369246,-0.051582275565568166,-0.08507412822455629,-0.033491852658988124,0.000612990619923725,0.0015959875365398348
RZDT2_VC,GPR-KG,vepm,0,1000,axis,1.0,0.004417494632216135,94 0 0 0 0,94,0.94,high_t1,tp,1,1,-0.011157317830659014,-0.015521130593415033,0.011157317830659014,-0.00436381276275602,0.94,1.0142555296491533,0.07425552964915338,0.0005527753830590053,0.002818701593619847,0.11640000000000006,0.43645565919855933,0.3200556591985593,0.0005527753830590053,0.0017542257796369246,-0.04982976046388786,-0.08123272494557798,-0.031402964481690124,0.0005527753830590053,0.0015959875365398348
RZDT2_VC,GPR-KG,vepm,0,1000,axis,1.0,0.004417494632216135,95 0 0 0 0,95,0.95,high_t1,tp,1,1,-0.011412678195541842,-0.011589656432624162,0.011412678195541842,-0.0001769782370823203,0.95,1.0252036648652139,0.0752036648652139,0.0005038756289026096,0.002818701593619847,0.09750000000000003,0.42954386993873295,0.3320438699387329,0.0005038756289026096,0.0017542257796369246,-0.048334994068949144,-0.07730125078478711,-0.028966256715837968,0.0005038756289026096,0.0015959875365398348
RZDT2_VC,GPR-KG,vepm,0,1000,axis,1.0,0.004417494632216135,96 0 0 0 0,96,0.96,high_t1,tp,1,1,-0.011622997933543572,-0.0075681113900208374,0.011622997933543572,0.004054886543522734,0.96,1.036170483900414,0.07617048390041403,0.0004653012221544119,0.002818701593619847,0.07840000000000003,0.4225532625716019,0.3441532625716019,0.0004653012221544119,0.0017542257796369246,-0.04710387554081908,-0.07327970574218379,-0.026175830201364707,0.0004653012221544119,0.0015959875365398348
RZDT2_VC,GPR-KG,vepm,0,1000,axis,1.0,0.004417494632216135,97 0 0 0 0,97,0.97,high_t1,tp,1,1,-0.011787447008744269,-0.0034564954656049474,0.011787447008744269,0.008330951543139321,0.97,1.0471559867547535,0.07715598675475355,0.0004362098522594935,0.002818701593619847,0.05910000000000004,0.4154838370971661,0.35638383709716603,0.0004362098522594935,0.0017542257796369246,-0.04614126354188364,-0.0691680898177679,-0.02302682627588426,0.0004362098522594935,0.0015959875365398348
RZDT2_VC,GPR-KG,vepm,0,1000,axis,1.0,0.004417494632216135,98 0 0 0 0,98,0.98,high_t1,fn,1,0,-0.01190537641577373,0.0007451913406235078,0.01190537641577373,0.012650567756397238,0.98,1.0581601734282322,0.07816017342823223,0.00041592604220944417,0.002818701593619847,0.03960000000000008,0.4083355935154255,0.3687355935154254,0.00041592604220944417,0.0017542257796369246,-0.04545095706192702,-0.06496640301153944,-0.019515445949612423,0.00041592604220944417,0.0015959875365398348
RZDT2_VC,GPR-KG,vepm,0,1000,axis,1.0,0.004417494632216135,99 0 0 0 0,99,0.99,high_t1,fn,1,0,-0.01197632074113926,0.005036949028664417,0.01197632074113926,0.017013269769803677,0.99,1.0691830439208505,0.07918304392085052,0.0004039562776451963,0.002818701593619847,0.01990000000000003,0.40110853182638023,0.3812085318263802,0.0004039562776451963,0.0017542257796369246,-0.04503568042525459,-0.06067464532349853,-0.015638964898243943,0.0004039562776451963,0.0015959875365398348
RZDT2_VC,GPR-KG,vepm,0,1000,axis,1.0,0.004417494632216135,100 0 0 0 0,100,1.0,high_t1,tp,1,1,-0.011999999999999997,-0.0013962861278667554,0.011999999999999997,0.010603713872133241,1.0,1.0093405068340608,0.009340506834060847,0.0004,0.00603496023626651,0.0,0.12780380357482474,0.12780380357482474,0.0004,0.008914807062966669,-0.04489707253902944,-0.05777114749427592,-0.012874074955246478,0.0004,0.001174671576341192
RZDT2_VC,GPR-KG,vepm,1,1001,axis,1.0,0.004417494632216135,0 0 0 0 0,0,0.0,low_t1,fn,1,0,-0.011999999999999997,0.15901436950036668,0.011999999999999997,0.1710143695003667,0.0,0.0485524551339911,0.0485524551339911,0.0004,0.004843259709711772,1.0,0.9487597796178627,-0.05124022038213727,0.0004,0.0034258276627043773,-0.04489707253902944,0.022315805983280618,0.06721287852231006,0.0004,0.006906744461763808
RZDT2_VC,GPR-KG,vepm,1,1001,axis,1.0,0.004417494632216135,1 0 0 0 0,1,0.01,low_t1,fn,1,0,-0.01197632074113926,0.15378648173499979,0.01197632074113926,0.16576280247613906,0.01,0.05780608264681454,0.04780608264681454,0.0004039562776451963,0.004843259709711772,0.9999,0.9502836139162545,-0.04961638608374552,0.0004039562776451963,0.0034258276627043773,-0.04503568042525459,0.017087918217913712,0.0621235986431683,0.0004039562776451963,0.006906744461763808
RZDT2_VC,GPR-KG,vepm,1,1001,axis,1.0,0.004417494632216135,2 0 0 0 0,2,0.02,low_t1,fn,1,0,-0.011905376415773737,0.14865975820391655,0.011905376415773737,0.1605651346196903,0.02,0.06707393214431859,0.047073932144318584,0.00041592604220944417,0.004843259709711772,0.9996,0.9517365398829127,-0.04786346011708731,0.00041592604220944417,0.0034258276627043773,-0.045450957061927026,0.011961194686830493,0.05741215174875752,0.00041592604220944417,0.006906744461763808
RZDT2_VC,GPR-KG,vepm,1,1001,axis,1.0,0.004417494632216135,3 0 0 0 0,3,0.03,low_t1,fn,1,0,-0.011787447008744269,0.14363419890711704,0.011787447008744269,0.1554216459158613,0.03,0.07635600362650322,0.04635600362650322,0.0004362098522594935,0.004843259709711772,0.9991,0.9531185575178375,-0.045981442482162516,0.0004362098522594935,0.0034258276627043773,-0.04614126354188364,0.006935635390030961,0.0530768989319146,0.0004362098522594935,0.006906744461763808
RZDT2_VC,GPR-KG,vepm,1,1001,axis,1.0,0.004417494632216135,4 0 0 0 0,4,0.04,low_t1,fn,1,0,-0.011622997933543572,0.1387098038446012,0.011622997933543572,0.15033280177814476,0.04,0.08565229709336844,0.04565229709336844,0.0004653012221544117,0.004843259709711772,0.9984,0.9544296668210288,-0.043970333178971144,0.0004653012221544117,0.0034258276627043773,-0.04710387554081907,0.0020112403275151167,0.04911511586833419,0.0004653012221544117,0.006906744461763808
RZDT2_VC,GPR-KG,vepm,1,1001,axis,1.0,0.004417494632216135,5 0 0 0 0,5,0.05,low_t1,fn,1,0,-0.011412678195541842,0.13388657301636903,0.011412678195541842,0.14529925121191087,0.05,0.09496281254491427,0.04496281254491427,0.0005038756289026093,0.004843259709711772,0.9975,0.9556698677924864,-0.04183013220751364,0.0005038756289026093,0.0034258276627043773,-0.04833499406894913,-0.0028119905007170445,0.045523003568232086,0.0005038756289026093,0.006906744461763808
RZDT2_VC,GPR-KG,vepm,1,1001,axis,1.0,0.004417494632216135,6 0 0 0 0,6,0.06,low_t1,fn,1,0,-0.011157317830659014,0.12916450642242056,0.011157317830659014,0.14032182425307957,0.06,0.10428754998114069,0.04428754998114069,0.0005527753830590045,0.004843259709711772,0.9964,0.9568391604322106,-0.03956083956778933,0.0005527753830590045,0.0034258276627043773,-0.04982976046388783,-0.007534057094665522,0.04229570336922231,0.0005527753830590045,0.006906744461763808
RZDT2_VC,GPR-KG,vepm,1,1001,axis,1.0,0.004417494632216135,7 0 0 0 0,7,0.07,low_t1,fn,1,0,-0.010857924629592237,0.12454360406275575,0.010857924629592237,0.13540152869234798,0.07,0.11362650940204772,0.04362650940204771,0.0006129906199237256,0.004843259709711772,0.9951,0.9579375447402014,-0.037162455259798555,0.0006129906199237256,0.0034258276627043773,-0.051582275565568186,-0.01215495945433031,0.03942731611123788,0.0006129906199237256,0.006906744461763808
RZDT2_VC,GPR-KG,vepm,1,1001,axis,1.0,0.004417494632216135,8 0 0 0 0,8,0.08,low_t1,fn,1,0,-0.010515680160526363,0.12002386593737466,0.010515680160526363,0.13053954609790103,0.08,0.12297969080763532,0.04297969080763532,0.0006856367334167007,0.004843259709711772,0.9936,0.9589650207164587,-0.03463497928354131,0.0006856367334167007,0.0034258276627043773,-0.05358562299753181,-0.016674697579711413,0.036910925417820394,0.0006856367334167007,0.006906744461763808
RZDT2_VC,GPR-KG,vepm,1,1001,axis,1.0,0.004417494632216135,9 0 0 0 0,9,0.09,low_t1,fn,1,0,-0.010131935106024177,0.11560529204627723,0.010131935106024177,0.1257372271523014,0.09,0.13234709419790353,0.04234709419790353,0.0007719286359422355,0.004843259709711772,0.9919,0.9599215883609825,-0.03197841163901749,0.0007719286359422355,0.0034258276627043773,-0.05583189646270714,-0.02109327147080883,0.03473862499189831,0.0007719286359422355,0.006906744461763808
RZDT2_VC,GPR-KG,vepm,1,1001,axis,1.0,0.004417494632216135,10 0 0 0 0,10,0.1,low_t1,fn,1,0,-0.009708203932499368,0.1112878823894635,0.009708203932499368,0.12099608632196286,0.1,0.14172871957285232,0.04172871957285232,0.0008731522823440523,0.004843259709711772,0.99,0.9608072476737727,-0.02919275232622731,0.0008731522823440523,0.0034258276627043773,-0.05831223094595187,-0.025410681127622563,0.03290154981832931,0.0008731522823440523,0.006906744461763808
RZDT2_VC,GPR-KG,vepm,1,1001,axis,1.0,0.004417494632216135,11 0 0 0 0,11,0.11,low_t1,fn,1,0,-0.009246158913309467,0.10707163696693346,0.009246158913309467,0.11631779588024294,0.11,0.15112456693248175,0.041124566932481746,0.0009906339438016311,0.004843259709711772,0.9879,0.9616219986548293,-0.026278001345170665,0.0009906339438016311,0.0034258276627043773,-0.061016837700217666,-0.029626926550152605,0.031389911150065064,0.0009906339438016311,0.006906744461763808
RZDT2_VC,GPR-KG,vepm,1,1001,axis,1.0,0.004417494632216135,12 0 0 0 0,12,0.12,low_t1,fn,1,0,-0.008747623529056933,0.10295655577868709,0.008747623529056933,0.11170417930774403,0.12,0.16053463627679174,0.04053463627679174,0.0011257077574617607,0.004843259709711772,0.9856,0.9623658413041527,-0.02323415869584733,0.0011257077574617607,0.0034258276627043773,-0.06393504287826272,-0.033742007738398964,0.03019303513986376,0.0011257077574617607,0.006906744461763808
RZDT2_VC,GPR-KG,vepm,1,1001,axis,1.0,0.004417494632216135,13 0 0 0 0,13,0.13,low_t1,fn,1,0,-0.00821456527114426,0.09894263882472443,0.00821456527114426,0.10715720409586868,0.13,0.16995892760578232,0.03995892760578232,0.0012796821090875375,0.004843259709711772,0.9831,0.9630387756217423,-0.020061224378257636,0.0012796821090875375,0.0034258276627043773,-0.06705532965745045,-0.03775592469236163,0.029299404965088822,0.0012796821090875375,0.006906744461763808
RZDT2_VC,GPR-KG,vepm,1,1001,axis,1.0,0.004417494632216135,14 0 0 0 0,14,0.14,low_t1,fn,1,0,-0.007649087876984276,0.09502988610504544,0.007649087876984276,0.10267897398202971,0.14,0.17939744091945353,0.03939744091945352,0.001453805428527017,0.004843259709711772,0.9804,0.9636408016075987,-0.016759198392401364,0.001453805428527017,0.0034258276627043773,-0.07036538369138683,-0.041668677412040625,0.0286967062793462,0.001453805428527017,0.006906744461763808
RZDT2_VC,GPR-KG,vepm,1,1001,axis,1.0,0.004417494632216135,15 0 0 0 0,15,0.15,low_t1,fn,1,0,-0.007053423027509678,0.09121829761965013,0.007053423027509678,0.0982717206471598,0.15,0.1888501762178053,0.038850176217805316,0.0016492319909840038,0.004843259709711772,0.9775,0.9641719192617213,-0.013328080738278736,0.0016492319909840038,0.0034258276627043773,-0.0738521417090197,-0.04548026589743594,0.028371875811583763,0.0016492319909840038,0.006906744461763808
RZDT2_VC,GPR-KG,vepm,1,1001,axis,1.0,0.004417494632216135,16 0 0 0 0,16,0.16,low_t1,fn,1,0,-0.00642992153974796,0.08750787336853852,0.00642992153974796,0.09393779490828648,0.16,0.19831713350083766,0.03831713350083765,0.0018669883206906834,0.004843259709711772,0.9744,0.9646321285841105,-0.009767871415889529,0.0018669883206906834,0.0034258276627043773,-0.07750184306940175,-0.049190690148547545,0.028311152920854205,0.0018669883206906834,0.006906744461763808
RZDT2_VC,GPR-KG,vepm,1,1001,axis,1.0,0.004417494632216135,17 0 0 0 0,17,0.17,low_t1,fn,1,0,-0.005781044089220588,0.0838986133517106,0.005781044089220588,0.08967965744093119,0.17,0.20779831276855062,0.03779831276855061,0.0021079407875642477,0.004843259709711772,0.9711,0.9650214295747663,-0.0060785704252336314,0.0021079407875642477,0.0034258276627043773,-0.08130008406865345,-0.05279995016537546,0.02850013390327799,0.0021079407875642477,0.006906744461763808
RZDT2_VC,GPR-KG,vepm,1,1001,axis,1.0,0.004417494632216135,18 0 0 0 0,18,0.18,low_t1,fn,1,0,-0.005109351498780876,0.08039051756916635,0.005109351498780876,0.08549986906794722,0.18,0.2172937140209442,0.037293714020944196,0.00237276497185863,0.004843259709711772,0.9676,0.9653398222336885,-0.0022601777663114886,0.00237276497185863,0.0034258276627043773,-0.08523187478480203,-0.056308045947919716,0.028923828836882312,0.00237276497185863,0.006906744461763808
RZDT2_VC,GPR-KG,vepm,1,1001,axis,1.0,0.004417494632216135,19 0 0 0 0,19,0.19,low_t1,fn,1,0,-0.004417494632216135,0.07698358602090578,0.004417494632216135,0.08140108065312192,0.19,0.22680333725801838,0.036803337258018376,0.0026619173469304897,0.004843259709711772,0.9639,0.9655873065608773,0.001687306560877344,0.0026619173469304897,0.0034258276627043773,-0.08928169823615514,-0.05971497749618028,0.029566720739974864,0.0026619173469304897,0.006906744461763808
RZDT2_VC,GPR-KG,vepm,1,1001,axis,1.0,0.004417494632216135,20 0 0 0 0,20,0.2,low_t1,fn,1,0,-0.0037082039324993626,0.07367781870692891,0.0037082039324993626,0.07738602263942827,0.2,0.23632718247977313,0.036327182479773124,0.002975609796406684,0.004843259709711772,0.96,0.9657638825563325,0.0057638825563325335,0.002975609796406684,0.0034258276627043773,-0.09343357161973867,-0.06302074481015715,0.030412826809581517,0.002975609796406684,0.006906744461763808
RZDT2_VC,GPR-KG,vepm,1,1001,axis,1.0,0.004417494632216135,21 0 0 0 0,21,0.21,low_t1,fn,1,0,-0.002984278645978264,0.07047321562723574,0.002984278645978264,0.073457494273214,0.21,0.2458652496862085,0.035865249686208495,0.0033137874397911856,0.004843259709711772,0.9559,0.9658695502200543,0.009969550220054302,0.0033137874397911856,0.0034258276627043773,-0.09767110938811811,-0.06622534788985032,0.03144576149826779,0.0033137874397911856,0.006906744461763808
RZDT2_VC,GPR-KG,vepm,1,1001,axis,1.0,0.004417494632216135,22 0 0 0 0,22,0.22,low_t1,fn,1,0,-0.0022485757750286967,0.06736977678182623,0.0022485757750286967,0.06961835255685493,0.22,0.25541753887732443,0.035417538877324434,0.0036761101905396125,0.004843259709711772,0.9516,0.9659043095520424,0.014304309552042427,0.0036761101905396125,0.0034258276627043773,-0.10197758791566854,-0.06932878673525983,0.03264880118040871,0.0036761101905396125,0.006906744461763808
RZDT2_VC,GPR-KG,vepm,1,1001,axis,1.0,0.004417494632216135,23 0 0 0 0,23,0.23,low_t1,fn,1,0,-0.0015039988027716472,0.06436750217070042,0.0015039988027716472,0.06587150097347207,0.23,0.264984050053121,0.03498405005312097,0.004061938413639081,0.004843259709711772,0.9471,0.9658681605522972,0.01876816055229713,0.004061938413639081,0.0034258276627043773,-0.1063360114990846,-0.07233106134638564,0.03400495015269896,0.004061938413639081,0.006906744461763808
RZDT2_VC,GPR-KG,vepm,1,1001,axis,1.0,0.004417494632216135,24 0 0 0 0,24,0.24,low_t1,fn,1,0,-0.0007534862343517579,0.061466391793858294,0.0007534862343517579,0.06221987802821005,0.24,0.2745647832135981,0.03456478321359813,0.004470322986651707,0.004843259709711772,0.9424,0.9657611032208184,0.023361103220818413,0.004470322986651707,0.0034258276627043773,-0.11072917943165687,-0.07523217172322777,0.035497007708429104,0.004470322986651707,0.006906744461763808
RZDT2_VC,GPR-KG,vepm,1,1001,axis,1.0,0.004417494632216135,25 0 0 0 0,25,0.25,low_t1,fn,1,0,0.0,0.05866644565129986,0.0,0.05866644565129986,0.25,0.28415973835875585,0.03415973835875585,0.004900000000000001,0.004843259709711772,0.9375,0.965583137557606,0.028083137557606053,0.004900000000000001,0.0034258276627043773,-0.11513975388660307,-0.0780321178657862,0.03710763602081686,0.004900000000000001,0.006906744461763808
RZDT2_VC,GPR-KG,vepm,1,1001,axis,1.0,0.004417494632216135,26 0 0 0 0,26,0.26,low_t1,tn,0,0,0.0007534862343517579,0.055967663743025114,0.0007534862343517579,0.05521417750867336,0.26,0.2937689154885942,0.033768915488594176,0.005349390260062097,0.004843259709711772,0.9324,0.9653342635626603,0.03293426356266027,0.005349390260062097,0.0034258276627043773,-0.11955032834154922,-0.08073089977406095,0.03881942856748827,0.005349390260062097,0.006906744461763808
RZDT2_VC,GPR-KG,vepm,1,1001,axis,1.0,0.004417494632216135,27 0 0 0 0,27,0.27,low_t1,tn,0,0,0.0015039988027716472,0.05337004606903402,0.0015039988027716472,0.05186604726626237,0.27,0.3033923146031131,0.033392314603113094,0.005816603683539342,0.004843259709711772,0.9271,0.9650144812359811,0.03791448123598107,0.005816603683539342,0.0034258276627043773,-0.1239434962741215,-0.08332851744805204,0.04061497882606946,0.005816603683539342,0.006906744461763808
RZDT2_VC,GPR-KG,vepm,1,1001,axis,1.0,0.004417494632216135,28 0 0 0 0,28,0.28,low_t1,tn,0,0,0.0022485757750287105,0.05087359262932664,0.0022485757750287105,0.04862501685429793,0.28,0.3130299357023127,0.03302993570231266,0.006299448594739758,0.004843259709711772,0.9216,0.9646237905775682,0.04302379057756822,0.006299448594739758,0.0034258276627043773,-0.12830191985753753,-0.08582497088775942,0.042476948969778106,0.006299448594739758,0.006906744461763808
RZDT2_VC,GPR-KG,vepm,1,1001,axis,1.0,0.004417494632216135,29 0 0 0 0,29,0.29,low_t1,tn,0,0,0.00298427864597825,0.04847830342390294,0.00298427864597825,0.04549402477792469,0.29,0.3226817787861928,0.03268177878619283,0.006795445860099151,0.004843259709711772,0.9159,0.964162191587422,0.048262191587421954,0.006795445860099151,0.0034258276627043773,-0.13260839838508798,-0.08822026009318312,0.044388138291904855,0.006795445860099151,0.006906744461763808
RZDT2_VC,GPR-KG,vepm,1,1001,axis,1.0,0.004417494632216135,30 0 0 0 0,30,0.3,low_t1,tn,0,0,0.0037082039324993765,0.04618417845276292,0.0037082039324993765,0.04247597452026354,0.3,0.33234784385475347,0.03234784385475348,0.007301847717655946,0.004843259709711772,0.91,0.9636296842655422,0.053629684265542155,0.007301847717655946,0.0034258276627043773,-0.1368459361534674,-0.09051438506432315,0.04633155108914426,0.007301847717655946,0.006906744461763808
RZDT2_VC,GPR-KG,vepm,1,1001,axis,1.0,0.004417494632216135,31 0 0 0 0,31,0.31,low_t1,tn,0,0,0.004417494632216135,0.0439912177159066,0.004417494632216135,0.03957372308369046,0.31,0.3420281309079948,0.03202813090799478,0.007815661084515983,0.004843259709711772,0.9039,0.963026268611929,0.059126268611928934,0.007815661084515983,0.0034258276627043773,-0.14099780953705096,-0.09270734580117947,0.048290463735871494,0.007815661084515983,0.006906744461763808
RZDT2_VC,GPR-KG,vepm,1,1001,axis,1.0,0.004417494632216135,32 0 0 0 0,32,0.32,low_t1,tn,0,0,0.005109351498780862,0.041899421213333954,0.005109351498780862,0.03679006971455309,0.32,0.3517226399459167,0.031722639945916675,0.008333675053769645,0.004843259709711772,0.8976,0.9623519446265821,0.06475194462658218,0.008333675053769645,0.0034258276627043773,-0.1450476329884041,-0.09479914230375211,0.05024849068465198,0.008333675053769645,0.006906744461763808
RZDT2_VC,GPR-KG,vepm,1,1001,axis,1.0,0.004417494632216135,33 0 0 0 0,33,0.33,low_t1,tn,0,0,0.005781044089220588,0.039908788945045015,0.005781044089220588,0.03412774485582443,0.33,0.3614313709685192,0.03143137096851917,0.00885249222498826,0.004843259709711772,0.8911,0.9616067123095018,0.07050671230950178,0.00885249222498826,0.0034258276627043773,-0.14897942370455264,-0.09678977457204105,0.05218964913251159,0.00885249222498826,0.006906744461763808
RZDT2_VC,GPR-KG,vepm,1,1001,axis,1.0,0.004417494632216135,34 0 0 0 0,34,0.34,mid_t1,tn,0,0,0.006429921539747974,0.03801932091103975,0.006429921539747974,0.03158939937129178,0.34,0.3711543239758023,0.031154323975802256,0.00936856345039664,0.004843259709711772,0.8844,0.960790571660688,0.07639057166068808,0.00936856345039664,0.0034258276627043773,-0.15277766470380438,-0.09867924260604631,0.05409842209775807,0.00936856345039664,0.006906744461763808
RZDT2_VC,GPR-KG,vepm,1,1001,axis,1.0,0.004417494632216135,35 0 0 0 0,35,0.35,mid_t1,tn,0,0,0.007053423027509664,0.03623101711131815,0.007053423027509664,0.02917759408380849,0.35,0.380891498967766,0.030891498967765996,0.009878225523078626,0.004843259709711772,0.8775000000000001,0.9599035226801407,0.08240352268014062,0.009878225523078626,0.0034258276627043773,-0.15642736606418642,-0.10046754640576791,0.05595981965841851,0.009878225523078626,0.006906744461763808
RZDT2_VC,GPR-KG,vepm,1,1001,axis,1.0,0.004417494632216135,36 0 0 0 0,36,0.36,mid_t1,tn,0,0,0.00764908787698429,0.03454387754588026,0.00764908787698429,0.02689478966889597,0.36,0.39064289594441026,0.030642895944410276,0.010377741285008674,0.004843259709711772,0.8704000000000001,0.95894556536786,0.08854556536785996,0.010377741285008674,0.0034258276627043773,-0.1599141240818193,-0.1021546859712058,0.05775943811061349,0.010377741285008674,0.006906744461763808
RZDT2_VC,GPR-KG,vepm,1,1001,axis,1.0,0.004417494632216135,37 0 0 0 0,37,0.37,mid_t1,tn,0,0,0.008214565271144253,0.032957902214726054,0.008214565271144253,0.0247433369435818,0.37,0.4004085149057352,0.030408514905735207,0.01086334159208918,0.004843259709711772,0.8631,0.9579166997238456,0.09481669972384565,0.01086334159208918,0.0034258276627043773,-0.16322417811575568,-0.10374066130236001,0.05948351681339567,0.01086334159208918,0.006906744461763808
RZDT2_VC,GPR-KG,vepm,1,1001,axis,1.0,0.004417494632216135,38 0 0 0 0,38,0.38,mid_t1,tn,0,0,0.008747623529056947,0.03147309111785551,0.008747623529056947,0.022725467588798565,0.38,0.4101883558517406,0.030188355851740623,0.011331268541361518,0.004843259709711772,0.8556,0.9568169257480978,0.10121692574809782,0.011331268541361518,0.0034258276627043773,-0.16634446489494334,-0.10522547239923055,0.06111899249571279,0.011331268541361518,0.006906744461763808
RZDT2_VC,GPR-KG,vepm,1,1001,axis,1.0,0.004417494632216135,39 0 0 0 0,39,0.39,mid_t1,tn,0,0,0.00924615891330946,0.030089444255268674,0.00924615891330946,0.020843285341959214,0.39,0.4199824187824267,0.02998241878242669,0.01177781934266268,0.004843259709711772,0.8479,0.9556462434406165,0.10774624344061656,0.01177781934266268,0.0034258276627043773,-0.16926267007298845,-0.10660911926181739,0.06265355081117106,0.01177781934266268,0.006906744461763808
RZDT2_VC,GPR-KG,vepm,1,1001,axis,1.0,0.004417494632216135,40 0 0 0 0,40,0.4,mid_t1,tn,0,0,0.009708203932499382,0.028806961626965527,0.009708203932499382,0.019098757694466145,0.4,0.4297907036977934,0.029790703697793353,0.012199390203593317,0.004843259709711772,0.84,0.9544046528014017,0.11440465280140177,0.012199390203593317,0.0034258276627043773,-0.1719672768272542,-0.10789160189012054,0.06407567493713368,0.012199390203593317,0.006906744461763808
RZDT2_VC,GPR-KG,vepm,1,1001,axis,1.0,0.004417494632216135,41 0 0 0 0,41,0.41,mid_t1,tn,0,0,0.01013193510602417,0.02762564323294607,0.01013193510602417,0.0174937081269219,0.41,0.43961321059784064,0.029613210597840667,0.012592519592970444,0.004843259709711772,0.8319000000000001,0.9530921538304535,0.12119215383045345,0.012592519592970444,0.0034258276627043773,-0.17444761131049896,-0.10907292028414,0.06537469102635897,0.012592519592970444,0.006906744461763808
RZDT2_VC,GPR-KG,vepm,1,1001,axis,1.0,0.004417494632216135,42 0 0 0 0,42,0.42,mid_t1,tn,0,0,0.01051568016052637,0.02654548907321029,0.01051568016052637,0.01602980891268392,0.42,0.4494499394825685,0.02944993948256852,0.012953930254030792,0.004843259709711772,0.8236,0.9517087465277716,0.1281087465277716,0.012953930254030792,0.0034258276627043773,-0.1766938847756743,-0.11015307444387577,0.06654081033179853,0.012953930254030792,0.006906744461763808
RZDT2_VC,GPR-KG,vepm,1,1001,axis,1.0,0.004417494632216135,43 0 0 0 0,43,0.43,mid_t1,tn,0,0,0.01085792462959223,0.025566499147758187,0.01085792462959223,0.014708574518165957,0.43,0.45930089035197696,0.02930089035197697,0.01328056935444799,0.004843259709711772,0.8151,0.9502544308933563,0.13515443089335621,0.01328056935444799,0.0034258276627043773,-0.1786972322076379,-0.11113206436932788,0.06756516783831001,0.01328056935444799,0.006906744461763808
RZDT2_VC,GPR-KG,vepm,1,1001,axis,1.0,0.004417494632216135,44 0 0 0 0,44,0.44,mid_t1,tn,0,0,0.011157317830659014,0.024688673456589774,0.011157317830659014,0.01353135562593076,0.44,0.4691660632060661,0.029166063206066073,0.013569646185494524,0.004843259709711772,0.8064,0.9487292069272075,0.14232920692720752,0.013569646185494524,0.0034258276627043773,-0.18044974730931826,-0.11200989006049629,0.06843985724882197,0.013569646185494524,0.006906744461763808
RZDT2_VC,GPR-KG,vepm,1,1001,axis,1.0,0.004417494632216135,45 0 0 0 0,45,0.45,mid_t1,tn,0,0,0.011412678195541842,0.023912011999705066,0.011412678195541842,0.012499333804163223,0.45,0.47904545804483567,0.02904545804483566,0.01381866685703476,0.004843259709711772,0.7975,0.9471330746293252,0.14963307462932518,0.01381866685703476,0.0034258276627043773,-0.18194451370425696,-0.112786551517381,0.06915796218687596,0.01381866685703476,0.006906744461763808
RZDT2_VC,GPR-KG,vepm,1,1001,axis,1.0,0.004417494632216135,46 0 0 0 0,46,0.46,mid_t1,tn,0,0,0.011622997933543572,0.023236514777104006,0.011622997933543572,0.011613516843560434,0.46,0.4889390748682859,0.028939074868285897,0.014025465477955251,0.004843259709711772,0.7884,0.9454660339997094,0.15706603399970942,0.014025465477955251,0.0034258276627043773,-0.18317563223238706,-0.11346204873998206,0.069713583492405,0.014025465477955251,0.006906744461763808
RZDT2_VC,GPR-KG,vepm,1,1001,axis,1.0,0.004417494632216135,47 0 0 0 0,47,0.47,mid_t1,tn,0,0,0.011787447008744262,0.02266218178878668,0.011787447008744262,0.010874734780042417,0.47,0.49884691367641676,0.028846913676416785,0.014188231362461133,0.004843259709711772,0.7791,0.94372808503836,0.16462808503836002,0.014188231362461133,0.0034258276627043773,-0.18413824423132247,-0.11403638172829939,0.07010186250302308,0.014188231362461133,0.006906744461763808
RZDT2_VC,GPR-KG,vepm,1,1001,axis,1.0,0.004417494632216135,48 0 0 0 0,48,0.48,mid_t1,tn,0,0,0.011905376415773744,0.022189013034752986,0.011905376415773744,0.010283636618979242,0.48,0.5087689744692282,0.028768974469228215,0.014305531860612137,0.004843259709711772,0.7696000000000001,0.9419192277452773,0.1723192277452772,0.014305531860612137,0.0034258276627043773,-0.1848285507112791,-0.11450955048233308,0.07031900022894602,0.014305531860612137,0.006906744461763808
RZDT2_VC,GPR-KG,vepm,1,1001,axis,1.0,0.004417494632216135,49 0 0 0 0,49,0.49,mid_t1,tn,0,0,0.011976320741139274,0.02181700851500304,0.011976320741139274,0.009840687773863765,0.49,0.5187052572467202,0.02870525724672024,0.014376330475641002,0.004843259709711772,0.7599,0.940039462120461,0.18013946212046095,0.014376330475641002,0.0034258276627043773,-0.18524382734795153,-0.11488155500208302,0.0703622723458685,0.014376330475641002,0.006906744461763808
RZDT2_VC,GPR-KG,vepm,1,1001,axis,1.0,0.004417494632216135,50 0 0 0 0,50,0.5,mid_t1,tn,0,0,0.01200000000000001,0.021546168229536755,0.01200000000000001,0.009546168229536744,0.5,0.5286557620088929,0.02865576200889286,0.0144,0.004843259709711772,0.75,0.9380887881639112,0.18808878816391117,0.0144,0.0034258276627043773,-0.18538243523417663,-0.11515239528754931,0.07023003994662733,0.0144,0.006906744461763808
RZDT2_VC,GPR-KG,vepm,1,1001,axis,1.0,0.004417494632216135,51 0 0 0 0,51,0.51,mid_t1,fp,0,1,0.011976320741139274,-0.055713452078050466,0.011976320741139274,-0.06768977281918974,0.51,0.5386204887557461,0.028620488755746076,0.014376330475641002,0.0036779236693063543,0.7399,0.9360672058756279,0.19616720587562786,0.014376330475641002,0.0017396872871874934,-0.18524382734795153,-0.11532207133873193,0.0699217560092196,0.014376330475641002,0.0013132989916633511
RZDT2_VC,GPR-KG,vepm,1,1001,axis,1.0,0.004417494632216135,52 0 0 0 0,52,0.52,mid_t1,fp,0,1,0.011905376415773744,-0.05578196389494937,0.011905376415773744,-0.06768734031072311,0.52,0.5485994374872799,0.02859943748727989,0.014305531860612137,0.0036779236693063543,0.7296,0.933974715255611,0.20437471525561102,0.014305531860612137,0.0017396872871874934,-0.1848285507112791,-0.11539058315563083,0.06943796755564827,0.014305531860612137,0.0013132989916633511
RZDT2_VC,GPR-KG,vepm,1,1001,axis,1.0,0.004417494632216135,53 0 0 0 0,53,0.53,mid_t1,fp,0,1,0.011787447008744262,-0.055749311477564664,0.011787447008744262,-0.06753675848630893,0.53,0.5585926082034943,0.028592608203494296,0.014188231362461133,0.0036779236693063543,0.7191,0.9318113163038606,0.21271131630386064,0.014188231362461133,0.0017396872871874934,-0.18413824423132247,-0.11535793073824613,0.06878031349307634,0.014188231362461133,0.0013132989916633511
RZDT2_VC,GPR-KG,vepm,1,1001,axis,1.0,0.004417494632216135,54 0 0 0 0,54,0.54,mid_t1,fp,0,1,0.011622997933543572,-0.055615494825896186,0.011622997933543572,-0.06723849275943976,0.54,0.5686000009043893,0.0286000009043893,0.014025465477955242,0.0036779236693063543,0.7083999999999999,0.9295770090203769,0.22117700902037696,0.014025465477955242,0.0017396872871874934,-0.183175632232387,-0.11522411408657765,0.06795151814580935,0.014025465477955242,0.0013132989916633511
RZDT2_VC,GPR-KG,vepm,1,1001,axis,1.0,0.004417494632216135,55 0 0 0 0,55,0.55,mid_t1,fp,0,1,0.011412678195541842,-0.055380513939944045,0.011412678195541842,-0.06679319213548589,0.55,0.5786216155899648,0.02862161558996479,0.013818666857034756,0.0036779236693063543,0.6975,0.9272717934051595,0.22977179340515952,0.013818666857034756,0.0017396872871874934,-0.18194451370425696,-0.11498913320062551,0.06695538050363145,0.013818666857034756,0.0013132989916633511
RZDT2_VC,GPR-KG,vepm,1,1001,axis,1.0,0.004417494632216135,56 0 0 0 0,56,0.56,mid_t1,fp,0,1,0.011157317830659014,-0.055044368819708214,0.011157317830659014,-0.06620168665036723,0.56,0.5886574522602211,0.028657452260221095,0.013569646185494524,0.0036779236693063543,0.6863999999999999,0.9248956694582088,0.23849566945820888,0.013569646185494524,0.0017396872871874934,-0.18044974730931826,-0.11465298808038968,0.06579675922892858,0.013569646185494524,0.0013132989916633511
RZDT2_VC,GPR-KG,vepm,1,1001,axis,1.0,0.004417494632216135,57 0 0 0 0,57,0.57,mid_t1,fp,0,1,0.01085792462959223,-0.05460705946518872,0.01085792462959223,-0.06546498409478095,0.57,0.598707510915158,0.028707510915157997,0.013280569354448001,0.0036779236693063543,0.6751,0.9224486371795244,0.24734863717952438,0.013280569354448001,0.0017396872871874934,-0.17869723220763795,-0.11421567872587018,0.06448155348176776,0.013280569354448001,0.0013132989916633511
RZDT2_VC,GPR-KG,vepm,1,1001,axis,1.0,0.004417494632216135,58 0 0 0 0,58,0.58,mid_t1,fp,0,1,0.01051568016052637,-0.05406858587638551,0.01051568016052637,-0.06458426603691188,0.58,0.6087717915547753,0.028771791554775383,0.012953930254030797,0.0036779236693063543,0.6636,0.9199306965691065,0.25633069656910656,0.012953930254030797,0.0017396872871874934,-0.17669388477567435,-0.11367720513706697,0.06301667963860738,0.012953930254030797,0.0013132989916633511
RZDT2_VC,GPR-KG,vepm,1,1001,axis,1.0,0.004417494632216135,59 0 0 0 0,59,0.59,mid_t1,fp,0,1,0.01013193510602417,-0.05342894805329863,0.01013193510602417,-0.0635608831593228,0.59,0.6188502941790733,0.028850294179073366,0.012592519592970447,0.0036779236693063543,0.6519,0.9173418476269553,0.2654418476269552,0.012592519592970447,0.0017396872871874934,-0.174447611310499,-0.1130375673139801,0.06141004399651889,0.012592519592970447,0.0013132989916633511
RZDT2_VC,GPR-KG,vepm,1,1001,axis,1.0,0.004417494632216135,60 0 0 0 0,60,0.6,mid_t1,fp,0,1,0.009708203932499382,-0.052688145995928096,0.009708203932499382,-0.06239634992842748,0.6,0.6289430187880519,0.028943018788051944,0.012199390203593318,0.0036779236693063543,0.64,0.9146820903530704,0.27468209035307034,0.012199390203593318,0.0017396872871874934,-0.17196727682725424,-0.11229676525660956,0.05967051157064468,0.012199390203593318,0.0013132989916633511
RZDT2_VC,GPR-KG,vepm,1,1001,axis,1.0,0.004417494632216135,61 0 0 0 0,61,0.61,mid_t1,fp,0,1,0.00924615891330946,-0.05184617970427384,0.00924615891330946,-0.0610923386175833,0.61,0.6390499653817111,0.029049965381711118,0.01177781934266268,0.0036779236693063543,0.6279,0.9119514247474522,0.28405142474745215,0.01177781934266268,0.0017396872871874934,-0.16926267007298845,-0.1114547989649553,0.05780787110803315,0.01177781934266268,0.0013132989916633511
RZDT2_VC,GPR-KG,vepm,1,1001,axis,1.0,0.004417494632216135,62 0 0 0 0,62,0.62,mid_t1,fp,0,1,0.008747623529056947,-0.050903049178335893,0.008747623529056947,-0.05965067270739284,0.62,0.6491711339600509,0.029171133960050888,0.011331268541361527,0.0036779236693063543,0.6155999999999999,0.9091498508101002,0.2935498508101003,0.011331268541361527,0.0017396872871874934,-0.1663444648949434,-0.11051166843901736,0.05583279645592604,0.011331268541361527,0.0013132989916633511
RZDT2_VC,GPR-KG,vepm,1,1001,axis,1.0,0.004417494632216135,63 0 0 0 0,63,0.63,mid_t1,fp,0,1,0.00821456527114428,-0.049858754418114284,0.00821456527114428,-0.058073319689258565,0.63,0.6593065245230711,0.029306524523071142,0.010863341592089185,0.0036779236693063543,0.6031,0.906277368541015,0.30317736854101507,0.010863341592089185,0.0017396872871874934,-0.16322417811575568,-0.10946737367879575,0.05375680443695993,0.010863341592089185,0.0013132989916633511
RZDT2_VC,GPR-KG,vepm,1,1001,axis,1.0,0.004417494632216135,64 0 0 0 0,64,0.64,mid_t1,fp,0,1,0.007649087876984262,-0.04871329542360896,0.007649087876984262,-0.05636238330059322,0.64,0.6694561370707721,0.029456137070772104,0.01037774128500867,0.0036779236693063543,0.5904,0.9033339779401961,0.31293397794019606,0.01037774128500867,0.0017396872871874934,-0.1599141240818193,-0.10832191468429042,0.05159220939752887,0.01037774128500867,0.0013132989916633511
RZDT2_VC,GPR-KG,vepm,1,1001,axis,1.0,0.004417494632216135,65 0 0 0 0,65,0.65,mid_t1,fp,0,1,0.007053423027509692,-0.04746667219481997,0.007053423027509692,-0.05452009522232966,0.65,0.6796199716031537,0.02961997160315366,0.009878225523078628,0.0036779236693063543,0.5774999999999999,0.9003196790076438,0.32281967900764386,0.009878225523078628,0.0017396872871874934,-0.1564273660641864,-0.10707529145550143,0.04935207460868496,0.009878225523078628,0.0013132989916633511
RZDT2_VC,GPR-KG,vepm,1,1001,axis,1.0,0.004417494632216135,66 0 0 0 0,66,0.66,mid_t1,fp,0,1,0.006429921539747946,-0.04611888473174726,0.006429921539747946,-0.052548806271495205,0.66,0.6897980281202158,0.029798028120215814,0.009368563450396631,0.0036779236693063543,0.5644,0.8972344717433579,0.3328344717433579,0.009368563450396631,0.0017396872871874934,-0.15277766470380436,-0.10572750399242872,0.04705016071137563,0.009368563450396631,0.0013132989916633511
RZDT2_VC,GPR-KG,vepm,1,1001,axis,1.0,0.004417494632216135,67 0 0 0 0,67,0.67,high_t1,fp,0,1,0.005781044089220588,-0.04466993303439089,0.005781044089220588,-0.050450977123611476,0.67,0.6999903066219586,0.029990306621958562,0.00885249222498826,0.0036779236693063543,0.5510999999999999,0.8940783561473387,0.34297835614733874,0.00885249222498826,0.0017396872871874934,-0.14897942370455264,-0.10427855229507235,0.044700871409480286,0.00885249222498826,0.0013132989916633511
RZDT2_VC,GPR-KG,vepm,1,1001,axis,1.0,0.004417494632216135,68 0 0 0 0,68,0.68,high_t1,fp,0,1,0.005109351498780862,-0.043119817102750854,0.005109351498780862,-0.048229168601531716,0.68,0.710196807108382,0.030196807108381907,0.008333675053769642,0.0036779236693063543,0.5375999999999999,0.8908513322195857,0.3532513322195858,0.008333675053769642,0.0017396872871874934,-0.14504763298840406,-0.10272843636343232,0.042319196624971744,0.008333675053769642,0.0013132989916633511
RZDT2_VC,GPR-KG,vepm,1,1001,axis,1.0,0.004417494632216135,69 0 0 0 0,69,0.69,high_t1,fp,0,1,0.004417494632216135,-0.0414685369368271,0.004417494632216135,-0.04588603156904324,0.69,0.7204175295794859,0.030417529579485958,0.007815661084515988,0.0036779236693063543,0.5239,0.8875533999600994,0.3636533999600994,0.007815661084515988,0.0017396872871874934,-0.14099780953705102,-0.10107715619750857,0.03992065333954245,0.007815661084515988,0.0013132989916633511
RZDT2_VC,GPR-KG,vepm,1,1001,axis,1.0,0.004417494632216135,70 0 0 0 0,70,0.7,high_t1,fp,0,1,0.0037082039324993765,-0.039716092536619715,0.0037082039324993765,-0.04342429646911909,0.7,0.7306524740352704,0.030652474035270494,0.007301847717655946,0.0036779236693063543,0.51,0.8841845593688795,0.3741845593688795,0.007301847717655946,0.0017396872871874934,-0.1368459361534674,-0.09932471179730118,0.03752122435616623,0.007301847717655946,0.0013132989916633511
RZDT2_VC,GPR-KG,vepm,1,1001,axis,1.0,0.004417494632216135,71 0 0 0 0,71,0.71,high_t1,tn,0,0,0.00298427864597825,0.015699331694156687,0.00298427864597825,0.012715053048178437,0.71,0.7409016404757356,0.030901640475735626,0.006795445860099158,0.00419148688808102,0.4959,0.8807448104459263,0.38484481044592633,0.006795445860099158,0.0012399740548340598,-0.13260839838508803,-0.09747110316281005,0.03513729522227799,0.006795445860099158,0.004733816899642848
RZDT2_VC,GPR-KG,vepm,1,1001,axis,1.0,0.004417494632216135,72 0 0 0 0,72,0.72,high_t1,tn,0,0,0.0022485757750286828,0.01765410456293151,0.0022485757750286828,0.015405528787902828,0.72,0.7511650289008813,0.031165028900881353,0.006299448594739758,0.00419148688808102,0.48160000000000003,0.8772341531912394,0.3956341531912394,0.006299448594739758,0.0012399740548340598,-0.12830191985753756,-0.09551633029403522,0.03278558956350233,0.006299448594739758,0.004733816899642848
RZDT2_VC,GPR-KG,vepm,1,1001,axis,1.0,0.004417494632216135,73 0 0 0 0,73,0.73,high_t1,tn,0,0,0.001503998802771661,0.01971004166598997,0.001503998802771661,0.018206042863218308,0.73,0.7614426393107077,0.031442639310707676,0.005816603683539342,0.00419148688808102,0.46710000000000007,0.8736525876048191,0.40655258760481905,0.005816603683539342,0.0012399740548340598,-0.12394349627412149,-0.09346039319097676,0.030483103083144725,0.005816603683539342,0.004733816899642848
RZDT2_VC,GPR-KG,vepm,1,1001,axis,1.0,0.004417494632216135,74 0 0 0 0,74,0.74,high_t1,tn,0,0,0.0007534862343517579,0.021867143003332173,0.0007534862343517579,0.021113656768980416,0.74,0.7717344717052146,0.031734471705214595,0.005349390260062094,0.00419148688808102,0.4524,0.8700001136866652,0.41760011368666516,0.005349390260062094,0.0012399740548340598,-0.11955032834154919,-0.09130329185363456,0.02824703648791463,0.005349390260062094,0.004733816899642848
RZDT2_VC,GPR-KG,vepm,1,1001,axis,1.0,0.004417494632216135,75 0 0 0 0,75,0.75,high_t1,fn,1,0,0.0,0.024125408574958013,0.0,0.024125408574958013,0.75,0.7820405260844021,0.03204052608440211,0.004900000000000001,0.00419148688808102,0.4375,0.8662767314367779,0.42877673143677786,0.004900000000000001,0.0012399740548340598,-0.11513975388660307,-0.08904502628200872,0.026094727604594345,0.004900000000000001,0.004733816899642848
RZDT2_VC,GPR-KG,vepm,1,1001,axis,1.0,0.004417494632216135,76 0 0 0 0,76,0.76,high_t1,fn,1,0,-0.0007534862343517579,0.026484838380867542,0.0007534862343517579,0.0272383246152193,0.76,0.7923608024482702,0.03236080244827022,0.004470322986651712,0.00419148688808102,0.4224,0.862482440855157,0.440082440855157,0.004470322986651712,0.0012399740548340598,-0.11072917943165694,-0.08668559647609919,0.024043582955557752,0.004470322986651712,0.004733816899642848
RZDT2_VC,GPR-KG,vepm,1,1001,axis,1.0,0.004417494632216135,77 0 0 0 0,77,0.77,high_t1,fn,1,0,-0.0015039988027716472,0.028945432421060763,0.0015039988027716472,0.03044943122383241,0.77,0.802695300796819,0.03269530079681893,0.004061938413639081,0.00419148688808102,0.4071,0.8586172419418027,0.45151724194180265,0.004061938413639081,0.0012399740548340598,-0.1063360114990846,-0.08422500243590597,0.02211100906317863,0.004061938413639081,0.004733816899642848
RZDT2_VC,GPR-KG,vepm,1,1001,axis,1.0,0.004417494632216135,78 0 0 0 0,78,0.78,high_t1,fn,1,0,-0.0022485757750286967,0.03150719069553762,0.0022485757750286967,0.033755766470566315,0.78,0.8130440211300483,0.03304402113004823,0.003676110190539616,0.00419148688808102,0.39159999999999995,0.8546811346967149,0.46308113469671497,0.003676110190539616,0.0012399740548340598,-0.10197758791566859,-0.08166324416142912,0.020314343754239475,0.003676110190539616,0.004733816899642848
RZDT2_VC,GPR-KG,vepm,1,1001,axis,1.0,0.004417494632216135,79 0 0 0 0,79,0.79,high_t1,fn,1,0,-0.002984278645978264,0.03417011320429822,0.002984278645978264,0.03715439185027648,0.79,0.8234069634479582,0.03340696344795813,0.0033137874397911856,0.00419148688808102,0.3758999999999999,0.8506741191198934,0.47477411911989353,0.0033137874397911856,0.0012399740548340598,-0.09767110938811811,-0.07900032165266851,0.018670787735449598,0.0033137874397911856,0.004733816899642848
RZDT2_VC,GPR-KG,vepm,1,1001,axis,1.0,0.004417494632216135,80 0 0 0 0,80,0.8,high_t1,fn,1,0,-0.0037082039324993626,0.036934199947342566,0.0037082039324993626,0.04064240387984193,0.8,0.8337841277505486,0.03378412775054851,0.0029756097964066855,0.00419148688808102,0.3599999999999999,0.8465961952113386,0.4865961952113387,0.0029756097964066855,0.0012399740548340598,-0.0934335716197387,-0.07623623490962417,0.01719733671011453,0.0029756097964066855,0.004733816899642848
RZDT2_VC,GPR-KG,vepm,1,1001,axis,1.0,0.004417494632216135,81 0 0 0 0,81,0.81,high_t1,fn,1,0,-0.004417494632216135,0.03979945092467055,0.004417494632216135,0.04421694555688668,0.81,0.8441755140378197,0.0341755140378196,0.0026619173469304876,0.00419148688808102,0.3438999999999999,0.8424473629710503,0.4985473629710504,0.0026619173469304876,0.0012399740548340598,-0.08928169823615512,-0.07337098393229619,0.01591071430385893,0.0026619173469304876,0.004733816899642848
RZDT2_VC,GPR-KG,vepm,1,1001,axis,1.0,0.004417494632216135,82 0 0 0 0,82,0.82,high_t1,fn,1,0,-0.005109351498780862,0.042765866136282166,0.005109351498780862,0.04787521763506303,0.82,0.8545811223097713,0.034581122309771395,0.0023727649718586334,0.00419148688808102,0.3276000000000001,0.8382276223990284,0.5106276223990283,0.0023727649718586334,0.0012399740548340598,-0.08523187478480208,-0.07040456872068457,0.014827306064117515,0.0023727649718586334,0.004733816899642848
RZDT2_VC,GPR-KG,vepm,1,1001,axis,1.0,0.004417494632216135,83 0 0 0 0,83,0.83,high_t1,fn,1,0,-0.0057810440892205744,0.04583344558217753,0.0057810440892205744,0.0516144896713981,0.83,0.8650009525664036,0.035000952566403676,0.002107940787564248,0.00419148688808102,0.31110000000000004,0.8339369734952731,0.522836973495273,0.002107940787564248,0.0012399740548340598,-0.08130008406865345,-0.0673369892747892,0.013963094793864247,0.002107940787564248,0.004733816899642848
RZDT2_VC,GPR-KG,vepm,1,1001,axis,1.0,0.004417494632216135,84 0 0 0 0,84,0.84,high_t1,fn,1,0,-0.006429921539747946,0.04900218926235653,0.006429921539747946,0.05543211080210447,0.84,0.8754350048077165,0.03543500480771655,0.0018669883206906854,0.00419148688808102,0.2944000000000001,0.8295754162597841,0.535175416259784,0.0018669883206906854,0.0012399740548340598,-0.07750184306940178,-0.06416824559461021,0.01333359747479157,0.0018669883206906854,0.004733816899642848
RZDT2_VC,GPR-KG,vepm,1,1001,axis,1.0,0.004417494632216135,85 0 0 0 0,85,0.85,high_t1,fn,1,0,-0.007053423027509678,0.052272097176819216,0.007053423027509678,0.059325520204328894,0.85,0.88588327903371,0.035883279033710025,0.0016492319909840044,0.00419148688808102,0.2775000000000001,0.8251429506925617,0.5476429506925616,0.0016492319909840044,0.0012399740548340598,-0.07385214170901971,-0.06089833768014752,0.012953804028872196,0.0016492319909840044,0.004733816899642848
RZDT2_VC,GPR-KG,vepm,1,1001,axis,1.0,0.004417494632216135,86 0 0 0 0,86,0.86,high_t1,fn,1,0,-0.007649087876984276,0.055643169325565706,0.007649087876984276,0.06329225720254998,0.86,0.896345775244384,0.03634577524438398,0.001453805428527018,0.00419148688808102,0.2604000000000001,0.820639576793606,0.5602395767936059,0.001453805428527018,0.0012399740548340598,-0.07036538369138685,-0.05752726553140103,0.012838118159985826,0.001453805428527018,0.004733816899642848
RZDT2_VC,GPR-KG,vepm,1,1001,axis,1.0,0.004417494632216135,87 0 0 0 0,87,0.87,high_t1,fn,1,0,-0.00821456527114426,0.05911540570859572,0.00821456527114426,0.06732997097973997,0.87,0.9068224934397386,0.036822493439738646,0.0012796821090875375,0.00419148688808102,0.24309999999999998,0.8160652945629165,0.5729652945629166,0.0012796821090875375,0.0012399740548340598,-0.06705532965745045,-0.054055029148371014,0.013000300509079438,0.0012796821090875375,0.004733816899642848
RZDT2_VC,GPR-KG,vepm,1,1001,axis,1.0,0.004417494632216135,88 0 0 0 0,88,0.88,high_t1,fn,1,0,-0.00874762352905694,0.06268880632590948,0.00874762352905694,0.07143642985496643,0.88,0.917313433619774,0.03731343361977402,0.0011257077574617622,0.00419148688808102,0.22560000000000002,0.8114201040004938,0.5858201040004938,0.0011257077574617622,0.0012399740548340598,-0.06393504287826277,-0.050481628531057254,0.013453414347205511,0.0011257077574617622,0.004733816899642848
RZDT2_VC,GPR-KG,vepm,1,1001,axis,1.0,0.004417494632216135,89 0 0 0 0,89,0.89,high_t1,fn,1,0,-0.009246158913309474,0.06636337117750699,0.009246158913309474,0.07560953009081646,0.89,0.9278185957844899,0.03781859578448987,0.0009906339438016307,0.00419148688808102,0.20789999999999997,0.8067040051063373,0.5988040051063374,0.0009906339438016307,0.0012399740548340598,-0.06101683770021766,-0.04680706367945975,0.01420977402075791,0.0009906339438016307,0.004733816899642848
RZDT2_VC,GPR-KG,vepm,1,1001,axis,1.0,0.004417494632216135,90 0 0 0 0,90,0.9,high_t1,fn,1,0,-0.009708203932499368,0.07013910026338813,0.009708203932499368,0.0798473041958875,0.9,0.9383379799338863,0.038337979933886324,0.0008731522823440527,0.00419148688808102,0.18999999999999995,0.8019169978804475,0.6119169978804475,0.0008731522823440527,0.0012399740548340598,-0.05831223094595188,-0.04303133459357861,0.015280896352373272,0.0008731522823440527,0.004733816899642848
RZDT2_VC,GPR-KG,vepm,1,1001,axis,1.0,0.004417494632216135,91 0 0 0 0,91,0.91,high_t1,fn,1,0,-0.010131935106024184,0.07401599358355301,0.010131935106024184,0.0841479286895772,0.91,0.9488715860679634,0.03887158606796337,0.0007719286359422346,0.00419148688808102,0.17189999999999994,0.7970590823228241,0.6251590823228241,0.0007719286359422346,0.0012399740548340598,-0.05583189646270712,-0.03915444127341372,0.0166774551892934,0.0007719286359422346,0.004733816899642848
RZDT2_VC,GPR-KG,vepm,1,1001,axis,1.0,0.004417494632216135,92 0 0 0 0,92,0.92,high_t1,fn,1,0,-0.010515680160526363,0.07799405113800148,0.010515680160526363,0.08850973129852785,0.92,0.9594194141867209,0.0394194141867209,0.0006856367334167007,0.00419148688808102,0.15359999999999996,0.7921302584334672,0.6385302584334672,0.0006856367334167007,0.0012399740548340598,-0.05358562299753181,-0.035176383718965254,0.018409239278566553,0.0006856367334167007,0.004733816899642848
RZDT2_VC,GPR-KG,vepm,1,1001,axis,1.0,0.004417494632216135,93 0 0 0 0,93,0.93,high_t1,fn,1,0,-0.010857924629592237,0.08207327292673364,0.010857924629592237,0.09293119755632587,0.93,0.9699814642901592,0.03998146429015914,0.000612990619923725,0.00419148688808102,0.1350999999999999,0.7871305262123769,0.652030526212377,0.000612990619923725,0.0012399740548340598,-0.051582275565568166,-0.031097161930233097,0.02048511363533507,0.000612990619923725,0.004733816899642848
RZDT2_VC,GPR-KG,vepm,1,1001,axis,1.0,0.004417494632216135,94 0 0 0 0,94,0.94,high_t1,fn,1,0,-0.011157317830659014,0.08625365894974954,0.011157317830659014,0.09741097678040855,0.94,0.980557736378278,0.040557736378278086,0.0005527753830590053,0.00419148688808102,0.11640000000000006,0.782059885659553,0.6656598856595529,0.0005527753830590053,0.0012399740548340598,-0.04982976046388786,-0.026916775907217194,0.022912984556670665,0.0005527753830590053,0.004733816899642848
RZDT2_VC,GPR-KG,vepm,1,1001,axis,1.0,0.004417494632216135,95 0 0 0 0,95,0.95,high_t1,fn,1,0,-0.011412678195541842,0.09053520920704913,0.011412678195541842,0.10194788740259098,0.95,0.9911482304510775,0.04114823045107752,0.0005038756289026096,0.00419148688808102,0.09750000000000003,0.7769183367749957,0.6794183367749956,0.0005038756289026096,0.0012399740548340598,-0.048334994068949144,-0.0226352256499176,0.025699768419031543,0.0005038756289026096,0.004733816899642848
RZDT2_VC,GPR-KG,vepm,1,1001,axis,1.0,0.004417494632216135,96 0 0 0 0,96,0.96,high_t1,fn,1,0,-0.011622997933543572,0.09491792369863236,0.011622997933543572,0.10654092163217593,0.96,1.0017529465085575,0.04175294650855754,0.0004653012221544119,0.00419148688808102,0.07840000000000003,0.7717058795587047,0.6933058795587047,0.0004653012221544119,0.0012399740548340598,-0.04710387554081908,-0.018252511158334372,0.028851364382484708,0.0004653012221544119,0.004733816899642848
RZDT2_VC,GPR-KG,vepm,1,1001,axis,1.0,0.004417494632216135,97 0 0 0 0,97,0.97,high_t1,fn,1,0,-0.011787447008744269,0.09940180242449934,0.011787447008744269,0.1111892494332436,0.97,1.0123718845507181,0.042371884550718164,0.0004362098522594935,0.00419148688808102,0.05910000000000004,0.7664225140106804,0.7073225140106804,0.0004362098522594935,0.0012399740548340598,-0.04614126354188364,-0.013768632432467398,0.03237263110941624,0.0004362098522594935,0.004733816899642848
RZDT2_VC,GPR-KG,vepm,1,1001,axis,1.0,0.004417494632216135,98 0 0 0 0,98,0.98,high_t1,fn,1,0,-0.01190537641577373,0.10398684538464995,0.01190537641577373,0.11589222180042368,0.98,1.0230050445775594,0.04300504457755938,0.00041592604220944417,0.00419148688808102,0.03960000000000008,0.7610682401309226,0.7214682401309225,0.00041592604220944417,0.0012399740548340598,-0.04545095706192702,-0.009183589472316789,0.03626736758961023,0.00041592604220944417,0.004733816899642848
RZDT2_VC,GPR-KG,vepm,1,1001,axis,1.0,0.004417494632216135,99 0 0 0 0,99,0.99,high_t1,fn,1,0,-0.01197632074113926,0.1086730525790843,0.01197632074113926,0.12064937332022356,0.99,1.0336524265890812,0.043652426589081195,0.0004039562776451963,0.00419148688808102,0.01990000000000003,0.7556430579194311,0.7357430579194311,0.0004039562776451963,0.0012399740548340598,-0.04503568042525459,-0.0044973822778824335,0.04053829814737216,0.0004039562776451963,0.004733816899642848
RZDT2_VC,GPR-KG,vepm,1,1001,axis,1.0,0.004417494632216135,100 0 0 0 0,100,1.0,high_t1,fn,1,0,-0.011999999999999997,0.1134604240078024,0.011999999999999997,0.12546042400780238,1.0,1.0443140305852836,0.044314030585283604,0.0004,0.00419148688808102,0.0,0.7501469673762062,0.7501469673762062,0.0004,0.0012399740548340598,-0.04489707253902944,0.0002899891508356678,0.04518706168986511,0.0004,0.004733816899642848
RZDT2_VC,GPR-KG,vepm,2,1002,axis,1.0,0.004417494632216135,0 0 0 0 0,0,0.0,low_t1,fn,1,0,-0.011999999999999997,0.1352290511168657,0.011999999999999997,0.14722905111686568,0.0,0.09734624962011854,0.09734624962011854,0.0004,0.005729843795189582,1.0,0.7759530364111417,-0.22404696358885834,0.0004,0.005876263537611216,-0.04489707253902944,0.038094221727331366,0.08299129426636082,0.0004,0.0034873493036128504
RZDT2_VC,GPR-KG,vepm,2,1002,axis,1.0,0.004417494632216135,1 0 0 0 0,1,0.01,low_t1,fn,1,0,-0.01197632074113926,0.13050928905288292,0.01197632074113926,0.1424856097940222,0.01,0.10580550748773476,0.09580550748773477,0.0004039562776451963,0.005729843795189582,0.9999,0.7767389214307742,-0.22316107856922585,0.0004039562776451963,0.005876263537611216,-0.04503568042525459,0.03337445966334858,0.07841014008860317,0.0004039562776451963,0.0034873493036128504
RZDT2_VC,GPR-KG,vepm,2,1002,axis,1.0,0.004417494632216135,2 0 0 0 0,2,0.02,low_t1,fn,1,0,-0.011905376415773737,0.125882331529744,0.011905376415773737,0.13778770794551776,0.02,0.1142846209064374,0.0942846209064374,0.00041592604220944417,0.005729843795189582,0.9996,0.7774329842119245,-0.22216701578807552,0.00041592604220944417,0.005876263537611216,-0.045450957061927026,0.02874750214020967,0.07419845920213669,0.00041592604220944417,0.0034873493036128504
RZDT2_VC,GPR-KG,vepm,2,1002,axis,1.0,0.004417494632216135,3 0 0 0 0,3,0.03,low_t1,fn,1,0,-0.011787447008744269,0.121348178547449,0.011787447008744269,0.13313562555619327,0.03,0.12278358987622649,0.0927835898762265,0.0004362098522594935,0.005729843795189582,0.9991,0.7780352247545925,-0.22106477524540746,0.0004362098522594935,0.005876263537611216,-0.04614126354188364,0.024213349157914663,0.0703546126997983,0.0004362098522594935,0.0034873493036128504
RZDT2_VC,GPR-KG,vepm,2,1002,axis,1.0,0.004417494632216135,4 0 0 0 0,4,0.04,low_t1,fn,1,0,-0.011622997933543572,0.11690683010599787,0.011622997933543572,0.12852982803954144,0.04,0.131302414397102,0.09130241439710199,0.0004653012221544117,0.005729843795189582,0.9984,0.7785456430587785,-0.21985435694122146,0.0004653012221544117,0.005876263537611216,-0.04710387554081907,0.01977200071646353,0.0668758762572826,0.0004653012221544117,0.0034873493036128504
RZDT2_VC,GPR-KG,vepm,2,1002,axis,1.0,0.004417494632216135,5 0 0 0 0,5,0.05,low_t1,fn,1,0,-0.011412678195541842,0.11255828620539063,0.011412678195541842,0.12397096440093247,0.05,0.13984109446906395,0.08984109446906395,0.0005038756289026093,0.005729843795189582,0.9975,0.7789642391244823,-0.21853576087551774,0.0005038756289026093,0.005876263537611216,-0.04833499406894913,0.015423456815856287,0.06375845088480542,0.0005038756289026093,0.0034873493036128504
RZDT2_VC,GPR-KG,vepm,2,1002,axis,1.0,0.004417494632216135,6 0 0 0 0,6,0.06,low_t1,fn,1,0,-0.011157317830659014,0.10830254684562726,0.011157317830659014,0.11945986467628628,0.06,0.14839963009211232,0.08839963009211232,0.0005527753830590045,0.005729843795189582,0.9964,0.7792910129517039,-0.21710898704829606,0.0005527753830590045,0.005876263537611216,-0.04982976046388783,0.011167717456092928,0.06099747791998076,0.0005527753830590045,0.0034873493036128504
RZDT2_VC,GPR-KG,vepm,2,1002,axis,1.0,0.004417494632216135,7 0 0 0 0,7,0.07,low_t1,fn,1,0,-0.010857924629592237,0.1041396120267078,0.010857924629592237,0.11499753665630003,0.07,0.15697802126624713,0.08697802126624712,0.0006129906199237256,0.005729843795189582,0.9951,0.7795259645404431,-0.2155740354595569,0.0006129906199237256,0.005876263537611216,-0.051582275565568186,0.007004782637173454,0.05858705820274164,0.0006129906199237256,0.0034873493036128504
RZDT2_VC,GPR-KG,vepm,2,1002,axis,1.0,0.004417494632216135,8 0 0 0 0,8,0.08,low_t1,fn,1,0,-0.010515680160526363,0.10006948174863221,0.010515680160526363,0.11058516190915857,0.08,0.16557626799146838,0.08557626799146838,0.0006856367334167007,0.005729843795189582,0.9936,0.7796690938907003,-0.21393090610929977,0.0006856367334167007,0.005876263537611216,-0.05358562299753181,0.0029346523590978724,0.05652027535662968,0.0006856367334167007,0.0034873493036128504
RZDT2_VC,GPR-KG,vepm,2,1002,axis,1.0,0.004417494632216135,9 0 0 0 0,9,0.09,low_t1,fn,1,0,-0.010131935106024177,0.09609215601140052,0.010131935106024177,0.1062240911174247,0.09,0.17419437026777607,0.08419437026777607,0.0007719286359422355,0.005729843795189582,0.9919,0.7797204010024753,-0.2121795989975247,0.0007719286359422355,0.005876263537611216,-0.05583189646270714,-0.0010426733781338238,0.05478922308457332,0.0007719286359422355,0.0034873493036128504
RZDT2_VC,GPR-KG,vepm,2,1002,axis,1.0,0.004417494632216135,10 0 0 0 0,10,0.1,low_t1,fn,1,0,-0.009708203932499368,0.0922076348150127,0.009708203932499368,0.10191583874751207,0.1,0.18283232809517017,0.08283232809517016,0.0008731522823440523,0.005729843795189582,0.99,0.7796798858757681,-0.2103201141242319,0.0008731522823440523,0.005876263537611216,-0.05831223094595187,-0.004927194574521641,0.05338503637143023,0.0008731522823440523,0.0034873493036128504
RZDT2_VC,GPR-KG,vepm,2,1002,axis,1.0,0.004417494632216135,11 0 0 0 0,11,0.11,low_t1,fn,1,0,-0.009246158913309467,0.08841591815946878,0.009246158913309467,0.09766207707277824,0.11,0.1914901414736507,0.0814901414736507,0.0009906339438016311,0.005729843795189582,0.9879,0.7795475485105787,-0.20835245148942128,0.0009906339438016311,0.005876263537611216,-0.061016837700217666,-0.00871891123006556,0.052297926470152106,0.0009906339438016311,0.0034873493036128504
RZDT2_VC,GPR-KG,vepm,2,1002,axis,1.0,0.004417494632216135,12 0 0 0 0,12,0.12,low_t1,fn,1,0,-0.008747623529056933,0.08471700604476874,0.008747623529056933,0.09346462957382567,0.12,0.20016781040321768,0.08016781040321769,0.0011257077574617607,0.005729843795189582,0.9856,0.779323388906907,-0.20627661109309303,0.0011257077574617607,0.005876263537611216,-0.06393504287826272,-0.0124178233447656,0.051517219533497124,0.0011257077574617607,0.0034873493036128504
RZDT2_VC,GPR-KG,vepm,2,1002,axis,1.0,0.004417494632216135,13 0 0 0 0,13,0.13,low_t1,fn,1,0,-0.00821456527114426,0.08111089847091257,0.00821456527114426,0.08932546374205683,0.13,0.2088653348838711,0.0788653348838711,0.0012796821090875375,0.005729843795189582,0.9831,0.7790074070647532,-0.20409259293524673,0.0012796821090875375,0.005876263537611216,-0.06705532965745045,-0.01602393091862176,0.05103139873882869,0.0012796821090875375,0.0034873493036128504
RZDT2_VC,GPR-KG,vepm,2,1002,axis,1.0,0.004417494632216135,14 0 0 0 0,14,0.14,low_t1,fn,1,0,-0.007649087876984276,0.07759759543790032,0.007649087876984276,0.0852466833148846,0.14,0.21758271491561093,0.07758271491561092,0.001453805428527017,0.005729843795189582,0.9804,0.7785996029841172,-0.20180039701588282,0.001453805428527017,0.005876263537611216,-0.07036538369138683,-0.01953723395163403,0.0508281497397528,0.001453805428527017,0.0034873493036128504
RZDT2_VC,GPR-KG,vepm,2,1002,axis,1.0,0.004417494632216135,15 0 0 0 0,15,0.15,low_t1,fn,1,0,-0.007053423027509678,0.07417709694573194,0.007053423027509678,0.08123051997324161,0.15,0.2263199504984372,0.0763199504984372,0.0016492319909840038,0.005729843795189582,0.9775,0.7780999766649991,-0.19940002333500095,0.0016492319909840038,0.005876263537611216,-0.0738521417090197,-0.022957732443802406,0.050894409265217294,0.0016492319909840038,0.0034873493036128504
RZDT2_VC,GPR-KG,vepm,2,1002,axis,1.0,0.004417494632216135,16 0 0 0 0,16,0.16,low_t1,fn,1,0,-0.00642992153974796,0.07084940299440745,0.00642992153974796,0.07727932453415541,0.16,0.23507704163234988,0.07507704163234988,0.0018669883206906834,0.005729843795189582,0.9744,0.7775085281073987,-0.19689147189260137,0.0018669883206906834,0.005876263537611216,-0.07750184306940175,-0.026285426395126897,0.05121641667427485,0.0018669883206906834,0.0034873493036128504
RZDT2_VC,GPR-KG,vepm,2,1002,axis,1.0,0.004417494632216135,17 0 0 0 0,17,0.17,low_t1,fn,1,0,-0.005781044089220588,0.06761451358392684,0.005781044089220588,0.07339555767314743,0.17,0.243853988317349,0.07385398831734899,0.0021079407875642477,0.005729843795189582,0.9711,0.776825257311316,-0.19427474268868394,0.0021079407875642477,0.005876263537611216,-0.08130008406865345,-0.029520315805607503,0.05177976826304595,0.0021079407875642477,0.0034873493036128504
RZDT2_VC,GPR-KG,vepm,2,1002,axis,1.0,0.004417494632216135,18 0 0 0 0,18,0.18,low_t1,fn,1,0,-0.005109351498780876,0.06447242871429013,0.005109351498780876,0.069581780213071,0.18,0.2526507905534346,0.0726507905534346,0.00237276497185863,0.005729843795189582,0.9676,0.7760501642767513,-0.19154983572324868,0.00237276497185863,0.005876263537611216,-0.08523187478480203,-0.03266240067524422,0.052569474109557805,0.00237276497185863,0.0034873493036128504
RZDT2_VC,GPR-KG,vepm,2,1002,axis,1.0,0.004417494632216135,19 0 0 0 0,19,0.19,low_t1,fn,1,0,-0.004417494632216135,0.06142314838549727,0.004417494632216135,0.0658406430177134,0.19,0.2614674483406066,0.07146744834060659,0.0026619173469304897,0.005729843795189582,0.9639,0.7751832490037044,-0.1887167509962956,0.0026619173469304897,0.005876263537611216,-0.08928169823615514,-0.03571168100403707,0.05357001723211807,0.0026619173469304897,0.0034873493036128504
RZDT2_VC,GPR-KG,vepm,2,1002,axis,1.0,0.004417494632216135,20 0 0 0 0,20,0.2,low_t1,fn,1,0,-0.0037082039324993626,0.05846667259754833,0.0037082039324993626,0.06217487653004769,0.2,0.270303961678865,0.07030396167886499,0.002975609796406684,0.005729843795189582,0.96,0.7742245114921752,-0.18577548850782477,0.002975609796406684,0.005876263537611216,-0.09343357161973867,-0.038668156791986014,0.054765414827752656,0.002975609796406684,0.0034873493036128504
RZDT2_VC,GPR-KG,vepm,2,1002,axis,1.0,0.004417494632216135,21 0 0 0 0,21,0.21,low_t1,fn,1,0,-0.002984278645978264,0.055603001350443264,0.002984278645978264,0.05858727999642153,0.21,0.2791603305682099,0.06916033056820989,0.0033137874397911856,0.005729843795189582,0.9559,0.7731739517421639,-0.18272604825783612,0.0033137874397911856,0.005876263537611216,-0.09767110938811811,-0.04153182803909108,0.056139281349027036,0.0033137874397911856,0.0034873493036128504
RZDT2_VC,GPR-KG,vepm,2,1002,axis,1.0,0.004417494632216135,22 0 0 0 0,22,0.22,low_t1,fn,1,0,-0.0022485757750286967,0.05283213464418209,0.0022485757750286967,0.05508071041921079,0.22,0.28803655500864117,0.06803655500864117,0.0036761101905396125,0.005729843795189582,0.9516,0.7720315697536703,-0.17956843024632974,0.0036761101905396125,0.005876263537611216,-0.10197758791566854,-0.04430269474535225,0.05767489317031629,0.0036761101905396125,0.0034873493036128504
RZDT2_VC,GPR-KG,vepm,2,1002,axis,1.0,0.004417494632216135,23 0 0 0 0,23,0.23,low_t1,fn,1,0,-0.0015039988027716472,0.0501540724787648,0.0015039988027716472,0.05165807128153645,0.23,0.2969326350001589,0.06693263500015886,0.004061938413639081,0.005729843795189582,0.9471,0.7707973655266945,-0.17630263447330552,0.004061938413639081,0.005876263537611216,-0.1063360114990846,-0.04698075691076954,0.05935525458831506,0.004061938413639081,0.0034873493036128504
RZDT2_VC,GPR-KG,vepm,2,1002,axis,1.0,0.004417494632216135,24 0 0 0 0,24,0.24,low_t1,fn,1,0,-0.0007534862343517579,0.0475688148541914,0.0007534862343517579,0.04832230108854316,0.24,0.3058485705427631,0.06584857054276311,0.004470322986651707,0.005729843795189582,0.9424,0.7694713390612367,-0.17292866093876336,0.004470322986651707,0.005876263537611216,-0.11072917943165687,-0.04956601453534294,0.06116316489631393,0.004470322986651707,0.0034873493036128504
RZDT2_VC,GPR-KG,vepm,2,1002,axis,1.0,0.004417494632216135,25 0 0 0 0,25,0.25,low_t1,fn,1,0,0.0,0.04507636177046187,0.0,0.04507636177046187,0.25,0.3147843616364537,0.06478436163645368,0.004900000000000001,0.005729843795189582,0.9375,0.7680534903572965,-0.16944650964270347,0.004900000000000001,0.005876263537611216,-0.11513975388660307,-0.05205846761907247,0.0630812862675306,0.004900000000000001,0.0034873493036128504
RZDT2_VC,GPR-KG,vepm,2,1002,axis,1.0,0.004417494632216135,26 0 0 0 0,26,0.26,low_t1,tn,0,0,0.0007534862343517579,0.04267671322757624,0.0007534862343517579,0.04192322699322448,0.26,0.3237400082812307,0.06374000828123066,0.005349390260062097,0.005729843795189582,0.9324,0.7665438194148742,-0.16585618058512586,0.005349390260062097,0.005876263537611216,-0.11955032834154922,-0.0544581161619581,0.06509221217959112,0.005349390260062097,0.0034873493036128504
RZDT2_VC,GPR-KG,vepm,2,1002,axis,1.0,0.004417494632216135,27 0 0 0 0,27,0.27,low_t1,tn,0,0,0.0015039988027716472,0.040369869225534497,0.0015039988027716472,0.03886587042276285,0.27,0.33271551047709413,0.06271551047709412,0.005816603683539342,0.005729843795189582,0.9271,0.7649423262339696,-0.1621576737660304,0.005816603683539342,0.005876263537611216,-0.1239434962741215,-0.056764960163999845,0.06717853611012166,0.005816603683539342,0.0034873493036128504
RZDT2_VC,GPR-KG,vepm,2,1002,axis,1.0,0.004417494632216135,28 0 0 0 0,28,0.28,low_t1,tn,0,0,0.0022485757750287105,0.03815582976433664,0.0022485757750287105,0.03590725398930793,0.28,0.34171086822404406,0.061710868224044035,0.006299448594739758,0.005729843795189582,0.9216,0.763249010814583,-0.158350989185417,0.006299448594739758,0.005876263537611216,-0.12830191985753753,-0.0589789996251977,0.06932292023233982,0.006299448594739758,0.0034873493036128504
RZDT2_VC,GPR-KG,vepm,2,1002,axis,1.0,0.004417494632216135,29 0 0 0 0,29,0.29,low_t1,tn,0,0,0.00298427864597825,0.03603459484398268,0.00298427864597825,0.03305031619800443,0.29,0.35072608152208035,0.060726081522080366,0.006795445860099151,0.005729843795189582,0.9159,0.7614638731567142,-0.1544361268432859,0.006795445860099151,0.005876263537611216,-0.13260839838508798,-0.06110023454555166,0.07150816383953632,0.006795445860099151,0.0034873493036128504
RZDT2_VC,GPR-KG,vepm,2,1002,axis,1.0,0.004417494632216135,30 0 0 0 0,30,0.3,low_t1,tn,0,0,0.0037082039324993765,0.03400616446447258,0.0037082039324993765,0.0302979605319732,0.3,0.35976115037120315,0.059761150371203164,0.007301847717655946,0.005729843795189582,0.91,0.759586913260363,-0.15041308673963705,0.007301847717655946,0.005876263537611216,-0.1368459361534674,-0.06312866492506176,0.07371727122840564,0.007301847717655946,0.0034873493036128504
RZDT2_VC,GPR-KG,vepm,2,1002,axis,1.0,0.004417494632216135,31 0 0 0 0,31,0.31,low_t1,tn,0,0,0.004417494632216135,0.0320705386258064,0.004417494632216135,0.027653043993590268,0.31,0.3688160747714123,0.05881607477141232,0.007815661084515983,0.005729843795189582,0.9039,0.7576181311255297,-0.14628186887447037,0.007815661084515983,0.005876263537611216,-0.14099780953705096,-0.06506429076372794,0.07593351877332302,0.007815661084515983,0.0034873493036128504
RZDT2_VC,GPR-KG,vepm,2,1002,axis,1.0,0.004417494632216135,32 0 0 0 0,32,0.32,low_t1,tn,0,0,0.005109351498780862,0.03022771732798407,0.005109351498780862,0.02511836582920321,0.32,0.3778908547227079,0.057890854722707885,0.008333675053769645,0.005729843795189582,0.8976,0.7555575267522142,-0.14204247324778574,0.008333675053769645,0.005876263537611216,-0.1450476329884041,-0.06690711206155027,0.07814052092685382,0.008333675053769645,0.0034873493036128504
RZDT2_VC,GPR-KG,vepm,2,1002,axis,1.0,0.004417494632216135,33 0 0 0 0,33,0.33,low_t1,tn,0,0,0.005781044089220588,0.02847770057100564,0.005781044089220588,0.022696656481785052,0.33,0.38698549022508993,0.05698549022508992,0.00885249222498826,0.005729843795189582,0.8911,0.7534051001404166,-0.1376948998595834,0.00885249222498826,0.005876263537611216,-0.14897942370455264,-0.0686571288185287,0.08032229488602394,0.00885249222498826,0.0034873493036128504
RZDT2_VC,GPR-KG,vepm,2,1002,axis,1.0,0.004417494632216135,34 0 0 0 0,34,0.34,mid_t1,tn,0,0,0.006429921539747974,0.026820488354871108,0.006429921539747974,0.020390566815123135,0.34,0.3960999812785584,0.056099981278558364,0.00936856345039664,0.005729843795189582,0.8844,0.7511608512901368,-0.1332391487098632,0.00936856345039664,0.005876263537611216,-0.15277766470380438,-0.07031434103466323,0.08246332366914115,0.00936856345039664,0.0034873493036128504
RZDT2_VC,GPR-KG,vepm,2,1002,axis,1.0,0.004417494632216135,35 0 0 0 0,35,0.35,mid_t1,tn,0,0,0.007053423027509664,0.025256080679580448,0.007053423027509664,0.018202657652070783,0.35,0.4052343278831133,0.05523432788311333,0.009878225523078626,0.005729843795189582,0.8775000000000001,0.7488247802013746,-0.1286752197986255,0.009878225523078626,0.005876263537611216,-0.15642736606418642,-0.0718787487099539,0.08454861735423252,0.009878225523078626,0.0034873493036128504
RZDT2_VC,GPR-KG,vepm,2,1002,axis,1.0,0.004417494632216135,36 0 0 0 0,36,0.36,mid_t1,tn,0,0,0.00764908787698429,0.0237844775451337,0.00764908787698429,0.01613538966814941,0.36,0.4143885300387547,0.05438853003875471,0.010377741285008674,0.005729843795189582,0.8704000000000001,0.7463968868741304,-0.12400311312586965,0.010377741285008674,0.005876263537611216,-0.1599141240818193,-0.07335035184440064,0.08656377223741865,0.010377741285008674,0.0034873493036128504
RZDT2_VC,GPR-KG,vepm,2,1002,axis,1.0,0.004417494632216135,37 0 0 0 0,37,0.37,mid_t1,tn,0,0,0.008214565271144253,0.022405678951530797,0.008214565271144253,0.014191113680386544,0.37,0.4235625877454825,0.053562587745482504,0.01086334159208918,0.005729843795189582,0.8631,0.7438771713084039,-0.11922282869159606,0.01086334159208918,0.005876263537611216,-0.16322417811575568,-0.07472915043800354,0.08849502767775214,0.01086334159208918,0.0034873493036128504
RZDT2_VC,GPR-KG,vepm,2,1002,axis,1.0,0.004417494632216135,38 0 0 0 0,38,0.38,mid_t1,tn,0,0,0.008747623529056947,0.021119684898771793,0.008747623529056947,0.012372061369714846,0.38,0.43275650100329666,0.05275650100329665,0.011331268541361518,0.005729843795189582,0.8556,0.7412656335041954,-0.11433436649580464,0.011331268541361518,0.005876263537611216,-0.16634446489494334,-0.07601514449076255,0.09032932040418079,0.011331268541361518,0.0034873493036128504
RZDT2_VC,GPR-KG,vepm,2,1002,axis,1.0,0.004417494632216135,39 0 0 0 0,39,0.39,mid_t1,tn,0,0,0.00924615891330946,0.019926495386856688,0.00924615891330946,0.010680336473547228,0.39,0.44197026981219734,0.05197026981219732,0.01177781934266268,0.005729843795189582,0.8479,0.7385622734615046,-0.10933772653849538,0.01177781934266268,0.005876263537611216,-0.16926267007298845,-0.07720833400267765,0.0920543360703108,0.01177781934266268,0.0034873493036128504
RZDT2_VC,GPR-KG,vepm,2,1002,axis,1.0,0.004417494632216135,40 0 0 0 0,40,0.4,mid_t1,tn,0,0,0.009708203932499382,0.018826110415785455,0.009708203932499382,0.009117906483286073,0.4,0.4512038941721844,0.051203894172184405,0.012199390203593317,0.005729843795189582,0.84,0.7357670911803315,-0.10423290881966851,0.012199390203593317,0.005876263537611216,-0.1719672768272542,-0.07830871897374889,0.09365855785350533,0.012199390203593317,0.0034873493036128504
RZDT2_VC,GPR-KG,vepm,2,1002,axis,1.0,0.004417494632216135,41 0 0 0 0,41,0.41,mid_t1,tn,0,0,0.01013193510602417,0.01781852998555815,0.01013193510602417,0.007686594879533978,0.41,0.4604573740832579,0.0504573740832579,0.012592519592970444,0.005729843795189582,0.8319000000000001,0.7328800866606763,-0.0990199133393238,0.012592519592970444,0.005876263537611216,-0.17444761131049896,-0.07931629940397619,0.09513131190652277,0.012592519592970444,0.0034873493036128504
RZDT2_VC,GPR-KG,vepm,2,1002,axis,1.0,0.004417494632216135,42 0 0 0 0,42,0.42,mid_t1,tn,0,0,0.01051568016052637,0.016903754096174686,0.01051568016052637,0.006388073935648317,0.42,0.46973070954541785,0.04973070954541786,0.012953930254030792,0.005729843795189582,0.8236,0.7299012599025388,-0.09369874009746115,0.012953930254030792,0.005876263537611216,-0.1766938847756743,-0.08023107529335965,0.09646280948231464,0.012953930254030792,0.0034873493036128504
RZDT2_VC,GPR-KG,vepm,2,1002,axis,1.0,0.004417494632216135,43 0 0 0 0,43,0.43,mid_t1,tn,0,0,0.01085792462959223,0.016081782747635096,0.01085792462959223,0.005223858118042865,0.43,0.47902390055866423,0.049023900558664235,0.01328056935444799,0.005729843795189582,0.8151,0.7268306109059193,-0.08826938909408077,0.01328056935444799,0.005876263537611216,-0.1786972322076379,-0.08105304664189925,0.09764418556573864,0.01328056935444799,0.0034873493036128504
RZDT2_VC,GPR-KG,vepm,2,1002,axis,1.0,0.004417494632216135,44 0 0 0 0,44,0.44,mid_t1,tn,0,0,0.011157317830659014,0.01535261593993946,0.011157317830659014,0.004195298109280446,0.44,0.488336947122997,0.04833694712299702,0.013569646185494524,0.005729843795189582,0.8064,0.7236681396708176,-0.08273186032918245,0.013569646185494524,0.005876263537611216,-0.18044974730931826,-0.08178221344959488,0.09866753385972338,0.013569646185494524,0.0034873493036128504
RZDT2_VC,GPR-KG,vepm,2,1002,axis,1.0,0.004417494632216135,45 0 0 0 0,45,0.45,mid_t1,tn,0,0,0.011412678195541842,0.01471625367308764,0.011412678195541842,0.0033035754775457976,0.45,0.4976698492384163,0.04766984923841627,0.01381866685703476,0.005729843795189582,0.7975,0.7204138461972335,-0.07708615380276651,0.01381866685703476,0.005876263537611216,-0.18194451370425696,-0.0824185757164467,0.09952593798781026,0.01381866685703476,0.0034873493036128504
RZDT2_VC,GPR-KG,vepm,2,1002,axis,1.0,0.004417494632216135,46 0 0 0 0,46,0.46,mid_t1,tn,0,0,0.011622997933543572,0.014172695947079747,0.011622997933543572,0.002549698013536175,0.46,0.507022606904922,0.04702260690492194,0.014025465477955251,0.005729843795189582,0.7884,0.7170677304851674,-0.07133226951483262,0.014025465477955251,0.005876263537611216,-0.18317563223238706,-0.0829621334424546,0.10021349878993246,0.014025465477955251,0.0034873493036128504
RZDT2_VC,GPR-KG,vepm,2,1002,axis,1.0,0.004417494632216135,47 0 0 0 0,47,0.47,mid_t1,tn,0,0,0.011787447008744262,0.013721942761915726,0.011787447008744262,0.001934495753171464,0.47,0.516395220122514,0.04639522012251407,0.014188231362461133,0.005729843795189582,0.7791,0.713629792534619,-0.06547020746538101,0.014188231362461133,0.005876263537611216,-0.18413824423132247,-0.08341288662761862,0.10072535760370385,0.014188231362461133,0.0034873493036128504
RZDT2_VC,GPR-KG,vepm,2,1002,axis,1.0,0.004417494632216135,48 0 0 0 0,48,0.48,mid_t1,tn,0,0,0.011905376415773744,0.013363994117595604,0.011905376415773744,0.00145861770182186,0.48,0.5257876888911925,0.04578768889119256,0.014305531860612137,0.005729843795189582,0.7696000000000001,0.7101000323455884,-0.05949996765441168,0.014305531860612137,0.005876263537611216,-0.1848285507112791,-0.08377083527193874,0.10105771543934036,0.014305531860612137,0.0034873493036128504
RZDT2_VC,GPR-KG,vepm,2,1002,axis,1.0,0.004417494632216135,49 0 0 0 0,49,0.49,mid_t1,tn,0,0,0.011976320741139274,0.013098850014119354,0.011976320741139274,0.00112252927298008,0.49,0.5352000132109576,0.04520001321095757,0.014376330475641002,0.005729843795189582,0.7599,0.7064784499180756,-0.053421550081924396,0.014376330475641002,0.005876263537611216,-0.18524382734795153,-0.08403597937541499,0.10120784797253654,0.014376330475641002,0.0034873493036128504
RZDT2_VC,GPR-KG,vepm,2,1002,axis,1.0,0.004417494632216135,50 0 0 0 0,50,0.5,mid_t1,tn,0,0,0.01200000000000001,0.012926510451486975,0.01200000000000001,0.0009265104514869643,0.5,0.544632193081809,0.04463219308180899,0.0144,0.005729843795189582,0.75,0.7027650452520806,-0.04723495474791939,0.0144,0.005876263537611216,-0.18538243523417663,-0.08420831893804737,0.10117411629612927,0.0144,0.0034873493036128504
RZDT2_VC,GPR-KG,vepm,2,1002,axis,1.0,0.004417494632216135,51 0 0 0 0,51,0.51,mid_t1,tn,0,0,0.011976320741139274,0.04207368726488522,0.011976320741139274,0.03009736652374595,0.51,0.5540842285037468,0.044084228503746825,0.014376330475641002,0.0027125441532696013,0.7399,0.6989598183476036,-0.040940181652396435,0.014376330475641002,0.0063857147469567384,-0.18524382734795153,-0.08428785395983582,0.10095597338811571,0.014376330475641002,0.005901675346044463
RZDT2_VC,GPR-KG,vepm,2,1002,axis,1.0,0.004417494632216135,52 0 0 0 0,52,0.52,mid_t1,tn,0,0,0.011905376415773744,0.04208695678394064,0.011905376415773744,0.0301815803681669,0.52,0.563556119476771,0.04355611947677096,0.014305531860612137,0.0027125441532696013,0.7296,0.6950627692046443,-0.034537230795355756,0.014305531860612137,0.0063857147469567384,-0.1848285507112791,-0.0842745844407804,0.1005539662704987,0.014305531860612137,0.005901675346044463
RZDT2_VC,GPR-KG,vepm,2,1002,axis,1.0,0.004417494632216135,53 0 0 0 0,53,0.53,mid_t1,tn,0,0,0.011787447008744262,0.042193030843839935,0.011787447008744262,0.030405583835095673,0.53,0.5730478660008818,0.04304786600088173,0.014188231362461133,0.0027125441532696013,0.7191,0.6910738978232027,-0.02802610217679724,0.014188231362461133,0.0063857147469567384,-0.18413824423132247,-0.0841685103808811,0.09996973385044136,0.014188231362461133,0.005901675346044463
RZDT2_VC,GPR-KG,vepm,2,1002,axis,1.0,0.004417494632216135,54 0 0 0 0,54,0.54,mid_t1,tn,0,0,0.011622997933543572,0.042391909444583126,0.011622997933543572,0.030768911511039554,0.54,0.5825594680760788,0.0425594680760788,0.014025465477955242,0.0027125441532696013,0.7083999999999999,0.6869932042032789,-0.021406795796721,0.014025465477955242,0.0063857147469567384,-0.183175632232387,-0.08396963178013792,0.09920600045224909,0.014025465477955242,0.005901675346044463
RZDT2_VC,GPR-KG,vepm,2,1002,axis,1.0,0.004417494632216135,55 0 0 0 0,55,0.55,mid_t1,tn,0,0,0.011412678195541842,0.04268359258617019,0.011412678195541842,0.031270914390628346,0.55,0.5920909257023624,0.04209092570236239,0.013818666857034756,0.0027125441532696013,0.6975,0.682820688344873,-0.014679311655127036,0.013818666857034756,0.0063857147469567384,-0.18194451370425696,-0.08367794863855085,0.09826656506570611,0.013818666857034756,0.005901675346044463
RZDT2_VC,GPR-KG,vepm,2,1002,axis,1.0,0.004417494632216135,56 0 0 0 0,56,0.56,mid_t1,tn,0,0,0.011157317830659014,0.04306808026860112,0.011157317830659014,0.03191076243794211,0.56,0.6016422388797324,0.041642238879732396,0.013569646185494524,0.0027125441532696013,0.6863999999999999,0.678556350247985,-0.007843649752014903,0.013569646185494524,0.0063857147469567384,-0.18044974730931826,-0.08329346095611992,0.09715628635319834,0.013569646185494524,0.005901675346044463
RZDT2_VC,GPR-KG,vepm,2,1002,axis,1.0,0.004417494632216135,57 0 0 0 0,57,0.57,mid_t1,tn,0,0,0.01085792462959223,0.04354537249187601,0.01085792462959223,0.03268744786228378,0.57,0.6112134076081888,0.04121340760818881,0.013280569354448001,0.0027125441532696013,0.6751,0.6742001899126147,-0.0008998100873853776,0.013280569354448001,0.0063857147469567384,-0.17869723220763795,-0.08281616873284503,0.09588106347479292,0.013280569354448001,0.005901675346044463
RZDT2_VC,GPR-KG,vepm,2,1002,axis,1.0,0.004417494632216135,58 0 0 0 0,58,0.58,mid_t1,tn,0,0,0.01051568016052637,0.044115469255994744,0.01051568016052637,0.033599789095468374,0.58,0.6208044318877317,0.04080443188773175,0.012953930254030797,0.0027125441532696013,0.6636,0.6697522073387622,0.006152207338762206,0.012953930254030797,0.0063857147469567384,-0.17669388477567435,-0.0822460719687263,0.09444781280694806,0.012953930254030797,0.005901675346044463
RZDT2_VC,GPR-KG,vepm,2,1002,axis,1.0,0.004417494632216135,59 0 0 0 0,59,0.59,mid_t1,tn,0,0,0.01013193510602417,0.04477837056095735,0.01013193510602417,0.03464643545493318,0.59,0.630415311718361,0.04041531171836099,0.012592519592970447,0.0027125441532696013,0.6519,0.6652124025264274,0.013312402526427403,0.012592519592970447,0.0063857147469567384,-0.174447611310499,-0.0815831706637637,0.0928644406467353,0.012592519592970447,0.005901675346044463
RZDT2_VC,GPR-KG,vepm,2,1002,axis,1.0,0.004417494632216135,60 0 0 0 0,60,0.6,mid_t1,tn,0,0,0.009708203932499382,0.045534076406763824,0.009708203932499382,0.03582587247426444,0.6,0.6400460471000767,0.040046047100076754,0.012199390203593318,0.0027125441532696013,0.64,0.6605807754756106,0.020580775475610547,0.012199390203593318,0.0063857147469567384,-0.17196727682725424,-0.08082746481795722,0.09113981200929702,0.012199390203593318,0.005901675346044463
RZDT2_VC,GPR-KG,vepm,2,1002,axis,1.0,0.004417494632216135,61 0 0 0 0,61,0.61,mid_t1,tn,0,0,0.00924615891330946,0.0463825867934142,0.00924615891330946,0.03713642788010474,0.61,0.6496966380328788,0.03969663803287882,0.01177781934266268,0.0027125441532696013,0.6279,0.6558573261863115,0.027957326186311526,0.01177781934266268,0.0063857147469567384,-0.16926267007298845,-0.07997895443130684,0.08928371564168161,0.01177781934266268,0.005901675346044463
RZDT2_VC,GPR-KG,vepm,2,1002,axis,1.0,0.004417494632216135,62 0 0 0 0,62,0.62,mid_t1,tn,0,0,0.008747623529056947,0.04732390172090853,0.008747623529056947,0.03857627819185158,0.62,0.6593670845167674,0.0393670845167674,0.011331268541361527,0.0027125441532696013,0.6155999999999999,0.6510420546585303,0.03544205465853034,0.011331268541361527,0.0063857147469567384,-0.1663444648949434,-0.07903763950381251,0.08730682539113088,0.011331268541361527,0.005901675346044463
RZDT2_VC,GPR-KG,vepm,2,1002,axis,1.0,0.004417494632216135,63 0 0 0 0,63,0.63,mid_t1,tn,0,0,0.00821456527114428,0.048358021189246675,0.00821456527114428,0.040143455918102394,0.63,0.6690573865517424,0.0390573865517424,0.010863341592089185,0.0027125441532696013,0.6031,0.6461349608922669,0.04303496089226688,0.010863341592089185,0.0063857147469567384,-0.16322417811575568,-0.07800352003547437,0.08522065808028131,0.010863341592089185,0.005901675346044463
RZDT2_VC,GPR-KG,vepm,2,1002,axis,1.0,0.004417494632216135,64 0 0 0 0,64,0.64,mid_t1,tn,0,0,0.007649087876984262,0.04948494519842872,0.007649087876984262,0.04183585732144446,0.64,0.6787675441378039,0.03876754413780392,0.01037774128500867,0.0027125441532696013,0.5904,0.6411360448875211,0.05073604488752104,0.01037774128500867,0.0063857147469567384,-0.1599141240818193,-0.07687659602629232,0.08303752805552697,0.01037774128500867,0.005901675346044463
RZDT2_VC,GPR-KG,vepm,2,1002,axis,1.0,0.004417494632216135,65 0 0 0 0,65,0.65,mid_t1,tn,0,0,0.007053423027509692,0.05070467374845464,0.007053423027509692,0.043651250720944945,0.65,0.6884975572749519,0.038497557274951855,0.009878225523078628,0.0027125441532696013,0.5774999999999999,0.6360453066442933,0.05854530664429336,0.009878225523078628,0.0063857147469567384,-0.1564273660641864,-0.0756568674762664,0.08077049858791999,0.009878225523078628,0.005901675346044463
RZDT2_VC,GPR-KG,vepm,2,1002,axis,1.0,0.004417494632216135,66 0 0 0 0,66,0.66,mid_t1,tn,0,0,0.006429921539747946,0.052017206839324454,0.006429921539747946,0.04558728529957651,0.66,0.6982474259631861,0.03824742596318609,0.009368563450396631,0.0027125441532696013,0.5644,0.6308627461625833,0.0664627461625833,0.009368563450396631,0.0063857147469567384,-0.15277766470380436,-0.07434433438539659,0.07843333031840777,0.009368563450396631,0.005901675346044463
RZDT2_VC,GPR-KG,vepm,2,1002,axis,1.0,0.004417494632216135,67 0 0 0 0,67,0.67,high_t1,tn,0,0,0.005781044089220588,0.0534225444710382,0.005781044089220588,0.04764150038181761,0.67,0.7080171502025069,0.038017150202506844,0.00885249222498826,0.0027125441532696013,0.5510999999999999,0.625588363442391,0.07448836344239107,0.00885249222498826,0.0063857147469567384,-0.14897942370455264,-0.07293899675368284,0.0760404269508698,0.00885249222498826,0.005901675346044463
RZDT2_VC,GPR-KG,vepm,2,1002,axis,1.0,0.004417494632216135,68 0 0 0 0,68,0.68,high_t1,tn,0,0,0.005109351498780862,0.054920686643595784,0.005109351498780862,0.04981133514481492,0.68,0.717806729992914,0.0378067299929139,0.008333675053769642,0.0027125441532696013,0.5375999999999999,0.6202221584837165,0.08262215848371668,0.008333675053769642,0.0063857147469567384,-0.14504763298840406,-0.07144085458112526,0.0736067784072788,0.008333675053769642,0.005901675346044463
RZDT2_VC,GPR-KG,vepm,2,1002,axis,1.0,0.004417494632216135,69 0 0 0 0,69,0.69,high_t1,tn,0,0,0.004417494632216135,0.056511633356997215,0.004417494632216135,0.05209413872478108,0.69,0.7276161653344076,0.0376161653344077,0.007815661084515988,0.0027125441532696013,0.5239,0.6147641312865599,0.0908641312865599,0.007815661084515988,0.0063857147469567384,-0.14099780953705102,-0.06984990786772383,0.07114790166932719,0.007815661084515988,0.005901675346044463
RZDT2_VC,GPR-KG,vepm,2,1002,axis,1.0,0.004417494632216135,70 0 0 0 0,70,0.7,high_t1,tn,0,0,0.0037082039324993765,0.05819538461124257,0.0037082039324993765,0.0544871806787432,0.7,0.7374454562269877,0.037445456226987694,0.007301847717655946,0.0027125441532696013,0.51,0.6092142818509212,0.09921428185092118,0.007301847717655946,0.0063857147469567384,-0.1368459361534674,-0.06816615661347847,0.06867977953998894,0.007301847717655946,0.005901675346044463
RZDT2_VC,GPR-KG,vepm,2,1002,axis,1.0,0.004417494632216135,71 0 0 0 0,71,0.71,high_t1,tn,0,0,0.00298427864597825,0.0076466217593708224,0.00298427864597825,0.0046623431133925725,0.71,0.7472946026706542,0.03729460267065421,0.006795445860099158,0.003668800321155496,0.4959,0.6035726101768002,0.10767261017680019,0.006795445860099158,0.0031018067648507673,-0.13260839838508803,-0.06638960081838918,0.06621879756669885,0.006795445860099158,0.0020259745764890295
RZDT2_VC,GPR-KG,vepm,2,1002,axis,1.0,0.004417494632216135,72 0 0 0 0,72,0.72,high_t1,tn,0,0,0.0022485757750286828,0.00951598209530398,0.0022485757750286828,0.007267406320275296,0.72,0.7571636046654071,0.037163604665407135,0.006299448594739758,0.003668800321155496,0.48160000000000003,0.5978391162641971,0.11623911626419703,0.006299448594739758,0.0031018067648507673,-0.12830191985753756,-0.06452024048245603,0.06378167937508153,0.006299448594739758,0.0020259745764890295
RZDT2_VC,GPR-KG,vepm,2,1002,axis,1.0,0.004417494632216135,73 0 0 0 0,73,0.73,high_t1,tn,0,0,0.001503998802771661,0.011478146972081008,0.001503998802771661,0.009974148169309346,0.73,0.7670524622112463,0.03705246221124636,0.005816603683539342,0.003668800321155496,0.46710000000000007,0.5920138001131116,0.12491380011311148,0.005816603683539342,0.0031018067648507673,-0.12394349627412149,-0.062558075605679,0.06138542066844249,0.005816603683539342,0.0020259745764890295
RZDT2_VC,GPR-KG,vepm,2,1002,axis,1.0,0.004417494632216135,74 0 0 0 0,74,0.74,high_t1,tn,0,0,0.0007534862343517579,0.013533116389701907,0.0007534862343517579,0.01277963015535015,0.74,0.7769611753081722,0.03696117530817222,0.005349390260062094,0.003668800321155496,0.4524,0.5860966617235439,0.13369666172354389,0.005349390260062094,0.0031018067648507673,-0.11955032834154919,-0.0605031061880581,0.05904722215349109,0.005349390260062094,0.0020259745764890295
RZDT2_VC,GPR-KG,vepm,2,1002,axis,1.0,0.004417494632216135,75 0 0 0 0,75,0.75,high_t1,fn,1,0,0.0,0.01568089034816668,0.0,0.01568089034816668,0.75,0.7868897439561844,0.036889743956184384,0.004900000000000001,0.003668800321155496,0.4375,0.5800877010954942,0.14258770109549423,0.004900000000000001,0.0031018067648507673,-0.11513975388660307,-0.058355332229593326,0.05678442165700974,0.004900000000000001,0.0020259745764890295
RZDT2_VC,GPR-KG,vepm,2,1002,axis,1.0,0.004417494632216135,76 0 0 0 0,76,0.76,high_t1,fn,1,0,-0.0007534862343517579,0.017921468847475322,0.0007534862343517579,0.01867495508182708,0.76,0.796838168155283,0.03683816815528296,0.004470322986651712,0.003668800321155496,0.4224,0.5739869182289623,0.1515869182289623,0.004470322986651712,0.0031018067648507673,-0.11072917943165694,-0.05611475373028468,0.05461442570137226,0.004470322986651712,0.0020259745764890295
RZDT2_VC,GPR-KG,vepm,2,1002,axis,1.0,0.004417494632216135,77 0 0 0 0,77,0.77,high_t1,fn,1,0,-0.0015039988027716472,0.020254851887627948,0.0015039988027716472,0.021758850690399595,0.77,0.8068064479054682,0.036806447905468165,0.004061938413639081,0.003668800321155496,0.4071,0.567794313123948,0.160694313123948,0.004061938413639081,0.0031018067648507673,-0.1063360114990846,-0.05378137069013206,0.052554640808952544,0.004061938413639081,0.0020259745764890295
RZDT2_VC,GPR-KG,vepm,2,1002,axis,1.0,0.004417494632216135,78 0 0 0 0,78,0.78,high_t1,fn,1,0,-0.0022485757750286967,0.02268103946862439,0.0022485757750286967,0.024929615243653086,0.78,0.8167945832067396,0.03679458320673956,0.003676110190539616,0.003668800321155496,0.39159999999999995,0.5615098857804517,0.16990988578045174,0.003676110190539616,0.0031018067648507673,-0.10197758791566859,-0.051355183109135616,0.050622404806532975,0.003676110190539616,0.0020259745764890295
RZDT2_VC,GPR-KG,vepm,2,1002,axis,1.0,0.004417494632216135,79 0 0 0 0,79,0.79,high_t1,fn,1,0,-0.002984278645978264,0.025200031590464758,0.002984278645978264,0.028184310236443022,0.79,0.8268025740590976,0.03680257405909759,0.0033137874397911856,0.003668800321155496,0.3758999999999999,0.5551336361984732,0.17923363619847332,0.0033137874397911856,0.0031018067648507673,-0.09767110938811811,-0.04883619098729525,0.048834918400822866,0.0033137874397911856,0.0020259745764890295
RZDT2_VC,GPR-KG,vepm,2,1002,axis,1.0,0.004417494632216135,80 0 0 0 0,80,0.8,high_t1,fn,1,0,-0.0037082039324993626,0.027811828253148943,0.0037082039324993626,0.031520032185648306,0.8,0.8368304204625419,0.03683042046254181,0.0029756097964066855,0.003668800321155496,0.3599999999999999,0.5486655643780124,0.18866556437801252,0.0029756097964066855,0.0031018067648507673,-0.0934335716197387,-0.04622439432461106,0.047209177295127636,0.0029756097964066855,0.0020259745764890295
RZDT2_VC,GPR-KG,vepm,2,1002,axis,1.0,0.004417494632216135,81 0 0 0 0,81,0.81,high_t1,fn,1,0,-0.004417494632216135,0.030516429456677055,0.004417494632216135,0.03493392408889319,0.81,0.8468781224170727,0.03687812241707267,0.0026619173469304876,0.003668800321155496,0.3438999999999999,0.5421056703190695,0.19820567031906966,0.0026619173469304876,0.0031018067648507673,-0.08928169823615512,-0.04351979312108295,0.045761905115072166,0.0026619173469304876,0.0020259745764890295
RZDT2_VC,GPR-KG,vepm,2,1002,axis,1.0,0.004417494632216135,82 0 0 0 0,82,0.82,high_t1,fn,1,0,-0.005109351498780862,0.033313835201049094,0.005109351498780862,0.038423186699829956,0.82,0.8569456799226899,0.036945679922689934,0.0023727649718586334,0.003668800321155496,0.3276000000000001,0.5354539540216444,0.2078539540216443,0.0023727649718586334,0.0031018067648507673,-0.08523187478480208,-0.04072238737671091,0.04450948740809117,0.0023727649718586334,0.0020259745764890295
RZDT2_VC,GPR-KG,vepm,2,1002,axis,1.0,0.004417494632216135,83 0 0 0 0,83,0.83,high_t1,fn,1,0,-0.0057810440892205744,0.036204045486265005,0.0057810440892205744,0.04198508957548558,0.83,0.8670330929793936,0.03703309297939361,0.002107940787564248,0.003668800321155496,0.31110000000000004,0.528710415485737,0.217610415485737,0.002107940787564248,0.0031018067648507673,-0.08130008406865345,-0.037832177091495,0.04346790697715845,0.002107940787564248,0.0020259745764890295
RZDT2_VC,GPR-KG,vepm,2,1002,axis,1.0,0.004417494632216135,84 0 0 0 0,84,0.84,high_t1,fn,1,0,-0.006429921539747946,0.03918706031232473,0.006429921539747946,0.04561698185207268,0.84,0.8771403615871838,0.03714036158718381,0.0018669883206906854,0.003668800321155496,0.2944000000000001,0.5218750547113475,0.22747505471134744,0.0018669883206906854,0.0031018067648507673,-0.07750184306940178,-0.034849162265435274,0.0426526808039665,0.0018669883206906854,0.0020259745764890295
RZDT2_VC,GPR-KG,vepm,2,1002,axis,1.0,0.004417494632216135,85 0 0 0 0,85,0.85,high_t1,fn,1,0,-0.007053423027509678,0.042262879679228385,0.007053423027509678,0.04931630270673806,0.85,0.8872674857460602,0.0372674857460602,0.0016492319909840044,0.003668800321155496,0.2775000000000001,0.5149478716984759,0.2374478716984758,0.0016492319909840044,0.0031018067648507673,-0.07385214170901971,-0.03177334289853162,0.042078798810488094,0.0016492319909840044,0.0020259745764890295
RZDT2_VC,GPR-KG,vepm,2,1002,axis,1.0,0.004417494632216135,86 0 0 0 0,86,0.86,high_t1,fn,1,0,-0.007649087876984276,0.04543150358697591,0.007649087876984276,0.053080591463960186,0.86,0.8974144654560232,0.03741446545602323,0.001453805428527018,0.003668800321155496,0.2604000000000001,0.507928866447122,0.2475288664471219,0.001453805428527018,0.0031018067648507673,-0.07036538369138685,-0.028604718990784095,0.04176066470060276,0.001453805428527018,0.0020259745764890295
RZDT2_VC,GPR-KG,vepm,2,1002,axis,1.0,0.004417494632216135,87 0 0 0 0,87,0.87,high_t1,fn,1,0,-0.00821456527114426,0.04869293203556742,0.00821456527114426,0.05690749730671168,0.87,0.9075813007170725,0.03758130071707255,0.0012796821090875375,0.003668800321155496,0.24309999999999998,0.5008180389572858,0.25771803895728584,0.0012796821090875375,0.0031018067648507673,-0.06705532965745045,-0.025343290542192587,0.041712039115257865,0.0012796821090875375,0.0020259745764890295
RZDT2_VC,GPR-KG,vepm,2,1002,axis,1.0,0.004417494632216135,88 0 0 0 0,88,0.88,high_t1,fn,1,0,-0.00874762352905694,0.05204716502500274,0.00874762352905694,0.06079478855405968,0.88,0.9177679915292084,0.0377679915292084,0.0011257077574617622,0.003668800321155496,0.22560000000000002,0.4936153892289676,0.26801538922896756,0.0011257077574617622,0.0031018067648507673,-0.06393504287826277,-0.021989057552757263,0.0419459853255055,0.0011257077574617622,0.0020259745764890295
RZDT2_VC,GPR-KG,vepm,2,1002,axis,1.0,0.004417494632216135,89 0 0 0 0,89,0.89,high_t1,fn,1,0,-0.009246158913309474,0.05549420255528194,0.009246158913309474,0.06474036146859141,0.89,0.9279745378924306,0.03797453789243055,0.0009906339438016307,0.003668800321155496,0.20789999999999997,0.4863209172621671,0.2784209172621671,0.0009906339438016307,0.0031018067648507673,-0.06101683770021766,-0.018542020022478067,0.04247481767773959,0.0009906339438016307,0.0020259745764890295
RZDT2_VC,GPR-KG,vepm,2,1002,axis,1.0,0.004417494632216135,90 0 0 0 0,90,0.9,high_t1,fn,1,0,-0.009708203932499368,0.059034044626405005,0.009708203932499368,0.06874224855890437,0.9,0.9382009398067392,0.03820093980673922,0.0008731522823440527,0.003668800321155496,0.18999999999999995,0.4789346230568844,0.28893462305688444,0.0008731522823440527,0.0031018067648507673,-0.05831223094595188,-0.015002177951355,0.04331005299459688,0.0008731522823440527,0.0020259745764890295
RZDT2_VC,GPR-KG,vepm,2,1002,axis,1.0,0.004417494632216135,91 0 0 0 0,91,0.91,high_t1,fn,1,0,-0.010131935106024184,0.06266669123837194,0.010131935106024184,0.07279862634439613,0.91,0.9484471972721344,0.038447197272134415,0.0007719286359422346,0.003668800321155496,0.17189999999999994,0.47145650661311955,0.2995565066131196,0.0007719286359422346,0.0031018067648507673,-0.05583189646270712,-0.011369531339388061,0.04446236512331906,0.0007719286359422346,0.0020259745764890295
RZDT2_VC,GPR-KG,vepm,2,1002,axis,1.0,0.004417494632216135,92 0 0 0 0,92,0.92,high_t1,fn,1,0,-0.010515680160526363,0.06639214239118287,0.010515680160526363,0.07690782255170922,0.92,0.958713310288616,0.03871331028861591,0.0006856367334167007,0.003668800321155496,0.15359999999999996,0.4638865679308725,0.31028656793087256,0.0006856367334167007,0.0031018067648507673,-0.05358562299753181,-0.00764408018657714,0.045941542810954666,0.0006856367334167007,0.0020259745764890295
RZDT2_VC,GPR-KG,vepm,2,1002,axis,1.0,0.004417494632216135,93 0 0 0 0,93,0.93,high_t1,fn,1,0,-0.010857924629592237,0.0702103980848376,0.010857924629592237,0.08106832271442985,0.93,0.968999278856184,0.03899927885618393,0.000612990619923725,0.003668800321155496,0.1350999999999999,0.45622480701014323,0.32112480701014334,0.000612990619923725,0.0031018067648507673,-0.051582275565568166,-0.003825824492922403,0.04775645107264576,0.000612990619923725,0.0020259745764890295
RZDT2_VC,GPR-KG,vepm,2,1002,axis,1.0,0.004417494632216135,94 0 0 0 0,94,0.94,high_t1,fn,1,0,-0.011157317830659014,0.07412145831933621,0.011157317830659014,0.08527877614999523,0.94,0.9793051029748383,0.03930510297483836,0.0005527753830590053,0.003668800321155496,0.11640000000000006,0.4484712238509318,0.33207122385093174,0.0005527753830590053,0.0031018067648507673,-0.04982976046388786,8.523574157620617e-05,0.049914996205464066,0.0005527753830590053,0.0020259745764890295
RZDT2_VC,GPR-KG,vepm,2,1002,axis,1.0,0.004417494632216135,95 0 0 0 0,95,0.95,high_t1,fn,1,0,-0.011412678195541842,0.07812532309467875,0.011412678195541842,0.08953800129022059,0.95,0.9896307826445793,0.03963078264457931,0.0005038756289026096,0.003668800321155496,0.09750000000000003,0.44062581845323817,0.34312581845323814,0.0005038756289026096,0.0031018067648507673,-0.048334994068949144,0.004089100516918742,0.052424094585867886,0.0005038756289026096,0.0020259745764890295
RZDT2_VC,GPR-KG,vepm,2,1002,axis,1.0,0.004417494632216135,96 0 0 0 0,96,0.96,high_t1,fn,1,0,-0.011622997933543572,0.08222199241086521,0.011622997933543572,0.09384499034440878,0.96,0.9999763178654066,0.039976317865406674,0.0004653012221544119,0.003668800321155496,0.07840000000000003,0.43268859081706235,0.3542885908170623,0.0004653012221544119,0.0031018067648507673,-0.04710387554081908,0.008185769833105205,0.055289645373924286,0.0004653012221544119,0.0020259745764890295
RZDT2_VC,GPR-KG,vepm,2,1002,axis,1.0,0.004417494632216135,97 0 0 0 0,97,0.97,high_t1,fn,1,0,-0.011787447008744269,0.08641146626789549,0.011787447008744269,0.09819891327663977,0.97,1.0103417086373203,0.04034170863732034,0.0004362098522594935,0.003668800321155496,0.05910000000000004,0.4246595409424043,0.3655595409424043,0.0004362098522594935,0.0031018067648507673,-0.04614126354188364,0.012375243690135485,0.05851650723201912,0.0004362098522594935,0.0020259745764890295
RZDT2_VC,GPR-KG,vepm,2,1002,axis,1.0,0.004417494632216135,98 0 0 0 0,98,0.98,high_t1,fn,1,0,-0.01190537641577373,0.09069374466576964,0.01190537641577373,0.10259912108154337,0.98,1.0207269549603204,0.040726954960320416,0.00041592604220944417,0.003668800321155496,0.03960000000000008,0.4165386688292641,0.376938668829264,0.00041592604220944417,0.0031018067648507673,-0.04545095706192702,0.016657522088009635,0.062108479149936655,0.00041592604220944417,0.0020259745764890295
RZDT2_VC,GPR-KG,vepm,2,1002,axis,1.0,0.004417494632216135,99 0 0 0 0,99,0.99,high_t1,fn,1,0,-0.01197632074113926,0.09506882760448772,0.01197632074113926,0.10704514834562698,0.99,1.031132056834407,0.041132056834406905,0.0004039562776451963,0.003668800321155496,0.01990000000000003,0.40832597447764174,0.3884259744776417,0.0004039562776451963,0.0031018067648507673,-0.04503568042525459,0.021032605026727713,0.0660682854519823,0.0004039562776451963,0.0020259745764890295
RZDT2_VC,GPR-KG,vepm,2,1002,axis,1.0,0.004417494632216135,100 0 0 0 0,100,1.0,high_t1,fn,1,0,-0.011999999999999997,0.1303669893590152,0.011999999999999997,0.1423669893590152,1.0,1.0206869040048279,0.020686904004827866,0.0004,0.00492297454608966,0.0,0.13110347107669895,0.13110347107669895,0.0004,0.012142402716969624,-0.04489707253902944,-0.02287295463994443,0.02202411789908501,0.0004,0.008679395040304594
