problem,method,variance_mode,rep,seed,pool,kappa,boundary_abs_threshold,x,x1,t1,t1_region,class,true_feasible,posterior_feasible,true_margin,post_margin,abs_true_margin,margin_error,true_mu0,pred_mu0,mu0_error,true_var0,pred_var0,true_mu1,pred_mu1,mu1_error,true_var1,pred_var1,true_mu2,pred_mu2,mu2_error,true_var2,pred_var2
RZDT2_VC,GPR-KG,vepm,0,1000,axis,1.0,0.004417494632216135,0 0 0 0 0,0,0.0,low_t1,fn,1,0,-0.011999999999999997,0.08985928184340213,0.011999999999999997,0.10185928184340212,0.0,0.07714498988403784,0.07714498988403784,0.0004,0.003850743670537152,1.0,0.7422637428605514,-0.2577362571394486,0.0004,0.003794758191765118,-0.04489707253902944,-0.04934849560244635,-0.004451423063416907,0.0004,0.007162629479145475
RZDT2_VC,GPR-KG,vepm,0,1000,axis,1.0,0.004417494632216135,1 0 0 0 0,1,0.01,low_t1,fn,1,0,-0.01197632074113926,0.08518329283281181,0.01197632074113926,0.09715961357395107,0.01,0.0848211041904758,0.0748211041904758,0.0004039562776451963,0.003850743670537152,0.9999,0.7423233512243778,-0.25757664877562225,0.0004039562776451963,0.003794758191765118,-0.04503568042525459,-0.054024484613036654,-0.008988804187782064,0.0004039562776451963,0.007162629479145475
RZDT2_VC,GPR-KG,vepm,0,1000,axis,1.0,0.004417494632216135,2 0 0 0 0,2,0.02,low_t1,fn,1,0,-0.011905376415773737,0.08060171365616278,0.011905376415773737,0.09250709007193653,0.02,0.09253929037917545,0.07253929037917545,0.00041592604220944417,0.003850743670537152,0.9996,0.7423181419515609,-0.25728185804843917,0.00041592604220944417,0.003794758191765118,-0.045450957061927026,-0.058606063789685685,-0.013155106727758659,0.00041592604220944417,0.007162629479145475
RZDT2_VC,GPR-KG,vepm,0,1000,axis,1.0,0.004417494632216135,3 0 0 0 0,3,0.03,low_t1,fn,1,0,-0.011787447008744269,0.07611454431345502,0.011787447008744269,0.08790199132219928,0.03,0.10029954845013678,0.07029954845013678,0.0004362098522594935,0.003850743670537152,0.9991,0.7422481150421005,-0.25685188495789946,0.0004362098522594935,0.003794758191765118,-0.04614126354188364,-0.06309323313239346,-0.01695196959050982,0.0004362098522594935,0.007162629479145475
RZDT2_VC,GPR-KG,vepm,0,1000,axis,1.0,0.004417494632216135,4 0 0 0 0,4,0.04,low_t1,fn,1,0,-0.011622997933543572,0.07172178480468853,0.011622997933543572,0.0833447827382321,0.04,0.10810187840335983,0.06810187840335982,0.0004653012221544117,0.003850743670537152,0.9984,0.742113270495997,-0.256286729504003,0.0004653012221544117,0.003794758191765118,-0.04710387554081907,-0.06748599264115994,-0.020382117100340866,0.0004653012221544117,0.007162629479145475
RZDT2_VC,GPR-KG,vepm,0,1000,axis,1.0,0.004417494632216135,5 0 0 0 0,5,0.05,low_t1,fn,1,0,-0.011412678195541842,0.06742343512986329,0.011412678195541842,0.07883611332540513,0.05,0.11594628023884454,0.06594628023884454,0.0005038756289026093,0.003850743670537152,0.9975,0.7419136083132502,-0.2555863916867499,0.0005038756289026093,0.003794758191765118,-0.04833499406894913,-0.07178434231598518,-0.023449348247036053,0.0005038756289026093,0.007162629479145475
RZDT2_VC,GPR-KG,vepm,0,1000,axis,1.0,0.004417494632216135,6 0 0 0 0,6,0.06,low_t1,fn,1,0,-0.011157317830659014,0.06321949528897934,0.011157317830659014,0.07437681311963835,0.06,0.12383275395659095,0.06383275395659095,0.0005527753830590045,0.003850743670537152,0.9964,0.7416491284938599,-0.25475087150614006,0.0005527753830590045,0.003794758191765118,-0.04982976046388783,-0.07598828215686913,-0.0261585216929813,0.0005527753830590045,0.007162629479145475
RZDT2_VC,GPR-KG,vepm,0,1000,axis,1.0,0.004417494632216135,7 0 0 0 0,7,0.07,low_t1,fn,1,0,-0.010857924629592237,0.05910996528203666,0.010857924629592237,0.06996788991162889,0.07,0.13176129955659904,0.061761299556599036,0.0006129906199237256,0.003850743670537152,0.9951,0.7413198310378263,-0.2537801689621737,0.0006129906199237256,0.003794758191765118,-0.051582275565568186,-0.08009781216381182,-0.02851553659824363,0.0006129906199237256,0.007162629479145475
RZDT2_VC,GPR-KG,vepm,0,1000,axis,1.0,0.004417494632216135,8 0 0 0 0,8,0.08,low_t1,fn,1,0,-0.010515680160526363,0.05509484510903523,0.010515680160526363,0.0656105252695616,0.08,0.13973191703886884,0.059731917038868834,0.0006856367334167007,0.003850743670537152,0.9936,0.7409257159451494,-0.2526742840548506,0.0006856367334167007,0.003794758191765118,-0.05358562299753181,-0.08411293233681325,-0.03052730933928144,0.0006856367334167007,0.007162629479145475
RZDT2_VC,GPR-KG,vepm,0,1000,axis,1.0,0.004417494632216135,9 0 0 0 0,9,0.09,low_t1,fn,1,0,-0.010131935106024177,0.051174134769975066,0.010131935106024177,0.06130606987599924,0.09,0.1477446064034003,0.05774460640340032,0.0007719286359422355,0.003850743670537152,0.9919,0.7404667832158293,-0.25143321678417074,0.0007719286359422355,0.003794758191765118,-0.05583189646270714,-0.08803364267587341,-0.032201746213166266,0.0007719286359422355,0.007162629479145475
RZDT2_VC,GPR-KG,vepm,0,1000,axis,1.0,0.004417494632216135,10 0 0 0 0,10,0.1,low_t1,fn,1,0,-0.009708203932499368,0.047347834264856184,0.009708203932499368,0.05705603819735555,0.1,0.15579936765019348,0.05579936765019347,0.0008731522823440523,0.003850743670537152,0.99,0.7399430328498658,-0.25005696715013415,0.0008731522823440523,0.003794758191765118,-0.05831223094595187,-0.09185994318099229,-0.03354771223504042,0.0008731522823440523,0.007162629479145475
RZDT2_VC,GPR-KG,vepm,0,1000,axis,1.0,0.004417494632216135,11 0 0 0 0,11,0.11,low_t1,fn,1,0,-0.009246158913309467,0.04361594359367857,0.009246158913309467,0.052862102506988036,0.11,0.16389620077924832,0.053896200779248324,0.0009906339438016311,0.003850743670537152,0.9879,0.7393544648472591,-0.24854553515274092,0.0009906339438016311,0.003794758191765118,-0.061016837700217666,-0.0955918338521699,-0.03457499615195224,0.0009906339438016311,0.007162629479145475
RZDT2_VC,GPR-KG,vepm,0,1000,axis,1.0,0.004417494632216135,12 0 0 0 0,12,0.12,low_t1,fn,1,0,-0.008747623529056933,0.03997846275644221,0.008747623529056933,0.04872608628549914,0.12,0.17203510579056486,0.05203510579056486,0.0011257077574617607,0.003850743670537152,0.9856,0.738701079208009,-0.24689892079199105,0.0011257077574617607,0.003794758191765118,-0.06393504287826272,-0.09922931468940627,-0.03529427181114354,0.0011257077574617607,0.007162629479145475
RZDT2_VC,GPR-KG,vepm,0,1000,axis,1.0,0.004417494632216135,13 0 0 0 0,13,0.13,low_t1,fn,1,0,-0.00821456527114426,0.03643539175314714,0.00821456527114426,0.0446499570242914,0.13,0.1802160826841431,0.0502160826841431,0.0012796821090875375,0.003850743670537152,0.9831,0.7379828759321156,-0.24511712406788433,0.0012796821090875375,0.003794758191765118,-0.06705532965745045,-0.10277238569270133,-0.03571705603525088,0.0012796821090875375,0.007162629479145475
RZDT2_VC,GPR-KG,vepm,0,1000,axis,1.0,0.004417494632216135,14 0 0 0 0,14,0.14,low_t1,fn,1,0,-0.007649087876984276,0.032986730583793325,0.007649087876984276,0.0406358184607776,0.14,0.18843913145998303,0.04843913145998302,0.001453805428527017,0.003850743670537152,0.9804,0.737199855019579,-0.24320014498042108,0.001453805428527017,0.003794758191765118,-0.07036538369138683,-0.10622104686205515,-0.03585566317066832,0.001453805428527017,0.007162629479145475
RZDT2_VC,GPR-KG,vepm,0,1000,axis,1.0,0.004417494632216135,15 0 0 0 0,15,0.15,low_t1,fn,1,0,-0.007053423027509678,0.029632479248380778,0.007053423027509678,0.036685902275890456,0.15,0.19670425211808462,0.04670425211808463,0.0016492319909840038,0.003850743670537152,0.9775,0.7363520164703989,-0.2411479835296011,0.0016492319909840038,0.003794758191765118,-0.0738521417090197,-0.1095752981974677,-0.035723156488447996,0.0016492319909840038,0.007162629479145475
RZDT2_VC,GPR-KG,vepm,0,1000,axis,1.0,0.004417494632216135,16 0 0 0 0,16,0.16,low_t1,fn,1,0,-0.00642992153974796,0.026372637746909497,0.00642992153974796,0.03280255928665746,0.16,0.20501144465844795,0.04501144465844795,0.0018669883206906834,0.003850743670537152,0.9744,0.7354393602845756,-0.23896063971542447,0.0018669883206906834,0.003794758191765118,-0.07750184306940175,-0.11283513969893898,-0.03533329662953723,0.0018669883206906834,0.007162629479145475
RZDT2_VC,GPR-KG,vepm,0,1000,axis,1.0,0.004417494632216135,17 0 0 0 0,17,0.17,low_t1,fn,1,0,-0.005781044089220588,0.023207206079379483,0.005781044089220588,0.02898825016860007,0.17,0.21336070908107296,0.04336070908107295,0.0021079407875642477,0.003850743670537152,0.9711,0.734461886462109,-0.236638113537891,0.0021079407875642477,0.003794758191765118,-0.08130008406865345,-0.11600057136646899,-0.03470048729781554,0.0021079407875642477,0.007162629479145475
RZDT2_VC,GPR-KG,vepm,0,1000,axis,1.0,0.004417494632216135,18 0 0 0 0,18,0.18,low_t1,fn,1,0,-0.005109351498780876,0.020136184245790736,0.005109351498780876,0.025245535744571612,0.18,0.2217520453859596,0.04175204538595961,0.00237276497185863,0.003850743670537152,0.9676,0.7334195950029989,-0.2341804049970011,0.00237276497185863,0.003794758191765118,-0.08523187478480203,-0.11907159320005774,-0.03383971841525571,0.00237276497185863,0.007162629479145475
RZDT2_VC,GPR-KG,vepm,0,1000,axis,1.0,0.004417494632216135,19 0 0 0 0,19,0.19,low_t1,fn,1,0,-0.004417494632216135,0.01715957224614327,0.004417494632216135,0.021577066878359405,0.19,0.230185453573108,0.04018545357310799,0.0026619173469304897,0.003850743670537152,0.9639,0.7323124859072456,-0.23158751409275435,0.0026619173469304897,0.003794758191765118,-0.08928169823615514,-0.1220482051997052,-0.03276650696355006,0.0026619173469304897,0.007162629479145475
RZDT2_VC,GPR-KG,vepm,0,1000,axis,1.0,0.004417494632216135,20 0 0 0 0,20,0.2,low_t1,fn,1,0,-0.0037082039324993626,0.014277370080437071,0.0037082039324993626,0.017985574012936434,0.2,0.23866093364251806,0.03866093364251805,0.002975609796406684,0.003850743670537152,0.96,0.731140559174849,-0.22885944082515097,0.002975609796406684,0.003794758191765118,-0.09343357161973867,-0.1249304073654114,-0.03149683574567273,0.002975609796406684,0.007162629479145475
RZDT2_VC,GPR-KG,vepm,0,1000,axis,1.0,0.004417494632216135,21 0 0 0 0,21,0.21,low_t1,fn,1,0,-0.002984278645978264,0.011489577748672125,0.002984278645978264,0.014473856394650389,0.21,0.2471784855941898,0.03717848559418982,0.0033137874397911856,0.003850743670537152,0.9559,0.7299038148058091,-0.22599618519419085,0.0033137874397911856,0.003794758191765118,-0.09767110938811811,-0.12771819969717635,-0.030047090309058236,0.0033137874397911856,0.007162629479145475
RZDT2_VC,GPR-KG,vepm,0,1000,axis,1.0,0.004417494632216135,22 0 0 0 0,22,0.22,low_t1,fn,1,0,-0.0022485757750286967,0.00879619525084846,0.0022485757750286967,0.011044771025877156,0.22,0.25573810942812325,0.03573810942812325,0.0036761101905396125,0.003850743670537152,0.9516,0.7286022528001259,-0.22299774719987409,0.0036761101905396125,0.003794758191765118,-0.10197758791566854,-0.13041158219500001,-0.02843399427933148,0.0036761101905396125,0.007162629479145475
RZDT2_VC,GPR-KG,vepm,0,1000,axis,1.0,0.004417494632216135,23 0 0 0 0,23,0.23,low_t1,fn,1,0,-0.0015039988027716472,0.006197222586966061,0.0015039988027716472,0.0077012213897377085,0.23,0.2643398051443184,0.034339805144318364,0.004061938413639081,0.003850743670537152,0.9471,0.7272358731577994,-0.2198641268422007,0.004061938413639081,0.003794758191765118,-0.1063360114990846,-0.1330105548588824,-0.02667454335979781,0.004061938413639081,0.007162629479145475
RZDT2_VC,GPR-KG,vepm,0,1000,axis,1.0,0.004417494632216135,24 0 0 0 0,24,0.24,low_t1,fn,1,0,-0.0007534862343517579,0.0036926597570249298,0.0007534862343517579,0.004446145991376688,0.24,0.2729835727427752,0.03298357274277519,0.004470322986651707,0.003850743670537152,0.9424,0.7258046758788296,-0.21659532412117044,0.004470322986651707,0.003794758191765118,-0.11072917943165687,-0.13551511768882354,-0.02478593825716667,0.004470322986651707,0.007162629479145475
RZDT2_VC,GPR-KG,vepm,0,1000,axis,1.0,0.004417494632216135,25 0 0 0 0,25,0.25,low_t1,fn,1,0,0.0,0.0012825067610250651,0.0,0.0012825067610250651,0.25,0.2816694122234937,0.031669412223493676,0.004900000000000001,0.003850743670537152,0.9375,0.7243086609632164,-0.21319133903678356,0.004900000000000001,0.003794758191765118,-0.11513975388660307,-0.1379252706848234,-0.022785516798220343,0.004900000000000001,0.007162629479145475
RZDT2_VC,GPR-KG,vepm,0,1000,axis,1.0,0.004417494632216135,26 0 0 0 0,26,0.26,low_t1,fp,0,1,0.0007534862343517579,-0.001033236401033505,0.0007534862343517579,-0.0017867226353852628,0.26,0.2903973235864739,0.0303973235864739,0.005349390260062097,0.003850743670537152,0.9324,0.72274782841096,-0.20965217158904004,0.005349390260062097,0.003794758191765118,-0.11955032834154922,-0.14024101384688198,-0.020690685505332762,0.005349390260062097,0.007162629479145475
RZDT2_VC,GPR-KG,vepm,0,1000,axis,1.0,0.004417494632216135,27 0 0 0 0,27,0.27,low_t1,fp,0,1,0.0015039988027716472,-0.0032545697291508358,0.0015039988027716472,-0.004758568531922483,0.27,0.2991673068317158,0.029167306831715756,0.005816603683539342,0.003850743670537152,0.9271,0.7211221782220602,-0.20597782177793988,0.005816603683539342,0.003794758191765118,-0.1239434962741215,-0.1424623471749993,-0.018518850900877806,0.005816603683539342,0.007162629479145475
RZDT2_VC,GPR-KG,vepm,0,1000,axis,1.0,0.004417494632216135,28 0 0 0 0,28,0.28,low_t1,fp,0,1,0.0022485757750287105,-0.0053814932233269,0.0022485757750287105,-0.00763006899835561,0.28,0.3079793619592194,0.02797936195921935,0.006299448594739758,0.003850743670537152,0.9216,0.7194317103965171,-0.20216828960348288,0.006299448594739758,0.003794758191765118,-0.12830191985753753,-0.14458927066917537,-0.016287350811637846,0.006299448594739758,0.007162629479145475
RZDT2_VC,GPR-KG,vepm,0,1000,axis,1.0,0.004417494632216135,29 0 0 0 0,29,0.29,low_t1,fp,0,1,0.00298427864597825,-0.007414006883561697,0.00298427864597825,-0.010398285529539947,0.29,0.3168334889689846,0.02683348896898463,0.006795445860099151,0.003850743670537152,0.9159,0.7176764249343307,-0.19822357506566934,0.006795445860099151,0.003794758191765118,-0.13260839838508798,-0.14662178432941017,-0.014013385944322193,0.006795445860099151,0.007162629479145475
RZDT2_VC,GPR-KG,vepm,0,1000,axis,1.0,0.004417494632216135,30 0 0 0 0,30,0.3,low_t1,fp,0,1,0.0037082039324993765,-0.009352110709855227,0.0037082039324993765,-0.013060314642354603,0.3,0.3257296878610116,0.025729687861011596,0.007301847717655946,0.003850743670537152,0.91,0.715856321835501,-0.19414367816449907,0.007301847717655946,0.003794758191765118,-0.1368459361534674,-0.1485598881557037,-0.011713952002236294,0.007301847717655946,0.007162629479145475
RZDT2_VC,GPR-KG,vepm,0,1000,axis,1.0,0.004417494632216135,31 0 0 0 0,31,0.31,low_t1,fp,0,1,0.004417494632216135,-0.011195804702207462,0.004417494632216135,-0.015613299334423597,0.31,0.3346679586353002,0.02466795863530019,0.007815661084515983,0.003850743670537152,0.9039,0.7139714011000279,-0.18992859889997216,0.007815661084515983,0.003794758191765118,-0.14099780953705096,-0.15040358214805594,-0.009405772611004976,0.007815661084515983,0.007162629479145475
RZDT2_VC,GPR-KG,vepm,0,1000,axis,1.0,0.004417494632216135,32 0 0 0 0,32,0.32,low_t1,fp,0,1,0.005109351498780862,-0.012945088860618459,0.005109351498780862,-0.01805444035939932,0.32,0.34364830129185053,0.023648301291850526,0.008333675053769645,0.003850743670537152,0.8976,0.7120216627279116,-0.1855783372720884,0.008333675053769645,0.003794758191765118,-0.1450476329884041,-0.15215286630646693,-0.007105233318062842,0.008333675053769645,0.007162629479145475
RZDT2_VC,GPR-KG,vepm,0,1000,axis,1.0,0.004417494632216135,33 0 0 0 0,33,0.33,low_t1,fp,0,1,0.005781044089220588,-0.01459996318508816,0.005781044089220588,-0.02038100727430875,0.33,0.35267071583066256,0.022670715830662547,0.00885249222498826,0.003850743670537152,0.8911,0.7100071067191519,-0.1810928932808481,0.00885249222498826,0.003794758191765118,-0.14897942370455264,-0.15380774063093663,-0.0048283169263839965,0.00885249222498826,0.007162629479145475
RZDT2_VC,GPR-KG,vepm,0,1000,axis,1.0,0.004417494632216135,34 0 0 0 0,34,0.34,mid_t1,fp,0,1,0.006429921539747974,-0.016160427675616623,0.006429921539747974,-0.022590349215364597,0.34,0.36173520225173633,0.021735202251736307,0.00936856345039664,0.003850743670537152,0.8844,0.7079277330737489,-0.17647226692625106,0.00936856345039664,0.003794758191765118,-0.15277766470380438,-0.1553682051214651,-0.002590540417660714,0.00936856345039664,0.007162629479145475
RZDT2_VC,GPR-KG,vepm,0,1000,axis,1.0,0.004417494632216135,35 0 0 0 0,35,0.35,mid_t1,fp,0,1,0.007053423027509664,-0.01762648233220379,0.007053423027509664,-0.024679905359713455,0.35,0.3708417605550717,0.020841760555071698,0.009878225523078626,0.003850743670537152,0.8775000000000001,0.7057835417917027,-0.1717164582082974,0.009878225523078626,0.003794758191765118,-0.15642736606418642,-0.15683425977805227,-0.00040689371386584683,0.009878225523078626,0.007162629479145475
RZDT2_VC,GPR-KG,vepm,0,1000,axis,1.0,0.004417494632216135,36 0 0 0 0,36,0.36,mid_t1,fp,0,1,0.00764908787698429,-0.01899812715484972,0.00764908787698429,-0.02664721503183401,0.36,0.37999039074066876,0.019990390740668773,0.010377741285008674,0.003850743670537152,0.8704000000000001,0.7035745328730131,-0.16682546712698698,0.010377741285008674,0.003794758191765118,-0.1599141240818193,-0.1582059046006982,0.0017082194811210982,0.010377741285008674,0.007162629479145475
RZDT2_VC,GPR-KG,vepm,0,1000,axis,1.0,0.004417494632216135,37 0 0 0 0,37,0.37,mid_t1,fp,0,1,0.008214565271144253,-0.020275362143554354,0.008214565271144253,-0.028489927414698607,0.37,0.38918109280852753,0.019181092808527533,0.01086334159208918,0.003850743670537152,0.8631,0.7013007063176802,-0.16179929368231982,0.01086334159208918,0.003794758191765118,-0.16322417811575568,-0.15948313958940283,0.0037410385263528523,0.01086334159208918,0.007162629479145475
RZDT2_VC,GPR-KG,vepm,0,1000,axis,1.0,0.004417494632216135,38 0 0 0 0,38,0.38,mid_t1,fp,0,1,0.008747623529056947,-0.02145818729831772,0.008747623529056947,-0.03020581082737467,0.38,0.3984138667586481,0.01841386675864809,0.011331268541361518,0.003850743670537152,0.8556,0.698962062125704,-0.15663793787429603,0.011331268541361518,0.003794758191765118,-0.16634446489494334,-0.1606659647441662,0.005678500150777144,0.011331268541361518,0.007162629479145475
RZDT2_VC,GPR-KG,vepm,0,1000,axis,1.0,0.004417494632216135,39 0 0 0 0,39,0.39,mid_t1,fp,0,1,0.00924615891330946,-0.02254660261913985,0.00924615891330946,-0.03179276153244931,0.39,0.40768871259103023,0.01768871259103022,0.01177781934266268,0.003850743670537152,0.8479,0.6965586002970845,-0.1513413997029155,0.01177781934266268,0.003794758191765118,-0.16926267007298845,-0.16175438006498832,0.007508290008000129,0.01177781934266268,0.007162629479145475
RZDT2_VC,GPR-KG,vepm,0,1000,axis,1.0,0.004417494632216135,40 0 0 0 0,40,0.4,mid_t1,fp,0,1,0.009708203932499382,-0.023540608106020683,0.009708203932499382,-0.033248812038520065,0.4,0.41700563030567406,0.017005630305674035,0.012199390203593317,0.003850743670537152,0.84,0.6940903208318216,-0.14590967916817832,0.012199390203593317,0.003794758191765118,-0.1719672768272542,-0.16274838555186916,0.009218891275385055,0.012199390203593317,0.007162629479145475
RZDT2_VC,GPR-KG,vepm,0,1000,axis,1.0,0.004417494632216135,41 0 0 0 0,41,0.41,mid_t1,fp,0,1,0.01013193510602417,-0.02444020375896022,0.01013193510602417,-0.03457213886498439,0.41,0.4263646199025796,0.016364619902579647,0.012592519592970444,0.003850743670537152,0.8319000000000001,0.6915572237299155,-0.14034277627008462,0.012592519592970444,0.003794758191765118,-0.17444761131049896,-0.1636479812048087,0.010799630105690267,0.012592519592970444,0.007162629479145475
RZDT2_VC,GPR-KG,vepm,0,1000,axis,1.0,0.004417494632216135,42 0 0 0 0,42,0.42,mid_t1,fp,0,1,0.01051568016052637,-0.02524538957795855,0.01051568016052637,-0.03576106973848492,0.42,0.4357656813817468,0.015765681381746832,0.012953930254030792,0.003850743670537152,0.8236,0.688959308991366,-0.13464069100863396,0.012953930254030792,0.003794758191765118,-0.1766938847756743,-0.16445316702380702,0.012240717751867275,0.012953930254030792,0.007162629479145475
RZDT2_VC,GPR-KG,vepm,0,1000,axis,1.0,0.004417494632216135,43 0 0 0 0,43,0.43,mid_t1,fp,0,1,0.01085792462959223,-0.025956165563015582,0.01085792462959223,-0.03681409019260781,0.43,0.44520881474317575,0.015208814743175758,0.01328056935444799,0.003850743670537152,0.8151,0.6862965766161732,-0.1288034233838269,0.01328056935444799,0.003794758191765118,-0.1786972322076379,-0.16516394300886406,0.013533289198773835,0.01328056935444799,0.007162629479145475
RZDT2_VC,GPR-KG,vepm,0,1000,axis,1.0,0.004417494632216135,44 0 0 0 0,44,0.44,mid_t1,fp,0,1,0.011157317830659014,-0.026572531714131348,0.011157317830659014,-0.03772984954479036,0.44,0.4546940199868663,0.014694019986866313,0.013569646185494524,0.003850743670537152,0.8064,0.683569026604337,-0.12283097339566296,0.013569646185494524,0.003794758191765118,-0.18044974730931826,-0.16578030915997982,0.014669438149338437,0.013569646185494524,0.007162629479145475
RZDT2_VC,GPR-KG,vepm,0,1000,axis,1.0,0.004417494632216135,45 0 0 0 0,45,0.45,mid_t1,fp,0,1,0.011412678195541842,-0.027094488031305847,0.011412678195541842,-0.03850716622684769,0.45,0.4642212971128187,0.014221297112818665,0.01381866685703476,0.003850743670537152,0.7975,0.6807766589558576,-0.11672334104414239,0.01381866685703476,0.003794758191765118,-0.18194451370425696,-0.16630226547715432,0.01564224822710264,0.01381866685703476,0.007162629479145475
RZDT2_VC,GPR-KG,vepm,0,1000,axis,1.0,0.004417494632216135,46 0 0 0 0,46,0.46,mid_t1,fp,0,1,0.011622997933543572,-0.02752203451453908,0.011622997933543572,-0.03914503244808265,0.46,0.4737906461210326,0.01379064612103259,0.014025465477955251,0.003850743670537152,0.7884,0.6779194736707349,-0.11048052632926508,0.014025465477955251,0.003794758191765118,-0.18317563223238706,-0.16672981196038755,0.016445820271999506,0.014025465477955251,0.007162629479145475
RZDT2_VC,GPR-KG,vepm,0,1000,axis,1.0,0.004417494632216135,47 0 0 0 0,47,0.47,mid_t1,fp,0,1,0.011787447008744262,-0.027855171163831016,0.011787447008744262,-0.03964261817257528,0.47,0.4834020670115083,0.013402067011508312,0.014188231362461133,0.003850743670537152,0.7791,0.6749974707489689,-0.10410252925103114,0.014188231362461133,0.003794758191765118,-0.18413824423132247,-0.1670629486096795,0.017075295621642977,0.014188231362461133,0.007162629479145475
RZDT2_VC,GPR-KG,vepm,0,1000,axis,1.0,0.004417494632216135,48 0 0 0 0,48,0.48,mid_t1,fp,0,1,0.011905376415773744,-0.028093897979181742,0.011905376415773744,-0.039999274394955486,0.48,0.4930555597842457,0.013055559784245718,0.014305531860612137,0.003850743670537152,0.7696000000000001,0.6720106501905596,-0.09758934980944045,0.014305531860612137,0.003794758191765118,-0.1848285507112791,-0.16730167542503022,0.017526875286248883,0.014305531860612137,0.007162629479145475
RZDT2_VC,GPR-KG,vepm,0,1000,axis,1.0,0.004417494632216135,49 0 0 0 0,49,0.49,mid_t1,fp,0,1,0.011976320741139274,-0.028238214960591146,0.011976320741139274,-0.04021453570173042,0.49,0.5027511244392447,0.012751124439244754,0.014376330475641002,0.003850743670537152,0.7599,0.6689590119955069,-0.09094098800449313,0.014376330475641002,0.003794758191765118,-0.18524382734795153,-0.16744599240643962,0.01779783494151191,0.014376330475641002,0.007162629479145475
RZDT2_VC,GPR-KG,vepm,0,1000,axis,1.0,0.004417494632216135,50 0 0 0 0,50,0.5,mid_t1,fp,0,1,0.01200000000000001,-0.028288122108059283,0.01200000000000001,-0.04028812210805929,0.5,0.5124887609765054,0.01248876097650542,0.0144,0.003850743670537152,0.75,0.6658425561638109,-0.08415744383618906,0.0144,0.003794758191765118,-0.18538243523417663,-0.16749589955390776,0.017886535680268878,0.0144,0.007162629479145475
RZDT2_VC,GPR-KG,vepm,0,1000,axis,1.0,0.004417494632216135,51 0 0 0 0,51,0.51,mid_t1,fp,0,1,0.011976320741139274,-0.04545365098144445,0.011976320741139274,-0.057429971722583725,0.51,0.5222684693960279,0.012268469396027881,0.014376330475641002,0.013452782784054682,0.7399,0.6626612826954716,-0.07723871730452836,0.014376330475641002,0.005687368127285132,-0.18524382734795153,-0.16745139686743465,0.017792430480516874,0.014376330475641002,0.005501094421061095
RZDT2_VC,GPR-KG,vepm,0,1000,axis,1.0,0.004417494632216135,52 0 0 0 0,52,0.52,mid_t1,fp,0,1,0.011905376415773744,-0.04531473846103008,0.011905376415773744,-0.057220114876803826,0.52,0.532090249697812,0.012090249697812028,0.014305531860612137,0.013452782784054682,0.7296,0.6594151915904891,-0.07018480840951091,0.014305531860612137,0.005687368127285132,-0.1848285507112791,-0.16731248434702028,0.017516066364258814,0.014305531860612137,0.005501094421061095
RZDT2_VC,GPR-KG,vepm,0,1000,axis,1.0,0.004417494632216135,53 0 0 0 0,53,0.53,mid_t1,fp,0,1,0.011787447008744262,-0.04508141610667439,0.011787447008744262,-0.05686886311541865,0.53,0.5419541018818579,0.01195410188185786,0.014188231362461133,0.013452782784054682,0.7191,0.6561042828488631,-0.06299571715113683,0.014188231362461133,0.005687368127285132,-0.18413824423132247,-0.1670791619926646,0.017059082238657874,0.014188231362461133,0.005501094421061095
RZDT2_VC,GPR-KG,vepm,0,1000,axis,1.0,0.004417494632216135,54 0 0 0 0,54,0.54,mid_t1,fp,0,1,0.011622997933543572,-0.04475368391837749,0.011622997933543572,-0.05637668185192106,0.54,0.5518600259481654,0.011860025948165376,0.014025465477955242,0.013452782784054682,0.7083999999999999,0.6527285564705939,-0.055671443529406006,0.014025465477955242,0.005687368127285132,-0.183175632232387,-0.1667514298043677,0.016424202428019313,0.014025465477955242,0.005501094421061095
RZDT2_VC,GPR-KG,vepm,0,1000,axis,1.0,0.004417494632216135,55 0 0 0 0,55,0.55,mid_t1,fp,0,1,0.011412678195541842,-0.04433154189613932,0.011412678195541842,-0.05574422009168116,0.55,0.5618080218967345,0.011808021896734466,0.013818666857034756,0.013452782784054682,0.6975,0.6492880124556814,-0.04821198754431866,0.013818666857034756,0.005687368127285132,-0.18194451370425696,-0.16632928778212952,0.01561522592212744,0.013818666857034756,0.005501094421061095
RZDT2_VC,GPR-KG,vepm,0,1000,axis,1.0,0.004417494632216135,56 0 0 0 0,56,0.56,mid_t1,fp,0,1,0.011157317830659014,-0.043814990039959825,0.011157317830659014,-0.05497230787061884,0.56,0.5717980897275654,0.011798089727565353,0.013569646185494524,0.013452782784054682,0.6863999999999999,0.6457826508041254,-0.04061734919587445,0.013569646185494524,0.005687368127285132,-0.18044974730931826,-0.16581273592595003,0.014637011383368231,0.013569646185494524,0.005501094421061095
RZDT2_VC,GPR-KG,vepm,0,1000,axis,1.0,0.004417494632216135,57 0 0 0 0,57,0.57,mid_t1,fp,0,1,0.01085792462959223,-0.04320402834983912,0.01085792462959223,-0.05406195297943135,0.57,0.581830229440658,0.011830229440658036,0.013280569354448001,0.013452782784054682,0.6751,0.6422124715159263,-0.032887528484073725,0.013280569354448001,0.005687368127285132,-0.17869723220763795,-0.16520177423582932,0.013495457971808622,0.013280569354448001,0.005501094421061095
RZDT2_VC,GPR-KG,vepm,0,1000,axis,1.0,0.004417494632216135,58 0 0 0 0,58,0.58,mid_t1,fp,0,1,0.01051568016052637,-0.04249865682577715,0.01051568016052637,-0.05301433698630352,0.58,0.5919044410360123,0.011904441036012292,0.012953930254030797,0.013452782784054682,0.6636,0.6385774745910838,-0.02502252540891614,0.012953930254030797,0.005687368127285132,-0.17669388477567435,-0.16449640271176735,0.012197482063907,0.012953930254030797,0.005501094421061095
RZDT2_VC,GPR-KG,vepm,0,1000,axis,1.0,0.004417494632216135,59 0 0 0 0,59,0.59,mid_t1,fp,0,1,0.01013193510602417,-0.04169887546777391,0.01013193510602417,-0.05183081057379808,0.59,0.6020207245136282,0.012020724513628234,0.012592519592970447,0.013452782784054682,0.6519,0.6348776600295981,-0.017022339970401923,0.012592519592970447,0.005687368127285132,-0.174447611310499,-0.16369662135376412,0.010750989956734874,0.012592519592970447,0.005501094421061095
RZDT2_VC,GPR-KG,vepm,0,1000,axis,1.0,0.004417494632216135,60 0 0 0 0,60,0.6,mid_t1,fp,0,1,0.009708203932499382,-0.04080468427582935,0.009708203932499382,-0.050512888208328735,0.6,0.6121790798735058,0.01217907987350586,0.012199390203593318,0.013452782784054682,0.64,0.6311130278314689,-0.008886972168531071,0.012199390203593318,0.005687368127285132,-0.17196727682725424,-0.16280243016181956,0.009164846665434684,0.012199390203593318,0.005501094421061095
RZDT2_VC,GPR-KG,vepm,0,1000,axis,1.0,0.004417494632216135,61 0 0 0 0,61,0.61,mid_t1,fp,0,1,0.00924615891330946,-0.03981608324994358,0.00924615891330946,-0.04906224216325304,0.61,0.6223795071156452,0.012379507115645172,0.01177781934266268,0.013452782784054682,0.6279,0.6272835779966965,-0.000616422003303474,0.01177781934266268,0.005687368127285132,-0.16926267007298845,-0.16181382913593378,0.007448840937054668,0.01177781934266268,0.005501094421061095
RZDT2_VC,GPR-KG,vepm,0,1000,axis,1.0,0.004417494632216135,62 0 0 0 0,62,0.62,mid_t1,fp,0,1,0.008747623529056947,-0.03873307239011649,0.008747623529056947,-0.047480695919173435,0.62,0.6326220062400462,0.012622006240046169,0.011331268541361527,0.013452782784054682,0.6155999999999999,0.6233893105252809,0.007789310525280979,0.011331268541361527,0.005687368127285132,-0.1663444648949434,-0.1607308182761067,0.005613646618836704,0.011331268541361527,0.005501094421061095
RZDT2_VC,GPR-KG,vepm,0,1000,axis,1.0,0.004417494632216135,63 0 0 0 0,63,0.63,mid_t1,fp,0,1,0.00821456527114428,-0.03755565169634818,0.00821456527114428,-0.045770216967492464,0.63,0.6429065772467089,0.01290657724670885,0.010863341592089185,0.013452782784054682,0.6031,0.6194302254172218,0.016330225417221844,0.010863341592089185,0.005687368127285132,-0.16322417811575568,-0.15955339758233839,0.003670780533417295,0.010863341592089185,0.005501094421061095
RZDT2_VC,GPR-KG,vepm,0,1000,axis,1.0,0.004417494632216135,64 0 0 0 0,64,0.64,mid_t1,fp,0,1,0.007649087876984262,-0.036283821168638555,0.007649087876984262,-0.04393290904562282,0.64,0.6532332201356333,0.013233220135633328,0.01037774128500867,0.013452782784054682,0.5904,0.6154063226725195,0.025006322672519454,0.01037774128500867,0.005687368127285132,-0.1599141240818193,-0.15828156705462876,0.0016325570271905343,0.01037774128500867,0.005501094421061095
RZDT2_VC,GPR-KG,vepm,0,1000,axis,1.0,0.004417494632216135,65 0 0 0 0,65,0.65,mid_t1,fp,0,1,0.007053423027509692,-0.034917580806987716,0.007053423027509692,-0.04197100383449741,0.65,0.6636019349068194,0.01360193490681938,0.009878225523078628,0.013452782784054682,0.5774999999999999,0.6113176022911738,0.03381760229117392,0.009878225523078628,0.005687368127285132,-0.1564273660641864,-0.15691532669297792,-0.00048796062879152835,0.009878225523078628,0.005501094421061095
RZDT2_VC,GPR-KG,vepm,0,1000,axis,1.0,0.004417494632216135,66 0 0 0 0,66,0.66,mid_t1,fp,0,1,0.006429921539747946,-0.033456930611395555,0.006429921539747946,-0.0398868521511435,0.66,0.6740127215602671,0.014012721560267116,0.009368563450396631,0.013452782784054682,0.5644,0.6071640642731849,0.04276406427318491,0.009368563450396631,0.005687368127285132,-0.15277766470380436,-0.15545467649738576,-0.002677011793581402,0.009368563450396631,0.005501094421061095
RZDT2_VC,GPR-KG,vepm,0,1000,axis,1.0,0.004417494632216135,67 0 0 0 0,67,0.67,high_t1,fp,0,1,0.005781044089220588,-0.03190187058186213,0.005781044089220588,-0.037682914671082715,0.67,0.6844655800959766,0.014465580095976538,0.00885249222498826,0.013452782784054682,0.5510999999999999,0.6029457086185525,0.05184570861855253,0.00885249222498826,0.005687368127285132,-0.14897942370455264,-0.15389961646785233,-0.004920192763299691,0.00885249222498826,0.005501094421061095
RZDT2_VC,GPR-KG,vepm,0,1000,axis,1.0,0.004417494632216135,68 0 0 0 0,68,0.68,high_t1,fp,0,1,0.005109351498780862,-0.030252400718387487,0.005109351498780862,-0.03536175221716835,0.68,0.6949605105139478,0.014960510513947756,0.008333675053769642,0.013452782784054682,0.5375999999999999,0.5986625353272769,0.06106253532727701,0.008333675053769642,0.005687368127285132,-0.14504763298840406,-0.1522501466043777,-0.007202513615973627,0.008333675053769642,0.005501094421061095
RZDT2_VC,GPR-KG,vepm,0,1000,axis,1.0,0.004417494632216135,69 0 0 0 0,69,0.69,high_t1,fp,0,1,0.004417494632216135,-0.028508521020971525,0.004417494632216135,-0.03292601565318766,0.69,0.7054975128141807,0.01549751281418077,0.007815661084515988,0.013452782784054682,0.5239,0.5943145443993579,0.0704145443993579,0.007815661084515988,0.005687368127285132,-0.14099780953705102,-0.15050626690696173,-0.009508457369910711,0.007815661084515988,0.005501094421061095
RZDT2_VC,GPR-KG,vepm,0,1000,axis,1.0,0.004417494632216135,70 0 0 0 0,70,0.7,high_t1,fp,0,1,0.0037082039324993765,-0.026670231489614296,0.0037082039324993765,-0.030378435422113673,0.7,0.7160765869966752,0.016076586996675246,0.007301847717655946,0.013452782784054682,0.51,0.5899017358347958,0.07990173583479576,0.007301847717655946,0.005687368127285132,-0.1368459361534674,-0.1486679773756045,-0.011822041222137092,0.007301847717655946,0.005501094421061095
RZDT2_VC,GPR-KG,vepm,0,1000,axis,1.0,0.004417494632216135,71 0 0 0 0,71,0.71,high_t1,fp,0,1,0.00298427864597825,-0.08090211750890824,0.00298427864597825,-0.0838863961548865,0.71,0.7266977330614315,0.01669773306143152,0.006795445860099158,0.002725100163054365,0.4959,0.5854241096335903,0.08952410963359025,0.006795445860099158,0.0016647630732818126,-0.13260839838508803,-0.14673527801030606,-0.014126879625218025,0.006795445860099158,0.0016018981380773504
RZDT2_VC,GPR-KG,vepm,0,1000,axis,1.0,0.004417494632216135,72 0 0 0 0,72,0.72,high_t1,fp,0,1,0.0022485757750286828,-0.07887500830966854,0.0022485757750286828,-0.08112358408469722,0.72,0.7373609510084493,0.017360951008449366,0.006299448594739758,0.002725100163054365,0.48160000000000003,0.5808816657957414,0.09928166579574138,0.006299448594739758,0.0016647630732818126,-0.12830191985753756,-0.14470816881106635,-0.016406248953528796,0.006299448594739758,0.0016018981380773504
RZDT2_VC,GPR-KG,vepm,0,1000,axis,1.0,0.004417494632216135,73 0 0 0 0,73,0.73,high_t1,fp,0,1,0.001503998802771661,-0.07675348927648751,0.001503998802771661,-0.07825748807925917,0.73,0.7480662408377289,0.018066240837728897,0.005816603683539342,0.002725100163054365,0.46710000000000007,0.5762744043212492,0.10917440432124914,0.005816603683539342,0.0016647630732818126,-0.12394349627412149,-0.14258664977788532,-0.018643153503763832,0.005816603683539342,0.0016018981380773504
RZDT2_VC,GPR-KG,vepm,0,1000,axis,1.0,0.004417494632216135,74 0 0 0 0,74,0.74,high_t1,fp,0,1,0.0007534862343517579,-0.07453756040936521,0.0007534862343517579,-0.07529104664371697,0.74,0.7588136025492702,0.018813602549270225,0.005349390260062094,0.002725100163054365,0.4524,0.5716023252101138,0.11920232521011376,0.005349390260062094,0.0016647630732818126,-0.11955032834154919,-0.14037072091076302,-0.020820392569213836,0.005349390260062094,0.0016018981380773504
RZDT2_VC,GPR-KG,vepm,0,1000,axis,1.0,0.004417494632216135,75 0 0 0 0,75,0.75,high_t1,tp,1,1,0.0,-0.07222722170830165,0.0,-0.07222722170830165,0.75,0.7696030361430732,0.019603036143073238,0.004900000000000001,0.002725100163054365,0.4375,0.566865428462335,0.129365428462335,0.004900000000000001,0.0016647630732818126,-0.11513975388660307,-0.13806038220969946,-0.022920628323096395,0.004900000000000001,0.0016018981380773504
RZDT2_VC,GPR-KG,vepm,0,1000,axis,1.0,0.004417494632216135,76 0 0 0 0,76,0.76,high_t1,tp,1,1,-0.0007534862343517579,-0.06982247317329682,0.0007534862343517579,-0.06906898693894506,0.76,0.780434541619138,0.020434541619137936,0.004470322986651712,0.002725100163054365,0.4224,0.5620637140779129,0.1396637140779129,0.004470322986651712,0.0016647630732818126,-0.11072917943165694,-0.13565563367469463,-0.024926454243037688,0.004470322986651712,0.0016018981380773504
RZDT2_VC,GPR-KG,vepm,0,1000,axis,1.0,0.004417494632216135,77 0 0 0 0,77,0.77,high_t1,tp,1,1,-0.0015039988027716472,-0.06732331480435072,0.0015039988027716472,-0.06581931600157907,0.77,0.7913081189774642,0.021308118977464208,0.004061938413639081,0.002725100163054365,0.4071,0.5571971820568474,0.1500971820568474,0.004061938413639081,0.0016647630732818126,-0.1063360114990846,-0.13315647530574853,-0.026820463806663933,0.004061938413639081,0.0016018981380773504
RZDT2_VC,GPR-KG,vepm,0,1000,axis,1.0,0.004417494632216135,78 0 0 0 0,78,0.78,high_t1,tp,1,1,-0.0022485757750286967,-0.06472974660146341,0.0022485757750286967,-0.062481170826434715,0.78,0.8022237682180523,0.022223768218052276,0.003676110190539616,0.002725100163054365,0.39159999999999995,0.5522658323991387,0.16066583239913879,0.003676110190539616,0.0016647630732818126,-0.10197758791566859,-0.13056290710286123,-0.028585319187192634,0.003676110190539616,0.0016018981380773504
RZDT2_VC,GPR-KG,vepm,0,1000,axis,1.0,0.004417494632216135,79 0 0 0 0,79,0.79,high_t1,tp,1,1,-0.002984278645978264,-0.06204176856463478,0.002984278645978264,-0.05905748991865652,0.79,0.813181489340902,0.023181489340901917,0.0033137874397911856,0.002725100163054365,0.3758999999999999,0.5472696651047866,0.17136966510478668,0.0033137874397911856,0.0016647630732818126,-0.09767110938811811,-0.1278749290660326,-0.03020381967791448,0.0033137874397911856,0.0016018981380773504
RZDT2_VC,GPR-KG,vepm,0,1000,axis,1.0,0.004417494632216135,80 0 0 0 0,80,0.8,high_t1,tp,1,1,-0.0037082039324993626,-0.05925938069386488,0.0037082039324993626,-0.05555117676136552,0.8,0.8241812823460134,0.024181282346013355,0.0029756097964066855,0.002725100163054365,0.3599999999999999,0.5422086801737912,0.18220868017379133,0.0029756097964066855,0.0016647630732818126,-0.0934335716197387,-0.1250925411952627,-0.031658969575524,0.0029756097964066855,0.0016018981380773504
RZDT2_VC,GPR-KG,vepm,0,1000,axis,1.0,0.004417494632216135,81 0 0 0 0,81,0.81,high_t1,tp,1,1,-0.004417494632216135,-0.05638258298915372,0.004417494632216135,-0.05196508835693758,0.81,0.8352231472333865,0.025223147233386478,0.0026619173469304876,0.002725100163054365,0.3438999999999999,0.5370828776061526,0.19318287760615271,0.0026619173469304876,0.0016647630732818126,-0.08928169823615512,-0.12221574349055153,-0.032934045254396416,0.0026619173469304876,0.0016018981380773504
RZDT2_VC,GPR-KG,vepm,0,1000,axis,1.0,0.004417494632216135,82 0 0 0 0,82,0.82,high_t1,tp,1,1,-0.005109351498780862,-0.05341137545050123,0.005109351498780862,-0.04830202395172037,0.82,0.8463070840030215,0.026307084003021508,0.0023727649718586334,0.002725100163054365,0.3276000000000001,0.5318922574018706,0.20429225740187051,0.0023727649718586334,0.0016647630732818126,-0.08523187478480208,-0.11924453595189904,-0.03401266116709696,0.0023727649718586334,0.0016018981380773504
RZDT2_VC,GPR-KG,vepm,0,1000,axis,1.0,0.004417494632216135,83 0 0 0 0,83,0.83,high_t1,tp,1,1,-0.0057810440892205744,-0.05034575807790753,0.0057810440892205744,-0.04456471398868696,0.83,0.857433092654918,0.027433092654918,0.002107940787564248,0.002725100163054365,0.31110000000000004,0.5266368195609453,0.21553681956094528,0.002107940787564248,0.0016647630732818126,-0.08130008406865345,-0.11617891857930535,-0.03487883451065189,0.002107940787564248,0.0016018981380773504
RZDT2_VC,GPR-KG,vepm,0,1000,axis,1.0,0.004417494632216135,84 0 0 0 0,84,0.84,high_t1,tp,1,1,-0.006429921539747946,-0.04718573087137262,0.006429921539747946,-0.040755809331624676,0.84,0.8686011731890761,0.02860117318907618,0.0018669883206906854,0.002725100163054365,0.2944000000000001,0.5213165640833767,0.22691656408337657,0.0018669883206906854,0.0016647630732818126,-0.07750184306940178,-0.11301889137277044,-0.03551704830336866,0.0018669883206906854,0.0016018981380773504
RZDT2_VC,GPR-KG,vepm,0,1000,axis,1.0,0.004417494632216135,85 0 0 0 0,85,0.85,high_t1,tp,1,1,-0.007053423027509678,-0.04393129383089639,0.007053423027509678,-0.03687787080338671,0.85,0.879811325605496,0.029811325605496042,0.0016492319909840044,0.002725100163054365,0.2775000000000001,0.5159314909691648,0.23843149096916472,0.0016492319909840044,0.0016647630732818126,-0.07385214170901971,-0.1097644543322942,-0.03591231262327449,0.0016492319909840044,0.0016018981380773504
RZDT2_VC,GPR-KG,vepm,0,1000,axis,1.0,0.004417494632216135,86 0 0 0 0,86,0.86,high_t1,tp,1,1,-0.007649087876984276,-0.04058244695647889,0.007649087876984276,-0.032933359079494615,0.86,0.8910635499041775,0.03106354990417748,0.001453805428527018,0.002725100163054365,0.2604000000000001,0.5104816002183096,0.2500816002183095,0.001453805428527018,0.0016647630732818126,-0.07036538369138685,-0.1064156074578767,-0.03605022376648985,0.001453805428527018,0.0016018981380773504
RZDT2_VC,GPR-KG,vepm,0,1000,axis,1.0,0.004417494632216135,87 0 0 0 0,87,0.87,high_t1,tp,1,1,-0.00821456527114426,-0.037139190248120124,0.00821456527114426,-0.028924624976975864,0.87,0.9023578460851207,0.03235784608512071,0.0012796821090875375,0.002725100163054365,0.24309999999999998,0.504966891830811,0.261866891830811,0.0012796821090875375,0.0016647630732818126,-0.06705532965745045,-0.10297235074951794,-0.035917021092067486,0.0012796821090875375,0.0016018981380773504
RZDT2_VC,GPR-KG,vepm,0,1000,axis,1.0,0.004417494632216135,88 0 0 0 0,88,0.88,high_t1,tp,1,1,-0.00874762352905694,-0.03360152370582009,0.00874762352905694,-0.02485390017676315,0.88,0.9136942141483257,0.03369421414832574,0.0011257077574617622,0.002725100163054365,0.22560000000000002,0.49938736580666915,0.2737873658066691,0.0011257077574617622,0.0016647630732818126,-0.06393504287826277,-0.0994346842072179,-0.03549964132895514,0.0011257077574617622,0.0016018981380773504
RZDT2_VC,GPR-KG,vepm,0,1000,axis,1.0,0.004417494632216135,89 0 0 0 0,89,0.89,high_t1,tp,1,1,-0.009246158913309474,-0.029969447329578736,0.009246158913309474,-0.02072328841626926,0.89,0.9250726540937924,0.035072654093792344,0.0009906339438016307,0.002725100163054365,0.20789999999999997,0.493743022145884,0.28584302214588403,0.0009906339438016307,0.0016647630732818126,-0.06101683770021766,-0.09580260783097655,-0.03478577013075889,0.0009906339438016307,0.0016018981380773504
RZDT2_VC,GPR-KG,vepm,0,1000,axis,1.0,0.004417494632216135,90 0 0 0 0,90,0.9,high_t1,tp,1,1,-0.009708203932499368,-0.02624296111939617,0.009708203932499368,-0.0165347571868968,0.9,0.9364931659215208,0.03649316592152074,0.0008731522823440527,0.002725100163054365,0.18999999999999995,0.4880338608484555,0.29803386084845557,0.0008731522823440527,0.0016647630732818126,-0.05831223094595188,-0.09207612162079398,-0.033763890674842104,0.0008731522823440527,0.0016018981380773504
RZDT2_VC,GPR-KG,vepm,0,1000,axis,1.0,0.004417494632216135,91 0 0 0 0,91,0.91,high_t1,tp,1,1,-0.010131935106024184,-0.022422065075272335,0.010131935106024184,-0.01229012996924815,0.91,0.9479557496315107,0.037955749631510716,0.0007719286359422346,0.002725100163054365,0.17189999999999994,0.48225988191438374,0.3103598819143838,0.0007719286359422346,0.0016647630732818126,-0.05583189646270712,-0.08825522557667015,-0.03242332911396303,0.0007719286359422346,0.0016018981380773504
RZDT2_VC,GPR-KG,vepm,0,1000,axis,1.0,0.004417494632216135,92 0 0 0 0,92,0.92,high_t1,tp,1,1,-0.010515680160526363,-0.018506759197207234,0.010515680160526363,-0.007991079036680872,0.92,0.9594604052237624,0.039460405223762374,0.0006856367334167007,0.002725100163054365,0.15359999999999996,0.4764210853436686,0.32282108534366866,0.0006856367334167007,0.0016647630732818126,-0.05358562299753181,-0.08433991969860505,-0.03075429670107324,0.0006856367334167007,0.0016018981380773504
RZDT2_VC,GPR-KG,vepm,0,1000,axis,1.0,0.004417494632216135,93 0 0 0 0,93,0.93,high_t1,tp,1,1,-0.010857924629592237,-0.014497043485200811,0.010857924629592237,-0.003639118855608574,0.93,0.9710071326982758,0.04100713269827572,0.000612990619923725,0.002725100163054365,0.1350999999999999,0.4705174711363102,0.3354174711363103,0.000612990619923725,0.0016647630732818126,-0.051582275565568166,-0.08033020398659863,-0.02874792842103046,0.000612990619923725,0.0016018981380773504
RZDT2_VC,GPR-KG,vepm,0,1000,axis,1.0,0.004417494632216135,94 0 0 0 0,94,0.94,high_t1,tp,1,1,-0.011157317830659014,-0.010392917939253177,0.011157317830659014,0.000764399891405837,0.94,0.9825959320550508,0.042595932055050856,0.0005527753830590053,0.002725100163054365,0.11640000000000006,0.46454903929230845,0.3481490392923084,0.0005527753830590053,0.0016647630732818126,-0.04982976046388786,-0.07622607844065099,-0.02639631797676313,0.0005527753830590053,0.0016018981380773504
RZDT2_VC,GPR-KG,vepm,0,1000,axis,1.0,0.004417494632216135,95 0 0 0 0,95,0.95,high_t1,tp,1,1,-0.011412678195541842,-0.006194382559364275,0.011412678195541842,0.005218295636177567,0.95,0.9942268032940876,0.04422680329408768,0.0005038756289026096,0.002725100163054365,0.09750000000000003,0.4585157898116634,0.3610157898116634,0.0005038756289026096,0.0016647630732818126,-0.048334994068949144,-0.07202754306076209,-0.023692548991812945,0.0005038756289026096,0.0016018981380773504
RZDT2_VC,GPR-KG,vepm,0,1000,axis,1.0,0.004417494632216135,96 0 0 0 0,96,0.96,high_t1,tp,1,1,-0.011622997933543572,-0.0019014373455341071,0.011622997933543572,0.009721560588009465,0.96,1.0058997464153863,0.0458997464153863,0.0004653012221544119,0.002725100163054365,0.07840000000000003,0.4524177226943751,0.37401772269437505,0.0004653012221544119,0.0016647630732818126,-0.04710387554081908,-0.06773459784693192,-0.02063072230611284,0.0004653012221544119,0.0016018981380773504
RZDT2_VC,GPR-KG,vepm,0,1000,axis,1.0,0.004417494632216135,97 0 0 0 0,97,0.97,high_t1,fn,1,0,-0.011787447008744269,0.002485917702237328,0.011787447008744269,0.014273364710981597,0.97,1.0176147614189464,0.04761476141894638,0.0004362098522594935,0.002725100163054365,0.05910000000000004,0.4462548379404434,0.38715483794044336,0.0004362098522594935,0.0016647630732818126,-0.04614126354188364,-0.06334724279916049,-0.01720597925727685,0.0004362098522594935,0.0016018981380773504
RZDT2_VC,GPR-KG,vepm,0,1000,axis,1.0,0.004417494632216135,98 0 0 0 0,98,0.98,high_t1,fn,1,0,-0.01190537641577373,0.0069676825839500856,0.01190537641577373,0.018873058999723816,0.98,1.029371848304768,0.04937184830476804,0.00041592604220944417,0.002725100163054365,0.03960000000000008,0.4400271355498684,0.4004271355498683,0.00041592604220944417,0.0016647630732818126,-0.04545095706192702,-0.05886547791744773,-0.013414520855520709,0.00041592604220944417,0.0016018981380773504
RZDT2_VC,GPR-KG,vepm,0,1000,axis,1.0,0.004417494632216135,99 0 0 0 0,99,0.99,high_t1,fn,1,0,-0.01197632074113926,0.011543857299604054,0.01197632074113926,0.023520178040743314,0.99,1.0411710070728517,0.051171007072851715,0.0004039562776451963,0.002725100163054365,0.01990000000000003,0.43373461552265014,0.4138346155226501,0.0004039562776451963,0.0016647630732818126,-0.04503568042525459,-0.05428930320179376,-0.00925362277653917,0.0004039562776451963,0.0016018981380773504
RZDT2_VC,GPR-KG,vepm,0,1000,axis,1.0,0.004417494632216135,100 0 0 0 0,100,1.0,high_t1,fn,1,0,-0.011999999999999997,0.00033262374274210804,0.011999999999999997,0.012332623742742105,1.0,0.9994411898789912,-0.0005588101210087792,0.0004,0.00603496023626651,0.0,0.1390074520093894,0.1390074520093894,0.0004,0.008914807062966669,-0.04489707253902944,-0.05604223762366706,-0.011145165084637615,0.0004,0.001174671576341192
RZDT2_VC,GPR-KG,vepm,1,1001,axis,1.0,0.004417494632216135,0 0 0 0 0,0,0.0,low_t1,fn,1,0,-0.011999999999999997,0.15866069173962596,0.011999999999999997,0.17066069173962595,0.0,0.047390049455740275,0.047390049455740275,0.0004,0.004890727660661588,1.0,0.9193405890776676,-0.08065941092233242,0.0004,0.003392036975642424,-0.04489707253902944,0.02172799193746044,0.06662506447648989,0.0004,0.006930424365103813
RZDT2_VC,GPR-KG,vepm,1,1001,axis,1.0,0.004417494632216135,1 0 0 0 0,1,0.01,low_t1,fn,1,0,-0.01197632074113926,0.1525775263713118,0.01197632074113926,0.16455384711245108,0.01,0.05550557433897529,0.045505574338975285,0.0004039562776451963,0.004890727660661588,0.9999,0.9190183251402273,-0.08088167485977271,0.0004039562776451963,0.003392036975642424,-0.04503568042525459,0.015644826569146293,0.06068050699440088,0.0004039562776451963,0.006930424365103813
RZDT2_VC,GPR-KG,vepm,1,1001,axis,1.0,0.004417494632216135,2 0 0 0 0,2,0.02,low_t1,fn,1,0,-0.011905376415773737,0.14661738421994694,0.011905376415773737,0.15852276063572068,0.02,0.06366244315923664,0.04366244315923663,0.00041592604220944417,0.004890727660661588,0.9996,0.9186596960132376,-0.08094030398676244,0.00041592604220944417,0.003392036975642424,-0.045450957061927026,0.009684684417781421,0.055135641479708446,0.00041592604220944417,0.006930424365103813
RZDT2_VC,GPR-KG,vepm,1,1001,axis,1.0,0.004417494632216135,3 0 0 0 0,3,0.03,low_t1,fn,1,0,-0.011787447008744269,0.14078026528553134,0.011787447008744269,0.1525677122942756,0.03,0.07186065591652434,0.04186065591652434,0.0004362098522594935,0.004890727660661588,0.9991,0.9182647016966983,-0.08083529830330172,0.0004362098522594935,0.003392036975642424,-0.04614126354188364,0.0038475654833658203,0.049988829025249454,0.0004362098522594935,0.006930424365103813
RZDT2_VC,GPR-KG,vepm,1,1001,axis,1.0,0.004417494632216135,4 0 0 0 0,4,0.04,low_t1,fn,1,0,-0.011622997933543572,0.135066169568065,0.011622997933543572,0.14668916750160857,0.04,0.08010021261083838,0.04010021261083838,0.0004653012221544117,0.004890727660661588,0.9984,0.9178333421906093,-0.08056665780939065,0.0004653012221544117,0.003392036975642424,-0.04710387554081907,-0.001866530234100508,0.045237345306718565,0.0004653012221544117,0.006930424365103813
RZDT2_VC,GPR-KG,vepm,1,1001,axis,1.0,0.004417494632216135,5 0 0 0 0,5,0.05,low_t1,fn,1,0,-0.011412678195541842,0.12947509706754795,0.011412678195541842,0.1408877752630898,0.05,0.08838111324217876,0.03838111324217876,0.0005038756289026093,0.004890727660661588,0.9975,0.9173656174949709,-0.08013438250502913,0.0005038756289026093,0.003392036975642424,-0.04833499406894913,-0.007457602734617565,0.04087739133433156,0.0005038756289026093,0.006930424365103813
RZDT2_VC,GPR-KG,vepm,1,1001,axis,1.0,0.004417494632216135,6 0 0 0 0,6,0.06,low_t1,fn,1,0,-0.011157317830659014,0.12400704778398017,0.011157317830659014,0.13516436561463918,0.06,0.09670335781054548,0.036703357810545484,0.0005527753830590045,0.004890727660661588,0.9964,0.916861527609783,-0.07953847239021694,0.0005527753830590045,0.003392036975642424,-0.04982976046388783,-0.012925652018185345,0.03690410844570249,0.0005527753830590045,0.006930424365103813
RZDT2_VC,GPR-KG,vepm,1,1001,axis,1.0,0.004417494632216135,7 0 0 0 0,7,0.07,low_t1,fn,1,0,-0.010857924629592237,0.11866202171736166,0.010857924629592237,0.1295199463469539,0.07,0.10506694631593855,0.03506694631593854,0.0006129906199237256,0.004890727660661588,0.9951,0.9163210725350455,-0.07877892746495452,0.0006129906199237256,0.003392036975642424,-0.051582275565568186,-0.018270678084803857,0.03331159748076433,0.0006129906199237256,0.006930424365103813
RZDT2_VC,GPR-KG,vepm,1,1001,axis,1.0,0.004417494632216135,8 0 0 0 0,8,0.08,low_t1,fn,1,0,-0.010515680160526363,0.11344001886769242,0.010515680160526363,0.12395569902821879,0.08,0.11347187875835796,0.033471878758357956,0.0006856367334167007,0.004890727660661588,0.9936,0.9157442522707584,-0.07785574772924164,0.0006856367334167007,0.003392036975642424,-0.05358562299753181,-0.023492680934473098,0.03009294206305871,0.0006856367334167007,0.006930424365103813
RZDT2_VC,GPR-KG,vepm,1,1001,axis,1.0,0.004417494632216135,9 0 0 0 0,9,0.09,low_t1,fn,1,0,-0.010131935106024177,0.10834103923497246,0.010131935106024177,0.11847297434099663,0.09,0.12191815513780371,0.031918155137803716,0.0007719286359422355,0.004890727660661588,0.9919,0.9151310668169218,-0.0767689331830782,0.0007719286359422355,0.003392036975642424,-0.05583189646270714,-0.028591660567193065,0.027240235895514078,0.0007719286359422355,0.006930424365103813
RZDT2_VC,GPR-KG,vepm,1,1001,axis,1.0,0.004417494632216135,10 0 0 0 0,10,0.1,low_t1,fn,1,0,-0.009708203932499368,0.10336508281920176,0.009708203932499368,0.11307328675170113,0.1,0.13040577545427579,0.03040577545427578,0.0008731522823440523,0.004890727660661588,0.99,0.9144815161735357,-0.07551848382646431,0.0008731522823440523,0.003392036975642424,-0.05831223094595187,-0.03356761698296376,0.02474461396298811,0.0008731522823440523,0.006930424365103813
RZDT2_VC,GPR-KG,vepm,1,1001,axis,1.0,0.004417494632216135,11 0 0 0 0,11,0.11,low_t1,fn,1,0,-0.009246158913309467,0.09851214962038034,0.009246158913309467,0.10775830853368981,0.11,0.13893473970777423,0.02893473970777423,0.0009906339438016311,0.004890727660661588,0.9879,0.9137956003405999,-0.07410439965940008,0.0009906339438016311,0.003392036975642424,-0.061016837700217666,-0.03842055018178518,0.022596287518432484,0.0009906339438016311,0.006930424365103813
RZDT2_VC,GPR-KG,vepm,1,1001,axis,1.0,0.004417494632216135,12 0 0 0 0,12,0.12,low_t1,fn,1,0,-0.008747623529056933,0.0937822396385082,0.008747623529056933,0.10252986316756513,0.12,0.14750504789829902,0.027505047898299023,0.0011257077574617607,0.004890727660661588,0.9856,0.9130733193181146,-0.07252668068188539,0.0011257077574617607,0.003392036975642424,-0.06393504287826272,-0.043150460163657325,0.0207845827146054,0.0011257077574617607,0.006930424365103813
RZDT2_VC,GPR-KG,vepm,1,1001,axis,1.0,0.004417494632216135,13 0 0 0 0,13,0.13,low_t1,fn,1,0,-0.00821456527114426,0.08917535287358531,0.00821456527114426,0.09738991814472958,0.13,0.15611670002585012,0.02611670002585012,0.0012796821090875375,0.004890727660661588,0.9831,0.9123146731060798,-0.07078532689392014,0.0012796821090875375,0.003392036975642424,-0.06705532965745045,-0.047757346928580205,0.019297982728870247,0.0012796821090875375,0.006930424365103813
RZDT2_VC,GPR-KG,vepm,1,1001,axis,1.0,0.004417494632216135,14 0 0 0 0,14,0.14,low_t1,fn,1,0,-0.007649087876984276,0.08469148932561171,0.007649087876984276,0.09234057720259599,0.14,0.1647696960904276,0.02476969609042759,0.001453805428527017,0.004890727660661588,0.9804,0.9115196617044955,-0.06888033829550455,0.001453805428527017,0.003392036975642424,-0.07036538369138683,-0.05224121047655381,0.01812417321483302,0.001453805428527017,0.006930424365103813
RZDT2_VC,GPR-KG,vepm,1,1001,axis,1.0,0.004417494632216135,15 0 0 0 0,15,0.15,low_t1,fn,1,0,-0.007053423027509678,0.08033064899458738,0.007053423027509678,0.08738407202209705,0.15,0.1734640360920314,0.023464036092031404,0.0016492319909840038,0.004890727660661588,0.9775,0.9106882851133616,-0.0668117148866384,0.0016492319909840038,0.003392036975642424,-0.0738521417090197,-0.056602050807578144,0.017250090901441556,0.0016492319909840038,0.006930424365103813
RZDT2_VC,GPR-KG,vepm,1,1001,axis,1.0,0.004417494632216135,16 0 0 0 0,16,0.16,low_t1,fn,1,0,-0.00642992153974796,0.07609283188051233,0.00642992153974796,0.08252275342026029,0.16,0.18219972003066154,0.022199720030661535,0.0018669883206906834,0.004890727660661588,0.9744,0.9098205433326783,-0.06457945666732179,0.0018669883206906834,0.003392036975642424,-0.07750184306940175,-0.06083986792165319,0.01666197514774856,0.0018669883206906834,0.006930424365103813
RZDT2_VC,GPR-KG,vepm,1,1001,axis,1.0,0.004417494632216135,17 0 0 0 0,17,0.17,low_t1,fn,1,0,-0.005781044089220588,0.07197803798338655,0.005781044089220588,0.07775908207260714,0.17,0.19097674790631802,0.02097674790631801,0.0021079407875642477,0.004890727660661588,0.9711,0.9089164363624452,-0.06218356363755473,0.0021079407875642477,0.003392036975642424,-0.08130008406865345,-0.06495466181877897,0.01634542224987448,0.0021079407875642477,0.006930424365103813
RZDT2_VC,GPR-KG,vepm,1,1001,axis,1.0,0.004417494632216135,18 0 0 0 0,18,0.18,low_t1,fn,1,0,-0.005109351498780876,0.06798626730321003,0.005109351498780876,0.0730956188019909,0.18,0.19979511971900085,0.01979511971900086,0.00237276497185863,0.004890727660661588,0.9676,0.9079759642026627,-0.05962403579733733,0.00237276497185863,0.003392036975642424,-0.08523187478480203,-0.06894643249895549,0.016285442285846538,0.00237276497185863,0.006930424365103813
RZDT2_VC,GPR-KG,vepm,1,1001,axis,1.0,0.004417494632216135,19 0 0 0 0,19,0.19,low_t1,fn,1,0,-0.004417494632216135,0.06411751983998279,0.004417494632216135,0.06853501447219892,0.19,0.20865483546871003,0.018654835468710024,0.0026619173469304897,0.004890727660661588,0.9639,0.9069991268533306,-0.05690087314666936,0.0026619173469304897,0.003392036975642424,-0.08928169823615514,-0.07281517996218273,0.016466518273972414,0.0026619173469304897,0.006930424365103813
RZDT2_VC,GPR-KG,vepm,1,1001,axis,1.0,0.004417494632216135,20 0 0 0 0,20,0.2,low_t1,fn,1,0,-0.0037082039324993626,0.06037179559370481,0.0037082039324993626,0.06407999952620418,0.2,0.21755589515544554,0.017555895155445533,0.002975609796406684,0.004890727660661588,0.96,0.905985924314449,-0.054014075685550944,0.002975609796406684,0.003392036975642424,-0.09343357161973867,-0.0765609042084607,0.016872667411277964,0.002975609796406684,0.006930424365103813
RZDT2_VC,GPR-KG,vepm,1,1001,axis,1.0,0.004417494632216135,21 0 0 0 0,21,0.21,low_t1,fn,1,0,-0.002984278645978264,0.056749094564376115,0.002984278645978264,0.05973337321035438,0.21,0.2264982987792074,0.016498298779207415,0.0033137874397911856,0.004890727660661588,0.9559,0.9049363565860179,-0.050963643413982074,0.0033137874397911856,0.003392036975642424,-0.09767110938811811,-0.0801836052377894,0.01748750415032871,0.0033137874397911856,0.006930424365103813
RZDT2_VC,GPR-KG,vepm,1,1001,axis,1.0,0.004417494632216135,22 0 0 0 0,22,0.22,low_t1,fn,1,0,-0.0022485757750286967,0.053249416751996695,0.0022485757750286967,0.05549799252702539,0.22,0.2354820463399956,0.015482046339995587,0.0036761101905396125,0.004890727660661588,0.9516,0.9038504236680371,-0.04774957633196286,0.0036761101905396125,0.003392036975642424,-0.10197758791566854,-0.08368328305016882,0.01829430486549971,0.0036761101905396125,0.006930424365103813
RZDT2_VC,GPR-KG,vepm,1,1001,axis,1.0,0.004417494632216135,23 0 0 0 0,23,0.23,low_t1,fn,1,0,-0.0015039988027716472,0.04987276215656655,0.0015039988027716472,0.0513767609593382,0.23,0.24450713783781014,0.01450713783781013,0.004061938413639081,0.004890727660661588,0.9471,0.9027281255605069,-0.0443718744394932,0.004061938413639081,0.003392036975642424,-0.1063360114990846,-0.08705993764559897,0.019276073853485634,0.004061938413639081,0.006930424365103813
RZDT2_VC,GPR-KG,vepm,1,1001,axis,1.0,0.004417494632216135,24 0 0 0 0,24,0.24,low_t1,fn,1,0,-0.0007534862343517579,0.04661913077808569,0.0007534862343517579,0.047372617012437446,0.24,0.25357357327265106,0.013573573272651074,0.004470322986651707,0.004890727660661588,0.9424,0.901569462263427,-0.04083053773657297,0.004470322986651707,0.003392036975642424,-0.11072917943165687,-0.09031356902407983,0.020415610407577042,0.004470322986651707,0.006930424365103813
RZDT2_VC,GPR-KG,vepm,1,1001,axis,1.0,0.004417494632216135,25 0 0 0 0,25,0.25,low_t1,fn,1,0,0.0,0.04348852261655409,0.0,0.04348852261655409,0.25,0.26268135264451825,0.012681352644518251,0.004900000000000001,0.004890727660661588,0.9375,0.9003744337767977,-0.03712556622320229,0.004900000000000001,0.003392036975642424,-0.11513975388660307,-0.09344417718561143,0.021695576700991634,0.004900000000000001,0.006930424365103813
RZDT2_VC,GPR-KG,vepm,1,1001,axis,1.0,0.004417494632216135,26 0 0 0 0,26,0.26,low_t1,tn,0,0,0.0007534862343517579,0.04048093767197172,0.0007534862343517579,0.039727451437619965,0.26,0.2718304759534118,0.011830475953411801,0.005349390260062097,0.004890727660661588,0.9324,0.8991430401006189,-0.033256959899381155,0.005349390260062097,0.003392036975642424,-0.11955032834154922,-0.0964517621301938,0.02309856621135542,0.005349390260062097,0.006930424365103813
RZDT2_VC,GPR-KG,vepm,1,1001,axis,1.0,0.004417494632216135,27 0 0 0 0,27,0.27,low_t1,tn,0,0,0.0015039988027716472,0.03759637594433868,0.0015039988027716472,0.03609237714156703,0.27,0.28102094319933174,0.011020943199331723,0.005816603683539342,0.004890727660661588,0.9271,0.8978752812348904,-0.02922471876510968,0.005816603683539342,0.003392036975642424,-0.1239434962741215,-0.09933632385782684,0.024607172416294662,0.005816603683539342,0.006930424365103813
RZDT2_VC,GPR-KG,vepm,1,1001,axis,1.0,0.004417494632216135,28 0 0 0 0,28,0.28,low_t1,tn,0,0,0.0022485757750287105,0.0348348374336549,0.0022485757750287105,0.03258626165862619,0.28,0.290252754382278,0.010252754382277962,0.006299448594739758,0.004890727660661588,0.9216,0.8965711571796124,-0.02502884282038753,0.006299448594739758,0.003392036975642424,-0.12830191985753753,-0.10209786236851062,0.026204057489026905,0.006299448594739758,0.006930424365103813
RZDT2_VC,GPR-KG,vepm,1,1001,axis,1.0,0.004417494632216135,29 0 0 0 0,29,0.29,low_t1,tn,0,0,0.00298427864597825,0.03219632213992038,0.00298427864597825,0.02921204349394213,0.29,0.29952590950225055,0.009525909502250574,0.006795445860099151,0.004890727660661588,0.9159,0.8952306679347849,-0.02066933206521515,0.006795445860099151,0.003392036975642424,-0.13260839838508798,-0.10473637766224514,0.02787202072284284,0.006795445860099151,0.006930424365103813
RZDT2_VC,GPR-KG,vepm,1,1001,axis,1.0,0.004417494632216135,30 0 0 0 0,30,0.3,low_t1,tn,0,0,0.0037082039324993765,0.029680830063135114,0.0037082039324993765,0.025972626130635737,0.3,0.30884040855924955,0.008840408559249557,0.007301847717655946,0.004890727660661588,0.91,0.8938538135004078,-0.016146186499592208,0.007301847717655946,0.003392036975642424,-0.1368459361534674,-0.1072518697390304,0.029594066414437,0.007301847717655946,0.006930424365103813
RZDT2_VC,GPR-KG,vepm,1,1001,axis,1.0,0.004417494632216135,31 0 0 0 0,31,0.31,low_t1,tn,0,0,0.004417494632216135,0.027288361203299152,0.004417494632216135,0.022870866571083018,0.31,0.3181962515532748,0.008196251553274803,0.007815661084515983,0.004890727660661588,0.9039,0.8924405938764811,-0.011459406123518923,0.007815661084515983,0.003392036975642424,-0.14099780953705096,-0.10964433859886637,0.031353470938184594,0.007815661084515983,0.006930424365103813
RZDT2_VC,GPR-KG,vepm,1,1001,axis,1.0,0.004417494632216135,32 0 0 0 0,32,0.32,low_t1,tn,0,0,0.005109351498780862,0.02501891556041247,0.005109351498780862,0.019909564061631607,0.32,0.3275934384843264,0.00759343848432642,0.008333675053769645,0.004890727660661588,0.8976,0.890991009063005,-0.006608990936994963,0.008333675053769645,0.003392036975642424,-0.1450476329884041,-0.11191378424175305,0.03313384874665104,0.008333675053769645,0.006930424365103813
RZDT2_VC,GPR-KG,vepm,1,1001,axis,1.0,0.004417494632216135,33 0 0 0 0,33,0.33,low_t1,tn,0,0,0.005781044089220588,0.02287249313447505,0.005781044089220588,0.01709144904525446,0.33,0.33703196935240437,0.007031969352404355,0.00885249222498826,0.004890727660661588,0.8911,0.8895050590599792,-0.0015949409400207726,0.00885249222498826,0.003392036975642424,-0.14897942370455264,-0.11406020666769047,0.03491921703686217,0.00885249222498826,0.006930424365103813
RZDT2_VC,GPR-KG,vepm,1,1001,axis,1.0,0.004417494632216135,34 0 0 0 0,34,0.34,mid_t1,tn,0,0,0.006429921539747974,0.02084909392548691,0.006429921539747974,0.014419172385738935,0.34,0.3465118441575087,0.006511844157508662,0.00936856345039664,0.004890727660661588,0.8844,0.887982743867404,0.0035827438674039813,0.00936856345039664,0.003392036975642424,-0.15277766470380438,-0.11608360587667861,0.03669405882712577,0.00936856345039664,0.006930424365103813
RZDT2_VC,GPR-KG,vepm,1,1001,axis,1.0,0.004417494632216135,35 0 0 0 0,35,0.35,mid_t1,tn,0,0,0.007053423027509664,0.018948717933448003,0.007053423027509664,0.011895294905938339,0.35,0.3560330628996393,0.006033062899639341,0.009878225523078626,0.004890727660661588,0.8775000000000001,0.8864240634852791,0.008924063485279077,0.009878225523078626,0.003392036975642424,-0.15642736606418642,-0.11798398186871752,0.0384433841954689,0.009878225523078626,0.006930424365103813
RZDT2_VC,GPR-KG,vepm,1,1001,axis,1.0,0.004417494632216135,36 0 0 0 0,36,0.36,mid_t1,tn,0,0,0.00764908787698429,0.017171365158358404,0.00764908787698429,0.009522277281374114,0.36,0.3655956255787963,0.005595625578796337,0.010377741285008674,0.004890727660661588,0.8704000000000001,0.8848290179136048,0.014429017913604736,0.010377741285008674,0.003392036975642424,-0.1599141240818193,-0.11976133464380712,0.040152789438012176,0.010377741285008674,0.006930424365103813
RZDT2_VC,GPR-KG,vepm,1,1001,axis,1.0,0.004417494632216135,37 0 0 0 0,37,0.37,mid_t1,tn,0,0,0.008214565271144253,0.015517035600218068,0.008214565271144253,0.007302470329073815,0.37,0.37519953219497965,0.00519953219497965,0.01086334159208918,0.004890727660661588,0.8631,0.8831976071523809,0.02009760715238096,0.01086334159208918,0.003392036975642424,-0.16322417811575568,-0.12141566420194745,0.04180851391380823,0.01086334159208918,0.006930424365103813
RZDT2_VC,GPR-KG,vepm,1,1001,axis,1.0,0.004417494632216135,38 0 0 0 0,38,0.38,mid_t1,tn,0,0,0.008747623529056947,0.013985729259027024,0.008747623529056947,0.005238105729970077,0.38,0.38484478274818934,0.004844782748189336,0.011331268541361518,0.004890727660661588,0.8556,0.8815298312016074,0.02592983120160741,0.011331268541361518,0.003392036975642424,-0.16634446489494334,-0.1229469705431385,0.043397494351804844,0.011331268541361518,0.006930424365103813
RZDT2_VC,GPR-KG,vepm,1,1001,axis,1.0,0.004417494632216135,39 0 0 0 0,39,0.39,mid_t1,tn,0,0,0.00924615891330946,0.012577446134785203,0.00924615891330946,0.0033312872214757427,0.39,0.39453137723842535,0.004531377238425338,0.01177781934266268,0.004890727660661588,0.8479,0.8798256900612844,0.03192569006128443,0.01177781934266268,0.003392036975642424,-0.16926267007298845,-0.12435525366738032,0.044907416405608136,0.01177781934266268,0.006930424365103813
RZDT2_VC,GPR-KG,vepm,1,1001,axis,1.0,0.004417494632216135,40 0 0 0 0,40,0.4,mid_t1,tn,0,0,0.009708203932499382,0.011292186227492701,0.009708203932499382,0.001583982294993319,0.4,0.4042593156656877,0.004259315665687657,0.012199390203593317,0.004890727660661588,0.84,0.8780851837314119,0.0380851837314119,0.012199390203593317,0.003392036975642424,-0.1719672768272542,-0.12564051357467282,0.04632676325258139,0.012199390203593317,0.006930424365103813
RZDT2_VC,GPR-KG,vepm,1,1001,axis,1.0,0.004417494632216135,41 0 0 0 0,41,0.41,mid_t1,tn,0,0,0.01013193510602417,0.01012994953714949,0.01013193510602417,-1.9855688746794886e-06,0.41,0.4140285980299764,0.004028598029976405,0.012592519592970444,0.004890727660661588,0.8319000000000001,0.8763083122119898,0.04440831221198971,0.012592519592970444,0.003392036975642424,-0.17444761131049896,-0.12680275026501603,0.047644861045482934,0.012592519592970444,0.006930424365103813
RZDT2_VC,GPR-KG,vepm,1,1001,axis,1.0,0.004417494632216135,42 0 0 0 0,42,0.42,mid_t1,tn,0,0,0.01051568016052637,0.009090736063755461,0.01051568016052637,-0.0014249440967709082,0.42,0.4238392243312914,0.003839224331291413,0.012953930254030792,0.004890727660661588,0.8236,0.8744950755030182,0.050895075503018194,0.012953930254030792,0.003392036975642424,-0.1766938847756743,-0.12784196373841006,0.04885192103726424,0.012953930254030792,0.006930424365103813
RZDT2_VC,GPR-KG,vepm,1,1001,axis,1.0,0.004417494632216135,43 0 0 0 0,43,0.43,mid_t1,tn,0,0,0.01085792462959223,0.008174545807310779,0.01085792462959223,-0.0026833788222814514,0.43,0.4336911945696328,0.003691194569632794,0.01328056935444799,0.004890727660661588,0.8151,0.872645473604497,0.05754547360449691,0.01328056935444799,0.003392036975642424,-0.1786972322076379,-0.12875815399485474,0.04993907821278315,0.01328056935444799,0.006930424365103813
RZDT2_VC,GPR-KG,vepm,1,1001,axis,1.0,0.004417494632216135,44 0 0 0 0,44,0.44,mid_t1,tn,0,0,0.011157317830659014,0.007381378767815333,0.011157317830659014,-0.0037759390628436806,0.44,0.44358450874500055,0.0035845087450005475,0.013569646185494524,0.004890727660661588,0.8064,0.8707595065164262,0.06435950651642619,0.013569646185494524,0.003392036975642424,-0.18044974730931826,-0.1295513210343502,0.05089842627496807,0.013569646185494524,0.006930424365103813
RZDT2_VC,GPR-KG,vepm,1,1001,axis,1.0,0.004417494632216135,45 0 0 0 0,45,0.45,mid_t1,tn,0,0,0.011412678195541842,0.006711234945269207,0.011412678195541842,-0.0047014432502726355,0.45,0.4535191668573946,0.0035191668573945623,0.01381866685703476,0.004890727660661588,0.7975,0.8688371742388059,0.07133717423880592,0.01381866685703476,0.003392036975642424,-0.18194451370425696,-0.1302214648568963,0.05172304884736065,0.01381866685703476,0.006930424365103813
RZDT2_VC,GPR-KG,vepm,1,1001,axis,1.0,0.004417494632216135,46 0 0 0 0,46,0.46,mid_t1,tn,0,0,0.011622997933543572,0.006164114339672316,0.011622997933543572,-0.0054588835938712554,0.46,0.463495168906815,0.003495168906815005,0.014025465477955251,0.004890727660661588,0.7884,0.8668784767716361,0.07847847677163611,0.014025465477955251,0.003392036975642424,-0.18317563223238706,-0.1307685854624932,0.052407046769893856,0.014025465477955251,0.006930424365103813
RZDT2_VC,GPR-KG,vepm,1,1001,axis,1.0,0.004417494632216135,47 0 0 0 0,47,0.47,mid_t1,tn,0,0,0.011787447008744262,0.005740016951024718,0.011787447008744262,-0.006047430057719544,0.47,0.47351251489326174,0.0035125148932617645,0.014188231362461133,0.004890727660661588,0.7791,0.8648834141149168,0.08578341411491675,0.014188231362461133,0.003392036975642424,-0.18413824423132247,-0.1311926828511408,0.052945561380181666,0.014188231362461133,0.006930424365103813
RZDT2_VC,GPR-KG,vepm,1,1001,axis,1.0,0.004417494632216135,48 0 0 0 0,48,0.48,mid_t1,tn,0,0,0.011905376415773744,0.005438942779326411,0.011905376415773744,-0.006466433636447333,0.48,0.48357120481673493,0.003571204816734952,0.014305531860612137,0.004890727660661588,0.7696000000000001,0.8628519862686478,0.09325198626864772,0.014305531860612137,0.003392036975642424,-0.1848285507112791,-0.1314937570228391,0.05333479368843999,0.014305531860612137,0.006930424365103813
RZDT2_VC,GPR-KG,vepm,1,1001,axis,1.0,0.004417494632216135,49 0 0 0 0,49,0.49,mid_t1,tn,0,0,0.011976320741139274,0.005260891824577341,0.011976320741139274,-0.006715428916561933,0.49,0.4936712386772344,0.0036712386772344008,0.014376330475641002,0.004890727660661588,0.7599,0.8607841932328294,0.10088419323282938,0.014376330475641002,0.003392036975642424,-0.18524382734795153,-0.13167180797758818,0.05357201937036335,0.014376330475641002,0.006930424365103813
RZDT2_VC,GPR-KG,vepm,1,1001,axis,1.0,0.004417494632216135,50 0 0 0 0,50,0.5,mid_t1,tn,0,0,0.01200000000000001,0.005205864086777562,0.01200000000000001,-0.006794135913222449,0.5,0.5038126164747602,0.0038126164747601665,0.0144,0.004890727660661588,0.75,0.8586800350074614,0.10868003500746137,0.0144,0.003392036975642424,-0.18538243523417663,-0.13172683571538796,0.05365559951878868,0.0144,0.006930424365103813
RZDT2_VC,GPR-KG,vepm,1,1001,axis,1.0,0.004417494632216135,51 0 0 0 0,51,0.51,mid_t1,fp,0,1,0.011976320741139274,-0.05231210272525813,0.011976320741139274,-0.0642884234663974,0.51,0.5139953382093123,0.003995338209312305,0.014376330475641002,0.0032837704709191055,0.7399,0.8565395115925438,0.11663951159254382,0.014376330475641002,0.0011570427525976344,-0.18524382734795153,-0.13165884023623853,0.053584987111713,0.014376330475641002,0.002327038859459544
RZDT2_VC,GPR-KG,vepm,1,1001,axis,1.0,0.004417494632216135,52 0 0 0 0,52,0.52,mid_t1,fp,0,1,0.011905376415773744,-0.05212108402915938,0.011905376415773744,-0.06402646044493313,0.52,0.5242194038808907,0.004219403880890704,0.014305531860612137,0.0032837704709191055,0.7296,0.8543626229880766,0.12476262298807661,0.014305531860612137,0.0011570427525976344,-0.1848285507112791,-0.13146782154013978,0.05336072917113932,0.014305531860612137,0.002327038859459544
RZDT2_VC,GPR-KG,vepm,1,1001,axis,1.0,0.004417494632216135,53 0 0 0 0,53,0.53,mid_t1,fp,0,1,0.011787447008744262,-0.05180704211611134,0.011787447008744262,-0.0635944891248556,0.53,0.5344848134894955,0.004484813489495476,0.014188231362461133,0.0032837704709191055,0.7191,0.85214936919406,0.13304936919406007,0.014188231362461133,0.0011570427525976344,-0.18413824423132247,-0.13115377962709174,0.05298446460423073,0.014188231362461133,0.002327038859459544
RZDT2_VC,GPR-KG,vepm,1,1001,axis,1.0,0.004417494632216135,54 0 0 0 0,54,0.54,mid_t1,fp,0,1,0.011622997933543572,-0.051369976986114035,0.011622997933543572,-0.06299297491965761,0.54,0.5447915670351267,0.00479156703512662,0.014025465477955242,0.0032837704709191055,0.7083999999999999,0.8498997502104938,0.14149975021049388,0.014025465477955242,0.0011570427525976344,-0.183175632232387,-0.13071671449709443,0.05245891773529257,0.014025465477955242,0.002327038859459544
RZDT2_VC,GPR-KG,vepm,1,1001,axis,1.0,0.004417494632216135,55 0 0 0 0,55,0.55,mid_t1,fp,0,1,0.011412678195541842,-0.050809888639167466,0.011412678195541842,-0.06222256683470931,0.55,0.5551396645177842,0.005139664517784137,0.013818666857034756,0.0032837704709191055,0.6975,0.847613766037378,0.15011376603737803,0.013818666857034756,0.0011570427525976344,-0.18194451370425696,-0.13015662615014786,0.0517878875541091,0.013818666857034756,0.002327038859459544
RZDT2_VC,GPR-KG,vepm,1,1001,axis,1.0,0.004417494632216135,56 0 0 0 0,56,0.56,mid_t1,fp,0,1,0.011157317830659014,-0.050126777075271606,0.011157317830659014,-0.06128409490593062,0.56,0.565529105937468,0.005529105937467915,0.013569646185494524,0.0032837704709191055,0.6863999999999999,0.8452914166747127,0.15889141667471285,0.013569646185494524,0.0011570427525976344,-0.18044974730931826,-0.129473514586252,0.050976232723066256,0.013569646185494524,0.002327038859459544
RZDT2_VC,GPR-KG,vepm,1,1001,axis,1.0,0.004417494632216135,57 0 0 0 0,57,0.57,mid_t1,fp,0,1,0.01085792462959223,-0.04932064229442648,0.01085792462959223,-0.06017856692401871,0.57,0.5759598912941781,0.005959891294178177,0.013280569354448001,0.0032837704709191055,0.6751,0.8429327021224979,0.1678327021224979,0.013280569354448001,0.0011570427525976344,-0.17869723220763795,-0.12866737980540688,0.05002985240223107,0.013280569354448001,0.002327038859459544
RZDT2_VC,GPR-KG,vepm,1,1001,axis,1.0,0.004417494632216135,58 0 0 0 0,58,0.58,mid_t1,fp,0,1,0.01051568016052637,-0.04839148429663209,0.01051568016052637,-0.05890716445715846,0.58,0.5864320205879147,0.0064320205879147,0.012953930254030797,0.0032837704709191055,0.6636,0.8405376223807336,0.17693762238073363,0.012953930254030797,0.0011570427525976344,-0.17669388477567435,-0.1277382218076125,0.048955662968061864,0.012953930254030797,0.002327038859459544
RZDT2_VC,GPR-KG,vepm,1,1001,axis,1.0,0.004417494632216135,59 0 0 0 0,59,0.59,mid_t1,fp,0,1,0.01013193510602417,-0.04733930308188841,0.01013193510602417,-0.05747123818791258,0.59,0.5969454938186776,0.006945493818677595,0.012592519592970447,0.0032837704709191055,0.6519,0.8381061774494196,0.18620617744941959,0.012592519592970447,0.0011570427525976344,-0.174447611310499,-0.1266860405928688,0.04776157071763018,0.012592519592970447,0.002327038859459544
RZDT2_VC,GPR-KG,vepm,1,1001,axis,1.0,0.004417494632216135,60 0 0 0 0,60,0.6,mid_t1,fp,0,1,0.009708203932499382,-0.04616409865019555,0.009708203932499382,-0.05587230258269493,0.6,0.6075003109864667,0.007500310986466752,0.012199390203593318,0.0032837704709191055,0.64,0.8356383673285561,0.1956383673285561,0.012199390203593318,0.0011570427525976344,-0.17196727682725424,-0.12551083616117595,0.04645644066607829,0.012199390203593318,0.002327038859459544
RZDT2_VC,GPR-KG,vepm,1,1001,axis,1.0,0.004417494632216135,61 0 0 0 0,61,0.61,mid_t1,fp,0,1,0.00924615891330946,-0.04486587100155334,0.00924615891330946,-0.0541120299148628,0.61,0.6180964720912823,0.00809647209128228,0.01177781934266268,0.0032837704709191055,0.6279,0.8331341920181431,0.20523419201814308,0.01177781934266268,0.0011570427525976344,-0.16926267007298845,-0.12421260851253374,0.04505006156045471,0.01177781934266268,0.002327038859459544
RZDT2_VC,GPR-KG,vepm,1,1001,axis,1.0,0.004417494632216135,62 0 0 0 0,62,0.62,mid_t1,fp,0,1,0.008747623529056947,-0.04344462013596187,0.008747623529056947,-0.05219224366501882,0.62,0.6287339771331242,0.008733977133124182,0.011331268541361527,0.0032837704709191055,0.6155999999999999,0.8305936515181805,0.21499365151818062,0.011331268541361527,0.0011570427525976344,-0.1663444648949434,-0.12279135764694227,0.04355310724800113,0.011331268541361527,0.002327038859459544
RZDT2_VC,GPR-KG,vepm,1,1001,axis,1.0,0.004417494632216135,63 0 0 0 0,63,0.63,mid_t1,fp,0,1,0.00821456527114428,-0.041900346053421106,0.00821456527114428,-0.05011491132456539,0.63,0.6394128261119923,0.009412826111992345,0.010863341592089185,0.0032837704709191055,0.6031,0.8280167458286685,0.2249167458286685,0.010863341592089185,0.0011570427525976344,-0.16322417811575568,-0.1212470835644015,0.04197709455135418,0.010863341592089185,0.002327038859459544
RZDT2_VC,GPR-KG,vepm,1,1001,axis,1.0,0.004417494632216135,64 0 0 0 0,64,0.64,mid_t1,fp,0,1,0.007649087876984262,-0.04023304875393105,0.007649087876984262,-0.04788213663091531,0.64,0.650133019027887,0.010133019027886991,0.01037774128500867,0.0032837704709191055,0.5904,0.8254034749496068,0.23500347494960672,0.01037774128500867,0.0011570427525976344,-0.1599141240818193,-0.11957978626491145,0.040334337816907845,0.01037774128500867,0.002327038859459544
RZDT2_VC,GPR-KG,vepm,1,1001,axis,1.0,0.004417494632216135,65 0 0 0 0,65,0.65,mid_t1,fp,0,1,0.007053423027509692,-0.03844272823749176,0.007053423027509692,-0.04549615126500145,0.65,0.6608945558808079,0.010894555880807899,0.009878225523078628,0.0032837704709191055,0.5774999999999999,0.8227538388809955,0.2452538388809956,0.009878225523078628,0.0011570427525976344,-0.1564273660641864,-0.11778946574847216,0.038637900315714235,0.009878225523078628,0.002327038859459544
RZDT2_VC,GPR-KG,vepm,1,1001,axis,1.0,0.004417494632216135,66 0 0 0 0,66,0.66,mid_t1,fp,0,1,0.006429921539747946,-0.036529384504103174,0.006429921539747946,-0.04295930604385112,0.66,0.6716974366707551,0.011697436670755068,0.009368563450396631,0.0032837704709191055,0.5644,0.8200678376228349,0.25566783762283485,0.009368563450396631,0.0011570427525976344,-0.15277766470380436,-0.11587612201508357,0.036901542688720784,0.009368563450396631,0.002327038859459544
RZDT2_VC,GPR-KG,vepm,1,1001,axis,1.0,0.004417494632216135,67 0 0 0 0,67,0.67,high_t1,fp,0,1,0.005781044089220588,-0.0344930175537653,0.005781044089220588,-0.04027406164298589,0.67,0.6825416613977289,0.012541661397728832,0.00885249222498826,0.0032837704709191055,0.5510999999999999,0.8173454711751245,0.26624547117512454,0.00885249222498826,0.0011570427525976344,-0.14897942370455264,-0.1138397550647457,0.03513966863980694,0.00885249222498826,0.002327038859459544
RZDT2_VC,GPR-KG,vepm,1,1001,axis,1.0,0.004417494632216135,68 0 0 0 0,68,0.68,high_t1,fp,0,1,0.005109351498780862,-0.032333627386478186,0.005109351498780862,-0.03744297888525905,0.68,0.6934272300617287,0.013427230061728634,0.008333675053769642,0.0032837704709191055,0.5375999999999999,0.8145867395378645,0.2769867395378647,0.008333675053769642,0.0011570427525976344,-0.14504763298840406,-0.11168036489745858,0.03336726809094548,0.008333675053769642,0.002327038859459544
RZDT2_VC,GPR-KG,vepm,1,1001,axis,1.0,0.004417494632216135,69 0 0 0 0,69,0.69,high_t1,fp,0,1,0.004417494632216135,-0.03005121400224184,0.004417494632216135,-0.03446870863445797,0.69,0.7043541426627551,0.014354142662755143,0.007815661084515988,0.0032837704709191055,0.5239,0.8117916427110552,0.28789164271105516,0.007815661084515988,0.0011570427525976344,-0.14099780953705102,-0.10939795151322224,0.03159985802382878,0.007815661084515988,0.002327038859459544
RZDT2_VC,GPR-KG,vepm,1,1001,axis,1.0,0.004417494632216135,70 0 0 0 0,70,0.7,high_t1,fp,0,1,0.0037082039324993765,-0.0276457774010562,0.0037082039324993765,-0.031353981333555575,0.7,0.7153223992008075,0.01532239920080758,0.007301847717655946,0.0032837704709191055,0.51,0.8089601806946962,0.2989601806946962,0.007301847717655946,0.0011570427525976344,-0.1368459361534674,-0.1069925149120366,0.02985342124143081,0.007301847717655946,0.002327038859459544
RZDT2_VC,GPR-KG,vepm,1,1001,axis,1.0,0.004417494632216135,71 0 0 0 0,71,0.71,high_t1,tn,0,0,0.00298427864597825,0.00828168201290945,0.00298427864597825,0.0052974033669312,0.71,0.7263319996758866,0.01633199967588661,0.006795445860099158,0.0041438337267652335,0.4959,0.8060923534887877,0.3101923534887877,0.006795445860099158,0.001267507319375255,-0.13260839838508803,-0.10446405509390166,0.02814434329118637,0.006795445860099158,0.00469835412050635
RZDT2_VC,GPR-KG,vepm,1,1001,axis,1.0,0.004417494632216135,72 0 0 0 0,72,0.72,high_t1,tn,0,0,0.0022485757750286828,0.010933165047993673,0.0022485757750286828,0.00868458927296499,0.72,0.7373829440879919,0.017382944087991903,0.006299448594739758,0.0041438337267652335,0.48160000000000003,0.8031881610933297,0.32158816109332966,0.006299448594739758,0.001267507319375255,-0.12830191985753756,-0.10181257205881744,0.026489347798720114,0.006299448594739758,0.00469835412050635
RZDT2_VC,GPR-KG,vepm,1,1001,axis,1.0,0.004417494632216135,73 0 0 0 0,73,0.73,high_t1,tn,0,0,0.001503998802771661,0.013707671300027133,0.001503998802771661,0.012203672497255472,0.73,0.7484752324371235,0.018475232437123568,0.005816603683539342,0.0041438337267652335,0.46710000000000007,0.8002476035083221,0.33314760350832207,0.005816603683539342,0.001267507319375255,-0.12394349627412149,-0.09903806580678398,0.024905430467337508,0.005816603683539342,0.00469835412050635
RZDT2_VC,GPR-KG,vepm,1,1001,axis,1.0,0.004417494632216135,74 0 0 0 0,74,0.74,high_t1,tn,0,0,0.0007534862343517579,0.016605200769009884,0.0007534862343517579,0.015851714534658126,0.74,0.7596088647232815,0.019608864723281494,0.005349390260062094,0.0041438337267652335,0.4524,0.797270680733765,0.3448706807337649,0.005349390260062094,0.001267507319375255,-0.11955032834154919,-0.09614053633780123,0.02340979200374796,0.005349390260062094,0.00469835412050635
RZDT2_VC,GPR-KG,vepm,1,1001,axis,1.0,0.004417494632216135,75 0 0 0 0,75,0.75,high_t1,fn,1,0,0.0,0.019625753454941927,0.0,0.019625753454941927,0.75,0.7707838409464659,0.020783840946465904,0.004900000000000001,0.0041438337267652335,0.4375,0.7942573927696583,0.35675739276965834,0.004900000000000001,0.001267507319375255,-0.11513975388660307,-0.09311998365186919,0.02201977023473388,0.004900000000000001,0.00469835412050635
RZDT2_VC,GPR-KG,vepm,1,1001,axis,1.0,0.004417494632216135,76 0 0 0 0,76,0.76,high_t1,fn,1,0,-0.0007534862343517579,0.022769329357823262,0.0007534862343517579,0.02352281559217502,0.76,0.7820001611066765,0.022000161106676464,0.004470322986651712,0.0041438337267652335,0.4224,0.7912077396160021,0.3688077396160021,0.004470322986651712,0.001267507319375255,-0.11072917943165694,-0.08997640774898785,0.02075277168266909,0.004470322986651712,0.00469835412050635
RZDT2_VC,GPR-KG,vepm,1,1001,axis,1.0,0.004417494632216135,77 0 0 0 0,77,0.77,high_t1,fn,1,0,-0.0015039988027716472,0.026035928477653833,0.0015039988027716472,0.02753992728042548,0.77,0.7932578252039136,0.023257825203913618,0.004061938413639081,0.0041438337267652335,0.4071,0.7881217212727963,0.3810217212727963,0.004061938413639081,0.001267507319375255,-0.1063360114990846,-0.08670980862915728,0.01962620286992732,0.004061938413639081,0.00469835412050635
RZDT2_VC,GPR-KG,vepm,1,1001,axis,1.0,0.004417494632216135,78 0 0 0 0,78,0.78,high_t1,fn,1,0,-0.0022485757750286967,0.029425550814433585,0.0022485757750286967,0.03167412658946228,0.78,0.804556833238177,0.024556833238176923,0.003676110190539616,0.0041438337267652335,0.39159999999999995,0.784999337740041,0.3933993377400411,0.003676110190539616,0.001267507319375255,-0.10197758791566859,-0.08332018629237753,0.01865740162329106,0.003676110190539616,0.00469835412050635
RZDT2_VC,GPR-KG,vepm,1,1001,axis,1.0,0.004417494632216135,79 0 0 0 0,79,0.79,high_t1,fn,1,0,-0.002984278645978264,0.03293819636816274,0.002984278645978264,0.035922475014141,0.79,0.8158971852094666,0.0258971852094666,0.0033137874397911856,0.0041438337267652335,0.3758999999999999,0.7818405890177361,0.4059405890177362,0.0033137874397911856,0.001267507319375255,-0.09767110938811811,-0.07980754073864837,0.017863568649469738,0.0033137874397911856,0.00469835412050635
RZDT2_VC,GPR-KG,vepm,1,1001,axis,1.0,0.004417494632216135,80 0 0 0 0,80,0.8,high_t1,fn,1,0,-0.0037082039324993626,0.03657386513884113,0.0037082039324993626,0.04028206907134049,0.8,0.8272788811177827,0.02727888111778265,0.0029756097964066855,0.0041438337267652335,0.3599999999999999,0.7786454751058818,0.4186454751058819,0.0029756097964066855,0.001267507319375255,-0.0934335716197387,-0.07617187196796998,0.017261699651768714,0.0029756097964066855,0.00469835412050635
RZDT2_VC,GPR-KG,vepm,1,1001,axis,1.0,0.004417494632216135,81 0 0 0 0,81,0.81,high_t1,fn,1,0,-0.004417494632216135,0.04033255712646876,0.004417494632216135,0.04475005175868489,0.81,0.8387019209631251,0.02870192096312507,0.0026619173469304876,0.0041438337267652335,0.3438999999999999,0.7754139960044778,0.43151399600447793,0.0026619173469304876,0.001267507319375255,-0.08928169823615512,-0.07241317998034236,0.01686851825581276,0.0026619173469304876,0.00469835412050635
RZDT2_VC,GPR-KG,vepm,1,1001,axis,1.0,0.004417494632216135,82 0 0 0 0,82,0.82,high_t1,fn,1,0,-0.005109351498780862,0.04421427233104579,0.005109351498780862,0.04932362382982665,0.82,0.8501663047454937,0.030166304745493755,0.0023727649718586334,0.0041438337267652335,0.3276000000000001,0.7721461517135243,0.4445461517135242,0.0023727649718586334,0.001267507319375255,-0.08523187478480208,-0.06853146477576533,0.016700410009036756,0.0023727649718586334,0.00469835412050635
RZDT2_VC,GPR-KG,vepm,1,1001,axis,1.0,0.004417494632216135,83 0 0 0 0,83,0.83,high_t1,fn,1,0,-0.0057810440892205744,0.048219010752571886,0.0057810440892205744,0.05400005484179246,0.83,0.8616720324648889,0.03167203246488892,0.002107940787564248,0.0041438337267652335,0.31110000000000004,0.7688419422330213,0.4577419422330212,0.002107940787564248,0.001267507319375255,-0.08130008406865345,-0.06452672635423923,0.016773357714414225,0.002107940787564248,0.00469835412050635
RZDT2_VC,GPR-KG,vepm,1,1001,axis,1.0,0.004417494632216135,84 0 0 0 0,84,0.84,high_t1,fn,1,0,-0.006429921539747946,0.05234677239104733,0.006429921539747946,0.05877669393079528,0.84,0.8732191041213102,0.03321910412131024,0.0018669883206906854,0.0041438337267652335,0.2944000000000001,0.7655013675629686,0.4711013675629685,0.0018669883206906854,0.001267507319375255,-0.07750184306940178,-0.06039896471576378,0.017102878353637996,0.0018669883206906854,0.00469835412050635
RZDT2_VC,GPR-KG,vepm,1,1001,axis,1.0,0.004417494632216135,85 0 0 0 0,85,0.85,high_t1,fn,1,0,-0.007053423027509678,0.05659755724647213,0.007053423027509678,0.0636509802739818,0.85,0.884807519714758,0.03480751971475804,0.0016492319909840044,0.0041438337267652335,0.2775000000000001,0.7621244277033665,0.48462442770336644,0.0016492319909840044,0.001267507319375255,-0.07385214170901971,-0.05614817986033899,0.017703961848680727,0.0016492319909840044,0.00469835412050635
RZDT2_VC,GPR-KG,vepm,1,1001,axis,1.0,0.004417494632216135,86 0 0 0 0,86,0.86,high_t1,fn,1,0,-0.007649087876984276,0.06097136531884616,0.007649087876984276,0.06862045319583043,0.86,0.8964372792452321,0.0364372792452321,0.001453805428527018,0.0041438337267652335,0.2604000000000001,0.7587111226542148,0.49831112265421473,0.001453805428527018,0.001267507319375255,-0.07036538369138685,-0.05177437178796496,0.018591011903421897,0.001453805428527018,0.00469835412050635
RZDT2_VC,GPR-KG,vepm,1,1001,axis,1.0,0.004417494632216135,87 0 0 0 0,87,0.87,high_t1,fn,1,0,-0.00821456527114426,0.06546819660816942,0.00821456527114426,0.07368276187931369,0.87,0.9081083827127326,0.03810838271273265,0.0012796821090875375,0.0041438337267652335,0.24309999999999998,0.7552614524155136,0.5121614524155136,0.0012796821090875375,0.001267507319375255,-0.06705532965745045,-0.04727754049864169,0.019777789158808762,0.0012796821090875375,0.00469835412050635
RZDT2_VC,GPR-KG,vepm,1,1001,axis,1.0,0.004417494632216135,88 0 0 0 0,88,0.88,high_t1,fn,1,0,-0.00874762352905694,0.07008805111444198,0.00874762352905694,0.07883567464349892,0.88,0.9198208301172593,0.03982083011725934,0.0011257077574617622,0.0041438337267652335,0.22560000000000002,0.7517754169872628,0.5261754169872628,0.0011257077574617622,0.001267507319375255,-0.06393504287826277,-0.04265768599236913,0.021277356885893633,0.0011257077574617622,0.00469835412050635
RZDT2_VC,GPR-KG,vepm,1,1001,axis,1.0,0.004417494632216135,89 0 0 0 0,89,0.89,high_t1,fn,1,0,-0.009246158913309474,0.07483092883766383,0.009246158913309474,0.0840770877509733,0.89,0.9315746214588125,0.04157462145881252,0.0009906339438016307,0.0041438337267652335,0.20789999999999997,0.7482530163694625,0.5403530163694625,0.0009906339438016307,0.001267507319375255,-0.06101683770021766,-0.03791480826914728,0.023102029431070377,0.0009906339438016307,0.00469835412050635
RZDT2_VC,GPR-KG,vepm,1,1001,axis,1.0,0.004417494632216135,90 0 0 0 0,90,0.9,high_t1,fn,1,0,-0.009708203932499368,0.07969682977783497,0.009708203932499368,0.08940503371033434,0.9,0.943369756737392,0.04336975673739196,0.0008731522823440527,0.0041438337267652335,0.18999999999999995,0.7446942505621126,0.5546942505621126,0.0008731522823440527,0.001267507319375255,-0.05831223094595188,-0.03304890732897614,0.02526332361697574,0.0008731522823440527,0.00469835412050635
RZDT2_VC,GPR-KG,vepm,1,1001,axis,1.0,0.004417494632216135,91 0 0 0 0,91,0.91,high_t1,fn,1,0,-0.010131935106024184,0.08468575393495535,0.010131935106024184,0.09481768904097954,0.91,0.9552062359529978,0.045206235952997775,0.0007719286359422346,0.0041438337267652335,0.17189999999999994,0.7410991195652132,0.5691991195652133,0.0007719286359422346,0.001267507319375255,-0.05583189646270712,-0.028059983171855762,0.02777191329085136,0.0007719286359422346,0.00469835412050635
RZDT2_VC,GPR-KG,vepm,1,1001,axis,1.0,0.004417494632216135,92 0 0 0 0,92,0.92,high_t1,fn,1,0,-0.010515680160526363,0.08979770130902497,0.010515680160526363,0.10031338146955132,0.92,0.9670840591056299,0.04708405910562985,0.0006856367334167007,0.0041438337267652335,0.15359999999999996,0.7374676233787643,0.5838676233787643,0.0006856367334167007,0.001267507319375255,-0.05358562299753181,-0.022948035797786148,0.03063758719974566,0.0006856367334167007,0.00469835412050635
RZDT2_VC,GPR-KG,vepm,1,1001,axis,1.0,0.004417494632216135,93 0 0 0 0,93,0.93,high_t1,fn,1,0,-0.010857924629592237,0.09503267190004393,0.010857924629592237,0.10589059652963617,0.93,0.9790032261952885,0.04900322619528841,0.000612990619923725,0.0041438337267652335,0.1350999999999999,0.7337997620027658,0.5986997620027659,0.000612990619923725,0.001267507319375255,-0.051582275565568166,-0.017713065206767187,0.03386921035880098,0.000612990619923725,0.00469835412050635
RZDT2_VC,GPR-KG,vepm,1,1001,axis,1.0,0.004417494632216135,94 0 0 0 0,94,0.94,high_t1,fn,1,0,-0.011157317830659014,0.10039066570801213,0.011157317830659014,0.11154798353867114,0.94,0.9909637372219733,0.05096373722197334,0.0005527753830590053,0.0041438337267652335,0.11640000000000006,0.7300955354372177,0.6136955354372177,0.0005527753830590053,0.001267507319375255,-0.04982976046388786,-0.012355071398798989,0.03747468906508887,0.0005527753830590053,0.00469835412050635
RZDT2_VC,GPR-KG,vepm,1,1001,axis,1.0,0.004417494632216135,95 0 0 0 0,95,0.95,high_t1,fn,1,0,-0.011412678195541842,0.10587168273292967,0.011412678195541842,0.11728436092847151,0.95,1.0029655921856844,0.05296559218568442,0.0005038756289026096,0.0041438337267652335,0.09750000000000003,0.7263549436821201,0.62885494368212,0.0005038756289026096,0.001267507319375255,-0.048334994068949144,-0.006874054373881444,0.0414609396950677,0.0005038756289026096,0.00469835412050635
RZDT2_VC,GPR-KG,vepm,1,1001,axis,1.0,0.004417494632216135,96 0 0 0 0,96,0.96,high_t1,fn,1,0,-0.011622997933543572,0.11147572297479645,0.011622997933543572,0.12309872090834002,0.96,1.015008791086422,0.05500879108642209,0.0004653012221544119,0.0041438337267652335,0.07840000000000003,0.7225779867374729,0.6441779867374728,0.0004653012221544119,0.001267507319375255,-0.04710387554081908,-0.001270014132014663,0.04583386140880442,0.0004653012221544119,0.00469835412050635
RZDT2_VC,GPR-KG,vepm,1,1001,axis,1.0,0.004417494632216135,97 0 0 0 0,97,0.97,high_t1,fn,1,0,-0.011787447008744269,0.11720278643361247,0.011787447008744269,0.12899023344235674,0.97,1.027093333924186,0.05709333392418592,0.0004362098522594935,0.0041438337267652335,0.05910000000000004,0.7187646646032761,0.6596646646032761,0.0004362098522594935,0.001267507319375255,-0.04614126354188364,0.0044570493268013545,0.05059831286868499,0.0004362098522594935,0.00469835412050635
RZDT2_VC,GPR-KG,vepm,1,1001,axis,1.0,0.004417494632216135,98 0 0 0 0,98,0.98,high_t1,fn,1,0,-0.01190537641577373,0.12305287310937772,0.01190537641577373,0.13495824952515145,0.98,1.039219220698976,0.059219220698976116,0.00041592604220944417,0.0041438337267652335,0.03960000000000008,0.7149149772795299,0.6753149772795298,0.00041592604220944417,0.001267507319375255,-0.04545095706192702,0.010307136002566608,0.05575809306449363,0.00041592604220944417,0.00469835412050635
RZDT2_VC,GPR-KG,vepm,1,1001,axis,1.0,0.004417494632216135,99 0 0 0 0,99,0.99,high_t1,fn,1,0,-0.01197632074113926,0.12902598300209234,0.01197632074113926,0.14100230374323158,0.99,1.0513864514107927,0.061386451410792686,0.0004039562776451963,0.0041438337267652335,0.01990000000000003,0.7110289247662341,0.6911289247662341,0.0004039562776451963,0.001267507319375255,-0.04503568042525459,0.01628024589528121,0.0613159263205358,0.0004039562776451963,0.00469835412050635
RZDT2_VC,GPR-KG,vepm,1,1001,axis,1.0,0.004417494632216135,100 0 0 0 0,100,1.0,high_t1,fn,1,0,-0.011999999999999997,0.13512211611175617,0.011999999999999997,0.14712211611175618,1.0,1.0635950260596356,0.06359502605963563,0.0004,0.0041438337267652335,0.0,0.7071065070633888,0.7071065070633888,0.0004,0.001267507319375255,-0.04489707253902944,0.022376379004945046,0.06727345154397449,0.0004,0.00469835412050635
RZDT2_VC,GPR-KG,vepm,2,1002,axis,1.0,0.004417494632216135,0 0 0 0 0,0,0.0,low_t1,fn,1,0,-0.011999999999999997,0.17806279255262938,0.011999999999999997,0.19006279255262937,0.0,0.10691641019056648,0.10691641019056648,0.0004,0.0057383839785078465,1.0,0.7636540783475493,-0.23634592165245072,0.0004,0.005852469335504096,-0.04489707253902944,0.08125846497781657,0.126155537516846,0.0004,0.003463658224755753
RZDT2_VC,GPR-KG,vepm,2,1002,axis,1.0,0.004417494632216135,1 0 0 0 0,1,0.01,low_t1,fn,1,0,-0.01197632074113926,0.17011503543514808,0.01197632074113926,0.18209135617628736,0.01,0.11550000726730247,0.10550000726730248,0.0004039562776451963,0.0057383839785078465,0.9999,0.7661439192211191,-0.23375608077888088,0.0004039562776451963,0.005852469335504096,-0.04503568042525459,0.07331070786033526,0.11834638828558985,0.0004039562776451963,0.003463658224755753
RZDT2_VC,GPR-KG,vepm,2,1002,axis,1.0,0.004417494632216135,2 0 0 0 0,2,0.02,low_t1,fn,1,0,-0.011905376415773737,0.16232096099756574,0.011905376415773737,0.17422633741333948,0.02,0.12409452936910688,0.10409452936910688,0.00041592604220944417,0.0057383839785078465,0.9996,0.7685030828199723,-0.23109691718002778,0.00041592604220944417,0.005852469335504096,-0.045450957061927026,0.06551663342275292,0.11096759048467994,0.00041592604220944417,0.003463658224755753
RZDT2_VC,GPR-KG,vepm,2,1002,axis,1.0,0.004417494632216135,3 0 0 0 0,3,0.03,low_t1,fn,1,0,-0.011787447008744269,0.15468056923988233,0.011787447008744269,0.1664680162486266,0.03,0.1326999764959797,0.1026999764959797,0.0004362098522594935,0.0057383839785078465,0.9991,0.7707315691441088,-0.2283684308558912,0.0004362098522594935,0.005852469335504096,-0.04614126354188364,0.0578762416650695,0.10401750520695313,0.0004362098522594935,0.003463658224755753
RZDT2_VC,GPR-KG,vepm,2,1002,axis,1.0,0.004417494632216135,4 0 0 0 0,4,0.04,low_t1,fn,1,0,-0.011622997933543572,0.14719386016209784,0.011622997933543572,0.15881685809564142,0.04,0.14131634864792092,0.10131634864792091,0.0004653012221544117,0.0057383839785078465,0.9984,0.7728293781935285,-0.22557062180647147,0.0004653012221544117,0.005852469335504096,-0.04710387554081907,0.050389532587285034,0.09749340812810411,0.0004653012221544117,0.003463658224755753
RZDT2_VC,GPR-KG,vepm,2,1002,axis,1.0,0.004417494632216135,5 0 0 0 0,5,0.05,low_t1,fn,1,0,-0.011412678195541842,0.13986083376421232,0.011412678195541842,0.15127351195975416,0.05,0.14994364582493053,0.09994364582493052,0.0005038756289026093,0.0057383839785078465,0.9975,0.7747965099682316,-0.22270349003176848,0.0005038756289026093,0.005852469335504096,-0.04833499406894913,0.0430565061893995,0.09139150025834863,0.0005038756289026093,0.003463658224755753
RZDT2_VC,GPR-KG,vepm,2,1002,axis,1.0,0.004417494632216135,6 0 0 0 0,6,0.06,low_t1,fn,1,0,-0.011157317830659014,0.13268149004622573,0.011157317830659014,0.14383880787688474,0.06,0.15858186802700858,0.09858186802700858,0.0005527753830590045,0.0057383839785078465,0.9964,0.7766329644682181,-0.2197670355317819,0.0005527753830590045,0.005852469335504096,-0.04982976046388783,0.03587716247141291,0.08570692293530074,0.0005527753830590045,0.003463658224755753
RZDT2_VC,GPR-KG,vepm,2,1002,axis,1.0,0.004417494632216135,7 0 0 0 0,7,0.07,low_t1,fn,1,0,-0.010857924629592237,0.1256558290081381,0.010857924629592237,0.13651375363773033,0.07,0.167231015254155,0.097231015254155,0.0006129906199237256,0.0057383839785078465,0.9951,0.7783387416934877,-0.21676125830651227,0.0006129906199237256,0.005852469335504096,-0.051582275565568186,0.028851501433325266,0.08043377699889345,0.0006129906199237256,0.003463658224755753
RZDT2_VC,GPR-KG,vepm,2,1002,axis,1.0,0.004417494632216135,8 0 0 0 0,8,0.08,low_t1,fn,1,0,-0.010515680160526363,0.11878385064994938,0.010515680160526363,0.12929953081047574,0.08,0.17589108750636986,0.09589108750636986,0.0006856367334167007,0.0057383839785078465,0.9936,0.7799138416440409,-0.21368615835595917,0.0006856367334167007,0.005852469335504096,-0.05358562299753181,0.021979523075136564,0.07556514607266837,0.0006856367334167007,0.003463658224755753
RZDT2_VC,GPR-KG,vepm,2,1002,axis,1.0,0.004417494632216135,9 0 0 0 0,9,0.09,low_t1,fn,1,0,-0.010131935106024177,0.11206555497165963,0.010131935106024177,0.1221974900776838,0.09,0.1845620847836531,0.0945620847836531,0.0007719286359422355,0.0057383839785078465,0.9919,0.7813582643198772,-0.2105417356801228,0.0007719286359422355,0.005852469335504096,-0.05583189646270714,0.015261227396846808,0.07109312385955395,0.0007719286359422355,0.003463658224755753
RZDT2_VC,GPR-KG,vepm,2,1002,axis,1.0,0.004417494632216135,10 0 0 0 0,10,0.1,low_t1,fn,1,0,-0.009708203932499368,0.10550094197326881,0.009708203932499368,0.11520914590576818,0.1,0.19324400708600478,0.09324400708600478,0.0008731522823440523,0.0057383839785078465,0.99,0.7826720097209969,-0.20732799027900306,0.0008731522823440523,0.005852469335504096,-0.05831223094595187,0.008696614398455996,0.06700884534440787,0.0008731522823440523,0.003463658224755753
RZDT2_VC,GPR-KG,vepm,2,1002,axis,1.0,0.004417494632216135,11 0 0 0 0,11,0.11,low_t1,fn,1,0,-0.009246158913309467,0.09909001165477695,0.009246158913309467,0.10833617056808642,0.11,0.20193685441342485,0.09193685441342485,0.0009906339438016311,0.0057383839785078465,0.9879,0.7838550778474,-0.20404492215259995,0.0009906339438016311,0.005852469335504096,-0.061016837700217666,0.0022856840799641287,0.0633025217801818,0.0009906339438016311,0.003463658224755753
RZDT2_VC,GPR-KG,vepm,2,1002,axis,1.0,0.004417494632216135,12 0 0 0 0,12,0.12,low_t1,fn,1,0,-0.008747623529056933,0.092832764016184,0.008747623529056933,0.10158038754524093,0.12,0.21064062676591333,0.09064062676591333,0.0011257077574617607,0.0057383839785078465,0.9856,0.7849074686990863,-0.2006925313009137,0.0011257077574617607,0.005852469335504096,-0.06393504287826272,-0.003971563558628821,0.0599634793196339,0.0011257077574617607,0.003463658224755753
RZDT2_VC,GPR-KG,vepm,2,1002,axis,1.0,0.004417494632216135,13 0 0 0 0,13,0.13,low_t1,fn,1,0,-0.00821456527114426,0.08672919905749002,0.00821456527114426,0.09494376432863427,0.13,0.2193553241434702,0.0893553241434702,0.0012796821090875375,0.0057383839785078465,0.9831,0.785829182276056,-0.19727081772394395,0.0012796821090875375,0.005852469335504096,-0.06705532965745045,-0.010075128517322798,0.056980201140127654,0.0012796821090875375,0.003463658224755753
RZDT2_VC,GPR-KG,vepm,2,1002,axis,1.0,0.004417494632216135,14 0 0 0 0,14,0.14,low_t1,fn,1,0,-0.007649087876984276,0.08077931677869497,0.007649087876984276,0.08842840465567925,0.14,0.2280809465460955,0.0880809465460955,0.001453805428527017,0.0057383839785078465,0.9804,0.786620218578309,-0.19377978142169106,0.001453805428527017,0.005852469335504096,-0.07036538369138683,-0.016025010796117845,0.05434037289526898,0.001453805428527017,0.003463658224755753
RZDT2_VC,GPR-KG,vepm,2,1002,axis,1.0,0.004417494632216135,15 0 0 0 0,15,0.15,low_t1,fn,1,0,-0.007053423027509678,0.07498311717979886,0.007053423027509678,0.08203654020730854,0.15,0.23681749397378923,0.08681749397378924,0.0016492319909840038,0.0057383839785078465,0.9775,0.7872805776058454,-0.19021942239415468,0.0016492319909840038,0.005852469335504096,-0.0738521417090197,-0.02182121039501396,0.05203093131400574,0.0016492319909840038,0.003463658224755753
RZDT2_VC,GPR-KG,vepm,2,1002,axis,1.0,0.004417494632216135,16 0 0 0 0,16,0.16,low_t1,fn,1,0,-0.00642992153974796,0.0693406002608017,0.00642992153974796,0.07577052180054966,0.16,0.24556496642655135,0.08556496642655134,0.0018669883206906834,0.0057383839785078465,0.9744,0.7878102593586649,-0.18658974064133516,0.0018669883206906834,0.005852469335504096,-0.07750184306940175,-0.027463727314011116,0.05003811575539063,0.0018669883206906834,0.003463658224755753
RZDT2_VC,GPR-KG,vepm,2,1002,axis,1.0,0.004417494632216135,17 0 0 0 0,17,0.17,low_t1,fn,1,0,-0.005781044089220588,0.06385176602170348,0.005781044089220588,0.06963281011092406,0.17,0.25432336390438187,0.08432336390438186,0.0021079407875642477,0.0057383839785078465,0.9711,0.7882092638367679,-0.18289073616323204,0.0021079407875642477,0.005852469335504096,-0.08130008406865345,-0.03295256155310934,0.04834752251554411,0.0021079407875642477,0.003463658224755753
RZDT2_VC,GPR-KG,vepm,2,1002,axis,1.0,0.004417494632216135,18 0 0 0 0,18,0.18,low_t1,fn,1,0,-0.005109351498780876,0.05851661446250421,0.005109351498780876,0.06362596596128509,0.18,0.2630926864072808,0.08309268640728079,0.00237276497185863,0.0057383839785078465,0.9676,0.7884775910401542,-0.17912240895984577,0.00237276497185863,0.005852469335504096,-0.08523187478480203,-0.03828771311230861,0.04694416167249342,0.00237276497185863,0.003463658224755753
RZDT2_VC,GPR-KG,vepm,2,1002,axis,1.0,0.004417494632216135,19 0 0 0 0,19,0.19,low_t1,fn,1,0,-0.004417494632216135,0.05333514558320386,0.004417494632216135,0.057752640215419995,0.19,0.27187293393524814,0.08187293393524814,0.0026619173469304897,0.0057383839785078465,0.9639,0.7886152409688237,-0.17528475903117624,0.0026619173469304897,0.005852469335504096,-0.08928169823615514,-0.04346918199160896,0.045812516244546186,0.0026619173469304897,0.003463658224755753
RZDT2_VC,GPR-KG,vepm,2,1002,axis,1.0,0.004417494632216135,20 0 0 0 0,20,0.2,low_t1,fn,1,0,-0.0037082039324993626,0.0483073593838025,0.0037082039324993626,0.05201556331630186,0.2,0.2806641064882839,0.08066410648828387,0.002975609796406684,0.0057383839785078465,0.96,0.7886222136227767,-0.17137778637722323,0.002975609796406684,0.005852469335504096,-0.09343357161973867,-0.04849696819101032,0.04493660342872835,0.002975609796406684,0.003463658224755753
RZDT2_VC,GPR-KG,vepm,2,1002,axis,1.0,0.004417494632216135,21 0 0 0 0,21,0.21,low_t1,fn,1,0,-0.002984278645978264,0.04343325586430004,0.002984278645978264,0.0464175345102783,0.21,0.289466204066388,0.07946620406638802,0.0033137874397911856,0.0057383839785078465,0.9559,0.7884985090020129,-0.16740149099798707,0.0033137874397911856,0.005852469335504096,-0.09767110938811811,-0.05337107171051278,0.04430003767760533,0.0033137874397911856,0.003463658224755753
RZDT2_VC,GPR-KG,vepm,2,1002,axis,1.0,0.004417494632216135,22 0 0 0 0,22,0.22,low_t1,fn,1,0,-0.0022485757750286967,0.03871283502469654,0.0022485757750286967,0.040961410799725234,0.22,0.2982792266695606,0.07827922666956058,0.0036761101905396125,0.0057383839785078465,0.9516,0.7882441271065325,-0.16335587289346754,0.0036761101905396125,0.005852469335504096,-0.10197758791566854,-0.05809149255011628,0.043886095365552255,0.0036761101905396125,0.003463658224755753
RZDT2_VC,GPR-KG,vepm,2,1002,axis,1.0,0.004417494632216135,23 0 0 0 0,23,0.23,low_t1,fn,1,0,-0.0015039988027716472,0.03414609686499197,0.0015039988027716472,0.035650095667763615,0.23,0.30710317429780154,0.07710317429780153,0.004061938413639081,0.0057383839785078465,0.9471,0.7878590679363354,-0.15924093206366463,0.004061938413639081,0.005852469335504096,-0.1063360114990846,-0.06265823070982085,0.04367778078926375,0.004061938413639081,0.003463658224755753
RZDT2_VC,GPR-KG,vepm,2,1002,axis,1.0,0.004417494632216135,24 0 0 0 0,24,0.24,low_t1,fn,1,0,-0.0007534862343517579,0.02973304138518633,0.0007534862343517579,0.030486527619538087,0.24,0.31593804695111094,0.07593804695111095,0.004470322986651707,0.0057383839785078465,0.9424,0.7873433314914215,-0.15505666850857847,0.004470322986651707,0.005852469335504096,-0.11072917943165687,-0.06707128618962649,0.043657893242030385,0.004470322986651707,0.003463658224755753
RZDT2_VC,GPR-KG,vepm,2,1002,axis,1.0,0.004417494632216135,25 0 0 0 0,25,0.25,low_t1,fn,1,0,0.0,0.02547366858527965,0.0,0.02547366858527965,0.25,0.3247838446294887,0.07478384462948873,0.004900000000000001,0.0057383839785078465,0.9375,0.7866969177717912,-0.15080308222820882,0.004900000000000001,0.005852469335504096,-0.11513975388660307,-0.07133065898953317,0.0438090948970699,0.004900000000000001,0.003463658224755753
RZDT2_VC,GPR-KG,vepm,2,1002,axis,1.0,0.004417494632216135,26 0 0 0 0,26,0.26,low_t1,tn,0,0,0.0007534862343517579,0.0213679784652719,0.0007534862343517579,0.020614492230920142,0.26,0.3336405673329349,0.07364056733293489,0.005349390260062097,0.0057383839785078465,0.9324,0.7859198267774439,-0.14648017322255613,0.005349390260062097,0.005852469335504096,-0.11955032834154922,-0.07543634910954092,0.0441139792320083,0.005349390260062097,0.003463658224755753
RZDT2_VC,GPR-KG,vepm,2,1002,axis,1.0,0.004417494632216135,27 0 0 0 0,27,0.27,low_t1,tn,0,0,0.0015039988027716472,0.017415971025163138,0.0015039988027716472,0.01591197222239149,0.27,0.3425082150614495,0.0725082150614495,0.005816603683539342,0.0057383839785078465,0.9271,0.7850120585083802,-0.14208794149161985,0.005816603683539342,0.005852469335504096,-0.1239434962741215,-0.07938835654964968,0.04455513972447182,0.005816603683539342,0.003463658224755753
RZDT2_VC,GPR-KG,vepm,2,1002,axis,1.0,0.004417494632216135,28 0 0 0 0,28,0.28,low_t1,tn,0,0,0.0022485757750287105,0.013617646264953279,0.0022485757750287105,0.011369070489924568,0.28,0.3513867878150325,0.07138678781503249,0.006299448594739758,0.0057383839785078465,0.9216,0.7839736129645996,-0.13762638703540042,0.006299448594739758,0.005852469335504096,-0.12830191985753753,-0.08318668130985954,0.04511523854767799,0.006299448594739758,0.003463658224755753
RZDT2_VC,GPR-KG,vepm,2,1002,axis,1.0,0.004417494632216135,29 0 0 0 0,29,0.29,low_t1,tn,0,0,0.00298427864597825,0.009973004184642378,0.00298427864597825,0.006988725538664128,0.29,0.3602762855936839,0.07027628559368393,0.006795445860099151,0.0057383839785078465,0.9159,0.7828044901461024,-0.13309550985389762,0.006795445860099151,0.005852469335504096,-0.13260839838508798,-0.08683132339017044,0.04577707499491754,0.006795445860099151,0.003463658224755753
RZDT2_VC,GPR-KG,vepm,2,1002,axis,1.0,0.004417494632216135,30 0 0 0 0,30,0.3,low_t1,tn,0,0,0.0037082039324993765,0.006482044784230381,0.0037082039324993765,0.002773840851731005,0.3,0.36917670839740374,0.06917670839740375,0.007301847717655946,0.0057383839785078465,0.91,0.7815046900528886,-0.12849530994711145,0.007301847717655946,0.005852469335504096,-0.1368459361534674,-0.09032228279058244,0.04652365336288497,0.007301847717655946,0.003463658224755753
RZDT2_VC,GPR-KG,vepm,2,1002,axis,1.0,0.004417494632216135,31 0 0 0 0,31,0.31,low_t1,tn,0,0,0.004417494632216135,0.0031447680637173986,0.004417494632216135,-0.001272726568498736,0.31,0.37808805622619196,0.06808805622619196,0.007815661084515983,0.0057383839785078465,0.9039,0.7800742126849579,-0.12382578731504212,0.007815661084515983,0.005852469335504096,-0.14099780953705096,-0.09365955951109542,0.04733825002595554,0.007815661084515983,0.003463658224755753
RZDT2_VC,GPR-KG,vepm,2,1002,axis,1.0,0.004417494632216135,32 0 0 0 0,32,0.32,low_t1,fp,0,1,0.005109351498780862,-3.8825976896708636e-05,0.005109351498780862,-0.0051481774756775706,0.32,0.3870103290800486,0.06701032908004861,0.008333675053769645,0.0057383839785078465,0.8976,0.7785130580423107,-0.11908694195768921,0.008333675053769645,0.005852469335504096,-0.1450476329884041,-0.09684315355170953,0.048204479436694564,0.008333675053769645,0.003463658224755753
RZDT2_VC,GPR-KG,vepm,2,1002,axis,1.0,0.004417494632216135,33 0 0 0 0,33,0.33,low_t1,fp,0,1,0.005781044089220588,-0.0030687373376118293,0.005781044089220588,-0.008849781426832418,0.33,0.39594352695897367,0.06594352695897365,0.00885249222498826,0.0057383839785078465,0.8911,0.776821226124947,-0.11427877387505303,0.00885249222498826,0.005852469335504096,-0.14897942370455264,-0.09987306491242465,0.04910635879212799,0.00885249222498826,0.003463658224755753
RZDT2_VC,GPR-KG,vepm,2,1002,axis,1.0,0.004417494632216135,34 0 0 0 0,34,0.34,mid_t1,fp,0,1,0.006429921539747974,-0.0059449660184280745,0.006429921539747974,-0.012374887558176048,0.34,0.4048876498629671,0.06488764986296708,0.00936856345039664,0.0057383839785078465,0.8844,0.7749987169328663,-0.1094012830671337,0.00936856345039664,0.005852469335504096,-0.15277766470380438,-0.10274929359324089,0.05002837111056349,0.00936856345039664,0.003463658224755753
RZDT2_VC,GPR-KG,vepm,2,1002,axis,1.0,0.004417494632216135,35 0 0 0 0,35,0.35,mid_t1,fp,0,1,0.007053423027509664,-0.008667512019345305,0.007053423027509664,-0.01572093504685497,0.35,0.413842697792029,0.063842697792029,0.009878225523078626,0.0057383839785078465,0.8775000000000001,0.773045530466069,-0.104454469533931,0.009878225523078626,0.005852469335504096,-0.15642736606418642,-0.10547183959415812,0.050955526470028295,0.009878225523078626,0.003463658224755753
RZDT2_VC,GPR-KG,vepm,2,1002,axis,1.0,0.004417494632216135,36 0 0 0 0,36,0.36,mid_t1,fp,0,1,0.00764908787698429,-0.011236375340363605,0.00764908787698429,-0.018885463217347895,0.36,0.42280867074615924,0.06280867074615926,0.010377741285008674,0.0057383839785078465,0.8704000000000001,0.770961666724555,-0.09943833327544505,0.010377741285008674,0.005852469335504096,-0.1599141240818193,-0.10804070291517642,0.05187342116664287,0.010377741285008674,0.003463658224755753
RZDT2_VC,GPR-KG,vepm,2,1002,axis,1.0,0.004417494632216135,37 0 0 0 0,37,0.37,mid_t1,fp,0,1,0.008214565271144253,-0.013651555981482946,0.008214565271144253,-0.0218661212526272,0.37,0.4317855687253579,0.0617855687253579,0.01086334159208918,0.0057383839785078465,0.8631,0.7687471257083245,-0.09435287429167549,0.01086334159208918,0.005852469335504096,-0.16322417811575568,-0.11045588355629576,0.052768294559459916,0.01086334159208918,0.003463658224755753
RZDT2_VC,GPR-KG,vepm,2,1002,axis,1.0,0.004417494632216135,38 0 0 0 0,38,0.38,mid_t1,fp,0,1,0.008747623529056947,-0.01591305394270344,0.008747623529056947,-0.024660677471760387,0.38,0.44077339172962504,0.06077339172962504,0.011331268541361518,0.0057383839785078465,0.8556,0.7664019074173771,-0.0891980925826229,0.011331268541361518,0.005852469335504096,-0.16634446489494334,-0.11271738151751626,0.05362708337742708,0.011331268541361518,0.003463658224755753
RZDT2_VC,GPR-KG,vepm,2,1002,axis,1.0,0.004417494632216135,39 0 0 0 0,39,0.39,mid_t1,fp,0,1,0.00924615891330946,-0.01802086922402492,0.00924615891330946,-0.02726702813733438,0.39,0.44977213975896047,0.05977213975896045,0.01177781934266268,0.0057383839785078465,0.8479,0.7639260118517132,-0.08397398814828683,0.01177781934266268,0.005852469335504096,-0.16926267007298845,-0.11482519679883774,0.054437473274150716,0.01177781934266268,0.003463658224755753
RZDT2_VC,GPR-KG,vepm,2,1002,axis,1.0,0.004417494632216135,40 0 0 0 0,40,0.4,mid_t1,fp,0,1,0.009708203932499382,-0.01997500182544744,0.009708203932499382,-0.02968320575794682,0.4,0.4587818128133644,0.058781812813364365,0.012199390203593317,0.0057383839785078465,0.84,0.7613194390113326,-0.07868056098866738,0.012199390203593317,0.005852469335504096,-0.1719672768272542,-0.11677932940026026,0.055187947426993955,0.012199390203593317,0.003463658224755753
RZDT2_VC,GPR-KG,vepm,2,1002,axis,1.0,0.004417494632216135,41 0 0 0 0,41,0.41,mid_t1,fp,0,1,0.01013193510602417,-0.021775451746971056,0.01013193510602417,-0.031907386852995226,0.41,0.46780241089283675,0.057802410892836775,0.012592519592970444,0.0057383839785078465,0.8319000000000001,0.7585821888962351,-0.07331781110376501,0.012592519592970444,0.005852469335504096,-0.17444761131049896,-0.11857977932178387,0.05586783198871509,0.012592519592970444,0.003463658224755753
RZDT2_VC,GPR-KG,vepm,2,1002,axis,1.0,0.004417494632216135,42 0 0 0 0,42,0.42,mid_t1,fp,0,1,0.01051568016052637,-0.023422218988595714,0.01051568016052637,-0.03393789914912208,0.42,0.4768339339973774,0.056833933997377406,0.012953930254030792,0.0057383839785078465,0.8236,0.7557142615064212,-0.06788573849357882,0.012953930254030792,0.005852469335504096,-0.1766938847756743,-0.12022654656340853,0.056467338212265766,0.012953930254030792,0.003463658224755753
RZDT2_VC,GPR-KG,vepm,2,1002,axis,1.0,0.004417494632216135,43 0 0 0 0,43,0.43,mid_t1,fp,0,1,0.01085792462959223,-0.024915303550321413,0.01085792462959223,-0.035773228179913644,0.43,0.4858763821269866,0.05587638212698659,0.01328056935444799,0.0057383839785078465,0.8151,0.7527156568418905,-0.06238434315810959,0.01328056935444799,0.005852469335504096,-0.1786972322076379,-0.12171963112513423,0.05697760108250366,0.01328056935444799,0.003463658224755753
RZDT2_VC,GPR-KG,vepm,2,1002,axis,1.0,0.004417494632216135,44 0 0 0 0,44,0.44,mid_t1,fp,0,1,0.011157317830659014,-0.026254705432148154,0.011157317830659014,-0.03741202326280717,0.44,0.4949297552816641,0.054929755281664105,0.013569646185494524,0.0057383839785078465,0.8064,0.749586374902643,-0.05681362509735699,0.013569646185494524,0.005852469335504096,-0.18044974730931826,-0.12305903300696097,0.05739071430235729,0.013569646185494524,0.003463658224755753
RZDT2_VC,GPR-KG,vepm,2,1002,axis,1.0,0.004417494632216135,45 0 0 0 0,45,0.45,mid_t1,fp,0,1,0.011412678195541842,-0.027440424634076047,0.011412678195541842,-0.03885310282961789,0.45,0.50399405346141,0.05399405346141001,0.01381866685703476,0.0057383839785078465,0.7975,0.7463264156886791,-0.05117358431132091,0.01381866685703476,0.005852469335504096,-0.18194451370425696,-0.12424475220888886,0.057699761495368096,0.01381866685703476,0.003463658224755753
RZDT2_VC,GPR-KG,vepm,2,1002,axis,1.0,0.004417494632216135,46 0 0 0 0,46,0.46,mid_t1,fp,0,1,0.011622997933543572,-0.028472461156104925,0.011622997933543572,-0.0400954590896485,0.46,0.5130692766662244,0.05306927666622435,0.014025465477955251,0.0057383839785078465,0.7884,0.7429357791999983,-0.045464220800001676,0.014025465477955251,0.005852469335504096,-0.18317563223238706,-0.12527678873091774,0.057898843501469316,0.014025465477955251,0.003463658224755753
RZDT2_VC,GPR-KG,vepm,2,1002,axis,1.0,0.004417494632216135,47 0 0 0 0,47,0.47,mid_t1,fp,0,1,0.011787447008744262,-0.029350814998234845,0.011787447008744262,-0.04113826200697911,0.47,0.5221554248961071,0.05215542489610714,0.014188231362461133,0.0057383839785078465,0.7791,0.7394144654366009,-0.03968553456339907,0.014188231362461133,0.005852469335504096,-0.18413824423132247,-0.12615514257304766,0.057983101658274805,0.014188231362461133,0.003463658224755753
RZDT2_VC,GPR-KG,vepm,2,1002,axis,1.0,0.004417494632216135,48 0 0 0 0,48,0.48,mid_t1,fp,0,1,0.011905376415773744,-0.03007548616046586,0.011905376415773744,-0.041980862576239605,0.48,0.5312524981510582,0.05125249815105826,0.014305531860612137,0.0057383839785078465,0.7696000000000001,0.7357624743984867,-0.03383752560151332,0.014305531860612137,0.005852469335504096,-0.1848285507112791,-0.12687981373527868,0.05794873697600042,0.014305531860612137,0.003463658224755753
RZDT2_VC,GPR-KG,vepm,2,1002,axis,1.0,0.004417494632216135,49 0 0 0 0,49,0.49,mid_t1,fp,0,1,0.011976320741139274,-0.03064647464279792,0.011976320741139274,-0.04262279538393719,0.49,0.5403604964310779,0.05036049643107787,0.014376330475641002,0.0057383839785078465,0.7599,0.7319798060856559,-0.027920193914344082,0.014376330475641002,0.005852469335504096,-0.18524382734795153,-0.12745080221761074,0.05779302513034079,0.014376330475641002,0.003463658224755753
RZDT2_VC,GPR-KG,vepm,2,1002,axis,1.0,0.004417494632216135,50 0 0 0 0,50,0.5,mid_t1,fp,0,1,0.01200000000000001,-0.031063780445231018,0.01200000000000001,-0.04306378044523103,0.5,0.5494794197361659,0.049479419736165875,0.0144,0.0057383839785078465,0.75,0.7280664604981086,-0.021933539501891364,0.0144,0.005852469335504096,-0.18538243523417663,-0.12786810802004384,0.0575143272141328,0.0144,0.003463658224755753
RZDT2_VC,GPR-KG,vepm,2,1002,axis,1.0,0.004417494632216135,51 0 0 0 0,51,0.51,mid_t1,fp,0,1,0.011976320741139274,-0.0055711165867968065,0.011976320741139274,-0.01754743732793608,0.51,0.5586092680663223,0.048609268066322264,0.014376330475641002,0.002905212753673865,0.7399,0.7240224376358444,-0.015877562364155606,0.014376330475641002,0.006321641076282087,-0.18524382734795153,-0.12813173114257803,0.0571120962053735,0.014376330475641002,0.0055519730121329795
RZDT2_VC,GPR-KG,vepm,2,1002,axis,1.0,0.004417494632216135,52 0 0 0 0,52,0.52,mid_t1,fp,0,1,0.011905376415773744,-0.005681057029432043,0.011905376415773744,-0.017586433445205787,0.52,0.5677500414215471,0.04775004142154704,0.014305531860612137,0.002905212753673865,0.7296,0.7198477374988637,-0.009752262501136366,0.014305531860612137,0.006321641076282087,-0.1848285507112791,-0.12824167158521327,0.05658687912606583,0.014305531860612137,0.0055519730121329795
RZDT2_VC,GPR-KG,vepm,2,1002,axis,1.0,0.004417494632216135,53 0 0 0 0,53,0.53,mid_t1,fp,0,1,0.011787447008744262,-0.005637314792168321,0.011787447008744262,-0.017424761800912583,0.53,0.5769017398018402,0.0469017398018402,0.014188231362461133,0.002905212753673865,0.7191,0.7155423600871661,-0.0035576399128338654,0.014188231362461133,0.006321641076282087,-0.18413824423132247,-0.12819792934794955,0.05594031488337292,0.014188231362461133,0.0055519730121329795
RZDT2_VC,GPR-KG,vepm,2,1002,axis,1.0,0.004417494632216135,54 0 0 0 0,54,0.54,mid_t1,fp,0,1,0.011622997933543572,-0.005439889875005696,0.011622997933543572,-0.017062887808549268,0.54,0.5860643632072019,0.046064363207201864,0.014025465477955242,0.002905212753673865,0.7083999999999999,0.7111063054007519,0.002706305400752007,0.014025465477955242,0.006321641076282087,-0.183175632232387,-0.12800050443078692,0.05517512780160008,0.014025465477955242,0.0055519730121329795
RZDT2_VC,GPR-KG,vepm,2,1002,axis,1.0,0.004417494632216135,55 0 0 0 0,55,0.55,mid_t1,fp,0,1,0.011412678195541842,-0.005088782277944057,0.011412678195541842,-0.0165014604734859,0.55,0.5952379116376318,0.0452379116376318,0.013818666857034756,0.002905212753673865,0.6975,0.7065395734396211,0.00903957343962114,0.013818666857034756,0.006321641076282087,-0.18194451370425696,-0.12764939683372528,0.05429511687053168,0.013818666857034756,0.0055519730121329795
RZDT2_VC,GPR-KG,vepm,2,1002,axis,1.0,0.004417494632216135,56 0 0 0 0,56,0.56,mid_t1,fp,0,1,0.011157317830659014,-0.004583992000983569,0.011157317830659014,-0.015741309831642583,0.56,0.6044223850931303,0.044422385093130234,0.013569646185494524,0.002905212753673865,0.6863999999999999,0.7018421642037735,0.015442164203773645,0.013569646185494524,0.006321641076282087,-0.18044974730931826,-0.1271446065567648,0.053305140752553465,0.013569646185494524,0.0055519730121329795
RZDT2_VC,GPR-KG,vepm,2,1002,axis,1.0,0.004417494632216135,57 0 0 0 0,57,0.57,mid_t1,fp,0,1,0.01085792462959223,-0.003925519044124068,0.01085792462959223,-0.014783443673716298,0.57,0.6136177835736971,0.043617783573697166,0.013280569354448001,0.002905212753673865,0.6751,0.6970140776932092,0.02191407769320919,0.013280569354448001,0.006321641076282087,-0.17869723220763795,-0.1264861335999053,0.05221109860773265,0.013280569354448001,0.0055519730121329795
RZDT2_VC,GPR-KG,vepm,2,1002,axis,1.0,0.004417494632216135,58 0 0 0 0,58,0.58,mid_t1,fp,0,1,0.01051568016052637,-0.0031133634073656075,0.01051568016052637,-0.013629043567891977,0.58,0.6228241070793323,0.042824107079332374,0.012953930254030797,0.002905212753673865,0.6636,0.6920553139079284,0.028455313907928437,0.012953930254030797,0.006321641076282087,-0.17669388477567435,-0.12567397796314683,0.05101990681252752,0.012953930254030797,0.0055519730121329795
RZDT2_VC,GPR-KG,vepm,2,1002,axis,1.0,0.004417494632216135,59 0 0 0 0,59,0.59,mid_t1,fp,0,1,0.01013193510602417,-0.0021475250907082993,0.01013193510602417,-0.01227946019673247,0.59,0.6320413556100359,0.04204135561003597,0.012592519592970447,0.002905212753673865,0.6519,0.6869658728479309,0.035065872847930835,0.012592519592970447,0.006321641076282087,-0.174447611310499,-0.12470813964648952,0.049739471664009466,0.012592519592970447,0.0055519730121329795
RZDT2_VC,GPR-KG,vepm,2,1002,axis,1.0,0.004417494632216135,60 0 0 0 0,60,0.6,mid_t1,fp,0,1,0.009708203932499382,-0.001028004094151977,0.009708203932499382,-0.010736208026651359,0.6,0.6412695291658081,0.04126952916580817,0.012199390203593318,0.002905212753673865,0.64,0.6817457545132166,0.041745754513216604,0.012199390203593318,0.006321641076282087,-0.17196727682725424,-0.1235886186499332,0.04837865817732104,0.012199390203593318,0.0055519730121329795
RZDT2_VC,GPR-KG,vepm,2,1002,axis,1.0,0.004417494632216135,61 0 0 0 0,61,0.61,mid_t1,tn,0,0,0.00924615891330946,0.0002451995823033043,0.00924615891330946,-0.009000959331006156,0.61,0.6505086277466485,0.04050862774664854,0.01177781934266268,0.002905212753673865,0.6279,0.6763949589037858,0.048494958903785745,0.01177781934266268,0.006321641076282087,-0.16926267007298845,-0.12231541497347792,0.04694725509951053,0.01177781934266268,0.0055519730121329795
RZDT2_VC,GPR-KG,vepm,2,1002,axis,1.0,0.004417494632216135,62 0 0 0 0,62,0.62,mid_t1,tn,0,0,0.008747623529056947,0.0016720859386574888,0.008747623529056947,-0.007075537590399458,0.62,0.6597586513525574,0.039758651352557406,0.011331268541361527,0.002905212753673865,0.6155999999999999,0.6709134860196382,0.05531348601963826,0.011331268541361527,0.006321641076282087,-0.1663444648949434,-0.12088852861712374,0.04545593627781966,0.011331268541361527,0.0055519730121329795
RZDT2_VC,GPR-KG,vepm,2,1002,axis,1.0,0.004417494632216135,63 0 0 0 0,63,0.63,mid_t1,tn,0,0,0.00821456527114428,0.0032526549749105765,0.00821456527114428,-0.004961910296233704,0.63,0.6690195999835348,0.03901959998353477,0.010863341592089185,0.002905212753673865,0.6031,0.6653013358607738,0.06220133586077381,0.010863341592089185,0.006321641076282087,-0.16322417811575568,-0.11930795958087065,0.04391621853488503,0.010863341592089185,0.0055519730121329795
RZDT2_VC,GPR-KG,vepm,2,1002,axis,1.0,0.004417494632216135,64 0 0 0 0,64,0.64,mid_t1,tn,0,0,0.007649087876984262,0.004986906691062679,0.007649087876984262,-0.0026621811859215833,0.64,0.6782914736395804,0.03829147363958041,0.01037774128500867,0.002905212753673865,0.5904,0.6595585084271929,0.06915850842719284,0.01037774128500867,0.006321641076282087,-0.1599141240818193,-0.11757370786471855,0.042340416217100746,0.01037774128500867,0.0055519730121329795
RZDT2_VC,GPR-KG,vepm,2,1002,axis,1.0,0.004417494632216135,65 0 0 0 0,65,0.65,mid_t1,tn,0,0,0.007053423027509692,0.006874841087113739,0.007053423027509692,-0.00017858194039595265,0.65,0.6875742723206945,0.037574272320694435,0.009878225523078628,0.002905212753673865,0.5774999999999999,0.6536850037188953,0.07618500371889536,0.009878225523078628,0.006321641076282087,-0.1564273660641864,-0.11568577346866749,0.040741592595518905,0.009878225523078628,0.0055519730121329795
RZDT2_VC,GPR-KG,vepm,2,1002,axis,1.0,0.004417494632216135,66 0 0 0 0,66,0.66,mid_t1,tn,0,0,0.006429921539747946,0.008916458163063704,0.006429921539747946,0.0024865366233157576,0.66,0.6968679960268771,0.03686799602687707,0.009368563450396631,0.002905212753673865,0.5644,0.6476808217358809,0.08328082173588092,0.009368563450396631,0.006321641076282087,-0.15277766470380436,-0.11364415639271752,0.039133508311086834,0.009368563450396631,0.0055519730121329795
RZDT2_VC,GPR-KG,vepm,2,1002,axis,1.0,0.004417494632216135,67 0 0 0 0,67,0.67,high_t1,tn,0,0,0.005781044089220588,0.011111757918912626,0.005781044089220588,0.005330713829692038,0.67,0.7061726447581279,0.03617264475812787,0.00885249222498826,0.002905212753673865,0.5510999999999999,0.6415459624781499,0.09044596247814995,0.00885249222498826,0.006321641076282087,-0.14897942370455264,-0.1114488566368686,0.03753056706768404,0.00885249222498826,0.0055519730121329795
RZDT2_VC,GPR-KG,vepm,2,1002,axis,1.0,0.004417494632216135,68 0 0 0 0,68,0.68,high_t1,tn,0,0,0.005109351498780862,0.013460740354660342,0.005109351498780862,0.00835138885587948,0.68,0.7154882185144472,0.03548821851444717,0.008333675053769642,0.002905212753673865,0.5375999999999999,0.6352804259457023,0.09768042594570248,0.008333675053769642,0.006321641076282087,-0.14504763298840406,-0.10909987420112088,0.03594775878728318,0.008333675053769642,0.0055519730121329795
RZDT2_VC,GPR-KG,vepm,2,1002,axis,1.0,0.004417494632216135,69 0 0 0 0,69,0.69,high_t1,tn,0,0,0.004417494632216135,0.015963405470307182,0.004417494632216135,0.011545910838091047,0.69,0.724814717295835,0.034814717295835074,0.007815661084515988,0.002905212753673865,0.5239,0.628884212138538,0.10498421213853792,0.007815661084515988,0.006321641076282087,-0.14099780953705102,-0.10659720908547404,0.034400600451576974,0.007815661084515988,0.0055519730121329795
RZDT2_VC,GPR-KG,vepm,2,1002,axis,1.0,0.004417494632216135,70 0 0 0 0,70,0.7,high_t1,tn,0,0,0.0037082039324993765,0.018619753265852926,0.0037082039324993765,0.01491154933335355,0.7,0.7341521411022911,0.034152141102291145,0.007301847717655946,0.002905212753673865,0.51,0.6223573210566569,0.11235732105665686,0.007301847717655946,0.006321641076282087,-0.1368459361534674,-0.1039408612899283,0.03290507486353911,0.007301847717655946,0.0055519730121329795
RZDT2_VC,GPR-KG,vepm,2,1002,axis,1.0,0.004417494632216135,71 0 0 0 0,71,0.71,high_t1,fp,0,1,0.00298427864597825,-0.0268797698382007,0.00298427864597825,-0.02986404848417895,0.71,0.7435004899338157,0.033500489933815714,0.006795445860099158,0.003349939125226204,0.4959,0.6156997527000592,0.11979975270005916,0.006795445860099158,0.002625399203599131,-0.13260839838508803,-0.10113083081448365,0.03147756757060438,0.006795445860099158,0.0020377495869668117
RZDT2_VC,GPR-KG,vepm,2,1002,axis,1.0,0.004417494632216135,72 0 0 0 0,72,0.72,high_t1,fp,0,1,0.0022485757750286828,-0.02391605668285704,0.0022485757750286828,-0.026164632457885723,0.72,0.7528597637904085,0.03285976379040856,0.006299448594739758,0.003349939125226204,0.48160000000000003,0.6089115070687448,0.12731150706874472,0.006299448594739758,0.002625399203599131,-0.12830191985753756,-0.09816711765913999,0.030134802198397564,0.006299448594739758,0.0020377495869668117
RZDT2_VC,GPR-KG,vepm,2,1002,axis,1.0,0.004417494632216135,73 0 0 0 0,73,0.73,high_t1,fp,0,1,0.001503998802771661,-0.020798660847614475,0.001503998802771661,-0.022302659650386136,0.73,0.76222996267207,0.03222996267207001,0.005816603683539342,0.003349939125226204,0.46710000000000007,0.6019925841627137,0.13489258416271366,0.005816603683539342,0.002625399203599131,-0.12394349627412149,-0.09504972182389743,0.028893774450224063,0.005816603683539342,0.0020377495869668117
RZDT2_VC,GPR-KG,vepm,2,1002,axis,1.0,0.004417494632216135,74 0 0 0 0,74,0.74,high_t1,fp,0,1,0.0007534862343517579,-0.017527582332473007,0.0007534862343517579,-0.018281068566824765,0.74,0.7716110865787997,0.03161108657879974,0.005349390260062094,0.003349939125226204,0.4524,0.594942983981966,0.14254298398196596,0.005349390260062094,0.002625399203599131,-0.11955032834154919,-0.09177864330875596,0.02777168503279323,0.005349390260062094,0.0020377495869668117
RZDT2_VC,GPR-KG,vepm,2,1002,axis,1.0,0.004417494632216135,75 0 0 0 0,75,0.75,high_t1,tp,1,1,0.0,-0.014102821137432692,0.0,-0.014102821137432692,0.75,0.7810031355105979,0.031003135510597857,0.004900000000000001,0.003349939125226204,0.4375,0.5877627065265015,0.15026270652650153,0.004900000000000001,0.002625399203599131,-0.11513975388660307,-0.08835388211371564,0.026785871772887423,0.004900000000000001,0.0020377495869668117
RZDT2_VC,GPR-KG,vepm,2,1002,axis,1.0,0.004417494632216135,76 0 0 0 0,76,0.76,high_t1,tp,1,1,-0.0007534862343517579,-0.01052437726249325,0.0007534862343517579,-0.009770891028141493,0.76,0.7904061094674646,0.03040610946746458,0.004470322986651712,0.003349939125226204,0.4224,0.5804517517963205,0.15805175179632047,0.004470322986651712,0.002625399203599131,-0.11072917943165694,-0.0847754382387762,0.02595374119288074,0.004470322986651712,0.0020377495869668117
RZDT2_VC,GPR-KG,vepm,2,1002,axis,1.0,0.004417494632216135,77 0 0 0 0,77,0.77,high_t1,tp,1,1,-0.0015039988027716472,-0.006792250707654907,0.0015039988027716472,-0.005288251904883259,0.77,0.7998200084493995,0.02982000844939947,0.004061938413639081,0.003349939125226204,0.4071,0.5730101197914226,0.16591011979142256,0.004061938413639081,0.002625399203599131,-0.1063360114990846,-0.08104331168393786,0.025292699815146744,0.004061938413639081,0.0020377495869668117
RZDT2_VC,GPR-KG,vepm,2,1002,axis,1.0,0.004417494632216135,78 0 0 0 0,78,0.78,high_t1,tp,1,1,-0.0022485757750286967,-0.002906441472917659,0.0022485757750286967,-0.0006578656978889624,0.78,0.8092448324564029,0.02924483245640286,0.003676110190539616,0.003349939125226204,0.39159999999999995,0.5654378105118082,0.17383781051180824,0.003676110190539616,0.002625399203599131,-0.10197758791566859,-0.07715750244920061,0.02482008546646798,0.003676110190539616,0.0020377495869668117
RZDT2_VC,GPR-KG,vepm,2,1002,axis,1.0,0.004417494632216135,79 0 0 0 0,79,0.79,high_t1,fn,1,0,-0.002984278645978264,0.0011330504417186027,0.002984278645978264,0.0041173290876968666,0.79,0.8186805814884748,0.028680581488474743,0.0033137874397911856,0.003349939125226204,0.3758999999999999,0.5577348239574771,0.1818348239574772,0.0033137874397911856,0.002625399203599131,-0.09767110938811811,-0.07311801053456435,0.024553098853553765,0.0033137874397911856,0.0020377495869668117
RZDT2_VC,GPR-KG,vepm,2,1002,axis,1.0,0.004417494632216135,80 0 0 0 0,80,0.8,high_t1,fn,1,0,-0.0037082039324993626,0.005326225036253768,0.0037082039324993626,0.00903442896875313,0.8,0.828127255545615,0.028127255545614904,0.0029756097964066855,0.003349939125226204,0.3599999999999999,0.5499011601284293,0.1899011601284294,0.0029756097964066855,0.002625399203599131,-0.0934335716197387,-0.06892483594002918,0.024508735679709515,0.0029756097964066855,0.0020377495869668117
RZDT2_VC,GPR-KG,vepm,2,1002,axis,1.0,0.004417494632216135,81 0 0 0 0,81,0.81,high_t1,fn,1,0,-0.004417494632216135,0.009673082310687836,0.004417494632216135,0.01409057694290397,0.81,0.8375848546278235,0.027584854627823452,0.0026619173469304876,0.003349939125226204,0.3438999999999999,0.5419368190246647,0.19803681902466486,0.0026619173469304876,0.002625399203599131,-0.08928169823615512,-0.06457797866559511,0.02470371957056,0.0026619173469304876,0.0020377495869668117
RZDT2_VC,GPR-KG,vepm,2,1002,axis,1.0,0.004417494632216135,82 0 0 0 0,82,0.82,high_t1,fn,1,0,-0.005109351498780862,0.014173622265020808,0.005109351498780862,0.01928297376380167,0.82,0.8470533787351007,0.02705337873510072,0.0023727649718586334,0.003349939125226204,0.3276000000000001,0.5338418006461835,0.20624180064618336,0.0023727649718586334,0.002625399203599131,-0.08523187478480208,-0.06007743871126214,0.02515443607353994,0.0023727649718586334,0.0020377495869668117
RZDT2_VC,GPR-KG,vepm,2,1002,axis,1.0,0.004417494632216135,83 0 0 0 0,83,0.83,high_t1,fn,1,0,-0.0057810440892205744,0.018827844899252794,0.0057810440892205744,0.024608888988473368,0.83,0.856532827867446,0.02653282786744604,0.002107940787564248,0.003349939125226204,0.31110000000000004,0.5256161049929857,0.21451610499298568,0.002107940787564248,0.002625399203599131,-0.08130008406865345,-0.05542321607703016,0.025876867991623295,0.002107940787564248,0.0020377495869668117
RZDT2_VC,GPR-KG,vepm,2,1002,axis,1.0,0.004417494632216135,84 0 0 0 0,84,0.84,high_t1,fn,1,0,-0.006429921539747946,0.023635750213383794,0.006429921539747946,0.03006567175313174,0.84,0.8660232020248598,0.02602320202485986,0.0018669883206906854,0.003349939125226204,0.2944000000000001,0.5172597320650711,0.22285973206507104,0.0018669883206906854,0.002625399203599131,-0.07750184306940178,-0.05061531076289916,0.02688653230650262,0.0018669883206906854,0.0020377495869668117
RZDT2_VC,GPR-KG,vepm,2,1002,axis,1.0,0.004417494632216135,85 0 0 0 0,85,0.85,high_t1,fn,1,0,-0.007053423027509678,0.028597338207413586,0.007053423027509678,0.035650761234923264,0.85,0.8755245012073422,0.025524501207342176,0.0016492319909840044,0.003349939125226204,0.2775000000000001,0.50877268186244,0.23127268186243988,0.0016492319909840044,0.002625399203599131,-0.07385214170901971,-0.045653722768869365,0.02819841894015035,0.0016492319909840044,0.0020377495869668117
RZDT2_VC,GPR-KG,vepm,2,1002,axis,1.0,0.004417494632216135,86 0 0 0 0,86,0.86,high_t1,fn,1,0,-0.007649087876984276,0.033712608881342504,0.007649087876984276,0.04136169675832678,0.86,0.8850367254148928,0.02503672541489277,0.001453805428527018,0.003349939125226204,0.2604000000000001,0.500154954385092,0.23975495438509198,0.001453805428527018,0.002625399203599131,-0.07036538369138685,-0.04053845209494045,0.029826931596446407,0.001453805428527018,0.0020377495869668117
RZDT2_VC,GPR-KG,vepm,2,1002,axis,1.0,0.004417494632216135,87 0 0 0 0,87,0.87,high_t1,fn,1,0,-0.00821456527114426,0.038981562235170214,0.00821456527114426,0.047196127506314474,0.87,0.8945598746475119,0.02455987464751186,0.0012796821090875375,0.003349939125226204,0.24309999999999998,0.49140654963302743,0.24830654963302745,0.0012796821090875375,0.002625399203599131,-0.06705532965745045,-0.03526949874111274,0.031785830916337715,0.0012796821090875375,0.0020377495869668117
RZDT2_VC,GPR-KG,vepm,2,1002,axis,1.0,0.004417494632216135,88 0 0 0 0,88,0.88,high_t1,fn,1,0,-0.00874762352905694,0.04440419826889694,0.00874762352905694,0.05315182179795388,0.88,0.9040939489051993,0.024093948905199336,0.0011257077574617622,0.003349939125226204,0.22560000000000002,0.4825274676062462,0.2569274676062462,0.0011257077574617622,0.002625399203599131,-0.06393504287826277,-0.029846862707386013,0.03408818017087675,0.0011257077574617622,0.0020377495869668117
RZDT2_VC,GPR-KG,vepm,2,1002,axis,1.0,0.004417494632216135,89 0 0 0 0,89,0.89,high_t1,fn,1,0,-0.009246158913309474,0.049980516982522455,0.009246158913309474,0.05922667589583193,0.89,0.9136389481879552,0.0236389481879552,0.0009906339438016307,0.003349939125226204,0.20789999999999997,0.4735177083047482,0.26561770830474823,0.0009906339438016307,0.002625399203599131,-0.06101683770021766,-0.024270543993760496,0.03674629370645716,0.0009906339438016307,0.0020377495869668117
RZDT2_VC,GPR-KG,vepm,2,1002,axis,1.0,0.004417494632216135,90 0 0 0 0,90,0.9,high_t1,fn,1,0,-0.009708203932499368,0.0557105183760471,0.009708203932499368,0.06541872230854646,0.9,0.9231948724957795,0.02319487249577945,0.0008731522823440527,0.003349939125226204,0.18999999999999995,0.4643772717285336,0.27437727172853366,0.0008731522823440527,0.002625399203599131,-0.05831223094595188,-0.018540542600235854,0.039771688345716025,0.0008731522823440527,0.0020377495869668117
RZDT2_VC,GPR-KG,vepm,2,1002,axis,1.0,0.004417494632216135,91 0 0 0 0,91,0.91,high_t1,fn,1,0,-0.010131935106024184,0.06159420244947064,0.010131935106024184,0.07172613755549483,0.91,0.9327617218286721,0.022761721828672088,0.0007719286359422346,0.003349939125226204,0.17189999999999994,0.45510615787760234,0.2832061578776024,0.0007719286359422346,0.002625399203599131,-0.05583189646270712,-0.012656858526812309,0.04317503793589481,0.0007719286359422346,0.0020377495869668117
RZDT2_VC,GPR-KG,vepm,2,1002,axis,1.0,0.004417494632216135,92 0 0 0 0,92,0.92,high_t1,fn,1,0,-0.010515680160526363,0.06763156920279309,0.010515680160526363,0.07814724936331946,0.92,0.9423394961866334,0.022339496186633334,0.0006856367334167007,0.003349939125226204,0.15359999999999996,0.44570436675195435,0.2921043667519544,0.0006856367334167007,0.002625399203599131,-0.05358562299753181,-0.006619491773489861,0.046966131224041946,0.0006856367334167007,0.0020377495869668117
RZDT2_VC,GPR-KG,vepm,2,1002,axis,1.0,0.004417494632216135,93 0 0 0 0,93,0.93,high_t1,fn,1,0,-0.010857924629592237,0.07382261863601455,0.010857924629592237,0.08468054326560678,0.93,0.9519281955696628,0.021928195569662745,0.000612990619923725,0.003349939125226204,0.1350999999999999,0.43617189835158976,0.3010718983515899,0.000612990619923725,0.002625399203599131,-0.051582275565568166,-0.0004284423402683979,0.05115383322529977,0.000612990619923725,0.0020377495869668117
RZDT2_VC,GPR-KG,vepm,2,1002,axis,1.0,0.004417494632216135,94 0 0 0 0,94,0.94,high_t1,fn,1,0,-0.011157317830659014,0.08016735074913492,0.011157317830659014,0.09132466857979393,0.94,0.9615278199777607,0.021527819977760765,0.0005527753830590053,0.003349939125226204,0.11640000000000006,0.4265087526765084,0.31010875267650834,0.0005527753830590053,0.002625399203599131,-0.04982976046388786,0.005916289772851968,0.05574605023673983,0.0005527753830590053,0.0020377495869668117
RZDT2_VC,GPR-KG,vepm,2,1002,axis,1.0,0.004417494632216135,95 0 0 0 0,95,0.95,high_t1,fn,1,0,-0.011412678195541842,0.08666576554215419,0.011412678195541842,0.09807844373769603,0.95,0.9711383694109271,0.02113836941092717,0.0005038756289026096,0.003349939125226204,0.09750000000000003,0.4167149297267103,0.3192149297267103,0.0005038756289026096,0.002625399203599131,-0.048334994068949144,0.012414704565871237,0.06074969863482038,0.0005038756289026096,0.0020377495869668117
RZDT2_VC,GPR-KG,vepm,2,1002,axis,1.0,0.004417494632216135,96 0 0 0 0,96,0.96,high_t1,fn,1,0,-0.011622997933543572,0.09331786301507236,0.011622997933543572,0.10494086094861593,0.96,0.9807598438691618,0.020759843869161854,0.0004653012221544119,0.003349939125226204,0.07840000000000003,0.4067904295021956,0.3283904295021956,0.0004653012221544119,0.002625399203599131,-0.04710387554081908,0.01906680203878941,0.06617067757960848,0.0004653012221544119,0.0020377495869668117
RZDT2_VC,GPR-KG,vepm,2,1002,axis,1.0,0.004417494632216135,97 0 0 0 0,97,0.97,high_t1,fn,1,0,-0.011787447008744269,0.10012364316788955,0.011787447008744269,0.11191109017663381,0.97,0.990392243352465,0.020392243352465034,0.0004362098522594935,0.003349939125226204,0.05910000000000004,0.39673525200296433,0.3376352520029643,0.0004362098522594935,0.002625399203599131,-0.04614126354188364,0.025872582191606597,0.07201384573349023,0.0004362098522594935,0.0020377495869668117
RZDT2_VC,GPR-KG,vepm,2,1002,axis,1.0,0.004417494632216135,98 0 0 0 0,98,0.98,high_t1,fn,1,0,-0.01190537641577373,0.10708310600060564,0.01190537641577373,0.11898848241637937,0.98,1.0000355678608366,0.0200355678608366,0.00041592604220944417,0.003349939125226204,0.03960000000000008,0.38654939722901627,0.3469493972290162,0.00041592604220944417,0.002625399203599131,-0.04545095706192702,0.03283204502432269,0.0782830020862497,0.00041592604220944417,0.0020377495869668117
RZDT2_VC,GPR-KG,vepm,2,1002,axis,1.0,0.004417494632216135,99 0 0 0 0,99,0.99,high_t1,fn,1,0,-0.01197632074113926,0.11419625151322074,0.01197632074113926,0.12617257225436002,0.99,1.0096898173942765,0.019689817394276554,0.0004039562776451963,0.003349939125226204,0.01990000000000003,0.37623286518035154,0.3563328651803515,0.0004039562776451963,0.002625399203599131,-0.04503568042525459,0.03994519053693779,0.08498087096219238,0.0004039562776451963,0.0020377495869668117
RZDT2_VC,GPR-KG,vepm,2,1002,axis,1.0,0.004417494632216135,100 0 0 0 0,100,1.0,high_t1,fn,1,0,-0.011999999999999997,0.13927324117264145,0.011999999999999997,0.15127324117264146,1.0,1.0112196684662254,0.011219668466225352,0.0004,0.00492297454608966,0.0,0.12040707613962628,0.12040707613962628,0.0004,0.012142402716969624,-0.04489707253902944,-0.013966702826318178,0.030930369712711264,0.0004,0.008679395040304594
