problem,method,variance_mode,pool,objective_index,region,n,pred_mean_mean,pred_mean_std,pred_mean_se,true_mean_mean,true_mean_std,true_mean_se,bias_mean_mean,bias_mean_std,bias_mean_se,rmse_mean,rmse_std,rmse_se,mae_mean,mae_std,mae_se,rel_mae_mean,rel_mae_std,rel_mae_se,ratio_mean_mean,ratio_mean_std,ratio_mean_se,ratio_median_mean,ratio_median_std,ratio_median_se,log_rmse_mean,log_rmse_std,log_rmse_se
RZDT2_VC,GPR-KG,vepm,axis,0,all,3,0.02792626214020709,0.020436743346601217,0.011799159272519507,0.006093069306930692,0.0,0.0,0.021833192833276397,0.02043674334660122,0.011799159272519509,0.03680455045933147,0.033085176354336464,0.019101735474362398,0.024624655175376958,0.019182271032532745,0.01107488934430114,21.629639602698884,17.96646123358731,10.37294122959661,22.39270794090494,18.067068622984053,10.431026932947285,2.8693943979437466,1.408573043694136,0.81324002595006,2.3065027167910834,0.4057741952280978,0.23427384084514605
RZDT2_VC,GPR-KG,vepm,axis,0,high_t1,3,0.059124157733491785,0.058696951499351994,0.03388870074876128,0.0029880223129753344,5.311484201212962e-19,3.066586833366748e-19,0.056136135420516466,0.058696951499352,0.03388870074876129,0.05925616151154167,0.06077172941236898,0.03508657433535033,0.056405766145323354,0.0585533667588474,0.033805802060179434,54.74458207254525,56.18189565705463,32.43663258118396,55.712136898218354,56.19847857651695,32.44620673419948,32.61275875419273,33.02411785253662,19.066483331911943,3.272085685970987,1.0581364411031613,0.6109153591102628
RZDT2_VC,GPR-KG,vepm,axis,0,low_t1,3,0.011205656778821247,0.00888195148339768,0.005127997079868847,0.002988022312975333,0.0,0.0,0.008217634465845914,0.008881951483397679,0.0051279970798688455,0.00913354796146361,0.008085002967320816,0.004667878639581596,0.00879116685408316,0.008183457047250564,0.004724721129131854,8.861751323100766,7.647870907176539,4.415500326985883,9.779460270830574,7.751503849689514,4.4753328342426615,5.65896098348867,4.485468178606309,2.589686260359853,1.9149091999685386,0.6970880924354571,0.4024639978164939
RZDT2_VC,GPR-KG,vepm,axis,0,mid_t1,3,0.013010266143705235,0.008130505074840783,0.004694149293606944,0.012491347961141736,0.0,0.0,0.0005189181825634971,0.008130505074840783,0.004694149293606944,0.00934630942003136,0.0031613048167364226,0.0018251801869332343,0.00819377123434096,0.002568882040834276,0.0014831447377920645,0.6660080127461377,0.203377292282426,0.11741993444631585,1.059066614658659,0.6627466905496984,0.382636980193402,0.9012999363365982,0.5837893419386743,0.3370509337183281,0.7875556498087412,0.35957060388042195,0.20759818494303792
RZDT2_VC,GPR-KG,vepm,axis,1,all,3,0.6129287391103854,0.3697441375229616,0.2134718773301679,0.006093069306930692,0.0,0.0,0.6068356698034546,0.3697441375229613,0.21347187733016773,1.0429341666101386,0.7543004759357447,0.435495582831365,0.6081238732437014,0.37186004183790705,0.21469349525598114,551.1190861016788,405.6177126779024,234.18349560266722,552.000064627814,405.4318059339329,234.07616229399227,24.69674052933706,32.61054066556503,18.82770443168321,4.32097472769033,0.11930284608674228,0.06887953030326915
RZDT2_VC,GPR-KG,vepm,axis,1,high_t1,3,1.4862294196571533,1.494472154235481,0.862833900544255,0.0029880223129753344,5.311484201212962e-19,3.066586833366748e-19,1.4832413973441778,1.4944721542354813,0.8628339005442551,1.5770949678428519,1.5904277138762672,0.9182338687331041,1.4833328204439216,1.4943436588912067,0.8627597137226485,1440.9922309137903,1454.3349632717911,839.6606825368532,1441.9797103705966,1454.3525667247977,839.6708458951852,849.2287512225153,854.7890964828736,493.51271495474407,5.9408046809245905,1.7477724951971993,1.009076920584327
RZDT2_VC,GPR-KG,vepm,axis,1,low_t1,3,0.21555561464299722,0.34425883573256477,0.19875793148110343,0.002988022312975333,0.0,0.0,0.2125675923300219,0.34425883573256477,0.19875793148110343,0.2133794091585953,0.3435196880066135,0.19833118434255456,0.21322936104821857,0.34364825157236917,0.1984054105518516,187.2185829221307,300.3530482253318,173.40891324481998,188.12084031877728,300.4433986673608,173.46107709684682,108.85759193893108,173.85391664983246,100.37460557745153,3.349969750312656,2.372203316305584,1.3695922232415518
RZDT2_VC,GPR-KG,vepm,axis,1,mid_t1,3,0.12257913587708498,0.1789402571389653,0.10331120562804248,0.012491347961141736,0.0,0.0,0.11008778791594327,0.17894025713896533,0.1033112056280425,0.15170154344820347,0.24186621876421086,0.13964152651139405,0.11325445536003283,0.1760029425906811,0.101615346282896,9.207879571159372,14.290792315400868,8.250792790229728,9.95720618092475,14.523485901583292,8.38513849485085,15.059057288277879,23.829485323067047,13.757959765922996,1.5662400911153862,1.11681422539645,0.6447929936674438
RZDT2_VC,GPR-KG,vepm,axis,2,all,3,1.0458630891005816,1.2825875570676908,0.7405022713322958,0.006093069306930692,0.0,0.0,1.0397700197936506,1.2825875570676906,0.7405022713322957,1.8074934112952172,2.410224237324218,1.3915436122264977,1.0422537867898296,1.284642310853137,0.7416885839834416,940.7462937121028,1289.4041082216172,744.4378089759601,941.5434522687227,1289.2203720201328,744.3317288305732,33.98256101273585,54.7982977502977,31.637811957267644,3.976443813322336,1.455565144296765,0.8403709278827738
RZDT2_VC,GPR-KG,vepm,axis,2,high_t1,3,2.502072731427476,4.21672999930282,2.434530200197454,0.0029880223129753344,5.311484201212962e-19,3.066586833366748e-19,2.4990847091145,4.216729999302818,2.434530200197453,2.660331845661628,4.489232923914395,2.591859837076907,2.4993164462315054,4.2171313775608,2.434761936042745,2430.3183196449504,4101.83051249862,2368.192950561299,2431.2905935453086,4101.782489698358,2368.165224584641,1431.6362572573998,2413.33340868759,1393.3386931500972,5.197505641265089,2.54736083800973,1.4707194655480282
RZDT2_VC,GPR-KG,vepm,axis,2,low_t1,3,0.3999150853331535,0.6811931041112125,0.39328702202872534,0.002988022312975333,0.0,0.0,0.39692706302017816,0.6811931041112123,0.3932870220287252,0.39750502627043866,0.6806949630664719,0.39299942016244993,0.397179242216154,0.6809745316785135,0.39316082917586914,348.0472422513864,594.4673931613595,343.215909466166,349.0160162778782,594.4944620301067,343.2315376848239,201.96084078589092,344.00885860367987,198.6136071184505,3.2668905340112446,2.832876545975585,1.6355620363999812
RZDT2_VC,GPR-KG,vepm,axis,2,mid_t1,3,0.21104806755446462,0.35277327417049753,0.20367374480524242,0.012491347961141736,0.0,0.0,0.19855671959332286,0.35277327417049736,0.2036737448052423,0.2847340280883975,0.48312156530543204,0.2789303657804046,0.20565997147128368,0.34693573946074174,0.20030344256916113,16.6953503165736,28.185651058998626,16.27299322619772,17.13527106523134,28.637162594922682,16.533673533005693,27.865094308811873,47.22467937032177,27.265181346849044,1.5300845744559044,1.5386893765605647,0.8883627257564596
RZDT2_VC,GPR-KG,vepm,combined,0,all,3,0.028034649111420396,0.02104129694915469,0.012148198457693313,0.005950513238966549,0.00022912790968833993,0.00013228706033741934,0.02208413587245384,0.02106477709689248,0.012161754727310337,0.04416610317122694,0.04031496484673065,0.023275855806630243,0.02479590438496126,0.019872915522915553,0.011473633126737987,23.230730559630796,20.10264030589231,11.606264792029148,23.999408088324984,20.199354112905468,11.662102534542546,2.901077812550357,1.0219534463040003,0.5900250973228803,2.3046076943686846,0.4302526245955868,0.24840646862980503
RZDT2_VC,GPR-KG,vepm,combined,0,high_t1,3,0.059776275267714056,0.060211696888903675,0.03476323940717269,0.0028830994024694584,0.00023333714195316831,0.00013471726171859966,0.05689317586524458,0.060441695546948636,0.034896029194308203,0.07020297342437372,0.07526332279795943,0.04345329967750758,0.05720499746945715,0.06028654460189194,0.03480645275441469,59.92776824178165,63.17550782997375,36.47439645182666,60.88726312878014,63.1951296329484,36.485725105056055,36.67531798927293,41.38576021925803,23.89407980320593,3.2901292836301774,1.0982398299965066,0.6340690614832519
RZDT2_VC,GPR-KG,vepm,combined,0,low_t1,3,0.011246881693775338,0.009098041662155812,0.005252756802744089,0.002918623299331031,0.00015338742794435747,8.855827281397912e-05,0.008328258394444307,0.008957319341473296,0.005171510733017049,0.011703240274867572,0.011712478080943403,0.006762202372910265,0.008891750679259833,0.008349376113531554,0.004820514546712874,9.128806951448432,7.836710581622681,4.524526963861043,10.049185660395056,7.924599388474989,4.575269590155979,5.208621558737979,3.267735303066099,1.8866278568656556,1.9105855243562815,0.6198099958065703,0.35784746792534416
RZDT2_VC,GPR-KG,vepm,combined,0,mid_t1,3,0.01344665669731524,0.008698425894628643,0.005022038531789859,0.012509596354000938,5.788774967206513e-05,3.3421507855948475e-05,0.0009370603433143019,0.008735697151285894,0.005043557101853958,0.012293386292038124,0.006782613307774688,0.003915943619052855,0.008762181704460161,0.003240985830418469,0.0018711840416318658,0.7089980830972982,0.26410933025450833,0.15248359291793218,1.0945158720510813,0.7109293070529054,0.41045522680178903,1.188639812446177,0.9024341317580059,0.5210205888963909,0.8432661345020215,0.3155331672914325,0.18217315907396378
RZDT2_VC,GPR-KG,vepm,combined,1,all,3,0.6083850530167813,0.3572042422690367,0.20623196542970465,0.005950513238966549,0.00022912790968833993,0.00013228706033741934,0.6024345397778149,0.35740703752650366,0.20634904932619358,1.23364559468471,0.8161535557148188,0.4712064750920209,0.6039116740388146,0.3594327622286804,0.20751860202829941,577.765060067311,401.9523613830369,232.0673040459021,578.6285180982107,401.77227561942954,231.96333148180616,22.887959927501083,30.853323099023306,17.813174396615604,4.263197665318656,0.07437993353429692,0.0429432746483328
RZDT2_VC,GPR-KG,vepm,combined,1,high_t1,3,1.5201076332991603,1.5288769886002458,0.8826975409261764,0.0028830994024694584,0.00023333714195316831,0.00013471726171859966,1.5172245338966912,1.5289428717592648,0.882735578585771,1.8573552165189386,1.843693329495499,1.0644568400873438,1.5173111503050525,1.5289329592357714,0.8827298555876638,1552.463776294582,1536.8084518819333,887.2767733869263,1553.4476499116163,1536.8082451276005,887.2766540172565,862.1909924280775,800.824278682845,462.3561128711285,5.945949334546747,1.754693836651727,1.013072958936252
RZDT2_VC,GPR-KG,vepm,combined,1,low_t1,3,0.22047400088788938,0.3521557599470096,0.20331722280208323,0.002918623299331031,0.00015338742794435747,8.855827281397912e-05,0.21755537758855836,0.3520334885749092,0.20324662939248686,0.31690921097488567,0.4978968917639468,0.2874609044885927,0.21819502831631735,0.3514481268697249,0.20290867065442542,198.6098814400971,320.3850787035458,184.97441143383162,199.51502386038896,320.47139628141394,185.0242469106496,91.14117950995775,144.8150827409717,83.60902700321793,3.2932531515787793,2.250728010041206,1.2994584224699213
RZDT2_VC,GPR-KG,vepm,combined,1,mid_t1,3,0.11128810505082332,0.16070067094969537,0.09278057563176009,0.012509596354000938,5.788774967206513e-05,3.3421507855948475e-05,0.09877850869682236,0.16066872253687403,0.09276213020701751,0.14635689137894983,0.22691400107504806,0.13100885960357403,0.10276187363797241,0.15756909379958656,0.0909725587211567,8.333247238478618,12.758564037440955,7.366160381489614,9.018034459500585,13.002699345500313,7.507111967316376,1.8368369442266328,1.3411538465379143,0.7743155343233669,1.5556001204887264,1.0109221156844799,0.5836561556201805
RZDT2_VC,GPR-KG,vepm,combined,2,all,3,1.0303278538743847,1.256809660387712,0.7256193957449677,0.005950513238966549,0.00022912790968833993,0.00013228706033741934,1.0243773406354177,1.2569513990513521,0.725701228600575,2.1135561482073952,2.7099192484678354,1.5645726075850532,1.026787032711076,1.258784270808147,0.7267594376027504,966.758140604427,1305.9443873621422,753.9873435902138,967.5589875051901,1305.7816017647365,753.8933592817314,34.17748888836778,54.62962769183089,31.5404302536076,3.9222184370404007,1.3828638144503875,0.798396795525524
RZDT2_VC,GPR-KG,vepm,combined,2,high_t1,3,2.5596138868510274,4.315062915971161,2.4913027361061215,0.0028830994024694584,0.00023333714195316831,0.00013471726171859966,2.5567307874485574,4.315030214817525,2.491283856086267,3.094061370803214,5.214233003301591,3.0104388280736045,2.557024626530665,4.315399855170323,2.4914972680434584,2580.4481325323745,4349.14367502661,2510.979271520972,2581.406917860426,4349.101058969546,2510.954667128954,1346.63730871176,2265.4846617600074,1307.9781793121085,5.207508148596069,2.512005008466826,1.4503067678440102
RZDT2_VC,GPR-KG,vepm,combined,2,low_t1,3,0.4099453885556805,0.6987569530014234,0.4034275149134945,0.002918623299331031,0.00015338742794435747,8.855827281397912e-05,0.40702676525634957,0.6986383764719822,0.4033590547223021,0.5845895396065169,1.004645079760031,0.580032107239487,0.4072711619942528,0.6984661705916743,0.40325963161095024,371.60517329588794,634.8382231841213,366.52401904721614,372.5745383602635,634.8591566599792,366.53610499513786,169.19931892251523,286.52071760202125,165.42281343593172,3.2331426094094495,2.6999257698052013,1.5588028699890406
RZDT2_VC,GPR-KG,vepm,combined,2,mid_t1,3,0.18820078686274336,0.3127128603070615,0.1805448540773398,0.012509596354000938,5.788774967206513e-05,3.3421507855948475e-05,0.1756911905087424,0.3126784496757397,0.1805249870900832,0.2687531489167933,0.45323620282811217,0.26167604370929437,0.18291685750981054,0.30725531810695667,0.17739394061899555,14.805161093848975,24.888963467683993,14.369649757918117,15.238210029013592,25.312621854880327,14.614249041810362,0.9214468496921874,0.5518345723368908,0.31860183888684596,1.495020510051253,1.4177933554154498,0.8185633754043727
RZDT2_VC,GPR-KG,vepm,random,0,all,3,0.028706862468449335,0.021779778842010673,0.012574561177325378,0.005998766092448521,0.00018919573959407248,0.00010923221118416808,0.022708096376000814,0.02183828516621181,0.0126083398193522,0.037373098700974015,0.034460738169859034,0.019895916458841326,0.02527512550080256,0.02064444130933817,0.011919073747215823,22.970730184992917,20.302219029326448,11.721491621728369,23.753208042886197,20.39806851244056,11.776830346605987,2.88252051217411,1.162997010858078,0.6714566372856415,2.331364491237784,0.4683537338213623,0.27040415429772985
RZDT2_VC,GPR-KG,vepm,random,0,high_t1,3,0.0598084560106257,0.06033031548548797,0.03483172388584153,0.0028934422256128405,0.00026126182295205973,0.00015083958381034403,0.056915013785012854,0.060589555378350125,0.03498139610777019,0.05935206402939882,0.06246326240870957,0.0360631813661307,0.0571869943954444,0.06044876470661251,0.034900110575543083,58.039909970238,60.87802648125962,35.14794497668841,59.006342448114424,60.89600633508526,35.158325650134636,41.46645557601499,47.08464846294183,27.184334464778367,3.3261634014351547,1.1239860888428497,0.6489336709588139
RZDT2_VC,GPR-KG,vepm,random,0,low_t1,3,0.011205656778821245,0.008881951483397677,0.005127997079868845,0.0030554658212421843,0.00012560674176636792,7.251908617084433e-05,0.008150190957579063,0.00877296387252707,0.005065073053394366,0.0090542123686597,0.007995732178467696,0.004616338125606477,0.008711102313783888,0.008094646607838681,0.004673446398030553,8.292422422090693,6.875091529607684,3.9693359453223125,9.213090790328428,6.97453603512889,4.02675025735441,5.020658428217521,3.5049110270013735,2.023561324924931,1.878348716414358,0.6418218485409944,0.37055601702692637
RZDT2_VC,GPR-KG,vepm,random,0,mid_t1,3,0.013542795134092631,0.008741050652027843,0.00504664794694843,0.012520210647412983,7.331179778646535e-05,4.2326586186791186e-05,0.0010225844866796475,0.0087884010734022,0.005073985725475157,0.009540114022335957,0.0037472311076248888,0.002163464888702969,0.008407558915974044,0.0032564813324746627,0.0018801303739152378,0.6822036398797003,0.2667342975262643,0.15399911847889444,1.1047848374901479,0.7170333298198762,0.4139793859894393,1.2097941374899008,0.9076337962293146,0.5240226165785967,0.7688023024775713,0.4033212446644248,0.2328576291769006
RZDT2_VC,GPR-KG,vepm,random,1,all,3,0.6280273476878381,0.3756722421627549,0.21689447013973684,0.005998766092448521,0.00018919573959407248,0.00010923221118416808,0.6220285815953898,0.3758198781263038,0.21697970780303386,1.0569570508174209,0.7608361199820431,0.43926893868082306,0.6232913573330913,0.37796875510803923,0.2182203625068942,569.8390235983874,412.5164848264142,238.16650355968844,570.7240542888417,412.3286448436206,238.05805409505797,26.085591342239383,34.3428880763964,19.82787567565665,4.367804090096985,0.05202525680355999,0.03003679602019477
RZDT2_VC,GPR-KG,vepm,random,1,high_t1,3,1.5193049074017528,1.5267903657587056,0.8814928286669159,0.0028934422256128405,0.00026126182295205973,0.00015083958381034403,1.51641146517614,1.526852964750376,0.8815289702116078,1.5949441501207406,1.6079617159795372,0.9283571295673985,1.51641146517614,1.526852964750376,0.8815289702116078,1495.0361104198375,1476.1214395086424,852.2391104568926,1496.0361104198375,1476.1214395086424,852.2391104568926,975.0512980570296,904.3323633667276,522.1165334266707,6.028577945940268,1.7763525503590447,1.0255776231254727
RZDT2_VC,GPR-KG,vepm,random,1,low_t1,3,0.2155556146429972,0.3442588357325647,0.1987579314811034,0.0030554658212421843,0.00012560674176636792,7.251908617084433e-05,0.21250014882175505,0.34416901795016547,0.19870607516025718,0.21329647125030415,0.3434443220965437,0.19828767181408805,0.21314638667591915,0.34357297424936667,0.19836194916915223,173.0473866610498,276.9050124349463,159.87118346927292,173.95308565801153,276.9922755599158,159.9215648579644,91.51207439475684,144.53697714654368,83.44846266341179,3.310850130605329,2.319058854797303,1.3389092540838081
RZDT2_VC,GPR-KG,vepm,random,1,mid_t1,3,0.11729186931392092,0.1703264439330734,0.09833801825487162,0.012520210647412983,7.331179778646535e-05,4.2326586186791186e-05,0.10477165866650794,0.170287859706147,0.0983157416410692,0.14784247217897237,0.2351389318036463,0.13575752557379625,0.10816024455533173,0.1671342168650254,0.0964949850978197,8.771346958041006,13.52991337289768,7.811499127954793,9.504830680238305,13.778276550418038,7.954891675352963,1.8950324437256585,1.4089025473286496,0.8134302649621453,1.5537804382052347,1.0718818130730319,0.6188512533171792
RZDT2_VC,GPR-KG,vepm,random,2,all,3,1.064078400473539,1.3095028666161252,0.7560418325454066,0.005998766092448521,0.00018919573959407248,0.00010923221118416808,1.0580796343810908,1.3095890544819628,0.7560915931329487,1.8240820095223738,2.4350826047680108,1.4058955973617862,1.0603386098580065,1.311607452760061,0.7572569159221406,951.198061297741,1316.298901236445,759.9655249628703,952.0138870117643,1316.1174142723476,759.8607434152941,37.040759114324565,59.73455422224776,34.487760960137045,4.011887132402053,1.420378076987531,0.820055665099794
RZDT2_VC,GPR-KG,vepm,random,2,high_t1,3,2.556462123256831,4.30979949550377,2.4882638988824155,0.0028934422256128405,0.00026126182295205973,0.00015083958381034403,2.553568681031219,4.3097511519303175,2.488235987707269,2.689331840701034,4.538447763586019,2.6202740380094434,2.5538092057863206,4.3101677510378735,2.4884765113141603,2481.3892210213558,4179.824510494319,2413.222806299291,2482.359570074688,4179.773153856786,2413.1931555307865,1520.4753982463199,2557.830457858558,1476.7641033860623,5.276254053293125,2.5358511349472486,1.4640743353866121
RZDT2_VC,GPR-KG,vepm,random,2,low_t1,3,0.3999150853331535,0.6811931041112125,0.39328702202872534,0.0030554658212421843,0.00012560674176636792,7.251908617084433e-05,0.39685961951191123,0.6811067322917206,0.3932371552354913,0.39743559222771146,0.6806103428387971,0.39295056465122297,0.39710796743363924,0.6808914925532921,0.39311288651456927,321.38382714659156,548.4129717660123,316.62637687618985,322.3530810501465,548.4396165561371,316.6417602529409,168.89875975525513,286.78089573455173,165.57302735078545,3.2325788691686044,2.7875436941397846,1.6093891021894486
RZDT2_VC,GPR-KG,vepm,random,2,mid_t1,3,0.20048625470199458,0.33416117822144326,0.1929280461988728,0.012520210647412983,7.331179778646535e-05,4.2326586186791186e-05,0.1879660440545816,0.3341194661556969,0.19290396372648566,0.2770589289076639,0.4700511858876066,0.2713841787051125,0.1947359494074008,0.3282547295876714,0.1895179564902099,15.758817868437491,26.58362724378185,15.348064345234121,16.229739149155666,27.042003239520284,15.612707849763769,0.9488490751000604,0.5960274942409405,0.3441166342444251,1.4872560146787857,1.494735380417308,0.8629858742511906
RZDT2_VC,GPR-KG-oracleV,oracle,axis,0,all,3,0.006093069306930692,0.0,0.0,0.006093069306930692,0.0,0.0,0.0,0.0,0.0,0.0,0.0,0.0,0.0,0.0,0.0,0.0,0.0,0.0,1.0,0.0,0.0,1.0,0.0,0.0,0.0,0.0,0.0
RZDT2_VC,GPR-KG-oracleV,oracle,axis,0,high_t1,3,0.0029880223129753344,5.311484201212962e-19,3.066586833366748e-19,0.0029880223129753344,5.311484201212962e-19,3.066586833366748e-19,0.0,0.0,0.0,0.0,0.0,0.0,0.0,0.0,0.0,0.0,0.0,0.0,1.0,0.0,0.0,1.0,0.0,0.0,0.0,0.0,0.0
RZDT2_VC,GPR-KG-oracleV,oracle,axis,0,low_t1,3,0.002988022312975333,0.0,0.0,0.002988022312975333,0.0,0.0,0.0,0.0,0.0,0.0,0.0,0.0,0.0,0.0,0.0,0.0,0.0,0.0,1.0,0.0,0.0,1.0,0.0,0.0,0.0,0.0,0.0
RZDT2_VC,GPR-KG-oracleV,oracle,axis,0,mid_t1,3,0.012491347961141736,0.0,0.0,0.012491347961141736,0.0,0.0,0.0,0.0,0.0,0.0,0.0,0.0,0.0,0.0,0.0,0.0,0.0,0.0,1.0,0.0,0.0,1.0,0.0,0.0,0.0,0.0,0.0
RZDT2_VC,GPR-KG-oracleV,oracle,axis,1,all,3,0.006093069306930692,0.0,0.0,0.006093069306930692,0.0,0.0,0.0,0.0,0.0,0.0,0.0,0.0,0.0,0.0,0.0,0.0,0.0,0.0,1.0,0.0,0.0,1.0,0.0,0.0,0.0,0.0,0.0
RZDT2_VC,GPR-KG-oracleV,oracle,axis,1,high_t1,3,0.0029880223129753344,5.311484201212962e-19,3.066586833366748e-19,0.0029880223129753344,5.311484201212962e-19,3.066586833366748e-19,0.0,0.0,0.0,0.0,0.0,0.0,0.0,0.0,0.0,0.0,0.0,0.0,1.0,0.0,0.0,1.0,0.0,0.0,0.0,0.0,0.0
RZDT2_VC,GPR-KG-oracleV,oracle,axis,1,low_t1,3,0.002988022312975333,0.0,0.0,0.002988022312975333,0.0,0.0,0.0,0.0,0.0,0.0,0.0,0.0,0.0,0.0,0.0,0.0,0.0,0.0,1.0,0.0,0.0,1.0,0.0,0.0,0.0,0.0,0.0
RZDT2_VC,GPR-KG-oracleV,oracle,axis,1,mid_t1,3,0.012491347961141736,0.0,0.0,0.012491347961141736,0.0,0.0,0.0,0.0,0.0,0.0,0.0,0.0,0.0,0.0,0.0,0.0,0.0,0.0,1.0,0.0,0.0,1.0,0.0,0.0,0.0,0.0,0.0
RZDT2_VC,GPR-KG-oracleV,oracle,axis,2,all,3,0.006093069306930692,0.0,0.0,0.006093069306930692,0.0,0.0,0.0,0.0,0.0,0.0,0.0,0.0,0.0,0.0,0.0,0.0,0.0,0.0,1.0,0.0,0.0,1.0,0.0,0.0,0.0,0.0,0.0
RZDT2_VC,GPR-KG-oracleV,oracle,axis,2,high_t1,3,0.0029880223129753344,5.311484201212962e-19,3.066586833366748e-19,0.0029880223129753344,5.311484201212962e-19,3.066586833366748e-19,0.0,0.0,0.0,0.0,0.0,0.0,0.0,0.0,0.0,0.0,0.0,0.0,1.0,0.0,0.0,1.0,0.0,0.0,0.0,0.0,0.0
RZDT2_VC,GPR-KG-oracleV,oracle,axis,2,low_t1,3,0.002988022312975333,0.0,0.0,0.002988022312975333,0.0,0.0,0.0,0.0,0.0,0.0,0.0,0.0,0.0,0.0,0.0,0.0,0.0,0.0,1.0,0.0,0.0,1.0,0.0,0.0,0.0,0.0,0.0
RZDT2_VC,GPR-KG-oracleV,oracle,axis,2,mid_t1,3,0.012491347961141736,0.0,0.0,0.012491347961141736,0.0,0.0,0.0,0.0,0.0,0.0,0.0,0.0,0.0,0.0,0.0,0.0,0.0,0.0,1.0,0.0,0.0,1.0,0.0,0.0,0.0,0.0,0.0
RZDT2_VC,GPR-KG-oracleV,oracle,combined,0,all,3,0.005836382289096332,0.00020829780877480318,0.00012026079596774181,0.005836382289096332,0.00020829780877480318,0.00012026079596774181,0.0,0.0,0.0,0.0,0.0,0.0,0.0,0.0,0.0,0.0,0.0,0.0,1.0,0.0,0.0,1.0,0.0,0.0,0.0,0.0,0.0
RZDT2_VC,GPR-KG-oracleV,oracle,combined,0,high_t1,3,0.0028513715533776476,0.00020150327938600168,0.00011633797259610044,0.0028513715533776476,0.00020150327938600168,0.00011633797259610044,0.0,0.0,0.0,0.0,0.0,0.0,0.0,0.0,0.0,0.0,0.0,0.0,1.0,0.0,0.0,1.0,0.0,0.0,0.0,0.0,0.0
RZDT2_VC,GPR-KG-oracleV,oracle,combined,0,low_t1,3,0.002855972248827631,0.00013494258407107033,7.790913723857616e-05,0.002855972248827631,0.00013494258407107033,7.790913723857616e-05,0.0,0.0,0.0,0.0,0.0,0.0,0.0,0.0,0.0,0.0,0.0,0.0,1.0,0.0,0.0,1.0,0.0,0.0,0.0,0.0,0.0
RZDT2_VC,GPR-KG-oracleV,oracle,combined,0,mid_t1,3,0.012511458765441652,4.9513991370761516e-05,2.858691624656197e-05,0.012511458765441652,4.9513991370761516e-05,2.858691624656197e-05,0.0,0.0,0.0,0.0,0.0,0.0,0.0,0.0,0.0,0.0,0.0,0.0,1.0,0.0,0.0,1.0,0.0,0.0,0.0,0.0,0.0
RZDT2_VC,GPR-KG-oracleV,oracle,combined,1,all,3,0.005836382289096332,0.00020829780877480318,0.00012026079596774181,0.005836382289096332,0.00020829780877480318,0.00012026079596774181,0.0,0.0,0.0,0.0,0.0,0.0,0.0,0.0,0.0,0.0,0.0,0.0,1.0,0.0,0.0,1.0,0.0,0.0,0.0,0.0,0.0
RZDT2_VC,GPR-KG-oracleV,oracle,combined,1,high_t1,3,0.0028513715533776476,0.00020150327938600168,0.00011633797259610044,0.0028513715533776476,0.00020150327938600168,0.00011633797259610044,0.0,0.0,0.0,0.0,0.0,0.0,0.0,0.0,0.0,0.0,0.0,0.0,1.0,0.0,0.0,1.0,0.0,0.0,0.0,0.0,0.0
RZDT2_VC,GPR-KG-oracleV,oracle,combined,1,low_t1,3,0.002855972248827631,0.00013494258407107033,7.790913723857616e-05,0.002855972248827631,0.00013494258407107033,7.790913723857616e-05,0.0,0.0,0.0,0.0,0.0,0.0,0.0,0.0,0.0,0.0,0.0,0.0,1.0,0.0,0.0,1.0,0.0,0.0,0.0,0.0,0.0
RZDT2_VC,GPR-KG-oracleV,oracle,combined,1,mid_t1,3,0.012511458765441652,4.9513991370761516e-05,2.858691624656197e-05,0.012511458765441652,4.9513991370761516e-05,2.858691624656197e-05,0.0,0.0,0.0,0.0,0.0,0.0,0.0,0.0,0.0,0.0,0.0,0.0,1.0,0.0,0.0,1.0,0.0,0.0,0.0,0.0,0.0
RZDT2_VC,GPR-KG-oracleV,oracle,combined,2,all,3,0.005836382289096332,0.00020829780877480318,0.00012026079596774181,0.005836382289096332,0.00020829780877480318,0.00012026079596774181,0.0,0.0,0.0,0.0,0.0,0.0,0.0,0.0,0.0,0.0,0.0,0.0,1.0,0.0,0.0,1.0,0.0,0.0,0.0,0.0,0.0
RZDT2_VC,GPR-KG-oracleV,oracle,combined,2,high_t1,3,0.0028513715533776476,0.00020150327938600168,0.00011633797259610044,0.0028513715533776476,0.00020150327938600168,0.00011633797259610044,0.0,0.0,0.0,0.0,0.0,0.0,0.0,0.0,0.0,0.0,0.0,0.0,1.0,0.0,0.0,1.0,0.0,0.0,0.0,0.0,0.0
RZDT2_VC,GPR-KG-oracleV,oracle,combined,2,low_t1,3,0.002855972248827631,0.00013494258407107033,7.790913723857616e-05,0.002855972248827631,0.00013494258407107033,7.790913723857616e-05,0.0,0.0,0.0,0.0,0.0,0.0,0.0,0.0,0.0,0.0,0.0,0.0,1.0,0.0,0.0,1.0,0.0,0.0,0.0,0.0,0.0
RZDT2_VC,GPR-KG-oracleV,oracle,combined,2,mid_t1,3,0.012511458765441652,4.9513991370761516e-05,2.858691624656197e-05,0.012511458765441652,4.9513991370761516e-05,2.858691624656197e-05,0.0,0.0,0.0,0.0,0.0,0.0,0.0,0.0,0.0,0.0,0.0,0.0,1.0,0.0,0.0,1.0,0.0,0.0,0.0,0.0,0.0
RZDT2_VC,GPR-KG-oracleV,oracle,random,0,all,3,0.005998766092448521,0.00018919573959407248,0.00010923221118416808,0.005998766092448521,0.00018919573959407248,0.00010923221118416808,0.0,0.0,0.0,0.0,0.0,0.0,0.0,0.0,0.0,0.0,0.0,0.0,1.0,0.0,0.0,1.0,0.0,0.0,0.0,0.0,0.0
RZDT2_VC,GPR-KG-oracleV,oracle,random,0,high_t1,3,0.0028934422256128405,0.00026126182295205973,0.00015083958381034403,0.0028934422256128405,0.00026126182295205973,0.00015083958381034403,0.0,0.0,0.0,0.0,0.0,0.0,0.0,0.0,0.0,0.0,0.0,0.0,1.0,0.0,0.0,1.0,0.0,0.0,0.0,0.0,0.0
RZDT2_VC,GPR-KG-oracleV,oracle,random,0,low_t1,3,0.0030554658212421843,0.00012560674176636792,7.251908617084433e-05,0.0030554658212421843,0.00012560674176636792,7.251908617084433e-05,0.0,0.0,0.0,0.0,0.0,0.0,0.0,0.0,0.0,0.0,0.0,0.0,1.0,0.0,0.0,1.0,0.0,0.0,0.0,0.0,0.0
RZDT2_VC,GPR-KG-oracleV,oracle,random,0,mid_t1,3,0.012520210647412983,7.331179778646535e-05,4.2326586186791186e-05,0.012520210647412983,7.331179778646535e-05,4.2326586186791186e-05,0.0,0.0,0.0,0.0,0.0,0.0,0.0,0.0,0.0,0.0,0.0,0.0,1.0,0.0,0.0,1.0,0.0,0.0,0.0,0.0,0.0
RZDT2_VC,GPR-KG-oracleV,oracle,random,1,all,3,0.005998766092448521,0.00018919573959407248,0.00010923221118416808,0.005998766092448521,0.00018919573959407248,0.00010923221118416808,0.0,0.0,0.0,0.0,0.0,0.0,0.0,0.0,0.0,0.0,0.0,0.0,1.0,0.0,0.0,1.0,0.0,0.0,0.0,0.0,0.0
RZDT2_VC,GPR-KG-oracleV,oracle,random,1,high_t1,3,0.0028934422256128405,0.00026126182295205973,0.00015083958381034403,0.0028934422256128405,0.00026126182295205973,0.00015083958381034403,0.0,0.0,0.0,0.0,0.0,0.0,0.0,0.0,0.0,0.0,0.0,0.0,1.0,0.0,0.0,1.0,0.0,0.0,0.0,0.0,0.0
RZDT2_VC,GPR-KG-oracleV,oracle,random,1,low_t1,3,0.0030554658212421843,0.00012560674176636792,7.251908617084433e-05,0.0030554658212421843,0.00012560674176636792,7.251908617084433e-05,0.0,0.0,0.0,0.0,0.0,0.0,0.0,0.0,0.0,0.0,0.0,0.0,1.0,0.0,0.0,1.0,0.0,0.0,0.0,0.0,0.0
RZDT2_VC,GPR-KG-oracleV,oracle,random,1,mid_t1,3,0.012520210647412983,7.331179778646535e-05,4.2326586186791186e-05,0.012520210647412983,7.331179778646535e-05,4.2326586186791186e-05,0.0,0.0,0.0,0.0,0.0,0.0,0.0,0.0,0.0,0.0,0.0,0.0,1.0,0.0,0.0,1.0,0.0,0.0,0.0,0.0,0.0
RZDT2_VC,GPR-KG-oracleV,oracle,random,2,all,3,0.005998766092448521,0.00018919573959407248,0.00010923221118416808,0.005998766092448521,0.00018919573959407248,0.00010923221118416808,0.0,0.0,0.0,0.0,0.0,0.0,0.0,0.0,0.0,0.0,0.0,0.0,1.0,0.0,0.0,1.0,0.0,0.0,0.0,0.0,0.0
RZDT2_VC,GPR-KG-oracleV,oracle,random,2,high_t1,3,0.0028934422256128405,0.00026126182295205973,0.00015083958381034403,0.0028934422256128405,0.00026126182295205973,0.00015083958381034403,0.0,0.0,0.0,0.0,0.0,0.0,0.0,0.0,0.0,0.0,0.0,0.0,1.0,0.0,0.0,1.0,0.0,0.0,0.0,0.0,0.0
RZDT2_VC,GPR-KG-oracleV,oracle,random,2,low_t1,3,0.0030554658212421843,0.00012560674176636792,7.251908617084433e-05,0.0030554658212421843,0.00012560674176636792,7.251908617084433e-05,0.0,0.0,0.0,0.0,0.0,0.0,0.0,0.0,0.0,0.0,0.0,0.0,1.0,0.0,0.0,1.0,0.0,0.0,0.0,0.0,0.0
RZDT2_VC,GPR-KG-oracleV,oracle,random,2,mid_t1,3,0.012520210647412983,7.331179778646535e-05,4.2326586186791186e-05,0.012520210647412983,7.331179778646535e-05,4.2326586186791186e-05,0.0,0.0,0.0,0.0,0.0,0.0,0.0,0.0,0.0,0.0,0.0,0.0,1.0,0.0,0.0,1.0,0.0,0.0,0.0,0.0,0.0
RZDT2_VC,GPR-KG-pooled-pre,pooled_pre,axis,0,all,3,0.004559587768050144,0.0001706967650322125,9.85518232411462e-05,0.006093069306930692,0.0,0.0,-0.0015334815388805493,0.000170696765032213,9.855182324114648e-05,0.005265400685706422,4.8946115872648406e-05,2.8259053174860174e-05,0.004459484622370842,2.8782140774763196e-06,1.6617376724163237e-06,2.3209156623405973,0.0862770878657347,0.049812099904178925,2.800589503475846,0.10484534847125697,0.060532490163160334,0.9305281159286006,0.034836074496369954,0.02011261698798905,1.2603368083819315,0.008262317611530717,0.004770251297147445
RZDT2_VC,GPR-KG-pooled-pre,pooled_pre,axis,0,high_t1,3,0.004559587768050144,0.00017069676503221343,9.855182324114673e-05,0.0029880223129753344,5.311484201212962e-19,3.066586833366748e-19,0.00157156545507481,0.0001706967650322127,9.855182324114631e-05,0.003059681357704644,8.873213760237176e-05,5.1229523530500256e-05,0.0027744097130504766,7.878760529673093e-05,4.548804512687359e-05,3.1423797364883033,0.1349016261194501,0.07788549015418278,3.9792676421508237,0.14897138694689077,0.0860086703553393,2.302634266735249,0.0862034553075645,0.04976958812689824,1.3656297523209953,0.024420745188481155,0.014099323808380854
RZDT2_VC,GPR-KG-pooled-pre,pooled_pre,axis,0,low_t1,3,0.004559587768050144,0.00017069676503221343,9.855182324114673e-05,0.002988022312975333,0.0,0.0,0.0015715654550748108,0.00017069676503221268,9.855182324114629e-05,0.003059681357704645,8.873213760237153e-05,5.122952353050012e-05,0.0027744097130504766,7.87876052967314e-05,4.548804512687386e-05,3.1423797364883046,0.13490162611944945,0.07788549015418239,3.9792676421508237,0.14897138694689038,0.08600867035533907,2.30263426673525,0.0862034553075645,0.04976958812689824,1.3656297523209957,0.024420745188481058,0.014099323808380798
RZDT2_VC,GPR-KG-pooled-pre,pooled_pre,axis,0,mid_t1,3,0.004559587768050144,0.0001706967650322127,9.855182324114631e-05,0.012491347961141736,0.0,0.0,-0.007931760193091593,0.00017069676503221308,9.855182324114653e-05,0.00809557658904862,0.000167220106254079,9.654457335971034e-05,0.007931760193091593,0.00017069676503221308,9.855182324114653e-05,0.6282018125816864,0.013918966157830285,0.008036118858064607,0.37179818741831366,0.013918966157830144,0.008036118858064526,0.3519848940541706,0.013177218163506643,0.007607870453870987,1.00851991852631,0.03689831307618257,0.021303250987177096
RZDT2_VC,GPR-KG-pooled-pre,pooled_pre,axis,1,all,3,0.0032352941866694712,0.0009277338877455815,0.0005356274098262495,0.006093069306930692,0.0,0.0,-0.002857775120261223,0.0009277338877455815,0.0005356274098262495,0.005828650757747056,0.00042875412868152317,0.00024754131161044084,0.004606586073037746,0.00012790581042406262,7.38464540792498e-05,1.684086388404368,0.43969373394132916,0.2538572956520181,1.9871820438095569,0.5698326077294052,0.32899300946559856,0.6602641197284632,0.18933344647869002,0.1093117162910713,1.253688010627463,0.016030196645661042,0.00925503834853504
RZDT2_VC,GPR-KG-pooled-pre,pooled_pre,axis,1,high_t1,3,0.00323529418666947,0.0009277338877455806,0.0005356274098262491,0.0029880223129753344,5.311484201212962e-19,3.066586833366748e-19,0.00024727187369413627,0.000927733887745581,0.0005356274098262492,0.0027377189432713834,0.00016196225033526408,9.350894882962228e-05,0.0023502267473415827,0.00026369918649327714,0.00015224679630697889,2.1440961714155695,0.6897835965039636,0.3982467451241516,2.823523117608054,0.8096568435201963,0.46745559655760804,1.633853680676104,0.4685142493151357,0.27049682796126906,1.175283026642176,0.1323178280144539,0.07639373362273158
RZDT2_VC,GPR-KG-pooled-pre,pooled_pre,axis,1,low_t1,3,0.00323529418666947,0.0009277338877455806,0.0005356274098262491,0.002988022312975333,0.0,0.0,0.00024727187369413714,0.0009277338877455814,0.0005356274098262495,0.002737718943271383,0.00016196225033526416,9.350894882962232e-05,0.002350226747341582,0.00026369918649327736,0.00015224679630697902,2.1440961714155704,0.6897835965039641,0.3982467451241519,2.8235231176080546,0.8096568435201961,0.46745559655760793,1.633853680676105,0.46851424931513586,0.2704968279612691,1.175283026642176,0.1323178280144541,0.07639373362273169
RZDT2_VC,GPR-KG-pooled-pre,pooled_pre,axis,1,mid_t1,3,0.00323529418666947,0.0009277338877455811,0.0005356274098262493,0.012491347961141736,0.0,0.0,-0.009256053774472266,0.0009277338877455804,0.0005356274098262489,0.009397726472266109,0.000913087679284383,0.0005271714174285692,0.009256053774472266,0.0009277338877455804,0.0005356274098262489,0.7361874415934069,0.07564933397868505,0.043676163336609716,0.2638125584065932,0.07564933397868505,0.043676163336609716,0.2497538679940603,0.07161794679702742,0.04134864086207208,1.3749561087410411,0.27422017565560214,0.15832109223198837
RZDT2_VC,GPR-KG-pooled-pre,pooled_pre,axis,2,all,3,0.004380362244874162,0.0014557283654154111,0.0008404651636395615,0.006093069306930692,0.0,0.0,-0.0017127070620565298,0.001455728365415412,0.0008404651636395621,0.005434314335524242,0.0005040945463580518,0.00029103912203684346,0.0045337411355172216,0.00010211281603570353,5.895486182592417e-05,2.2475685422473677,0.7185270636328599,0.41484179360846307,2.6905056221042045,0.8941373184352348,0.516230421491073,0.8939514785457475,0.2970874215133493,0.17152350278358405,1.2788885282117108,0.04243640935363487,0.024500672363762247
RZDT2_VC,GPR-KG-pooled-pre,pooled_pre,axis,2,high_t1,3,0.004380362244874164,0.001455728365415412,0.0008404651636395621,0.0029880223129753344,5.311484201212962e-19,3.066586833366748e-19,0.0013923399318988298,0.001455728365415412,0.0008404651636395621,0.0031633508717633526,0.0005773748776041665,0.00033334754100809277,0.0027977253830942564,0.0005830659641442461,0.0003366332913539892,3.026345399048665,1.124821395042985,0.6494159352183179,3.8228529921205836,1.2704509870057519,0.7334952193399966,2.212123709173365,0.7351563754846787,0.4244427312825489,1.3360846017779575,0.2069784018785369,0.11949903604101182
RZDT2_VC,GPR-KG-pooled-pre,pooled_pre,axis,2,low_t1,3,0.004380362244874164,0.001455728365415412,0.0008404651636395621,0.002988022312975333,0.0,0.0,0.0013923399318988307,0.001455728365415412,0.0008404651636395621,0.0031633508717633526,0.0005773748776041666,0.0003333475410080928,0.0027977253830942564,0.0005830659641442468,0.0003366332913539896,3.026345399048665,1.1248213950429848,0.6494159352183178,3.822852992120584,1.2704509870057525,0.7334952193399971,2.2121237091733668,0.7351563754846792,0.4244427312825491,1.3360846017779577,0.206978401878537,0.11949903604101189
RZDT2_VC,GPR-KG-pooled-pre,pooled_pre,axis,2,mid_t1,3,0.004380362244874164,0.001455728365415412,0.0008404651636395621,0.012491347961141736,0.0,0.0,-0.008110985716267574,0.001455728365415412,0.0008404651636395621,0.008274441147889198,0.0014278832390289535,0.0008243887724247211,0.008110985716267574,0.001455728365415412,0.0008404651636395621,0.6428162312628788,0.11870309228992623,0.0685332622872299,0.35718376873712127,0.11870309228992615,0.06853326228722986,0.3381492843464364,0.11237735087869893,0.06488109378063386,1.0892674782439975,0.35849411879613097,0.2069766759898439
RZDT2_VC,GPR-KG-pooled-pre,pooled_pre,combined,0,all,3,0.004559587768050145,0.00017069676503221373,9.855182324114691e-05,0.005879823068276477,0.00018888599929824267,0.00010905338254099187,-0.0013202353002263318,0.00032385045785885346,0.0001869751490219926,0.00521390738781033,9.173601319139676e-05,5.2963811910435985e-05,0.004429468133232032,4.731616681969644e-05,2.7318001650372982e-05,2.5317917725542154,0.142497136603536,0.08227076017680239,3.0314189836666094,0.17703134030199572,0.10220909197835748,1.0606178009604614,0.1417539845102849,0.08184170111571504,1.3043122262204105,0.02186612340198619,0.012624412232270302
RZDT2_VC,GPR-KG-pooled-pre,pooled_pre,combined,0,high_t1,3,0.004559587768050144,0.00017069676503221343,9.855182324114673e-05,0.002865997769389892,0.0002422698266340495,0.00013987454962369246,0.0016935899986602516,0.00041215992634754993,0.0002379606444259343,0.0031155495379337986,0.00013662715260179302,7.888172333325728e-05,0.0028455383420148816,0.00014691917502205373,8.482382524810047e-05,3.3930795389799435,0.20537424132236698,0.11857287351208375,4.235215895533806,0.24114920189130612,0.139227556626809,2.683018819125591,0.5042674937965049,0.29113897328699007,1.418267195793763,0.042944911226355416,0.02479425605686088
RZDT2_VC,GPR-KG-pooled-pre,pooled_pre,combined,0,low_t1,3,0.004559587768050144,0.00017069676503221325,9.855182324114662e-05,0.0029049441805610796,0.00010762511509113768,6.21373891694328e-05,0.0016546435874890645,0.00020898966746730043,0.00012066024077009628,0.0031017045848720204,9.326870674870402e-05,5.3848712948332536e-05,0.002825639474362615,9.034644022490578e-05,5.216154158417379e-05,3.3848037531778523,0.2526592706812797,0.14587289794109135,4.2255796978466575,0.26710385204756015,0.15421248088124484,2.484876179227609,0.5482270082518044,0.3165190107912025,1.413973229927846,0.05197780428793543,0.030009399297525205
RZDT2_VC,GPR-KG-pooled-pre,pooled_pre,combined,0,mid_t1,3,0.004559587768050144,0.00017069676503221325,9.855182324114662e-05,0.012513990971517596,5.0660714749777294e-05,2.9248977298122768e-05,-0.007954403203467452,0.00021885379636970195,0.00012635529824721897,0.008118456769430182,0.000217314122995783,0.00012546636741032275,0.007954403203467452,0.00021885379636970195,0.00012635529824721897,0.628816242406509,0.015206508032136705,0.008779481505788334,0.37118375759349104,0.015206508032136757,0.008779481505788363,0.3519848940541706,0.013177218163506694,0.007607870453871016,1.0103142857760241,0.040699646425397376,0.023497951819625766
RZDT2_VC,GPR-KG-pooled-pre,pooled_pre,combined,1,all,3,0.00323529418666947,0.0009277338877455813,0.0005356274098262494,0.005879823068276477,0.00018888599929824267,0.00010905338254099187,-0.002644528881607005,0.0007390084560375272,0.00042666673102667607,0.005715575457938164,0.00031777139834761927,0.0001834654023767618,0.004489846584349284,1.48474967674076e-05,8.572206255454876e-06,1.8028504699768686,0.43564985675963647,0.25152256207259804,2.136229393112694,0.5359882367056613,0.3094529527444864,0.736433009928971,0.12919794670872756,0.07459246931103078,1.270786755457902,0.015761405479972183,0.009099851696668783
RZDT2_VC,GPR-KG-pooled-pre,pooled_pre,combined,1,high_t1,3,0.00323529418666947,0.0009277338877455816,0.0005356274098262497,0.002865997769389892,0.0002422698266340495,0.00013987454962369246,0.0003692964172795782,0.000780718399429461,0.0004507479780718931,0.0026896988207621153,0.000262231384267404,0.00015139936029675392,0.002326870486522239,0.0003418792159647353,0.00019738405736757816,2.3023422458680165,0.7646184244092298,0.44145265316001636,3.0032710707906283,0.853384157117163,0.492701572833756,1.881194519416226,0.4882470098762104,0.28188954258306,1.2099613737814698,0.14830910125115435,0.08562629953062544
RZDT2_VC,GPR-KG-pooled-pre,pooled_pre,combined,1,low_t1,3,0.00323529418666947,0.0009277338877455816,0.0005356274098262497,0.0029049441805610796,0.00010762511509113768,6.21373891694328e-05,0.0003303500061083908,0.0008380618365001399,0.0004838552269009079,0.0027227756784210092,0.00018680070917117799,0.0001078494397247926,0.0023490215029473532,0.0002783648002403393,0.0001607139923516763,2.2812738083503294,0.6307577626973911,0.3641681640867849,2.9744820881787866,0.7327868659557918,0.4230746943181986,1.7129978048828516,0.32184057580568376,0.1858147430775557,1.210350015893206,0.11316811990652775,0.06533764449171765
RZDT2_VC,GPR-KG-pooled-pre,pooled_pre,combined,1,mid_t1,3,0.00323529418666947,0.0009277338877455816,0.0005356274098262497,0.012513990971517596,5.0660714749777294e-05,2.9248977298122768e-05,-0.009278696784848127,0.0009152932307083271,0.0005284447931368949,0.009420855549670407,0.0008971327877196091,0.0005179598564887557,0.009278696784848127,0.0009152932307083271,0.0005284447931368949,0.7366751943809451,0.07524529961688943,0.04344289398906516,0.26332480561905497,0.07524529961688943,0.04344289398906516,0.2497538679940602,0.07161794679702733,0.04134864086207203,1.376779353766315,0.27340477000712765,0.15785031756134288
RZDT2_VC,GPR-KG-pooled-pre,pooled_pre,combined,2,all,3,0.004380362244874163,0.0014557283654154118,0.000840465163639562,0.005879823068276477,0.00018888599929824267,0.00010905338254099187,-0.0014994608234023118,0.001641542827799191,0.0009477451935161625,0.00540686009149895,0.0005313029281120383,0.0003067478885667217,0.0045281632772835876,0.00013134154861842208,7.583007845062832e-05,2.4741697657991035,0.8758080845174528,0.505648033354602,2.934915806557377,1.0695668984982902,0.617514736764301,1.038799814614257,0.42277907532618014,0.2440916129473112,1.3256720083317397,0.07067465830591559,0.04080403299780519
RZDT2_VC,GPR-KG-pooled-pre,pooled_pre,combined,2,high_t1,3,0.004380362244874164,0.001455728365415412,0.0008404651636395621,0.002865997769389892,0.0002422698266340495,0.00013987454962369246,0.0015143644754842716,0.0016060153005378103,0.0009272333660881626,0.003250937689817895,0.0005222403004694103,0.0003015155780576851,0.002889898026481956,0.0005038324653504577,0.00029088780949655955,3.264565275220764,1.1550781121101916,0.6668846589618639,4.064772305613182,1.330834072649238,0.7683574100907636,2.5804875813281662,0.9282339220099292,0.5359161047433747,1.3915503709292547,0.19870156295913713,0.1147204008628572
RZDT2_VC,GPR-KG-pooled-pre,pooled_pre,combined,2,low_t1,3,0.004380362244874164,0.0014557283654154127,0.0008404651636395625,0.0029049441805610796,0.00010762511509113768,6.21373891694328e-05,0.0014754180643130842,0.0015555021427411217,0.0008980695808366263,0.003218977007034976,0.0006567087794000661,0.00037915099056581874,0.002865167508641959,0.0006748835294541334,0.00038964418740198865,3.3036835339164377,1.4073225091644106,0.812518029502692,4.101825475689996,1.5512219042052788,0.8955983839657616,2.4838317683049955,1.3172095111484186,0.7604912658406748,1.386654303128151,0.25163338569541455,0.14528060296834452
RZDT2_VC,GPR-KG-pooled-pre,pooled_pre,combined,2,mid_t1,3,0.004380362244874164,0.0014557283654154118,0.000840465163639562,0.012513990971517596,5.0660714749777294e-05,2.9248977298122768e-05,-0.008133628726643432,0.00146263698166457,0.0008444538550907413,0.00829689133570976,0.0014387897741214505,0.0008306856633963004,0.008133628726643432,0.00146263698166457,0.0008444538550907413,0.6434381275445588,0.11826040487237402,0.06827767658753928,0.3565618724554413,0.11826040487237398,0.06827767658753925,0.3381492843464364,0.11237735087869898,0.06488109378063389,1.0910139934407963,0.3593361721381942,0.20746283571355612
RZDT2_VC,GPR-KG-pooled-pre,pooled_pre,random,0,all,3,0.004559587768050144,0.0001706967650322129,9.855182324114642e-05,0.005998766092448521,0.00018919573959407248,0.00010923221118416808,-0.0014391783243983781,0.00032466250121306284,0.00018744398247113903,0.005230038800849782,9.857340241585227e-05,5.6911380419729624e-05,0.004429048438171194,5.15963302764089e-05,2.9789155174281518e-05,2.3679701015663235,0.125976799950497,0.07273273936306707,2.8568283954880216,0.16089763072185503,0.09289429040923601,0.9659295838014706,0.1250605950513781,0.07220376821792793,1.2693961571518448,0.01878372941203101,0.010844791232421195
RZDT2_VC,GPR-KG-pooled-pre,pooled_pre,random,0,high_t1,3,0.004559587768050144,0.00017069676503221325,9.855182324114662e-05,0.0028934422256128405,0.00026126182295205973,0.00015083958381034403,0.0016661455424373036,0.0004319580474942569,0.0002493910949994344,0.0031052186788654494,0.00013581338527241386,7.84118945465825e-05,0.0028381352885333,0.00014755911025786083,8.519329202875762e-05,3.3268663812337564,0.1977330128975022,0.11416120822404864,4.16591949846547,0.23301025777345488,0.13452853504944828,2.6380172637475705,0.5510727151370725,0.31816198042744676,1.4052134609657483,0.042927060731740505,0.024783950068989796
RZDT2_VC,GPR-KG-pooled-pre,pooled_pre,random,0,low_t1,3,0.004559587768050144,0.00017069676503221297,9.855182324114646e-05,0.0030554658212421843,0.00012560674176636792,7.251908617084433e-05,0.001504121946807959,0.00021667430200433835,0.00012509696658867902,0.003025135331494596,9.958793835887779e-05,5.749712301953795e-05,0.002741069342609177,9.672039455029247e-05,5.5841545829738175e-05,3.0245015612678574,0.2587221288467777,0.14937329073500016,3.855812707049496,0.2746657275684507,0.15857833174880945,2.177528169883741,0.2891633252490167,0.16694852367228713,1.338630886072626,0.05780937639363133,0.03337625902254745
RZDT2_VC,GPR-KG-pooled-pre,pooled_pre,random,0,mid_t1,3,0.004559587768050145,0.00017069676503221373,9.855182324114691e-05,0.012520210647412983,7.331179778646535e-05,4.2326586186791186e-05,-0.007960622879362838,0.00024242622786575056,0.00013996484791691666,0.008124090684429862,0.00024085530001924382,0.0001390578723018585,0.007960622879362838,0.00024242622786575056,0.00013996484791691666,0.6289979429915582,0.015886709620575493,0.009172196075976679,0.3710020570084418,0.015886709620575472,0.009172196075976666,0.35548962626493874,0.01901187379548537,0.01097651045362267,1.0108034017617264,0.042588582094491886,0.02458852933665937
RZDT2_VC,GPR-KG-pooled-pre,pooled_pre,random,1,all,3,0.003235294186669471,0.000927733887745582,0.0005356274098262499,0.005998766092448521,0.00018919573959407248,0.00010923221118416808,-0.002763471905779052,0.0007387641019090482,0.0004265256531048211,0.005757231689429811,0.0003313324012022487,0.00019129485102536338,0.004522535581844131,3.2345750084459615e-05,1.867482751840312e-05,1.6959853136838763,0.40758184913334616,0.23531749031394286,2.014330147306602,0.5112727036124487,0.29518343305995504,0.6712950362617076,0.12080142436063594,0.06974473487310338,1.248704246358295,0.0174584080423407,0.010079616582867731
RZDT2_VC,GPR-KG-pooled-pre,pooled_pre,random,1,high_t1,3,0.00323529418666947,0.0009277338877455817,0.0005356274098262497,0.0028934422256128405,0.00026126182295205973,0.00015083958381034403,0.00034185196105662995,0.0008004277003396456,0.00046212714825792753,0.00269285643550927,0.0002648312827136501,0.0001529004123645598,0.0023264449046585876,0.00034487011277914745,0.00019911085244849738,2.2639389269165897,0.7865076129712731,0.4540903820686546,2.960970225120212,0.8771709989582775,0.5064349123738945,1.8375308786319842,0.43623872221807997,0.2518625437035469,1.2001504014574194,0.15451680018066308,0.08921031617862545
RZDT2_VC,GPR-KG-pooled-pre,pooled_pre,random,1,low_t1,3,0.00323529418666947,0.0009277338877455811,0.0005356274098262493,0.0030554658212421843,0.00012560674176636792,7.251908617084433e-05,0.0001798283654272854,0.0008260217676508214,0.00047690388990969225,0.0027091937946575524,0.00013335747235800277,7.699397256434098e-05,0.0023218086069518216,0.00022883720148731632,0.0001321192198793027,2.036136430945778,0.5341190844041832,0.3083737971600716,2.7095479605413875,0.6429591361499447,0.37121263033409985,1.5104017607054903,0.254718852914842,0.14706199829805672,1.148859013182811,0.09579900613380915,0.05530958197945333
RZDT2_VC,GPR-KG-pooled-pre,pooled_pre,random,1,mid_t1,3,0.00323529418666947,0.0009277338877455817,0.0005356274098262497,0.012520210647412983,7.331179778646535e-05,4.2326586186791186e-05,-0.009284916460743512,0.0009027652557512894,0.0005212117634230484,0.009426485122697871,0.0008858910827532043,0.0005114694551002516,0.009284916460743512,0.0009027652557512894,0.0005212117634230484,0.7368769246581327,0.07481316509943778,0.04319340100908832,0.2631230753418674,0.0748131650994378,0.043193401009088334,0.2519122728799558,0.07061724251578429,0.040770883975917147,1.3772687488451745,0.27241407738481715,0.15727834090916773
RZDT2_VC,GPR-KG-pooled-pre,pooled_pre,random,2,all,3,0.004380362244874164,0.0014557283654154124,0.0008404651636395623,0.005998766092448521,0.00018919573959407248,0.00010923221118416808,-0.0016184038475743582,0.0016416263551531027,0.0009477934180564281,0.005424260099380312,0.0005632988208212277,0.0003252207258353346,0.004533212254869161,0.00016318651150578492,9.421577634598089e-05,2.3147619604679543,0.8005956710266625,0.4622241261792927,2.7639601244040377,0.9990012257930784,0.5767736266324,0.9453105087781383,0.3818405547971271,0.2204557470996374,1.294232302389504,0.05810425321674708,0.03354650623575111
RZDT2_VC,GPR-KG-pooled-pre,pooled_pre,random,2,high_t1,3,0.004380362244874163,0.0014557283654154116,0.0008404651636395618,0.0028934422256128405,0.00026126182295205973,0.00015083958381034403,0.0014869200192613235,0.0015936844588354925,0.0009201141513119947,0.0032392789003294876,0.0004982025812709976,0.0002876373944077769,0.002878918390285789,0.0004740392515755405,0.0002736866895035871,3.190493422509535,1.088029203647287,0.6281739536119353,3.988304234857353,1.2663218421191484,0.7311112564281932,2.5517026441495316,0.9779905974956259,0.5646431347290226,1.3784804669992134,0.1865688596683135,0.10771558135190232
RZDT2_VC,GPR-KG-pooled-pre,pooled_pre,random,2,low_t1,3,0.004380362244874164,0.001455728365415412,0.0008404651636395621,0.0030554658212421843,0.00012560674176636792,7.251908617084433e-05,0.001324896423631979,0.001570721598499948,0.0009068565377159043,0.003164493588022073,0.0006129633397464033,0.000353894549205958,0.002797668905303139,0.0006354622990652403,0.00036688432942517496,2.9636529713567215,1.288065113870315,0.7436647402267924,3.7490785748539057,1.4418865647832255,0.8324735963185,2.144640360396057,0.9338354302437956,0.5391501370300654,1.3171437947492342,0.24485367413566914,0.1413663346742975
RZDT2_VC,GPR-KG-pooled-pre,pooled_pre,random,2,mid_t1,3,0.004380362244874164,0.001455728365415412,0.0008404651636395621,0.012520210647412983,7.331179778646535e-05,4.2326586186791186e-05,-0.00813984840253882,0.0014741610647176044,0.0008511072875435743,0.008302690422901013,0.0014491675241666622,0.000836677260178486,0.00813984840253882,0.0014741610647176044,0.0008511072875435743,0.6435520134862002,0.11842757630491914,0.06837419305912001,0.3564479865137997,0.1184275763049192,0.06837419305912004,0.34155891699302526,0.11335896172623809,0.06544782706770005,1.091518931245045,0.3603581636889831,0.20805288281051362
RZDT5_RR,GPR-KG,vepm,axis,0,all,3,0.006360641600079438,0.004375884383732634,0.002526418026890716,0.00208642112,0.0,0.0,0.004274220480079439,0.004375884383732635,0.0025264180268907165,0.007664412423086988,0.0069207960044694915,0.003995723436186947,0.004654138157011504,0.004047084603562932,0.0023365853853002487,2.66289220685857,1.8765639666149418,1.0834347112766887,3.5110346129366596,2.0014202136629575,1.1555204991198669,3.0501121135472147,1.9561303861151822,1.1293724049936071,1.2068022259013862,0.49673259720978713,0.28678869871433255
RZDT5_RR,GPR-KG,vepm,axis,0,high_t1,3,0.0164741812487003,0.012060310693784076,0.0069630236255667595,0.0048710976320000005,0.0,0.0,0.011603083616700304,0.012060310693784076,0.0069630236255667595,0.01312905123856519,0.011961893022534194,0.0069062021565776234,0.012300585810031293,0.011347407707428142,0.006551428894488073,2.740955609179656,2.4940547253939456,1.4399431670798528,3.583693040528633,2.601089843780409,1.501739921493021,3.4420860256449366,2.544661375359838,1.4691609300604458,1.1862307497425184,0.6701463638943744,0.386909183590866
RZDT5_RR,GPR-KG,vepm,axis,0,low_t1,3,0.0011289260547122529,0.0005829087643086495,0.0003365425319865909,0.00023062403200000003,0.0,0.0,0.0008983020227122532,0.0005829087643086495,0.0003365425319865909,0.0009047131242675456,0.000577311114410452,0.0003333107273110373,0.0008983020227122532,0.0005829087643086495,0.0003365425319865909,4.508967789918303,2.8444959646678765,1.6422705109098028,5.508967789918304,2.8444959646678765,1.6422705109098028,5.615984986325714,2.899753137143642,1.6741732543133434,1.5797524031913415,0.6017688018278412,0.3474313797252227
RZDT5_RR,GPR-KG,vepm,axis,0,mid_t1,3,0.0013308834330907982,0.0006217887903264321,0.00035898992547405735,0.0011293938346666667,0.0,0.0,0.0002014895984241314,0.000621788790326432,0.0003589899254740573,0.0007469146966184288,0.00013712724429429564,7.917045140654317e-05,0.0006456293195418605,0.00016289744288419577,9.404888249949212e-05,0.6804459794965135,0.2930851234487729,0.16921277491862374,1.3776978082244458,0.622064965384102,0.3591493752179466,1.323187080496355,0.6042029789514302,0.348836752542782,0.614188233214551,0.08982613143089543,0.05186114116189019
RZDT5_RR,GPR-KG,vepm,axis,1,all,3,0.9344578884882765,0.5826137684801533,0.33637221606559886,0.00208642112,0.0,0.0,0.9323714673682765,0.5826137684801534,0.3363722160655989,1.0251068980376044,0.6696698359234222,0.3866340600385604,0.9323714673682765,0.5826137684801534,0.3363722160655989,1985.367010907715,1310.7042379523857,756.7354446097933,1986.367010907715,1310.7042379523855,756.7354446097931,965.1754098855184,653.4831470167783,377.28867084102075,6.707854307744973,0.4288741228467826,0.24761059027405458
RZDT5_RR,GPR-KG,vepm,axis,1,high_t1,3,1.1915455803620232,0.8279579815699537,0.478021763537112,0.0048710976320000005,0.0,0.0,1.186674482730023,0.8279579815699535,0.4780217635371119,1.2415062213005965,0.8915953731715802,0.5147628287088367,1.186674482730023,0.8279579815699535,0.4780217635371119,260.57297951892855,175.63766448825442,101.40445287213086,261.5729795189286,175.63766448825444,101.40445287213089,251.23594714959086,171.79575603436552,99.18632599207622,5.310988986280986,0.6277120327223782,0.36240971106583225
RZDT5_RR,GPR-KG,vepm,axis,1,low_t1,3,0.9883396197227707,0.6691667425451808,0.3863435989412052,0.00023062403200000003,0.0,0.0,0.9881089956907708,0.669166742545181,0.3863435989412053,0.9881090004422668,0.6691667401238692,0.38634359754326025,0.9881089956907708,0.669166742545181,0.3863435989412053,4821.929817082336,3265.4202774207133,1885.2912761861114,4822.929817082336,3265.4202774207133,1885.2912761861114,4916.620041308807,3328.8543246883323,1921.9149404518587,8.290059190358607,0.6359412793831595,0.3671608688406621
RZDT5_RR,GPR-KG,vepm,axis,1,mid_t1,3,0.6140651495282707,0.2850909838349905,0.16459735626066702,0.0011293938346666667,0.0,0.0,0.612935755693604,0.28509098383499054,0.16459735626066704,0.7387610768778625,0.4548177325481822,0.26258914031890823,0.612935755693604,0.28509098383499054,0.16459735626066704,839.9082732495825,482.6903040246775,278.68137696386987,840.9082732495825,482.6903040246775,278.68137696386987,965.1754098855184,653.4831470167783,377.28867084102075,6.136770370116479,0.12744767582125321,0.0735819499429927
RZDT5_RR,GPR-KG,vepm,axis,2,all,3,0.05639271083694234,0.06307844962982842,0.03641835987384569,0.00208642112,0.0,0.0,0.05430628971694235,0.06307844962982843,0.0364183598738457,0.07581028955944454,0.07803819224887278,0.04505537130195847,0.0544713121176796,0.06290878917620099,0.03632040636527306,67.0133987534001,105.01213734345913,60.628785763424084,67.9769273231789,105.04342378616583,60.64684899954278,34.496673157277144,51.51717320559772,29.743453818140424,2.6311188427270813,1.801430249782507,1.0400562396382653
RZDT5_RR,GPR-KG,vepm,axis,2,high_t1,3,0.11956000197042227,0.11599158701641107,0.06696777398765684,0.0048710976320000005,0.0,0.0,0.11468890433842226,0.11599158701641107,0.06696777398765684,0.12253506484596956,0.12284711255399802,0.07092581350221902,0.11511997201307711,0.11546202595986585,0.06666203176910811,24.89664233730994,24.900084968502664,14.376070759409568,25.818381716068448,24.972286397666974,14.417756273973458,25.24628896376217,24.435314229295543,14.107735248016875,2.419181237895502,1.7989252171879935,1.0386099583954942
RZDT5_RR,GPR-KG,vepm,axis,2,low_t1,3,0.031083555009542744,0.05140562514163476,0.029679051513383826,0.00023062403200000003,0.0,0.0,0.030852930977542742,0.05140562514163476,0.029679051513383826,0.03085517551639542,0.05140370980098207,0.029677945690942405,0.030852930977542742,0.05140562514163476,0.029679051513383826,150.68247967079728,250.85073725051194,144.82874067799915,151.68247967079728,250.85073725051194,144.82874067799915,154.62906319379397,255.72376313140563,147.64218348210116,3.262913049584156,2.420223826374132,1.3973168776562512
RZDT5_RR,GPR-KG,vepm,axis,2,mid_t1,3,0.017387359309465715,0.02650792216269673,0.015304355996290606,0.0011293938346666667,0.0,0.0,0.016257965474799047,0.02650792216269673,0.015304355996290606,0.022337220999015448,0.03644417680772319,0.021041055290333302,0.016318903703168644,0.02645372821822098,0.015273067107859082,24.201912903568637,40.10833601888957,23.156558597253856,25.170920378413157,40.13533038560035,23.17214380214093,30.691171129722864,49.908934272243016,28.814936637046845,1.6827929908087231,1.6120261284336923,0.9307037191919025
RZDT5_RR,GPR-KG,vepm,combined,0,all,3,0.006253782160327272,0.00425021877532802,0.0024538649540504338,0.002083290559764972,4.690690804937023e-05,2.7081715989156927e-05,0.004170491600562298,0.00422728968716054,0.002440626838824667,0.008532687826269201,0.007835622619003951,0.004523898828350251,0.004605973761810348,0.003941732610529812,0.0022757603837629137,2.603314176142172,1.7385775742950318,1.0037682305262832,3.4280131245207754,1.851838844918808,1.0691596556096794,2.894616316949042,1.736355060717819,1.0024850617142018,1.209752590401152,0.46472471474121596,0.2683089391549131
RZDT5_RR,GPR-KG,vepm,combined,0,high_t1,3,0.016383764383831184,0.011796934379024132,0.006810963239341933,0.004889708373964,5.2485513277655164e-05,3.0302525219409887e-05,0.011494056009867184,0.011750535971952905,0.006784175106529391,0.01470136888244509,0.013553399831495543,0.007825059041148582,0.012311126378759854,0.011120517104449987,0.006420433543782038,2.6878384385157488,2.3515172670944566,1.3576491271610378,3.5038311351222386,2.448533512689456,1.4136614826710776,3.3456428319342124,2.38562615125915,1.3773419006152812,1.2058760885631958,0.6593217078383246,0.3806595655030205
RZDT5_RR,GPR-KG,vepm,combined,0,low_t1,3,0.0010954050009182247,0.0005481203180442916,0.00031645741317117503,0.00022497151601114326,5.4946168278046746e-06,3.1723185046268767e-06,0.0008704334849070815,0.0005456679354275785,0.0003150415294072598,0.0009087138464806767,0.0005483458121058,0.0003165876022282876,0.0008720078557968319,0.0005461282839513234,0.000315307311751365,4.453311140752656,2.717832575892348,1.5691413693037812,5.448587862330839,2.7162974973304843,1.568255091282862,5.572933689706112,2.746505761444411,1.5856958407007888,1.5725657743193011,0.5635252842327395,0.32535147454693253
RZDT5_RR,GPR-KG,vepm,combined,0,mid_t1,3,0.0013557067786807552,0.0006536956415241255,0.000377411354602039,0.001139251646770403,1.666300229131517e-05,9.620388858398165e-06,0.00021645513191035251,0.0006445463191922806,0.0003721289908908457,0.0012635738523397954,0.0005660041288407165,0.0003267826361486273,0.0007006562044575977,0.00020411735306678257,0.0001178472087393808,0.7324593698520739,0.32331671010921853,0.18666698961506153,1.3901540114791464,0.6414644158817291,0.3703496531848824,1.1273361947545837,0.5526272183864532,0.3190594732969329,0.6538818887387424,0.09192768492530393,0.05307447363760333
RZDT5_RR,GPR-KG,vepm,combined,1,all,3,0.9268873818860106,0.5762124444796772,0.332676409930754,0.002083290559764972,4.690690804937023e-05,2.7081715989156927e-05,0.9248040913262455,0.5762511943713242,0.3326987821911274,1.2434379143612695,0.9109897636995108,0.5259601853009062,0.92484053295909,0.5762531137658106,0.3326998903540508,2016.326639766414,1283.867621081685,741.2413166353554,2017.3174341757983,1283.863703829598,741.2390550088085,465.8324315140755,287.1056698111916,165.7605357513593,6.595088103814667,0.40209895804259604,0.23215194166676087
RZDT5_RR,GPR-KG,vepm,combined,1,high_t1,3,1.19694683827724,0.8456846152515554,0.48825624026501063,0.004889708373964,5.2485513277655164e-05,3.0302525219409887e-05,1.192057129903276,0.8456947496299159,0.4882620913510851,1.3325422672182212,0.87907835897592,0.5075361271935219,1.1921543684372133,0.8456791637511851,0.4882530928398044,260.334076983513,183.86225159484633,106.15292045209523,261.3133419048158,183.8603626105544,106.15182984650579,250.07396860832682,178.60471499091844,103.11748027854316,5.252770430192835,0.6740797484162263,0.3891801242033835
RZDT5_RR,GPR-KG,vepm,combined,1,low_t1,3,0.9793144700238741,0.6339525897409329,0.366012698340388,0.00022497151601114326,5.4946168278046746e-06,3.1723185046268767e-06,0.979089498507863,0.6339476401107246,0.3660098406700549,1.074817384393657,0.6305880589458229,0.3640701855801345,0.979089498507863,0.6339476401107246,0.3660098406700549,4925.47982403195,3071.414248761566,1773.2818433153423,4926.479824031949,3071.414248761565,1773.2818433153418,4942.110842803354,3177.797413824266,1834.7021923015368,8.193145398945736,0.5654517684041003,0.32646373070185725
RZDT5_RR,GPR-KG,vepm,combined,1,mid_t1,3,0.607886087892615,0.2999165932280567,0.17315692583465403,0.001139251646770403,1.666300229131517e-05,9.620388858398165e-06,0.6067468362458445,0.29992016688582457,0.1731589890869283,1.221203437413967,1.289342357393161,0.7444021571185282,0.6067585417122364,0.2999295083313267,0.17316438237300358,807.4502997391529,477.29656358393265,275.56729946846684,808.4434738739061,477.2902201513048,275.5636370859316,330.3349230277098,312.45868051002606,180.39810330309882,5.956306932655064,0.12199826375227059,0.0704357304180404
RZDT5_RR,GPR-KG,vepm,combined,2,all,3,0.05551533686647159,0.06228278425241345,0.03595898225401029,0.002083290559764972,4.690690804937023e-05,2.7081715989156927e-05,0.05343204630670661,0.06231414349469908,0.03597708752098548,0.09099483147950262,0.09790982331833496,0.05652826284914939,0.05367916930886126,0.06213058867843182,0.035871112098402526,64.21358230623272,100.45005083084726,57.99486388730126,65.14639610829846,100.4820176614416,58.013319945550045,31.54205160072549,47.3911467928219,27.361291358040795,2.5939316347063515,1.718520798371711,0.992188445547878
RZDT5_RR,GPR-KG,vepm,combined,2,high_t1,3,0.1200381964404927,0.1178358690388022,0.06803257070974594,0.004889708373964,5.2485513277655164e-05,3.0302525219409887e-05,0.11514848806652868,0.11783612304517689,0.06803271736039475,0.12969750664324067,0.1270436502195979,0.07334868565311752,0.11575112337852349,0.11727022827124435,0.0677059978603318,24.933695872407764,25.61072613843144,14.786359630165176,25.815138795612175,25.689082221857515,14.831598536023867,25.10311317300808,24.975054702736173,14.41935455565036,2.449530550100226,1.7306415461680869,0.9991863625508951
RZDT5_RR,GPR-KG,vepm,combined,2,low_t1,3,0.02900626839412587,0.04778732605819184,0.02759002556354948,0.00022497151601114326,5.4946168278046746e-06,3.1723185046268767e-06,0.02878129687811472,0.04778207672328818,0.027586994858629782,0.030237969810847847,0.049212952218216956,0.02841311121080375,0.028781900096462226,0.047781734126925386,0.027586797060527503,140.1339243951696,231.9079838704868,133.89213691484895,141.13221413722417,231.90902415456412,133.89273752314102,151.8164299145659,250.90541350895828,144.86030803053143,3.1942726445513596,2.302430795596105,1.3293090396278957
RZDT5_RR,GPR-KG,vepm,combined,2,mid_t1,3,0.018730051104121598,0.028924721346565,0.016699695655674217,0.001139251646770403,1.666300229131517e-05,9.620388858398165e-06,0.017590799457351192,0.028925775181184308,0.016700304087375356,0.07021559367679925,0.11898655079048144,0.06869691712882954,0.01771811581590201,0.02888321138149643,0.01667572986616783,24.698676402036057,41.030776519666446,23.6891298686888,25.620148601780148,41.0484089941787,23.69930998259493,1.9914432494705736,0.6780945345869114,0.3914980620797673,1.6695384387119236,1.4733947603167528,0.8506648614914614
RZDT5_RR,GPR-KG,vepm,random,0,all,3,0.006459522838278087,0.004427918647230195,0.002556460022928117,0.002111049309461333,4.6758173215509226e-05,2.6995843892789404e-05,0.004348473528816754,0.00438160746061327,0.002529722246868344,0.007717853420176412,0.006949518551721959,0.004012306406574972,0.004714434604987352,0.004074088655057992,0.0023521761817001325,2.6372173411646065,1.7960271746116598,1.036936772733925,3.485916458036268,1.920130527265227,1.1085878767957968,3.0162585217537754,1.8428618608596619,1.0639767914466205,1.2052439668027701,0.4805110533031688,0.2774231859731751
RZDT5_RR,GPR-KG,vepm,random,0,high_t1,3,0.016572302288554146,0.011982852715181158,0.00691830324076948,0.0048896284903488,7.418317295752664e-05,4.2829674876368575e-05,0.011682673798205341,0.011909964828400402,0.006876221399715948,0.013131654583299719,0.011894475909097528,0.006867278867986977,0.01233974514979462,0.011248586270671426,0.006494374311374877,2.7254393523432543,2.4074053968990916,1.3899161539482485,3.5720244624477115,2.5115462184373523,1.450041885296992,3.408682920793344,2.3606119401390457,1.3628999390915228,1.1868793257057046,0.6636008517904992,0.3831301304157097
RZDT5_RR,GPR-KG,vepm,random,0,low_t1,3,0.0011289260547122533,0.0005829087643086498,0.0003365425319865911,0.00022640843933714708,5.386298739661911e-06,3.1097810272795465e-06,0.000902517615375106,0.0005797123248024956,0.0003346970667772646,0.0009082046156308141,0.0005752174378573046,0.0003321019425894817,0.000902517615375106,0.0005797123248024956,0.0003346970667772646,4.56583231592526,2.8674118968767606,1.6555010305393332,5.56583231592526,2.8674118968767606,1.6555010305393332,5.7511602976685055,2.9042293128560894,1.6767575755658652,1.5922320886640662,0.5936022265878353,0.342716405312048
RZDT5_RR,GPR-KG,vepm,random,0,mid_t1,3,0.0013305398413943263,0.0006377816311360764,0.0003682233964206123,0.0011297310168509069,1.5188886646440693e-05,8.769307794013247e-06,0.00020080882454341948,0.0006227822007431882,0.0003595634712455873,0.0007396858901113794,0.00014713730550751733,8.494976294260134e-05,0.000634497653145816,0.00016887960878120316,9.750268759046634e-05,0.6690797538341955,0.27752091301637133,0.1602267738357527,1.3659261381833605,0.6179802429803586,0.3567910596385804,1.1471430397252718,0.5525565320787446,0.31901866253814926,0.608217760378753,0.08182271789185697,0.04724036820069043
RZDT5_RR,GPR-KG,vepm,random,1,all,3,0.9394855670356885,0.5912057672079292,0.34133280884395717,0.002111049309461333,4.6758173215509226e-05,2.6995843892789404e-05,0.937374517726227,0.5912074447000948,0.34133377734451054,1.0297598239519459,0.6758545734618477,0.3902048199212375,0.937374517726227,0.5912074447000948,0.34133377734451054,1981.4865092745433,1311.0847740152794,756.9551472081413,1982.4865092745433,1311.0847740152794,756.9551472081413,645.6999728077932,258.85514379856335,149.45008695321985,6.699101161654451,0.4447396534000151,0.2567705586097996
RZDT5_RR,GPR-KG,vepm,random,1,high_t1,3,1.2124428672864305,0.8651570410168189,0.49949865052236053,0.0048896284903488,7.418317295752664e-05,4.2829674876368575e-05,1.2075532387960815,0.8651227978605781,0.499478880226887,1.2526960696957081,0.9118861812602004,0.5264777322208766,1.2075532387960815,0.8651227978605781,0.499478880226887,266.0628821659373,187.90191199386712,108.48521947090455,267.0628821659373,187.90191199386712,108.48521947090455,256.49147684170254,187.9871079975184,108.5344074065465,5.33173242253686,0.6629403295005124,0.3827487776937801
RZDT5_RR,GPR-KG,vepm,random,1,low_t1,3,0.9883396197227708,0.669166742545181,0.3863435989412053,0.00022640843933714708,5.386298739661911e-06,3.1097810272795465e-06,0.9881132112834338,0.6691623202863712,0.38634104574889105,0.9881132157189345,0.6691623181245318,0.3863410445007524,0.9881132112834338,0.6691623202863712,0.38634104574889105,4849.291751211279,3193.1507128168278,1843.566423607841,4850.291751211279,3193.1507128168278,1843.566423607841,5050.445128534663,3363.266102746594,1941.7825897770895,8.305860077829223,0.6192168869374312,0.35750503636008796
RZDT5_RR,GPR-KG,vepm,random,1,mid_t1,3,0.6029094265064882,0.26796985783086064,0.15471246955335313,0.0011297310168509069,1.5188886646440693e-05,8.769307794013247e-06,0.6017796954896372,0.26796133985087817,0.1547075516953173,0.7304176660138171,0.44229570272959096,0.25535954303234404,0.6017796954896372,0.26796133985087817,0.1547075516953173,825.5463371330402,465.60599365975617,268.8177457757634,826.5463371330402,465.60599365975617,268.8177457757634,347.2574538777356,328.55072737846496,189.6888508944041,6.11273496446955,0.13145460817974916,0.07589535341879497
RZDT5_RR,GPR-KG,vepm,random,2,all,3,0.05735408215919402,0.06434052264914815,0.0371470180712869,0.002111049309461333,4.6758173215509226e-05,2.6995843892789404e-05,0.05524303284973269,0.0643312612518305,0.037141671001052486,0.07668942695067334,0.07922551434214076,0.04574087203212152,0.055396741386001404,0.06417632844329899,0.037052220502340506,66.95217349281775,105.05964501012234,60.65621432756066,67.91702799606371,105.08970284413124,60.673568226116956,34.48120481231571,51.5317907399054,29.751893255507845,2.6322877786744274,1.8039681316759497,1.0415214864326159
RZDT5_RR,GPR-KG,vepm,random,2,high_t1,3,0.12190971157089493,0.11991853221500166,0.06923499685515602,0.0048896284903488,7.418317295752664e-05,4.2829674876368575e-05,0.11702008308054612,0.11987262047855285,0.06920848970175834,0.12372956043011436,0.12495097570844242,0.07214047946077562,0.11741509174504083,0.11940191674811604,0.06893672877628208,25.476033426379576,26.191556510631866,15.121702201908604,26.401466711509887,26.257612697665245,15.159839759273966,25.78651825455708,25.996473749332466,15.00907111715814,2.4312077896272375,1.8261507105875825,1.0543286043385671
RZDT5_RR,GPR-KG,vepm,random,2,low_t1,3,0.03108355500954275,0.05140562514163477,0.02967905151338383,0.00022640843933714708,5.386298739661911e-06,3.1097810272795465e-06,0.030857146570205593,0.05140083065061468,0.029676283412702755,0.030859151789447373,0.05139912464816537,0.02967529845172941,0.030857146570205593,0.05140083065061468,0.029676283412702755,149.73557646645236,248.94894456888508,143.73074016131903,150.73557646645236,248.94894456888508,143.73074016131903,157.5731104280683,260.427054073275,150.35762977346653,3.2771519070691517,2.401870702665988,1.3867206967428838
RZDT5_RR,GPR-KG,vepm,random,2,mid_t1,3,0.016782240049081278,0.025530661380392932,0.014740134220559043,0.0011297310168509069,1.5188886646440693e-05,8.769307794013247e-06,0.01565250903223037,0.025519930799579583,0.014733938916837894,0.021901810625995773,0.0357453305832807,0.020637576234529276,0.0157082553409901,0.025470358850935564,0.014705318538944016,23.536951646007342,39.031022417846444,22.534571299689965,24.50875605363363,39.05558260730254,22.54875113168379,2.013982089859271,0.6454231931778736,0.37263525432247313,1.6516283982547202,1.5894433399554118,0.9176655401849149
RZDT5_RR,GPR-KG-oracleV,oracle,axis,0,all,3,0.00208642112,0.0,0.0,0.00208642112,0.0,0.0,0.0,0.0,0.0,0.0,0.0,0.0,0.0,0.0,0.0,0.0,0.0,0.0,1.0,0.0,0.0,1.0,0.0,0.0,0.0,0.0,0.0
RZDT5_RR,GPR-KG-oracleV,oracle,axis,0,high_t1,3,0.0048710976320000005,0.0,0.0,0.0048710976320000005,0.0,0.0,0.0,0.0,0.0,0.0,0.0,0.0,0.0,0.0,0.0,0.0,0.0,0.0,1.0,0.0,0.0,1.0,0.0,0.0,0.0,0.0,0.0
RZDT5_RR,GPR-KG-oracleV,oracle,axis,0,low_t1,3,0.00023062403200000003,0.0,0.0,0.00023062403200000003,0.0,0.0,0.0,0.0,0.0,0.0,0.0,0.0,0.0,0.0,0.0,0.0,0.0,0.0,1.0,0.0,0.0,1.0,0.0,0.0,0.0,0.0,0.0
RZDT5_RR,GPR-KG-oracleV,oracle,axis,0,mid_t1,3,0.0011293938346666667,0.0,0.0,0.0011293938346666667,0.0,0.0,0.0,0.0,0.0,0.0,0.0,0.0,0.0,0.0,0.0,0.0,0.0,0.0,1.0,0.0,0.0,1.0,0.0,0.0,0.0,0.0,0.0
RZDT5_RR,GPR-KG-oracleV,oracle,axis,1,all,3,0.00208642112,0.0,0.0,0.00208642112,0.0,0.0,0.0,0.0,0.0,0.0,0.0,0.0,0.0,0.0,0.0,0.0,0.0,0.0,1.0,0.0,0.0,1.0,0.0,0.0,0.0,0.0,0.0
RZDT5_RR,GPR-KG-oracleV,oracle,axis,1,high_t1,3,0.0048710976320000005,0.0,0.0,0.0048710976320000005,0.0,0.0,0.0,0.0,0.0,0.0,0.0,0.0,0.0,0.0,0.0,0.0,0.0,0.0,1.0,0.0,0.0,1.0,0.0,0.0,0.0,0.0,0.0
RZDT5_RR,GPR-KG-oracleV,oracle,axis,1,low_t1,3,0.00023062403200000003,0.0,0.0,0.00023062403200000003,0.0,0.0,0.0,0.0,0.0,0.0,0.0,0.0,0.0,0.0,0.0,0.0,0.0,0.0,1.0,0.0,0.0,1.0,0.0,0.0,0.0,0.0,0.0
RZDT5_RR,GPR-KG-oracleV,oracle,axis,1,mid_t1,3,0.0011293938346666667,0.0,0.0,0.0011293938346666667,0.0,0.0,0.0,0.0,0.0,0.0,0.0,0.0,0.0,0.0,0.0,0.0,0.0,0.0,1.0,0.0,0.0,1.0,0.0,0.0,0.0,0.0,0.0
RZDT5_RR,GPR-KG-oracleV,oracle,axis,2,all,3,0.00208642112,0.0,0.0,0.00208642112,0.0,0.0,0.0,0.0,0.0,0.0,0.0,0.0,0.0,0.0,0.0,0.0,0.0,0.0,1.0,0.0,0.0,1.0,0.0,0.0,0.0,0.0,0.0
RZDT5_RR,GPR-KG-oracleV,oracle,axis,2,high_t1,3,0.0048710976320000005,0.0,0.0,0.0048710976320000005,0.0,0.0,0.0,0.0,0.0,0.0,0.0,0.0,0.0,0.0,0.0,0.0,0.0,0.0,1.0,0.0,0.0,1.0,0.0,0.0,0.0,0.0,0.0
RZDT5_RR,GPR-KG-oracleV,oracle,axis,2,low_t1,3,0.00023062403200000003,0.0,0.0,0.00023062403200000003,0.0,0.0,0.0,0.0,0.0,0.0,0.0,0.0,0.0,0.0,0.0,0.0,0.0,0.0,1.0,0.0,0.0,1.0,0.0,0.0,0.0,0.0,0.0
RZDT5_RR,GPR-KG-oracleV,oracle,axis,2,mid_t1,3,0.0011293938346666667,0.0,0.0,0.0011293938346666667,0.0,0.0,0.0,0.0,0.0,0.0,0.0,0.0,0.0,0.0,0.0,0.0,0.0,0.0,1.0,0.0,0.0,1.0,0.0,0.0,0.0,0.0,0.0
RZDT5_RR,GPR-KG-oracleV,oracle,combined,0,all,3,0.002038505622001693,2.7771992733243858e-05,1.6034167480470674e-05,0.002038505622001693,2.7771992733243858e-05,1.6034167480470674e-05,0.0,0.0,0.0,0.0,0.0,0.0,0.0,0.0,0.0,0.0,0.0,0.0,1.0,0.0,0.0,1.0,0.0,0.0,0.0,0.0,0.0
RZDT5_RR,GPR-KG-oracleV,oracle,combined,0,high_t1,3,0.004886306775249586,4.910669511783416e-05,2.8351763645294433e-05,0.004886306775249586,4.910669511783416e-05,2.8351763645294433e-05,0.0,0.0,0.0,0.0,0.0,0.0,0.0,0.0,0.0,0.0,0.0,0.0,1.0,0.0,0.0,1.0,0.0,0.0,0.0,0.0,0.0
RZDT5_RR,GPR-KG-oracleV,oracle,combined,0,low_t1,3,0.00022332208085570058,6.182060990422491e-06,3.56921457696711e-06,0.00022332208085570058,6.182060990422491e-06,3.56921457696711e-06,0.0,0.0,0.0,0.0,0.0,0.0,0.0,0.0,0.0,0.0,0.0,0.0,1.0,0.0,0.0,1.0,0.0,0.0,0.0,0.0,0.0
RZDT5_RR,GPR-KG-oracleV,oracle,combined,0,mid_t1,3,0.0011217086836126835,1.69212953770637e-05,9.769514440984897e-06,0.0011217086836126835,1.69212953770637e-05,9.769514440984897e-06,0.0,0.0,0.0,0.0,0.0,0.0,0.0,0.0,0.0,0.0,0.0,0.0,1.0,0.0,0.0,1.0,0.0,0.0,0.0,0.0,0.0
RZDT5_RR,GPR-KG-oracleV,oracle,combined,1,all,3,0.002038505622001693,2.7771992733243858e-05,1.6034167480470674e-05,0.002038505622001693,2.7771992733243858e-05,1.6034167480470674e-05,0.0,0.0,0.0,0.0,0.0,0.0,0.0,0.0,0.0,0.0,0.0,0.0,1.0,0.0,0.0,1.0,0.0,0.0,0.0,0.0,0.0
RZDT5_RR,GPR-KG-oracleV,oracle,combined,1,high_t1,3,0.004886306775249586,4.910669511783416e-05,2.8351763645294433e-05,0.004886306775249586,4.910669511783416e-05,2.8351763645294433e-05,0.0,0.0,0.0,0.0,0.0,0.0,0.0,0.0,0.0,0.0,0.0,0.0,1.0,0.0,0.0,1.0,0.0,0.0,0.0,0.0,0.0
RZDT5_RR,GPR-KG-oracleV,oracle,combined,1,low_t1,3,0.00022332208085570058,6.182060990422491e-06,3.56921457696711e-06,0.00022332208085570058,6.182060990422491e-06,3.56921457696711e-06,0.0,0.0,0.0,0.0,0.0,0.0,0.0,0.0,0.0,0.0,0.0,0.0,1.0,0.0,0.0,1.0,0.0,0.0,0.0,0.0,0.0
RZDT5_RR,GPR-KG-oracleV,oracle,combined,1,mid_t1,3,0.0011217086836126835,1.69212953770637e-05,9.769514440984897e-06,0.0011217086836126835,1.69212953770637e-05,9.769514440984897e-06,0.0,0.0,0.0,0.0,0.0,0.0,0.0,0.0,0.0,0.0,0.0,0.0,1.0,0.0,0.0,1.0,0.0,0.0,0.0,0.0,0.0
RZDT5_RR,GPR-KG-oracleV,oracle,combined,2,all,3,0.002038505622001693,2.7771992733243858e-05,1.6034167480470674e-05,0.002038505622001693,2.7771992733243858e-05,1.6034167480470674e-05,0.0,0.0,0.0,0.0,0.0,0.0,0.0,0.0,0.0,0.0,0.0,0.0,1.0,0.0,0.0,1.0,0.0,0.0,0.0,0.0,0.0
RZDT5_RR,GPR-KG-oracleV,oracle,combined,2,high_t1,3,0.004886306775249586,4.910669511783416e-05,2.8351763645294433e-05,0.004886306775249586,4.910669511783416e-05,2.8351763645294433e-05,0.0,0.0,0.0,0.0,0.0,0.0,0.0,0.0,0.0,0.0,0.0,0.0,1.0,0.0,0.0,1.0,0.0,0.0,0.0,0.0,0.0
RZDT5_RR,GPR-KG-oracleV,oracle,combined,2,low_t1,3,0.00022332208085570058,6.182060990422491e-06,3.56921457696711e-06,0.00022332208085570058,6.182060990422491e-06,3.56921457696711e-06,0.0,0.0,0.0,0.0,0.0,0.0,0.0,0.0,0.0,0.0,0.0,0.0,1.0,0.0,0.0,1.0,0.0,0.0,0.0,0.0,0.0
RZDT5_RR,GPR-KG-oracleV,oracle,combined,2,mid_t1,3,0.0011217086836126835,1.69212953770637e-05,9.769514440984897e-06,0.0011217086836126835,1.69212953770637e-05,9.769514440984897e-06,0.0,0.0,0.0,0.0,0.0,0.0,0.0,0.0,0.0,0.0,0.0,0.0,1.0,0.0,0.0,1.0,0.0,0.0,0.0,0.0,0.0
RZDT5_RR,GPR-KG-oracleV,oracle,random,0,all,3,0.002111049309461333,4.6758173215509226e-05,2.6995843892789404e-05,0.002111049309461333,4.6758173215509226e-05,2.6995843892789404e-05,0.0,0.0,0.0,0.0,0.0,0.0,0.0,0.0,0.0,0.0,0.0,0.0,1.0,0.0,0.0,1.0,0.0,0.0,0.0,0.0,0.0
RZDT5_RR,GPR-KG-oracleV,oracle,random,0,high_t1,3,0.0048896284903488,7.418317295752664e-05,4.2829674876368575e-05,0.0048896284903488,7.418317295752664e-05,4.2829674876368575e-05,0.0,0.0,0.0,0.0,0.0,0.0,0.0,0.0,0.0,0.0,0.0,0.0,1.0,0.0,0.0,1.0,0.0,0.0,0.0,0.0,0.0
RZDT5_RR,GPR-KG-oracleV,oracle,random,0,low_t1,3,0.00022640843933714708,5.386298739661911e-06,3.1097810272795465e-06,0.00022640843933714708,5.386298739661911e-06,3.1097810272795465e-06,0.0,0.0,0.0,0.0,0.0,0.0,0.0,0.0,0.0,0.0,0.0,0.0,1.0,0.0,0.0,1.0,0.0,0.0,0.0,0.0,0.0
RZDT5_RR,GPR-KG-oracleV,oracle,random,0,mid_t1,3,0.0011297310168509069,1.5188886646440693e-05,8.769307794013247e-06,0.0011297310168509069,1.5188886646440693e-05,8.769307794013247e-06,0.0,0.0,0.0,0.0,0.0,0.0,0.0,0.0,0.0,0.0,0.0,0.0,1.0,0.0,0.0,1.0,0.0,0.0,0.0,0.0,0.0
RZDT5_RR,GPR-KG-oracleV,oracle,random,1,all,3,0.002111049309461333,4.6758173215509226e-05,2.6995843892789404e-05,0.002111049309461333,4.6758173215509226e-05,2.6995843892789404e-05,0.0,0.0,0.0,0.0,0.0,0.0,0.0,0.0,0.0,0.0,0.0,0.0,1.0,0.0,0.0,1.0,0.0,0.0,0.0,0.0,0.0
RZDT5_RR,GPR-KG-oracleV,oracle,random,1,high_t1,3,0.0048896284903488,7.418317295752664e-05,4.2829674876368575e-05,0.0048896284903488,7.418317295752664e-05,4.2829674876368575e-05,0.0,0.0,0.0,0.0,0.0,0.0,0.0,0.0,0.0,0.0,0.0,0.0,1.0,0.0,0.0,1.0,0.0,0.0,0.0,0.0,0.0
RZDT5_RR,GPR-KG-oracleV,oracle,random,1,low_t1,3,0.00022640843933714708,5.386298739661911e-06,3.1097810272795465e-06,0.00022640843933714708,5.386298739661911e-06,3.1097810272795465e-06,0.0,0.0,0.0,0.0,0.0,0.0,0.0,0.0,0.0,0.0,0.0,0.0,1.0,0.0,0.0,1.0,0.0,0.0,0.0,0.0,0.0
RZDT5_RR,GPR-KG-oracleV,oracle,random,1,mid_t1,3,0.0011297310168509069,1.5188886646440693e-05,8.769307794013247e-06,0.0011297310168509069,1.5188886646440693e-05,8.769307794013247e-06,0.0,0.0,0.0,0.0,0.0,0.0,0.0,0.0,0.0,0.0,0.0,0.0,1.0,0.0,0.0,1.0,0.0,0.0,0.0,0.0,0.0
RZDT5_RR,GPR-KG-oracleV,oracle,random,2,all,3,0.002111049309461333,4.6758173215509226e-05,2.6995843892789404e-05,0.002111049309461333,4.6758173215509226e-05,2.6995843892789404e-05,0.0,0.0,0.0,0.0,0.0,0.0,0.0,0.0,0.0,0.0,0.0,0.0,1.0,0.0,0.0,1.0,0.0,0.0,0.0,0.0,0.0
RZDT5_RR,GPR-KG-oracleV,oracle,random,2,high_t1,3,0.0048896284903488,7.418317295752664e-05,4.2829674876368575e-05,0.0048896284903488,7.418317295752664e-05,4.2829674876368575e-05,0.0,0.0,0.0,0.0,0.0,0.0,0.0,0.0,0.0,0.0,0.0,0.0,1.0,0.0,0.0,1.0,0.0,0.0,0.0,0.0,0.0
RZDT5_RR,GPR-KG-oracleV,oracle,random,2,low_t1,3,0.00022640843933714708,5.386298739661911e-06,3.1097810272795465e-06,0.00022640843933714708,5.386298739661911e-06,3.1097810272795465e-06,0.0,0.0,0.0,0.0,0.0,0.0,0.0,0.0,0.0,0.0,0.0,0.0,1.0,0.0,0.0,1.0,0.0,0.0,0.0,0.0,0.0
RZDT5_RR,GPR-KG-oracleV,oracle,random,2,mid_t1,3,0.0011297310168509069,1.5188886646440693e-05,8.769307794013247e-06,0.0011297310168509069,1.5188886646440693e-05,8.769307794013247e-06,0.0,0.0,0.0,0.0,0.0,0.0,0.0,0.0,0.0,0.0,0.0,0.0,1.0,0.0,0.0,1.0,0.0,0.0,0.0,0.0,0.0
RZDT5_RR,GPR-KG-pooled-pre,pooled_pre,axis,0,all,3,0.001034734291085438,0.0007663303444979633,0.0004424410306840778,0.00208642112,0.0,0.0,-0.0010516868289145616,0.0007663303444979633,0.0004424410306840778,0.0025955041524675635,0.0002648552439498129,0.0001529142463907085,0.0017773532133025323,5.4058846327521834e-05,3.1210889479275344e-05,1.8346156156090447,1.3165358191424001,0.7601023095796492,2.1552003207782304,1.596154122380129,0.9215400122242984,1.0104827061381234,0.7483694770487924,0.4320713190274198,1.4475886730877683,0.10343685234287178,0.0597192945442846
RZDT5_RR,GPR-KG-pooled-pre,pooled_pre,axis,0,high_t1,3,0.0010347342910854383,0.0007663303444979633,0.0004424410306840778,0.0048710976320000005,0.0,0.0,-0.0038363633409145615,0.0007663303444979639,0.0004424410306840781,0.004259904113879189,0.0006833324656521417,0.0003945221829902747,0.0038363633409145615,0.0007663303444979639,0.0004424410306840781,0.7536558762692255,0.18244391708099456,0.10533404463872198,0.24634412373077444,0.18244391708099447,0.10533404463872192,0.2252953680249096,0.1668550839377455,0.09633382762711498,1.7110850506132556,0.711000390539718,0.4104962668720352
RZDT5_RR,GPR-KG-pooled-pre,pooled_pre,axis,0,low_t1,3,0.0010347342910854383,0.0007663303444979633,0.0004424410306840778,0.00023062403200000003,0.0,0.0,0.0008041102590854386,0.0007663303444979634,0.00044244103068407785,0.0008125803072802691,0.0007599779546223872,0.0004387734766794165,0.0008041102590854386,0.0007663303444979634,0.00044244103068407785,4.049327949266401,3.739562185365918,2.159037234372358,5.049327949266401,3.739562185365918,2.159037234372358,5.147416183120476,3.8122069123148425,2.2009786870315264,1.4314619519406049,0.7121003999841196,0.4111313576208716
RZDT5_RR,GPR-KG-pooled-pre,pooled_pre,axis,0,mid_t1,3,0.0010347342910854383,0.0007663303444979633,0.0004424410306840778,0.0011293938346666667,0.0,0.0,-9.465954358122841e-05,0.0007663303444979633,0.0004424410306840778,0.000806887228610487,0.0001541843926637414,8.901840060925006e-05,0.0006586840043501744,0.0001654528326993856,9.552423749717639e-05,0.6665068820697647,0.39097592737415515,0.22573005691613207,1.1400721792938573,0.8443442083999381,0.4874823560084057,1.0104827061381234,0.7483694770487924,0.4320713190274198,0.7646209579532904,0.20304797947786649,0.11722980560995583
RZDT5_RR,GPR-KG-pooled-pre,pooled_pre,axis,1,all,3,0.003847177294390131,0.0022087009622497166,0.0012751940951142595,0.00208642112,0.0,0.0,0.0017607561743901306,0.0022087009622497166,0.0012751940951142595,0.003347239111707657,0.0008071678419631367,0.0004660185708386263,0.0029008186706668596,0.0010308849349462946,0.000595181694694773,7.227746268860959,4.3386218892091195,2.504904515646888,8.013108109389703,4.600401342986634,2.656042953753649,3.7570090765528623,2.1569345334469885,1.2453067335100187,1.84292915401329,0.43798611103036184,0.25287139910469675
RZDT5_RR,GPR-KG-pooled-pre,pooled_pre,axis,1,high_t1,3,0.0038471772943901306,0.0022087009622497166,0.0012751940951142595,0.0048710976320000005,0.0,0.0,-0.0010239203376098693,0.002208700962249716,0.0012751940951142592,0.0025724963486299054,0.0012440671836125327,0.0007182625233486754,0.002264177648431486,0.0011283607720978487,0.0006514593955137069,0.5010395933222143,0.1642607361552165,0.09483598023650035,0.9159158322947801,0.5258359637022972,0.3035915351931076,0.8376558425327497,0.4809061615470652,0.27765130182414777,0.7063072758383285,0.5171610241245811,0.29858305649270944
RZDT5_RR,GPR-KG-pooled-pre,pooled_pre,axis,1,low_t1,3,0.0038471772943901306,0.0022087009622497166,0.0012751940951142595,0.00023062403200000003,0.0,0.0,0.0036165532623901307,0.002208700962249716,0.0012751940951142592,0.003618167264475147,0.002207190323636375,0.0012743219275041984,0.0036165532623901307,0.002208700962249716,0.0012751940951142592,17.773573086062147,10.778086312922076,6.222731034114582,18.773573086062147,10.778086312922074,6.222731034114581,19.138268476348642,10.987461394395023,6.343613793764588,2.7295200601556378,0.7815430445010647,0.4512240871259694
RZDT5_RR,GPR-KG-pooled-pre,pooled_pre,axis,1,mid_t1,3,0.0038471772943901306,0.0022087009622497166,0.0012751940951142595,0.0011293938346666667,0.0,0.0,0.0027177834597234642,0.0022087009622497166,0.0012751940951142595,0.0028633446659684057,0.0020148044106478875,0.0011632478688520032,0.0028193283263459944,0.002033389127235191,0.0011739777599764959,3.2928952138148095,2.3401922562611848,1.3511106291078727,4.238827146188627,2.433550855649138,1.4050112415956741,3.7570090765528623,2.1569345334469885,1.2453067335100187,1.3031334079310926,0.6651810744826165,0.3840424724123832
RZDT5_RR,GPR-KG-pooled-pre,pooled_pre,axis,2,all,3,0.000796712898242354,0.00015504192366952237,8.951349636627616e-05,0.00208642112,0.0,0.0,-0.001289708221757646,0.0001550419236695223,8.95134963662761e-05,0.002638469801242844,7.45361542388348e-05,4.3033468714150743e-05,0.0017193643085177516,1.3785560328407057e-05,7.95909696653564e-06,1.3729510750048082,0.24887633712496735,0.14368882023402796,1.6594365419733588,0.3229296704529896,0.1864435321653507,0.7780399396897989,0.1514081285835179,0.08741552379519153,1.3411229739737107,0.030516180470566468,0.017618525009320752
RZDT5_RR,GPR-KG-pooled-pre,pooled_pre,axis,2,high_t1,3,0.000796712898242354,0.0001550419236695223,8.95134963662761e-05,0.0048710976320000005,0.0,0.0,-0.004074384733757646,0.00015504192366952275,8.951349636627638e-05,0.004466790889748776,0.0001412560887559296,8.155424086790964e-05,0.004074384733757646,0.00015504192366952275,8.951349636627638e-05,0.8103227635602609,0.03691156962415628,0.02131090465871824,0.189677236439739,0.03691156962415626,0.02131090465871823,0.1734703557870998,0.03375767823039197,0.019490004613533573,1.792386437284896,0.1856693659946268,0.10719625843726494
RZDT5_RR,GPR-KG-pooled-pre,pooled_pre,axis,2,low_t1,3,0.000796712898242354,0.0001550419236695223,8.95134963662761e-05,0.00023062403200000003,0.0,0.0,0.0005660888662423541,0.0001550419236695223,8.95134963662761e-05,0.0005727382675411588,0.0001533743306258684,8.85507110736238e-05,0.0005660888662423541,0.0001550419236695223,8.95134963662761e-05,2.8878238976850406,0.7565783073365897,0.4368106894038115,3.88782389768504,0.7565783073365894,0.4368106894038113,3.9633487563377643,0.7712755959034243,0.44529617291423107,1.3357524531380445,0.18402460788747949,0.10624665690135161
RZDT5_RR,GPR-KG-pooled-pre,pooled_pre,axis,2,mid_t1,3,0.000796712898242354,0.00015504192366952237,8.951349636627616e-05,0.0011293938346666667,0.0,0.0,-0.00033268093642431273,0.00015504192366952232,8.951349636627612e-05,0.0006238213998493327,7.741888476779756e-05,4.469781396104854e-05,0.0004812028109179672,4.2192169489972335e-05,2.4359660412729845e-05,0.3918506694892545,0.022757961905294742,0.013139315432229168,0.8778197630020227,0.1708254817905027,0.09862613789619425,0.7780399396897989,0.1514081285835179,0.08741552379519153,0.554374160996098,0.07903899787291879,0.04563318669840793
RZDT5_RR,GPR-KG-pooled-pre,pooled_pre,combined,0,all,3,0.0010347342910854383,0.0007663303444979633,0.0004424410306840778,0.0020797673695738075,6.139501596352924e-05,3.544642899344498e-05,-0.0010450330784883693,0.0008026298003071323,0.00046339853126693844,0.0025995297257650507,0.0003082810795134445,0.0001779861642431556,0.0017920177191736869,8.824401795718173e-05,5.0947707521953045e-05,1.9521519809452652,1.4625495194882796,0.8444033587797161,2.268960405764978,1.7479194894035233,1.0091617877289174,1.0414244006206141,0.8116657181524844,0.4686154208673278,1.4731782660967625,0.1166599536479995,0.06735365564232178
RZDT5_RR,GPR-KG-pooled-pre,pooled_pre,combined,0,high_t1,3,0.0010347342910854383,0.0007663303444979635,0.0004424410306840779,0.004890951490593477,6.472425029838713e-05,3.736856333287053e-05,-0.0038562171995080385,0.0008295360745483554,0.0004789328759429985,0.004266904194399206,0.0007684577076453355,0.0004436692643698772,0.0038562171995080385,0.0008295360745483554,0.0004789328759429985,0.7550052921065283,0.18278754233603106,0.10553243677221766,0.2449947078934718,0.1827875423360311,0.10553243677221767,0.22726746081962337,0.17303868713793263,0.09990393259930484,1.715011737574265,0.7243311936604835,0.41819280964232314
RZDT5_RR,GPR-KG-pooled-pre,pooled_pre,combined,0,low_t1,3,0.0010347342910854383,0.0007663303444979635,0.0004424410306840779,0.00022329023859964464,5.518613901951965e-06,3.1861732218455784e-06,0.0008114440524857936,0.0007709747498490234,0.00044512247936373805,0.0008195502172084163,0.0007647869043257597,0.00044154992508517796,0.0008114440524857936,0.0007709747498490234,0.00044512247936373805,4.238043050863104,3.9672774857506456,2.290508724348077,5.238043050863104,3.9672774857506456,2.290508724348077,5.521043105015893,4.249663230447813,2.4535442100642997,1.4612257797175345,0.7274378364466816,0.4199864306912106
RZDT5_RR,GPR-KG-pooled-pre,pooled_pre,combined,0,mid_t1,3,0.0010347342910854383,0.0007663303444979635,0.0004424410306840779,0.0011292564533604535,1.5680529412453603e-05,9.053157877315933e-06,-9.452216227501504e-05,0.0007819068095915356,0.00045143410699887457,0.0008144483011593952,0.00015375596288836368,8.877104656310688e-05,0.0006713463669367849,0.00017163726594642041,9.909482169713722e-05,0.674593216957514,0.398483284791793,0.23006443174210803,1.1417788817938714,0.8563010160541538,0.4943856221262158,1.023201770621638,0.8170674394903025,0.4717341061358044,0.7703955777833654,0.20503360417404862,0.11837620656280615
RZDT5_RR,GPR-KG-pooled-pre,pooled_pre,combined,1,all,3,0.003847177294390131,0.0022087009622497166,0.0012751940951142595,0.0020797673695738075,6.139501596352924e-05,3.544642899344498e-05,0.0017674099248163229,0.002168014885587995,0.0012517039778013447,0.003334667622829985,0.0008092568771168302,0.00046722467584695785,0.002880739518542431,0.0010242846885672658,0.000591371040671123,7.4425385358662455,4.410122194921591,2.546185236397124,8.232983584387837,4.664272418618603,2.692918936463198,3.6985942562298995,2.053219934464419,1.1854270818685382,1.8604843468454106,0.43287888209272496,0.24992273910273904
RZDT5_RR,GPR-KG-pooled-pre,pooled_pre,combined,1,high_t1,3,0.003847177294390132,0.002208700962249717,0.0012751940951142597,0.004890951490593477,6.472425029838713e-05,3.736856333287053e-05,-0.0010437741962033458,0.002210251365538285,0.0012760892208702667,0.0025521454736724615,0.0012867500925726897,0.0007429055123266183,0.0022372551968415214,0.0011758796539203277,0.0006788944347255053,0.49317459209235864,0.17424351097751936,0.10059953796741632,0.9085172067482858,0.5214979054588492,0.3010869560984926,0.824598336055861,0.46336432828584817,0.2675235196687046,0.7022791024487031,0.5250124861992091,0.3031161002350281
RZDT5_RR,GPR-KG-pooled-pre,pooled_pre,combined,1,low_t1,3,0.003847177294390132,0.002208700962249717,0.0012751940951142597,0.00022329023859964464,5.518613901951965e-06,3.1861732218455784e-06,0.003623887055790486,0.002212692876906171,0.0012774988281157454,0.003625479598906712,0.0022111130637097716,0.0012765867225415348,0.003623887055790486,0.002212692876906171,0.0012774988281157454,18.439332636031693,11.268524873867365,6.505885869297318,19.439332636031693,11.268524873867365,6.505885869297318,20.176274720814813,11.541549536329944,6.663516731665494,2.7605401510692875,0.7972039245126888,0.460265900416427
RZDT5_RR,GPR-KG-pooled-pre,pooled_pre,combined,1,mid_t1,3,0.003847177294390131,0.002208700962249717,0.0012751940951142597,0.0011292564533604535,1.5680529412453603e-05,9.053157877315933e-06,0.0027179208410296773,0.0022141518976418217,0.0012783411941302265,0.0028662104100279384,0.0020135083889931604,0.001162499610400771,0.002822613944867467,0.0020333093540393934,0.001173931702900428,3.2803808992864814,2.328662017992471,1.3444536429396103,4.225123844110069,2.4242263018565646,1.3996277079534587,3.7353876589510073,2.1870484145013327,1.2626929908430888,1.3016095405641828,0.6644141970959367,0.38359971554674815
RZDT5_RR,GPR-KG-pooled-pre,pooled_pre,combined,2,all,3,0.000796712898242354,0.00015504192366952218,8.951349636627605e-05,0.0020797673695738075,6.139501596352924e-05,3.544642899344498e-05,-0.0012830544713314537,0.00017165409272565144,9.910453664265584e-05,0.002637781807234825,0.00010479797676080315,6.050514009337785e-05,0.0017230767972860473,3.8730975207928175e-05,2.2361338962274056e-05,1.4305132532041958,0.30860231922285364,0.17817163207585737,1.7198261692775623,0.38302785632738967,0.22114123595774374,0.7820103901097482,0.18328532500175382,0.10581983172827061,1.3553841158089879,0.014964242937132574,0.008639609687972448
RZDT5_RR,GPR-KG-pooled-pre,pooled_pre,combined,2,high_t1,3,0.000796712898242354,0.00015504192366952226,8.951349636627609e-05,0.004890951490593477,6.472425029838713e-05,3.736856333287053e-05,-0.004094238592351122,0.0002074993202468016,0.00011979978840115528,0.004475742183020427,0.0002128988781287012,0.00012291722459777498,0.004094238592351122,0.0002074993202468016,0.00011979978840115528,0.8117863109602942,0.03761321067865248,0.021715997310406118,0.18821368903970567,0.03761321067865249,0.02171599731040612,0.1726550125662948,0.03673606804427058,0.02120957877432803,1.7971695767729707,0.19415469519310494,0.11209526553416888
RZDT5_RR,GPR-KG-pooled-pre,pooled_pre,combined,2,low_t1,3,0.000796712898242354,0.00015504192366952226,8.951349636627609e-05,0.00022329023859964464,5.518613901951965e-06,3.1861732218455784e-06,0.0005734226596427094,0.0001605512504378248,9.269430765900917e-05,0.0005797788397456251,0.00015846253759377305,9.148838873623606e-05,0.0005734226596427094,0.0001605512504378248,9.269430765900917e-05,3.013855040505297,0.8548408737163965,0.4935426085544564,4.013855040505297,0.8548408737163976,0.4935426085544571,4.1955571126477835,0.9346712135553048,0.5396326767499494,1.3655182444823775,0.20277651153926232,0.11707307352252637
RZDT5_RR,GPR-KG-pooled-pre,pooled_pre,combined,2,mid_t1,3,0.000796712898242354,0.00015504192366952226,8.951349636627609e-05,0.0011292564533604535,1.5680529412453603e-05,9.053157877315933e-06,-0.00033254355511809947,0.00016961113357152338,9.79250336250766e-05,0.0006221100050628645,8.924407261467118e-05,5.1525089347658916e-05,0.0004804626509197437,5.33304418784884e-05,3.079034497454697e-05,0.3899180522422199,0.01530996410519416,0.008839211897417357,0.8756771456972013,0.17822076844784904,0.10289580863854761,0.7717022930773515,0.19682207522178796,0.11363527811176005,0.5533159520513635,0.08720422336199313,0.05034738183251899
RZDT5_RR,GPR-KG-pooled-pre,pooled_pre,random,0,all,3,0.0010347342910854386,0.0007663303444979636,0.00044244103068407796,0.002111049309461333,4.6758173215509226e-05,2.6995843892789404e-05,-0.0010763150183758952,0.0008094201374819558,0.00046731893426271107,0.0026186030216668577,0.000319309332356844,0.00018435332899098357,0.0018057744687299513,5.8873919273035105e-05,3.399087314053512e-05,1.8718599664268567,1.378485219304205,0.795868812439203,2.1781744263543477,1.6702863530439185,0.9643402755536646,1.0165838924349961,0.8245611168959527,0.4760605828031768,1.4631282173151048,0.11289639671909014,0.06518076503630549
RZDT5_RR,GPR-KG-pooled-pre,pooled_pre,random,0,high_t1,3,0.0010347342910854383,0.0007663303444979633,0.0004424410306840778,0.0048896284903488,7.418317295752664e-05,4.2829674876368575e-05,-0.0038548941992633617,0.000840009700115506,0.00048497982648358423,0.004269930480092391,0.0007737748315271997,0.00044673910727438613,0.0038548941992633617,0.000840009700115506,0.00048497982648358423,0.7542148995713545,0.18434018606279134,0.10642885604581828,0.24578510042864543,0.1843401860627914,0.10642885604581832,0.22617644893639074,0.1735959412962919,0.10022566343764061,1.7147845420996102,0.7260081185693792,0.41916098268988483
RZDT5_RR,GPR-KG-pooled-pre,pooled_pre,random,0,low_t1,3,0.0010347342910854383,0.0007663303444979633,0.0004424410306840778,0.00022640843933714708,5.386298739661911e-06,3.1097810272795465e-06,0.0008083258517482912,0.0007701739900269117,0.0004446601604648856,0.0008164216073415664,0.0007639978569295351,0.0004410943683585643,0.0008083258517482912,0.0007701739900269117,0.0004446601604648856,4.143282798369015,3.882632912001148,2.2416391569083634,5.143282798369015,3.882632912001148,2.2416391569083634,5.359622577224269,4.080496167408747,2.3558755606806767,1.445254086656839,0.7232246173716618,0.41755392752409304
RZDT5_RR,GPR-KG-pooled-pre,pooled_pre,random,0,mid_t1,3,0.0010347342910854383,0.0007663303444979633,0.0004424410306840778,0.0011297310168509069,1.5188886646440693e-05,8.769307794013247e-06,-9.499672576546842e-05,0.0007797717448011248,0.0004502014267673936,0.0008132151626639991,0.00014846942185815938,8.571886067623644e-05,0.0006715428319033575,0.00016767515993614443,9.680729872554655e-05,0.6747642471421144,0.39450421615346776,0.22776711539264693,1.1396182662946612,0.8540019732630528,0.49305826915189516,1.023201770621638,0.8170674394903025,0.4717341061358044,0.7695902693758728,0.19986419706810285,0.1153916479786376
RZDT5_RR,GPR-KG-pooled-pre,pooled_pre,random,1,all,3,0.0038471772943901306,0.0022087009622497166,0.0012751940951142595,0.002111049309461333,4.6758173215509226e-05,2.6995843892789404e-05,0.0017361279849287977,0.002201033765706452,0.001270767437126076,0.0033421704096370905,0.0007780390591091705,0.00044920106021672276,0.002885712613478806,0.0010008689107711343,0.0005778519350572419,7.188997678097493,4.29413464982782,2.479219796014591,7.972506605437768,4.559829000450639,2.6326185008688388,3.6561125950443127,2.1264543290935145,1.2277089793215856,1.837160941388161,0.430022722047679,0.2482737343318831
RZDT5_RR,GPR-KG-pooled-pre,pooled_pre,random,1,high_t1,3,0.003847177294390132,0.002208700962249717,0.0012751940951142597,0.0048896284903488,7.418317295752664e-05,4.2829674876368575e-05,-0.001042451195958669,0.0022183019526065165,0.0012807372294812449,0.002562031272381742,0.001286922940760926,0.0007430053062746255,0.002247017623239305,0.0011743151290677498,0.0006779911558807155,0.4957252926945807,0.17201439767659668,0.09931255880307444,0.9106010745155038,0.5234763337712178,0.302229202217211,0.8227325128276642,0.4665957100012916,0.2693891587719703,0.704543478590539,0.5243465940940538,0.3027316472488654
RZDT5_RR,GPR-KG-pooled-pre,pooled_pre,random,1,low_t1,3,0.003847177294390132,0.002208700962249717,0.0012751940951142597,0.00022640843933714708,5.386298739661911e-06,3.1097810272795465e-06,0.0036207688550529836,0.0022132752284659135,0.0012778350489455258,0.0036223507827026365,0.002211708658046333,0.0012769305890920762,0.0036207688550529836,0.0022132752284659135,0.0012778350489455258,18.14516871520897,11.129554651183302,6.4256513738213314,19.14516871520897,11.129554651183303,6.425651373821332,19.79765100070512,11.428470036262299,6.598230251861611,2.7446457401136306,0.8000075457500951,0.4618845718925493
RZDT5_RR,GPR-KG-pooled-pre,pooled_pre,random,1,mid_t1,3,0.003847177294390131,0.0022087009622497166,0.0012751940951142595,0.0011297310168509069,1.5188886646440693e-05,8.769307794013247e-06,0.002717446277539224,0.0022187941366488056,0.0012810213920705512,0.0028679371293734734,0.0020136198102655265,0.001162563939502365,0.002824801649926318,0.0020333759387831636,0.0011739701456201675,3.275516855004254,2.3231668269128583,1.3412809928905476,4.218870639156606,2.4211234101872643,1.3978362526129218,3.7353876589510073,2.1870484145013327,1.2626929908430888,1.3016349095826822,0.6631826306156947,0.3828886703078555
RZDT5_RR,GPR-KG-pooled-pre,pooled_pre,random,2,all,3,0.000796712898242354,0.00015504192366952224,8.951349636627608e-05,0.002111049309461333,4.6758173215509226e-05,2.6995843892789404e-05,-0.0013143364112189794,0.00018698371525973287,0.0001079550983392831,0.0026591037394829813,0.00012113342552143816,6.993641583266381e-05,0.00173976896648337,4.004775412016378e-05,2.3121581621716505e-05,1.3794215285195077,0.28313224009085847,0.1634664750327189,1.6573270080874656,0.3642726277502755,0.21031289969003392,0.7603493243099573,0.20357342844049373,0.11753317370997407,1.3492683654177569,0.02777266872614825,0.016034557765155992
RZDT5_RR,GPR-KG-pooled-pre,pooled_pre,random,2,high_t1,3,0.000796712898242354,0.00015504192366952235,8.951349636627615e-05,0.0048896284903488,7.418317295752664e-05,4.2829674876368575e-05,-0.004092915592106446,0.00021920808075785698,0.00012655984443408995,0.00447798079238351,0.0002208574268086548,0.00012751209482050492,0.004092915592106446,0.00021920808075785698,0.00012655984443408995,0.8114226997920807,0.03846276709343926,0.022206488935175038,0.18857730020791916,0.0384627670934393,0.022206488935175062,0.17170364393830762,0.037730257189315,0.021783574144844827,1.7966517956905494,0.19679720089565694,0.1136209169128724
RZDT5_RR,GPR-KG-pooled-pre,pooled_pre,random,2,low_t1,3,0.0007967128982423541,0.00015504192366952226,8.951349636627609e-05,0.00022640843933714708,5.386298739661911e-06,3.1097810272795465e-06,0.0005703044589052069,0.0001602461874761718,9.251817947597904e-05,0.0005766479765762226,0.00015817825075066584,9.132425565084105e-05,0.0005703044589052069,0.0001602461874761718,9.251817947597904e-05,2.947780481567366,0.8342754503905925,0.4816691558613049,3.947780481567366,0.8342754503905923,0.48166915586130477,4.096402051995828,0.884166318079844,0.5104736617517982,1.349527993864091,0.2018629205810724,0.11654561153688621
RZDT5_RR,GPR-KG-pooled-pre,pooled_pre,random,2,mid_t1,3,0.000796712898242354,0.00015504192366952216,8.951349636627604e-05,0.0011297310168509069,1.5188886646440693e-05,8.769307794013247e-06,-0.00033301811860855275,0.00017022666952635842,9.828041347429651e-05,0.0006215182018579524,9.133666677030885e-05,5.2733249146720966e-05,0.0004798503884480181,5.625716086448708e-05,3.24800869689557e-05,0.38874189524820396,0.015809106071085016,0.00912739164578828,0.8742725864133751,0.17746399439963864,0.10245888493809761,0.7717022930773515,0.19682207522178796,0.11363527811176005,0.5524599572149724,0.09002188313315865,0.05197415845988618
