problem,method,variance_mode,rep,seed,pool,kappa,boundary_abs_threshold,x,x1,t1,t1_region,class,true_feasible,posterior_feasible,true_margin,post_margin,abs_true_margin,margin_error,true_mu0,pred_mu0,mu0_error,true_var0,pred_var0,true_mu1,pred_mu1,mu1_error,true_var1,pred_var1,true_mu2,pred_mu2,mu2_error,true_var2,pred_var2
RZDT2_VC,GPR-KG,vepm,0,1000,axis,1.0,0.004417494632216135,0 0 0 0 0,0,0.0,low_t1,fn,1,0,-0.011999999999999997,0.10408675793994032,0.011999999999999997,0.11608675793994032,0.0,0.1158314121979849,0.1158314121979849,0.0004,0.01995007594787175,1.0,0.9818307075931222,-0.018169292406877813,0.0004,0.010494195568701582,-0.04489707253902944,-0.04415899453061669,0.0007380780084127528,0.0004,0.008122879376524195
RZDT2_VC,GPR-KG,vepm,0,1000,axis,1.0,0.004417494632216135,1 0 0 0 0,1,0.01,low_t1,fn,1,0,-0.01197632074113926,0.09934952091185083,0.01197632074113926,0.11132584165299009,0.01,0.12532198235260955,0.11532198235260956,0.0004039562776451963,0.01995007594787175,0.9999,0.9809290706237508,-0.018970929376249224,0.0004039562776451963,0.010494195568701582,-0.04503568042525459,-0.04889623155870619,-0.0038605511334516007,0.0004039562776451963,0.008122879376524195
RZDT2_VC,GPR-KG,vepm,0,1000,axis,1.0,0.004417494632216135,2 0 0 0 0,2,0.02,low_t1,fn,1,0,-0.011905376415773737,0.0947132350620765,0.011905376415773737,0.10661861147785023,0.02,0.13481397549289306,0.11481397549289306,0.00041592604220944417,0.01995007594787175,0.9996,0.9800059056533648,-0.019594094346635282,0.00041592604220944417,0.010494195568701582,-0.045450957061927026,-0.053532517408480515,-0.008081560346553489,0.00041592604220944417,0.008122879376524195
RZDT2_VC,GPR-KG,vepm,0,1000,axis,1.0,0.004417494632216135,3 0 0 0 0,3,0.03,low_t1,fn,1,0,-0.011787447008744269,0.09017790039061736,0.011787447008744269,0.10196534739936164,0.03,0.14430739161883546,0.11430739161883546,0.0004362098522594935,0.01995007594787175,0.9991,0.9790612126819641,-0.020038787318035878,0.0004362098522594935,0.010494195568701582,-0.04614126354188364,-0.058067852079939655,-0.011926588538056018,0.0004362098522594935,0.008122879376524195
RZDT2_VC,GPR-KG,vepm,0,1000,axis,1.0,0.004417494632216135,4 0 0 0 0,4,0.04,low_t1,fn,1,0,-0.011622997933543572,0.08574351689747339,0.011622997933543572,0.09736651483101696,0.04,0.15380223073043672,0.11380223073043672,0.0004653012221544117,0.01995007594787175,0.9984,0.978094991709549,-0.0203050082904509,0.0004653012221544117,0.010494195568701582,-0.04710387554081907,-0.06250223557308363,-0.015398360032264552,0.0004653012221544117,0.008122879376524195
RZDT2_VC,GPR-KG,vepm,0,1000,axis,1.0,0.004417494632216135,5 0 0 0 0,5,0.05,low_t1,fn,1,0,-0.011412678195541842,0.08141008458264459,0.011412678195541842,0.09282276277818644,0.05,0.16329849282769685,0.11329849282769684,0.0005038756289026093,0.01995007594787175,0.9975,0.9771072427361193,-0.02039275726388079,0.0005038756289026093,0.010494195568701582,-0.04833499406894913,-0.06683566788791243,-0.018500673818963295,0.0005038756289026093,0.008122879376524195
RZDT2_VC,GPR-KG,vepm,0,1000,axis,1.0,0.004417494632216135,6 0 0 0 0,6,0.06,low_t1,fn,1,0,-0.011157317830659014,0.07717760344613098,0.011157317830659014,0.08833492127678999,0.06,0.17279617791061586,0.11279617791061586,0.0005527753830590045,0.01995007594787175,0.9964,0.976097965761675,-0.020302034238324995,0.0005527753830590045,0.010494195568701582,-0.04982976046388783,-0.07106814902442604,-0.02123838856053821,0.0005527753830590045,0.008122879376524195
RZDT2_VC,GPR-KG,vepm,0,1000,axis,1.0,0.004417494632216135,7 0 0 0 0,7,0.07,low_t1,fn,1,0,-0.010857924629592237,0.07304607348793252,0.010857924629592237,0.08390399811752475,0.07,0.1822952859791937,0.11229528597919369,0.0006129906199237256,0.01995007594787175,0.9951,0.975067160786216,-0.02003283921378396,0.0006129906199237256,0.010494195568701582,-0.051582275565568186,-0.0751996789826245,-0.023617403417056315,0.0006129906199237256,0.008122879376524195
RZDT2_VC,GPR-KG,vepm,0,1000,axis,1.0,0.004417494632216135,8 0 0 0 0,8,0.08,low_t1,fn,1,0,-0.010515680160526363,0.06901549470804925,0.010515680160526363,0.07953117486857561,0.08,0.19179581703343046,0.11179581703343046,0.0006856367334167007,0.01995007594787175,0.9936,0.9740148278097426,-0.01958517219025746,0.0006856367334167007,0.010494195568701582,-0.05358562299753181,-0.07923025776250776,-0.025644634764975957,0.0006856367334167007,0.008122879376524195
RZDT2_VC,GPR-KG,vepm,0,1000,axis,1.0,0.004417494632216135,9 0 0 0 0,9,0.09,low_t1,fn,1,0,-0.010131935106024177,0.06508586710648115,0.010131935106024177,0.07521780221250532,0.09,0.20129777107332605,0.11129777107332606,0.0007719286359422355,0.01995007594787175,0.9919,0.9729409668322544,-0.01895903316774561,0.0007719286359422355,0.010494195568701582,-0.05583189646270714,-0.08315988536407587,-0.027327988901368727,0.0007719286359422355,0.008122879376524195
RZDT2_VC,GPR-KG,vepm,0,1000,axis,1.0,0.004417494632216135,10 0 0 0 0,10,0.1,low_t1,fn,1,0,-0.009708203932499368,0.06125719068322823,0.009708203932499368,0.0709653946157276,0.1,0.2108011480988805,0.1108011480988805,0.0008731522823440523,0.01995007594787175,0.99,0.9718455778537519,-0.018154422146248073,0.0008731522823440523,0.010494195568701582,-0.05831223094595187,-0.08698856178732879,-0.02867633084137692,0.0008731522823440523,0.008122879376524195
RZDT2_VC,GPR-KG,vepm,0,1000,axis,1.0,0.004417494632216135,11 0 0 0 0,11,0.11,low_t1,fn,1,0,-0.009246158913309467,0.05752946543829049,0.009246158913309467,0.06677562435159995,0.11,0.22030594811009385,0.11030594811009385,0.0009906339438016311,0.01995007594787175,0.9879,0.9707286608742346,-0.017171339125765406,0.0009906339438016311,0.010494195568701582,-0.061016837700217666,-0.09071628703226653,-0.029699449332048863,0.0009906339438016311,0.008122879376524195
RZDT2_VC,GPR-KG,vepm,0,1000,axis,1.0,0.004417494632216135,12 0 0 0 0,12,0.12,low_t1,fn,1,0,-0.008747623529056933,0.05390269137166792,0.008747623529056933,0.06265031490072485,0.12,0.22981217110696606,0.10981217110696606,0.0011257077574617607,0.01995007594787175,0.9856,0.9695902158937028,-0.016009784106297276,0.0011257077574617607,0.010494195568701582,-0.06393504287826272,-0.0943430610988891,-0.030408018220626373,0.0011257077574617607,0.008122879376524195
RZDT2_VC,GPR-KG,vepm,0,1000,axis,1.0,0.004417494632216135,13 0 0 0 0,13,0.13,low_t1,fn,1,0,-0.00821456527114426,0.05037686848336051,0.00821456527114426,0.05859143375450477,0.13,0.23931981708949712,0.10931981708949712,0.0012796821090875375,0.01995007594787175,0.9831,0.9684302429121564,-0.014669757087843571,0.0012796821090875375,0.010494195568701582,-0.06705532965745045,-0.09786888398719651,-0.030813554329746057,0.0012796821090875375,0.008122879376524195
RZDT2_VC,GPR-KG,vepm,0,1000,axis,1.0,0.004417494632216135,14 0 0 0 0,14,0.14,low_t1,fn,1,0,-0.007649087876984276,0.046951996773368296,0.007649087876984276,0.05460108465035257,0.14,0.2488288860576871,0.10882888605768709,0.001453805428527017,0.01995007594787175,0.9804,0.9672487419295954,-0.013151258070404626,0.001453805428527017,0.010494195568701582,-0.07036538369138683,-0.10129375569718872,-0.030928372005801896,0.001453805428527017,0.008122879376524195
RZDT2_VC,GPR-KG,vepm,0,1000,axis,1.0,0.004417494632216135,15 0 0 0 0,15,0.15,low_t1,fn,1,0,-0.007053423027509678,0.04362807624169124,0.007053423027509678,0.050681499269200916,0.15,0.2583393780115359,0.1083393780115359,0.0016492319909840038,0.01995007594787175,0.9775,0.9660457129460198,-0.011454287053980217,0.0016492319909840038,0.010494195568701582,-0.0738521417090197,-0.10461767622886578,-0.03076553451984608,0.0016492319909840038,0.008122879376524195
RZDT2_VC,GPR-KG,vepm,0,1000,axis,1.0,0.004417494632216135,16 0 0 0 0,16,0.16,low_t1,fn,1,0,-0.00642992153974796,0.04040510688832938,0.00642992153974796,0.04683502842807734,0.16,0.2678512929510436,0.10785129295104359,0.0018669883206906834,0.01995007594787175,0.9744,0.9648211559614296,-0.009578844038570455,0.0018669883206906834,0.010494195568701582,-0.07750184306940175,-0.10784064558222764,-0.03033880251282589,0.0018669883206906834,0.008122879376524195
RZDT2_VC,GPR-KG,vepm,0,1000,axis,1.0,0.004417494632216135,17 0 0 0 0,17,0.17,low_t1,fn,1,0,-0.005781044089220588,0.037283088713282675,0.005781044089220588,0.04306413280250326,0.17,0.2773646308762101,0.1073646308762101,0.0021079407875642477,0.01995007594787175,0.9711,0.963575070975825,-0.007524929024175009,0.0021079407875642477,0.010494195568701582,-0.08130008406865345,-0.11096266375727434,-0.02966257968862089,0.0021079407875642477,0.008122879376524195
RZDT2_VC,GPR-KG,vepm,0,1000,axis,1.0,0.004417494632216135,18 0 0 0 0,18,0.18,low_t1,fn,1,0,-0.005109351498780876,0.034262021716551155,0.005109351498780876,0.03937137321533203,0.18,0.2868793917870356,0.1068793917870356,0.00237276497185863,0.01995007594787175,0.9676,0.9623074579892057,-0.005292542010794321,0.00237276497185863,0.010494195568701582,-0.08523187478480203,-0.11398373075400586,-0.028751855969203835,0.00237276497185863,0.008122879376524195
RZDT2_VC,GPR-KG,vepm,0,1000,axis,1.0,0.004417494632216135,19 0 0 0 0,19,0.19,low_t1,fn,1,0,-0.004417494632216135,0.031341905898134806,0.004417494632216135,0.03575940053035094,0.19,0.2963955756835199,0.10639557568351987,0.0026619173469304897,0.01995007594787175,0.9639,0.9610183170015718,-0.00288168299842817,0.0026619173469304897,0.010494195568701582,-0.08928169823615514,-0.11690384657242221,-0.02762214833626707,0.0026619173469304897,0.008122879376524195
RZDT2_VC,GPR-KG,vepm,0,1000,axis,1.0,0.004417494632216135,20 0 0 0 0,20,0.2,low_t1,fn,1,0,-0.0037082039324993626,0.028522741258033626,0.0037082039324993626,0.03223094519053299,0.2,0.305913182565663,0.10591318256566301,0.002975609796406684,0.01995007594787175,0.96,0.9597076480129233,-0.00029235198707666665,0.002975609796406684,0.010494195568701582,-0.09343357161973867,-0.11972301121252339,-0.026289439592784722,0.002975609796406684,0.008122879376524195
RZDT2_VC,GPR-KG,vepm,0,1000,axis,1.0,0.004417494632216135,21 0 0 0 0,21,0.21,low_t1,fn,1,0,-0.002984278645978264,0.025804527796247645,0.002984278645978264,0.02878880644222591,0.21,0.31543221243346503,0.10543221243346504,0.0033137874397911856,0.01995007594787175,0.9559,0.9583754510232602,0.002475451023260189,0.0033137874397911856,0.010494195568701582,-0.09767110938811811,-0.12244122467430937,-0.02477011528619126,0.0033137874397911856,0.008122879376524195
RZDT2_VC,GPR-KG,vepm,0,1000,axis,1.0,0.004417494632216135,22 0 0 0 0,22,0.22,low_t1,fn,1,0,-0.0022485757750286967,0.023187265512776806,0.0022485757750286967,0.025435841287805502,0.22,0.32495266528692596,0.10495266528692596,0.0036761101905396125,0.01995007594787175,0.9516,0.9570217260325825,0.005421726032582508,0.0036761101905396125,0.010494195568701582,-0.10197758791566854,-0.1250584869577802,-0.023080899042111677,0.0036761101905396125,0.008122879376524195
RZDT2_VC,GPR-KG,vepm,0,1000,axis,1.0,0.004417494632216135,23 0 0 0 0,23,0.23,low_t1,fn,1,0,-0.0015039988027716472,0.020670954407621178,0.0015039988027716472,0.022174953210392825,0.23,0.3344745411260457,0.10447454112604568,0.004061938413639081,0.01995007594787175,0.9471,0.9556464730408903,0.00854647304089029,0.004061938413639081,0.010494195568701582,-0.1063360114990846,-0.12757479806293584,-0.02123878656385124,0.004061938413639081,0.008122879376524195
RZDT2_VC,GPR-KG,vepm,0,1000,axis,1.0,0.004417494632216135,24 0 0 0 0,24,0.24,low_t1,fn,1,0,-0.0007534862343517579,0.018255594480780707,0.0007534862343517579,0.019009080715132465,0.24,0.34399783995082434,0.10399783995082434,0.004470322986651707,0.01995007594787175,0.9424,0.9542496920481837,0.011849692048183647,0.004470322986651707,0.010494195568701582,-0.11072917943165687,-0.1299901579897763,-0.019260978558119438,0.004470322986651707,0.008122879376524195
RZDT2_VC,GPR-KG,vepm,0,1000,axis,1.0,0.004417494632216135,25 0 0 0 0,25,0.25,low_t1,fn,1,0,0.0,0.015941185732255392,0.0,0.015941185732255392,0.25,0.35352256176126184,0.10352256176126184,0.004900000000000001,0.01995007594787175,0.9375,0.9528313830544622,0.015331383054462244,0.004900000000000001,0.010494195568701582,-0.11513975388660307,-0.13230456673830163,-0.01716481285169856,0.004900000000000001,0.008122879376524195
RZDT2_VC,GPR-KG,vepm,0,1000,axis,1.0,0.004417494632216135,26 0 0 0 0,26,0.26,low_t1,tn,0,0,0.0007534862343517579,0.01372772816204526,0.0007534862343517579,0.012974241927693503,0.26,0.3630487065573582,0.1030487065573582,0.005349390260062097,0.01995007594787175,0.9324,0.9513915460597262,0.018991546059726194,0.005349390260062097,0.010494195568701582,-0.11955032834154922,-0.13451802430851176,-0.014967695966962541,0.005349390260062097,0.008122879376524195
RZDT2_VC,GPR-KG,vepm,0,1000,axis,1.0,0.004417494632216135,27 0 0 0 0,27,0.27,low_t1,tn,0,0,0.0015039988027716472,0.011615221770150341,0.0015039988027716472,0.010111222967378694,0.27,0.37257627433911344,0.10257627433911343,0.005816603683539342,0.01995007594787175,0.9271,0.9499301810639756,0.022830181063975608,0.005816603683539342,0.010494195568701582,-0.1239434962741215,-0.13663053070040668,-0.012687034426285174,0.005816603683539342,0.008122879376524195
RZDT2_VC,GPR-KG,vepm,0,1000,axis,1.0,0.004417494632216135,28 0 0 0 0,28,0.28,low_t1,tn,0,0,0.0022485757750287105,0.00960366655657055,0.0022485757750287105,0.00735509078154184,0.28,0.38210526510652754,0.10210526510652751,0.006299448594739758,0.01995007594787175,0.9216,0.9484472880672106,0.026847288067210595,0.006299448594739758,0.010494195568701582,-0.12830191985753753,-0.13864208591398647,-0.01034016605644894,0.006299448594739758,0.008122879376524195
RZDT2_VC,GPR-KG,vepm,0,1000,axis,1.0,0.004417494632216135,29 0 0 0 0,29,0.29,low_t1,tn,0,0,0.00298427864597825,0.007693062521305943,0.00298427864597825,0.004708783875327693,0.29,0.39163567885960054,0.10163567885960056,0.006795445860099151,0.01995007594787175,0.9159,0.9469428670694308,0.031042867069430713,0.006795445860099151,0.010494195568701582,-0.13260839838508798,-0.14055268994925108,-0.007944291564163097,0.006795445860099151,0.008122879376524195
RZDT2_VC,GPR-KG,vepm,0,1000,axis,1.0,0.004417494632216135,30 0 0 0 0,30,0.3,low_t1,tn,0,0,0.0037082039324993765,0.005883409664356548,0.0037082039324993765,0.0021752057318571716,0.3,0.40116751559833236,0.10116751559833237,0.007301847717655946,0.01995007594787175,0.91,0.9454169180706365,0.035416918070636516,0.007301847717655946,0.010494195568701582,-0.1368459361534674,-0.14236234280620047,-0.0055164066527330635,0.007301847717655946,0.008122879376524195
RZDT2_VC,GPR-KG,vepm,0,1000,axis,1.0,0.004417494632216135,31 0 0 0 0,31,0.31,low_t1,tn,0,0,0.004417494632216135,0.004174707985722281,0.004417494632216135,-0.00024278664649385329,0.31,0.4107007753227231,0.10070077532272309,0.007815661084515983,0.01995007594787175,0.9039,0.9438694410708277,0.03996944107082767,0.007815661084515983,0.010494195568701582,-0.14099780953705096,-0.14407104448483474,-0.003073234947783776,0.007815661084515983,0.008122879376524195
RZDT2_VC,GPR-KG,vepm,0,1000,axis,1.0,0.004417494632216135,32 0 0 0 0,32,0.32,low_t1,tn,0,0,0.005109351498780862,0.002566957485403226,0.005109351498780862,-0.0025423940133776357,0.32,0.4202354580327727,0.10023545803277267,0.008333675053769645,0.01995007594787175,0.8976,0.9423004360700042,0.04470043607000429,0.008333675053769645,0.010494195568701582,-0.1450476329884041,-0.1456787949851538,-0.0006311619967497017,0.008333675053769645,0.008122879376524195
RZDT2_VC,GPR-KG,vepm,0,1000,axis,1.0,0.004417494632216135,33 0 0 0 0,33,0.33,low_t1,tn,0,0,0.005781044089220588,0.0010601581633992996,0.005781044089220588,-0.004720885925821289,0.33,0.4297715637284811,0.09977156372848106,0.00885249222498826,0.01995007594787175,0.8911,0.9407099030681662,0.04960990306816615,0.00885249222498826,0.010494195568701582,-0.14897942370455264,-0.14718559430715772,0.0017938293973949193,0.00885249222498826,0.008122879376524195
RZDT2_VC,GPR-KG,vepm,0,1000,axis,1.0,0.004417494632216135,34 0 0 0 0,34,0.34,mid_t1,fp,0,1,0.006429921539747974,-0.00034568998028941533,0.006429921539747974,-0.006775611520037389,0.34,0.43930909240984845,0.09930909240984842,0.00936856345039664,0.01995007594787175,0.8844,0.9390978420653135,0.054697842065313584,0.00936856345039664,0.010494195568701582,-0.15277766470380438,-0.14859144245084643,0.00418622225295795,0.00936856345039664,0.008122879376524195
RZDT2_VC,GPR-KG,vepm,0,1000,axis,1.0,0.004417494632216135,35 0 0 0 0,35,0.35,mid_t1,fp,0,1,0.007053423027509664,-0.001650586945662974,0.007053423027509664,-0.008704009973172638,0.35,0.4488480440768746,0.09884804407687464,0.009878225523078626,0.01995007594787175,0.8775000000000001,0.9374642530614463,0.05996425306144626,0.009878225523078626,0.010494195568701582,-0.15642736606418642,-0.14989633941622,0.006531026647966426,0.009878225523078626,0.008122879376524195
RZDT2_VC,GPR-KG,vepm,0,1000,axis,1.0,0.004417494632216135,36 0 0 0 0,36,0.36,mid_t1,fp,0,1,0.00764908787698429,-0.0028545327327213488,0.00764908787698429,-0.010503620609705638,0.36,0.4583884187295597,0.09838841872955972,0.010377741285008674,0.01995007594787175,0.8704000000000001,0.9358091360565646,0.06540913605656451,0.010377741285008674,0.010494195568701582,-0.1599141240818193,-0.15110028520327837,0.008813838878540925,0.010377741285008674,0.008122879376524195
RZDT2_VC,GPR-KG,vepm,0,1000,axis,1.0,0.004417494632216135,37 0 0 0 0,37,0.37,mid_t1,fp,0,1,0.008214565271144253,-0.0039575273414645395,0.008214565271144253,-0.012172092612608792,0.37,0.4679302163679036,0.09793021636790361,0.01086334159208918,0.01995007594787175,0.8631,0.9341324910506683,0.07103249105066833,0.01086334159208918,0.010494195568701582,-0.16322417811575568,-0.15220327981202156,0.011020898303734122,0.01086334159208918,0.008122879376524195
RZDT2_VC,GPR-KG,vepm,0,1000,axis,1.0,0.004417494632216135,38 0 0 0 0,38,0.38,mid_t1,fp,0,1,0.008747623529056947,-0.004959570771892546,0.008747623529056947,-0.013707194300949493,0.38,0.4774734369919064,0.09747343699190641,0.011331268541361518,0.01995007594787175,0.8556,0.9324343180437573,0.07683431804375729,0.011331268541361518,0.010494195568701582,-0.16634446489494334,-0.15320532324244956,0.013139141652493774,0.011331268541361518,0.008122879376524195
RZDT2_VC,GPR-KG,vepm,0,1000,axis,1.0,0.004417494632216135,39 0 0 0 0,39,0.39,mid_t1,fp,0,1,0.00924615891330946,-0.005860663024005397,0.00924615891330946,-0.015106821937314857,0.39,0.48701808060156804,0.09701808060156802,0.01177781934266268,0.01995007594787175,0.8479,0.9307146170358317,0.0828146170358317,0.01177781934266268,0.010494195568701582,-0.16926267007298845,-0.15410641549456242,0.015156254578426037,0.01177781934266268,0.008122879376524195
RZDT2_VC,GPR-KG,vepm,0,1000,axis,1.0,0.004417494632216135,40 0 0 0 0,40,0.4,mid_t1,fp,0,1,0.009708203932499382,-0.006660804097803091,0.009708203932499382,-0.016369008030302473,0.4,0.49656414719688863,0.0965641471968886,0.012199390203593317,0.01995007594787175,0.84,0.9289733880268917,0.0889733880268917,0.012199390203593317,0.010494195568701582,-0.1719672768272542,-0.1549065565683601,0.017060720258894102,0.012199390203593317,0.008122879376524195
RZDT2_VC,GPR-KG,vepm,0,1000,axis,1.0,0.004417494632216135,41 0 0 0 0,41,0.41,mid_t1,fp,0,1,0.01013193510602417,-0.007359993993285546,0.01013193510602417,-0.017491929099309717,0.41,0.506111636777868,0.09611163677786799,0.012592519592970444,0.01995007594787175,0.8319000000000001,0.9272106310169369,0.09531063101693682,0.012592519592970444,0.010494195568701582,-0.17444761131049896,-0.15560574646384256,0.018841864846656398,0.012592519592970444,0.008122879376524195
RZDT2_VC,GPR-KG,vepm,0,1000,axis,1.0,0.004417494632216135,42 0 0 0 0,42,0.42,mid_t1,fp,0,1,0.01051568016052637,-0.007958232710452873,0.01051568016052637,-0.018473912870979242,0.42,0.5156605493445063,0.09566054934450635,0.012953930254030792,0.01995007594787175,0.8236,0.9254263460059676,0.10182634600596763,0.012953930254030792,0.010494195568701582,-0.1766938847756743,-0.1562039851810099,0.020489899594664407,0.012953930254030792,0.008122879376524195
RZDT2_VC,GPR-KG,vepm,0,1000,axis,1.0,0.004417494632216135,43 0 0 0 0,43,0.43,mid_t1,fp,0,1,0.01085792462959223,-0.008455520249305043,0.01085792462959223,-0.019313444878897273,0.43,0.5252108848968035,0.09521088489680346,0.01328056935444799,0.01995007594787175,0.8151,0.9236205329939837,0.10852053299398368,0.01328056935444799,0.010494195568701582,-0.1786972322076379,-0.15670127271986206,0.02199595948777583,0.01328056935444799,0.008122879376524195
RZDT2_VC,GPR-KG,vepm,0,1000,axis,1.0,0.004417494632216135,44 0 0 0 0,44,0.44,mid_t1,fp,0,1,0.011157317830659014,-0.008851856609842002,0.011157317830659014,-0.020009174440501015,0.44,0.5347626434347594,0.09476264343475943,0.013569646185494524,0.01995007594787175,0.8064,0.9217931919809854,0.11539319198098541,0.013569646185494524,0.010494195568701582,-0.18044974730931826,-0.15709760908039902,0.02335213822891924,0.013569646185494524,0.008122879376524195
RZDT2_VC,GPR-KG,vepm,0,1000,axis,1.0,0.004417494632216135,45 0 0 0 0,45,0.45,mid_t1,fp,0,1,0.011412678195541842,-0.009147241792063804,0.011412678195541842,-0.020559919987605646,0.45,0.5443158249583743,0.09431582495837426,0.01381866685703476,0.01995007594787175,0.7975,0.9199443229669724,0.12244432296697239,0.01381866685703476,0.010494195568701582,-0.18194451370425696,-0.15739299426262082,0.024551519441636138,0.01381866685703476,0.008122879376524195
RZDT2_VC,GPR-KG,vepm,0,1000,axis,1.0,0.004417494632216135,46 0 0 0 0,46,0.46,mid_t1,fp,0,1,0.011622997933543572,-0.009341675795970422,0.011622997933543572,-0.020964673729513994,0.46,0.5538704294676481,0.09387042946764806,0.014025465477955251,0.01995007594787175,0.7884,0.9180739259519447,0.1296739259519447,0.014025465477955251,0.010494195568701582,-0.18317563223238706,-0.15758742826652744,0.02558820396585962,0.014025465477955251,0.008122879376524195
RZDT2_VC,GPR-KG,vepm,0,1000,axis,1.0,0.004417494632216135,47 0 0 0 0,47,0.47,mid_t1,fp,0,1,0.011787447008744262,-0.009435158621561884,0.011787447008744262,-0.021222605630306146,0.47,0.5634264569625806,0.09342645696258067,0.014188231362461133,0.01995007594787175,0.7791,0.9161820009359025,0.1370820009359025,0.014188231362461133,0.010494195568701582,-0.18413824423132247,-0.1576809110921189,0.026457333139203565,0.014188231362461133,0.008122879376524195
RZDT2_VC,GPR-KG,vepm,0,1000,axis,1.0,0.004417494632216135,48 0 0 0 0,48,0.48,mid_t1,fp,0,1,0.011905376415773744,-0.009427690268838163,0.011905376415773744,-0.021333066684611907,0.48,0.5729839074431722,0.0929839074431722,0.014305531860612137,0.01995007594787175,0.7696000000000001,0.9142685479188457,0.14466854791884565,0.014305531860612137,0.010494195568701582,-0.1848285507112791,-0.15767344273939518,0.02715510797188392,0.014305531860612137,0.008122879376524195
RZDT2_VC,GPR-KG,vepm,0,1000,axis,1.0,0.004417494632216135,49 0 0 0 0,49,0.49,mid_t1,fp,0,1,0.011976320741139274,-0.009319270737799257,0.011976320741139274,-0.02129559147893853,0.49,0.5825427809094225,0.09254278090942247,0.014376330475641002,0.01995007594787175,0.7599,0.9123335669007744,0.15243356690077436,0.014376330475641002,0.010494195568701582,-0.18524382734795153,-0.15756502320835628,0.027678804139595253,0.014376330475641002,0.008122879376524195
RZDT2_VC,GPR-KG,vepm,0,1000,axis,1.0,0.004417494632216135,50 0 0 0 0,50,0.5,mid_t1,fp,0,1,0.01200000000000001,-0.009109900028445195,0.01200000000000001,-0.021109900028445205,0.5,0.5921030773613317,0.09210307736133172,0.0144,0.01995007594787175,0.75,0.9103770578816885,0.16037705788168855,0.0144,0.010494195568701582,-0.18538243523417663,-0.1573556524990022,0.02802678273517442,0.0144,0.008122879376524195
RZDT2_VC,GPR-KG,vepm,0,1000,axis,1.0,0.004417494632216135,51 0 0 0 0,51,0.51,mid_t1,tn,0,0,0.011976320741139274,0.05820758968606746,0.011976320741139274,0.04623126894492818,0.51,0.6016647967988998,0.09166479679889983,0.014376330475641002,0.04691060277688996,0.7399,0.908399020861588,0.16849902086158797,0.014376330475641002,0.010140229781920666,-0.18524382734795153,-0.15704533061133297,0.02819849673661856,0.014376330475641002,0.01712551303747237
RZDT2_VC,GPR-KG,vepm,0,1000,axis,1.0,0.004417494632216135,52 0 0 0 0,52,0.52,mid_t1,tn,0,0,0.011905376415773744,0.05861886275205189,0.011905376415773744,0.04671348633627814,0.52,0.6112279392221267,0.09122793922212669,0.014305531860612137,0.04691060277688996,0.7296,0.9063994558404729,0.17679945584047285,0.014305531860612137,0.010140229781920666,-0.1848285507112791,-0.15663405754534854,0.028194493165930562,0.014305531860612137,0.01712551303747237
RZDT2_VC,GPR-KG,vepm,0,1000,axis,1.0,0.004417494632216135,53 0 0 0 0,53,0.53,mid_t1,tn,0,0,0.011787447008744262,0.05913108699635153,0.011787447008744262,0.04734363998760727,0.53,0.6207925046310125,0.09079250463101252,0.014188231362461133,0.04691060277688996,0.7191,0.9043783628183433,0.1852783628183433,0.014188231362461133,0.010140229781920666,-0.18413824423132247,-0.1561218333010489,0.028016410930273572,0.014188231362461133,0.01712551303747237
RZDT2_VC,GPR-KG,vepm,0,1000,axis,1.0,0.004417494632216135,54 0 0 0 0,54,0.54,mid_t1,tn,0,0,0.011622997933543572,0.0597442624189663,0.011622997933543572,0.04812126448542273,0.54,0.6303584930255574,0.09035849302555732,0.014025465477955242,0.04691060277688996,0.7083999999999999,0.9023357417951989,0.193935741795199,0.014025465477955242,0.010140229781920666,-0.183175632232387,-0.15550865787843413,0.027666974353952878,0.014025465477955242,0.01712551303747237
RZDT2_VC,GPR-KG,vepm,0,1000,axis,1.0,0.004417494632216135,55 0 0 0 0,55,0.55,mid_t1,tn,0,0,0.011412678195541842,0.06045838901989625,0.011412678195541842,0.04904571082435441,0.55,0.6399259044057609,0.08992590440576087,0.013818666857034756,0.04691060277688996,0.6975,0.9002715927710401,0.20277159277104007,0.013818666857034756,0.010140229781920666,-0.18194451370425696,-0.15479453127750417,0.02714998242675279,0.013818666857034756,0.01712551303747237
RZDT2_VC,GPR-KG,vepm,0,1000,axis,1.0,0.004417494632216135,56 0 0 0 0,56,0.56,mid_t1,tn,0,0,0.011157317830659014,0.06127346679914136,0.011157317830659014,0.05011614896848235,0.56,0.6494947387716232,0.08949473877162317,0.013569646185494524,0.04691060277688996,0.6863999999999999,0.8981859157458667,0.2117859157458668,0.013569646185494524,0.010140229781920666,-0.18044974730931826,-0.15397945349825906,0.026470293811059198,0.013569646185494524,0.01712551303747237
RZDT2_VC,GPR-KG,vepm,0,1000,axis,1.0,0.004417494632216135,57 0 0 0 0,57,0.57,mid_t1,tn,0,0,0.01085792462959223,0.062189495756701685,0.01085792462959223,0.051331571127109454,0.57,0.6590649961231445,0.08906499612314456,0.013280569354448001,0.04691060277688996,0.6751,0.8960787107196787,0.22097871071967867,0.013280569354448001,0.010140229781920666,-0.17869723220763795,-0.15306342454069874,0.025633807666939207,0.013280569354448001,0.01712551303747237
RZDT2_VC,GPR-KG,vepm,0,1000,axis,1.0,0.004417494632216135,58 0 0 0 0,58,0.58,mid_t1,tn,0,0,0.01051568016052637,0.06320647589257714,0.01051568016052637,0.052690795732050766,0.58,0.6686366764603248,0.0886366764603248,0.012953930254030797,0.04691060277688996,0.6636,0.8939499776924761,0.23034997769247612,0.012953930254030797,0.010140229781920666,-0.17669388477567435,-0.1520464444048233,0.024647440370851065,0.012953930254030797,0.01712551303747237
RZDT2_VC,GPR-KG,vepm,0,1000,axis,1.0,0.004417494632216135,59 0 0 0 0,59,0.59,mid_t1,tn,0,0,0.01013193510602417,0.0643244072067678,0.01013193510602417,0.05419247210074363,0.59,0.6782097797831639,0.08820977978316391,0.012592519592970447,0.04691060277688996,0.6519,0.891799716664259,0.2398997166642589,0.012592519592970447,0.010140229781920666,-0.174447611310499,-0.15092851309063263,0.023519098219866363,0.012592519592970447,0.01712551303747237
RZDT2_VC,GPR-KG,vepm,0,1000,axis,1.0,0.004417494632216135,60 0 0 0 0,60,0.6,mid_t1,tn,0,0,0.009708203932499382,0.06554328969927362,0.009708203932499382,0.055835085766774234,0.6,0.6877843060916617,0.08778430609166177,0.012199390203593318,0.04691060277688996,0.64,0.8896279276350272,0.24962792763502717,0.012199390203593318,0.010140229781920666,-0.17196727682725424,-0.1497096305981268,0.02225764622912743,0.012199390203593318,0.01712551303747237
RZDT2_VC,GPR-KG,vepm,0,1000,axis,1.0,0.004417494632216135,61 0 0 0 0,61,0.61,mid_t1,tn,0,0,0.00924615891330946,0.06686312337009462,0.00924615891330946,0.05761696445678516,0.61,0.6973602553858185,0.08736025538581849,0.01177781934266268,0.04691060277688996,0.6279,0.8874346106047808,0.2595346106047808,0.01177781934266268,0.010140229781920666,-0.16926267007298845,-0.1483897969273058,0.020872873145682647,0.01177781934266268,0.01712551303747237
RZDT2_VC,GPR-KG,vepm,0,1000,axis,1.0,0.004417494632216135,62 0 0 0 0,62,0.62,mid_t1,tn,0,0,0.008747623529056947,0.0682839082192308,0.008747623529056947,0.05953628469017386,0.62,0.7069376276656342,0.08693762766563418,0.011331268541361527,0.04691060277688996,0.6155999999999999,0.8852197655735199,0.26961976557351996,0.011331268541361527,0.010140229781920666,-0.1663444648949434,-0.14696901207816962,0.019375452816773775,0.011331268541361527,0.01712551303747237
RZDT2_VC,GPR-KG,vepm,0,1000,axis,1.0,0.004417494632216135,63 0 0 0 0,63,0.63,mid_t1,tn,0,0,0.00821456527114428,0.06980564424668215,0.00821456527114428,0.061591078975537866,0.63,0.7165164229311087,0.08651642293110873,0.010863341592089185,0.04691060277688996,0.6031,0.8829833925412445,0.2798833925412445,0.010863341592089185,0.010140229781920666,-0.16322417811575568,-0.14544727605071828,0.017776902065037403,0.010863341592089185,0.01712551303747237
RZDT2_VC,GPR-KG,vepm,0,1000,axis,1.0,0.004417494632216135,64 0 0 0 0,64,0.64,mid_t1,tn,0,0,0.007649087876984262,0.07142833145244867,0.007649087876984262,0.06377924357546441,0.64,0.726096641182242,0.08609664118224203,0.01037774128500867,0.04691060277688996,0.5904,0.8807254915079544,0.2903254915079544,0.01037774128500867,0.010140229781920666,-0.1599141240818193,-0.14382458884495175,0.01608953523686754,0.01037774128500867,0.01712551303747237
RZDT2_VC,GPR-KG,vepm,0,1000,axis,1.0,0.004417494632216135,65 0 0 0 0,65,0.65,mid_t1,tn,0,0,0.007053423027509692,0.07315196983653038,0.007053423027509692,0.06609854680902069,0.65,0.7356782824190342,0.08567828241903419,0.009878225523078628,0.04691060277688996,0.5774999999999999,0.8784460624736498,0.30094606247364986,0.009878225523078628,0.010140229781920666,-0.1564273660641864,-0.14210095046087004,0.01432641560331635,0.009878225523078628,0.01712551303747237
RZDT2_VC,GPR-KG,vepm,0,1000,axis,1.0,0.004417494632216135,66 0 0 0 0,66,0.66,mid_t1,tn,0,0,0.006429921539747946,0.07497655939892725,0.006429921539747946,0.0685466378591793,0.66,0.7452613466414854,0.08526134664148532,0.009368563450396631,0.04691060277688996,0.5644,0.8761451054383305,0.31174510543833045,0.009368563450396631,0.010140229781920666,-0.15277766470380436,-0.14027636089847317,0.012501303805331182,0.009368563450396631,0.01712551303747237
RZDT2_VC,GPR-KG,vepm,0,1000,axis,1.0,0.004417494632216135,67 0 0 0 0,67,0.67,high_t1,tn,0,0,0.005781044089220588,0.0769021001396393,0.005781044089220588,0.07112105605041871,0.67,0.7548458338495954,0.08484583384959532,0.00885249222498826,0.04691060277688996,0.5510999999999999,0.8738226204019967,0.32272262040199673,0.00885249222498826,0.010140229781920666,-0.14897942370455264,-0.13835082015776112,0.010628603546791515,0.00885249222498826,0.01712551303747237
RZDT2_VC,GPR-KG,vepm,0,1000,axis,1.0,0.004417494632216135,68 0 0 0 0,68,0.68,high_t1,tn,0,0,0.005109351498780862,0.07892859205866654,0.005109351498780862,0.07381924055988567,0.68,0.7644317440433642,0.08443174404336418,0.008333675053769642,0.04691060277688996,0.5375999999999999,0.8714786073646482,0.33387860736464836,0.008333675053769642,0.010140229781920666,-0.14504763298840406,-0.1363243282387339,0.008723304749670174,0.008333675053769642,0.01712551303747237
RZDT2_VC,GPR-KG,vepm,0,1000,axis,1.0,0.004417494632216135,69 0 0 0 0,69,0.69,high_t1,tn,0,0,0.004417494632216135,0.08105603515600893,0.004417494632216135,0.07663854052379279,0.69,0.774019077222792,0.084019077222792,0.007815661084515988,0.04691060277688996,0.5239,0.8691130663262852,0.3452130663262851,0.007815661084515988,0.010140229781920666,-0.14099780953705102,-0.1341968851413915,0.006800924395659519,0.007815661084515988,0.01712551303747237
RZDT2_VC,GPR-KG,vepm,0,1000,axis,1.0,0.004417494632216135,70 0 0 0 0,70,0.7,high_t1,tn,0,0,0.0037082039324993765,0.0832844294316665,0.0037082039324993765,0.07957622549916712,0.7,0.7836078333878785,0.08360783338787858,0.007301847717655946,0.04691060277688996,0.51,0.8667259972869077,0.3567259972869077,0.007301847717655946,0.010140229781920666,-0.1368459361534674,-0.13196849086573392,0.004877445287733484,0.007301847717655946,0.01712551303747237
RZDT2_VC,GPR-KG,vepm,0,1000,axis,1.0,0.004417494632216135,71 0 0 0 0,71,0.71,high_t1,fp,0,1,0.00298427864597825,-0.028223035388492718,0.00298427864597825,-0.031207314034470968,0.71,0.7931980125386241,0.08319801253862413,0.006795445860099158,0.010767035538259211,0.4959,0.8643174002465156,0.3684174002465156,0.006795445860099158,0.002562934958061605,-0.13260839838508803,-0.12963914541176116,0.002969252973326869,0.006795445860099158,0.0038015384142815454
RZDT2_VC,GPR-KG,vepm,0,1000,axis,1.0,0.004417494632216135,72 0 0 0 0,72,0.72,high_t1,fp,0,1,0.0022485757750286828,-0.02579273875620483,0.0022485757750286828,-0.028041314531233513,0.72,0.8027896146750284,0.08278961467502843,0.006299448594739758,0.010767035538259211,0.48160000000000003,0.8618872752051088,0.38028727520510874,0.006299448594739758,0.002562934958061605,-0.12830191985753756,-0.12720884877947328,0.0010930710780642783,0.006299448594739758,0.0038015384142815454
RZDT2_VC,GPR-KG,vepm,0,1000,axis,1.0,0.004417494632216135,73 0 0 0 0,73,0.73,high_t1,fp,0,1,0.001503998802771661,-0.02326149094560173,0.001503998802771661,-0.024765489748373393,0.73,0.8123826397970916,0.0823826397970916,0.005816603683539342,0.010767035538259211,0.46710000000000007,0.8594356221626874,0.39233562216268736,0.005816603683539342,0.002562934958061605,-0.12394349627412149,-0.12467760096887018,-0.0007341046947486884,0.005816603683539342,0.0038015384142815454
RZDT2_VC,GPR-KG,vepm,0,1000,axis,1.0,0.004417494632216135,74 0 0 0 0,74,0.74,high_t1,fp,0,1,0.0007534862343517579,-0.02062929195668342,0.0007534862343517579,-0.02138277819103518,0.74,0.8219770879048136,0.08197708790481362,0.005349390260062094,0.010767035538259211,0.4524,0.8569624411192516,0.40456244111925155,0.005349390260062094,0.002562934958061605,-0.11955032834154919,-0.12204540197995187,-0.0024950736384026784,0.005349390260062094,0.0038015384142815454
RZDT2_VC,GPR-KG,vepm,0,1000,axis,1.0,0.004417494632216135,75 0 0 0 0,75,0.75,high_t1,tp,1,1,0.0,-0.017896141789449954,0.0,-0.017896141789449954,0.75,0.8315729589981946,0.08157295899819461,0.004900000000000001,0.010767035538259211,0.4375,0.8544677320748011,0.4169677320748011,0.004900000000000001,0.002562934958061605,-0.11513975388660307,-0.1193122518127184,-0.004172497926115334,0.004900000000000001,0.0038015384142815454
RZDT2_VC,GPR-KG,vepm,0,1000,axis,1.0,0.004417494632216135,76 0 0 0 0,76,0.76,high_t1,tp,1,1,-0.0007534862343517579,-0.015062040443901331,0.0007534862343517579,-0.014308554209549573,0.76,0.8411702530772344,0.08117025307723436,0.004470322986651712,0.010767035538259211,0.4224,0.8519514950293361,0.4295514950293361,0.004470322986651712,0.002562934958061605,-0.11072917943165694,-0.11647815046716978,-0.005748971035512834,0.004470322986651712,0.0038015384142815454
RZDT2_VC,GPR-KG,vepm,0,1000,axis,1.0,0.004417494632216135,77 0 0 0 0,77,0.77,high_t1,tp,1,1,-0.0015039988027716472,-0.012126987920037524,0.0015039988027716472,-0.010622989117265877,0.77,0.8507689701419331,0.08076897014193307,0.004061938413639081,0.010767035538259211,0.4071,0.8494137299828565,0.44231372998285645,0.004061938413639081,0.002562934958061605,-0.1063360114990846,-0.11354309794330597,-0.0072070864442213695,0.004061938413639081,0.0038015384142815454
RZDT2_VC,GPR-KG,vepm,0,1000,axis,1.0,0.004417494632216135,78 0 0 0 0,78,0.78,high_t1,tp,1,1,-0.0022485757750286967,-0.009090984217858533,0.0022485757750286967,-0.0068424084428298365,0.78,0.8603691101922906,0.08036911019229054,0.003676110190539616,0.010767035538259211,0.39159999999999995,0.8468544369353622,0.45525443693536227,0.003676110190539616,0.002562934958061605,-0.10197758791566859,-0.11050709424112698,-0.008529506325458389,0.003676110190539616,0.0038015384142815454
RZDT2_VC,GPR-KG,vepm,0,1000,axis,1.0,0.004417494632216135,79 0 0 0 0,79,0.79,high_t1,tp,1,1,-0.002984278645978264,-0.005954029337364386,0.002984278645978264,-0.002969750691386122,0.79,0.869970673228307,0.07997067322830698,0.0033137874397911856,0.010767035538259211,0.3758999999999999,0.8442736158868533,0.46837361588685344,0.0033137874397911856,0.002562934958061605,-0.09767110938811811,-0.10737013936063283,-0.00969902997251472,0.0033137874397911856,0.0038015384142815454
RZDT2_VC,GPR-KG,vepm,0,1000,axis,1.0,0.004417494632216135,80 0 0 0 0,80,0.8,high_t1,tp,1,1,-0.0037082039324993626,-0.0027161232785550826,0.0037082039324993626,0.00099208065394428,0.8,0.8795736592499823,0.07957365924998228,0.0029756097964066855,0.010767035538259211,0.3599999999999999,0.84167126683733,0.4816712668373301,0.0029756097964066855,0.002562934958061605,-0.0934335716197387,-0.10413223330182353,-0.010698661682084831,0.0029756097964066855,0.0038015384142815454
RZDT2_VC,GPR-KG,vepm,0,1000,axis,1.0,0.004417494632216135,81 0 0 0 0,81,0.81,high_t1,fn,1,0,-0.004417494632216135,0.000622733958569488,0.004417494632216135,0.005040228590785623,0.81,0.8891780682573165,0.07917806825731644,0.0026619173469304876,0.010767035538259211,0.3438999999999999,0.839047389786792,0.4951473897867922,0.0026619173469304876,0.002562934958061605,-0.08928169823615512,-0.10079337606469896,-0.011511677828543843,0.0026619173469304876,0.0038015384142815454
RZDT2_VC,GPR-KG,vepm,0,1000,axis,1.0,0.004417494632216135,82 0 0 0 0,82,0.82,high_t1,fn,1,0,-0.005109351498780862,0.004062542374009159,0.005109351498780862,0.009171893872790021,0.82,0.8987839002503094,0.07878390025030946,0.0023727649718586334,0.010767035538259211,0.3276000000000001,0.8364019847352394,0.5088019847352393,0.0023727649718586334,0.002562934958061605,-0.08523187478480208,-0.09735356764925929,-0.012121692864457204,0.0023727649718586334,0.0038015384142815454
RZDT2_VC,GPR-KG,vepm,0,1000,axis,1.0,0.004417494632216135,83 0 0 0 0,83,0.83,high_t1,fn,1,0,-0.0057810440892205744,0.007603301967763987,0.0057810440892205744,0.013384346056984561,0.83,0.9083911552289613,0.07839115522896134,0.002107940787564248,0.010767035538259211,0.31110000000000004,0.8337350516826724,0.5226350516826723,0.002107940787564248,0.002562934958061605,-0.08130008406865345,-0.09381280805550446,-0.012512723986851007,0.002107940787564248,0.0038015384142815454
RZDT2_VC,GPR-KG,vepm,0,1000,axis,1.0,0.004417494632216135,84 0 0 0 0,84,0.84,high_t1,fn,1,0,-0.006429921539747946,0.011245012739834026,0.006429921539747946,0.017674934279581972,0.84,0.9179998331932722,0.0779998331932722,0.0018669883206906854,0.010767035538259211,0.2944000000000001,0.8310465906290907,0.5366465906290906,0.0018669883206906854,0.002562934958061605,-0.07750184306940178,-0.09017109728343442,-0.012669254214032644,0.0018669883206906854,0.0038015384142815454
RZDT2_VC,GPR-KG,vepm,0,1000,axis,1.0,0.004417494632216135,85 0 0 0 0,85,0.85,high_t1,fn,1,0,-0.007053423027509678,0.014987674690219221,0.007053423027509678,0.0220410977177289,0.85,0.9276099341432418,0.0776099341432418,0.0016492319909840044,0.010767035538259211,0.2775000000000001,0.8283366015744943,0.5508366015744942,0.0016492319909840044,0.002562934958061605,-0.07385214170901971,-0.08642843533304922,-0.012576293624029511,0.0016492319909840044,0.0038015384142815454
RZDT2_VC,GPR-KG,vepm,0,1000,axis,1.0,0.004417494632216135,86 0 0 0 0,86,0.86,high_t1,fn,1,0,-0.007649087876984276,0.018831287818919573,0.007649087876984276,0.02648037569590385,0.86,0.9372214580788703,0.07722145807887026,0.001453805428527018,0.010767035538259211,0.2604000000000001,0.8256050845188835,0.5652050845188834,0.001453805428527018,0.002562934958061605,-0.07036538369138685,-0.08258482220434887,-0.01221943851296202,0.001453805428527018,0.0038015384142815454
RZDT2_VC,GPR-KG,vepm,0,1000,axis,1.0,0.004417494632216135,87 0 0 0 0,87,0.87,high_t1,fn,1,0,-0.00821456527114426,0.022775852125935137,0.00821456527114426,0.030990417397079396,0.87,0.9468344050001576,0.07683440500015759,0.0012796821090875375,0.010767035538259211,0.24309999999999998,0.8228520394622579,0.579752039462258,0.0012796821090875375,0.002562934958061605,-0.06705532965745045,-0.07864025789733331,-0.011584928239882858,0.0012796821090875375,0.0038015384142815454
RZDT2_VC,GPR-KG,vepm,0,1000,axis,1.0,0.004417494632216135,88 0 0 0 0,88,0.88,high_t1,fn,1,0,-0.00874762352905694,0.026821367611265856,0.00874762352905694,0.035568991140322796,0.88,0.9564487749071039,0.07644877490710389,0.0011257077574617622,0.010767035538259211,0.22560000000000002,0.8200774664046179,0.5944774664046178,0.0011257077574617622,0.002562934958061605,-0.06393504287826277,-0.07459474241200259,-0.010659699533739825,0.0011257077574617622,0.0038015384142815454
RZDT2_VC,GPR-KG,vepm,0,1000,axis,1.0,0.004417494632216135,89 0 0 0 0,89,0.89,high_t1,fn,1,0,-0.009246158913309474,0.030967834274911787,0.009246158913309474,0.04021399318822126,0.89,0.966064567799709,0.07606456779970894,0.0009906339438016307,0.010767035538259211,0.20789999999999997,0.8172813653459634,0.6093813653459634,0.0009906339438016307,0.002562934958061605,-0.06101683770021766,-0.07044827574835666,-0.009431438048139,0.0009906339438016307,0.0038015384142815454
RZDT2_VC,GPR-KG,vepm,0,1000,axis,1.0,0.004417494632216135,90 0 0 0 0,90,0.9,high_t1,fn,1,0,-0.009708203932499368,0.03521525211687282,0.009708203932499368,0.04492345604937219,0.9,0.9756817836779729,0.07568178367797285,0.0008731522823440527,0.010767035538259211,0.18999999999999995,0.8144637362862941,0.6244637362862941,0.0008731522823440527,0.002562934958061605,-0.05831223094595188,-0.06620085790639563,-0.007888626960443748,0.0008731522823440527,0.0038015384142815454
RZDT2_VC,GPR-KG,vepm,0,1000,axis,1.0,0.004417494632216135,91 0 0 0 0,91,0.91,high_t1,fn,1,0,-0.010131935106024184,0.03956362113714912,0.010131935106024184,0.0496955562431733,0.91,0.9853004225418958,0.07530042254189573,0.0007719286359422346,0.010767035538259211,0.17189999999999994,0.8116245792256104,0.6397245792256104,0.0007719286359422346,0.002562934958061605,-0.05583189646270712,-0.06185248888611933,-0.006020592423412206,0.0007719286359422346,0.0038015384142815454
RZDT2_VC,GPR-KG,vepm,0,1000,axis,1.0,0.004417494632216135,92 0 0 0 0,92,0.92,high_t1,fn,1,0,-0.010515680160526363,0.04401294133574052,0.010515680160526363,0.05452862149626688,0.92,0.9949204843914775,0.07492048439147747,0.0006856367334167007,0.010767035538259211,0.15359999999999996,0.8087638941639119,0.655163894163912,0.0006856367334167007,0.002562934958061605,-0.05358562299753181,-0.05740316868752793,-0.0038175456899961213,0.0006856367334167007,0.0038015384142815454
RZDT2_VC,GPR-KG,vepm,0,1000,axis,1.0,0.004417494632216135,93 0 0 0 0,93,0.93,high_t1,fn,1,0,-0.010857924629592237,0.04856321271264713,0.010857924629592237,0.05942113734223937,0.93,1.0045419692267181,0.07454196922671807,0.000612990619923725,0.010767035538259211,0.1350999999999999,0.805881681101199,0.6707816811011991,0.000612990619923725,0.002562934958061605,-0.051582275565568166,-0.052852897310621316,-0.0012706217450531507,0.000612990619923725,0.0038015384142815454
RZDT2_VC,GPR-KG,vepm,0,1000,axis,1.0,0.004417494632216135,94 0 0 0 0,94,0.94,high_t1,fn,1,0,-0.011157317830659014,0.0532144352678689,0.011157317830659014,0.06437175309852791,0.94,1.0141648770476175,0.07416487704761754,0.0005527753830590053,0.010767035538259211,0.11640000000000006,0.8029779400374715,0.6865779400374714,0.0005527753830590053,0.002562934958061605,-0.04982976046388786,-0.04820167475539955,0.001628085708488311,0.0005527753830590053,0.0038015384142815454
RZDT2_VC,GPR-KG,vepm,0,1000,axis,1.0,0.004417494632216135,95 0 0 0 0,95,0.95,high_t1,fn,1,0,-0.011412678195541842,0.05796660900140582,0.011412678195541842,0.06937928719694766,0.95,1.0237892078541757,0.07378920785417575,0.0005038756289026096,0.010767035538259211,0.09750000000000003,0.8000526709727293,0.7025526709727292,0.0005038756289026096,0.002562934958061605,-0.048334994068949144,-0.043449501021862624,0.00488549304708652,0.0005038756289026096,0.0038015384142815454
RZDT2_VC,GPR-KG,vepm,0,1000,axis,1.0,0.004417494632216135,96 0 0 0 0,96,0.96,high_t1,fn,1,0,-0.011622997933543572,0.06281973391325796,0.011622997933543572,0.07444273184680153,0.96,1.033414961646393,0.07341496164639305,0.0004653012221544119,0.010767035538259211,0.07840000000000003,0.7971058739069727,0.7187058739069727,0.0004653012221544119,0.002562934958061605,-0.04710387554081908,-0.03859637611001049,0.008507499430808592,0.0004653012221544119,0.0038015384142815454
RZDT2_VC,GPR-KG,vepm,0,1000,axis,1.0,0.004417494632216135,97 0 0 0 0,97,0.97,high_t1,fn,1,0,-0.011787447008744269,0.06777381000342525,0.011787447008744269,0.07956125701216951,0.97,1.043042138424269,0.07304213842426899,0.0004362098522594935,0.010767035538259211,0.05910000000000004,0.7941375488402014,0.7350375488402013,0.0004362098522594935,0.002562934958061605,-0.04614126354188364,-0.033642300019843197,0.01249896352204044,0.0004362098522594935,0.0038015384142815454
RZDT2_VC,GPR-KG,vepm,0,1000,axis,1.0,0.004417494632216135,98 0 0 0 0,98,0.98,high_t1,fn,1,0,-0.01190537641577373,0.07282883727190775,0.01190537641577373,0.08473421368768148,0.98,1.052670738187804,0.07267073818780401,0.00041592604220944417,0.010767035538259211,0.03960000000000008,0.7911476957724155,0.7515476957724154,0.00041592604220944417,0.002562934958061605,-0.04545095706192702,-0.028587272751360693,0.016863684310566326,0.00041592604220944417,0.0038015384142815454
RZDT2_VC,GPR-KG,vepm,0,1000,axis,1.0,0.004417494632216135,99 0 0 0 0,99,0.99,high_t1,fn,1,0,-0.01197632074113926,0.07798481571870541,0.01197632074113926,0.08996113645984467,0.99,1.0623007609369977,0.07230076093699767,0.0004039562776451963,0.010767035538259211,0.01990000000000003,0.788136314703615,0.768236314703615,0.0004039562776451963,0.002562934958061605,-0.04503568042525459,-0.023431294304563033,0.021604386120691557,0.0004039562776451963,0.0038015384142815454
RZDT2_VC,GPR-KG,vepm,0,1000,axis,1.0,0.004417494632216135,100 0 0 0 0,100,1.0,high_t1,fn,1,0,-0.011999999999999997,0.08324174534381817,0.011999999999999997,0.09524174534381817,1.0,1.0719322066718504,0.07193220667185041,0.0004,0.010767035538259211,0.0,0.7851034056338,0.7851034056338,0.0004,0.002562934958061605,-0.04489707253902944,-0.018174364679450272,0.02672270785957917,0.0004,0.0038015384142815454
RZDT2_VC,GPR-KG,vepm,1,1001,axis,1.0,0.004417494632216135,0 0 0 0 0,0,0.0,low_t1,fn,1,0,-0.011999999999999997,0.2008681139540604,0.011999999999999997,0.2128681139540604,0.0,0.04837099800492711,0.04837099800492711,0.0004,0.01575868342322346,1.0,0.8427560819866844,-0.1572439180133156,0.0004,0.01039726702946737,-0.04489707253902944,0.022311733228543868,0.0672088057675733,0.0004,0.011784095002996486
RZDT2_VC,GPR-KG,vepm,1,1001,axis,1.0,0.004417494632216135,1 0 0 0 0,1,0.01,low_t1,fn,1,0,-0.01197632074113926,0.1926498132374391,0.01197632074113926,0.20462613397857837,0.01,0.0591703640453847,0.0491703640453847,0.0004039562776451963,0.01575868342322346,0.9999,0.8458903506605499,-0.15400964933945016,0.0004039562776451963,0.01039726702946737,-0.04503568042525459,0.014093432511922566,0.05912911293717715,0.0004039562776451963,0.011784095002996486
RZDT2_VC,GPR-KG,vepm,1,1001,axis,1.0,0.004417494632216135,2 0 0 0 0,2,0.02,low_t1,fn,1,0,-0.011905376415773737,0.18459382350076756,0.011905376415773737,0.1964991999165413,0.02,0.06995850546490147,0.049958505464901465,0.00041592604220944417,0.01575868342322346,0.9996,0.8489257410664929,-0.15067425893350717,0.00041592604220944417,0.01039726702946737,-0.045450957061927026,0.0060374427752510305,0.05148839983717805,0.00041592604220944417,0.011784095002996486
RZDT2_VC,GPR-KG,vepm,1,1001,axis,1.0,0.004417494632216135,3 0 0 0 0,3,0.03,low_t1,fn,1,0,-0.011787447008744269,0.17670014474404577,0.011787447008744269,0.18848759175279003,0.03,0.08073542226347741,0.05073542226347741,0.0004362098522594935,0.01575868342322346,0.9991,0.8518622532045136,-0.1472377467954864,0.0004362098522594935,0.01039726702946737,-0.04614126354188364,-0.0018562359814707427,0.044285027560412894,0.0004362098522594935,0.011784095002996486
RZDT2_VC,GPR-KG,vepm,1,1001,axis,1.0,0.004417494632216135,4 0 0 0 0,4,0.04,low_t1,fn,1,0,-0.011622997933543572,0.16896877696727378,0.011622997933543572,0.18059177490081735,0.04,0.09150111444111254,0.05150111444111254,0.0004653012221544117,0.01575868342322346,0.9984,0.8546998870746119,-0.1437001129253881,0.0004653012221544117,0.01039726702946737,-0.04710387554081907,-0.00958760375824275,0.03751627178257633,0.0004653012221544117,0.011784095002996486
RZDT2_VC,GPR-KG,vepm,1,1001,axis,1.0,0.004417494632216135,5 0 0 0 0,5,0.05,low_t1,fn,1,0,-0.011412678195541842,0.16139972017045154,0.011412678195541842,0.17281239836599338,0.05,0.10225558199780685,0.052255581997806846,0.0005038756289026093,0.01575868342322346,0.9975,0.8574386426767879,-0.14006135732321212,0.0005038756289026093,0.01039726702946737,-0.04833499406894913,-0.017156660555064984,0.031178333513884146,0.0005038756289026093,0.011784095002996486
RZDT2_VC,GPR-KG,vepm,1,1001,axis,1.0,0.004417494632216135,6 0 0 0 0,6,0.06,low_t1,fn,1,0,-0.011157317830659014,0.15399297435357906,0.011157317830659014,0.16515029218423807,0.06,0.11299882493356034,0.05299882493356034,0.0005527753830590045,0.01575868342322346,0.9964,0.8600785200110417,-0.13632147998895827,0.0005527753830590045,0.01039726702946737,-0.04982976046388783,-0.024563406371937463,0.02526635409195037,0.0005527753830590045,0.011784095002996486
RZDT2_VC,GPR-KG,vepm,1,1001,axis,1.0,0.004417494632216135,7 0 0 0 0,7,0.07,low_t1,fn,1,0,-0.010857924629592237,0.14674853951665634,0.010857924629592237,0.15760646414624857,0.07,0.123730843248373,0.05373084324837299,0.0006129906199237256,0.01575868342322346,0.9951,0.8626195190773729,-0.1324804809226271,0.0006129906199237256,0.01039726702946737,-0.051582275565568186,-0.03180784120886018,0.019774434356708004,0.0006129906199237256,0.011784095002996486
RZDT2_VC,GPR-KG,vepm,1,1001,axis,1.0,0.004417494632216135,8 0 0 0 0,8,0.08,low_t1,fn,1,0,-0.010515680160526363,0.1396664156596834,0.010515680160526363,0.15018209582020978,0.08,0.13445163694224485,0.05445163694224485,0.0006856367334167007,0.01575868342322346,0.9936,0.865061639875782,-0.12853836012421804,0.0006856367334167007,0.01039726702946737,-0.05358562299753181,-0.038889965065833115,0.014695657931698691,0.0006856367334167007,0.011784095002996486
RZDT2_VC,GPR-KG,vepm,1,1001,axis,1.0,0.004417494632216135,9 0 0 0 0,9,0.09,low_t1,fn,1,0,-0.010131935106024177,0.13274660278266023,0.010131935106024177,0.1428785378886844,0.09,0.1451612060151759,0.055161206015175906,0.0007719286359422355,0.01575868342322346,0.9919,0.8674048824062686,-0.12449511759373144,0.0007719286359422355,0.01039726702946737,-0.05583189646270714,-0.045809777942856296,0.010022118519850846,0.0007719286359422355,0.011784095002996486
RZDT2_VC,GPR-KG,vepm,1,1001,axis,1.0,0.004417494632216135,10 0 0 0 0,10,0.1,low_t1,fn,1,0,-0.009708203932499368,0.12598910088558682,0.009708203932499368,0.13569730481808617,0.1,0.1558595504671661,0.05585955046716609,0.0008731522823440523,0.01575868342322346,0.99,0.8696492466688329,-0.12035075333116707,0.0008731522823440523,0.01039726702946737,-0.05831223094595187,-0.052567279839929704,0.005744951106022168,0.0008731522823440523,0.011784095002996486
RZDT2_VC,GPR-KG,vepm,1,1001,axis,1.0,0.004417494632216135,11 0 0 0 0,11,0.11,low_t1,fn,1,0,-0.009246158913309467,0.11939390996846316,0.009246158913309467,0.12864006888177262,0.11,0.1665466702982155,0.05654667029821549,0.0009906339438016311,0.01575868342322346,0.9879,0.8717947326634748,-0.11610526733652515,0.0009906339438016311,0.01039726702946737,-0.061016837700217666,-0.059162470757053366,0.0018543669431642998,0.0009906339438016311,0.011784095002996486
RZDT2_VC,GPR-KG,vepm,1,1001,axis,1.0,0.004417494632216135,12 0 0 0 0,12,0.12,low_t1,fn,1,0,-0.008747623529056933,0.11296103003128928,0.008747623529056933,0.12170865356034621,0.12,0.17722256550832408,0.05722256550832408,0.0011257077574617607,0.01575868342322346,0.9856,0.8738413403901945,-0.11175865960980558,0.0011257077574617607,0.01039726702946737,-0.06393504287826272,-0.06559535069422724,-0.001660307815964518,0.0011257077574617607,0.011784095002996486
RZDT2_VC,GPR-KG,vepm,1,1001,axis,1.0,0.004417494632216135,13 0 0 0 0,13,0.13,low_t1,fn,1,0,-0.00821456527114426,0.10669046107406516,0.00821456527114426,0.11490502634520941,0.13,0.1878872360974918,0.0578872360974918,0.0012796821090875375,0.01575868342322346,0.9831,0.8757890698489917,-0.10731093015100823,0.0012796821090875375,0.01039726702946737,-0.06705532965745045,-0.07186591965145137,-0.004810589994000913,0.0012796821090875375,0.011784095002996486
RZDT2_VC,GPR-KG,vepm,1,1001,axis,1.0,0.004417494632216135,14 0 0 0 0,14,0.14,low_t1,fn,1,0,-0.007649087876984276,0.1005822030967908,0.007649087876984276,0.10823129097377508,0.14,0.19854068206571873,0.05854068206571872,0.001453805428527017,0.01575868342322346,0.9804,0.8776379210398666,-0.10276207896013345,0.001453805428527017,0.01039726702946737,-0.07036538369138683,-0.07797417762872572,-0.00760879393733889,0.001453805428527017,0.011784095002996486
RZDT2_VC,GPR-KG,vepm,1,1001,axis,1.0,0.004417494632216135,15 0 0 0 0,15,0.15,low_t1,fn,1,0,-0.007053423027509678,0.09463625609946621,0.007053423027509678,0.1016896791269759,0.15,0.20918290341300486,0.05918290341300486,0.0016492319909840038,0.01575868342322346,0.9775,0.8793878939628191,-0.0981121060371809,0.0016492319909840038,0.01039726702946737,-0.0738521417090197,-0.08392012462605031,-0.010067982917030607,0.0016492319909840038,0.011784095002996486
RZDT2_VC,GPR-KG,vepm,1,1001,axis,1.0,0.004417494632216135,16 0 0 0 0,16,0.16,low_t1,fn,1,0,-0.00642992153974796,0.0888526200820914,0.00642992153974796,0.09528254162183936,0.16,0.21981390013935015,0.059813900139350146,0.0018669883206906834,0.01575868342322346,0.9744,0.8810389886178495,-0.09336101138215058,0.0018669883206906834,0.01039726702946737,-0.07750184306940175,-0.08970376064342513,-0.012201917574023377,0.0018669883206906834,0.011784095002996486
RZDT2_VC,GPR-KG,vepm,1,1001,axis,1.0,0.004417494632216135,17 0 0 0 0,17,0.17,low_t1,fn,1,0,-0.005781044089220588,0.08323129504466634,0.005781044089220588,0.08901233913388693,0.17,0.23043367224475464,0.06043367224475463,0.0021079407875642477,0.01575868342322346,0.9711,0.8825912050049572,-0.08850879499504272,0.0021079407875642477,0.01039726702946737,-0.08130008406865345,-0.09532508568085019,-0.014025001612196733,0.0021079407875642477,0.011784095002996486
RZDT2_VC,GPR-KG,vepm,1,1001,axis,1.0,0.004417494632216135,18 0 0 0 0,18,0.18,low_t1,fn,1,0,-0.005109351498780876,0.07777228098719105,0.005109351498780876,0.08288163248597193,0.18,0.2410422197292183,0.061042219729218306,0.00237276497185863,0.01575868342322346,0.9676,0.8840445431241428,-0.08355545687585719,0.00237276497185863,0.01039726702946737,-0.08523187478480203,-0.10078409973832547,-0.015552224953523444,0.00237276497185863,0.011784095002996486
RZDT2_VC,GPR-KG,vepm,1,1001,axis,1.0,0.004417494632216135,19 0 0 0 0,19,0.19,low_t1,fn,1,0,-0.004417494632216135,0.07247557790966552,0.004417494632216135,0.07689307254188166,0.19,0.2516395425927411,0.06163954259274107,0.0026619173469304897,0.01575868342322346,0.9639,0.885399002975406,-0.07850099702459401,0.0026619173469304897,0.01039726702946737,-0.08928169823615514,-0.106080802815851,-0.016799104579695856,0.0026619173469304897,0.011784095002996486
RZDT2_VC,GPR-KG,vepm,1,1001,axis,1.0,0.004417494632216135,20 0 0 0 0,20,0.2,low_t1,fn,1,0,-0.0037082039324993626,0.06734118581208977,0.0037082039324993626,0.07104938974458913,0.2,0.2622256408353231,0.062225640835323115,0.002975609796406684,0.01575868342322346,0.96,0.8866545845587468,-0.07334541544125317,0.002975609796406684,0.01039726702946737,-0.09343357161973867,-0.11121519491342675,-0.017781623293688084,0.002975609796406684,0.011784095002996486
RZDT2_VC,GPR-KG,vepm,1,1001,axis,1.0,0.004417494632216135,21 0 0 0 0,21,0.21,low_t1,fn,1,0,-0.002984278645978264,0.06236910469446377,0.002984278645978264,0.06535338334044204,0.21,0.2728005144569643,0.0628005144569643,0.0033137874397911856,0.01575868342322346,0.9559,0.8878112878741654,-0.06808871212583456,0.0033137874397911856,0.01039726702946737,-0.09767110938811811,-0.11618727603105275,-0.018516166642934637,0.0033137874397911856,0.011784095002996486
RZDT2_VC,GPR-KG,vepm,1,1001,axis,1.0,0.004417494632216135,22 0 0 0 0,22,0.22,low_t1,fn,1,0,-0.0022485757750286967,0.05755933455678752,0.0022485757750286967,0.05980791033181622,0.22,0.2833641634576647,0.06336416345766469,0.0036761101905396125,0.01575868342322346,0.9516,0.8888691129216615,-0.06273088707833852,0.0036761101905396125,0.01039726702946737,-0.10197758791566854,-0.120997046168729,-0.019019458253060464,0.0036761101905396125,0.011784095002996486
RZDT2_VC,GPR-KG,vepm,1,1001,axis,1.0,0.004417494632216135,23 0 0 0 0,23,0.23,low_t1,fn,1,0,-0.0015039988027716472,0.05291187539906109,0.0015039988027716472,0.054415874201832734,0.23,0.29391658783742425,0.06391658783742424,0.004061938413639081,0.01575868342322346,0.9471,0.8898280597012354,-0.0572719402987647,0.004061938413639081,0.01039726702946737,-0.1063360114990846,-0.12564450532645544,-0.019308493827370835,0.004061938413639081,0.011784095002996486
RZDT2_VC,GPR-KG,vepm,1,1001,axis,1.0,0.004417494632216135,24 0 0 0 0,24,0.24,low_t1,fn,1,0,-0.0007534862343517579,0.048426727221284355,0.0007534862343517579,0.04918021345563611,0.24,0.304457787596243,0.06445778759624299,0.004470322986651707,0.01575868342322346,0.9424,0.8906881282128867,-0.05171187178711334,0.004470322986651707,0.01039726702946737,-0.11072917943165687,-0.13012965350423217,-0.019400474072575294,0.004470322986651707,0.011784095002996486
RZDT2_VC,GPR-KG,vepm,1,1001,axis,1.0,0.004417494632216135,25 0 0 0 0,25,0.25,low_t1,fn,1,0,0.0,0.04410389002345741,0.0,0.04410389002345741,0.25,0.3149877627341209,0.06498776273412088,0.004900000000000001,0.01575868342322346,0.9375,0.8914493184566159,-0.0460506815433841,0.004900000000000001,0.01039726702946737,-0.11513975388660307,-0.1344524907020591,-0.019312736815456047,0.004900000000000001,0.011784095002996486
RZDT2_VC,GPR-KG,vepm,1,1001,axis,1.0,0.004417494632216135,26 0 0 0 0,26,0.26,low_t1,tn,0,0,0.0007534862343517579,0.03994336380558028,0.0007534862343517579,0.03918987757122852,0.26,0.325506513251058,0.065506513251058,0.005349390260062097,0.01575868342322346,0.9324,0.8921116304324227,-0.04028836956757731,0.005349390260062097,0.01039726702946737,-0.11955032834154922,-0.13861301691993624,-0.019062688578387027,0.005349390260062097,0.011784095002996486
RZDT2_VC,GPR-KG,vepm,1,1001,axis,1.0,0.004417494632216135,27 0 0 0 0,27,0.27,low_t1,tn,0,0,0.0015039988027716472,0.03594514856765288,0.0015039988027716472,0.03444114976488123,0.27,0.3360140391470543,0.06601403914705428,0.005816603683539342,0.01575868342322346,0.9271,0.8926750641403071,-0.03442493585969297,0.005816603683539342,0.01039726702946737,-0.1239434962741215,-0.14261123215786364,-0.01866773588374214,0.005816603683539342,0.011784095002996486
RZDT2_VC,GPR-KG,vepm,1,1001,axis,1.0,0.004417494632216135,28 0 0 0 0,28,0.28,low_t1,tn,0,0,0.0022485757750287105,0.03210924430967521,0.0022485757750287105,0.0298606685346465,0.28,0.3465103404221097,0.06651034042210968,0.006299448594739758,0.01575868342322346,0.9216,0.8931396195802692,-0.028460380419730757,0.006299448594739758,0.01039726702946737,-0.12830191985753753,-0.1464471364158413,-0.018145216558303784,0.006299448594739758,0.011784095002996486
RZDT2_VC,GPR-KG,vepm,1,1001,axis,1.0,0.004417494632216135,29 0 0 0 0,29,0.29,low_t1,tn,0,0,0.00298427864597825,0.028435651031647358,0.00298427864597825,0.025451372385669108,0.29,0.3569954170762244,0.06699541707622442,0.006795445860099151,0.01575868342322346,0.9159,0.8935052967523089,-0.022394703247691106,0.006795445860099151,0.01039726702946737,-0.13260839838508798,-0.15012072969386916,-0.017512331308781187,0.006795445860099151,0.011784095002996486
RZDT2_VC,GPR-KG,vepm,1,1001,axis,1.0,0.004417494632216135,30 0 0 0 0,30,0.3,low_t1,tn,0,0,0.0037082039324993765,0.024924368733569235,0.0037082039324993765,0.02121616480106986,0.3,0.36746926910939814,0.06746926910939816,0.007301847717655946,0.01575868342322346,0.91,0.8937720956564262,-0.016227904343573796,0.007301847717655946,0.01039726702946737,-0.1368459361534674,-0.1536320119919473,-0.01678607583847988,0.007301847717655946,0.011784095002996486
RZDT2_VC,GPR-KG,vepm,1,1001,axis,1.0,0.004417494632216135,31 0 0 0 0,31,0.31,low_t1,tn,0,0,0.004417494632216135,0.021575397415440872,0.004417494632216135,0.017157902783224738,0.31,0.3779318965216312,0.06793189652163123,0.007815661084515983,0.01575868342322346,0.9039,0.8939400162926213,-0.009959983707378717,0.007815661084515983,0.01039726702946737,-0.14099780953705096,-0.15698098331007565,-0.01598317377302469,0.007815661084515983,0.011784095002996486
RZDT2_VC,GPR-KG,vepm,1,1001,axis,1.0,0.004417494632216135,32 0 0 0 0,32,0.32,low_t1,tn,0,0,0.005109351498780862,0.018388737077262324,0.005109351498780862,0.013279385578481462,0.32,0.38838329931292337,0.06838329931292336,0.008333675053769645,0.01575868342322346,0.8976,0.894009058660894,-0.0035909413391059797,0.008333675053769645,0.01039726702946737,-0.1450476329884041,-0.1601676436482542,-0.015120010659850108,0.008333675053769645,0.011784095002996486
RZDT2_VC,GPR-KG,vepm,1,1001,axis,1.0,0.004417494632216135,33 0 0 0 0,33,0.33,low_t1,tn,0,0,0.005781044089220588,0.015364387719033534,0.005781044089220588,0.009583343629812946,0.33,0.3988234774832747,0.06882347748327466,0.00885249222498826,0.01575868342322346,0.8911,0.8939792227612444,0.0028792227612444155,0.00885249222498826,0.01039726702946737,-0.14897942370455264,-0.163191993006483,-0.01421256930193035,0.00885249222498826,0.011784095002996486
RZDT2_VC,GPR-KG,vepm,1,1001,axis,1.0,0.004417494632216135,34 0 0 0 0,34,0.34,mid_t1,tn,0,0,0.006429921539747974,0.012502349340754448,0.006429921539747974,0.006072427801006475,0.34,0.40925243103268527,0.06925243103268525,0.00936856345039664,0.01575868342322346,0.8844,0.8938505085936723,0.009450508593672358,0.00936856345039664,0.01039726702946737,-0.15277766470380438,-0.16605403138476207,-0.01327636668095769,0.00936856345039664,0.011784095002996486
RZDT2_VC,GPR-KG,vepm,1,1001,axis,1.0,0.004417494632216135,35 0 0 0 0,35,0.35,mid_t1,tn,0,0,0.007053423027509664,0.009802621942425177,0.007053423027509664,0.0027491989149155127,0.35,0.419670159961155,0.069670159961155,0.009878225523078626,0.01575868342322346,0.8775000000000001,0.893622916158178,0.016122916158177958,0.009878225523078626,0.01039726702946737,-0.15642736606418642,-0.16875375878309135,-0.012326392718904927,0.009878225523078626,0.011784095002996486
RZDT2_VC,GPR-KG,vepm,1,1001,axis,1.0,0.004417494632216135,36 0 0 0 0,36,0.36,mid_t1,tn,0,0,0.00764908787698429,0.0072652055240456925,0.00764908787698429,-0.00038388235293859707,0.36,0.4300766642686839,0.07007666426868392,0.010377741285008674,0.01575868342322346,0.8704000000000001,0.8932964454547614,0.022896445454761327,0.010377741285008674,0.01039726702946737,-0.1599141240818193,-0.17129117520147083,-0.011377051119651538,0.010377741285008674,0.011784095002996486
RZDT2_VC,GPR-KG,vepm,1,1001,axis,1.0,0.004417494632216135,37 0 0 0 0,37,0.37,mid_t1,tn,0,0,0.008214565271144253,0.004890100085615912,0.008214565271144253,-0.0033244651855283414,0.37,0.44047194395527195,0.07047194395527195,0.01086334159208918,0.01575868342322346,0.8631,0.8928710964834223,0.029771096483422355,0.01086334159208918,0.01039726702946737,-0.16322417811575568,-0.1736662806399006,-0.01044210252414493,0.01086334159208918,0.011784095002996486
RZDT2_VC,GPR-KG,vepm,1,1001,axis,1.0,0.004417494632216135,38 0 0 0 0,38,0.38,mid_t1,tn,0,0,0.008747623529056947,0.0026773056271359452,0.008747623529056947,-0.006070317901921002,0.38,0.4508559990209192,0.07085599902091921,0.011331268541361518,0.01575868342322346,0.8556,0.892346869244161,0.03674686924416093,0.011331268541361518,0.01039726702946737,-0.16634446489494334,-0.17587907509838058,-0.009534610203437238,0.011331268541361518,0.011784095002996486
RZDT2_VC,GPR-KG,vepm,1,1001,axis,1.0,0.004417494632216135,39 0 0 0 0,39,0.39,mid_t1,tn,0,0,0.00924615891330946,0.0006268221486057379,0.00924615891330946,-0.008619336764703722,0.39,0.46122882946562566,0.07122882946562564,0.01177781934266268,0.01575868342322346,0.8479,0.8917237637369773,0.04382376373697727,0.01177781934266268,0.01039726702946737,-0.16926267007298845,-0.17792955857691078,-0.008666888503922332,0.01177781934266268,0.011784095002996486
RZDT2_VC,GPR-KG,vepm,1,1001,axis,1.0,0.004417494632216135,40 0 0 0 0,40,0.4,mid_t1,fp,0,1,0.009708203932499382,-0.0012613503499747103,0.009708203932499382,-0.010969554282474092,0.4,0.47159043528939126,0.07159043528939124,0.012199390203593317,0.01575868342322346,0.84,0.8910017799618712,0.051001779961871274,0.012199390203593317,0.01039726702946737,-0.1719672768272542,-0.17981773107549123,-0.007850454248237021,0.012199390203593317,0.011784095002996486
RZDT2_VC,GPR-KG,vepm,1,1001,axis,1.0,0.004417494632216135,41 0 0 0 0,41,0.41,mid_t1,fp,0,1,0.01013193510602417,-0.002987211868605427,0.01013193510602417,-0.013119146974629597,0.41,0.4819408164922161,0.07194081649221612,0.012592519592970444,0.01575868342322346,0.8319000000000001,0.8901809179188428,0.05828091791884271,0.012592519592970444,0.01039726702946737,-0.17444761131049896,-0.18154359259412195,-0.007095981283622987,0.012592519592970444,0.011784095002996486
RZDT2_VC,GPR-KG,vepm,1,1001,axis,1.0,0.004417494632216135,42 0 0 0 0,42,0.42,mid_t1,fp,0,1,0.01051568016052637,-0.0045507624072863295,0.01051568016052637,-0.015066442567812699,0.42,0.4922799730741001,0.07227997307410011,0.012953930254030792,0.01575868342322346,0.8236,0.889261177607892,0.06566117760789203,0.012953930254030792,0.01039726702946737,-0.1766938847756743,-0.18310714313280285,-0.006413258357128554,0.012953930254030792,0.011784095002996486
RZDT2_VC,GPR-KG,vepm,1,1001,axis,1.0,0.004417494632216135,43 0 0 0 0,43,0.43,mid_t1,fp,0,1,0.01085792462959223,-0.005952001966017473,0.01085792462959223,-0.016809926595609703,0.43,0.5026079050350432,0.07260790503504316,0.01328056935444799,0.01575868342322346,0.8151,0.8882425590290189,0.0731425590290189,0.01328056935444799,0.01039726702946737,-0.1786972322076379,-0.184508382691534,-0.005811150483896105,0.01328056935444799,0.011784095002996486
RZDT2_VC,GPR-KG,vepm,1,1001,axis,1.0,0.004417494632216135,44 0 0 0 0,44,0.44,mid_t1,fp,0,1,0.011157317830659014,-0.0071909305447989125,0.011157317830659014,-0.018348248375457926,0.44,0.5129246123750456,0.0729246123750456,0.013569646185494524,0.01575868342322346,0.8064,0.8871250621822235,0.08072506218222353,0.013569646185494524,0.01039726702946737,-0.18044974730931826,-0.18574731127031543,-0.005297563960997176,0.013569646185494524,0.011784095002996486
RZDT2_VC,GPR-KG,vepm,1,1001,axis,1.0,0.004417494632216135,45 0 0 0 0,45,0.45,mid_t1,fp,0,1,0.011412678195541842,-0.00826754814363051,0.011412678195541842,-0.019680226339172352,0.45,0.5232300950941071,0.0732300950941071,0.01381866685703476,0.01575868342322346,0.7975,0.8859086870675057,0.08840868706750571,0.01381866685703476,0.01039726702946737,-0.18194451370425696,-0.18682392886914703,-0.004879415164890072,0.01381866685703476,0.011784095002996486
RZDT2_VC,GPR-KG,vepm,1,1001,axis,1.0,0.004417494632216135,46 0 0 0 0,46,0.46,mid_t1,fp,0,1,0.011622997933543572,-0.009181854762512348,0.011622997933543572,-0.02080485269605592,0.46,0.5335243531922278,0.07352435319222778,0.014025465477955251,0.01575868342322346,0.7884,0.8845934336848656,0.09619343368486566,0.014025465477955251,0.01039726702946737,-0.18317563223238706,-0.18773823548802887,-0.004562603255641812,0.014025465477955251,0.011784095002996486
RZDT2_VC,GPR-KG,vepm,1,1001,axis,1.0,0.004417494632216135,47 0 0 0 0,47,0.47,mid_t1,fp,0,1,0.011787447008744262,-0.009933850401444483,0.011787447008744262,-0.021721297410188745,0.47,0.5438073866694078,0.07380738666940778,0.014188231362461133,0.01575868342322346,0.7791,0.8831793020343031,0.10407930203430305,0.014188231362461133,0.01039726702946737,-0.18413824423132247,-0.188490231126961,-0.004351986895638538,0.014188231362461133,0.011784095002996486
RZDT2_VC,GPR-KG,vepm,1,1001,axis,1.0,0.004417494632216135,48 0 0 0 0,48,0.48,mid_t1,fp,0,1,0.011905376415773744,-0.010523535060426803,0.011905376415773744,-0.022428911476200547,0.48,0.5540791955256468,0.07407919552564679,0.014305531860612137,0.01575868342322346,0.7696000000000001,0.8816662921158183,0.1120662921158182,0.014305531860612137,0.01039726702946737,-0.1848285507112791,-0.18907991578594333,-0.004251365074664226,0.014305531860612137,0.011784095002996486
RZDT2_VC,GPR-KG,vepm,1,1001,axis,1.0,0.004417494632216135,49 0 0 0 0,49,0.49,mid_t1,fp,0,1,0.011976320741139274,-0.010950908739459364,0.011976320741139274,-0.022927229480598638,0.49,0.564339779760945,0.07433977976094497,0.014376330475641002,0.01575868342322346,0.7599,0.8800544039294111,0.12015440392941112,0.014376330475641002,0.01039726702946737,-0.18524382734795153,-0.1895072894649759,-0.004263462117024358,0.014376330475641002,0.011784095002996486
RZDT2_VC,GPR-KG,vepm,1,1001,axis,1.0,0.004417494632216135,50 0 0 0 0,50,0.5,mid_t1,fp,0,1,0.01200000000000001,-0.011215971438542194,0.01200000000000001,-0.023215971438542204,0.5,0.5745891393753024,0.07458913937530243,0.0144,0.01575868342322346,0.75,0.8783436374750816,0.1283436374750816,0.0144,0.01039726702946737,-0.18538243523417663,-0.18977235216405872,-0.004389916929882082,0.0144,0.011784095002996486
RZDT2_VC,GPR-KG,vepm,1,1001,axis,1.0,0.004417494632216135,51 0 0 0 0,51,0.51,mid_t1,fp,0,1,0.011976320741139274,-0.07642987262058586,0.011976320741139274,-0.08840619336172513,0.51,0.584827274368719,0.07482727436871894,0.014376330475641002,0.003844798150084067,0.7399,0.8765339927528297,0.13663399275282972,0.014376330475641002,0.002593309599033662,-0.18524382734795153,-0.18987510388319173,-0.004631276535240203,0.014376330475641002,0.004756833780194856
RZDT2_VC,GPR-KG,vepm,1,1001,axis,1.0,0.004417494632216135,52 0 0 0 0,52,0.52,mid_t1,fp,0,1,0.011905376415773744,-0.07637031335976911,0.011905376415773744,-0.08827568977554286,0.52,0.5950541847411949,0.07505418474119485,0.014305531860612137,0.003844798150084067,0.7296,0.8746254697626555,0.1450254697626555,0.014305531860612137,0.002593309599033662,-0.1848285507112791,-0.189815544622375,-0.004986993911095888,0.014305531860612137,0.004756833780194856
RZDT2_VC,GPR-KG,vepm,1,1001,axis,1.0,0.004417494632216135,53 0 0 0 0,53,0.53,mid_t1,fp,0,1,0.011787447008744262,-0.07614844311900269,0.011787447008744262,-0.08793589012774695,0.53,0.6052698704927298,0.07526987049272982,0.014188231362461133,0.003844798150084067,0.7191,0.872618068504559,0.15351806850455907,0.014188231362461133,0.002593309599033662,-0.18413824423132247,-0.18959367438160857,-0.0054554301502861,0.014188231362461133,0.004756833780194856
RZDT2_VC,GPR-KG,vepm,1,1001,axis,1.0,0.004417494632216135,54 0 0 0 0,54,0.54,mid_t1,fp,0,1,0.011622997933543572,-0.07576426189828638,0.011622997933543572,-0.08738725983182995,0.54,0.615474331623324,0.07547433162332395,0.014025465477955242,0.003844798150084067,0.7083999999999999,0.8705117889785401,0.16211178897854017,0.014025465477955242,0.002593309599033662,-0.183175632232387,-0.18920949316089225,-0.006033860928505247,0.014025465477955242,0.004756833780194856
RZDT2_VC,GPR-KG,vepm,1,1001,axis,1.0,0.004417494632216135,55 0 0 0 0,55,0.55,mid_t1,fp,0,1,0.011412678195541842,-0.07521776969762033,0.011412678195541842,-0.08663044789316217,0.55,0.6256675681329773,0.07566756813297726,0.013818666857034756,0.003844798150084067,0.6975,0.8683066311845988,0.17080663118459882,0.013818666857034756,0.002593309599033662,-0.18194451370425696,-0.1886630009602262,-0.006718487255969241,0.013818666857034756,0.004756833780194856
RZDT2_VC,GPR-KG,vepm,1,1001,axis,1.0,0.004417494632216135,56 0 0 0 0,56,0.56,mid_t1,fp,0,1,0.011157317830659014,-0.0745089665170046,0.011157317830659014,-0.08566628434766362,0.56,0.6358495800216897,0.07584958002168962,0.013569646185494524,0.003844798150084067,0.6863999999999999,0.8660025951227353,0.17960259512273535,0.013569646185494524,0.002593309599033662,-0.18044974730931826,-0.18795419777961048,-0.007504450470292218,0.013569646185494524,0.004756833780194856
RZDT2_VC,GPR-KG,vepm,1,1001,axis,1.0,0.004417494632216135,57 0 0 0 0,57,0.57,mid_t1,fp,0,1,0.01085792462959223,-0.07363785235643903,0.01085792462959223,-0.08449577698603127,0.57,0.6460203672894616,0.0760203672894616,0.013280569354448001,0.003844798150084067,0.6751,0.8635996807929492,0.1884996807929492,0.013280569354448001,0.002593309599033662,-0.17869723220763795,-0.1870830836190449,-0.008385851411406964,0.013280569354448001,0.004756833780194856
RZDT2_VC,GPR-KG,vepm,1,1001,axis,1.0,0.004417494632216135,58 0 0 0 0,58,0.58,mid_t1,fp,0,1,0.01051568016052637,-0.07260442721592368,0.01051568016052637,-0.08312010737645005,0.58,0.6561799299362924,0.07617992993629241,0.012953930254030797,0.003844798150084067,0.6636,0.861097888195241,0.19749788819524106,0.012953930254030797,0.002593309599033662,-0.17669388477567435,-0.18604965847852956,-0.009355773702855202,0.012953930254030797,0.004756833780194856
RZDT2_VC,GPR-KG,vepm,1,1001,axis,1.0,0.004417494632216135,59 0 0 0 0,59,0.59,mid_t1,fp,0,1,0.01013193510602417,-0.0714086910954586,0.01013193510602417,-0.08154062620148277,0.59,0.6663282679621824,0.0763282679621824,0.012592519592970447,0.003844798150084067,0.6519,0.8584972173296104,0.20659721732961034,0.012592519592970447,0.002593309599033662,-0.174447611310499,-0.18485392235806447,-0.01040631104756548,0.012592519592970447,0.004756833780194856
RZDT2_VC,GPR-KG,vepm,1,1001,axis,1.0,0.004417494632216135,60 0 0 0 0,60,0.6,mid_t1,fp,0,1,0.009708203932499382,-0.07005064399504378,0.009708203932499382,-0.07975884792754316,0.6,0.6764653813671316,0.07646538136713166,0.012199390203593318,0.003844798150084067,0.64,0.8557976681960574,0.2157976681960574,0.012199390203593318,0.002593309599033662,-0.17196727682725424,-0.18349587525764965,-0.011528598430395415,0.012199390203593318,0.004756833780194856
RZDT2_VC,GPR-KG,vepm,1,1001,axis,1.0,0.004417494632216135,61 0 0 0 0,61,0.61,mid_t1,fp,0,1,0.00924615891330946,-0.06853028591467912,0.00924615891330946,-0.07777644482798858,0.61,0.68659127015114,0.07659127015113998,0.01177781934266268,0.003844798150084067,0.6279,0.8529992407945822,0.2250992407945822,0.01177781934266268,0.002593309599033662,-0.16926267007298845,-0.181975517177285,-0.012712847104296543,0.01177781934266268,0.004756833780194856
RZDT2_VC,GPR-KG,vepm,1,1001,axis,1.0,0.004417494632216135,62 0 0 0 0,62,0.62,mid_t1,fp,0,1,0.008747623529056947,-0.06684761685436479,0.008747623529056947,-0.07559524038342173,0.62,0.6967059343142077,0.07670593431420769,0.011331268541361527,0.003844798150084067,0.6155999999999999,0.8501019351251845,0.23450193512518458,0.011331268541361527,0.002593309599033662,-0.1663444648949434,-0.18029284811697066,-0.013948383222027266,0.011331268541361527,0.004756833780194856
RZDT2_VC,GPR-KG,vepm,1,1001,axis,1.0,0.004417494632216135,63 0 0 0 0,63,0.63,mid_t1,fp,0,1,0.00821456527114428,-0.06500263681410055,0.00821456527114428,-0.07321720208524483,0.63,0.7068093738563344,0.07680937385633435,0.010863341592089185,0.003844798150084067,0.6031,0.8471057511878645,0.2440057511878645,0.010863341592089185,0.002593309599033662,-0.16322417811575568,-0.17844786807670643,-0.015223689960950748,0.010863341592089185,0.004756833780194856
RZDT2_VC,GPR-KG,vepm,1,1001,axis,1.0,0.004417494632216135,64 0 0 0 0,64,0.64,mid_t1,fp,0,1,0.007649087876984262,-0.0629953457938867,0.007649087876984262,-0.07064443367087096,0.64,0.7169015887775203,0.07690158877752029,0.01037774128500867,0.003844798150084067,0.5904,0.8440106889826222,0.2536106889826222,0.01037774128500867,0.002593309599033662,-0.1599141240818193,-0.17644057705649258,-0.016526452974673284,0.01037774128500867,0.004756833780194856
RZDT2_VC,GPR-KG,vepm,1,1001,axis,1.0,0.004417494632216135,65 0 0 0 0,65,0.65,mid_t1,fp,0,1,0.007053423027509692,-0.06082574379372306,0.007053423027509692,-0.06787916682123275,0.65,0.7269825790777654,0.0769825790777654,0.009878225523078628,0.003844798150084067,0.5774999999999999,0.8408167485094574,0.2633167485094575,0.009878225523078628,0.002593309599033662,-0.1564273660641864,-0.17427097505632894,-0.017843608992142546,0.009878225523078628,0.004756833780194856
RZDT2_VC,GPR-KG,vepm,1,1001,axis,1.0,0.004417494632216135,66 0 0 0 0,66,0.66,mid_t1,fp,0,1,0.006429921539747946,-0.058493830813609524,0.006429921539747946,-0.06492375235335747,0.66,0.7370523447570697,0.07705234475706968,0.009368563450396631,0.003844798150084067,0.5644,0.8375239297683704,0.2731239297683704,0.009368563450396631,0.002593309599033662,-0.15277766470380436,-0.1719390620762154,-0.019161397372411043,0.009368563450396631,0.004756833780194856
RZDT2_VC,GPR-KG,vepm,1,1001,axis,1.0,0.004417494632216135,67 0 0 0 0,67,0.67,high_t1,fp,0,1,0.005781044089220588,-0.055999606853546366,0.005781044089220588,-0.061780650942766954,0.67,0.7471108858154333,0.07711088581543324,0.00885249222498826,0.003844798150084067,0.5510999999999999,0.834132232759361,0.28303223275936107,0.00885249222498826,0.002593309599033662,-0.14897942370455264,-0.16944483811615224,-0.020465414411599603,0.00885249222498826,0.004756833780194856
RZDT2_VC,GPR-KG,vepm,1,1001,axis,1.0,0.004417494632216135,68 0 0 0 0,68,0.68,high_t1,fp,0,1,0.005109351498780862,-0.05334307191353342,0.005109351498780862,-0.05845242341231428,0.68,0.757158202252856,0.07715820225285597,0.008333675053769642,0.003844798150084067,0.5375999999999999,0.8306416574824292,0.2930416574824294,0.008333675053769642,0.002593309599033662,-0.14504763298840406,-0.1667883031761393,-0.021740670187735234,0.008333675053769642,0.004756833780194856
RZDT2_VC,GPR-KG,vepm,1,1001,axis,1.0,0.004417494632216135,69 0 0 0 0,69,0.69,high_t1,fp,0,1,0.004417494632216135,-0.050524225993570634,0.004417494632216135,-0.05494172062578677,0.69,0.7671942940693378,0.07719429406933787,0.007815661084515988,0.003844798150084067,0.5239,0.8270522039375752,0.30315220393757514,0.007815661084515988,0.002593309599033662,-0.14099780953705102,-0.1639694572561765,-0.022971647719125493,0.007815661084515988,0.004756833780194856
RZDT2_VC,GPR-KG,vepm,1,1001,axis,1.0,0.004417494632216135,70 0 0 0 0,70,0.7,high_t1,fp,0,1,0.0037082039324993765,-0.04754306909365817,0.0037082039324993765,-0.05125127302615755,0.7,0.7772191612648788,0.07721916126487882,0.007301847717655946,0.003844798150084067,0.51,0.8233638721247988,0.31336387212479877,0.007301847717655946,0.002593309599033662,-0.1368459361534674,-0.16098830035626405,-0.02414236420279664,0.007301847717655946,0.004756833780194856
RZDT2_VC,GPR-KG,vepm,1,1001,axis,1.0,0.004417494632216135,71 0 0 0 0,71,0.71,high_t1,fp,0,1,0.00298427864597825,-0.06006437240121289,0.00298427864597825,-0.06304865104719114,0.71,0.787232803839479,0.07723280383947906,0.006795445860099158,0.0042023477455696056,0.4959,0.8195766620441001,0.32367666204410006,0.006795445860099158,0.007159491448787717,-0.13260839838508803,-0.1578448324764018,-0.025236434091313764,0.006795445860099158,0.0035338624327186418
RZDT2_VC,GPR-KG,vepm,1,1001,axis,1.0,0.004417494632216135,72 0 0 0 0,72,0.72,high_t1,fp,0,1,0.0022485757750286828,-0.056758593541400795,0.0022485757750286828,-0.05900716931642948,0.72,0.7972352217931384,0.07723522179313846,0.006299448594739758,0.0042023477455696056,0.48160000000000003,0.8156905736954788,0.3340905736954788,0.006299448594739758,0.007159491448787717,-0.12830191985753756,-0.1545390536165897,-0.02623713375905215,0.006299448594739758,0.0035338624327186418
RZDT2_VC,GPR-KG,vepm,1,1001,axis,1.0,0.004417494632216135,73 0 0 0 0,73,0.73,high_t1,fp,0,1,0.001503998802771661,-0.05329050370163903,0.001503998802771661,-0.05479450250441069,0.73,0.807226415125857,0.07722641512585704,0.005816603683539342,0.0042023477455696056,0.46710000000000007,0.8117056070789355,0.3446056070789354,0.005816603683539342,0.007159491448787717,-0.12394349627412149,-0.15107096377682794,-0.027127467502706448,0.005816603683539342,0.0035338624327186418
RZDT2_VC,GPR-KG,vepm,1,1001,axis,1.0,0.004417494632216135,74 0 0 0 0,74,0.74,high_t1,fp,0,1,0.0007534862343517579,-0.04966010288192747,0.0007534862343517579,-0.05041358911627923,0.74,0.8172063838376348,0.07720638383763478,0.005349390260062094,0.0042023477455696056,0.4524,0.8076217621944697,0.35522176219446966,0.005349390260062094,0.007159491448787717,-0.11955032834154919,-0.14744056295711638,-0.027890234615567194,0.005349390260062094,0.0035338624327186418
RZDT2_VC,GPR-KG,vepm,1,1001,axis,1.0,0.004417494632216135,75 0 0 0 0,75,0.75,high_t1,tp,1,1,0.0,-0.045867391082266076,0.0,-0.045867391082266076,0.75,0.8271751279284717,0.0771751279284717,0.004900000000000001,0.0042023477455696056,0.4375,0.8034390390420815,0.36593903904208147,0.004900000000000001,0.007159491448787717,-0.11513975388660307,-0.143647851157455,-0.02850809727085192,0.004900000000000001,0.0035338624327186418
RZDT2_VC,GPR-KG,vepm,1,1001,axis,1.0,0.004417494632216135,76 0 0 0 0,76,0.76,high_t1,tp,1,1,-0.0007534862343517579,-0.041912368302655004,0.0007534862343517579,-0.041158882068303246,0.76,0.8371326473983678,0.07713264739836778,0.004470322986651712,0.0042023477455696056,0.4224,0.799157437621771,0.37675743762177105,0.004470322986651712,0.007159491448787717,-0.11072917943165694,-0.13969282837784391,-0.02896364894618697,0.004470322986651712,0.0035338624327186418
RZDT2_VC,GPR-KG,vepm,1,1001,axis,1.0,0.004417494632216135,77 0 0 0 0,77,0.77,high_t1,tp,1,1,-0.0015039988027716472,-0.0377950345430942,0.0015039988027716472,-0.03629103574032255,0.77,0.8470789422473232,0.07707894224732315,0.004061938413639081,0.0042023477455696056,0.4071,0.7947769579335382,0.3876769579335382,0.004061938413639081,0.007159491448787717,-0.1063360114990846,-0.1355754946182831,-0.02923948311919851,0.004061938413639081,0.0035338624327186418
RZDT2_VC,GPR-KG,vepm,1,1001,axis,1.0,0.004417494632216135,78 0 0 0 0,78,0.78,high_t1,tp,1,1,-0.0022485757750286967,-0.0335153898035835,0.0022485757750286967,-0.0312668140285548,0.78,0.8570140124753376,0.07701401247533757,0.003676110190539616,0.0042023477455696056,0.39159999999999995,0.790297599977383,0.3986975999773831,0.003676110190539616,0.007159491448787717,-0.10197758791566859,-0.1312958498787724,-0.029318261963103817,0.003676110190539616,0.0035338624327186418
RZDT2_VC,GPR-KG,vepm,1,1001,axis,1.0,0.004417494632216135,79 0 0 0 0,79,0.79,high_t1,tp,1,1,-0.002984278645978264,-0.02907343408412312,0.002984278645978264,-0.026089155438144856,0.79,0.8669378580824112,0.07693785808241116,0.0033137874397911856,0.0042023477455696056,0.3758999999999999,0.7857193637533055,0.40981936375330563,0.0033137874397911856,0.007159491448787717,-0.09767110938811811,-0.12685389415931203,-0.029182784771193918,0.0033137874397911856,0.0035338624327186418
RZDT2_VC,GPR-KG,vepm,1,1001,axis,1.0,0.004417494632216135,80 0 0 0 0,80,0.8,high_t1,tp,1,1,-0.0037082039324993626,-0.024469167384712956,0.0037082039324993626,-0.020760963452213593,0.8,0.8768504790685441,0.07685047906854403,0.0029756097964066855,0.0042023477455696056,0.3599999999999999,0.7810422492613056,0.42104224926130573,0.0029756097964066855,0.007159491448787717,-0.0934335716197387,-0.12224962745990187,-0.02881605584016317,0.0029756097964066855,0.0035338624327186418
RZDT2_VC,GPR-KG,vepm,1,1001,axis,1.0,0.004417494632216135,81 0 0 0 0,81,0.81,high_t1,tp,1,1,-0.004417494632216135,-0.019702589705353005,0.004417494632216135,-0.01528509507313687,0.81,0.886751875433736,0.07675187543373596,0.0026619173469304876,0.0042023477455696056,0.3438999999999999,0.7762662565013834,0.4323662565013835,0.0026619173469304876,0.007159491448787717,-0.08928169823615512,-0.11748304978054191,-0.0282013515443868,0.0026619173469304876,0.0035338624327186418
RZDT2_VC,GPR-KG,vepm,1,1001,axis,1.0,0.004417494632216135,82 0 0 0 0,82,0.82,high_t1,tp,1,1,-0.005109351498780862,-0.014773701046043378,0.005109351498780862,-0.009664349547262516,0.82,0.8966420471779873,0.0766420471779874,0.0023727649718586334,0.0042023477455696056,0.3276000000000001,0.7713913854735388,0.4437913854735387,0.0023727649718586334,0.007159491448787717,-0.08523187478480208,-0.11255416112123229,-0.027322286336430204,0.0023727649718586334,0.0035338624327186418
RZDT2_VC,GPR-KG,vepm,1,1001,axis,1.0,0.004417494632216135,83 0 0 0 0,83,0.83,high_t1,tp,1,1,-0.0057810440892205744,-0.009682501406783853,0.0057810440892205744,-0.0039014573175632783,0.83,0.9065209943012977,0.07652099430129777,0.002107940787564248,0.0042023477455696056,0.31110000000000004,0.7664176361777719,0.4553176361777719,0.002107940787564248,0.007159491448787717,-0.08130008406865345,-0.10746296148197276,-0.02616287741331931,0.002107940787564248,0.0035338624327186418
RZDT2_VC,GPR-KG,vepm,1,1001,axis,1.0,0.004417494632216135,84 0 0 0 0,84,0.84,high_t1,tp,1,1,-0.006429921539747946,-0.004428990787574652,0.006429921539747946,0.002000930752173294,0.84,0.9163887168036673,0.07638871680366732,0.0018669883206906854,0.0042023477455696056,0.2944000000000001,0.7613450086140827,0.4669450086140826,0.0018669883206906854,0.007159491448787717,-0.07750184306940178,-0.10220945086276356,-0.024707607793361785,0.0018669883206906854,0.0035338624327186418
RZDT2_VC,GPR-KG,vepm,1,1001,axis,1.0,0.004417494632216135,85 0 0 0 0,85,0.85,high_t1,fn,1,0,-0.007053423027509678,0.0009868308115843355,0.007053423027509678,0.008040253839094014,0.85,0.9262452146850959,0.07624521468509593,0.0016492319909840044,0.0042023477455696056,0.2775000000000001,0.7561735027824711,0.478673502782471,0.0016492319909840044,0.007159491448787717,-0.07385214170901971,-0.09679362926360457,-0.02294148755458486,0.0016492319909840044,0.0035338624327186418
RZDT2_VC,GPR-KG,vepm,1,1001,axis,1.0,0.004417494632216135,86 0 0 0 0,86,0.86,high_t1,fn,1,0,-0.007649087876984276,0.00656496339069311,0.007649087876984276,0.014214051267677386,0.86,0.9360904879455838,0.07609048794558382,0.001453805428527018,0.0042023477455696056,0.2604000000000001,0.7509031186829371,0.49050311868293706,0.001453805428527018,0.007159491448787717,-0.07036538369138685,-0.0912154966844958,-0.020850112993108946,0.001453805428527018,0.0035338624327186418
RZDT2_VC,GPR-KG,vepm,1,1001,axis,1.0,0.004417494632216135,87 0 0 0 0,87,0.87,high_t1,fn,1,0,-0.00821456527114426,0.01230540694975156,0.00821456527114426,0.02051997222089582,0.87,0.945924536585131,0.07592453658513099,0.0012796821090875375,0.0042023477455696056,0.24309999999999998,0.7455338563154809,0.5024338563154809,0.0012796821090875375,0.007159491448787717,-0.06705532965745045,-0.08547505312543735,-0.018419723467986898,0.0012796821090875375,0.0035338624327186418
RZDT2_VC,GPR-KG,vepm,1,1001,axis,1.0,0.004417494632216135,88 0 0 0 0,88,0.88,high_t1,fn,1,0,-0.00874762352905694,0.018208161488759797,0.00874762352905694,0.026955785017816737,0.88,0.9557473606037373,0.07574736060373732,0.0011257077574617622,0.0042023477455696056,0.22560000000000002,0.7400657156801023,0.5144657156801022,0.0011257077574617622,0.007159491448787717,-0.06393504287826277,-0.07957229858642911,-0.015637255708166348,0.0011257077574617622,0.0035338624327186418
RZDT2_VC,GPR-KG,vepm,1,1001,axis,1.0,0.004417494632216135,89 0 0 0 0,89,0.89,high_t1,fn,1,0,-0.009246158913309474,0.024273227007717932,0.009246158913309474,0.033519385921027406,0.89,0.9655589600014027,0.07555896000140272,0.0009906339438016307,0.0042023477455696056,0.20789999999999997,0.7344986967768012,0.5265986967768013,0.0009906339438016307,0.007159491448787717,-0.06101683770021766,-0.07350723306747098,-0.01249039536725332,0.0009906339438016307,0.0035338624327186418
RZDT2_VC,GPR-KG,vepm,1,1001,axis,1.0,0.004417494632216135,90 0 0 0 0,90,0.9,high_t1,fn,1,0,-0.009708203932499368,0.030500603506625742,0.009708203932499368,0.04020880743912511,0.9,0.9753593347781273,0.07535933477812728,0.0008731522823440527,0.0042023477455696056,0.18999999999999995,0.7288327996055779,0.538832799605578,0.0008731522823440527,0.007159491448787717,-0.05831223094595188,-0.06727985656856317,-0.008967625622611289,0.0008731522823440527,0.0035338624327186418
RZDT2_VC,GPR-KG,vepm,1,1001,axis,1.0,0.004417494632216135,91 0 0 0 0,91,0.91,high_t1,fn,1,0,-0.010131935106024184,0.03689029098548323,0.010131935106024184,0.04702222609150741,0.91,0.9851484849339112,0.07514848493391113,0.0007719286359422346,0.0042023477455696056,0.17189999999999994,0.7230680241664322,0.5511680241664323,0.0007719286359422346,0.007159491448787717,-0.05583189646270712,-0.06089016908970568,-0.00505827262699856,0.0007719286359422346,0.0035338624327186418
RZDT2_VC,GPR-KG,vepm,1,1001,axis,1.0,0.004417494632216135,92 0 0 0 0,92,0.92,high_t1,fn,1,0,-0.010515680160526363,0.043442289444290724,0.010515680160526363,0.05395796960481709,0.92,0.9949264104687543,0.07492641046875426,0.0006856367334167007,0.0042023477455696056,0.15359999999999996,0.7172043704593642,0.5636043704593643,0.0006856367334167007,0.007159491448787717,-0.05358562299753181,-0.054338170630898186,-0.0007525476333663794,0.0006856367334167007,0.0035338624327186418
RZDT2_VC,GPR-KG,vepm,1,1001,axis,1.0,0.004417494632216135,93 0 0 0 0,93,0.93,high_t1,fn,1,0,-0.010857924629592237,0.050156598883047784,0.010857924629592237,0.06101452351264002,0.93,1.0046931113826565,0.07469311138265644,0.000612990619923725,0.0042023477455696056,0.1350999999999999,0.711241838484374,0.5761418384843741,0.000612990619923725,0.007159491448787717,-0.051582275565568166,-0.047623861192141126,0.00395841437342704,0.000612990619923725,0.0035338624327186418
RZDT2_VC,GPR-KG,vepm,1,1001,axis,1.0,0.004417494632216135,94 0 0 0 0,94,0.94,high_t1,fn,1,0,-0.011157317830659014,0.05703321930175463,0.011157317830659014,0.06819053713241365,0.94,1.014448587675618,0.07444858767561802,0.0005527753830590053,0.0042023477455696056,0.11640000000000006,0.7051804282414611,0.588780428241461,0.0005527753830590053,0.007159491448787717,-0.04982976046388786,-0.04074724077343428,0.00908251969045358,0.0005527753830590053,0.0035338624327186418
RZDT2_VC,GPR-KG,vepm,1,1001,axis,1.0,0.004417494632216135,95 0 0 0 0,95,0.95,high_t1,fn,1,0,-0.011412678195541842,0.06407215070041127,0.011412678195541842,0.07548482889595311,0.95,1.0241928393476383,0.07419283934763832,0.0005038756289026096,0.0042023477455696056,0.09750000000000003,0.6990201397306262,0.6015201397306261,0.0005038756289026096,0.007159491448787717,-0.048334994068949144,-0.033708309374777645,0.014626684694171499,0.0005038756289026096,0.0035338624327186418
RZDT2_VC,GPR-KG,vepm,1,1001,axis,1.0,0.004417494632216135,96 0 0 0 0,96,0.96,high_t1,fn,1,0,-0.011622997933543572,0.07127339307901769,0.011622997933543572,0.08289639101256126,0.96,1.033925866398718,0.07392586639871812,0.0004653012221544119,0.0042023477455696056,0.07840000000000003,0.6927609729518687,0.6143609729518686,0.0004653012221544119,0.007159491448787717,-0.04710387554081908,-0.026507066996171225,0.020596808544647856,0.0004653012221544119,0.0035338624327186418
RZDT2_VC,GPR-KG,vepm,1,1001,axis,1.0,0.004417494632216135,97 0 0 0 0,97,0.97,high_t1,fn,1,0,-0.011787447008744269,0.07863694643757378,0.011787447008744269,0.09042439344631806,0.97,1.043647668828857,0.07364766882885698,0.0004362098522594935,0.0042023477455696056,0.05910000000000004,0.686402927905189,0.6273029279051889,0.0004362098522594935,0.007159491448787717,-0.04614126354188364,-0.019143513637615128,0.02699774990426851,0.0004362098522594935,0.0035338624327186418
RZDT2_VC,GPR-KG,vepm,1,1001,axis,1.0,0.004417494632216135,98 0 0 0 0,98,0.98,high_t1,fn,1,0,-0.01190537641577373,0.08616281077607978,0.01190537641577373,0.0980681871918535,0.98,1.053358246638055,0.07335824663805512,0.00041592604220944417,0.0042023477455696056,0.03960000000000008,0.679946004590587,0.6403460045905869,0.00041592604220944417,0.007159491448787717,-0.04545095706192702,-0.011617649299109134,0.033833307762817885,0.00041592604220944417,0.0035338624327186418
RZDT2_VC,GPR-KG,vepm,1,1001,axis,1.0,0.004417494632216135,99 0 0 0 0,99,0.99,high_t1,fn,1,0,-0.01197632074113926,0.09385098609453545,0.01197632074113926,0.1058273068356747,0.99,1.0630575998263123,0.07305759982631232,0.0004039562776451963,0.0042023477455696056,0.01990000000000003,0.6733902030080625,0.6534902030080625,0.0004039562776451963,0.007159491448787717,-0.04503568042525459,-0.003929473980653464,0.041106206444601126,0.0004039562776451963,0.0035338624327186418
RZDT2_VC,GPR-KG,vepm,1,1001,axis,1.0,0.004417494632216135,100 0 0 0 0,100,1.0,high_t1,fn,1,0,-0.011999999999999997,0.1017014723929409,0.011999999999999997,0.1137014723929409,1.0,1.0727457283936286,0.07274572839362858,0.0004,0.0042023477455696056,0.0,0.6667355231576158,0.6667355231576158,0.0004,0.007159491448787717,-0.04489707253902944,0.003921012317751993,0.048818084856781435,0.0004,0.0035338624327186418
RZDT2_VC,GPR-KG,vepm,2,1002,axis,1.0,0.004417494632216135,0 0 0 0 0,0,0.0,low_t1,fn,1,0,-0.011999999999999997,0.3333354046061425,0.011999999999999997,0.34533540460614254,0.0,0.1999234396728805,0.1999234396728805,0.0004,0.020778709904896248,1.0,0.8812199422213285,-0.11878005777867151,0.0004,0.012731852171891322,-0.04489707253902944,0.17590139707661753,0.22079846961564698,0.0004,0.009160993769768689
RZDT2_VC,GPR-KG,vepm,2,1002,axis,1.0,0.004417494632216135,1 0 0 0 0,1,0.01,low_t1,fn,1,0,-0.01197632074113926,0.3279532460212453,0.01197632074113926,0.33992956676238456,0.01,0.21108022031050575,0.20108022031050574,0.0004039562776451963,0.020778709904896248,0.9999,0.8837319974444265,-0.11616800255557347,0.0004039562776451963,0.012731852171891322,-0.04503568042525459,0.17051923849172035,0.21555491891697492,0.0004039562776451963,0.009160993769768689
RZDT2_VC,GPR-KG,vepm,2,1002,axis,1.0,0.004417494632216135,2 0 0 0 0,2,0.02,low_t1,fn,1,0,-0.011905376415773737,0.322675562628762,0.011905376415773737,0.33458093904453573,0.02,0.22221088718047963,0.20221088718047964,0.00041592604220944417,0.020778709904896248,0.9996,0.8861609801699185,-0.11343901983008153,0.00041592604220944417,0.012731852171891322,-0.045450957061927026,0.16524155509923702,0.21069251216116405,0.00041592604220944417,0.009160993769768689
RZDT2_VC,GPR-KG,vepm,2,1002,axis,1.0,0.004417494632216135,3 0 0 0 0,3,0.03,low_t1,fn,1,0,-0.011787447008744269,0.3175023544286925,0.011787447008744269,0.3292898014374368,0.03,0.23331544028280216,0.20331544028280216,0.0004362098522594935,0.020778709904896248,0.9991,0.8885068903978045,-0.11059310960219548,0.0004362098522594935,0.012731852171891322,-0.04614126354188364,0.16006834689916752,0.20620961044105116,0.0004362098522594935,0.009160993769768689
RZDT2_VC,GPR-KG,vepm,2,1002,axis,1.0,0.004417494632216135,4 0 0 0 0,4,0.04,low_t1,fn,1,0,-0.011622997933543572,0.3124336214210368,0.011622997933543572,0.3240566193545804,0.04,0.2443938796174733,0.2043938796174733,0.0004653012221544117,0.020778709904896248,0.9984,0.8907697281280842,-0.10763027187191576,0.0004653012221544117,0.012731852171891322,-0.04710387554081907,0.15499961389151182,0.2021034894323309,0.0004653012221544117,0.009160993769768689
RZDT2_VC,GPR-KG,vepm,2,1002,axis,1.0,0.004417494632216135,5 0 0 0 0,5,0.05,low_t1,fn,1,0,-0.011412678195541842,0.3074693636057949,0.011412678195541842,0.3188820418013367,0.05,0.25544620518449307,0.20544620518449308,0.0005038756289026093,0.020778709904896248,0.9975,0.8929494933607579,-0.10455050663924215,0.0005038756289026093,0.012731852171891322,-0.04833499406894913,0.15003535607626994,0.1983703501452191,0.0005038756289026093,0.009160993769768689
RZDT2_VC,GPR-KG,vepm,2,1002,axis,1.0,0.004417494632216135,6 0 0 0 0,6,0.06,low_t1,fn,1,0,-0.011157317830659014,0.30260958098296686,0.011157317830659014,0.31376689881362585,0.06,0.2664724169838615,0.20647241698386148,0.0005527753830590045,0.020778709904896248,0.9964,0.8950461860958253,-0.10135381390417464,0.0005527753830590045,0.012731852171891322,-0.04982976046388783,0.1451755734534419,0.19500533391732972,0.0005527753830590045,0.009160993769768689
RZDT2_VC,GPR-KG,vepm,2,1002,axis,1.0,0.004417494632216135,7 0 0 0 0,7,0.07,low_t1,fn,1,0,-0.010857924629592237,0.2978542735525527,0.010857924629592237,0.3087121981821449,0.07,0.27747251501557857,0.20747251501557856,0.0006129906199237256,0.020778709904896248,0.9951,0.8970598063332867,-0.09804019366671324,0.0006129906199237256,0.012731852171891322,-0.051582275565568186,0.1404202660230277,0.1920025415885959,0.0006129906199237256,0.009160993769768689
RZDT2_VC,GPR-KG,vepm,2,1002,axis,1.0,0.004417494632216135,8 0 0 0 0,8,0.08,low_t1,fn,1,0,-0.010515680160526363,0.29320344131455234,0.010515680160526363,0.3037191214750787,0.08,0.2884464992796442,0.2084464992796442,0.0006856367334167007,0.020778709904896248,0.9936,0.8989903540731421,-0.09460964592685794,0.0006856367334167007,0.012731852171891322,-0.05358562299753181,0.13576943378502732,0.18935505678255912,0.0006856367334167007,0.009160993769768689
RZDT2_VC,GPR-KG,vepm,2,1002,axis,1.0,0.004417494632216135,9 0 0 0 0,9,0.09,low_t1,fn,1,0,-0.010131935106024177,0.28865708426896575,0.010131935106024177,0.2987890193749899,0.09,0.29939436977605854,0.20939436977605855,0.0007719286359422355,0.020778709904896248,0.9919,0.9008378293153912,-0.09106217068460876,0.0007719286359422355,0.012731852171891322,-0.05583189646270714,0.13122307673944075,0.1870549732021479,0.0007719286359422355,0.009160993769768689
RZDT2_VC,GPR-KG,vepm,2,1002,axis,1.0,0.004417494632216135,10 0 0 0 0,10,0.1,low_t1,fn,1,0,-0.009708203932499368,0.284215202415793,0.009708203932499368,0.2939234063482924,0.1,0.31031612650482154,0.21031612650482154,0.0008731522823440523,0.020778709904896248,0.99,0.9026022320600342,-0.08739776793996579,0.0008731522823440523,0.012731852171891322,-0.05831223094595187,0.126781194886268,0.18509342583221985,0.0008731522823440523,0.009160993769768689
RZDT2_VC,GPR-KG,vepm,2,1002,axis,1.0,0.004417494632216135,11 0 0 0 0,11,0.11,low_t1,fn,1,0,-0.009246158913309467,0.2798777957550341,0.009246158913309467,0.28912395466834356,0.11,0.3212117694659331,0.21121176946593312,0.0009906339438016311,0.020778709904896248,0.9879,0.9042835623070711,-0.08361643769292892,0.0009906339438016311,0.012731852171891322,-0.061016837700217666,0.1224437882255091,0.18346062592572676,0.0009906339438016311,0.009160993769768689
RZDT2_VC,GPR-KG,vepm,2,1002,axis,1.0,0.004417494632216135,12 0 0 0 0,12,0.12,low_t1,fn,1,0,-0.008747623529056933,0.275644864286689,0.008747623529056933,0.28439248781574594,0.12,0.33208129865939334,0.21208129865939335,0.0011257077574617607,0.020778709904896248,0.9856,0.9058818200565019,-0.07971817994349817,0.0011257077574617607,0.012731852171891322,-0.06393504287826272,0.11821085675716399,0.1821458996354267,0.0011257077574617607,0.009160993769768689
RZDT2_VC,GPR-KG,vepm,2,1002,axis,1.0,0.004417494632216135,13 0 0 0 0,13,0.13,low_t1,fn,1,0,-0.00821456527114426,0.2715164080107577,0.00821456527114426,0.279730973281902,0.13,0.3429247140852022,0.2129247140852022,0.0012796821090875375,0.020778709904896248,0.9831,0.9073970053083267,-0.0757029946916733,0.0012796821090875375,0.012731852171891322,-0.06705532965745045,0.11408240048123275,0.1811377301386832,0.0012796821090875375,0.009160993769768689
RZDT2_VC,GPR-KG,vepm,2,1002,axis,1.0,0.004417494632216135,14 0 0 0 0,14,0.14,low_t1,fn,1,0,-0.007649087876984276,0.2674924269272403,0.007649087876984276,0.27514151480422455,0.14,0.35374201574335973,0.21374201574335971,0.001453805428527017,0.020778709904896248,0.9804,0.9088291180625452,-0.07157088193745487,0.001453805428527017,0.012731852171891322,-0.07036538369138683,0.1100584193977153,0.1804238030891021,0.001453805428527017,0.009160993769768689
RZDT2_VC,GPR-KG,vepm,2,1002,axis,1.0,0.004417494632216135,15 0 0 0 0,15,0.15,low_t1,fn,1,0,-0.007053423027509678,0.26357292103613666,0.007053423027509678,0.27062634406364633,0.15,0.3645332036338659,0.21453320363386588,0.0016492319909840038,0.020778709904896248,0.9775,0.9101781583191576,-0.06732184168084243,0.0016492319909840038,0.012731852171891322,-0.0738521417090197,0.10613891350661168,0.17999105521563138,0.0016492319909840038,0.009160993769768689
RZDT2_VC,GPR-KG,vepm,2,1002,axis,1.0,0.004417494632216135,16 0 0 0 0,16,0.16,low_t1,fn,1,0,-0.00642992153974796,0.2597578903374469,0.00642992153974796,0.26618781187719487,0.16,0.37529827775672064,0.21529827775672064,0.0018669883206906834,0.020778709904896248,0.9744,0.9114441260781639,-0.0629558739218361,0.0018669883206906834,0.012731852171891322,-0.07750184306940175,0.10232388280792189,0.17982572587732365,0.0018669883206906834,0.009160993769768689
RZDT2_VC,GPR-KG,vepm,2,1002,axis,1.0,0.004417494632216135,17 0 0 0 0,17,0.17,low_t1,fn,1,0,-0.005781044089220588,0.2560473348311709,0.005781044089220588,0.2618283789203915,0.17,0.38603723811192403,0.21603723811192402,0.0021079407875642477,0.020778709904896248,0.9711,0.9126270213395641,-0.05847297866043588,0.0021079407875642477,0.012731852171891322,-0.08130008406865345,0.09861332730164592,0.17991341137029937,0.0021079407875642477,0.009160993769768689
RZDT2_VC,GPR-KG,vepm,2,1002,axis,1.0,0.004417494632216135,18 0 0 0 0,18,0.18,low_t1,fn,1,0,-0.005109351498780876,0.2524412545173088,0.005109351498780876,0.2575506060160897,0.18,0.3967500846994761,0.2167500846994761,0.00237276497185863,0.020778709904896248,0.9676,0.9137268441033581,-0.05387315589664188,0.00237276497185863,0.012731852171891322,-0.08523187478480203,0.09500724698778379,0.18023912177258583,0.00237276497185863,0.009160993769768689
RZDT2_VC,GPR-KG,vepm,2,1002,axis,1.0,0.004417494632216135,19 0 0 0 0,19,0.19,low_t1,fn,1,0,-0.004417494632216135,0.24893964939586047,0.004417494632216135,0.25335714402807663,0.19,0.40743681751937677,0.21743681751937677,0.0026619173469304897,0.020778709904896248,0.9639,0.9147435943695461,-0.04915640563045387,0.0026619173469304897,0.012731852171891322,-0.08928169823615514,0.09150564186633547,0.18078734010249062,0.0026619173469304897,0.009160993769768689
RZDT2_VC,GPR-KG,vepm,2,1002,axis,1.0,0.004417494632216135,20 0 0 0 0,20,0.2,low_t1,fn,1,0,-0.0037082039324993626,0.24554251946682598,0.0037082039324993626,0.24925072339932536,0.2,0.41809743657162607,0.21809743657162606,0.002975609796406684,0.020778709904896248,0.96,0.915677272138128,-0.04432272786187197,0.002975609796406684,0.012731852171891322,-0.09343357161973867,0.08810851193730097,0.18154208355703966,0.002975609796406684,0.009160993769768689
RZDT2_VC,GPR-KG,vepm,2,1002,axis,1.0,0.004417494632216135,21 0 0 0 0,21,0.21,low_t1,fn,1,0,-0.002984278645978264,0.24224986473020532,0.002984278645978264,0.2452341433761836,0.21,0.42873194185622404,0.21873194185622405,0.0033137874397911856,0.020778709904896248,0.9559,0.9165278774091037,-0.039372122590896286,0.0033137874397911856,0.012731852171891322,-0.09767110938811811,0.08481585720068031,0.18248696658879843,0.0033137874397911856,0.009160993769768689
RZDT2_VC,GPR-KG,vepm,2,1002,axis,1.0,0.004417494632216135,22 0 0 0 0,22,0.22,low_t1,fn,1,0,-0.0022485757750286967,0.2390616851859985,0.0022485757750286967,0.2413102609610272,0.22,0.4393403333731706,0.21934033337317058,0.0036761101905396125,0.020778709904896248,0.9516,0.9172954101824732,-0.03430458981752682,0.0036761101905396125,0.012731852171891322,-0.10197758791566854,0.0816276776564735,0.18360526557214202,0.0036761101905396125,0.009160993769768689
RZDT2_VC,GPR-KG,vepm,2,1002,axis,1.0,0.004417494632216135,23 0 0 0 0,23,0.23,low_t1,fn,1,0,-0.0015039988027716472,0.23597798083420546,0.0015039988027716472,0.2374819796369771,0.23,0.44992261112246584,0.21992261112246583,0.004061938413639081,0.020778709904896248,0.9471,0.9179798704582367,-0.02912012954176335,0.004061938413639081,0.012731852171891322,-0.1063360114990846,0.07854397330468046,0.18487998480376505,0.004061938413639081,0.009160993769768689
RZDT2_VC,GPR-KG,vepm,2,1002,axis,1.0,0.004417494632216135,24 0 0 0 0,24,0.24,low_t1,fn,1,0,-0.0007534862343517579,0.23299875167482625,0.0007534862343517579,0.233752237909178,0.24,0.46047877510410967,0.22047877510410968,0.004470322986651707,0.020778709904896248,0.9424,0.9185812582363941,-0.023818741763605877,0.004470322986651707,0.012731852171891322,-0.11072917943165687,0.07556474414530126,0.18629392357695812,0.004470322986651707,0.009160993769768689
RZDT2_VC,GPR-KG,vepm,2,1002,axis,1.0,0.004417494632216135,25 0 0 0 0,25,0.25,low_t1,fn,1,0,0.0,0.2301239977078609,0.0,0.2301239977078609,0.25,0.4710088253181022,0.22100882531810218,0.004900000000000001,0.020778709904896248,0.9375,0.9190995735169454,-0.01840042648305462,0.004900000000000001,0.012731852171891322,-0.11513975388660307,0.07268999017833591,0.18782974406493896,0.004900000000000001,0.009160993769768689
RZDT2_VC,GPR-KG,vepm,2,1002,axis,1.0,0.004417494632216135,26 0 0 0 0,26,0.26,low_t1,tn,0,0,0.0007534862343517579,0.22735371893330938,0.0007534862343517579,0.22660023269895763,0.26,0.4815127617644433,0.2215127617644433,0.005349390260062097,0.020778709904896248,0.9324,0.9195348162998904,-0.012865183700109584,0.005349390260062097,0.012731852171891322,-0.11955032834154922,0.06991971140378439,0.1894700397453336,0.005349390260062097,0.009160993769768689
RZDT2_VC,GPR-KG,vepm,2,1002,axis,1.0,0.004417494632216135,27 0 0 0 0,27,0.27,low_t1,tn,0,0,0.0015039988027716472,0.22468791535117166,0.0015039988027716472,0.22318391654840003,0.27,0.4919905844431331,0.22199058444313308,0.005816603683539342,0.020778709904896248,0.9271,0.9198869865852294,-0.007213013414770653,0.005816603683539342,0.012731852171891322,-0.1239434962741215,0.06725390782164667,0.1911974040957682,0.005816603683539342,0.009160993769768689
RZDT2_VC,GPR-KG,vepm,2,1002,axis,1.0,0.004417494632216135,28 0 0 0 0,28,0.28,low_t1,tn,0,0,0.0022485757750287105,0.22212658696144777,0.0022485757750287105,0.21987801118641906,0.28,0.5024422933541715,0.22244229335417143,0.006299448594739758,0.020778709904896248,0.9216,0.9201560843729623,-0.0014439156270377174,0.006299448594739758,0.012731852171891322,-0.12830191985753753,0.06469257943192278,0.1929944992894603,0.006299448594739758,0.009160993769768689
RZDT2_VC,GPR-KG,vepm,2,1002,axis,1.0,0.004417494632216135,29 0 0 0 0,29,0.29,low_t1,tn,0,0,0.00298427864597825,0.2196697337641377,0.00298427864597825,0.21668545511815945,0.29,0.5128678884975585,0.2228678884975585,0.006795445860099151,0.020778709904896248,0.9159,0.920342109663089,0.004442109663089,0.006795445860099151,0.012731852171891322,-0.13260839838508798,0.06223572623461271,0.1948441246197007,0.006795445860099151,0.009160993769768689
RZDT2_VC,GPR-KG,vepm,2,1002,axis,1.0,0.004417494632216135,30 0 0 0 0,30,0.3,low_t1,tn,0,0,0.0037082039324993765,0.2173173557592415,0.0037082039324993765,0.21360915182674212,0.3,0.5232673698732941,0.22326736987329415,0.007301847717655946,0.020778709904896248,0.91,0.9204450624556098,0.010445062455609722,0.007301847717655946,0.012731852171891322,-0.1368459361534674,0.0598833482297165,0.1967292843831839,0.007301847717655946,0.009160993769768689
RZDT2_VC,GPR-KG,vepm,2,1002,axis,1.0,0.004417494632216135,31 0 0 0 0,31,0.31,low_t1,tn,0,0,0.004417494632216135,0.21506945294675905,0.004417494632216135,0.21065195831454292,0.31,0.5336407374813785,0.22364073748137853,0.007815661084515983,0.020778709904896248,0.9039,0.9204649427505242,0.016564942750524114,0.007815661084515983,0.012731852171891322,-0.14099780953705096,0.05763544541723406,0.19863325495428502,0.007815661084515983,0.009160993769768689
RZDT2_VC,GPR-KG,vepm,2,1002,axis,1.0,0.004417494632216135,32 0 0 0 0,32,0.32,low_t1,tn,0,0,0.005109351498780862,0.21292602532669047,0.005109351498780862,0.2078166738279096,0.32,0.5439879913218114,0.2239879913218114,0.008333675053769645,0.020778709904896248,0.8976,0.9204017505478326,0.022801750547832622,0.008333675053769645,0.012731852171891322,-0.1450476329884041,0.05549201779716548,0.20053965078556957,0.008333675053769645,0.009160993769768689
RZDT2_VC,GPR-KG,vepm,2,1002,axis,1.0,0.004417494632216135,33 0 0 0 0,33,0.33,low_t1,tn,0,0,0.005781044089220588,0.2108870728990357,0.005781044089220588,0.2051060288098151,0.33,0.5543091313945929,0.2243091313945929,0.00885249222498826,0.020778709904896248,0.8911,0.9202554858475348,0.0291554858475348,0.00885249222498826,0.012731852171891322,-0.14897942370455264,0.053453065369510694,0.20243248907406333,0.00885249222498826,0.009160993769768689
RZDT2_VC,GPR-KG,vepm,2,1002,axis,1.0,0.004417494632216135,34 0 0 0 0,34,0.34,mid_t1,tn,0,0,0.006429921539747974,0.20895259566379476,0.006429921539747974,0.2025226741240468,0.34,0.5646041576997232,0.22460415769972314,0.00936856345039664,0.020778709904896248,0.8844,0.9200261486496311,0.035626148649631095,0.00936856345039664,0.012731852171891322,-0.15277766470380438,0.051518588134269766,0.20429625283807415,0.00936856345039664,0.009160993769768689
RZDT2_VC,GPR-KG,vepm,2,1002,axis,1.0,0.004417494632216135,35 0 0 0 0,35,0.35,mid_t1,tn,0,0,0.007053423027509664,0.20712259362096766,0.007053423027509664,0.200069170593458,0.35,0.574873070237202,0.22487307023720204,0.009878225523078626,0.020778709904896248,0.8775000000000001,0.9197137389541211,0.04221373895412106,0.009878225523078626,0.012731852171891322,-0.15642736606418642,0.049688586091442666,0.20611595215562908,0.009878225523078626,0.009160993769768689
RZDT2_VC,GPR-KG,vepm,2,1002,axis,1.0,0.004417494632216135,36 0 0 0 0,36,0.36,mid_t1,tn,0,0,0.00764908787698429,0.20539706677055436,0.00764908787698429,0.19774797889357007,0.36,0.5851158690070295,0.2251158690070295,0.010377741285008674,0.020778709904896248,0.8704000000000001,0.919318256761005,0.04891825676100492,0.010377741285008674,0.012731852171891322,-0.1599141240818193,0.047963059241029365,0.20787718332284866,0.010377741285008674,0.009160993769768689
RZDT2_VC,GPR-KG,vepm,2,1002,axis,1.0,0.004417494632216135,37 0 0 0 0,37,0.37,mid_t1,tn,0,0,0.008214565271144253,0.20377601511255491,0.008214565271144253,0.19556144984141066,0.37,0.5953325540092056,0.2253325540092056,0.01086334159208918,0.020778709904896248,0.8631,0.9188397020702828,0.05573970207028278,0.01086334159208918,0.012731852171891322,-0.16322417811575568,0.04634200758302992,0.2095661856987856,0.01086334159208918,0.009160993769768689
RZDT2_VC,GPR-KG,vepm,2,1002,axis,1.0,0.004417494632216135,38 0 0 0 0,38,0.38,mid_t1,tn,0,0,0.008747623529056947,0.20225943864696924,0.008747623529056947,0.1935118151179123,0.38,0.6055231252437304,0.22552312524373042,0.011331268541361518,0.020778709904896248,0.8556,0.9182780748819545,0.06267807488195443,0.011331268541361518,0.012731852171891322,-0.16634446489494334,0.04482543111744425,0.2111698960123876,0.011331268541361518,0.009160993769768689
RZDT2_VC,GPR-KG,vepm,2,1002,axis,1.0,0.004417494632216135,39 0 0 0 0,39,0.39,mid_t1,tn,0,0,0.00924615891330946,0.20084733737379745,0.00924615891330946,0.191601178460488,0.39,0.6156875827106038,0.22568758271060374,0.01177781934266268,0.020778709904896248,0.8479,0.91763337519602,0.06973337519601996,0.01177781934266268,0.012731852171891322,-0.16926267007298845,0.04341332984427246,0.2126759999172609,0.01177781934266268,0.009160993769768689
RZDT2_VC,GPR-KG,vepm,2,1002,axis,1.0,0.004417494632216135,40 0 0 0 0,40,0.4,mid_t1,tn,0,0,0.009708203932499382,0.19953971129303943,0.009708203932499382,0.18983150736054005,0.4,0.6258259264098258,0.2258259264098258,0.012199390203593317,0.020778709904896248,0.84,0.9169056030124795,0.0769056030124795,0.012199390203593317,0.012731852171891322,-0.1719672768272542,0.04210570376351444,0.21407298059076865,0.012199390203593317,0.009160993769768689
RZDT2_VC,GPR-KG,vepm,2,1002,axis,1.0,0.004417494632216135,41 0 0 0 0,41,0.41,mid_t1,tn,0,0,0.01013193510602417,0.19833656040469533,0.01013193510602417,0.18820462529867116,0.41,0.6359381563413964,0.2259381563413964,0.012592519592970444,0.020778709904896248,0.8319000000000001,0.9160947583313327,0.08419475833133261,0.012592519592970444,0.012731852171891322,-0.17444761131049896,0.040902552875170334,0.2153501641856693,0.012592519592970444,0.009160993769768689
RZDT2_VC,GPR-KG,vepm,2,1002,axis,1.0,0.004417494632216135,42 0 0 0 0,42,0.42,mid_t1,tn,0,0,0.01051568016052637,0.19723788470876497,0.01051568016052637,0.1867222045482386,0.42,0.6460242725053158,0.22602427250531582,0.012953930254030792,0.020778709904896248,0.8236,0.9152008411525799,0.09160084115257994,0.012953930254030792,0.012731852171891322,-0.1766938847756743,0.03980387717923997,0.21649776195491427,0.012953930254030792,0.009160993769768689
RZDT2_VC,GPR-KG,vepm,2,1002,axis,1.0,0.004417494632216135,43 0 0 0 0,43,0.43,mid_t1,tn,0,0,0.01085792462959223,0.19624368420524846,0.01085792462959223,0.18538575957565623,0.43,0.6560842749015836,0.22608427490158362,0.01328056935444799,0.020778709904896248,0.8151,0.914223851476221,0.09912385147622094,0.01328056935444799,0.012731852171891322,-0.1786972322076379,0.038809676675723465,0.21750690888336136,0.01328056935444799,0.009160993769768689
RZDT2_VC,GPR-KG,vepm,2,1002,axis,1.0,0.004417494632216135,44 0 0 0 0,44,0.44,mid_t1,tn,0,0,0.011157317830659014,0.19535395889414578,0.011157317830659014,0.18419664106348677,0.44,0.6661181635302003,0.22611816353020026,0.013569646185494524,0.020778709904896248,0.8064,0.913163789302256,0.10676378930225594,0.013569646185494524,0.012731852171891322,-0.18044974730931826,0.037919951364620785,0.21836969867393904,0.013569646185494524,0.009160993769768689
RZDT2_VC,GPR-KG,vepm,2,1002,axis,1.0,0.004417494632216135,45 0 0 0 0,45,0.45,mid_t1,tn,0,0,0.011412678195541842,0.19456870877545693,0.011412678195541842,0.18315603057991509,0.45,0.6761259383911654,0.2261259383911654,0.01381866685703476,0.020778709904896248,0.7975,0.9120206546306848,0.11452065463068484,0.01381866685703476,0.012731852171891322,-0.18194451370425696,0.037134701245931934,0.2190792149501889,0.01381866685703476,0.009160993769768689
RZDT2_VC,GPR-KG,vepm,2,1002,axis,1.0,0.004417494632216135,46 0 0 0 0,46,0.46,mid_t1,tn,0,0,0.011622997933543572,0.19388793384918188,0.011622997933543572,0.1822649359156383,0.46,0.6861075994844793,0.22610759948447928,0.014025465477955251,0.020778709904896248,0.7884,0.9107944474615075,0.12239444746150752,0.014025465477955251,0.012731852171891322,-0.18317563223238706,0.03645392631965688,0.21962955855204394,0.014025465477955251,0.009160993769768689
RZDT2_VC,GPR-KG,vepm,2,1002,axis,1.0,0.004417494632216135,47 0 0 0 0,47,0.47,mid_t1,tn,0,0,0.011787447008744262,0.19331163411532062,0.011787447008744262,0.18152418710657636,0.47,0.6960631468101418,0.22606314681014184,0.014188231362461133,0.020778709904896248,0.7791,0.9094851677947241,0.1303851677947241,0.014188231362461133,0.012731852171891322,-0.18413824423132247,0.03587762658579563,0.2200158708171181,0.014188231362461133,0.009160993769768689
RZDT2_VC,GPR-KG,vepm,2,1002,axis,1.0,0.004417494632216135,48 0 0 0 0,48,0.48,mid_t1,tn,0,0,0.011905376415773744,0.19283980957387323,0.011905376415773744,0.18093443315809948,0.48,0.7059925803681528,0.22599258036815284,0.014305531860612137,0.020778709904896248,0.7696000000000001,0.9080928156303346,0.13849281563033455,0.014305531860612137,0.012731852171891322,-0.1848285507112791,0.035405802044348234,0.22023435275562733,0.014305531860612137,0.009160993769768689
RZDT2_VC,GPR-KG,vepm,2,1002,axis,1.0,0.004417494632216135,49 0 0 0 0,49,0.49,mid_t1,tn,0,0,0.011976320741139274,0.1924724602248397,0.011976320741139274,0.1804961394837004,0.49,0.7158959001585126,0.22589590015851257,0.014376330475641002,0.020778709904896248,0.7599,0.906617390968339,0.14671739096833902,0.014376330475641002,0.012731852171891322,-0.18524382734795153,0.03503845269531469,0.22028228004326622,0.014376330475641002,0.009160993769768689
RZDT2_VC,GPR-KG,vepm,2,1002,axis,1.0,0.004417494632216135,50 0 0 0 0,50,0.5,mid_t1,tn,0,0,0.01200000000000001,0.19220958606821995,0.01200000000000001,0.18020958606821993,0.5,0.7257731061812209,0.22577310618122093,0.0144,0.020778709904896248,0.75,0.9050588938087372,0.15505889380873716,0.0144,0.012731852171891322,-0.18538243523417663,0.03477557853869495,0.22015801377287159,0.0144,0.009160993769768689
RZDT2_VC,GPR-KG,vepm,2,1002,axis,1.0,0.004417494632216135,51 0 0 0 0,51,0.51,mid_t1,tn,0,0,0.011976320741139274,0.29596032142371326,0.011976320741139274,0.283984000682574,0.51,0.7356241984362779,0.2256241984362779,0.014376330475641002,0.02262660697264212,0.7399,0.9034173241515293,0.1635173241515293,0.014376330475641002,0.023075839577949838,-0.18524382734795153,0.034617179574489065,0.2198610069224406,0.014376330475641002,0.0252445539871987
RZDT2_VC,GPR-KG,vepm,2,1002,axis,1.0,0.004417494632216135,52 0 0 0 0,52,0.52,mid_t1,tn,0,0,0.011905376415773744,0.29590639765192117,0.011905376415773744,0.28400102123614746,0.52,0.7454491769236836,0.2254491769236836,0.014305531860612137,0.02262660697264212,0.7296,0.9016926819967153,0.17209268199671524,0.014305531860612137,0.023075839577949838,-0.1848285507112791,0.03456325580269698,0.21939180651397608,0.014305531860612137,0.0252445539871987
RZDT2_VC,GPR-KG,vepm,2,1002,axis,1.0,0.004417494632216135,53 0 0 0 0,53,0.53,mid_t1,tn,0,0,0.011787447008744262,0.29595694907254294,0.011787447008744262,0.28416950206379865,0.53,0.755248041643438,0.22524804164343792,0.014188231362461133,0.02262660697264212,0.7191,0.8998849673442951,0.18078496734429517,0.014188231362461133,0.023075839577949838,-0.18413824423132247,0.03461380722331875,0.21875205145464122,0.014188231362461133,0.0252445539871987
RZDT2_VC,GPR-KG,vepm,2,1002,axis,1.0,0.004417494632216135,54 0 0 0 0,54,0.54,mid_t1,tn,0,0,0.011622997933543572,0.29611197568557845,0.011622997933543572,0.28448897775203486,0.54,0.7650207925955408,0.22502079259554075,0.014025465477955242,0.02262660697264212,0.7083999999999999,0.8979941801942689,0.189594180194269,0.014025465477955242,0.023075839577949838,-0.183175632232387,0.03476883383635426,0.21794446606874127,0.014025465477955242,0.0252445539871987
RZDT2_VC,GPR-KG,vepm,2,1002,axis,1.0,0.004417494632216135,55 0 0 0 0,55,0.55,mid_t1,tn,0,0,0.011412678195541842,0.2963714774910278,0.011412678195541842,0.28495879929548595,0.55,0.7747674297799924,0.2247674297799923,0.013818666857034756,0.02262660697264212,0.6975,0.8960203205466366,0.1985203205466366,0.013818666857034756,0.023075839577949838,-0.18194451370425696,0.03502833564180363,0.2169728493460606,0.013818666857034756,0.0252445539871987
RZDT2_VC,GPR-KG,vepm,2,1002,axis,1.0,0.004417494632216135,56 0 0 0 0,56,0.56,mid_t1,tn,0,0,0.011157317830659014,0.29673545448889105,0.011157317830659014,0.28557813665823206,0.56,0.7844879531967925,0.2244879531967925,0.013569646185494524,0.02262660697264212,0.6863999999999999,0.8939633884013981,0.2075633884013982,0.013569646185494524,0.023075839577949838,-0.18044974730931826,0.035392312639666856,0.21584205994898512,0.013569646185494524,0.0252445539871987
RZDT2_VC,GPR-KG,vepm,2,1002,axis,1.0,0.004417494632216135,57 0 0 0 0,57,0.57,mid_t1,tn,0,0,0.01085792462959223,0.29720390667916813,0.01085792462959223,0.2863459820495759,0.57,0.7941823628459415,0.2241823628459415,0.013280569354448001,0.02262660697264212,0.6751,0.8918233837585534,0.21672338375855338,0.013280569354448001,0.023075839577949838,-0.17869723220763795,0.035860764829943936,0.21455799703758188,0.013280569354448001,0.0252445539871987
RZDT2_VC,GPR-KG,vepm,2,1002,axis,1.0,0.004417494632216135,58 0 0 0 0,58,0.58,mid_t1,tn,0,0,0.01051568016052637,0.29777683406185895,0.01051568016052637,0.28726115390133256,0.58,0.8038506587274389,0.22385065872743892,0.012953930254030797,0.02262660697264212,0.6636,0.8896003066181027,0.22600030661810278,0.012953930254030797,0.023075839577949838,-0.17669388477567435,0.03643369221263476,0.21312757698830911,0.012953930254030797,0.0252445539871987
RZDT2_VC,GPR-KG,vepm,2,1002,axis,1.0,0.004417494632216135,59 0 0 0 0,59,0.59,mid_t1,tn,0,0,0.01013193510602417,0.29845423663696363,0.01013193510602417,0.28832230153093946,0.59,0.8134928408412849,0.22349284084128496,0.012592519592970447,0.02262660697264212,0.6519,0.8872941569800459,0.23539415698004584,0.012592519592970447,0.023075839577949838,-0.174447611310499,0.03711109478773944,0.21155870609823843,0.012592519592970447,0.0252445539871987
RZDT2_VC,GPR-KG,vepm,2,1002,axis,1.0,0.004417494632216135,60 0 0 0 0,60,0.6,mid_t1,tn,0,0,0.009708203932499382,0.29923611440448217,0.009708203932499382,0.2895279104719828,0.6,0.8231089091874797,0.22310890918747972,0.012199390203593318,0.02262660697264212,0.64,0.8849049348443829,0.24490493484438292,0.012199390203593318,0.023075839577949838,-0.17196727682725424,0.037892972555257975,0.20986024938251222,0.012199390203593318,0.0252445539871987
RZDT2_VC,GPR-KG,vepm,2,1002,axis,1.0,0.004417494632216135,61 0 0 0 0,61,0.61,mid_t1,tn,0,0,0.00924615891330946,0.3001224673644145,0.00924615891330946,0.290876308451105,0.61,0.8326988637660231,0.2226988637660231,0.01177781934266268,0.02262660697264212,0.6279,0.8824326402111139,0.2545326402111139,0.01177781934266268,0.023075839577949838,-0.16926267007298845,0.03877932551519031,0.20804199558817876,0.01177781934266268,0.0252445539871987
RZDT2_VC,GPR-KG,vepm,2,1002,axis,1.0,0.004417494632216135,62 0 0 0 0,62,0.62,mid_t1,tn,0,0,0.008747623529056947,0.3011132955167607,0.008747623529056947,0.29236567198770375,0.62,0.8422627045769151,0.2222627045769151,0.011331268541361527,0.02262660697264212,0.6155999999999999,0.8798772730802387,0.26427727308023874,0.011331268541361527,0.023075839577949838,-0.1663444648949434,0.0397701536675365,0.2061146185624799,0.011331268541361527,0.0252445539871987
RZDT2_VC,GPR-KG,vepm,2,1002,axis,1.0,0.004417494632216135,63 0 0 0 0,63,0.63,mid_t1,tn,0,0,0.00821456527114428,0.3022085988615206,0.00821456527114428,0.29399403359037635,0.63,0.8518004316201556,0.2218004316201556,0.010863341592089185,0.02262660697264212,0.6031,0.8772388334517572,0.27413883345175727,0.010863341592089185,0.023075839577949838,-0.16322417811575568,0.040865457012296436,0.20408963512805212,0.010863341592089185,0.0252445539871987
RZDT2_VC,GPR-KG,vepm,2,1002,axis,1.0,0.004417494632216135,64 0 0 0 0,64,0.64,mid_t1,tn,0,0,0.007649087876984262,0.3034083773986945,0.007649087876984262,0.2957592895217102,0.64,0.861312044895745,0.22131204489574496,0.01037774128500867,0.02262660697264212,0.5904,0.8745173213256698,0.2841173213256698,0.01037774128500867,0.023075839577949838,-0.1599141240818193,0.04206523554947028,0.20197935963128957,0.01037774128500867,0.0252445539871987
RZDT2_VC,GPR-KG,vepm,2,1002,axis,1.0,0.004417494632216135,65 0 0 0 0,65,0.65,mid_t1,tn,0,0,0.007053423027509692,0.3047126311282821,0.007053423027509692,0.2976592081007724,0.65,0.8707975444036828,0.22079754440368282,0.009878225523078628,0.02262660697264212,0.5774999999999999,0.8717127367019764,0.29421273670197645,0.009878225523078628,0.023075839577949838,-0.1564273660641864,0.04336948927905793,0.19979685534324432,0.009878225523078628,0.0252445539871987
RZDT2_VC,GPR-KG,vepm,2,1002,axis,1.0,0.004417494632216135,66 0 0 0 0,66,0.66,mid_t1,tn,0,0,0.006429921539747946,0.30612136005028356,0.006429921539747946,0.2996914385105356,0.66,0.8802569301439693,0.2202569301439693,0.009368563450396631,0.02262660697264212,0.5644,0.8688250795806767,0.30442507958067666,0.009368563450396631,0.023075839577949838,-0.15277766470380436,0.04477821820105937,0.19755588290486373,0.009368563450396631,0.0252445539871987
RZDT2_VC,GPR-KG,vepm,2,1002,axis,1.0,0.004417494632216135,67 0 0 0 0,67,0.67,high_t1,tn,0,0,0.005781044089220588,0.3076345641646988,0.005781044089220588,0.3018535200754782,0.67,0.8896902021166045,0.2196902021166045,0.00885249222498826,0.02262660697264212,0.5510999999999999,0.8658543499617708,0.3147543499617709,0.00885249222498826,0.023075839577949838,-0.14897942370455264,0.04629142231547462,0.19527084602002726,0.00885249222498826,0.0252445539871987
RZDT2_VC,GPR-KG,vepm,2,1002,axis,1.0,0.004417494632216135,68 0 0 0 0,68,0.68,high_t1,tn,0,0,0.005109351498780862,0.30925224347152797,0.005109351498780862,0.30414289197274713,0.68,0.8990973603215884,0.21909736032158833,0.008333675053769642,0.02262660697264212,0.5375999999999999,0.8628005478452588,0.325200547845259,0.008333675053769642,0.023075839577949838,-0.14504763298840406,0.047909101622303774,0.19295673461070784,0.008333675053769642,0.0252445539871987
RZDT2_VC,GPR-KG,vepm,2,1002,axis,1.0,0.004417494632216135,69 0 0 0 0,69,0.69,high_t1,tn,0,0,0.004417494632216135,0.3109743979707709,0.004417494632216135,0.3065569033385548,0.69,0.9084784047589208,0.21847840475892089,0.007815661084515988,0.02262660697264212,0.5239,0.8596636732311408,0.33576367323114076,0.007815661084515988,0.023075839577949838,-0.14099780953705102,0.04963125612154673,0.19062906565859775,0.007815661084515988,0.0252445539871987
RZDT2_VC,GPR-KG,vepm,2,1002,axis,1.0,0.004417494632216135,70 0 0 0 0,70,0.7,high_t1,tn,0,0,0.0037082039324993765,0.31280102766242773,0.0037082039324993765,0.30909282372992836,0.7,0.9178333354286019,0.21783333542860195,0.007301847717655946,0.02262660697264212,0.51,0.8564437261194167,0.34644372611941665,0.007301847717655946,0.023075839577949838,-0.1368459361534674,0.05145788581320354,0.18830382196667095,0.007301847717655946,0.0252445539871987
RZDT2_VC,GPR-KG,vepm,2,1002,axis,1.0,0.004417494632216135,71 0 0 0 0,71,0.71,high_t1,tn,0,0,0.00298427864597825,0.15625938125494426,0.00298427864597825,0.153275102608966,0.71,0.9271621523306316,0.21716215233063163,0.006795445860099158,0.004483350229617076,0.4959,0.8531407065100864,0.35724070651008644,0.006795445860099158,0.0031221852710164658,-0.13260839838508803,0.0533889906972741,0.18599738908236213,0.006795445860099158,0.003911346253732874
RZDT2_VC,GPR-KG,vepm,2,1002,axis,1.0,0.004417494632216135,72 0 0 0 0,72,0.72,high_t1,tn,0,0,0.0022485757750286828,0.15829496133142867,0.0022485757750286828,0.1560463855564,0.72,0.93646485546501,0.21646485546501004,0.006299448594739758,0.004483350229617076,0.48160000000000003,0.84975461440315,0.36815461440315,0.006299448594739758,0.0031221852710164658,-0.12830191985753756,0.05542457077375851,0.18372649063129606,0.006299448594739758,0.003911346253732874
RZDT2_VC,GPR-KG,vepm,2,1002,axis,1.0,0.004417494632216135,73 0 0 0 0,73,0.73,high_t1,tn,0,0,0.001503998802771661,0.16043501660032694,0.001503998802771661,0.15893101779755528,0.73,0.9457414448317369,0.21574144483173696,0.005816603683539342,0.004483350229617076,0.46710000000000007,0.8462854497986075,0.37918544979860747,0.005816603683539342,0.0031221852710164658,-0.12394349627412149,0.057564626042656775,0.18150812231677826,0.005816603683539342,0.003911346253732874
RZDT2_VC,GPR-KG,vepm,2,1002,axis,1.0,0.004417494632216135,74 0 0 0 0,74,0.74,high_t1,tn,0,0,0.0007534862343517579,0.16267954706163895,0.0007534862343517579,0.1619260608272872,0.74,0.9549919204308126,0.2149919204308126,0.005349390260062094,0.004483350229617076,0.4524,0.8427332126964588,0.3903332126964588,0.005349390260062094,0.0031221852710164658,-0.11955032834154919,0.059809156503968786,0.17935948484551797,0.005349390260062094,0.003911346253732874
RZDT2_VC,GPR-KG,vepm,2,1002,axis,1.0,0.004417494632216135,75 0 0 0 0,75,0.75,high_t1,fn,1,0,0.0,0.16502855271536482,0.0,0.16502855271536482,0.75,0.9642162822622369,0.21421628226223688,0.004900000000000001,0.004483350229617076,0.4375,0.839097903096704,0.40159790309670396,0.004900000000000001,0.0031221852710164658,-0.11513975388660307,0.06215816215769465,0.17729791604429773,0.004900000000000001,0.003911346253732874
RZDT2_VC,GPR-KG,vepm,2,1002,axis,1.0,0.004417494632216135,76 0 0 0 0,76,0.76,high_t1,fn,1,0,-0.0007534862343517579,0.16748203356150454,0.0007534862343517579,0.1682355197958563,0.76,0.9734145303260098,0.21341453032600977,0.004470322986651712,0.004483350229617076,0.4224,0.8353795209993431,0.4129795209993431,0.004470322986651712,0.0031221852710164658,-0.11072917943165694,0.06461164300383437,0.17534082243549132,0.004470322986651712,0.003911346253732874
RZDT2_VC,GPR-KG,vepm,2,1002,axis,1.0,0.004417494632216135,77 0 0 0 0,77,0.77,high_t1,fn,1,0,-0.0015039988027716472,0.17003998960005812,0.0015039988027716472,0.17154398840282975,0.77,0.9825866646221313,0.21258666462213127,0.004061938413639081,0.004483350229617076,0.4071,0.8315780664043761,0.42447806640437613,0.004061938413639081,0.0031221852710164658,-0.1063360114990846,0.06716959904238795,0.17350561054147257,0.004061938413639081,0.003911346253732874
RZDT2_VC,GPR-KG,vepm,2,1002,axis,1.0,0.004417494632216135,78 0 0 0 0,78,0.78,high_t1,fn,1,0,-0.0022485757750286967,0.1727024208310255,0.0022485757750286967,0.17495099660605418,0.78,0.9917326851506014,0.2117326851506014,0.003676110190539616,0.004483350229617076,0.39159999999999995,0.8276935393118031,0.43609353931180317,0.003676110190539616,0.0031221852710164658,-0.10197758791566859,0.06983203027335533,0.1718096181890239,0.003676110190539616,0.003911346253732874
RZDT2_VC,GPR-KG,vepm,2,1002,axis,1.0,0.004417494632216135,79 0 0 0 0,79,0.79,high_t1,fn,1,0,-0.002984278645978264,0.17546932725440667,0.002984278645978264,0.17845360590038495,0.79,1.0008525919114202,0.21085259191142014,0.0033137874397911856,0.004483350229617076,0.3758999999999999,0.8237259397216238,0.4478259397216239,0.0033137874397911856,0.0031221852710164658,-0.09767110938811811,0.0725989366967365,0.17027004608485463,0.0033137874397911856,0.003911346253732874
RZDT2_VC,GPR-KG,vepm,2,1002,axis,1.0,0.004417494632216135,80 0 0 0 0,80,0.8,high_t1,fn,1,0,-0.0037082039324993626,0.1783407088702017,0.0037082039324993626,0.18204891280270108,0.8,1.0099463849045878,0.20994638490458772,0.0029756097964066855,0.004483350229617076,0.3599999999999999,0.8196752676338385,0.4596752676338386,0.0029756097964066855,0.0031221852710164658,-0.0934335716197387,0.07547031831253154,0.16890388993227023,0.0029756097964066855,0.003911346253732874
RZDT2_VC,GPR-KG,vepm,2,1002,axis,1.0,0.004417494632216135,81 0 0 0 0,81,0.81,high_t1,fn,1,0,-0.004417494632216135,0.18131656567841048,0.004417494632216135,0.18573406031062661,0.81,1.0190140641301038,0.2090140641301037,0.0026619173469304876,0.004483350229617076,0.3438999999999999,0.8155415230484468,0.471641523048447,0.0026619173469304876,0.0031221852710164658,-0.08928169823615512,0.07844617512074031,0.16772787335689543,0.0026619173469304876,0.003911346253732874
RZDT2_VC,GPR-KG,vepm,2,1002,axis,1.0,0.004417494632216135,82 0 0 0 0,82,0.82,high_t1,fn,1,0,-0.005109351498780862,0.18439689767903322,0.005109351498780862,0.18950624917781408,0.82,1.0280556295879684,0.20805562958796842,0.0023727649718586334,0.004483350229617076,0.3276000000000001,0.8113247059654494,0.48372470596544925,0.0023727649718586334,0.0031221852710164658,-0.08523187478480208,0.08152650712136306,0.16675838190616515,0.0023727649718586334,0.003911346253732874
RZDT2_VC,GPR-KG,vepm,2,1002,axis,1.0,0.004417494632216135,83 0 0 0 0,83,0.83,high_t1,fn,1,0,-0.0057810440892205744,0.1875817048720697,0.0057810440892205744,0.1933627489612903,0.83,1.0370710812781818,0.20707108127818186,0.002107940787564248,0.004483350229617076,0.31110000000000004,0.8070248163848456,0.49592481638484553,0.002107940787564248,0.0031221852710164658,-0.08130008406865345,0.08471131431439954,0.166011398383053,0.002107940787564248,0.003911346253732874
RZDT2_VC,GPR-KG,vepm,2,1002,axis,1.0,0.004417494632216135,84 0 0 0 0,84,0.84,high_t1,fn,1,0,-0.006429921539747946,0.19087098725751994,0.006429921539747946,0.1973009087972679,0.84,1.0460604192007439,0.20606041920074392,0.0018669883206906854,0.004483350229617076,0.2944000000000001,0.8026418543066358,0.5082418543066357,0.0018669883206906854,0.0031221852710164658,-0.07750184306940178,0.08800059669984978,0.16550243976925155,0.0018669883206906854,0.003911346253732874
RZDT2_VC,GPR-KG,vepm,2,1002,axis,1.0,0.004417494632216135,85 0 0 0 0,85,0.85,high_t1,fn,1,0,-0.007053423027509678,0.19426474483538414,0.007053423027509678,0.2013181678628938,0.85,1.0550236433556544,0.20502364335565437,0.0016492319909840044,0.004483350229617076,0.2775000000000001,0.7981758197308199,0.5206758197308198,0.0016492319909840044,0.0031221852710164658,-0.07385214170901971,0.09139435427771397,0.1652464959867337,0.0016492319909840044,0.003911346253732874
RZDT2_VC,GPR-KG,vepm,2,1002,axis,1.0,0.004417494632216135,86 0 0 0 0,86,0.86,high_t1,fn,1,0,-0.007649087876984276,0.19776297760566208,0.007649087876984276,0.20541206548264634,0.86,1.0639607537429137,0.20396075374291367,0.001453805428527018,0.004483350229617076,0.2604000000000001,0.7936267126573977,0.5332267126573976,0.001453805428527018,0.0031221852710164658,-0.07036538369138685,0.09489258704799192,0.16525797073937876,0.001453805428527018,0.003911346253732874
RZDT2_VC,GPR-KG,vepm,2,1002,axis,1.0,0.004417494632216135,87 0 0 0 0,87,0.87,high_t1,fn,1,0,-0.00821456527114426,0.20136568556835394,0.00821456527114426,0.2095802508394982,0.87,1.0728717503625216,0.20287175036252159,0.0012796821090875375,0.004483350229617076,0.24309999999999998,0.7889945330863696,0.5458945330863696,0.0012796821090875375,0.0031221852710164658,-0.06705532965745045,0.09849529501068377,0.16555062466813422,0.0012796821090875375,0.003911346253732874
RZDT2_VC,GPR-KG,vepm,2,1002,axis,1.0,0.004417494632216135,88 0 0 0 0,88,0.88,high_t1,fn,1,0,-0.00874762352905694,0.20507286872345948,0.00874762352905694,0.21382049225251643,0.88,1.0817566332144781,0.20175663321447812,0.0011257077574617622,0.004483350229617076,0.22560000000000002,0.7842792810177353,0.5586792810177352,0.0011257077574617622,0.0031221852710164658,-0.06393504287826277,0.10220247816578931,0.16613752104405208,0.0011257077574617622,0.003911346253732874
RZDT2_VC,GPR-KG,vepm,2,1002,axis,1.0,0.004417494632216135,89 0 0 0 0,89,0.89,high_t1,fn,1,0,-0.009246158913309474,0.208884527070979,0.009246158913309474,0.21813068598428847,0.89,1.090615402298783,0.20061540229878305,0.0009906339438016307,0.004483350229617076,0.20789999999999997,0.7794809564514948,0.5715809564514949,0.0009906339438016307,0.0031221852710164658,-0.06101683770021766,0.10601413651330882,0.16703097421352647,0.0009906339438016307,0.003911346253732874
RZDT2_VC,GPR-KG,vepm,2,1002,axis,1.0,0.004417494632216135,90 0 0 0 0,90,0.9,high_t1,fn,1,0,-0.009708203932499368,0.21280066061091224,0.009708203932499368,0.22250886454341162,0.9,1.099448057615437,0.19944805761543705,0.0008731522823440527,0.004483350229617076,0.18999999999999995,0.7745995593876481,0.5845995593876482,0.0008731522823440527,0.0031221852710164658,-0.05831223094595188,0.10993027005324207,0.16824250099919397,0.0008731522823440527,0.003911346253732874
RZDT2_VC,GPR-KG,vepm,2,1002,axis,1.0,0.004417494632216135,91 0 0 0 0,91,0.91,high_t1,fn,1,0,-0.010131935106024184,0.21682126934325935,0.010131935106024184,0.22695320444928352,0.91,1.1082545991644392,0.19825459916443922,0.0007719286359422346,0.004483350229617076,0.17189999999999994,0.7696350898261954,0.5977350898261955,0.0007719286359422346,0.0031221852710164658,-0.05583189646270712,0.11395087878558918,0.1697827752482963,0.0007719286359422346,0.003911346253732874
RZDT2_VC,GPR-KG,vepm,2,1002,axis,1.0,0.004417494632216135,92 0 0 0 0,92,0.92,high_t1,fn,1,0,-0.010515680160526363,0.2209463532680202,0.010515680160526363,0.23146203342854657,0.92,1.1170350269457905,0.19703502694579045,0.0006856367334167007,0.004483350229617076,0.15359999999999996,0.7645875477671367,0.6109875477671367,0.0006856367334167007,0.0031221852710164658,-0.05358562299753181,0.11807596271035004,0.17166158570788184,0.0006856367334167007,0.003911346253732874
RZDT2_VC,GPR-KG,vepm,2,1002,axis,1.0,0.004417494632216135,93 0 0 0 0,93,0.93,high_t1,fn,1,0,-0.010857924629592237,0.2251759123851949,0.010857924629592237,0.23603383701478714,0.93,1.1257893409594901,0.19578934095949008,0.000612990619923725,0.004483350229617076,0.1350999999999999,0.7594569332104718,0.6243569332104719,0.000612990619923725,0.0031221852710164658,-0.051582275565568166,0.12230552182752474,0.1738877973930929,0.000612990619923725,0.003911346253732874
RZDT2_VC,GPR-KG,vepm,2,1002,axis,1.0,0.004417494632216135,94 0 0 0 0,94,0.94,high_t1,fn,1,0,-0.011157317830659014,0.22950994669478347,0.011157317830659014,0.2406672645254425,0.94,1.1345175412055386,0.19451754120553866,0.0005527753830590053,0.004483350229617076,0.11640000000000006,0.7542432461562008,0.6378432461562007,0.0005527753830590053,0.0031221852710164658,-0.04982976046388786,0.1266395561371133,0.17646931660100118,0.0005527753830590053,0.003911346253732874
RZDT2_VC,GPR-KG,vepm,2,1002,axis,1.0,0.004417494632216135,95 0 0 0 0,95,0.95,high_t1,fn,1,0,-0.011412678195541842,0.2339484561967859,0.011412678195541842,0.24536113439232773,0.95,1.1432196276839355,0.19321962768393552,0.0005038756289026096,0.004483350229617076,0.09750000000000003,0.7489464866043235,0.6514464866043235,0.0005038756289026096,0.0031221852710164658,-0.048334994068949144,0.13107806563911573,0.17941305970806487,0.0005038756289026096,0.003911346253732874
RZDT2_VC,GPR-KG,vepm,2,1002,axis,1.0,0.004417494632216135,96 0 0 0 0,96,0.96,high_t1,fn,1,0,-0.011622997933543572,0.23849144089120206,0.011622997933543572,0.2501144388247456,0.96,1.151895600394681,0.191895600394681,0.0004653012221544119,0.004483350229617076,0.07840000000000003,0.7435666545548403,0.6651666545548403,0.0004653012221544119,0.0031221852710164658,-0.04710387554081908,0.1356210503335319,0.18272492587435096,0.0004653012221544119,0.003911346253732874
RZDT2_VC,GPR-KG,vepm,2,1002,axis,1.0,0.004417494632216135,97 0 0 0 0,97,0.97,high_t1,fn,1,0,-0.011787447008744269,0.24313890077803219,0.011787447008744269,0.2549263477867765,0.97,1.1605454593377753,0.19054545933777534,0.0004362098522594935,0.004483350229617076,0.05910000000000004,0.738103750007751,0.6790037500077509,0.0004362098522594935,0.0031221852710164658,-0.04614126354188364,0.14026851022036202,0.18640977376224566,0.0004362098522594935,0.003911346253732874
RZDT2_VC,GPR-KG,vepm,2,1002,axis,1.0,0.004417494632216135,98 0 0 0 0,98,0.98,high_t1,fn,1,0,-0.01190537641577373,0.24789083585727606,0.01190537641577373,0.2597962122730498,0.98,1.1691692045132183,0.18916920451321828,0.00041592604220944417,0.004483350229617076,0.03960000000000008,0.7325577729630555,0.6929577729630554,0.00041592604220944417,0.0031221852710164658,-0.04545095706192702,0.1450204452996059,0.19047140236153293,0.00041592604220944417,0.003911346253732874
RZDT2_VC,GPR-KG,vepm,2,1002,axis,1.0,0.004417494632216135,99 0 0 0 0,99,0.99,high_t1,fn,1,0,-0.01197632074113926,0.2527472461289337,0.01197632074113926,0.2647235668700729,0.99,1.1777668359210096,0.18776683592100962,0.0004039562776451963,0.004483350229617076,0.01990000000000003,0.7269287234207538,0.7070287234207537,0.0004039562776451963,0.0031221852710164658,-0.04503568042525459,0.1498768555712635,0.1949125359965181,0.0004039562776451963,0.003911346253732874
RZDT2_VC,GPR-KG,vepm,2,1002,axis,1.0,0.004417494632216135,100 0 0 0 0,100,1.0,high_t1,fn,1,0,-0.011999999999999997,0.25770813159300526,0.011999999999999997,0.2697081315930053,1.0,1.1863383535611498,0.1863383535611498,0.0004,0.004483350229617076,0.0,0.721216601380846,0.721216601380846,0.0004,0.0031221852710164658,-0.04489707253902944,0.1548377410353351,0.19973481357436454,0.0004,0.003911346253732874
