window_start_minute,snapshot,decision_relative_minute,decision_absolute_minute,profile_id,family,target_fraction,nomination_unit_1_MW,nomination_unit_2_MW,status,probe_id,witness_id,reused_identical_nomination
0,current,1380,1380,profile_0000,constant,0.05,56.02163343726688,41.97836656273312,energy_or_commitment_infeasible,w0_current_a1,,False
0,current,1380,1380,profile_0001,constant,0.15,58.25641387859972,39.74358612140026,energy_or_commitment_infeasible,w0_current_a2,,False
0,current,1380,1380,profile_0002,constant,0.25,49.32688,27.92145422222227,energy_or_commitment_infeasible,w0_current_a3,,False
0,current,1380,1380,profile_0003,constant,0.35,31.29488000000001,9.889454222222273,energy_or_commitment_infeasible,w0_current_a4,,False
0,current,1380,1380,profile_0004,constant,0.45,13.262880000000003,-9.62021003990753,energy_or_commitment_infeasible,w0_current_a5,,False
0,current,1380,1380,profile_0005,constant,0.55,-5.634593572778836,-30.924557865994494,energy_or_commitment_infeasible,w0_current_a6,,False
0,current,1380,1380,profile_0006,constant,0.65,-26.938941398865786,-52.22890569208145,energy_or_commitment_infeasible,w0_current_a7,,False
0,current,1380,1380,profile_0007,constant,0.75,-38.823916639006676,-59.176083360993324,energy_or_commitment_infeasible,w0_current_a8,,False
0,current,1380,1380,profile_0008,constant,0.85,-41.4615600374794,-56.5384399625206,energy_or_commitment_infeasible,w0_current_a9,,False
0,current,1380,1380,profile_0009,constant,0.95,-47.14535843375604,-50.854641566243956,energy_or_commitment_infeasible,w0_current_a10,,False
0,current,1380,1380,profile_0010,ramp,0.0586570746212742,56.171524149479836,41.82847585052017,energy_or_commitment_infeasible,w0_current_a11,,False
0,current,1380,1380,profile_0011,ramp,0.9413429253787258,-46.643812601068916,-51.35618739893109,energy_or_commitment_infeasible,w0_current_a12,,False
0,current,1380,1380,profile_0012,ramp,0.2,58.34288,36.937454222222264,energy_or_commitment_infeasible,w0_current_a13,,False
0,current,1380,1380,profile_0013,ramp,0.8,-40.339107232015984,-57.660892767984016,energy_or_commitment_infeasible,w0_current_a14,,False
0,current,1380,1380,profile_0014,ramp,0.35,31.29488000000001,9.889454222222273,energy_or_commitment_infeasible,w0_current_a4,,True
0,current,1380,1380,profile_0015,ramp,0.65,-26.938941398865786,-52.22890569208145,energy_or_commitment_infeasible,w0_current_a7,,True
0,current,1380,1380,profile_0016,low_frequency,0.23,52.93328,31.527854222222263,energy_or_commitment_infeasible,w0_current_a15,,False
0,current,1380,1380,profile_0017,piecewise,0.0886570746212742,56.7444198355941,41.255580164405906,energy_or_commitment_infeasible,w0_current_a16,,False
0,current,1380,1380,profile_0018,high_frequency,0.68,-33.330245746691865,-58.620210039907526,energy_or_commitment_infeasible,w0_current_a17,,False
0,current,1380,1380,profile_0019,low_frequency,0.41,20.475680000000004,-1.0984709094727445,energy_or_commitment_infeasible,w0_current_a18,,False
0,current,1380,1380,profile_0020,piecewise,0.7519424477276453,-38.892611287910654,-59.10738871208935,energy_or_commitment_infeasible,w0_current_a19,,False
0,current,1380,1380,profile_0021,high_frequency,0.7586570746212742,-39.12309263201202,-58.876907367987975,energy_or_commitment_infeasible,w0_current_a20,,False
0,current,1380,1380,profile_0022,low_frequency,0.45,13.262880000000003,-9.62021003990753,energy_or_commitment_infeasible,w0_current_a5,,True
0,current,1380,1380,profile_0023,piecewise,0.3173141492425484,37.188792608583675,15.783366830805939,energy_or_commitment_infeasible,w0_current_a21,,False
0,current,1380,1380,profile_0024,high_frequency,0.25,49.32688,27.92145422222227,energy_or_commitment_infeasible,w0_current_a3,,True
0,current,1380,1380,profile_0025,low_frequency,0.59,-14.156332703213605,-39.44629699642927,energy_or_commitment_infeasible,w0_current_a22,,False
0,current,1380,1380,profile_0026,piecewise,0.1786570746212742,59.18539394198049,38.81460605801951,energy_or_commitment_infeasible,w0_current_a23,,False
0,current,1380,1380,profile_0027,high_frequency,0.5773141492425484,-11.453694933147828,-36.74365922636349,energy_or_commitment_infeasible,w0_current_a24,,False
0,current,1380,1380,profile_0028,low_frequency,0.31,38.50768000000001,17.10225422222227,energy_or_commitment_infeasible,w0_current_a25,,False
0,current,1380,1380,profile_0029,piecewise,0.7619424477276453,-39.23207641413752,-58.76792358586248,energy_or_commitment_infeasible,w0_current_a26,,False
0,current,1380,1380,profile_0030,high_frequency,0.4186570746212742,18.91463630429184,-2.9428041983529036,energy_or_commitment_infeasible,w0_current_a27,,False
0,current,1380,1380,profile_0031,low_frequency,0.44,15.066080000000008,-7.4897752572988265,energy_or_commitment_infeasible,w0_current_a28,,False
0,current,1380,1380,profile_0032,piecewise,0.2373141492425484,51.61439260858368,30.208966830805945,energy_or_commitment_infeasible,w0_current_a29,,False
0,current,1380,1380,profile_0033,high_frequency,0.52,0.6404800000000023,-24.533253518168397,energy_or_commitment_infeasible,w0_current_a30,,False
0,current,1380,1380,profile_0034,low_frequency,0.62,-20.547637051039686,-45.83760134425535,energy_or_commitment_infeasible,w0_current_a31,,False
0,current,1380,1380,profile_0035,piecewise,0.623285373106371,-21.247564365005683,-46.53752865822134,energy_or_commitment_infeasible,w0_current_a32,,False
0,current,1380,1380,profile_0036,high_frequency,0.68,-33.330245746691865,-58.620210039907526,energy_or_commitment_infeasible,w0_current_a17,,True
0,current,1380,1380,profile_0037,low_frequency,0.5813429253787258,-12.311999414333446,-37.6019637075491,energy_or_commitment_infeasible,w0_current_a33,,False
0,current,1380,1380,profile_0038,piecewise,0.3073141492425484,38.99199260858367,17.58656683080594,energy_or_commitment_infeasible,w0_current_a34,,False
0,current,1380,1380,profile_0039,high_frequency,0.51,2.4436799999999965,-22.40281873555971,energy_or_commitment_infeasible,w0_current_a35,,False
0,current,1380,1380,profile_0040,low_frequency,0.19,59.60673983584143,38.39326016415856,energy_or_commitment_infeasible,w0_current_a36,,False
0,current,1380,1380,profile_0041,piecewise,0.4659712238638226,10.38294891287551,-13.022775123939304,energy_or_commitment_infeasible,w0_current_a37,,False
0,current,1380,1380,profile_0042,high_frequency,0.6113429253787258,-18.703303762159543,-43.993268055375204,energy_or_commitment_infeasible,w0_current_a38,,False
0,current,1380,1380,profile_0043,low_frequency,0.4,22.27888,0.8734542222222632,energy_or_commitment_infeasible,w0_current_a39,,False
0,current,1380,1380,profile_0044,piecewise,0.4059712238638226,21.202148912875515,-0.2401664282871252,energy_or_commitment_infeasible,w0_current_a40,,False
0,current,1380,1380,profile_0045,high_frequency,0.4926858507574516,5.565767391416331,-18.71415215779939,energy_or_commitment_infeasible,w0_current_a41,,False
0,current,1380,1380,profile_0046,low_frequency,0.36,29.491680000000002,8.086254222222268,energy_or_commitment_infeasible,w0_current_a42,,False
0,current,1380,1380,profile_0047,piecewise,0.2573141492425484,48.00799260858367,26.602566830805937,energy_or_commitment_infeasible,w0_current_a43,,False
0,current,1380,1380,profile_0048,high_frequency,0.61,-18.417202268430998,-43.70716656164666,energy_or_commitment_infeasible,w0_current_a44,,False
0,current,1380,1380,profile_0049,low_frequency,0.54,-3.5041587901701314,-28.79412308338579,energy_or_commitment_infeasible,w0_current_a45,,False
0,current,1380,1380,profile_0050,piecewise,0.6446282984850968,-25.794535423951622,-51.08449971716728,energy_or_commitment_infeasible,w0_current_a46,,False
0,current,1380,1380,profile_0051,high_frequency,0.5786570746212741,-11.739796426876357,-37.029760720092014,energy_or_commitment_infeasible,w0_current_a47,,False
0,current,1380,1380,profile_0052,low_frequency,0.55,-5.634593572778836,-30.924557865994494,energy_or_commitment_infeasible,w0_current_a6,,True
0,current,1380,1380,profile_0053,piecewise,0.1886570746212742,59.55504492064937,38.44495507935063,energy_or_commitment_infeasible,w0_current_a48,,False
0,current,1380,1380,profile_0054,high_frequency,0.63,-22.678071833648392,-47.96803612686405,energy_or_commitment_infeasible,w0_current_a49,,False
0,current,1380,1380,profile_0055,low_frequency,0.12,57.449632639144,40.55036736085601,energy_or_commitment_infeasible,w0_current_a50,,False
0,current,1380,1380,profile_0056,piecewise,0.25865707462127424,47.76583630429183,26.360410526514094,energy_or_commitment_infeasible,w0_current_a51,,False
0,current,1380,1380,profile_0057,high_frequency,0.48134292537872575,7.611123695708178,-16.297615881462143,energy_or_commitment_infeasible,w0_current_a52,,False
0,current,1380,1380,profile_0058,low_frequency,0.13865707462127422,57.933889634250036,40.06611036574996,energy_or_commitment_infeasible,w0_current_a53,,False
0,current,1380,1380,profile_0059,piecewise,0.08,56.56991597003518,41.43008402996481,energy_or_commitment_infeasible,w0_current_a54,,False
0,current,1380,1380,profile_0060,high_frequency,0.45865707462127425,11.701836304291835,-11.46454332878769,energy_or_commitment_infeasible,w0_current_a55,,False
0,current,1380,1380,profile_0061,low_frequency,0.5,4.246880000000004,-20.272383952951007,energy_or_commitment_infeasible,w0_current_a0,,True
0,current,1380,1380,profile_0062,piecewise,0.4059712238638226,21.202148912875515,-0.2401664282871252,energy_or_commitment_infeasible,w0_current_a40,,True
0,current,1380,1380,profile_0063,high_frequency,0.5286570746212742,-1.0876225138328977,-26.37758680704856,energy_or_commitment_infeasible,w0_current_a56,,False
60,current,1320,1380,profile_0000,constant,0.05,56.02163343726688,41.97836656273312,energy_or_commitment_infeasible,w60_current_a1,,False
60,current,1320,1380,profile_0001,constant,0.15,58.25641387859972,39.74358612140026,energy_or_commitment_infeasible,w60_current_a2,,False
60,current,1320,1380,profile_0002,constant,0.25,49.32688,27.92145422222227,energy_or_commitment_infeasible,w60_current_a3,,False
60,current,1320,1380,profile_0003,constant,0.35,31.29488000000001,9.889454222222273,energy_or_commitment_infeasible,w60_current_a4,,False
60,current,1320,1380,profile_0004,constant,0.45,13.262880000000003,-9.62021003990753,energy_or_commitment_infeasible,w60_current_a5,,False
60,current,1320,1380,profile_0005,constant,0.55,-5.634593572778836,-30.924557865994494,energy_or_commitment_infeasible,w60_current_a6,,False
60,current,1320,1380,profile_0006,constant,0.65,-26.938941398865786,-52.22890569208145,energy_or_commitment_infeasible,w60_current_a7,,False
60,current,1320,1380,profile_0007,constant,0.75,-38.823916639006676,-59.176083360993324,energy_or_commitment_infeasible,w60_current_a8,,False
60,current,1320,1380,profile_0008,constant,0.85,-41.4615600374794,-56.5384399625206,energy_or_commitment_infeasible,w60_current_a9,,False
60,current,1320,1380,profile_0009,constant,0.95,-47.14535843375604,-50.854641566243956,energy_or_commitment_infeasible,w60_current_a10,,False
60,current,1320,1380,profile_0010,ramp,0.0586570746212742,56.171524149479836,41.82847585052017,energy_or_commitment_infeasible,w60_current_a11,,False
60,current,1320,1380,profile_0011,ramp,0.9413429253787258,-46.643812601068916,-51.35618739893109,energy_or_commitment_infeasible,w60_current_a12,,False
60,current,1320,1380,profile_0012,ramp,0.2,58.34288,36.937454222222264,energy_or_commitment_infeasible,w60_current_a13,,False
60,current,1320,1380,profile_0013,ramp,0.8,-40.339107232015984,-57.660892767984016,energy_or_commitment_infeasible,w60_current_a14,,False
60,current,1320,1380,profile_0014,ramp,0.35,31.29488000000001,9.889454222222273,energy_or_commitment_infeasible,w60_current_a4,,True
60,current,1320,1380,profile_0015,ramp,0.65,-26.938941398865786,-52.22890569208145,energy_or_commitment_infeasible,w60_current_a7,,True
60,current,1320,1380,profile_0016,low_frequency,0.23,52.93328,31.527854222222263,energy_or_commitment_infeasible,w60_current_a15,,False
60,current,1320,1380,profile_0017,piecewise,0.0886570746212742,56.7444198355941,41.255580164405906,energy_or_commitment_infeasible,w60_current_a16,,False
60,current,1320,1380,profile_0018,high_frequency,0.68,-33.330245746691865,-58.620210039907526,energy_or_commitment_infeasible,w60_current_a17,,False
60,current,1320,1380,profile_0019,low_frequency,0.41,20.475680000000004,-1.0984709094727445,energy_or_commitment_infeasible,w60_current_a18,,False
60,current,1320,1380,profile_0020,piecewise,0.7519424477276453,-38.892611287910654,-59.10738871208935,energy_or_commitment_infeasible,w60_current_a19,,False
60,current,1320,1380,profile_0021,high_frequency,0.7586570746212742,-39.12309263201202,-58.876907367987975,energy_or_commitment_infeasible,w60_current_a20,,False
60,current,1320,1380,profile_0022,low_frequency,0.45,13.262880000000003,-9.62021003990753,energy_or_commitment_infeasible,w60_current_a5,,True
60,current,1320,1380,profile_0023,piecewise,0.3173141492425484,37.188792608583675,15.783366830805939,energy_or_commitment_infeasible,w60_current_a21,,False
60,current,1320,1380,profile_0024,high_frequency,0.25,49.32688,27.92145422222227,energy_or_commitment_infeasible,w60_current_a3,,True
60,current,1320,1380,profile_0025,low_frequency,0.59,-14.156332703213605,-39.44629699642927,energy_or_commitment_infeasible,w60_current_a22,,False
60,current,1320,1380,profile_0026,piecewise,0.1786570746212742,59.18539394198049,38.81460605801951,energy_or_commitment_infeasible,w60_current_a23,,False
60,current,1320,1380,profile_0027,high_frequency,0.5773141492425484,-11.453694933147828,-36.74365922636349,energy_or_commitment_infeasible,w60_current_a24,,False
60,current,1320,1380,profile_0028,low_frequency,0.31,38.50768000000001,17.10225422222227,energy_or_commitment_infeasible,w60_current_a25,,False
60,current,1320,1380,profile_0029,piecewise,0.7619424477276453,-39.23207641413752,-58.76792358586248,energy_or_commitment_infeasible,w60_current_a26,,False
60,current,1320,1380,profile_0030,high_frequency,0.4186570746212742,18.91463630429184,-2.9428041983529036,energy_or_commitment_infeasible,w60_current_a27,,False
60,current,1320,1380,profile_0031,low_frequency,0.44,15.066080000000008,-7.4897752572988265,energy_or_commitment_infeasible,w60_current_a28,,False
60,current,1320,1380,profile_0032,piecewise,0.2373141492425484,51.61439260858368,30.208966830805945,energy_or_commitment_infeasible,w60_current_a29,,False
60,current,1320,1380,profile_0033,high_frequency,0.52,0.6404800000000023,-24.533253518168397,energy_or_commitment_infeasible,w60_current_a30,,False
60,current,1320,1380,profile_0034,low_frequency,0.62,-20.547637051039686,-45.83760134425535,energy_or_commitment_infeasible,w60_current_a31,,False
60,current,1320,1380,profile_0035,piecewise,0.623285373106371,-21.247564365005683,-46.53752865822134,energy_or_commitment_infeasible,w60_current_a32,,False
60,current,1320,1380,profile_0036,high_frequency,0.68,-33.330245746691865,-58.620210039907526,energy_or_commitment_infeasible,w60_current_a17,,True
60,current,1320,1380,profile_0037,low_frequency,0.5813429253787258,-12.311999414333446,-37.6019637075491,energy_or_commitment_infeasible,w60_current_a33,,False
60,current,1320,1380,profile_0038,piecewise,0.3073141492425484,38.99199260858367,17.58656683080594,energy_or_commitment_infeasible,w60_current_a34,,False
60,current,1320,1380,profile_0039,high_frequency,0.51,2.4436799999999965,-22.40281873555971,energy_or_commitment_infeasible,w60_current_a35,,False
60,current,1320,1380,profile_0040,low_frequency,0.19,59.60673983584143,38.39326016415856,energy_or_commitment_infeasible,w60_current_a36,,False
60,current,1320,1380,profile_0041,piecewise,0.4659712238638226,10.38294891287551,-13.022775123939304,energy_or_commitment_infeasible,w60_current_a37,,False
60,current,1320,1380,profile_0042,high_frequency,0.6113429253787258,-18.703303762159543,-43.993268055375204,energy_or_commitment_infeasible,w60_current_a38,,False
60,current,1320,1380,profile_0043,low_frequency,0.4,22.27888,0.8734542222222632,energy_or_commitment_infeasible,w60_current_a39,,False
60,current,1320,1380,profile_0044,piecewise,0.4059712238638226,21.202148912875515,-0.2401664282871252,energy_or_commitment_infeasible,w60_current_a40,,False
60,current,1320,1380,profile_0045,high_frequency,0.4926858507574516,5.565767391416331,-18.71415215779939,energy_or_commitment_infeasible,w60_current_a41,,False
60,current,1320,1380,profile_0046,low_frequency,0.36,29.491680000000002,8.086254222222268,energy_or_commitment_infeasible,w60_current_a42,,False
60,current,1320,1380,profile_0047,piecewise,0.2573141492425484,48.00799260858367,26.602566830805937,energy_or_commitment_infeasible,w60_current_a43,,False
60,current,1320,1380,profile_0048,high_frequency,0.61,-18.417202268430998,-43.70716656164666,energy_or_commitment_infeasible,w60_current_a44,,False
60,current,1320,1380,profile_0049,low_frequency,0.54,-3.5041587901701314,-28.79412308338579,energy_or_commitment_infeasible,w60_current_a45,,False
60,current,1320,1380,profile_0050,piecewise,0.6446282984850968,-25.794535423951622,-51.08449971716728,energy_or_commitment_infeasible,w60_current_a46,,False
60,current,1320,1380,profile_0051,high_frequency,0.5786570746212741,-11.739796426876357,-37.029760720092014,energy_or_commitment_infeasible,w60_current_a47,,False
60,current,1320,1380,profile_0052,low_frequency,0.55,-5.634593572778836,-30.924557865994494,energy_or_commitment_infeasible,w60_current_a6,,True
60,current,1320,1380,profile_0053,piecewise,0.1886570746212742,59.55504492064937,38.44495507935063,energy_or_commitment_infeasible,w60_current_a48,,False
60,current,1320,1380,profile_0054,high_frequency,0.63,-22.678071833648392,-47.96803612686405,energy_or_commitment_infeasible,w60_current_a49,,False
60,current,1320,1380,profile_0055,low_frequency,0.12,57.449632639144,40.55036736085601,energy_or_commitment_infeasible,w60_current_a50,,False
60,current,1320,1380,profile_0056,piecewise,0.25865707462127424,47.76583630429183,26.360410526514094,energy_or_commitment_infeasible,w60_current_a51,,False
60,current,1320,1380,profile_0057,high_frequency,0.48134292537872575,7.611123695708178,-16.297615881462143,energy_or_commitment_infeasible,w60_current_a52,,False
60,current,1320,1380,profile_0058,low_frequency,0.13865707462127422,57.933889634250036,40.06611036574996,energy_or_commitment_infeasible,w60_current_a53,,False
60,current,1320,1380,profile_0059,piecewise,0.08,56.56991597003518,41.43008402996481,energy_or_commitment_infeasible,w60_current_a54,,False
60,current,1320,1380,profile_0060,high_frequency,0.45865707462127425,11.701836304291835,-11.46454332878769,energy_or_commitment_infeasible,w60_current_a55,,False
60,current,1320,1380,profile_0061,low_frequency,0.5,4.246880000000004,-20.272383952951007,energy_or_commitment_infeasible,w60_current_a0,,True
60,current,1320,1380,profile_0062,piecewise,0.4059712238638226,21.202148912875515,-0.2401664282871252,energy_or_commitment_infeasible,w60_current_a40,,True
60,current,1320,1380,profile_0063,high_frequency,0.5286570746212742,-1.0876225138328977,-26.37758680704856,energy_or_commitment_infeasible,w60_current_a56,,False
120,current,1260,1380,profile_0000,constant,0.05,56.02163343726689,41.9783665627331,energy_or_commitment_infeasible,w120_current_a1,,False
120,current,1260,1380,profile_0001,constant,0.15,58.256413878599744,39.74358612140025,energy_or_commitment_infeasible,w120_current_a2,,False
120,current,1260,1380,profile_0002,constant,0.25,49.32688,27.92145422222223,energy_or_commitment_infeasible,w120_current_a3,,False
120,current,1260,1380,profile_0003,constant,0.35,31.29488000000001,9.889454222222234,energy_or_commitment_infeasible,w120_current_a4,,False
120,current,1260,1380,profile_0004,constant,0.45,13.262880000000003,-9.620210039907576,energy_or_commitment_infeasible,w120_current_a5,,False
120,current,1260,1380,profile_0005,constant,0.55,-5.634593572778836,-30.92455786599454,energy_or_commitment_infeasible,w120_current_a6,,False
120,current,1260,1380,profile_0006,constant,0.65,-26.938941398865786,-52.22890569208149,energy_or_commitment_infeasible,w120_current_a7,,False
120,current,1260,1380,profile_0007,constant,0.75,-38.82391663900666,-59.17608336099334,energy_or_commitment_infeasible,w120_current_a8,,False
120,current,1260,1380,profile_0008,constant,0.85,-41.461560037479394,-56.53843996252061,energy_or_commitment_infeasible,w120_current_a9,,False
120,current,1260,1380,profile_0009,constant,0.95,-47.14535843375604,-50.854641566243956,energy_or_commitment_infeasible,w120_current_a10,,False
120,current,1260,1380,profile_0010,ramp,0.0586570746212742,56.17152414947984,41.82847585052015,energy_or_commitment_infeasible,w120_current_a11,,False
120,current,1260,1380,profile_0011,ramp,0.9413429253787258,-46.643812601068916,-51.35618739893109,energy_or_commitment_infeasible,w120_current_a12,,False
120,current,1260,1380,profile_0012,ramp,0.2,58.34288,36.93745422222223,energy_or_commitment_infeasible,w120_current_a13,,False
120,current,1260,1380,profile_0013,ramp,0.8,-40.33910723201597,-57.66089276798404,energy_or_commitment_infeasible,w120_current_a14,,False
120,current,1260,1380,profile_0014,ramp,0.35,31.29488000000001,9.889454222222234,energy_or_commitment_infeasible,w120_current_a4,,True
120,current,1260,1380,profile_0015,ramp,0.65,-26.938941398865786,-52.22890569208149,energy_or_commitment_infeasible,w120_current_a7,,True
120,current,1260,1380,profile_0016,low_frequency,0.23,52.93328,31.527854222222224,energy_or_commitment_infeasible,w120_current_a15,,False
120,current,1260,1380,profile_0017,piecewise,0.0886570746212742,56.74441983559412,41.25558016440589,energy_or_commitment_infeasible,w120_current_a16,,False
120,current,1260,1380,profile_0018,high_frequency,0.68,-33.330245746691865,-58.620210039907576,energy_or_commitment_infeasible,w120_current_a17,,False
120,current,1260,1380,profile_0019,low_frequency,0.41,20.475680000000004,-1.098470909472791,energy_or_commitment_infeasible,w120_current_a18,,False
120,current,1260,1380,profile_0020,piecewise,0.7519424477276453,-38.89261128791064,-59.10738871208936,energy_or_commitment_infeasible,w120_current_a19,,False
120,current,1260,1380,profile_0021,high_frequency,0.7586570746212742,-39.12309263201201,-58.876907367988,energy_or_commitment_infeasible,w120_current_a20,,False
120,current,1260,1380,profile_0022,low_frequency,0.45,13.262880000000003,-9.620210039907576,energy_or_commitment_infeasible,w120_current_a5,,True
120,current,1260,1380,profile_0023,piecewise,0.3173141492425484,37.188792608583675,15.7833668308059,energy_or_commitment_infeasible,w120_current_a21,,False
120,current,1260,1380,profile_0024,high_frequency,0.25,49.32688,27.92145422222223,energy_or_commitment_infeasible,w120_current_a3,,True
120,current,1260,1380,profile_0025,low_frequency,0.59,-14.156332703213605,-39.44629699642931,energy_or_commitment_infeasible,w120_current_a22,,False
120,current,1260,1380,profile_0026,piecewise,0.1786570746212742,59.185393941980514,38.814606058019486,energy_or_commitment_infeasible,w120_current_a23,,False
120,current,1260,1380,profile_0027,high_frequency,0.5773141492425484,-11.453694933147828,-36.74365922636353,energy_or_commitment_infeasible,w120_current_a24,,False
120,current,1260,1380,profile_0028,low_frequency,0.31,38.50768000000001,17.102254222222232,energy_or_commitment_infeasible,w120_current_a25,,False
120,current,1260,1380,profile_0029,piecewise,0.7619424477276453,-39.2320764141375,-58.7679235858625,energy_or_commitment_infeasible,w120_current_a26,,False
120,current,1260,1380,profile_0030,high_frequency,0.4186570746212742,18.91463630429184,-2.9428041983529503,energy_or_commitment_infeasible,w120_current_a27,,False
120,current,1260,1380,profile_0031,low_frequency,0.44,15.066080000000008,-7.489775257298873,energy_or_commitment_infeasible,w120_current_a28,,False
120,current,1260,1380,profile_0032,piecewise,0.2373141492425484,51.61439260858368,30.208966830805906,energy_or_commitment_infeasible,w120_current_a29,,False
120,current,1260,1380,profile_0033,high_frequency,0.52,0.6404800000000023,-24.533253518168443,energy_or_commitment_infeasible,w120_current_a30,,False
120,current,1260,1380,profile_0034,low_frequency,0.62,-20.547637051039686,-45.8376013442554,energy_or_commitment_infeasible,w120_current_a31,,False
120,current,1260,1380,profile_0035,piecewise,0.623285373106371,-21.247564365005683,-46.53752865822139,energy_or_commitment_infeasible,w120_current_a32,,False
120,current,1260,1380,profile_0036,high_frequency,0.68,-33.330245746691865,-58.620210039907576,energy_or_commitment_infeasible,w120_current_a17,,True
120,current,1260,1380,profile_0037,low_frequency,0.5813429253787258,-12.311999414333446,-37.60196370754915,energy_or_commitment_infeasible,w120_current_a33,,False
120,current,1260,1380,profile_0038,piecewise,0.3073141492425484,38.99199260858367,17.5865668308059,energy_or_commitment_infeasible,w120_current_a34,,False
120,current,1260,1380,profile_0039,high_frequency,0.51,2.4436799999999965,-22.402818735559755,energy_or_commitment_infeasible,w120_current_a35,,False
120,current,1260,1380,profile_0040,low_frequency,0.19,59.606739835841466,38.39326016415854,energy_or_commitment_infeasible,w120_current_a36,,False
120,current,1260,1380,profile_0041,piecewise,0.4659712238638226,10.38294891287551,-13.02277512393935,energy_or_commitment_infeasible,w120_current_a37,,False
120,current,1260,1380,profile_0042,high_frequency,0.6113429253787258,-18.703303762159543,-43.99326805537525,energy_or_commitment_infeasible,w120_current_a38,,False
120,current,1260,1380,profile_0043,low_frequency,0.4,22.27888,0.873454222222224,energy_or_commitment_infeasible,w120_current_a39,,False
120,current,1260,1380,profile_0044,piecewise,0.4059712238638226,21.202148912875515,-0.24016642828717152,energy_or_commitment_infeasible,w120_current_a40,,False
120,current,1260,1380,profile_0045,high_frequency,0.4926858507574516,5.565767391416331,-18.714152157799436,energy_or_commitment_infeasible,w120_current_a41,,False
120,current,1260,1380,profile_0046,low_frequency,0.36,29.491680000000002,8.086254222222227,energy_or_commitment_infeasible,w120_current_a42,,False
120,current,1260,1380,profile_0047,piecewise,0.2573141492425484,48.00799260858367,26.6025668308059,energy_or_commitment_infeasible,w120_current_a43,,False
120,current,1260,1380,profile_0048,high_frequency,0.61,-18.417202268430998,-43.70716656164671,energy_or_commitment_infeasible,w120_current_a44,,False
120,current,1260,1380,profile_0049,low_frequency,0.54,-3.5041587901701314,-28.794123083385838,energy_or_commitment_infeasible,w120_current_a45,,False
120,current,1260,1380,profile_0050,piecewise,0.6446282984850968,-25.794535423951622,-51.084499717167326,energy_or_commitment_infeasible,w120_current_a46,,False
120,current,1260,1380,profile_0051,high_frequency,0.5786570746212741,-11.739796426876357,-37.029760720092064,energy_or_commitment_infeasible,w120_current_a47,,False
120,current,1260,1380,profile_0052,low_frequency,0.55,-5.634593572778836,-30.92455786599454,energy_or_commitment_infeasible,w120_current_a6,,True
120,current,1260,1380,profile_0053,piecewise,0.1886570746212742,59.555044920649394,38.444955079350606,energy_or_commitment_infeasible,w120_current_a48,,False
120,current,1260,1380,profile_0054,high_frequency,0.63,-22.678071833648392,-47.9680361268641,energy_or_commitment_infeasible,w120_current_a49,,False
120,current,1260,1380,profile_0055,low_frequency,0.12,57.44963263914401,40.55036736085599,energy_or_commitment_infeasible,w120_current_a50,,False
120,current,1260,1380,profile_0056,piecewise,0.25865707462127424,47.76583630429183,26.360410526514055,energy_or_commitment_infeasible,w120_current_a51,,False
120,current,1260,1380,profile_0057,high_frequency,0.48134292537872575,7.611123695708178,-16.29761588146219,energy_or_commitment_infeasible,w120_current_a52,,False
120,current,1260,1380,profile_0058,low_frequency,0.13865707462127422,57.933889634250065,40.06611036574994,energy_or_commitment_infeasible,w120_current_a53,,False
120,current,1260,1380,profile_0059,piecewise,0.08,56.5699159700352,41.430084029964796,energy_or_commitment_infeasible,w120_current_a54,,False
120,current,1260,1380,profile_0060,high_frequency,0.45865707462127425,11.701836304291835,-11.464543328787736,energy_or_commitment_infeasible,w120_current_a55,,False
120,current,1260,1380,profile_0061,low_frequency,0.5,4.246880000000004,-20.272383952951053,energy_or_commitment_infeasible,w120_current_a0,,True
120,current,1260,1380,profile_0062,piecewise,0.4059712238638226,21.202148912875515,-0.24016642828717152,energy_or_commitment_infeasible,w120_current_a40,,True
120,current,1260,1380,profile_0063,high_frequency,0.5286570746212742,-1.0876225138328977,-26.377586807048605,energy_or_commitment_infeasible,w120_current_a56,,False
180,current,1200,1380,profile_0000,constant,0.05,56.02163343726689,41.9783665627331,energy_or_commitment_infeasible,w180_current_a1,,False
180,current,1200,1380,profile_0001,constant,0.15,58.256413878599744,39.74358612140025,energy_or_commitment_infeasible,w180_current_a2,,False
180,current,1200,1380,profile_0002,constant,0.25,49.32688,27.92145422222223,energy_or_commitment_infeasible,w180_current_a3,,False
180,current,1200,1380,profile_0003,constant,0.35,31.29488000000001,9.889454222222234,energy_or_commitment_infeasible,w180_current_a4,,False
180,current,1200,1380,profile_0004,constant,0.45,13.262880000000003,-9.620210039907576,energy_or_commitment_infeasible,w180_current_a5,,False
180,current,1200,1380,profile_0005,constant,0.55,-5.634593572778836,-30.92455786599454,energy_or_commitment_infeasible,w180_current_a6,,False
180,current,1200,1380,profile_0006,constant,0.65,-26.938941398865786,-52.22890569208149,energy_or_commitment_infeasible,w180_current_a7,,False
180,current,1200,1380,profile_0007,constant,0.75,-38.82391663900666,-59.17608336099334,energy_or_commitment_infeasible,w180_current_a8,,False
180,current,1200,1380,profile_0008,constant,0.85,-41.461560037479394,-56.53843996252061,energy_or_commitment_infeasible,w180_current_a9,,False
180,current,1200,1380,profile_0009,constant,0.95,-47.14535843375604,-50.854641566243956,energy_or_commitment_infeasible,w180_current_a10,,False
180,current,1200,1380,profile_0010,ramp,0.0586570746212742,56.17152414947984,41.82847585052015,energy_or_commitment_infeasible,w180_current_a11,,False
180,current,1200,1380,profile_0011,ramp,0.9413429253787258,-46.643812601068916,-51.35618739893109,energy_or_commitment_infeasible,w180_current_a12,,False
180,current,1200,1380,profile_0012,ramp,0.2,58.34288,36.93745422222223,energy_or_commitment_infeasible,w180_current_a13,,False
180,current,1200,1380,profile_0013,ramp,0.8,-40.33910723201597,-57.66089276798404,energy_or_commitment_infeasible,w180_current_a14,,False
180,current,1200,1380,profile_0014,ramp,0.35,31.29488000000001,9.889454222222234,energy_or_commitment_infeasible,w180_current_a4,,True
180,current,1200,1380,profile_0015,ramp,0.65,-26.938941398865786,-52.22890569208149,energy_or_commitment_infeasible,w180_current_a7,,True
180,current,1200,1380,profile_0016,low_frequency,0.23,52.93328,31.527854222222224,energy_or_commitment_infeasible,w180_current_a15,,False
180,current,1200,1380,profile_0017,piecewise,0.0886570746212742,56.74441983559412,41.25558016440589,energy_or_commitment_infeasible,w180_current_a16,,False
180,current,1200,1380,profile_0018,high_frequency,0.68,-33.330245746691865,-58.620210039907576,energy_or_commitment_infeasible,w180_current_a17,,False
180,current,1200,1380,profile_0019,low_frequency,0.41,20.475680000000004,-1.098470909472791,energy_or_commitment_infeasible,w180_current_a18,,False
180,current,1200,1380,profile_0020,piecewise,0.7519424477276453,-38.89261128791064,-59.10738871208936,energy_or_commitment_infeasible,w180_current_a19,,False
180,current,1200,1380,profile_0021,high_frequency,0.7586570746212742,-39.12309263201201,-58.876907367988,energy_or_commitment_infeasible,w180_current_a20,,False
180,current,1200,1380,profile_0022,low_frequency,0.45,13.262880000000003,-9.620210039907576,energy_or_commitment_infeasible,w180_current_a5,,True
180,current,1200,1380,profile_0023,piecewise,0.3173141492425484,37.188792608583675,15.7833668308059,energy_or_commitment_infeasible,w180_current_a21,,False
180,current,1200,1380,profile_0024,high_frequency,0.25,49.32688,27.92145422222223,energy_or_commitment_infeasible,w180_current_a3,,True
180,current,1200,1380,profile_0025,low_frequency,0.59,-14.156332703213605,-39.44629699642931,energy_or_commitment_infeasible,w180_current_a22,,False
180,current,1200,1380,profile_0026,piecewise,0.1786570746212742,59.185393941980514,38.814606058019486,energy_or_commitment_infeasible,w180_current_a23,,False
180,current,1200,1380,profile_0027,high_frequency,0.5773141492425484,-11.453694933147828,-36.74365922636353,energy_or_commitment_infeasible,w180_current_a24,,False
180,current,1200,1380,profile_0028,low_frequency,0.31,38.50768000000001,17.102254222222232,energy_or_commitment_infeasible,w180_current_a25,,False
180,current,1200,1380,profile_0029,piecewise,0.7619424477276453,-39.2320764141375,-58.7679235858625,energy_or_commitment_infeasible,w180_current_a26,,False
180,current,1200,1380,profile_0030,high_frequency,0.4186570746212742,18.91463630429184,-2.9428041983529503,energy_or_commitment_infeasible,w180_current_a27,,False
180,current,1200,1380,profile_0031,low_frequency,0.44,15.066080000000008,-7.489775257298873,energy_or_commitment_infeasible,w180_current_a28,,False
180,current,1200,1380,profile_0032,piecewise,0.2373141492425484,51.61439260858368,30.208966830805906,energy_or_commitment_infeasible,w180_current_a29,,False
180,current,1200,1380,profile_0033,high_frequency,0.52,0.6404800000000023,-24.533253518168443,energy_or_commitment_infeasible,w180_current_a30,,False
180,current,1200,1380,profile_0034,low_frequency,0.62,-20.547637051039686,-45.8376013442554,energy_or_commitment_infeasible,w180_current_a31,,False
180,current,1200,1380,profile_0035,piecewise,0.623285373106371,-21.247564365005683,-46.53752865822139,energy_or_commitment_infeasible,w180_current_a32,,False
180,current,1200,1380,profile_0036,high_frequency,0.68,-33.330245746691865,-58.620210039907576,energy_or_commitment_infeasible,w180_current_a17,,True
180,current,1200,1380,profile_0037,low_frequency,0.5813429253787258,-12.311999414333446,-37.60196370754915,energy_or_commitment_infeasible,w180_current_a33,,False
180,current,1200,1380,profile_0038,piecewise,0.3073141492425484,38.99199260858367,17.5865668308059,energy_or_commitment_infeasible,w180_current_a34,,False
180,current,1200,1380,profile_0039,high_frequency,0.51,2.4436799999999965,-22.402818735559755,energy_or_commitment_infeasible,w180_current_a35,,False
180,current,1200,1380,profile_0040,low_frequency,0.19,59.606739835841466,38.39326016415854,energy_or_commitment_infeasible,w180_current_a36,,False
180,current,1200,1380,profile_0041,piecewise,0.4659712238638226,10.38294891287551,-13.02277512393935,energy_or_commitment_infeasible,w180_current_a37,,False
180,current,1200,1380,profile_0042,high_frequency,0.6113429253787258,-18.703303762159543,-43.99326805537525,energy_or_commitment_infeasible,w180_current_a38,,False
180,current,1200,1380,profile_0043,low_frequency,0.4,22.27888,0.873454222222224,energy_or_commitment_infeasible,w180_current_a39,,False
180,current,1200,1380,profile_0044,piecewise,0.4059712238638226,21.202148912875515,-0.24016642828717152,energy_or_commitment_infeasible,w180_current_a40,,False
180,current,1200,1380,profile_0045,high_frequency,0.4926858507574516,5.565767391416331,-18.714152157799436,energy_or_commitment_infeasible,w180_current_a41,,False
180,current,1200,1380,profile_0046,low_frequency,0.36,29.491680000000002,8.086254222222227,energy_or_commitment_infeasible,w180_current_a42,,False
180,current,1200,1380,profile_0047,piecewise,0.2573141492425484,48.00799260858367,26.6025668308059,energy_or_commitment_infeasible,w180_current_a43,,False
180,current,1200,1380,profile_0048,high_frequency,0.61,-18.417202268430998,-43.70716656164671,energy_or_commitment_infeasible,w180_current_a44,,False
180,current,1200,1380,profile_0049,low_frequency,0.54,-3.5041587901701314,-28.794123083385838,energy_or_commitment_infeasible,w180_current_a45,,False
180,current,1200,1380,profile_0050,piecewise,0.6446282984850968,-25.794535423951622,-51.084499717167326,energy_or_commitment_infeasible,w180_current_a46,,False
180,current,1200,1380,profile_0051,high_frequency,0.5786570746212741,-11.739796426876357,-37.029760720092064,energy_or_commitment_infeasible,w180_current_a47,,False
180,current,1200,1380,profile_0052,low_frequency,0.55,-5.634593572778836,-30.92455786599454,energy_or_commitment_infeasible,w180_current_a6,,True
180,current,1200,1380,profile_0053,piecewise,0.1886570746212742,59.555044920649394,38.444955079350606,energy_or_commitment_infeasible,w180_current_a48,,False
180,current,1200,1380,profile_0054,high_frequency,0.63,-22.678071833648392,-47.9680361268641,energy_or_commitment_infeasible,w180_current_a49,,False
180,current,1200,1380,profile_0055,low_frequency,0.12,57.44963263914401,40.55036736085599,energy_or_commitment_infeasible,w180_current_a50,,False
180,current,1200,1380,profile_0056,piecewise,0.25865707462127424,47.76583630429183,26.360410526514055,energy_or_commitment_infeasible,w180_current_a51,,False
180,current,1200,1380,profile_0057,high_frequency,0.48134292537872575,7.611123695708178,-16.29761588146219,energy_or_commitment_infeasible,w180_current_a52,,False
180,current,1200,1380,profile_0058,low_frequency,0.13865707462127422,57.933889634250065,40.06611036574994,energy_or_commitment_infeasible,w180_current_a53,,False
180,current,1200,1380,profile_0059,piecewise,0.08,56.5699159700352,41.430084029964796,energy_or_commitment_infeasible,w180_current_a54,,False
180,current,1200,1380,profile_0060,high_frequency,0.45865707462127425,11.701836304291835,-11.464543328787736,energy_or_commitment_infeasible,w180_current_a55,,False
180,current,1200,1380,profile_0061,low_frequency,0.5,4.246880000000004,-20.272383952951053,energy_or_commitment_infeasible,w180_current_a0,,True
180,current,1200,1380,profile_0062,piecewise,0.4059712238638226,21.202148912875515,-0.24016642828717152,energy_or_commitment_infeasible,w180_current_a40,,True
180,current,1200,1380,profile_0063,high_frequency,0.5286570746212742,-1.0876225138328977,-26.377586807048605,energy_or_commitment_infeasible,w180_current_a56,,False
240,current,1140,1380,profile_0000,constant,0.05,56.02163343726689,41.9783665627331,energy_or_commitment_infeasible,w240_current_a1,,False
240,current,1140,1380,profile_0001,constant,0.15,58.256413878599744,39.74358612140025,energy_or_commitment_infeasible,w240_current_a2,,False
240,current,1140,1380,profile_0002,constant,0.25,49.32688,27.92145422222223,energy_or_commitment_infeasible,w240_current_a3,,False
240,current,1140,1380,profile_0003,constant,0.35,31.29488000000001,9.889454222222234,energy_or_commitment_infeasible,w240_current_a4,,False
240,current,1140,1380,profile_0004,constant,0.45,13.262880000000003,-9.620210039907576,energy_or_commitment_infeasible,w240_current_a5,,False
240,current,1140,1380,profile_0005,constant,0.55,-5.634593572778836,-30.92455786599454,energy_or_commitment_infeasible,w240_current_a6,,False
240,current,1140,1380,profile_0006,constant,0.65,-26.938941398865786,-52.22890569208149,energy_or_commitment_infeasible,w240_current_a7,,False
240,current,1140,1380,profile_0007,constant,0.75,-38.82391663900666,-59.17608336099334,energy_or_commitment_infeasible,w240_current_a8,,False
240,current,1140,1380,profile_0008,constant,0.85,-41.461560037479394,-56.53843996252061,energy_or_commitment_infeasible,w240_current_a9,,False
240,current,1140,1380,profile_0009,constant,0.95,-47.14535843375604,-50.854641566243956,energy_or_commitment_infeasible,w240_current_a10,,False
240,current,1140,1380,profile_0010,ramp,0.0586570746212742,56.17152414947984,41.82847585052015,energy_or_commitment_infeasible,w240_current_a11,,False
240,current,1140,1380,profile_0011,ramp,0.9413429253787258,-46.643812601068916,-51.35618739893109,energy_or_commitment_infeasible,w240_current_a12,,False
240,current,1140,1380,profile_0012,ramp,0.2,58.34288,36.93745422222223,energy_or_commitment_infeasible,w240_current_a13,,False
240,current,1140,1380,profile_0013,ramp,0.8,-40.33910723201597,-57.66089276798404,energy_or_commitment_infeasible,w240_current_a14,,False
240,current,1140,1380,profile_0014,ramp,0.35,31.29488000000001,9.889454222222234,energy_or_commitment_infeasible,w240_current_a4,,True
240,current,1140,1380,profile_0015,ramp,0.65,-26.938941398865786,-52.22890569208149,energy_or_commitment_infeasible,w240_current_a7,,True
240,current,1140,1380,profile_0016,low_frequency,0.23,52.93328,31.527854222222224,energy_or_commitment_infeasible,w240_current_a15,,False
240,current,1140,1380,profile_0017,piecewise,0.0886570746212742,56.74441983559412,41.25558016440589,energy_or_commitment_infeasible,w240_current_a16,,False
240,current,1140,1380,profile_0018,high_frequency,0.68,-33.330245746691865,-58.620210039907576,energy_or_commitment_infeasible,w240_current_a17,,False
240,current,1140,1380,profile_0019,low_frequency,0.41,20.475680000000004,-1.098470909472791,energy_or_commitment_infeasible,w240_current_a18,,False
240,current,1140,1380,profile_0020,piecewise,0.7519424477276453,-38.89261128791064,-59.10738871208936,energy_or_commitment_infeasible,w240_current_a19,,False
240,current,1140,1380,profile_0021,high_frequency,0.7586570746212742,-39.12309263201201,-58.876907367988,energy_or_commitment_infeasible,w240_current_a20,,False
240,current,1140,1380,profile_0022,low_frequency,0.45,13.262880000000003,-9.620210039907576,energy_or_commitment_infeasible,w240_current_a5,,True
240,current,1140,1380,profile_0023,piecewise,0.3173141492425484,37.188792608583675,15.7833668308059,energy_or_commitment_infeasible,w240_current_a21,,False
240,current,1140,1380,profile_0024,high_frequency,0.25,49.32688,27.92145422222223,energy_or_commitment_infeasible,w240_current_a3,,True
240,current,1140,1380,profile_0025,low_frequency,0.59,-14.156332703213605,-39.44629699642931,energy_or_commitment_infeasible,w240_current_a22,,False
240,current,1140,1380,profile_0026,piecewise,0.1786570746212742,59.185393941980514,38.814606058019486,energy_or_commitment_infeasible,w240_current_a23,,False
240,current,1140,1380,profile_0027,high_frequency,0.5773141492425484,-11.453694933147828,-36.74365922636353,energy_or_commitment_infeasible,w240_current_a24,,False
240,current,1140,1380,profile_0028,low_frequency,0.31,38.50768000000001,17.102254222222232,energy_or_commitment_infeasible,w240_current_a25,,False
240,current,1140,1380,profile_0029,piecewise,0.7619424477276453,-39.2320764141375,-58.7679235858625,energy_or_commitment_infeasible,w240_current_a26,,False
240,current,1140,1380,profile_0030,high_frequency,0.4186570746212742,18.91463630429184,-2.9428041983529503,energy_or_commitment_infeasible,w240_current_a27,,False
240,current,1140,1380,profile_0031,low_frequency,0.44,15.066080000000008,-7.489775257298873,energy_or_commitment_infeasible,w240_current_a28,,False
240,current,1140,1380,profile_0032,piecewise,0.2373141492425484,51.61439260858368,30.208966830805906,energy_or_commitment_infeasible,w240_current_a29,,False
240,current,1140,1380,profile_0033,high_frequency,0.52,0.6404800000000023,-24.533253518168443,energy_or_commitment_infeasible,w240_current_a30,,False
240,current,1140,1380,profile_0034,low_frequency,0.62,-20.547637051039686,-45.8376013442554,energy_or_commitment_infeasible,w240_current_a31,,False
240,current,1140,1380,profile_0035,piecewise,0.623285373106371,-21.247564365005683,-46.53752865822139,energy_or_commitment_infeasible,w240_current_a32,,False
240,current,1140,1380,profile_0036,high_frequency,0.68,-33.330245746691865,-58.620210039907576,energy_or_commitment_infeasible,w240_current_a17,,True
240,current,1140,1380,profile_0037,low_frequency,0.5813429253787258,-12.311999414333446,-37.60196370754915,energy_or_commitment_infeasible,w240_current_a33,,False
240,current,1140,1380,profile_0038,piecewise,0.3073141492425484,38.99199260858367,17.5865668308059,energy_or_commitment_infeasible,w240_current_a34,,False
240,current,1140,1380,profile_0039,high_frequency,0.51,2.4436799999999965,-22.402818735559755,energy_or_commitment_infeasible,w240_current_a35,,False
240,current,1140,1380,profile_0040,low_frequency,0.19,59.606739835841466,38.39326016415854,energy_or_commitment_infeasible,w240_current_a36,,False
240,current,1140,1380,profile_0041,piecewise,0.4659712238638226,10.38294891287551,-13.02277512393935,energy_or_commitment_infeasible,w240_current_a37,,False
240,current,1140,1380,profile_0042,high_frequency,0.6113429253787258,-18.703303762159543,-43.99326805537525,energy_or_commitment_infeasible,w240_current_a38,,False
240,current,1140,1380,profile_0043,low_frequency,0.4,22.27888,0.873454222222224,energy_or_commitment_infeasible,w240_current_a39,,False
240,current,1140,1380,profile_0044,piecewise,0.4059712238638226,21.202148912875515,-0.24016642828717152,energy_or_commitment_infeasible,w240_current_a40,,False
240,current,1140,1380,profile_0045,high_frequency,0.4926858507574516,5.565767391416331,-18.714152157799436,energy_or_commitment_infeasible,w240_current_a41,,False
240,current,1140,1380,profile_0046,low_frequency,0.36,29.491680000000002,8.086254222222227,energy_or_commitment_infeasible,w240_current_a42,,False
240,current,1140,1380,profile_0047,piecewise,0.2573141492425484,48.00799260858367,26.6025668308059,energy_or_commitment_infeasible,w240_current_a43,,False
240,current,1140,1380,profile_0048,high_frequency,0.61,-18.417202268430998,-43.70716656164671,energy_or_commitment_infeasible,w240_current_a44,,False
240,current,1140,1380,profile_0049,low_frequency,0.54,-3.5041587901701314,-28.794123083385838,energy_or_commitment_infeasible,w240_current_a45,,False
240,current,1140,1380,profile_0050,piecewise,0.6446282984850968,-25.794535423951622,-51.084499717167326,energy_or_commitment_infeasible,w240_current_a46,,False
240,current,1140,1380,profile_0051,high_frequency,0.5786570746212741,-11.739796426876357,-37.029760720092064,energy_or_commitment_infeasible,w240_current_a47,,False
240,current,1140,1380,profile_0052,low_frequency,0.55,-5.634593572778836,-30.92455786599454,energy_or_commitment_infeasible,w240_current_a6,,True
240,current,1140,1380,profile_0053,piecewise,0.1886570746212742,59.555044920649394,38.444955079350606,energy_or_commitment_infeasible,w240_current_a48,,False
240,current,1140,1380,profile_0054,high_frequency,0.63,-22.678071833648392,-47.9680361268641,energy_or_commitment_infeasible,w240_current_a49,,False
240,current,1140,1380,profile_0055,low_frequency,0.12,57.44963263914401,40.55036736085599,energy_or_commitment_infeasible,w240_current_a50,,False
240,current,1140,1380,profile_0056,piecewise,0.25865707462127424,47.76583630429183,26.360410526514055,energy_or_commitment_infeasible,w240_current_a51,,False
240,current,1140,1380,profile_0057,high_frequency,0.48134292537872575,7.611123695708178,-16.29761588146219,energy_or_commitment_infeasible,w240_current_a52,,False
240,current,1140,1380,profile_0058,low_frequency,0.13865707462127422,57.933889634250065,40.06611036574994,energy_or_commitment_infeasible,w240_current_a53,,False
240,current,1140,1380,profile_0059,piecewise,0.08,56.5699159700352,41.430084029964796,energy_or_commitment_infeasible,w240_current_a54,,False
240,current,1140,1380,profile_0060,high_frequency,0.45865707462127425,11.701836304291835,-11.464543328787736,energy_or_commitment_infeasible,w240_current_a55,,False
240,current,1140,1380,profile_0061,low_frequency,0.5,4.246880000000004,-20.272383952951053,energy_or_commitment_infeasible,w240_current_a0,,True
240,current,1140,1380,profile_0062,piecewise,0.4059712238638226,21.202148912875515,-0.24016642828717152,energy_or_commitment_infeasible,w240_current_a40,,True
240,current,1140,1380,profile_0063,high_frequency,0.5286570746212742,-1.0876225138328977,-26.377586807048605,energy_or_commitment_infeasible,w240_current_a56,,False
300,current,1080,1380,profile_0000,constant,0.05,56.02163343726689,41.9783665627331,energy_or_commitment_infeasible,w300_current_a1,,False
300,current,1080,1380,profile_0001,constant,0.15,58.256413878599744,39.74358612140025,energy_or_commitment_infeasible,w300_current_a2,,False
300,current,1080,1380,profile_0002,constant,0.25,49.32688,27.92145422222223,energy_or_commitment_infeasible,w300_current_a3,,False
300,current,1080,1380,profile_0003,constant,0.35,31.29488000000001,9.889454222222234,energy_or_commitment_infeasible,w300_current_a4,,False
300,current,1080,1380,profile_0004,constant,0.45,13.262880000000003,-9.620210039907576,energy_or_commitment_infeasible,w300_current_a5,,False
300,current,1080,1380,profile_0005,constant,0.55,-5.634593572778836,-30.92455786599454,energy_or_commitment_infeasible,w300_current_a6,,False
300,current,1080,1380,profile_0006,constant,0.65,-26.938941398865786,-52.22890569208149,energy_or_commitment_infeasible,w300_current_a7,,False
300,current,1080,1380,profile_0007,constant,0.75,-38.82391663900666,-59.17608336099334,energy_or_commitment_infeasible,w300_current_a8,,False
300,current,1080,1380,profile_0008,constant,0.85,-41.461560037479394,-56.53843996252061,energy_or_commitment_infeasible,w300_current_a9,,False
300,current,1080,1380,profile_0009,constant,0.95,-47.14535843375604,-50.854641566243956,energy_or_commitment_infeasible,w300_current_a10,,False
300,current,1080,1380,profile_0010,ramp,0.0586570746212742,56.17152414947984,41.82847585052015,energy_or_commitment_infeasible,w300_current_a11,,False
300,current,1080,1380,profile_0011,ramp,0.9413429253787258,-46.643812601068916,-51.35618739893109,energy_or_commitment_infeasible,w300_current_a12,,False
300,current,1080,1380,profile_0012,ramp,0.2,58.34288,36.93745422222223,energy_or_commitment_infeasible,w300_current_a13,,False
300,current,1080,1380,profile_0013,ramp,0.8,-40.33910723201597,-57.66089276798404,energy_or_commitment_infeasible,w300_current_a14,,False
300,current,1080,1380,profile_0014,ramp,0.35,31.29488000000001,9.889454222222234,energy_or_commitment_infeasible,w300_current_a4,,True
300,current,1080,1380,profile_0015,ramp,0.65,-26.938941398865786,-52.22890569208149,energy_or_commitment_infeasible,w300_current_a7,,True
300,current,1080,1380,profile_0016,low_frequency,0.23,52.93328,31.527854222222224,energy_or_commitment_infeasible,w300_current_a15,,False
300,current,1080,1380,profile_0017,piecewise,0.0886570746212742,56.74441983559412,41.25558016440589,energy_or_commitment_infeasible,w300_current_a16,,False
300,current,1080,1380,profile_0018,high_frequency,0.68,-33.330245746691865,-58.620210039907576,energy_or_commitment_infeasible,w300_current_a17,,False
300,current,1080,1380,profile_0019,low_frequency,0.41,20.475680000000004,-1.098470909472791,energy_or_commitment_infeasible,w300_current_a18,,False
300,current,1080,1380,profile_0020,piecewise,0.7519424477276453,-38.89261128791064,-59.10738871208936,energy_or_commitment_infeasible,w300_current_a19,,False
300,current,1080,1380,profile_0021,high_frequency,0.7586570746212742,-39.12309263201201,-58.876907367988,energy_or_commitment_infeasible,w300_current_a20,,False
300,current,1080,1380,profile_0022,low_frequency,0.45,13.262880000000003,-9.620210039907576,energy_or_commitment_infeasible,w300_current_a5,,True
300,current,1080,1380,profile_0023,piecewise,0.3173141492425484,37.188792608583675,15.7833668308059,energy_or_commitment_infeasible,w300_current_a21,,False
300,current,1080,1380,profile_0024,high_frequency,0.25,49.32688,27.92145422222223,energy_or_commitment_infeasible,w300_current_a3,,True
300,current,1080,1380,profile_0025,low_frequency,0.59,-14.156332703213605,-39.44629699642931,energy_or_commitment_infeasible,w300_current_a22,,False
300,current,1080,1380,profile_0026,piecewise,0.1786570746212742,59.185393941980514,38.814606058019486,energy_or_commitment_infeasible,w300_current_a23,,False
300,current,1080,1380,profile_0027,high_frequency,0.5773141492425484,-11.453694933147828,-36.74365922636353,energy_or_commitment_infeasible,w300_current_a24,,False
300,current,1080,1380,profile_0028,low_frequency,0.31,38.50768000000001,17.102254222222232,energy_or_commitment_infeasible,w300_current_a25,,False
300,current,1080,1380,profile_0029,piecewise,0.7619424477276453,-39.2320764141375,-58.7679235858625,energy_or_commitment_infeasible,w300_current_a26,,False
300,current,1080,1380,profile_0030,high_frequency,0.4186570746212742,18.91463630429184,-2.9428041983529503,energy_or_commitment_infeasible,w300_current_a27,,False
300,current,1080,1380,profile_0031,low_frequency,0.44,15.066080000000008,-7.489775257298873,energy_or_commitment_infeasible,w300_current_a28,,False
300,current,1080,1380,profile_0032,piecewise,0.2373141492425484,51.61439260858368,30.208966830805906,energy_or_commitment_infeasible,w300_current_a29,,False
300,current,1080,1380,profile_0033,high_frequency,0.52,0.6404800000000023,-24.533253518168443,energy_or_commitment_infeasible,w300_current_a30,,False
300,current,1080,1380,profile_0034,low_frequency,0.62,-20.547637051039686,-45.8376013442554,energy_or_commitment_infeasible,w300_current_a31,,False
300,current,1080,1380,profile_0035,piecewise,0.623285373106371,-21.247564365005683,-46.53752865822139,energy_or_commitment_infeasible,w300_current_a32,,False
300,current,1080,1380,profile_0036,high_frequency,0.68,-33.330245746691865,-58.620210039907576,energy_or_commitment_infeasible,w300_current_a17,,True
300,current,1080,1380,profile_0037,low_frequency,0.5813429253787258,-12.311999414333446,-37.60196370754915,energy_or_commitment_infeasible,w300_current_a33,,False
300,current,1080,1380,profile_0038,piecewise,0.3073141492425484,38.99199260858367,17.5865668308059,energy_or_commitment_infeasible,w300_current_a34,,False
300,current,1080,1380,profile_0039,high_frequency,0.51,2.4436799999999965,-22.402818735559755,energy_or_commitment_infeasible,w300_current_a35,,False
300,current,1080,1380,profile_0040,low_frequency,0.19,59.606739835841466,38.39326016415854,energy_or_commitment_infeasible,w300_current_a36,,False
300,current,1080,1380,profile_0041,piecewise,0.4659712238638226,10.38294891287551,-13.02277512393935,energy_or_commitment_infeasible,w300_current_a37,,False
300,current,1080,1380,profile_0042,high_frequency,0.6113429253787258,-18.703303762159543,-43.99326805537525,energy_or_commitment_infeasible,w300_current_a38,,False
300,current,1080,1380,profile_0043,low_frequency,0.4,22.27888,0.873454222222224,energy_or_commitment_infeasible,w300_current_a39,,False
300,current,1080,1380,profile_0044,piecewise,0.4059712238638226,21.202148912875515,-0.24016642828717152,energy_or_commitment_infeasible,w300_current_a40,,False
300,current,1080,1380,profile_0045,high_frequency,0.4926858507574516,5.565767391416331,-18.714152157799436,energy_or_commitment_infeasible,w300_current_a41,,False
300,current,1080,1380,profile_0046,low_frequency,0.36,29.491680000000002,8.086254222222227,energy_or_commitment_infeasible,w300_current_a42,,False
300,current,1080,1380,profile_0047,piecewise,0.2573141492425484,48.00799260858367,26.6025668308059,energy_or_commitment_infeasible,w300_current_a43,,False
300,current,1080,1380,profile_0048,high_frequency,0.61,-18.417202268430998,-43.70716656164671,energy_or_commitment_infeasible,w300_current_a44,,False
300,current,1080,1380,profile_0049,low_frequency,0.54,-3.5041587901701314,-28.794123083385838,energy_or_commitment_infeasible,w300_current_a45,,False
300,current,1080,1380,profile_0050,piecewise,0.6446282984850968,-25.794535423951622,-51.084499717167326,energy_or_commitment_infeasible,w300_current_a46,,False
300,current,1080,1380,profile_0051,high_frequency,0.5786570746212741,-11.739796426876357,-37.029760720092064,energy_or_commitment_infeasible,w300_current_a47,,False
300,current,1080,1380,profile_0052,low_frequency,0.55,-5.634593572778836,-30.92455786599454,energy_or_commitment_infeasible,w300_current_a6,,True
300,current,1080,1380,profile_0053,piecewise,0.1886570746212742,59.555044920649394,38.444955079350606,energy_or_commitment_infeasible,w300_current_a48,,False
300,current,1080,1380,profile_0054,high_frequency,0.63,-22.678071833648392,-47.9680361268641,energy_or_commitment_infeasible,w300_current_a49,,False
300,current,1080,1380,profile_0055,low_frequency,0.12,57.44963263914401,40.55036736085599,energy_or_commitment_infeasible,w300_current_a50,,False
300,current,1080,1380,profile_0056,piecewise,0.25865707462127424,47.76583630429183,26.360410526514055,energy_or_commitment_infeasible,w300_current_a51,,False
300,current,1080,1380,profile_0057,high_frequency,0.48134292537872575,7.611123695708178,-16.29761588146219,energy_or_commitment_infeasible,w300_current_a52,,False
300,current,1080,1380,profile_0058,low_frequency,0.13865707462127422,57.933889634250065,40.06611036574994,energy_or_commitment_infeasible,w300_current_a53,,False
300,current,1080,1380,profile_0059,piecewise,0.08,56.5699159700352,41.430084029964796,energy_or_commitment_infeasible,w300_current_a54,,False
300,current,1080,1380,profile_0060,high_frequency,0.45865707462127425,11.701836304291835,-11.464543328787736,energy_or_commitment_infeasible,w300_current_a55,,False
300,current,1080,1380,profile_0061,low_frequency,0.5,4.246880000000004,-20.272383952951053,energy_or_commitment_infeasible,w300_current_a0,,True
300,current,1080,1380,profile_0062,piecewise,0.4059712238638226,21.202148912875515,-0.24016642828717152,energy_or_commitment_infeasible,w300_current_a40,,True
300,current,1080,1380,profile_0063,high_frequency,0.5286570746212742,-1.0876225138328977,-26.377586807048605,energy_or_commitment_infeasible,w300_current_a56,,False
360,current,1020,1380,profile_0000,constant,0.05,56.02163343726689,41.97836656273311,energy_or_commitment_infeasible,w360_current_a1,,False
360,current,1020,1380,profile_0001,constant,0.15,58.25641387859974,39.74358612140026,energy_or_commitment_infeasible,w360_current_a2,,False
360,current,1020,1380,profile_0002,constant,0.25,49.326879999999996,27.92145422222223,energy_or_commitment_infeasible,w360_current_a3,,False
360,current,1020,1380,profile_0003,constant,0.35,31.29488,9.889454222222234,energy_or_commitment_infeasible,w360_current_a4,,False
360,current,1020,1380,profile_0004,constant,0.45,13.262879999999988,-9.620210039907576,energy_or_commitment_infeasible,w360_current_a5,,False
360,current,1020,1380,profile_0005,constant,0.55,-5.634593572778851,-30.92455786599454,energy_or_commitment_infeasible,w360_current_a6,,False
360,current,1020,1380,profile_0006,constant,0.65,-26.9389413988658,-52.22890569208149,energy_or_commitment_infeasible,w360_current_a7,,False
360,current,1020,1380,profile_0007,constant,0.75,-38.82391663900667,-59.17608336099333,energy_or_commitment_infeasible,w360_current_a8,,False
360,current,1020,1380,profile_0008,constant,0.85,-41.461560037479394,-56.538439962520606,energy_or_commitment_infeasible,w360_current_a9,,False
360,current,1020,1380,profile_0009,constant,0.95,-47.145358433756044,-50.854641566243956,energy_or_commitment_infeasible,w360_current_a10,,False
360,current,1020,1380,profile_0010,ramp,0.0586570746212742,56.17152414947984,41.82847585052016,energy_or_commitment_infeasible,w360_current_a11,,False
360,current,1020,1380,profile_0011,ramp,0.9413429253787258,-46.64381260106891,-51.356187398931084,energy_or_commitment_infeasible,w360_current_a12,,False
360,current,1020,1380,profile_0012,ramp,0.2,58.342879999999994,36.93745422222223,energy_or_commitment_infeasible,w360_current_a13,,False
360,current,1020,1380,profile_0013,ramp,0.8,-40.33910723201597,-57.66089276798402,energy_or_commitment_infeasible,w360_current_a14,,False
360,current,1020,1380,profile_0014,ramp,0.35,31.29488,9.889454222222234,energy_or_commitment_infeasible,w360_current_a4,,True
360,current,1020,1380,profile_0015,ramp,0.65,-26.9389413988658,-52.22890569208149,energy_or_commitment_infeasible,w360_current_a7,,True
360,current,1020,1380,profile_0016,low_frequency,0.23,52.93327999999999,31.527854222222224,energy_or_commitment_infeasible,w360_current_a15,,False
360,current,1020,1380,profile_0017,piecewise,0.0886570746212742,56.744419835594115,41.25558016440589,energy_or_commitment_infeasible,w360_current_a16,,False
360,current,1020,1380,profile_0018,high_frequency,0.68,-33.33024574669188,-58.620210039907576,energy_or_commitment_infeasible,w360_current_a17,,False
360,current,1020,1380,profile_0019,low_frequency,0.41,20.475679999999993,-1.098470909472791,energy_or_commitment_infeasible,w360_current_a18,,False
360,current,1020,1380,profile_0020,piecewise,0.7519424477276453,-38.89261128791065,-59.10738871208936,energy_or_commitment_infeasible,w360_current_a19,,False
360,current,1020,1380,profile_0021,high_frequency,0.7586570746212742,-39.12309263201201,-58.876907367987975,energy_or_commitment_infeasible,w360_current_a20,,False
360,current,1020,1380,profile_0022,low_frequency,0.45,13.262879999999988,-9.620210039907576,energy_or_commitment_infeasible,w360_current_a5,,True
360,current,1020,1380,profile_0023,piecewise,0.3173141492425484,37.18879260858366,15.7833668308059,energy_or_commitment_infeasible,w360_current_a21,,False
360,current,1020,1380,profile_0024,high_frequency,0.25,49.326879999999996,27.92145422222223,energy_or_commitment_infeasible,w360_current_a3,,True
360,current,1020,1380,profile_0025,low_frequency,0.59,-14.156332703213621,-39.44629699642931,energy_or_commitment_infeasible,w360_current_a22,,False
360,current,1020,1380,profile_0026,piecewise,0.1786570746212742,59.18539394198051,38.81460605801949,energy_or_commitment_infeasible,w360_current_a23,,False
360,current,1020,1380,profile_0027,high_frequency,0.5773141492425484,-11.453694933147842,-36.74365922636353,energy_or_commitment_infeasible,w360_current_a24,,False
360,current,1020,1380,profile_0028,low_frequency,0.31,38.50767999999999,17.102254222222232,energy_or_commitment_infeasible,w360_current_a25,,False
360,current,1020,1380,profile_0029,piecewise,0.7619424477276453,-39.23207641413751,-58.76792358586249,energy_or_commitment_infeasible,w360_current_a26,,False
360,current,1020,1380,profile_0030,high_frequency,0.4186570746212742,18.914636304291825,-2.9428041983529503,energy_or_commitment_infeasible,w360_current_a27,,False
360,current,1020,1380,profile_0031,low_frequency,0.44,15.066079999999996,-7.489775257298873,energy_or_commitment_infeasible,w360_current_a28,,False
360,current,1020,1380,profile_0032,piecewise,0.2373141492425484,51.61439260858367,30.208966830805906,energy_or_commitment_infeasible,w360_current_a29,,False
360,current,1020,1380,profile_0033,high_frequency,0.52,0.6404799999999893,-24.533253518168443,energy_or_commitment_infeasible,w360_current_a30,,False
360,current,1020,1380,profile_0034,low_frequency,0.62,-20.547637051039704,-45.8376013442554,energy_or_commitment_infeasible,w360_current_a31,,False
360,current,1020,1380,profile_0035,piecewise,0.623285373106371,-21.247564365005697,-46.53752865822139,energy_or_commitment_infeasible,w360_current_a32,,False
360,current,1020,1380,profile_0036,high_frequency,0.68,-33.33024574669188,-58.620210039907576,energy_or_commitment_infeasible,w360_current_a17,,True
360,current,1020,1380,profile_0037,low_frequency,0.5813429253787258,-12.311999414333462,-37.60196370754915,energy_or_commitment_infeasible,w360_current_a33,,False
360,current,1020,1380,profile_0038,piecewise,0.3073141492425484,38.991992608583665,17.5865668308059,energy_or_commitment_infeasible,w360_current_a34,,False
360,current,1020,1380,profile_0039,high_frequency,0.51,2.4436799999999836,-22.402818735559755,energy_or_commitment_infeasible,w360_current_a35,,False
360,current,1020,1380,profile_0040,low_frequency,0.19,59.60673983584145,38.393260164158555,energy_or_commitment_infeasible,w360_current_a36,,False
360,current,1020,1380,profile_0041,piecewise,0.4659712238638226,10.382948912875495,-13.02277512393935,energy_or_commitment_infeasible,w360_current_a37,,False
360,current,1020,1380,profile_0042,high_frequency,0.6113429253787258,-18.70330376215956,-43.99326805537525,energy_or_commitment_infeasible,w360_current_a38,,False
360,current,1020,1380,profile_0043,low_frequency,0.4,22.278879999999987,0.873454222222224,energy_or_commitment_infeasible,w360_current_a39,,False
360,current,1020,1380,profile_0044,piecewise,0.4059712238638226,21.2021489128755,-0.24016642828717152,energy_or_commitment_infeasible,w360_current_a40,,False
360,current,1020,1380,profile_0045,high_frequency,0.4926858507574516,5.565767391416317,-18.714152157799436,energy_or_commitment_infeasible,w360_current_a41,,False
360,current,1020,1380,profile_0046,low_frequency,0.36,29.49167999999999,8.086254222222227,energy_or_commitment_infeasible,w360_current_a42,,False
360,current,1020,1380,profile_0047,piecewise,0.2573141492425484,48.00799260858366,26.6025668308059,energy_or_commitment_infeasible,w360_current_a43,,False
360,current,1020,1380,profile_0048,high_frequency,0.61,-18.417202268431016,-43.70716656164671,energy_or_commitment_infeasible,w360_current_a44,,False
360,current,1020,1380,profile_0049,low_frequency,0.54,-3.504158790170147,-28.794123083385838,energy_or_commitment_infeasible,w360_current_a45,,False
360,current,1020,1380,profile_0050,piecewise,0.6446282984850968,-25.794535423951636,-51.084499717167326,energy_or_commitment_infeasible,w360_current_a46,,False
360,current,1020,1380,profile_0051,high_frequency,0.5786570746212741,-11.739796426876373,-37.029760720092064,energy_or_commitment_infeasible,w360_current_a47,,False
360,current,1020,1380,profile_0052,low_frequency,0.55,-5.634593572778851,-30.92455786599454,energy_or_commitment_infeasible,w360_current_a6,,True
360,current,1020,1380,profile_0053,piecewise,0.1886570746212742,59.555044920649394,38.44495507935061,energy_or_commitment_infeasible,w360_current_a48,,False
360,current,1020,1380,profile_0054,high_frequency,0.63,-22.678071833648406,-47.9680361268641,energy_or_commitment_infeasible,w360_current_a49,,False
360,current,1020,1380,profile_0055,low_frequency,0.12,57.44963263914401,40.550367360855994,energy_or_commitment_infeasible,w360_current_a50,,False
360,current,1020,1380,profile_0056,piecewise,0.25865707462127424,47.76583630429182,26.360410526514055,energy_or_commitment_infeasible,w360_current_a51,,False
360,current,1020,1380,profile_0057,high_frequency,0.48134292537872575,7.611123695708165,-16.29761588146219,energy_or_commitment_infeasible,w360_current_a52,,False
360,current,1020,1380,profile_0058,low_frequency,0.13865707462127422,57.93388963425006,40.06611036574995,energy_or_commitment_infeasible,w360_current_a53,,False
360,current,1020,1380,profile_0059,piecewise,0.08,56.569915970035204,41.43008402996481,energy_or_commitment_infeasible,w360_current_a54,,False
360,current,1020,1380,profile_0060,high_frequency,0.45865707462127425,11.701836304291822,-11.464543328787736,energy_or_commitment_infeasible,w360_current_a55,,False
360,current,1020,1380,profile_0061,low_frequency,0.5,4.246879999999991,-20.272383952951053,energy_or_commitment_infeasible,w360_current_a0,,True
360,current,1020,1380,profile_0062,piecewise,0.4059712238638226,21.2021489128755,-0.24016642828717152,energy_or_commitment_infeasible,w360_current_a40,,True
360,current,1020,1380,profile_0063,high_frequency,0.5286570746212742,-1.087622513832913,-26.377586807048605,energy_or_commitment_infeasible,w360_current_a56,,False
420,current,960,1380,profile_0000,constant,0.05,56.02163343726687,41.97836656273312,energy_or_commitment_infeasible,w420_current_a1,,False
420,current,960,1380,profile_0001,constant,0.15,58.25641387859972,39.74358612140028,energy_or_commitment_infeasible,w420_current_a2,,False
420,current,960,1380,profile_0002,constant,0.25,49.326879999999925,27.92145422222223,energy_or_commitment_infeasible,w420_current_a3,,False
420,current,960,1380,profile_0003,constant,0.35,31.29487999999993,9.889454222222234,energy_or_commitment_infeasible,w420_current_a4,,False
420,current,960,1380,profile_0004,constant,0.45,13.262879999999923,-9.620210039907576,energy_or_commitment_infeasible,w420_current_a5,,False
420,current,960,1380,profile_0005,constant,0.55,-5.634593572778928,-30.92455786599454,energy_or_commitment_infeasible,w420_current_a6,,False
420,current,960,1380,profile_0006,constant,0.65,-26.93894139886588,-52.22890569208149,energy_or_commitment_infeasible,w420_current_a7,,False
420,current,960,1380,profile_0007,constant,0.75,-38.823916639006704,-59.176083360993296,energy_or_commitment_infeasible,w420_current_a8,,False
420,current,960,1380,profile_0008,constant,0.85,-41.461560037479416,-56.53843996252057,energy_or_commitment_infeasible,w420_current_a9,,False
420,current,960,1380,profile_0009,constant,0.95,-47.14535843375607,-50.85464156624394,energy_or_commitment_infeasible,w420_current_a10,,False
420,current,960,1380,profile_0010,ramp,0.0586570746212742,56.17152414947983,41.82847585052018,energy_or_commitment_infeasible,w420_current_a11,,False
420,current,960,1380,profile_0011,ramp,0.9413429253787258,-46.643812601068944,-51.35618739893107,energy_or_commitment_infeasible,w420_current_a12,,False
420,current,960,1380,profile_0012,ramp,0.2,58.34287999999992,36.93745422222223,energy_or_commitment_infeasible,w420_current_a13,,False
420,current,960,1380,profile_0013,ramp,0.8,-40.339107232016005,-57.660892767984,energy_or_commitment_infeasible,w420_current_a14,,False
420,current,960,1380,profile_0014,ramp,0.35,31.29487999999993,9.889454222222234,energy_or_commitment_infeasible,w420_current_a4,,True
420,current,960,1380,profile_0015,ramp,0.65,-26.93894139886588,-52.22890569208149,energy_or_commitment_infeasible,w420_current_a7,,True
420,current,960,1380,profile_0016,low_frequency,0.23,52.933279999999925,31.527854222222224,energy_or_commitment_infeasible,w420_current_a15,,False
420,current,960,1380,profile_0017,piecewise,0.0886570746212742,56.74441983559408,41.255580164405906,energy_or_commitment_infeasible,w420_current_a16,,False
420,current,960,1380,profile_0018,high_frequency,0.68,-33.33024574669196,-58.620210039907576,energy_or_commitment_infeasible,w420_current_a17,,False
420,current,960,1380,profile_0019,low_frequency,0.41,20.475679999999926,-1.098470909472791,energy_or_commitment_infeasible,w420_current_a18,,False
420,current,960,1380,profile_0020,piecewise,0.7519424477276453,-38.89261128791068,-59.10738871208932,energy_or_commitment_infeasible,w420_current_a19,,False
420,current,960,1380,profile_0021,high_frequency,0.7586570746212742,-39.123092632012046,-58.87690736798795,energy_or_commitment_infeasible,w420_current_a20,,False
420,current,960,1380,profile_0022,low_frequency,0.45,13.262879999999923,-9.620210039907576,energy_or_commitment_infeasible,w420_current_a5,,True
420,current,960,1380,profile_0023,piecewise,0.3173141492425484,37.1887926085836,15.7833668308059,energy_or_commitment_infeasible,w420_current_a21,,False
420,current,960,1380,profile_0024,high_frequency,0.25,49.326879999999925,27.92145422222223,energy_or_commitment_infeasible,w420_current_a3,,True
420,current,960,1380,profile_0025,low_frequency,0.59,-14.156332703213698,-39.44629699642931,energy_or_commitment_infeasible,w420_current_a22,,False
420,current,960,1380,profile_0026,piecewise,0.1786570746212742,59.18539394198049,38.81460605801952,energy_or_commitment_infeasible,w420_current_a23,,False
420,current,960,1380,profile_0027,high_frequency,0.5773141492425484,-11.45369493314792,-36.74365922636353,energy_or_commitment_infeasible,w420_current_a24,,False
420,current,960,1380,profile_0028,low_frequency,0.31,38.50767999999993,17.102254222222232,energy_or_commitment_infeasible,w420_current_a25,,False
420,current,960,1380,profile_0029,piecewise,0.7619424477276453,-39.232076414137545,-58.767923585862455,energy_or_commitment_infeasible,w420_current_a26,,False
420,current,960,1380,profile_0030,high_frequency,0.4186570746212742,18.91463630429176,-2.9428041983529503,energy_or_commitment_infeasible,w420_current_a27,,False
420,current,960,1380,profile_0031,low_frequency,0.44,15.06607999999993,-7.489775257298873,energy_or_commitment_infeasible,w420_current_a28,,False
420,current,960,1380,profile_0032,piecewise,0.2373141492425484,51.6143926085836,30.208966830805906,energy_or_commitment_infeasible,w420_current_a29,,False
420,current,960,1380,profile_0033,high_frequency,0.52,0.6404799999999239,-24.533253518168443,energy_or_commitment_infeasible,w420_current_a30,,False
420,current,960,1380,profile_0034,low_frequency,0.62,-20.547637051039782,-45.8376013442554,energy_or_commitment_infeasible,w420_current_a31,,False
420,current,960,1380,profile_0035,piecewise,0.623285373106371,-21.247564365005775,-46.53752865822139,energy_or_commitment_infeasible,w420_current_a32,,False
420,current,960,1380,profile_0036,high_frequency,0.68,-33.33024574669196,-58.620210039907576,energy_or_commitment_infeasible,w420_current_a17,,True
420,current,960,1380,profile_0037,low_frequency,0.5813429253787258,-12.31199941433354,-37.60196370754915,energy_or_commitment_infeasible,w420_current_a33,,False
420,current,960,1380,profile_0038,piecewise,0.3073141492425484,38.991992608583594,17.5865668308059,energy_or_commitment_infeasible,w420_current_a34,,False
420,current,960,1380,profile_0039,high_frequency,0.51,2.4436799999999184,-22.402818735559755,energy_or_commitment_infeasible,w420_current_a35,,False
420,current,960,1380,profile_0040,low_frequency,0.19,59.60673983584143,38.393260164158576,energy_or_commitment_infeasible,w420_current_a36,,False
420,current,960,1380,profile_0041,piecewise,0.4659712238638226,10.38294891287543,-13.02277512393935,energy_or_commitment_infeasible,w420_current_a37,,False
420,current,960,1380,profile_0042,high_frequency,0.6113429253787258,-18.703303762159635,-43.99326805537525,energy_or_commitment_infeasible,w420_current_a38,,False
420,current,960,1380,profile_0043,low_frequency,0.4,22.278879999999923,0.873454222222224,energy_or_commitment_infeasible,w420_current_a39,,False
420,current,960,1380,profile_0044,piecewise,0.4059712238638226,21.202148912875437,-0.24016642828717152,energy_or_commitment_infeasible,w420_current_a40,,False
420,current,960,1380,profile_0045,high_frequency,0.4926858507574516,5.565767391416252,-18.714152157799436,energy_or_commitment_infeasible,w420_current_a41,,False
420,current,960,1380,profile_0046,low_frequency,0.36,29.491679999999924,8.086254222222227,energy_or_commitment_infeasible,w420_current_a42,,False
420,current,960,1380,profile_0047,piecewise,0.2573141492425484,48.00799260858359,26.6025668308059,energy_or_commitment_infeasible,w420_current_a43,,False
420,current,960,1380,profile_0048,high_frequency,0.61,-18.41720226843109,-43.70716656164671,energy_or_commitment_infeasible,w420_current_a44,,False
420,current,960,1380,profile_0049,low_frequency,0.54,-3.504158790170224,-28.794123083385838,energy_or_commitment_infeasible,w420_current_a45,,False
420,current,960,1380,profile_0050,piecewise,0.6446282984850968,-25.794535423951714,-51.084499717167326,energy_or_commitment_infeasible,w420_current_a46,,False
420,current,960,1380,profile_0051,high_frequency,0.5786570746212741,-11.739796426876449,-37.029760720092064,energy_or_commitment_infeasible,w420_current_a47,,False
420,current,960,1380,profile_0052,low_frequency,0.55,-5.634593572778928,-30.92455786599454,energy_or_commitment_infeasible,w420_current_a6,,True
420,current,960,1380,profile_0053,piecewise,0.1886570746212742,59.55504492064936,38.444955079350635,energy_or_commitment_infeasible,w420_current_a48,,False
420,current,960,1380,profile_0054,high_frequency,0.63,-22.678071833648485,-47.9680361268641,energy_or_commitment_infeasible,w420_current_a49,,False
420,current,960,1380,profile_0055,low_frequency,0.12,57.449632639143985,40.550367360856015,energy_or_commitment_infeasible,w420_current_a50,,False
420,current,960,1380,profile_0056,piecewise,0.25865707462127424,47.76583630429175,26.360410526514055,energy_or_commitment_infeasible,w420_current_a51,,False
420,current,960,1380,profile_0057,high_frequency,0.48134292537872575,7.6111236957081,-16.29761588146219,energy_or_commitment_infeasible,w420_current_a52,,False
420,current,960,1380,profile_0058,low_frequency,0.13865707462127422,57.93388963425003,40.06611036574997,energy_or_commitment_infeasible,w420_current_a53,,False
420,current,960,1380,profile_0059,piecewise,0.08,56.56991597003518,41.43008402996482,energy_or_commitment_infeasible,w420_current_a54,,False
420,current,960,1380,profile_0060,high_frequency,0.45865707462127425,11.701836304291756,-11.464543328787736,energy_or_commitment_infeasible,w420_current_a55,,False
420,current,960,1380,profile_0061,low_frequency,0.5,4.246879999999925,-20.272383952951053,energy_or_commitment_infeasible,w420_current_a0,,True
420,current,960,1380,profile_0062,piecewise,0.4059712238638226,21.202148912875437,-0.24016642828717152,energy_or_commitment_infeasible,w420_current_a40,,True
420,current,960,1380,profile_0063,high_frequency,0.5286570746212742,-1.0876225138329902,-26.377586807048605,energy_or_commitment_infeasible,w420_current_a56,,False
480,current,900,1380,profile_0000,constant,0.05,56.02163343726689,41.9783665627331,energy_or_commitment_infeasible,w480_current_a1,,False
480,current,900,1380,profile_0001,constant,0.15,58.256413878599744,39.74358612140025,energy_or_commitment_infeasible,w480_current_a2,,False
480,current,900,1380,profile_0002,constant,0.25,49.32688,27.92145422222223,energy_or_commitment_infeasible,w480_current_a3,,False
480,current,900,1380,profile_0003,constant,0.35,31.29488000000001,9.889454222222234,energy_or_commitment_infeasible,w480_current_a4,,False
480,current,900,1380,profile_0004,constant,0.45,13.262880000000003,-9.620210039907576,energy_or_commitment_infeasible,w480_current_a5,,False
480,current,900,1380,profile_0005,constant,0.55,-5.634593572778836,-30.92455786599454,energy_or_commitment_infeasible,w480_current_a6,,False
480,current,900,1380,profile_0006,constant,0.65,-26.938941398865786,-52.22890569208149,energy_or_commitment_infeasible,w480_current_a7,,False
480,current,900,1380,profile_0007,constant,0.75,-38.82391663900666,-59.17608336099334,energy_or_commitment_infeasible,w480_current_a8,,False
480,current,900,1380,profile_0008,constant,0.85,-41.461560037479394,-56.53843996252061,energy_or_commitment_infeasible,w480_current_a9,,False
480,current,900,1380,profile_0009,constant,0.95,-47.14535843375604,-50.854641566243956,energy_or_commitment_infeasible,w480_current_a10,,False
480,current,900,1380,profile_0010,ramp,0.0586570746212742,56.17152414947984,41.82847585052015,energy_or_commitment_infeasible,w480_current_a11,,False
480,current,900,1380,profile_0011,ramp,0.9413429253787258,-46.643812601068916,-51.35618739893109,energy_or_commitment_infeasible,w480_current_a12,,False
480,current,900,1380,profile_0012,ramp,0.2,58.34288,36.93745422222223,energy_or_commitment_infeasible,w480_current_a13,,False
480,current,900,1380,profile_0013,ramp,0.8,-40.33910723201597,-57.66089276798404,energy_or_commitment_infeasible,w480_current_a14,,False
480,current,900,1380,profile_0014,ramp,0.35,31.29488000000001,9.889454222222234,energy_or_commitment_infeasible,w480_current_a4,,True
480,current,900,1380,profile_0015,ramp,0.65,-26.938941398865786,-52.22890569208149,energy_or_commitment_infeasible,w480_current_a7,,True
480,current,900,1380,profile_0016,low_frequency,0.23,52.93328,31.527854222222224,energy_or_commitment_infeasible,w480_current_a15,,False
480,current,900,1380,profile_0017,piecewise,0.0886570746212742,56.74441983559412,41.25558016440589,energy_or_commitment_infeasible,w480_current_a16,,False
480,current,900,1380,profile_0018,high_frequency,0.68,-33.330245746691865,-58.620210039907576,energy_or_commitment_infeasible,w480_current_a17,,False
480,current,900,1380,profile_0019,low_frequency,0.41,20.475680000000004,-1.098470909472791,energy_or_commitment_infeasible,w480_current_a18,,False
480,current,900,1380,profile_0020,piecewise,0.7519424477276453,-38.89261128791064,-59.10738871208936,energy_or_commitment_infeasible,w480_current_a19,,False
480,current,900,1380,profile_0021,high_frequency,0.7586570746212742,-39.12309263201201,-58.876907367988,energy_or_commitment_infeasible,w480_current_a20,,False
480,current,900,1380,profile_0022,low_frequency,0.45,13.262880000000003,-9.620210039907576,energy_or_commitment_infeasible,w480_current_a5,,True
480,current,900,1380,profile_0023,piecewise,0.3173141492425484,37.188792608583675,15.7833668308059,energy_or_commitment_infeasible,w480_current_a21,,False
480,current,900,1380,profile_0024,high_frequency,0.25,49.32688,27.92145422222223,energy_or_commitment_infeasible,w480_current_a3,,True
480,current,900,1380,profile_0025,low_frequency,0.59,-14.156332703213605,-39.44629699642931,energy_or_commitment_infeasible,w480_current_a22,,False
480,current,900,1380,profile_0026,piecewise,0.1786570746212742,59.185393941980514,38.814606058019486,energy_or_commitment_infeasible,w480_current_a23,,False
480,current,900,1380,profile_0027,high_frequency,0.5773141492425484,-11.453694933147828,-36.74365922636353,energy_or_commitment_infeasible,w480_current_a24,,False
480,current,900,1380,profile_0028,low_frequency,0.31,38.50768000000001,17.102254222222232,energy_or_commitment_infeasible,w480_current_a25,,False
480,current,900,1380,profile_0029,piecewise,0.7619424477276453,-39.2320764141375,-58.7679235858625,energy_or_commitment_infeasible,w480_current_a26,,False
480,current,900,1380,profile_0030,high_frequency,0.4186570746212742,18.91463630429184,-2.9428041983529503,energy_or_commitment_infeasible,w480_current_a27,,False
480,current,900,1380,profile_0031,low_frequency,0.44,15.066080000000008,-7.489775257298873,energy_or_commitment_infeasible,w480_current_a28,,False
480,current,900,1380,profile_0032,piecewise,0.2373141492425484,51.61439260858368,30.208966830805906,energy_or_commitment_infeasible,w480_current_a29,,False
480,current,900,1380,profile_0033,high_frequency,0.52,0.6404800000000023,-24.533253518168443,energy_or_commitment_infeasible,w480_current_a30,,False
480,current,900,1380,profile_0034,low_frequency,0.62,-20.547637051039686,-45.8376013442554,energy_or_commitment_infeasible,w480_current_a31,,False
480,current,900,1380,profile_0035,piecewise,0.623285373106371,-21.247564365005683,-46.53752865822139,energy_or_commitment_infeasible,w480_current_a32,,False
480,current,900,1380,profile_0036,high_frequency,0.68,-33.330245746691865,-58.620210039907576,energy_or_commitment_infeasible,w480_current_a17,,True
480,current,900,1380,profile_0037,low_frequency,0.5813429253787258,-12.311999414333446,-37.60196370754915,energy_or_commitment_infeasible,w480_current_a33,,False
480,current,900,1380,profile_0038,piecewise,0.3073141492425484,38.99199260858367,17.5865668308059,energy_or_commitment_infeasible,w480_current_a34,,False
480,current,900,1380,profile_0039,high_frequency,0.51,2.4436799999999965,-22.402818735559755,energy_or_commitment_infeasible,w480_current_a35,,False
480,current,900,1380,profile_0040,low_frequency,0.19,59.606739835841466,38.39326016415854,energy_or_commitment_infeasible,w480_current_a36,,False
480,current,900,1380,profile_0041,piecewise,0.4659712238638226,10.38294891287551,-13.02277512393935,energy_or_commitment_infeasible,w480_current_a37,,False
480,current,900,1380,profile_0042,high_frequency,0.6113429253787258,-18.703303762159543,-43.99326805537525,energy_or_commitment_infeasible,w480_current_a38,,False
480,current,900,1380,profile_0043,low_frequency,0.4,22.27888,0.873454222222224,energy_or_commitment_infeasible,w480_current_a39,,False
480,current,900,1380,profile_0044,piecewise,0.4059712238638226,21.202148912875515,-0.24016642828717152,energy_or_commitment_infeasible,w480_current_a40,,False
480,current,900,1380,profile_0045,high_frequency,0.4926858507574516,5.565767391416331,-18.714152157799436,energy_or_commitment_infeasible,w480_current_a41,,False
480,current,900,1380,profile_0046,low_frequency,0.36,29.491680000000002,8.086254222222227,energy_or_commitment_infeasible,w480_current_a42,,False
480,current,900,1380,profile_0047,piecewise,0.2573141492425484,48.00799260858367,26.6025668308059,energy_or_commitment_infeasible,w480_current_a43,,False
480,current,900,1380,profile_0048,high_frequency,0.61,-18.417202268430998,-43.70716656164671,energy_or_commitment_infeasible,w480_current_a44,,False
480,current,900,1380,profile_0049,low_frequency,0.54,-3.5041587901701314,-28.794123083385838,energy_or_commitment_infeasible,w480_current_a45,,False
480,current,900,1380,profile_0050,piecewise,0.6446282984850968,-25.794535423951622,-51.084499717167326,energy_or_commitment_infeasible,w480_current_a46,,False
480,current,900,1380,profile_0051,high_frequency,0.5786570746212741,-11.739796426876357,-37.029760720092064,energy_or_commitment_infeasible,w480_current_a47,,False
480,current,900,1380,profile_0052,low_frequency,0.55,-5.634593572778836,-30.92455786599454,energy_or_commitment_infeasible,w480_current_a6,,True
480,current,900,1380,profile_0053,piecewise,0.1886570746212742,59.555044920649394,38.444955079350606,energy_or_commitment_infeasible,w480_current_a48,,False
480,current,900,1380,profile_0054,high_frequency,0.63,-22.678071833648392,-47.9680361268641,energy_or_commitment_infeasible,w480_current_a49,,False
480,current,900,1380,profile_0055,low_frequency,0.12,57.44963263914401,40.55036736085599,energy_or_commitment_infeasible,w480_current_a50,,False
480,current,900,1380,profile_0056,piecewise,0.25865707462127424,47.76583630429183,26.360410526514055,energy_or_commitment_infeasible,w480_current_a51,,False
480,current,900,1380,profile_0057,high_frequency,0.48134292537872575,7.611123695708178,-16.29761588146219,energy_or_commitment_infeasible,w480_current_a52,,False
480,current,900,1380,profile_0058,low_frequency,0.13865707462127422,57.933889634250065,40.06611036574994,energy_or_commitment_infeasible,w480_current_a53,,False
480,current,900,1380,profile_0059,piecewise,0.08,56.5699159700352,41.430084029964796,energy_or_commitment_infeasible,w480_current_a54,,False
480,current,900,1380,profile_0060,high_frequency,0.45865707462127425,11.701836304291835,-11.464543328787736,energy_or_commitment_infeasible,w480_current_a55,,False
480,current,900,1380,profile_0061,low_frequency,0.5,4.246880000000004,-20.272383952951053,energy_or_commitment_infeasible,w480_current_a0,,True
480,current,900,1380,profile_0062,piecewise,0.4059712238638226,21.202148912875515,-0.24016642828717152,energy_or_commitment_infeasible,w480_current_a40,,True
480,current,900,1380,profile_0063,high_frequency,0.5286570746212742,-1.0876225138328977,-26.377586807048605,energy_or_commitment_infeasible,w480_current_a56,,False
540,current,840,1380,profile_0000,constant,0.05,56.0216334372669,41.97836656273309,energy_or_commitment_infeasible,w540_current_a1,,False
540,current,840,1380,profile_0001,constant,0.15,58.25641387859975,39.74358612140024,energy_or_commitment_infeasible,w540_current_a2,,False
540,current,840,1380,profile_0002,constant,0.25,49.32688000000003,27.92145422222223,energy_or_commitment_infeasible,w540_current_a3,,False
540,current,840,1380,profile_0003,constant,0.35,31.294880000000038,9.889454222222234,energy_or_commitment_infeasible,w540_current_a4,,False
540,current,840,1380,profile_0004,constant,0.45,13.262880000000028,-9.620210039907576,energy_or_commitment_infeasible,w540_current_a5,,False
540,current,840,1380,profile_0005,constant,0.55,-5.634593572778805,-30.92455786599454,energy_or_commitment_infeasible,w540_current_a6,,False
540,current,840,1380,profile_0006,constant,0.65,-26.938941398865754,-52.22890569208149,energy_or_commitment_infeasible,w540_current_a7,,False
540,current,840,1380,profile_0007,constant,0.75,-38.82391663900665,-59.17608336099335,energy_or_commitment_infeasible,w540_current_a8,,False
540,current,840,1380,profile_0008,constant,0.85,-41.46156003747938,-56.53843996252061,energy_or_commitment_infeasible,w540_current_a9,,False
540,current,840,1380,profile_0009,constant,0.95,-47.14535843375603,-50.85464156624398,energy_or_commitment_infeasible,w540_current_a10,,False
540,current,840,1380,profile_0010,ramp,0.0586570746212742,56.171524149479865,41.82847585052015,energy_or_commitment_infeasible,w540_current_a11,,False
540,current,840,1380,profile_0011,ramp,0.9413429253787258,-46.643812601068895,-51.35618739893109,energy_or_commitment_infeasible,w540_current_a12,,False
540,current,840,1380,profile_0012,ramp,0.2,58.34288000000003,36.93745422222223,energy_or_commitment_infeasible,w540_current_a13,,False
540,current,840,1380,profile_0013,ramp,0.8,-40.339107232015955,-57.66089276798405,energy_or_commitment_infeasible,w540_current_a14,,False
540,current,840,1380,profile_0014,ramp,0.35,31.294880000000038,9.889454222222234,energy_or_commitment_infeasible,w540_current_a4,,True
540,current,840,1380,profile_0015,ramp,0.65,-26.938941398865754,-52.22890569208149,energy_or_commitment_infeasible,w540_current_a7,,True
540,current,840,1380,profile_0016,low_frequency,0.23,52.933280000000025,31.527854222222224,energy_or_commitment_infeasible,w540_current_a15,,False
540,current,840,1380,profile_0017,piecewise,0.0886570746212742,56.744419835594115,41.25558016440587,energy_or_commitment_infeasible,w540_current_a16,,False
540,current,840,1380,profile_0018,high_frequency,0.68,-33.33024574669184,-58.620210039907576,energy_or_commitment_infeasible,w540_current_a17,,False
540,current,840,1380,profile_0019,low_frequency,0.41,20.475680000000033,-1.098470909472791,energy_or_commitment_infeasible,w540_current_a18,,False
540,current,840,1380,profile_0020,piecewise,0.7519424477276453,-38.89261128791062,-59.10738871208938,energy_or_commitment_infeasible,w540_current_a19,,False
540,current,840,1380,profile_0021,high_frequency,0.7586570746212742,-39.123092632011996,-58.87690736798801,energy_or_commitment_infeasible,w540_current_a20,,False
540,current,840,1380,profile_0022,low_frequency,0.45,13.262880000000028,-9.620210039907576,energy_or_commitment_infeasible,w540_current_a5,,True
540,current,840,1380,profile_0023,piecewise,0.3173141492425484,37.188792608583704,15.7833668308059,energy_or_commitment_infeasible,w540_current_a21,,False
540,current,840,1380,profile_0024,high_frequency,0.25,49.32688000000003,27.92145422222223,energy_or_commitment_infeasible,w540_current_a3,,True
540,current,840,1380,profile_0025,low_frequency,0.59,-14.156332703213575,-39.44629699642931,energy_or_commitment_infeasible,w540_current_a22,,False
540,current,840,1380,profile_0026,piecewise,0.1786570746212742,59.185393941980514,38.81460605801947,energy_or_commitment_infeasible,w540_current_a23,,False
540,current,840,1380,profile_0027,high_frequency,0.5773141492425484,-11.453694933147796,-36.74365922636353,energy_or_commitment_infeasible,w540_current_a24,,False
540,current,840,1380,profile_0028,low_frequency,0.31,38.507680000000036,17.102254222222232,energy_or_commitment_infeasible,w540_current_a25,,False
540,current,840,1380,profile_0029,piecewise,0.7619424477276453,-39.23207641413749,-58.76792358586252,energy_or_commitment_infeasible,w540_current_a26,,False
540,current,840,1380,profile_0030,high_frequency,0.4186570746212742,18.914636304291864,-2.9428041983529503,energy_or_commitment_infeasible,w540_current_a27,,False
540,current,840,1380,profile_0031,low_frequency,0.44,15.066080000000035,-7.489775257298873,energy_or_commitment_infeasible,w540_current_a28,,False
540,current,840,1380,profile_0032,piecewise,0.2373141492425484,51.61439260858371,30.208966830805906,energy_or_commitment_infeasible,w540_current_a29,,False
540,current,840,1380,profile_0033,high_frequency,0.52,0.6404800000000285,-24.533253518168443,energy_or_commitment_infeasible,w540_current_a30,,False
540,current,840,1380,profile_0034,low_frequency,0.62,-20.547637051039658,-45.8376013442554,energy_or_commitment_infeasible,w540_current_a31,,False
540,current,840,1380,profile_0035,piecewise,0.623285373106371,-21.24756436500565,-46.53752865822139,energy_or_commitment_infeasible,w540_current_a32,,False
540,current,840,1380,profile_0036,high_frequency,0.68,-33.33024574669184,-58.620210039907576,energy_or_commitment_infeasible,w540_current_a17,,True
540,current,840,1380,profile_0037,low_frequency,0.5813429253787258,-12.311999414333416,-37.60196370754915,energy_or_commitment_infeasible,w540_current_a33,,False
540,current,840,1380,profile_0038,piecewise,0.3073141492425484,38.9919926085837,17.5865668308059,energy_or_commitment_infeasible,w540_current_a34,,False
540,current,840,1380,profile_0039,high_frequency,0.51,2.4436800000000227,-22.402818735559755,energy_or_commitment_infeasible,w540_current_a35,,False
540,current,840,1380,profile_0040,low_frequency,0.19,59.60673983584148,38.393260164158534,energy_or_commitment_infeasible,w540_current_a36,,False
540,current,840,1380,profile_0041,piecewise,0.4659712238638226,10.382948912875534,-13.02277512393935,energy_or_commitment_infeasible,w540_current_a37,,False
540,current,840,1380,profile_0042,high_frequency,0.6113429253787258,-18.703303762159514,-43.99326805537525,energy_or_commitment_infeasible,w540_current_a38,,False
540,current,840,1380,profile_0043,low_frequency,0.4,22.278880000000026,0.873454222222224,energy_or_commitment_infeasible,w540_current_a39,,False
540,current,840,1380,profile_0044,piecewise,0.4059712238638226,21.20214891287554,-0.24016642828717152,energy_or_commitment_infeasible,w540_current_a40,,False
540,current,840,1380,profile_0045,high_frequency,0.4926858507574516,5.565767391416356,-18.714152157799436,energy_or_commitment_infeasible,w540_current_a41,,False
540,current,840,1380,profile_0046,low_frequency,0.36,29.49168000000003,8.086254222222227,energy_or_commitment_infeasible,w540_current_a42,,False
540,current,840,1380,profile_0047,piecewise,0.2573141492425484,48.0079926085837,26.6025668308059,energy_or_commitment_infeasible,w540_current_a43,,False
540,current,840,1380,profile_0048,high_frequency,0.61,-18.41720226843097,-43.70716656164671,energy_or_commitment_infeasible,w540_current_a44,,False
540,current,840,1380,profile_0049,low_frequency,0.54,-3.5041587901701003,-28.794123083385838,energy_or_commitment_infeasible,w540_current_a45,,False
540,current,840,1380,profile_0050,piecewise,0.6446282984850968,-25.79453542395159,-51.084499717167326,energy_or_commitment_infeasible,w540_current_a46,,False
540,current,840,1380,profile_0051,high_frequency,0.5786570746212741,-11.739796426876326,-37.029760720092064,energy_or_commitment_infeasible,w540_current_a47,,False
540,current,840,1380,profile_0052,low_frequency,0.55,-5.634593572778805,-30.92455786599454,energy_or_commitment_infeasible,w540_current_a6,,True
540,current,840,1380,profile_0053,piecewise,0.1886570746212742,59.5550449206494,38.44495507935059,energy_or_commitment_infeasible,w540_current_a48,,False
540,current,840,1380,profile_0054,high_frequency,0.63,-22.67807183364836,-47.9680361268641,energy_or_commitment_infeasible,w540_current_a49,,False
540,current,840,1380,profile_0055,low_frequency,0.12,57.44963263914402,40.55036736085597,energy_or_commitment_infeasible,w540_current_a50,,False
540,current,840,1380,profile_0056,piecewise,0.25865707462127424,47.76583630429186,26.360410526514055,energy_or_commitment_infeasible,w540_current_a51,,False
540,current,840,1380,profile_0057,high_frequency,0.48134292537872575,7.611123695708205,-16.29761588146219,energy_or_commitment_infeasible,w540_current_a52,,False
540,current,840,1380,profile_0058,low_frequency,0.13865707462127422,57.933889634250065,40.066110365749935,energy_or_commitment_infeasible,w540_current_a53,,False
540,current,840,1380,profile_0059,piecewise,0.08,56.56991597003521,41.430084029964796,energy_or_commitment_infeasible,w540_current_a54,,False
540,current,840,1380,profile_0060,high_frequency,0.45865707462127425,11.701836304291861,-11.464543328787736,energy_or_commitment_infeasible,w540_current_a55,,False
540,current,840,1380,profile_0061,low_frequency,0.5,4.24688000000003,-20.272383952951053,energy_or_commitment_infeasible,w540_current_a0,,True
540,current,840,1380,profile_0062,piecewise,0.4059712238638226,21.20214891287554,-0.24016642828717152,energy_or_commitment_infeasible,w540_current_a40,,True
540,current,840,1380,profile_0063,high_frequency,0.5286570746212742,-1.0876225138328668,-26.377586807048605,energy_or_commitment_infeasible,w540_current_a56,,False
600,current,780,1380,profile_0000,constant,0.05,56.02163343726691,41.97836656273309,energy_or_commitment_infeasible,w600_current_a1,,False
600,current,780,1380,profile_0001,constant,0.15,58.256413878599766,39.743586121400234,energy_or_commitment_infeasible,w600_current_a2,,False
600,current,780,1380,profile_0002,constant,0.25,49.32688000000003,27.921454222222216,energy_or_commitment_infeasible,w600_current_a3,,False
600,current,780,1380,profile_0003,constant,0.35,31.294880000000038,9.889454222222222,energy_or_commitment_infeasible,w600_current_a4,,False
600,current,780,1380,profile_0004,constant,0.45,13.262880000000028,-9.620210039907592,energy_or_commitment_infeasible,w600_current_a5,,False
600,current,780,1380,profile_0005,constant,0.55,-5.634593572778805,-30.924557865994558,energy_or_commitment_infeasible,w600_current_a6,,False
600,current,780,1380,profile_0006,constant,0.65,-26.938941398865754,-52.228905692081504,energy_or_commitment_infeasible,w600_current_a7,,False
600,current,780,1380,profile_0007,constant,0.75,-38.82391663900664,-59.17608336099335,energy_or_commitment_infeasible,w600_current_a8,,False
600,current,780,1380,profile_0008,constant,0.85,-41.46156003747938,-56.53843996252062,energy_or_commitment_infeasible,w600_current_a9,,False
600,current,780,1380,profile_0009,constant,0.95,-47.14535843375603,-50.85464156624398,energy_or_commitment_infeasible,w600_current_a10,,False
600,current,780,1380,profile_0010,ramp,0.0586570746212742,56.171524149479865,41.82847585052014,energy_or_commitment_infeasible,w600_current_a11,,False
600,current,780,1380,profile_0011,ramp,0.9413429253787258,-46.643812601068895,-51.35618739893109,energy_or_commitment_infeasible,w600_current_a12,,False
600,current,780,1380,profile_0012,ramp,0.2,58.34288000000003,36.937454222222215,energy_or_commitment_infeasible,w600_current_a13,,False
600,current,780,1380,profile_0013,ramp,0.8,-40.33910723201595,-57.66089276798405,energy_or_commitment_infeasible,w600_current_a14,,False
600,current,780,1380,profile_0014,ramp,0.35,31.294880000000038,9.889454222222222,energy_or_commitment_infeasible,w600_current_a4,,True
600,current,780,1380,profile_0015,ramp,0.65,-26.938941398865754,-52.228905692081504,energy_or_commitment_infeasible,w600_current_a7,,True
600,current,780,1380,profile_0016,low_frequency,0.23,52.933280000000025,31.527854222222214,energy_or_commitment_infeasible,w600_current_a15,,False
600,current,780,1380,profile_0017,piecewise,0.0886570746212742,56.74441983559413,41.25558016440588,energy_or_commitment_infeasible,w600_current_a16,,False
600,current,780,1380,profile_0018,high_frequency,0.68,-33.33024574669184,-58.62021003990759,energy_or_commitment_infeasible,w600_current_a17,,False
600,current,780,1380,profile_0019,low_frequency,0.41,20.475680000000033,-1.0984709094728065,energy_or_commitment_infeasible,w600_current_a18,,False
600,current,780,1380,profile_0020,piecewise,0.7519424477276453,-38.89261128791061,-59.10738871208938,energy_or_commitment_infeasible,w600_current_a19,,False
600,current,780,1380,profile_0021,high_frequency,0.7586570746212742,-39.12309263201199,-58.876907367988004,energy_or_commitment_infeasible,w600_current_a20,,False
600,current,780,1380,profile_0022,low_frequency,0.45,13.262880000000028,-9.620210039907592,energy_or_commitment_infeasible,w600_current_a5,,True
600,current,780,1380,profile_0023,piecewise,0.3173141492425484,37.188792608583704,15.783366830805885,energy_or_commitment_infeasible,w600_current_a21,,False
600,current,780,1380,profile_0024,high_frequency,0.25,49.32688000000003,27.921454222222216,energy_or_commitment_infeasible,w600_current_a3,,True
600,current,780,1380,profile_0025,low_frequency,0.59,-14.156332703213575,-39.446296996429325,energy_or_commitment_infeasible,w600_current_a22,,False
600,current,780,1380,profile_0026,piecewise,0.1786570746212742,59.185393941980536,38.81460605801947,energy_or_commitment_infeasible,w600_current_a23,,False
600,current,780,1380,profile_0027,high_frequency,0.5773141492425484,-11.453694933147796,-36.74365922636355,energy_or_commitment_infeasible,w600_current_a24,,False
600,current,780,1380,profile_0028,low_frequency,0.31,38.507680000000036,17.102254222222218,energy_or_commitment_infeasible,w600_current_a25,,False
600,current,780,1380,profile_0029,piecewise,0.7619424477276453,-39.23207641413748,-58.76792358586252,energy_or_commitment_infeasible,w600_current_a26,,False
600,current,780,1380,profile_0030,high_frequency,0.4186570746212742,18.914636304291864,-2.942804198352966,energy_or_commitment_infeasible,w600_current_a27,,False
600,current,780,1380,profile_0031,low_frequency,0.44,15.066080000000035,-7.489775257298888,energy_or_commitment_infeasible,w600_current_a28,,False
600,current,780,1380,profile_0032,piecewise,0.2373141492425484,51.61439260858371,30.208966830805892,energy_or_commitment_infeasible,w600_current_a29,,False
600,current,780,1380,profile_0033,high_frequency,0.52,0.6404800000000285,-24.53325351816846,energy_or_commitment_infeasible,w600_current_a30,,False
600,current,780,1380,profile_0034,low_frequency,0.62,-20.547637051039658,-45.83760134425541,energy_or_commitment_infeasible,w600_current_a31,,False
600,current,780,1380,profile_0035,piecewise,0.623285373106371,-21.24756436500565,-46.537528658221404,energy_or_commitment_infeasible,w600_current_a32,,False
600,current,780,1380,profile_0036,high_frequency,0.68,-33.33024574669184,-58.62021003990759,energy_or_commitment_infeasible,w600_current_a17,,True
600,current,780,1380,profile_0037,low_frequency,0.5813429253787258,-12.311999414333416,-37.60196370754917,energy_or_commitment_infeasible,w600_current_a33,,False
600,current,780,1380,profile_0038,piecewise,0.3073141492425484,38.9919926085837,17.586566830805886,energy_or_commitment_infeasible,w600_current_a34,,False
600,current,780,1380,profile_0039,high_frequency,0.51,2.4436800000000227,-22.402818735559773,energy_or_commitment_infeasible,w600_current_a35,,False
600,current,780,1380,profile_0040,low_frequency,0.19,59.60673983584148,38.39326016415853,energy_or_commitment_infeasible,w600_current_a36,,False
600,current,780,1380,profile_0041,piecewise,0.4659712238638226,10.382948912875534,-13.022775123939367,energy_or_commitment_infeasible,w600_current_a37,,False
600,current,780,1380,profile_0042,high_frequency,0.6113429253787258,-18.703303762159514,-43.99326805537527,energy_or_commitment_infeasible,w600_current_a38,,False
600,current,780,1380,profile_0043,low_frequency,0.4,22.278880000000026,0.8734542222222109,energy_or_commitment_infeasible,w600_current_a39,,False
600,current,780,1380,profile_0044,piecewise,0.4059712238638226,21.20214891287554,-0.24016642828718698,energy_or_commitment_infeasible,w600_current_a40,,False
600,current,780,1380,profile_0045,high_frequency,0.4926858507574516,5.565767391416356,-18.714152157799454,energy_or_commitment_infeasible,w600_current_a41,,False
600,current,780,1380,profile_0046,low_frequency,0.36,29.49168000000003,8.086254222222214,energy_or_commitment_infeasible,w600_current_a42,,False
600,current,780,1380,profile_0047,piecewise,0.2573141492425484,48.0079926085837,26.602566830805884,energy_or_commitment_infeasible,w600_current_a43,,False
600,current,780,1380,profile_0048,high_frequency,0.61,-18.41720226843097,-43.70716656164672,energy_or_commitment_infeasible,w600_current_a44,,False
600,current,780,1380,profile_0049,low_frequency,0.54,-3.5041587901701003,-28.794123083385852,energy_or_commitment_infeasible,w600_current_a45,,False
600,current,780,1380,profile_0050,piecewise,0.6446282984850968,-25.79453542395159,-51.08449971716734,energy_or_commitment_infeasible,w600_current_a46,,False
600,current,780,1380,profile_0051,high_frequency,0.5786570746212741,-11.739796426876326,-37.02976072009208,energy_or_commitment_infeasible,w600_current_a47,,False
600,current,780,1380,profile_0052,low_frequency,0.55,-5.634593572778805,-30.924557865994558,energy_or_commitment_infeasible,w600_current_a6,,True
600,current,780,1380,profile_0053,piecewise,0.1886570746212742,59.55504492064942,38.44495507935059,energy_or_commitment_infeasible,w600_current_a48,,False
600,current,780,1380,profile_0054,high_frequency,0.63,-22.67807183364836,-47.968036126864114,energy_or_commitment_infeasible,w600_current_a49,,False
600,current,780,1380,profile_0055,low_frequency,0.12,57.44963263914403,40.55036736085597,energy_or_commitment_infeasible,w600_current_a50,,False
600,current,780,1380,profile_0056,piecewise,0.25865707462127424,47.76583630429186,26.360410526514045,energy_or_commitment_infeasible,w600_current_a51,,False
600,current,780,1380,profile_0057,high_frequency,0.48134292537872575,7.611123695708205,-16.297615881462203,energy_or_commitment_infeasible,w600_current_a52,,False
600,current,780,1380,profile_0058,low_frequency,0.13865707462127422,57.93388963425007,40.06611036574993,energy_or_commitment_infeasible,w600_current_a53,,False
600,current,780,1380,profile_0059,piecewise,0.08,56.56991597003521,41.43008402996478,energy_or_commitment_infeasible,w600_current_a54,,False
600,current,780,1380,profile_0060,high_frequency,0.45865707462127425,11.701836304291861,-11.464543328787752,energy_or_commitment_infeasible,w600_current_a55,,False
600,current,780,1380,profile_0061,low_frequency,0.5,4.24688000000003,-20.272383952951067,energy_or_commitment_infeasible,w600_current_a0,,True
600,current,780,1380,profile_0062,piecewise,0.4059712238638226,21.20214891287554,-0.24016642828718698,energy_or_commitment_infeasible,w600_current_a40,,True
600,current,780,1380,profile_0063,high_frequency,0.5286570746212742,-1.0876225138328668,-26.37758680704862,energy_or_commitment_infeasible,w600_current_a56,,False
660,current,720,1380,profile_0000,constant,0.05,56.02163343726691,41.97836656273309,energy_or_commitment_infeasible,w660_current_a1,,False
660,current,720,1380,profile_0001,constant,0.15,58.256413878599766,39.743586121400234,energy_or_commitment_infeasible,w660_current_a2,,False
660,current,720,1380,profile_0002,constant,0.25,49.32688000000003,27.921454222222216,energy_or_commitment_infeasible,w660_current_a3,,False
660,current,720,1380,profile_0003,constant,0.35,31.294880000000038,9.889454222222222,energy_or_commitment_infeasible,w660_current_a4,,False
660,current,720,1380,profile_0004,constant,0.45,13.262880000000028,-9.620210039907592,energy_or_commitment_infeasible,w660_current_a5,,False
660,current,720,1380,profile_0005,constant,0.55,-5.634593572778805,-30.924557865994558,energy_or_commitment_infeasible,w660_current_a6,,False
660,current,720,1380,profile_0006,constant,0.65,-26.938941398865754,-52.228905692081504,energy_or_commitment_infeasible,w660_current_a7,,False
660,current,720,1380,profile_0007,constant,0.75,-38.82391663900664,-59.17608336099335,energy_or_commitment_infeasible,w660_current_a8,,False
660,current,720,1380,profile_0008,constant,0.85,-41.46156003747938,-56.53843996252062,energy_or_commitment_infeasible,w660_current_a9,,False
660,current,720,1380,profile_0009,constant,0.95,-47.14535843375603,-50.85464156624398,energy_or_commitment_infeasible,w660_current_a10,,False
660,current,720,1380,profile_0010,ramp,0.0586570746212742,56.171524149479865,41.82847585052014,energy_or_commitment_infeasible,w660_current_a11,,False
660,current,720,1380,profile_0011,ramp,0.9413429253787258,-46.643812601068895,-51.35618739893109,energy_or_commitment_infeasible,w660_current_a12,,False
660,current,720,1380,profile_0012,ramp,0.2,58.34288000000003,36.937454222222215,energy_or_commitment_infeasible,w660_current_a13,,False
660,current,720,1380,profile_0013,ramp,0.8,-40.33910723201595,-57.66089276798405,energy_or_commitment_infeasible,w660_current_a14,,False
660,current,720,1380,profile_0014,ramp,0.35,31.294880000000038,9.889454222222222,energy_or_commitment_infeasible,w660_current_a4,,True
660,current,720,1380,profile_0015,ramp,0.65,-26.938941398865754,-52.228905692081504,energy_or_commitment_infeasible,w660_current_a7,,True
660,current,720,1380,profile_0016,low_frequency,0.23,52.933280000000025,31.527854222222214,energy_or_commitment_infeasible,w660_current_a15,,False
660,current,720,1380,profile_0017,piecewise,0.0886570746212742,56.74441983559413,41.25558016440588,energy_or_commitment_infeasible,w660_current_a16,,False
660,current,720,1380,profile_0018,high_frequency,0.68,-33.33024574669184,-58.62021003990759,energy_or_commitment_infeasible,w660_current_a17,,False
660,current,720,1380,profile_0019,low_frequency,0.41,20.475680000000033,-1.0984709094728065,energy_or_commitment_infeasible,w660_current_a18,,False
660,current,720,1380,profile_0020,piecewise,0.7519424477276453,-38.89261128791061,-59.10738871208938,energy_or_commitment_infeasible,w660_current_a19,,False
660,current,720,1380,profile_0021,high_frequency,0.7586570746212742,-39.12309263201199,-58.876907367988004,energy_or_commitment_infeasible,w660_current_a20,,False
660,current,720,1380,profile_0022,low_frequency,0.45,13.262880000000028,-9.620210039907592,energy_or_commitment_infeasible,w660_current_a5,,True
660,current,720,1380,profile_0023,piecewise,0.3173141492425484,37.188792608583704,15.783366830805885,energy_or_commitment_infeasible,w660_current_a21,,False
660,current,720,1380,profile_0024,high_frequency,0.25,49.32688000000003,27.921454222222216,energy_or_commitment_infeasible,w660_current_a3,,True
660,current,720,1380,profile_0025,low_frequency,0.59,-14.156332703213575,-39.446296996429325,energy_or_commitment_infeasible,w660_current_a22,,False
660,current,720,1380,profile_0026,piecewise,0.1786570746212742,59.185393941980536,38.81460605801947,energy_or_commitment_infeasible,w660_current_a23,,False
660,current,720,1380,profile_0027,high_frequency,0.5773141492425484,-11.453694933147796,-36.74365922636355,energy_or_commitment_infeasible,w660_current_a24,,False
660,current,720,1380,profile_0028,low_frequency,0.31,38.507680000000036,17.102254222222218,energy_or_commitment_infeasible,w660_current_a25,,False
660,current,720,1380,profile_0029,piecewise,0.7619424477276453,-39.23207641413748,-58.76792358586252,energy_or_commitment_infeasible,w660_current_a26,,False
660,current,720,1380,profile_0030,high_frequency,0.4186570746212742,18.914636304291864,-2.942804198352966,energy_or_commitment_infeasible,w660_current_a27,,False
660,current,720,1380,profile_0031,low_frequency,0.44,15.066080000000035,-7.489775257298888,energy_or_commitment_infeasible,w660_current_a28,,False
660,current,720,1380,profile_0032,piecewise,0.2373141492425484,51.61439260858371,30.208966830805892,energy_or_commitment_infeasible,w660_current_a29,,False
660,current,720,1380,profile_0033,high_frequency,0.52,0.6404800000000285,-24.53325351816846,energy_or_commitment_infeasible,w660_current_a30,,False
660,current,720,1380,profile_0034,low_frequency,0.62,-20.547637051039658,-45.83760134425541,energy_or_commitment_infeasible,w660_current_a31,,False
660,current,720,1380,profile_0035,piecewise,0.623285373106371,-21.24756436500565,-46.537528658221404,energy_or_commitment_infeasible,w660_current_a32,,False
660,current,720,1380,profile_0036,high_frequency,0.68,-33.33024574669184,-58.62021003990759,energy_or_commitment_infeasible,w660_current_a17,,True
660,current,720,1380,profile_0037,low_frequency,0.5813429253787258,-12.311999414333416,-37.60196370754917,energy_or_commitment_infeasible,w660_current_a33,,False
660,current,720,1380,profile_0038,piecewise,0.3073141492425484,38.9919926085837,17.586566830805886,energy_or_commitment_infeasible,w660_current_a34,,False
660,current,720,1380,profile_0039,high_frequency,0.51,2.4436800000000227,-22.402818735559773,energy_or_commitment_infeasible,w660_current_a35,,False
660,current,720,1380,profile_0040,low_frequency,0.19,59.60673983584148,38.39326016415853,energy_or_commitment_infeasible,w660_current_a36,,False
660,current,720,1380,profile_0041,piecewise,0.4659712238638226,10.382948912875534,-13.022775123939367,energy_or_commitment_infeasible,w660_current_a37,,False
660,current,720,1380,profile_0042,high_frequency,0.6113429253787258,-18.703303762159514,-43.99326805537527,energy_or_commitment_infeasible,w660_current_a38,,False
660,current,720,1380,profile_0043,low_frequency,0.4,22.278880000000026,0.8734542222222109,energy_or_commitment_infeasible,w660_current_a39,,False
660,current,720,1380,profile_0044,piecewise,0.4059712238638226,21.20214891287554,-0.24016642828718698,energy_or_commitment_infeasible,w660_current_a40,,False
660,current,720,1380,profile_0045,high_frequency,0.4926858507574516,5.565767391416356,-18.714152157799454,energy_or_commitment_infeasible,w660_current_a41,,False
660,current,720,1380,profile_0046,low_frequency,0.36,29.49168000000003,8.086254222222214,energy_or_commitment_infeasible,w660_current_a42,,False
660,current,720,1380,profile_0047,piecewise,0.2573141492425484,48.0079926085837,26.602566830805884,energy_or_commitment_infeasible,w660_current_a43,,False
660,current,720,1380,profile_0048,high_frequency,0.61,-18.41720226843097,-43.70716656164672,energy_or_commitment_infeasible,w660_current_a44,,False
660,current,720,1380,profile_0049,low_frequency,0.54,-3.5041587901701003,-28.794123083385852,energy_or_commitment_infeasible,w660_current_a45,,False
660,current,720,1380,profile_0050,piecewise,0.6446282984850968,-25.79453542395159,-51.08449971716734,energy_or_commitment_infeasible,w660_current_a46,,False
660,current,720,1380,profile_0051,high_frequency,0.5786570746212741,-11.739796426876326,-37.02976072009208,energy_or_commitment_infeasible,w660_current_a47,,False
660,current,720,1380,profile_0052,low_frequency,0.55,-5.634593572778805,-30.924557865994558,energy_or_commitment_infeasible,w660_current_a6,,True
660,current,720,1380,profile_0053,piecewise,0.1886570746212742,59.55504492064942,38.44495507935059,energy_or_commitment_infeasible,w660_current_a48,,False
660,current,720,1380,profile_0054,high_frequency,0.63,-22.67807183364836,-47.968036126864114,energy_or_commitment_infeasible,w660_current_a49,,False
660,current,720,1380,profile_0055,low_frequency,0.12,57.44963263914403,40.55036736085597,energy_or_commitment_infeasible,w660_current_a50,,False
660,current,720,1380,profile_0056,piecewise,0.25865707462127424,47.76583630429186,26.360410526514045,energy_or_commitment_infeasible,w660_current_a51,,False
660,current,720,1380,profile_0057,high_frequency,0.48134292537872575,7.611123695708205,-16.297615881462203,energy_or_commitment_infeasible,w660_current_a52,,False
660,current,720,1380,profile_0058,low_frequency,0.13865707462127422,57.93388963425007,40.06611036574993,energy_or_commitment_infeasible,w660_current_a53,,False
660,current,720,1380,profile_0059,piecewise,0.08,56.56991597003521,41.43008402996478,energy_or_commitment_infeasible,w660_current_a54,,False
660,current,720,1380,profile_0060,high_frequency,0.45865707462127425,11.701836304291861,-11.464543328787752,energy_or_commitment_infeasible,w660_current_a55,,False
660,current,720,1380,profile_0061,low_frequency,0.5,4.24688000000003,-20.272383952951067,energy_or_commitment_infeasible,w660_current_a0,,True
660,current,720,1380,profile_0062,piecewise,0.4059712238638226,21.20214891287554,-0.24016642828718698,energy_or_commitment_infeasible,w660_current_a40,,True
660,current,720,1380,profile_0063,high_frequency,0.5286570746212742,-1.0876225138328668,-26.37758680704862,energy_or_commitment_infeasible,w660_current_a56,,False
720,current,660,1380,profile_0000,constant,0.05,56.02163343726691,41.97836656273309,energy_or_commitment_infeasible,w720_current_a1,,False
720,current,660,1380,profile_0001,constant,0.15,58.256413878599766,39.743586121400234,energy_or_commitment_infeasible,w720_current_a2,,False
720,current,660,1380,profile_0002,constant,0.25,49.32688000000003,27.921454222222216,energy_or_commitment_infeasible,w720_current_a3,,False
720,current,660,1380,profile_0003,constant,0.35,31.294880000000038,9.889454222222222,energy_or_commitment_infeasible,w720_current_a4,,False
720,current,660,1380,profile_0004,constant,0.45,13.262880000000028,-9.620210039907592,energy_or_commitment_infeasible,w720_current_a5,,False
720,current,660,1380,profile_0005,constant,0.55,-5.634593572778805,-30.924557865994558,energy_or_commitment_infeasible,w720_current_a6,,False
720,current,660,1380,profile_0006,constant,0.65,-26.938941398865754,-52.228905692081504,energy_or_commitment_infeasible,w720_current_a7,,False
720,current,660,1380,profile_0007,constant,0.75,-38.82391663900664,-59.17608336099335,energy_or_commitment_infeasible,w720_current_a8,,False
720,current,660,1380,profile_0008,constant,0.85,-41.46156003747938,-56.53843996252062,energy_or_commitment_infeasible,w720_current_a9,,False
720,current,660,1380,profile_0009,constant,0.95,-47.14535843375603,-50.85464156624398,energy_or_commitment_infeasible,w720_current_a10,,False
720,current,660,1380,profile_0010,ramp,0.0586570746212742,56.171524149479865,41.82847585052014,energy_or_commitment_infeasible,w720_current_a11,,False
720,current,660,1380,profile_0011,ramp,0.9413429253787258,-46.643812601068895,-51.35618739893109,energy_or_commitment_infeasible,w720_current_a12,,False
720,current,660,1380,profile_0012,ramp,0.2,58.34288000000003,36.937454222222215,energy_or_commitment_infeasible,w720_current_a13,,False
720,current,660,1380,profile_0013,ramp,0.8,-40.33910723201595,-57.66089276798405,energy_or_commitment_infeasible,w720_current_a14,,False
720,current,660,1380,profile_0014,ramp,0.35,31.294880000000038,9.889454222222222,energy_or_commitment_infeasible,w720_current_a4,,True
720,current,660,1380,profile_0015,ramp,0.65,-26.938941398865754,-52.228905692081504,energy_or_commitment_infeasible,w720_current_a7,,True
720,current,660,1380,profile_0016,low_frequency,0.23,52.933280000000025,31.527854222222214,energy_or_commitment_infeasible,w720_current_a15,,False
720,current,660,1380,profile_0017,piecewise,0.0886570746212742,56.74441983559413,41.25558016440588,energy_or_commitment_infeasible,w720_current_a16,,False
720,current,660,1380,profile_0018,high_frequency,0.68,-33.33024574669184,-58.62021003990759,energy_or_commitment_infeasible,w720_current_a17,,False
720,current,660,1380,profile_0019,low_frequency,0.41,20.475680000000033,-1.0984709094728065,energy_or_commitment_infeasible,w720_current_a18,,False
720,current,660,1380,profile_0020,piecewise,0.7519424477276453,-38.89261128791061,-59.10738871208938,energy_or_commitment_infeasible,w720_current_a19,,False
720,current,660,1380,profile_0021,high_frequency,0.7586570746212742,-39.12309263201199,-58.876907367988004,energy_or_commitment_infeasible,w720_current_a20,,False
720,current,660,1380,profile_0022,low_frequency,0.45,13.262880000000028,-9.620210039907592,energy_or_commitment_infeasible,w720_current_a5,,True
720,current,660,1380,profile_0023,piecewise,0.3173141492425484,37.188792608583704,15.783366830805885,energy_or_commitment_infeasible,w720_current_a21,,False
720,current,660,1380,profile_0024,high_frequency,0.25,49.32688000000003,27.921454222222216,energy_or_commitment_infeasible,w720_current_a3,,True
720,current,660,1380,profile_0025,low_frequency,0.59,-14.156332703213575,-39.446296996429325,energy_or_commitment_infeasible,w720_current_a22,,False
720,current,660,1380,profile_0026,piecewise,0.1786570746212742,59.185393941980536,38.81460605801947,energy_or_commitment_infeasible,w720_current_a23,,False
720,current,660,1380,profile_0027,high_frequency,0.5773141492425484,-11.453694933147796,-36.74365922636355,energy_or_commitment_infeasible,w720_current_a24,,False
720,current,660,1380,profile_0028,low_frequency,0.31,38.507680000000036,17.102254222222218,energy_or_commitment_infeasible,w720_current_a25,,False
720,current,660,1380,profile_0029,piecewise,0.7619424477276453,-39.23207641413748,-58.76792358586252,energy_or_commitment_infeasible,w720_current_a26,,False
720,current,660,1380,profile_0030,high_frequency,0.4186570746212742,18.914636304291864,-2.942804198352966,energy_or_commitment_infeasible,w720_current_a27,,False
720,current,660,1380,profile_0031,low_frequency,0.44,15.066080000000035,-7.489775257298888,energy_or_commitment_infeasible,w720_current_a28,,False
720,current,660,1380,profile_0032,piecewise,0.2373141492425484,51.61439260858371,30.208966830805892,energy_or_commitment_infeasible,w720_current_a29,,False
720,current,660,1380,profile_0033,high_frequency,0.52,0.6404800000000285,-24.53325351816846,energy_or_commitment_infeasible,w720_current_a30,,False
720,current,660,1380,profile_0034,low_frequency,0.62,-20.547637051039658,-45.83760134425541,energy_or_commitment_infeasible,w720_current_a31,,False
720,current,660,1380,profile_0035,piecewise,0.623285373106371,-21.24756436500565,-46.537528658221404,energy_or_commitment_infeasible,w720_current_a32,,False
720,current,660,1380,profile_0036,high_frequency,0.68,-33.33024574669184,-58.62021003990759,energy_or_commitment_infeasible,w720_current_a17,,True
720,current,660,1380,profile_0037,low_frequency,0.5813429253787258,-12.311999414333416,-37.60196370754917,energy_or_commitment_infeasible,w720_current_a33,,False
720,current,660,1380,profile_0038,piecewise,0.3073141492425484,38.9919926085837,17.586566830805886,energy_or_commitment_infeasible,w720_current_a34,,False
720,current,660,1380,profile_0039,high_frequency,0.51,2.4436800000000227,-22.402818735559773,energy_or_commitment_infeasible,w720_current_a35,,False
720,current,660,1380,profile_0040,low_frequency,0.19,59.60673983584148,38.39326016415853,energy_or_commitment_infeasible,w720_current_a36,,False
720,current,660,1380,profile_0041,piecewise,0.4659712238638226,10.382948912875534,-13.022775123939367,energy_or_commitment_infeasible,w720_current_a37,,False
720,current,660,1380,profile_0042,high_frequency,0.6113429253787258,-18.703303762159514,-43.99326805537527,energy_or_commitment_infeasible,w720_current_a38,,False
720,current,660,1380,profile_0043,low_frequency,0.4,22.278880000000026,0.8734542222222109,energy_or_commitment_infeasible,w720_current_a39,,False
720,current,660,1380,profile_0044,piecewise,0.4059712238638226,21.20214891287554,-0.24016642828718698,energy_or_commitment_infeasible,w720_current_a40,,False
720,current,660,1380,profile_0045,high_frequency,0.4926858507574516,5.565767391416356,-18.714152157799454,energy_or_commitment_infeasible,w720_current_a41,,False
720,current,660,1380,profile_0046,low_frequency,0.36,29.49168000000003,8.086254222222214,energy_or_commitment_infeasible,w720_current_a42,,False
720,current,660,1380,profile_0047,piecewise,0.2573141492425484,48.0079926085837,26.602566830805884,energy_or_commitment_infeasible,w720_current_a43,,False
720,current,660,1380,profile_0048,high_frequency,0.61,-18.41720226843097,-43.70716656164672,energy_or_commitment_infeasible,w720_current_a44,,False
720,current,660,1380,profile_0049,low_frequency,0.54,-3.5041587901701003,-28.794123083385852,energy_or_commitment_infeasible,w720_current_a45,,False
720,current,660,1380,profile_0050,piecewise,0.6446282984850968,-25.79453542395159,-51.08449971716734,energy_or_commitment_infeasible,w720_current_a46,,False
720,current,660,1380,profile_0051,high_frequency,0.5786570746212741,-11.739796426876326,-37.02976072009208,energy_or_commitment_infeasible,w720_current_a47,,False
720,current,660,1380,profile_0052,low_frequency,0.55,-5.634593572778805,-30.924557865994558,energy_or_commitment_infeasible,w720_current_a6,,True
720,current,660,1380,profile_0053,piecewise,0.1886570746212742,59.55504492064942,38.44495507935059,energy_or_commitment_infeasible,w720_current_a48,,False
720,current,660,1380,profile_0054,high_frequency,0.63,-22.67807183364836,-47.968036126864114,energy_or_commitment_infeasible,w720_current_a49,,False
720,current,660,1380,profile_0055,low_frequency,0.12,57.44963263914403,40.55036736085597,energy_or_commitment_infeasible,w720_current_a50,,False
720,current,660,1380,profile_0056,piecewise,0.25865707462127424,47.76583630429186,26.360410526514045,energy_or_commitment_infeasible,w720_current_a51,,False
720,current,660,1380,profile_0057,high_frequency,0.48134292537872575,7.611123695708205,-16.297615881462203,energy_or_commitment_infeasible,w720_current_a52,,False
720,current,660,1380,profile_0058,low_frequency,0.13865707462127422,57.93388963425007,40.06611036574993,energy_or_commitment_infeasible,w720_current_a53,,False
720,current,660,1380,profile_0059,piecewise,0.08,56.56991597003521,41.43008402996478,energy_or_commitment_infeasible,w720_current_a54,,False
720,current,660,1380,profile_0060,high_frequency,0.45865707462127425,11.701836304291861,-11.464543328787752,energy_or_commitment_infeasible,w720_current_a55,,False
720,current,660,1380,profile_0061,low_frequency,0.5,4.24688000000003,-20.272383952951067,energy_or_commitment_infeasible,w720_current_a0,,True
720,current,660,1380,profile_0062,piecewise,0.4059712238638226,21.20214891287554,-0.24016642828718698,energy_or_commitment_infeasible,w720_current_a40,,True
720,current,660,1380,profile_0063,high_frequency,0.5286570746212742,-1.0876225138328668,-26.37758680704862,energy_or_commitment_infeasible,w720_current_a56,,False
780,current,600,1380,profile_0000,constant,0.05,56.02163343726688,41.97836656273313,energy_or_commitment_infeasible,w780_current_a1,,False
780,current,600,1380,profile_0001,constant,0.15,58.25641387859972,39.74358612140028,energy_or_commitment_infeasible,w780_current_a2,,False
780,current,600,1380,profile_0002,constant,0.25,49.32688,27.921454222222284,energy_or_commitment_infeasible,w780_current_a3,,False
780,current,600,1380,profile_0003,constant,0.35,31.29488000000001,9.889454222222287,energy_or_commitment_infeasible,w780_current_a4,,False
780,current,600,1380,profile_0004,constant,0.45,13.262880000000003,-9.620210039907516,energy_or_commitment_infeasible,w780_current_a5,,False
780,current,600,1380,profile_0005,constant,0.55,-5.634593572778836,-30.92455786599448,energy_or_commitment_infeasible,w780_current_a6,,False
780,current,600,1380,profile_0006,constant,0.65,-26.938941398865786,-52.228905692081426,energy_or_commitment_infeasible,w780_current_a7,,False
780,current,600,1380,profile_0007,constant,0.75,-38.823916639006676,-59.176083360993324,energy_or_commitment_infeasible,w780_current_a8,,False
780,current,600,1380,profile_0008,constant,0.85,-41.46156003747941,-56.5384399625206,energy_or_commitment_infeasible,w780_current_a9,,False
780,current,600,1380,profile_0009,constant,0.95,-47.14535843375604,-50.854641566243956,energy_or_commitment_infeasible,w780_current_a10,,False
780,current,600,1380,profile_0010,ramp,0.0586570746212742,56.171524149479815,41.828475850520164,energy_or_commitment_infeasible,w780_current_a11,,False
780,current,600,1380,profile_0011,ramp,0.9413429253787258,-46.643812601068916,-51.35618739893109,energy_or_commitment_infeasible,w780_current_a12,,False
780,current,600,1380,profile_0012,ramp,0.2,58.34288,36.93745422222228,energy_or_commitment_infeasible,w780_current_a13,,False
780,current,600,1380,profile_0013,ramp,0.8,-40.339107232015984,-57.66089276798401,energy_or_commitment_infeasible,w780_current_a14,,False
780,current,600,1380,profile_0014,ramp,0.35,31.29488000000001,9.889454222222287,energy_or_commitment_infeasible,w780_current_a4,,True
780,current,600,1380,profile_0015,ramp,0.65,-26.938941398865786,-52.228905692081426,energy_or_commitment_infeasible,w780_current_a7,,True
780,current,600,1380,profile_0016,low_frequency,0.23,52.93328,31.527854222222278,energy_or_commitment_infeasible,w780_current_a15,,False
780,current,600,1380,profile_0017,piecewise,0.0886570746212742,56.7444198355941,41.25558016440591,energy_or_commitment_infeasible,w780_current_a16,,False
780,current,600,1380,profile_0018,high_frequency,0.68,-33.330245746691865,-58.62021003990751,energy_or_commitment_infeasible,w780_current_a17,,False
780,current,600,1380,profile_0019,low_frequency,0.41,20.475680000000004,-1.0984709094727292,energy_or_commitment_infeasible,w780_current_a18,,False
780,current,600,1380,profile_0020,piecewise,0.7519424477276453,-38.892611287910654,-59.10738871208934,energy_or_commitment_infeasible,w780_current_a19,,False
780,current,600,1380,profile_0021,high_frequency,0.7586570746212742,-39.123092632012025,-58.87690736798796,energy_or_commitment_infeasible,w780_current_a20,,False
780,current,600,1380,profile_0022,low_frequency,0.45,13.262880000000003,-9.620210039907516,energy_or_commitment_infeasible,w780_current_a5,,True
780,current,600,1380,profile_0023,piecewise,0.3173141492425484,37.188792608583675,15.783366830805951,energy_or_commitment_infeasible,w780_current_a21,,False
780,current,600,1380,profile_0024,high_frequency,0.25,49.32688,27.921454222222284,energy_or_commitment_infeasible,w780_current_a3,,True
780,current,600,1380,profile_0025,low_frequency,0.59,-14.156332703213605,-39.44629699642925,energy_or_commitment_infeasible,w780_current_a22,,False
780,current,600,1380,profile_0026,piecewise,0.1786570746212742,59.185393941980486,38.81460605801952,energy_or_commitment_infeasible,w780_current_a23,,False
780,current,600,1380,profile_0027,high_frequency,0.5773141492425484,-11.453694933147828,-36.74365922636347,energy_or_commitment_infeasible,w780_current_a24,,False
780,current,600,1380,profile_0028,low_frequency,0.31,38.50768000000001,17.102254222222285,energy_or_commitment_infeasible,w780_current_a25,,False
780,current,600,1380,profile_0029,piecewise,0.7619424477276453,-39.23207641413752,-58.76792358586247,energy_or_commitment_infeasible,w780_current_a26,,False
780,current,600,1380,profile_0030,high_frequency,0.4186570746212742,18.91463630429184,-2.9428041983528885,energy_or_commitment_infeasible,w780_current_a27,,False
780,current,600,1380,profile_0031,low_frequency,0.44,15.066080000000008,-7.4897752572988106,energy_or_commitment_infeasible,w780_current_a28,,False
780,current,600,1380,profile_0032,piecewise,0.2373141492425484,51.61439260858368,30.20896683080596,energy_or_commitment_infeasible,w780_current_a29,,False
780,current,600,1380,profile_0033,high_frequency,0.52,0.6404800000000023,-24.533253518168383,energy_or_commitment_infeasible,w780_current_a30,,False
780,current,600,1380,profile_0034,low_frequency,0.62,-20.547637051039686,-45.83760134425533,energy_or_commitment_infeasible,w780_current_a31,,False
780,current,600,1380,profile_0035,piecewise,0.623285373106371,-21.247564365005683,-46.537528658221326,energy_or_commitment_infeasible,w780_current_a32,,False
780,current,600,1380,profile_0036,high_frequency,0.68,-33.330245746691865,-58.62021003990751,energy_or_commitment_infeasible,w780_current_a17,,True
780,current,600,1380,profile_0037,low_frequency,0.5813429253787258,-12.311999414333446,-37.60196370754909,energy_or_commitment_infeasible,w780_current_a33,,False
780,current,600,1380,profile_0038,piecewise,0.3073141492425484,38.99199260858367,17.586566830805953,energy_or_commitment_infeasible,w780_current_a34,,False
780,current,600,1380,profile_0039,high_frequency,0.51,2.4436799999999965,-22.402818735559695,energy_or_commitment_infeasible,w780_current_a35,,False
780,current,600,1380,profile_0040,low_frequency,0.19,59.60673983584143,38.393260164158576,energy_or_commitment_infeasible,w780_current_a36,,False
780,current,600,1380,profile_0041,piecewise,0.4659712238638226,10.38294891287551,-13.022775123939288,energy_or_commitment_infeasible,w780_current_a37,,False
780,current,600,1380,profile_0042,high_frequency,0.6113429253787258,-18.703303762159543,-43.99326805537519,energy_or_commitment_infeasible,w780_current_a38,,False
780,current,600,1380,profile_0043,low_frequency,0.4,22.27888,0.8734542222222763,energy_or_commitment_infeasible,w780_current_a39,,False
780,current,600,1380,profile_0044,piecewise,0.4059712238638226,21.202148912875515,-0.24016642828710974,energy_or_commitment_infeasible,w780_current_a40,,False
780,current,600,1380,profile_0045,high_frequency,0.4926858507574516,5.565767391416331,-18.714152157799376,energy_or_commitment_infeasible,w780_current_a41,,False
780,current,600,1380,profile_0046,low_frequency,0.36,29.491680000000002,8.08625422222228,energy_or_commitment_infeasible,w780_current_a42,,False
780,current,600,1380,profile_0047,piecewise,0.2573141492425484,48.00799260858367,26.602566830805948,energy_or_commitment_infeasible,w780_current_a43,,False
780,current,600,1380,profile_0048,high_frequency,0.61,-18.417202268430998,-43.707166561646645,energy_or_commitment_infeasible,w780_current_a44,,False
780,current,600,1380,profile_0049,low_frequency,0.54,-3.5041587901701314,-28.794123083385777,energy_or_commitment_infeasible,w780_current_a45,,False
780,current,600,1380,profile_0050,piecewise,0.6446282984850968,-25.794535423951622,-51.08449971716726,energy_or_commitment_infeasible,w780_current_a46,,False
780,current,600,1380,profile_0051,high_frequency,0.5786570746212741,-11.739796426876357,-37.029760720092,energy_or_commitment_infeasible,w780_current_a47,,False
780,current,600,1380,profile_0052,low_frequency,0.55,-5.634593572778836,-30.92455786599448,energy_or_commitment_infeasible,w780_current_a6,,True
780,current,600,1380,profile_0053,piecewise,0.1886570746212742,59.555044920649365,38.444955079350635,energy_or_commitment_infeasible,w780_current_a48,,False
780,current,600,1380,profile_0054,high_frequency,0.63,-22.678071833648392,-47.968036126864035,energy_or_commitment_infeasible,w780_current_a49,,False
780,current,600,1380,profile_0055,low_frequency,0.12,57.44963263914399,40.550367360856015,energy_or_commitment_infeasible,w780_current_a50,,False
780,current,600,1380,profile_0056,piecewise,0.25865707462127424,47.76583630429183,26.36041052651411,energy_or_commitment_infeasible,w780_current_a51,,False
780,current,600,1380,profile_0057,high_frequency,0.48134292537872575,7.611123695708178,-16.297615881462125,energy_or_commitment_infeasible,w780_current_a52,,False
780,current,600,1380,profile_0058,low_frequency,0.13865707462127422,57.933889634250036,40.06611036574997,energy_or_commitment_infeasible,w780_current_a53,,False
780,current,600,1380,profile_0059,piecewise,0.08,56.56991597003518,41.430084029964824,energy_or_commitment_infeasible,w780_current_a54,,False
780,current,600,1380,profile_0060,high_frequency,0.45865707462127425,11.701836304291835,-11.464543328787675,energy_or_commitment_infeasible,w780_current_a55,,False
780,current,600,1380,profile_0061,low_frequency,0.5,4.246880000000004,-20.27238395295099,energy_or_commitment_infeasible,w780_current_a0,,True
780,current,600,1380,profile_0062,piecewise,0.4059712238638226,21.202148912875515,-0.24016642828710974,energy_or_commitment_infeasible,w780_current_a40,,True
780,current,600,1380,profile_0063,high_frequency,0.5286570746212742,-1.0876225138328977,-26.37758680704854,energy_or_commitment_infeasible,w780_current_a56,,False
840,current,540,1380,profile_0000,constant,0.05,56.02163343726688,41.97836656273312,energy_or_commitment_infeasible,w840_current_a1,,False
840,current,540,1380,profile_0001,constant,0.15,58.25641387859972,39.74358612140028,energy_or_commitment_infeasible,w840_current_a2,,False
840,current,540,1380,profile_0002,constant,0.25,49.32688000000003,27.921454222222295,energy_or_commitment_infeasible,w840_current_a3,,False
840,current,540,1380,profile_0003,constant,0.35,31.294880000000038,9.8894542222223,energy_or_commitment_infeasible,w840_current_a4,,False
840,current,540,1380,profile_0004,constant,0.45,13.262880000000028,-9.6202100399075,energy_or_commitment_infeasible,w840_current_a5,,False
840,current,540,1380,profile_0005,constant,0.55,-5.634593572778805,-30.924557865994466,energy_or_commitment_infeasible,w840_current_a6,,False
840,current,540,1380,profile_0006,constant,0.65,-26.938941398865754,-52.22890569208141,energy_or_commitment_infeasible,w840_current_a7,,False
840,current,540,1380,profile_0007,constant,0.75,-38.823916639006676,-59.17608336099333,energy_or_commitment_infeasible,w840_current_a8,,False
840,current,540,1380,profile_0008,constant,0.85,-41.4615600374794,-56.538439962520606,energy_or_commitment_infeasible,w840_current_a9,,False
840,current,540,1380,profile_0009,constant,0.95,-47.14535843375603,-50.85464156624398,energy_or_commitment_infeasible,w840_current_a10,,False
840,current,540,1380,profile_0010,ramp,0.0586570746212742,56.17152414947983,41.828475850520164,energy_or_commitment_infeasible,w840_current_a11,,False
840,current,540,1380,profile_0011,ramp,0.9413429253787258,-46.643812601068895,-51.35618739893109,energy_or_commitment_infeasible,w840_current_a12,,False
840,current,540,1380,profile_0012,ramp,0.2,58.34288000000003,36.93745422222229,energy_or_commitment_infeasible,w840_current_a13,,False
840,current,540,1380,profile_0013,ramp,0.8,-40.339107232015984,-57.66089276798403,energy_or_commitment_infeasible,w840_current_a14,,False
840,current,540,1380,profile_0014,ramp,0.35,31.294880000000038,9.8894542222223,energy_or_commitment_infeasible,w840_current_a4,,True
840,current,540,1380,profile_0015,ramp,0.65,-26.938941398865754,-52.22890569208141,energy_or_commitment_infeasible,w840_current_a7,,True
840,current,540,1380,profile_0016,low_frequency,0.23,52.933280000000025,31.52785422222229,energy_or_commitment_infeasible,w840_current_a15,,False
840,current,540,1380,profile_0017,piecewise,0.0886570746212742,56.744419835594094,41.255580164405906,energy_or_commitment_infeasible,w840_current_a16,,False
840,current,540,1380,profile_0018,high_frequency,0.68,-33.33024574669184,-58.6202100399075,energy_or_commitment_infeasible,w840_current_a17,,False
840,current,540,1380,profile_0019,low_frequency,0.41,20.475680000000033,-1.0984709094727136,energy_or_commitment_infeasible,w840_current_a18,,False
840,current,540,1380,profile_0020,piecewise,0.7519424477276453,-38.89261128791064,-59.10738871208935,energy_or_commitment_infeasible,w840_current_a19,,False
840,current,540,1380,profile_0021,high_frequency,0.7586570746212742,-39.12309263201202,-58.876907367987975,energy_or_commitment_infeasible,w840_current_a20,,False
840,current,540,1380,profile_0022,low_frequency,0.45,13.262880000000028,-9.6202100399075,energy_or_commitment_infeasible,w840_current_a5,,True
840,current,540,1380,profile_0023,piecewise,0.3173141492425484,37.188792608583704,15.783366830805964,energy_or_commitment_infeasible,w840_current_a21,,False
840,current,540,1380,profile_0024,high_frequency,0.25,49.32688000000003,27.921454222222295,energy_or_commitment_infeasible,w840_current_a3,,True
840,current,540,1380,profile_0025,low_frequency,0.59,-14.156332703213575,-39.44629699642923,energy_or_commitment_infeasible,w840_current_a22,,False
840,current,540,1380,profile_0026,piecewise,0.1786570746212742,59.185393941980486,38.814606058019514,energy_or_commitment_infeasible,w840_current_a23,,False
840,current,540,1380,profile_0027,high_frequency,0.5773141492425484,-11.453694933147796,-36.743659226363455,energy_or_commitment_infeasible,w840_current_a24,,False
840,current,540,1380,profile_0028,low_frequency,0.31,38.507680000000036,17.102254222222296,energy_or_commitment_infeasible,w840_current_a25,,False
840,current,540,1380,profile_0029,piecewise,0.7619424477276453,-39.23207641413751,-58.76792358586248,energy_or_commitment_infeasible,w840_current_a26,,False
840,current,540,1380,profile_0030,high_frequency,0.4186570746212742,18.914636304291864,-2.942804198352873,energy_or_commitment_infeasible,w840_current_a27,,False
840,current,540,1380,profile_0031,low_frequency,0.44,15.066080000000035,-7.4897752572987955,energy_or_commitment_infeasible,w840_current_a28,,False
840,current,540,1380,profile_0032,piecewise,0.2373141492425484,51.61439260858371,30.20896683080597,energy_or_commitment_infeasible,w840_current_a29,,False
840,current,540,1380,profile_0033,high_frequency,0.52,0.6404800000000285,-24.53325351816837,energy_or_commitment_infeasible,w840_current_a30,,False
840,current,540,1380,profile_0034,low_frequency,0.62,-20.547637051039658,-45.83760134425532,energy_or_commitment_infeasible,w840_current_a31,,False
840,current,540,1380,profile_0035,piecewise,0.623285373106371,-21.24756436500565,-46.53752865822131,energy_or_commitment_infeasible,w840_current_a32,,False
840,current,540,1380,profile_0036,high_frequency,0.68,-33.33024574669184,-58.6202100399075,energy_or_commitment_infeasible,w840_current_a17,,True
840,current,540,1380,profile_0037,low_frequency,0.5813429253787258,-12.311999414333416,-37.601963707549075,energy_or_commitment_infeasible,w840_current_a33,,False
840,current,540,1380,profile_0038,piecewise,0.3073141492425484,38.9919926085837,17.586566830805964,energy_or_commitment_infeasible,w840_current_a34,,False
840,current,540,1380,profile_0039,high_frequency,0.51,2.4436800000000227,-22.402818735559677,energy_or_commitment_infeasible,w840_current_a35,,False
840,current,540,1380,profile_0040,low_frequency,0.19,59.606739835841424,38.39326016415857,energy_or_commitment_infeasible,w840_current_a36,,False
840,current,540,1380,profile_0041,piecewise,0.4659712238638226,10.382948912875534,-13.022775123939272,energy_or_commitment_infeasible,w840_current_a37,,False
840,current,540,1380,profile_0042,high_frequency,0.6113429253787258,-18.703303762159514,-43.993268055375175,energy_or_commitment_infeasible,w840_current_a38,,False
840,current,540,1380,profile_0043,low_frequency,0.4,22.278880000000026,0.8734542222222894,energy_or_commitment_infeasible,w840_current_a39,,False
840,current,540,1380,profile_0044,piecewise,0.4059712238638226,21.20214891287554,-0.2401664282870943,energy_or_commitment_infeasible,w840_current_a40,,False
840,current,540,1380,profile_0045,high_frequency,0.4926858507574516,5.565767391416356,-18.71415215779936,energy_or_commitment_infeasible,w840_current_a41,,False
840,current,540,1380,profile_0046,low_frequency,0.36,29.49168000000003,8.086254222222292,energy_or_commitment_infeasible,w840_current_a42,,False
840,current,540,1380,profile_0047,piecewise,0.2573141492425484,48.0079926085837,26.602566830805962,energy_or_commitment_infeasible,w840_current_a43,,False
840,current,540,1380,profile_0048,high_frequency,0.61,-18.41720226843097,-43.70716656164663,energy_or_commitment_infeasible,w840_current_a44,,False
840,current,540,1380,profile_0049,low_frequency,0.54,-3.5041587901701003,-28.79412308338576,energy_or_commitment_infeasible,w840_current_a45,,False
840,current,540,1380,profile_0050,piecewise,0.6446282984850968,-25.79453542395159,-51.08449971716725,energy_or_commitment_infeasible,w840_current_a46,,False
840,current,540,1380,profile_0051,high_frequency,0.5786570746212741,-11.739796426876326,-37.029760720091986,energy_or_commitment_infeasible,w840_current_a47,,False
840,current,540,1380,profile_0052,low_frequency,0.55,-5.634593572778805,-30.924557865994466,energy_or_commitment_infeasible,w840_current_a6,,True
840,current,540,1380,profile_0053,piecewise,0.1886570746212742,59.555044920649365,38.444955079350635,energy_or_commitment_infeasible,w840_current_a48,,False
840,current,540,1380,profile_0054,high_frequency,0.63,-22.67807183364836,-47.96803612686402,energy_or_commitment_infeasible,w840_current_a49,,False
840,current,540,1380,profile_0055,low_frequency,0.12,57.449632639143985,40.55036736085601,energy_or_commitment_infeasible,w840_current_a50,,False
840,current,540,1380,profile_0056,piecewise,0.25865707462127424,47.76583630429186,26.360410526514123,energy_or_commitment_infeasible,w840_current_a51,,False
840,current,540,1380,profile_0057,high_frequency,0.48134292537872575,7.611123695708205,-16.29761588146211,energy_or_commitment_infeasible,w840_current_a52,,False
840,current,540,1380,profile_0058,low_frequency,0.13865707462127422,57.933889634250036,40.06611036574997,energy_or_commitment_infeasible,w840_current_a53,,False
840,current,540,1380,profile_0059,piecewise,0.08,56.569915970035176,41.43008402996481,energy_or_commitment_infeasible,w840_current_a54,,False
840,current,540,1380,profile_0060,high_frequency,0.45865707462127425,11.701836304291861,-11.46454332878766,energy_or_commitment_infeasible,w840_current_a55,,False
840,current,540,1380,profile_0061,low_frequency,0.5,4.24688000000003,-20.272383952950975,energy_or_commitment_infeasible,w840_current_a0,,True
840,current,540,1380,profile_0062,piecewise,0.4059712238638226,21.20214891287554,-0.2401664282870943,energy_or_commitment_infeasible,w840_current_a40,,True
840,current,540,1380,profile_0063,high_frequency,0.5286570746212742,-1.0876225138328668,-26.377586807048527,energy_or_commitment_infeasible,w840_current_a56,,False
900,current,480,1380,profile_0000,constant,0.05,56.02163343726688,41.97836656273312,energy_or_commitment_infeasible,w900_current_a1,,False
900,current,480,1380,profile_0001,constant,0.15,58.25641387859972,39.74358612140028,energy_or_commitment_infeasible,w900_current_a2,,False
900,current,480,1380,profile_0002,constant,0.25,49.32688000000003,27.921454222222295,energy_or_commitment_infeasible,w900_current_a3,,False
900,current,480,1380,profile_0003,constant,0.35,31.294880000000038,9.8894542222223,energy_or_commitment_infeasible,w900_current_a4,,False
900,current,480,1380,profile_0004,constant,0.45,13.262880000000028,-9.6202100399075,energy_or_commitment_infeasible,w900_current_a5,,False
900,current,480,1380,profile_0005,constant,0.55,-5.634593572778805,-30.924557865994466,energy_or_commitment_infeasible,w900_current_a6,,False
900,current,480,1380,profile_0006,constant,0.65,-26.938941398865754,-52.22890569208141,energy_or_commitment_infeasible,w900_current_a7,,False
900,current,480,1380,profile_0007,constant,0.75,-38.823916639006676,-59.17608336099333,energy_or_commitment_infeasible,w900_current_a8,,False
900,current,480,1380,profile_0008,constant,0.85,-41.4615600374794,-56.538439962520606,energy_or_commitment_infeasible,w900_current_a9,,False
900,current,480,1380,profile_0009,constant,0.95,-47.14535843375603,-50.85464156624398,energy_or_commitment_infeasible,w900_current_a10,,False
900,current,480,1380,profile_0010,ramp,0.0586570746212742,56.17152414947983,41.828475850520164,energy_or_commitment_infeasible,w900_current_a11,,False
900,current,480,1380,profile_0011,ramp,0.9413429253787258,-46.643812601068895,-51.35618739893109,energy_or_commitment_infeasible,w900_current_a12,,False
900,current,480,1380,profile_0012,ramp,0.2,58.34288000000003,36.93745422222229,energy_or_commitment_infeasible,w900_current_a13,,False
900,current,480,1380,profile_0013,ramp,0.8,-40.339107232015984,-57.66089276798403,energy_or_commitment_infeasible,w900_current_a14,,False
900,current,480,1380,profile_0014,ramp,0.35,31.294880000000038,9.8894542222223,energy_or_commitment_infeasible,w900_current_a4,,True
900,current,480,1380,profile_0015,ramp,0.65,-26.938941398865754,-52.22890569208141,energy_or_commitment_infeasible,w900_current_a7,,True
900,current,480,1380,profile_0016,low_frequency,0.23,52.933280000000025,31.52785422222229,energy_or_commitment_infeasible,w900_current_a15,,False
900,current,480,1380,profile_0017,piecewise,0.0886570746212742,56.744419835594094,41.255580164405906,energy_or_commitment_infeasible,w900_current_a16,,False
900,current,480,1380,profile_0018,high_frequency,0.68,-33.33024574669184,-58.6202100399075,energy_or_commitment_infeasible,w900_current_a17,,False
900,current,480,1380,profile_0019,low_frequency,0.41,20.475680000000033,-1.0984709094727136,energy_or_commitment_infeasible,w900_current_a18,,False
900,current,480,1380,profile_0020,piecewise,0.7519424477276453,-38.89261128791064,-59.10738871208935,energy_or_commitment_infeasible,w900_current_a19,,False
900,current,480,1380,profile_0021,high_frequency,0.7586570746212742,-39.12309263201202,-58.876907367987975,energy_or_commitment_infeasible,w900_current_a20,,False
900,current,480,1380,profile_0022,low_frequency,0.45,13.262880000000028,-9.6202100399075,energy_or_commitment_infeasible,w900_current_a5,,True
900,current,480,1380,profile_0023,piecewise,0.3173141492425484,37.188792608583704,15.783366830805964,energy_or_commitment_infeasible,w900_current_a21,,False
900,current,480,1380,profile_0024,high_frequency,0.25,49.32688000000003,27.921454222222295,energy_or_commitment_infeasible,w900_current_a3,,True
900,current,480,1380,profile_0025,low_frequency,0.59,-14.156332703213575,-39.44629699642923,energy_or_commitment_infeasible,w900_current_a22,,False
900,current,480,1380,profile_0026,piecewise,0.1786570746212742,59.185393941980486,38.814606058019514,energy_or_commitment_infeasible,w900_current_a23,,False
900,current,480,1380,profile_0027,high_frequency,0.5773141492425484,-11.453694933147796,-36.743659226363455,energy_or_commitment_infeasible,w900_current_a24,,False
900,current,480,1380,profile_0028,low_frequency,0.31,38.507680000000036,17.102254222222296,energy_or_commitment_infeasible,w900_current_a25,,False
900,current,480,1380,profile_0029,piecewise,0.7619424477276453,-39.23207641413751,-58.76792358586248,energy_or_commitment_infeasible,w900_current_a26,,False
900,current,480,1380,profile_0030,high_frequency,0.4186570746212742,18.914636304291864,-2.942804198352873,energy_or_commitment_infeasible,w900_current_a27,,False
900,current,480,1380,profile_0031,low_frequency,0.44,15.066080000000035,-7.4897752572987955,energy_or_commitment_infeasible,w900_current_a28,,False
900,current,480,1380,profile_0032,piecewise,0.2373141492425484,51.61439260858371,30.20896683080597,energy_or_commitment_infeasible,w900_current_a29,,False
900,current,480,1380,profile_0033,high_frequency,0.52,0.6404800000000285,-24.53325351816837,energy_or_commitment_infeasible,w900_current_a30,,False
900,current,480,1380,profile_0034,low_frequency,0.62,-20.547637051039658,-45.83760134425532,energy_or_commitment_infeasible,w900_current_a31,,False
900,current,480,1380,profile_0035,piecewise,0.623285373106371,-21.24756436500565,-46.53752865822131,energy_or_commitment_infeasible,w900_current_a32,,False
900,current,480,1380,profile_0036,high_frequency,0.68,-33.33024574669184,-58.6202100399075,energy_or_commitment_infeasible,w900_current_a17,,True
900,current,480,1380,profile_0037,low_frequency,0.5813429253787258,-12.311999414333416,-37.601963707549075,energy_or_commitment_infeasible,w900_current_a33,,False
900,current,480,1380,profile_0038,piecewise,0.3073141492425484,38.9919926085837,17.586566830805964,energy_or_commitment_infeasible,w900_current_a34,,False
900,current,480,1380,profile_0039,high_frequency,0.51,2.4436800000000227,-22.402818735559677,energy_or_commitment_infeasible,w900_current_a35,,False
900,current,480,1380,profile_0040,low_frequency,0.19,59.606739835841424,38.39326016415857,energy_or_commitment_infeasible,w900_current_a36,,False
900,current,480,1380,profile_0041,piecewise,0.4659712238638226,10.382948912875534,-13.022775123939272,energy_or_commitment_infeasible,w900_current_a37,,False
900,current,480,1380,profile_0042,high_frequency,0.6113429253787258,-18.703303762159514,-43.993268055375175,energy_or_commitment_infeasible,w900_current_a38,,False
900,current,480,1380,profile_0043,low_frequency,0.4,22.278880000000026,0.8734542222222894,energy_or_commitment_infeasible,w900_current_a39,,False
900,current,480,1380,profile_0044,piecewise,0.4059712238638226,21.20214891287554,-0.2401664282870943,energy_or_commitment_infeasible,w900_current_a40,,False
900,current,480,1380,profile_0045,high_frequency,0.4926858507574516,5.565767391416356,-18.71415215779936,energy_or_commitment_infeasible,w900_current_a41,,False
900,current,480,1380,profile_0046,low_frequency,0.36,29.49168000000003,8.086254222222292,energy_or_commitment_infeasible,w900_current_a42,,False
900,current,480,1380,profile_0047,piecewise,0.2573141492425484,48.0079926085837,26.602566830805962,energy_or_commitment_infeasible,w900_current_a43,,False
900,current,480,1380,profile_0048,high_frequency,0.61,-18.41720226843097,-43.70716656164663,energy_or_commitment_infeasible,w900_current_a44,,False
900,current,480,1380,profile_0049,low_frequency,0.54,-3.5041587901701003,-28.79412308338576,energy_or_commitment_infeasible,w900_current_a45,,False
900,current,480,1380,profile_0050,piecewise,0.6446282984850968,-25.79453542395159,-51.08449971716725,energy_or_commitment_infeasible,w900_current_a46,,False
900,current,480,1380,profile_0051,high_frequency,0.5786570746212741,-11.739796426876326,-37.029760720091986,energy_or_commitment_infeasible,w900_current_a47,,False
900,current,480,1380,profile_0052,low_frequency,0.55,-5.634593572778805,-30.924557865994466,energy_or_commitment_infeasible,w900_current_a6,,True
900,current,480,1380,profile_0053,piecewise,0.1886570746212742,59.555044920649365,38.444955079350635,energy_or_commitment_infeasible,w900_current_a48,,False
900,current,480,1380,profile_0054,high_frequency,0.63,-22.67807183364836,-47.96803612686402,energy_or_commitment_infeasible,w900_current_a49,,False
900,current,480,1380,profile_0055,low_frequency,0.12,57.449632639143985,40.55036736085601,energy_or_commitment_infeasible,w900_current_a50,,False
900,current,480,1380,profile_0056,piecewise,0.25865707462127424,47.76583630429186,26.360410526514123,energy_or_commitment_infeasible,w900_current_a51,,False
900,current,480,1380,profile_0057,high_frequency,0.48134292537872575,7.611123695708205,-16.29761588146211,energy_or_commitment_infeasible,w900_current_a52,,False
900,current,480,1380,profile_0058,low_frequency,0.13865707462127422,57.933889634250036,40.06611036574997,energy_or_commitment_infeasible,w900_current_a53,,False
900,current,480,1380,profile_0059,piecewise,0.08,56.569915970035176,41.43008402996481,energy_or_commitment_infeasible,w900_current_a54,,False
900,current,480,1380,profile_0060,high_frequency,0.45865707462127425,11.701836304291861,-11.46454332878766,energy_or_commitment_infeasible,w900_current_a55,,False
900,current,480,1380,profile_0061,low_frequency,0.5,4.24688000000003,-20.272383952950975,energy_or_commitment_infeasible,w900_current_a0,,True
900,current,480,1380,profile_0062,piecewise,0.4059712238638226,21.20214891287554,-0.2401664282870943,energy_or_commitment_infeasible,w900_current_a40,,True
900,current,480,1380,profile_0063,high_frequency,0.5286570746212742,-1.0876225138328668,-26.377586807048527,energy_or_commitment_infeasible,w900_current_a56,,False
960,current,420,1380,profile_0000,constant,0.05,56.02163343726686,41.97836656273315,energy_or_commitment_infeasible,w960_current_a1,,False
960,current,420,1380,profile_0001,constant,0.15,58.256413878599695,39.74358612140031,energy_or_commitment_infeasible,w960_current_a2,,False
960,current,420,1380,profile_0002,constant,0.25,49.326879999999925,27.921454222222295,energy_or_commitment_infeasible,w960_current_a3,,False
960,current,420,1380,profile_0003,constant,0.35,31.29487999999993,9.8894542222223,energy_or_commitment_infeasible,w960_current_a4,,False
960,current,420,1380,profile_0004,constant,0.45,13.262879999999923,-9.6202100399075,energy_or_commitment_infeasible,w960_current_a5,,False
960,current,420,1380,profile_0005,constant,0.55,-5.634593572778928,-30.924557865994466,energy_or_commitment_infeasible,w960_current_a6,,False
960,current,420,1380,profile_0006,constant,0.65,-26.93894139886588,-52.22890569208141,energy_or_commitment_infeasible,w960_current_a7,,False
960,current,420,1380,profile_0007,constant,0.75,-38.82391663900673,-59.176083360993275,energy_or_commitment_infeasible,w960_current_a8,,False
960,current,420,1380,profile_0008,constant,0.85,-41.46156003747944,-56.53843996252056,energy_or_commitment_infeasible,w960_current_a9,,False
960,current,420,1380,profile_0009,constant,0.95,-47.14535843375607,-50.85464156624394,energy_or_commitment_infeasible,w960_current_a10,,False
960,current,420,1380,profile_0010,ramp,0.0586570746212742,56.1715241494798,41.8284758505202,energy_or_commitment_infeasible,w960_current_a11,,False
960,current,420,1380,profile_0011,ramp,0.9413429253787258,-46.643812601068944,-51.35618739893107,energy_or_commitment_infeasible,w960_current_a12,,False
960,current,420,1380,profile_0012,ramp,0.2,58.34287999999992,36.93745422222229,energy_or_commitment_infeasible,w960_current_a13,,False
960,current,420,1380,profile_0013,ramp,0.8,-40.33910723201602,-57.66089276798396,energy_or_commitment_infeasible,w960_current_a14,,False
960,current,420,1380,profile_0014,ramp,0.35,31.29487999999993,9.8894542222223,energy_or_commitment_infeasible,w960_current_a4,,True
960,current,420,1380,profile_0015,ramp,0.65,-26.93894139886588,-52.22890569208141,energy_or_commitment_infeasible,w960_current_a7,,True
960,current,420,1380,profile_0016,low_frequency,0.23,52.933279999999925,31.52785422222229,energy_or_commitment_infeasible,w960_current_a15,,False
960,current,420,1380,profile_0017,piecewise,0.0886570746212742,56.744419835594066,41.25558016440594,energy_or_commitment_infeasible,w960_current_a16,,False
960,current,420,1380,profile_0018,high_frequency,0.68,-33.33024574669196,-58.6202100399075,energy_or_commitment_infeasible,w960_current_a17,,False
960,current,420,1380,profile_0019,low_frequency,0.41,20.475679999999926,-1.0984709094727136,energy_or_commitment_infeasible,w960_current_a18,,False
960,current,420,1380,profile_0020,piecewise,0.7519424477276453,-38.892611287910704,-59.107388712089296,energy_or_commitment_infeasible,w960_current_a19,,False
960,current,420,1380,profile_0021,high_frequency,0.7586570746212742,-39.123092632012074,-58.87690736798792,energy_or_commitment_infeasible,w960_current_a20,,False
960,current,420,1380,profile_0022,low_frequency,0.45,13.262879999999923,-9.6202100399075,energy_or_commitment_infeasible,w960_current_a5,,True
960,current,420,1380,profile_0023,piecewise,0.3173141492425484,37.1887926085836,15.783366830805964,energy_or_commitment_infeasible,w960_current_a21,,False
960,current,420,1380,profile_0024,high_frequency,0.25,49.326879999999925,27.921454222222295,energy_or_commitment_infeasible,w960_current_a3,,True
960,current,420,1380,profile_0025,low_frequency,0.59,-14.156332703213698,-39.44629699642923,energy_or_commitment_infeasible,w960_current_a22,,False
960,current,420,1380,profile_0026,piecewise,0.1786570746212742,59.18539394198045,38.81460605801955,energy_or_commitment_infeasible,w960_current_a23,,False
960,current,420,1380,profile_0027,high_frequency,0.5773141492425484,-11.45369493314792,-36.743659226363455,energy_or_commitment_infeasible,w960_current_a24,,False
960,current,420,1380,profile_0028,low_frequency,0.31,38.50767999999993,17.102254222222296,energy_or_commitment_infeasible,w960_current_a25,,False
960,current,420,1380,profile_0029,piecewise,0.7619424477276453,-39.232076414137566,-58.76792358586243,energy_or_commitment_infeasible,w960_current_a26,,False
960,current,420,1380,profile_0030,high_frequency,0.4186570746212742,18.91463630429176,-2.942804198352873,energy_or_commitment_infeasible,w960_current_a27,,False
960,current,420,1380,profile_0031,low_frequency,0.44,15.06607999999993,-7.4897752572987955,energy_or_commitment_infeasible,w960_current_a28,,False
960,current,420,1380,profile_0032,piecewise,0.2373141492425484,51.6143926085836,30.20896683080597,energy_or_commitment_infeasible,w960_current_a29,,False
960,current,420,1380,profile_0033,high_frequency,0.52,0.6404799999999239,-24.53325351816837,energy_or_commitment_infeasible,w960_current_a30,,False
960,current,420,1380,profile_0034,low_frequency,0.62,-20.547637051039782,-45.83760134425532,energy_or_commitment_infeasible,w960_current_a31,,False
960,current,420,1380,profile_0035,piecewise,0.623285373106371,-21.247564365005775,-46.53752865822131,energy_or_commitment_infeasible,w960_current_a32,,False
960,current,420,1380,profile_0036,high_frequency,0.68,-33.33024574669196,-58.6202100399075,energy_or_commitment_infeasible,w960_current_a17,,True
960,current,420,1380,profile_0037,low_frequency,0.5813429253787258,-12.31199941433354,-37.601963707549075,energy_or_commitment_infeasible,w960_current_a33,,False
960,current,420,1380,profile_0038,piecewise,0.3073141492425484,38.991992608583594,17.586566830805964,energy_or_commitment_infeasible,w960_current_a34,,False
960,current,420,1380,profile_0039,high_frequency,0.51,2.4436799999999184,-22.402818735559677,energy_or_commitment_infeasible,w960_current_a35,,False
960,current,420,1380,profile_0040,low_frequency,0.19,59.60673983584139,38.39326016415861,energy_or_commitment_infeasible,w960_current_a36,,False
960,current,420,1380,profile_0041,piecewise,0.4659712238638226,10.38294891287543,-13.022775123939272,energy_or_commitment_infeasible,w960_current_a37,,False
960,current,420,1380,profile_0042,high_frequency,0.6113429253787258,-18.703303762159635,-43.993268055375175,energy_or_commitment_infeasible,w960_current_a38,,False
960,current,420,1380,profile_0043,low_frequency,0.4,22.278879999999923,0.8734542222222894,energy_or_commitment_infeasible,w960_current_a39,,False
960,current,420,1380,profile_0044,piecewise,0.4059712238638226,21.202148912875437,-0.2401664282870943,energy_or_commitment_infeasible,w960_current_a40,,False
960,current,420,1380,profile_0045,high_frequency,0.4926858507574516,5.565767391416252,-18.71415215779936,energy_or_commitment_infeasible,w960_current_a41,,False
960,current,420,1380,profile_0046,low_frequency,0.36,29.491679999999924,8.086254222222292,energy_or_commitment_infeasible,w960_current_a42,,False
960,current,420,1380,profile_0047,piecewise,0.2573141492425484,48.00799260858359,26.602566830805962,energy_or_commitment_infeasible,w960_current_a43,,False
960,current,420,1380,profile_0048,high_frequency,0.61,-18.41720226843109,-43.70716656164663,energy_or_commitment_infeasible,w960_current_a44,,False
960,current,420,1380,profile_0049,low_frequency,0.54,-3.504158790170224,-28.79412308338576,energy_or_commitment_infeasible,w960_current_a45,,False
960,current,420,1380,profile_0050,piecewise,0.6446282984850968,-25.794535423951714,-51.08449971716725,energy_or_commitment_infeasible,w960_current_a46,,False
960,current,420,1380,profile_0051,high_frequency,0.5786570746212741,-11.739796426876449,-37.029760720091986,energy_or_commitment_infeasible,w960_current_a47,,False
960,current,420,1380,profile_0052,low_frequency,0.55,-5.634593572778928,-30.924557865994466,energy_or_commitment_infeasible,w960_current_a6,,True
960,current,420,1380,profile_0053,piecewise,0.1886570746212742,59.55504492064933,38.44495507935068,energy_or_commitment_infeasible,w960_current_a48,,False
960,current,420,1380,profile_0054,high_frequency,0.63,-22.678071833648485,-47.96803612686402,energy_or_commitment_infeasible,w960_current_a49,,False
960,current,420,1380,profile_0055,low_frequency,0.12,57.44963263914396,40.55036736085605,energy_or_commitment_infeasible,w960_current_a50,,False
960,current,420,1380,profile_0056,piecewise,0.25865707462127424,47.76583630429175,26.360410526514123,energy_or_commitment_infeasible,w960_current_a51,,False
960,current,420,1380,profile_0057,high_frequency,0.48134292537872575,7.6111236957081,-16.29761588146211,energy_or_commitment_infeasible,w960_current_a52,,False
960,current,420,1380,profile_0058,low_frequency,0.13865707462127422,57.93388963425,40.06611036575,energy_or_commitment_infeasible,w960_current_a53,,False
960,current,420,1380,profile_0059,piecewise,0.08,56.56991597003516,41.43008402996485,energy_or_commitment_infeasible,w960_current_a54,,False
960,current,420,1380,profile_0060,high_frequency,0.45865707462127425,11.701836304291756,-11.46454332878766,energy_or_commitment_infeasible,w960_current_a55,,False
960,current,420,1380,profile_0061,low_frequency,0.5,4.246879999999925,-20.272383952950975,energy_or_commitment_infeasible,w960_current_a0,,True
960,current,420,1380,profile_0062,piecewise,0.4059712238638226,21.202148912875437,-0.2401664282870943,energy_or_commitment_infeasible,w960_current_a40,,True
960,current,420,1380,profile_0063,high_frequency,0.5286570746212742,-1.0876225138329902,-26.377586807048527,energy_or_commitment_infeasible,w960_current_a56,,False
1020,current,360,1380,profile_0000,constant,0.05,56.02163343726686,41.978366562733136,energy_or_commitment_infeasible,w1020_current_a1,,False
1020,current,360,1380,profile_0001,constant,0.15,58.25641387859969,39.7435861214003,energy_or_commitment_infeasible,w1020_current_a2,,False
1020,current,360,1380,profile_0002,constant,0.25,49.32687999999997,27.921454222222295,energy_or_commitment_infeasible,w1020_current_a3,,False
1020,current,360,1380,profile_0003,constant,0.35,31.29487999999997,9.8894542222223,energy_or_commitment_infeasible,w1020_current_a4,,False
1020,current,360,1380,profile_0004,constant,0.45,13.262879999999962,-9.6202100399075,energy_or_commitment_infeasible,w1020_current_a5,,False
1020,current,360,1380,profile_0005,constant,0.55,-5.634593572778882,-30.924557865994466,energy_or_commitment_infeasible,w1020_current_a6,,False
1020,current,360,1380,profile_0006,constant,0.65,-26.938941398865833,-52.22890569208141,energy_or_commitment_infeasible,w1020_current_a7,,False
1020,current,360,1380,profile_0007,constant,0.75,-38.823916639006704,-59.17608336099328,energy_or_commitment_infeasible,w1020_current_a8,,False
1020,current,360,1380,profile_0008,constant,0.85,-41.46156003747942,-56.53843996252057,energy_or_commitment_infeasible,w1020_current_a9,,False
1020,current,360,1380,profile_0009,constant,0.95,-47.145358433756044,-50.85464156624394,energy_or_commitment_infeasible,w1020_current_a10,,False
1020,current,360,1380,profile_0010,ramp,0.0586570746212742,56.171524149479815,41.82847585052019,energy_or_commitment_infeasible,w1020_current_a11,,False
1020,current,360,1380,profile_0011,ramp,0.9413429253787258,-46.64381260106892,-51.356187398931084,energy_or_commitment_infeasible,w1020_current_a12,,False
1020,current,360,1380,profile_0012,ramp,0.2,58.342879999999965,36.93745422222229,energy_or_commitment_infeasible,w1020_current_a13,,False
1020,current,360,1380,profile_0013,ramp,0.8,-40.33910723201601,-57.66089276798399,energy_or_commitment_infeasible,w1020_current_a14,,False
1020,current,360,1380,profile_0014,ramp,0.35,31.29487999999997,9.8894542222223,energy_or_commitment_infeasible,w1020_current_a4,,True
1020,current,360,1380,profile_0015,ramp,0.65,-26.938941398865833,-52.22890569208141,energy_or_commitment_infeasible,w1020_current_a7,,True
1020,current,360,1380,profile_0016,low_frequency,0.23,52.93327999999996,31.52785422222229,energy_or_commitment_infeasible,w1020_current_a15,,False
1020,current,360,1380,profile_0017,piecewise,0.0886570746212742,56.744419835594066,41.25558016440593,energy_or_commitment_infeasible,w1020_current_a16,,False
1020,current,360,1380,profile_0018,high_frequency,0.68,-33.330245746691915,-58.6202100399075,energy_or_commitment_infeasible,w1020_current_a17,,False
1020,current,360,1380,profile_0019,low_frequency,0.41,20.475679999999965,-1.0984709094727136,energy_or_commitment_infeasible,w1020_current_a18,,False
1020,current,360,1380,profile_0020,piecewise,0.7519424477276453,-38.892611287910675,-59.10738871208931,energy_or_commitment_infeasible,w1020_current_a19,,False
1020,current,360,1380,profile_0021,high_frequency,0.7586570746212742,-39.12309263201206,-58.87690736798795,energy_or_commitment_infeasible,w1020_current_a20,,False
1020,current,360,1380,profile_0022,low_frequency,0.45,13.262879999999962,-9.6202100399075,energy_or_commitment_infeasible,w1020_current_a5,,True
1020,current,360,1380,profile_0023,piecewise,0.3173141492425484,37.18879260858363,15.783366830805964,energy_or_commitment_infeasible,w1020_current_a21,,False
1020,current,360,1380,profile_0024,high_frequency,0.25,49.32687999999997,27.921454222222295,energy_or_commitment_infeasible,w1020_current_a3,,True
1020,current,360,1380,profile_0025,low_frequency,0.59,-14.156332703213652,-39.44629699642923,energy_or_commitment_infeasible,w1020_current_a22,,False
1020,current,360,1380,profile_0026,piecewise,0.1786570746212742,59.18539394198046,38.814606058019535,energy_or_commitment_infeasible,w1020_current_a23,,False
1020,current,360,1380,profile_0027,high_frequency,0.5773141492425484,-11.453694933147874,-36.743659226363455,energy_or_commitment_infeasible,w1020_current_a24,,False
1020,current,360,1380,profile_0028,low_frequency,0.31,38.507679999999965,17.102254222222296,energy_or_commitment_infeasible,w1020_current_a25,,False
1020,current,360,1380,profile_0029,piecewise,0.7619424477276453,-39.232076414137545,-58.767923585862455,energy_or_commitment_infeasible,w1020_current_a26,,False
1020,current,360,1380,profile_0030,high_frequency,0.4186570746212742,18.9146363042918,-2.942804198352873,energy_or_commitment_infeasible,w1020_current_a27,,False
1020,current,360,1380,profile_0031,low_frequency,0.44,15.06607999999997,-7.4897752572987955,energy_or_commitment_infeasible,w1020_current_a28,,False
1020,current,360,1380,profile_0032,piecewise,0.2373141492425484,51.61439260858364,30.20896683080597,energy_or_commitment_infeasible,w1020_current_a29,,False
1020,current,360,1380,profile_0033,high_frequency,0.52,0.6404799999999631,-24.53325351816837,energy_or_commitment_infeasible,w1020_current_a30,,False
1020,current,360,1380,profile_0034,low_frequency,0.62,-20.547637051039732,-45.83760134425532,energy_or_commitment_infeasible,w1020_current_a31,,False
1020,current,360,1380,profile_0035,piecewise,0.623285373106371,-21.24756436500573,-46.53752865822131,energy_or_commitment_infeasible,w1020_current_a32,,False
1020,current,360,1380,profile_0036,high_frequency,0.68,-33.330245746691915,-58.6202100399075,energy_or_commitment_infeasible,w1020_current_a17,,True
1020,current,360,1380,profile_0037,low_frequency,0.5813429253787258,-12.311999414333494,-37.601963707549075,energy_or_commitment_infeasible,w1020_current_a33,,False
1020,current,360,1380,profile_0038,piecewise,0.3073141492425484,38.99199260858364,17.586566830805964,energy_or_commitment_infeasible,w1020_current_a34,,False
1020,current,360,1380,profile_0039,high_frequency,0.51,2.4436799999999574,-22.402818735559677,energy_or_commitment_infeasible,w1020_current_a35,,False
1020,current,360,1380,profile_0040,low_frequency,0.19,59.6067398358414,38.393260164158605,energy_or_commitment_infeasible,w1020_current_a36,,False
1020,current,360,1380,profile_0041,piecewise,0.4659712238638226,10.382948912875468,-13.022775123939272,energy_or_commitment_infeasible,w1020_current_a37,,False
1020,current,360,1380,profile_0042,high_frequency,0.6113429253787258,-18.70330376215959,-43.993268055375175,energy_or_commitment_infeasible,w1020_current_a38,,False
1020,current,360,1380,profile_0043,low_frequency,0.4,22.278879999999962,0.8734542222222894,energy_or_commitment_infeasible,w1020_current_a39,,False
1020,current,360,1380,profile_0044,piecewise,0.4059712238638226,21.202148912875476,-0.2401664282870943,energy_or_commitment_infeasible,w1020_current_a40,,False
1020,current,360,1380,profile_0045,high_frequency,0.4926858507574516,5.5657673914162915,-18.71415215779936,energy_or_commitment_infeasible,w1020_current_a41,,False
1020,current,360,1380,profile_0046,low_frequency,0.36,29.491679999999963,8.086254222222292,energy_or_commitment_infeasible,w1020_current_a42,,False
1020,current,360,1380,profile_0047,piecewise,0.2573141492425484,48.007992608583635,26.602566830805962,energy_or_commitment_infeasible,w1020_current_a43,,False
1020,current,360,1380,profile_0048,high_frequency,0.61,-18.417202268431044,-43.70716656164663,energy_or_commitment_infeasible,w1020_current_a44,,False
1020,current,360,1380,profile_0049,low_frequency,0.54,-3.5041587901701776,-28.79412308338576,energy_or_commitment_infeasible,w1020_current_a45,,False
1020,current,360,1380,profile_0050,piecewise,0.6446282984850968,-25.794535423951668,-51.08449971716725,energy_or_commitment_infeasible,w1020_current_a46,,False
1020,current,360,1380,profile_0051,high_frequency,0.5786570746212741,-11.739796426876403,-37.029760720091986,energy_or_commitment_infeasible,w1020_current_a47,,False
1020,current,360,1380,profile_0052,low_frequency,0.55,-5.634593572778882,-30.924557865994466,energy_or_commitment_infeasible,w1020_current_a6,,True
1020,current,360,1380,profile_0053,piecewise,0.1886570746212742,59.55504492064934,38.444955079350656,energy_or_commitment_infeasible,w1020_current_a48,,False
1020,current,360,1380,profile_0054,high_frequency,0.63,-22.67807183364844,-47.96803612686402,energy_or_commitment_infeasible,w1020_current_a49,,False
1020,current,360,1380,profile_0055,low_frequency,0.12,57.449632639143964,40.55036736085603,energy_or_commitment_infeasible,w1020_current_a50,,False
1020,current,360,1380,profile_0056,piecewise,0.25865707462127424,47.765836304291795,26.360410526514123,energy_or_commitment_infeasible,w1020_current_a51,,False
1020,current,360,1380,profile_0057,high_frequency,0.48134292537872575,7.611123695708139,-16.29761588146211,energy_or_commitment_infeasible,w1020_current_a52,,False
1020,current,360,1380,profile_0058,low_frequency,0.13865707462127422,57.93388963425002,40.06611036574999,energy_or_commitment_infeasible,w1020_current_a53,,False
1020,current,360,1380,profile_0059,piecewise,0.08,56.569915970035154,41.43008402996484,energy_or_commitment_infeasible,w1020_current_a54,,False
1020,current,360,1380,profile_0060,high_frequency,0.45865707462127425,11.701836304291795,-11.46454332878766,energy_or_commitment_infeasible,w1020_current_a55,,False
1020,current,360,1380,profile_0061,low_frequency,0.5,4.2468799999999645,-20.272383952950975,energy_or_commitment_infeasible,w1020_current_a0,,True
1020,current,360,1380,profile_0062,piecewise,0.4059712238638226,21.202148912875476,-0.2401664282870943,energy_or_commitment_infeasible,w1020_current_a40,,True
1020,current,360,1380,profile_0063,high_frequency,0.5286570746212742,-1.0876225138329438,-26.377586807048527,energy_or_commitment_infeasible,w1020_current_a56,,False
1080,current,300,1380,profile_0000,constant,0.05,56.02163343726687,41.97836656273312,energy_or_commitment_infeasible,w1080_current_a1,,False
1080,current,300,1380,profile_0001,constant,0.15,58.25641387859971,39.74358612140028,energy_or_commitment_infeasible,w1080_current_a2,,False
1080,current,300,1380,profile_0002,constant,0.25,49.32688000000002,27.921454222222295,energy_or_commitment_infeasible,w1080_current_a3,,False
1080,current,300,1380,profile_0003,constant,0.35,31.294880000000024,9.8894542222223,energy_or_commitment_infeasible,w1080_current_a4,,False
1080,current,300,1380,profile_0004,constant,0.45,13.262880000000015,-9.6202100399075,energy_or_commitment_infeasible,w1080_current_a5,,False
1080,current,300,1380,profile_0005,constant,0.55,-5.63459357277882,-30.924557865994466,energy_or_commitment_infeasible,w1080_current_a6,,False
1080,current,300,1380,profile_0006,constant,0.65,-26.93894139886577,-52.22890569208141,energy_or_commitment_infeasible,w1080_current_a7,,False
1080,current,300,1380,profile_0007,constant,0.75,-38.823916639006676,-59.176083360993324,energy_or_commitment_infeasible,w1080_current_a8,,False
1080,current,300,1380,profile_0008,constant,0.85,-41.4615600374794,-56.53843996252059,energy_or_commitment_infeasible,w1080_current_a9,,False
1080,current,300,1380,profile_0009,constant,0.95,-47.145358433756044,-50.85464156624398,energy_or_commitment_infeasible,w1080_current_a10,,False
1080,current,300,1380,profile_0010,ramp,0.0586570746212742,56.17152414947983,41.82847585052017,energy_or_commitment_infeasible,w1080_current_a11,,False
1080,current,300,1380,profile_0011,ramp,0.9413429253787258,-46.64381260106891,-51.35618739893109,energy_or_commitment_infeasible,w1080_current_a12,,False
1080,current,300,1380,profile_0012,ramp,0.2,58.342880000000015,36.93745422222229,energy_or_commitment_infeasible,w1080_current_a13,,False
1080,current,300,1380,profile_0013,ramp,0.8,-40.339107232015984,-57.66089276798401,energy_or_commitment_infeasible,w1080_current_a14,,False
1080,current,300,1380,profile_0014,ramp,0.35,31.294880000000024,9.8894542222223,energy_or_commitment_infeasible,w1080_current_a4,,True
1080,current,300,1380,profile_0015,ramp,0.65,-26.93894139886577,-52.22890569208141,energy_or_commitment_infeasible,w1080_current_a7,,True
1080,current,300,1380,profile_0016,low_frequency,0.23,52.93328000000002,31.52785422222229,energy_or_commitment_infeasible,w1080_current_a15,,False
1080,current,300,1380,profile_0017,piecewise,0.0886570746212742,56.74441983559408,41.255580164405906,energy_or_commitment_infeasible,w1080_current_a16,,False
1080,current,300,1380,profile_0018,high_frequency,0.68,-33.33024574669185,-58.6202100399075,energy_or_commitment_infeasible,w1080_current_a17,,False
1080,current,300,1380,profile_0019,low_frequency,0.41,20.47568000000002,-1.0984709094727136,energy_or_commitment_infeasible,w1080_current_a18,,False
1080,current,300,1380,profile_0020,piecewise,0.7519424477276453,-38.89261128791065,-59.107388712089346,energy_or_commitment_infeasible,w1080_current_a19,,False
1080,current,300,1380,profile_0021,high_frequency,0.7586570746212742,-39.123092632012025,-58.87690736798797,energy_or_commitment_infeasible,w1080_current_a20,,False
1080,current,300,1380,profile_0022,low_frequency,0.45,13.262880000000015,-9.6202100399075,energy_or_commitment_infeasible,w1080_current_a5,,True
1080,current,300,1380,profile_0023,piecewise,0.3173141492425484,37.18879260858369,15.783366830805964,energy_or_commitment_infeasible,w1080_current_a21,,False
1080,current,300,1380,profile_0024,high_frequency,0.25,49.32688000000002,27.921454222222295,energy_or_commitment_infeasible,w1080_current_a3,,True
1080,current,300,1380,profile_0025,low_frequency,0.59,-14.156332703213591,-39.44629699642923,energy_or_commitment_infeasible,w1080_current_a22,,False
1080,current,300,1380,profile_0026,piecewise,0.1786570746212742,59.18539394198048,38.814606058019514,energy_or_commitment_infeasible,w1080_current_a23,,False
1080,current,300,1380,profile_0027,high_frequency,0.5773141492425484,-11.453694933147812,-36.743659226363455,energy_or_commitment_infeasible,w1080_current_a24,,False
1080,current,300,1380,profile_0028,low_frequency,0.31,38.50768000000002,17.102254222222296,energy_or_commitment_infeasible,w1080_current_a25,,False
1080,current,300,1380,profile_0029,piecewise,0.7619424477276453,-39.23207641413752,-58.767923585862476,energy_or_commitment_infeasible,w1080_current_a26,,False
1080,current,300,1380,profile_0030,high_frequency,0.4186570746212742,18.91463630429185,-2.942804198352873,energy_or_commitment_infeasible,w1080_current_a27,,False
1080,current,300,1380,profile_0031,low_frequency,0.44,15.066080000000023,-7.4897752572987955,energy_or_commitment_infeasible,w1080_current_a28,,False
1080,current,300,1380,profile_0032,piecewise,0.2373141492425484,51.61439260858369,30.20896683080597,energy_or_commitment_infeasible,w1080_current_a29,,False
1080,current,300,1380,profile_0033,high_frequency,0.52,0.6404800000000154,-24.53325351816837,energy_or_commitment_infeasible,w1080_current_a30,,False
1080,current,300,1380,profile_0034,low_frequency,0.62,-20.547637051039672,-45.83760134425532,energy_or_commitment_infeasible,w1080_current_a31,,False
1080,current,300,1380,profile_0035,piecewise,0.623285373106371,-21.24756436500567,-46.53752865822131,energy_or_commitment_infeasible,w1080_current_a32,,False
1080,current,300,1380,profile_0036,high_frequency,0.68,-33.33024574669185,-58.6202100399075,energy_or_commitment_infeasible,w1080_current_a17,,True
1080,current,300,1380,profile_0037,low_frequency,0.5813429253787258,-12.311999414333432,-37.601963707549075,energy_or_commitment_infeasible,w1080_current_a33,,False
1080,current,300,1380,profile_0038,piecewise,0.3073141492425484,38.991992608583686,17.586566830805964,energy_or_commitment_infeasible,w1080_current_a34,,False
1080,current,300,1380,profile_0039,high_frequency,0.51,2.44368000000001,-22.402818735559677,energy_or_commitment_infeasible,w1080_current_a35,,False
1080,current,300,1380,profile_0040,low_frequency,0.19,59.60673983584141,38.393260164158576,energy_or_commitment_infeasible,w1080_current_a36,,False
1080,current,300,1380,profile_0041,piecewise,0.4659712238638226,10.382948912875522,-13.022775123939272,energy_or_commitment_infeasible,w1080_current_a37,,False
1080,current,300,1380,profile_0042,high_frequency,0.6113429253787258,-18.70330376215953,-43.993268055375175,energy_or_commitment_infeasible,w1080_current_a38,,False
1080,current,300,1380,profile_0043,low_frequency,0.4,22.27888000000001,0.8734542222222894,energy_or_commitment_infeasible,w1080_current_a39,,False
1080,current,300,1380,profile_0044,piecewise,0.4059712238638226,21.202148912875526,-0.2401664282870943,energy_or_commitment_infeasible,w1080_current_a40,,False
1080,current,300,1380,profile_0045,high_frequency,0.4926858507574516,5.565767391416344,-18.71415215779936,energy_or_commitment_infeasible,w1080_current_a41,,False
1080,current,300,1380,profile_0046,low_frequency,0.36,29.491680000000017,8.086254222222292,energy_or_commitment_infeasible,w1080_current_a42,,False
1080,current,300,1380,profile_0047,piecewise,0.2573141492425484,48.007992608583685,26.602566830805962,energy_or_commitment_infeasible,w1080_current_a43,,False
1080,current,300,1380,profile_0048,high_frequency,0.61,-18.417202268430984,-43.70716656164663,energy_or_commitment_infeasible,w1080_current_a44,,False
1080,current,300,1380,profile_0049,low_frequency,0.54,-3.504158790170116,-28.79412308338576,energy_or_commitment_infeasible,w1080_current_a45,,False
1080,current,300,1380,profile_0050,piecewise,0.6446282984850968,-25.794535423951604,-51.08449971716725,energy_or_commitment_infeasible,w1080_current_a46,,False
1080,current,300,1380,profile_0051,high_frequency,0.5786570746212741,-11.73979642687634,-37.029760720091986,energy_or_commitment_infeasible,w1080_current_a47,,False
1080,current,300,1380,profile_0052,low_frequency,0.55,-5.63459357277882,-30.924557865994466,energy_or_commitment_infeasible,w1080_current_a6,,True
1080,current,300,1380,profile_0053,piecewise,0.1886570746212742,59.55504492064936,38.44495507935064,energy_or_commitment_infeasible,w1080_current_a48,,False
1080,current,300,1380,profile_0054,high_frequency,0.63,-22.678071833648378,-47.96803612686402,energy_or_commitment_infeasible,w1080_current_a49,,False
1080,current,300,1380,profile_0055,low_frequency,0.12,57.449632639143985,40.550367360856015,energy_or_commitment_infeasible,w1080_current_a50,,False
1080,current,300,1380,profile_0056,piecewise,0.25865707462127424,47.765836304291845,26.360410526514123,energy_or_commitment_infeasible,w1080_current_a51,,False
1080,current,300,1380,profile_0057,high_frequency,0.48134292537872575,7.611123695708192,-16.29761588146211,energy_or_commitment_infeasible,w1080_current_a52,,False
1080,current,300,1380,profile_0058,low_frequency,0.13865707462127422,57.93388963425002,40.06611036574997,energy_or_commitment_infeasible,w1080_current_a53,,False
1080,current,300,1380,profile_0059,piecewise,0.08,56.569915970035176,41.430084029964824,energy_or_commitment_infeasible,w1080_current_a54,,False
1080,current,300,1380,profile_0060,high_frequency,0.45865707462127425,11.701836304291849,-11.46454332878766,energy_or_commitment_infeasible,w1080_current_a55,,False
1080,current,300,1380,profile_0061,low_frequency,0.5,4.246880000000017,-20.272383952950975,energy_or_commitment_infeasible,w1080_current_a0,,True
1080,current,300,1380,profile_0062,piecewise,0.4059712238638226,21.202148912875526,-0.2401664282870943,energy_or_commitment_infeasible,w1080_current_a40,,True
1080,current,300,1380,profile_0063,high_frequency,0.5286570746212742,-1.087622513832882,-26.377586807048527,energy_or_commitment_infeasible,w1080_current_a56,,False
1140,current,240,1380,profile_0000,constant,0.05,56.02163343726689,41.978366562733115,energy_or_commitment_infeasible,w1140_current_a1,,False
1140,current,240,1380,profile_0001,constant,0.15,58.256413878599744,39.74358612140027,energy_or_commitment_infeasible,w1140_current_a2,,False
1140,current,240,1380,profile_0002,constant,0.25,49.326880000000095,27.92145422222231,energy_or_commitment_infeasible,w1140_current_a3,,False
1140,current,240,1380,profile_0003,constant,0.35,31.294880000000102,9.889454222222314,energy_or_commitment_infeasible,w1140_current_a4,,False
1140,current,240,1380,profile_0004,constant,0.45,13.262880000000093,-9.620210039907484,energy_or_commitment_infeasible,w1140_current_a5,,False
1140,current,240,1380,profile_0005,constant,0.55,-5.634593572778727,-30.924557865994448,energy_or_commitment_infeasible,w1140_current_a6,,False
1140,current,240,1380,profile_0006,constant,0.65,-26.938941398865676,-52.2289056920814,energy_or_commitment_infeasible,w1140_current_a7,,False
1140,current,240,1380,profile_0007,constant,0.75,-38.82391663900663,-59.17608336099336,energy_or_commitment_infeasible,w1140_current_a8,,False
1140,current,240,1380,profile_0008,constant,0.85,-41.46156003747937,-56.53843996252062,energy_or_commitment_infeasible,w1140_current_a9,,False
1140,current,240,1380,profile_0009,constant,0.95,-47.14535843375601,-50.854641566243984,energy_or_commitment_infeasible,w1140_current_a10,,False
1140,current,240,1380,profile_0010,ramp,0.0586570746212742,56.17152414947985,41.828475850520164,energy_or_commitment_infeasible,w1140_current_a11,,False
1140,current,240,1380,profile_0011,ramp,0.9413429253787258,-46.64381260106888,-51.35618739893113,energy_or_commitment_infeasible,w1140_current_a12,,False
1140,current,240,1380,profile_0012,ramp,0.2,58.34288000000009,36.93745422222231,energy_or_commitment_infeasible,w1140_current_a13,,False
1140,current,240,1380,profile_0013,ramp,0.8,-40.33910723201595,-57.660892767984045,energy_or_commitment_infeasible,w1140_current_a14,,False
1140,current,240,1380,profile_0014,ramp,0.35,31.294880000000102,9.889454222222314,energy_or_commitment_infeasible,w1140_current_a4,,True
1140,current,240,1380,profile_0015,ramp,0.65,-26.938941398865676,-52.2289056920814,energy_or_commitment_infeasible,w1140_current_a7,,True
1140,current,240,1380,profile_0016,low_frequency,0.23,52.933280000000096,31.527854222222302,energy_or_commitment_infeasible,w1140_current_a15,,False
1140,current,240,1380,profile_0017,piecewise,0.0886570746212742,56.74441983559411,41.25558016440589,energy_or_commitment_infeasible,w1140_current_a16,,False
1140,current,240,1380,profile_0018,high_frequency,0.68,-33.33024574669176,-58.620210039907484,energy_or_commitment_infeasible,w1140_current_a17,,False
1140,current,240,1380,profile_0019,low_frequency,0.41,20.475680000000096,-1.0984709094726983,energy_or_commitment_infeasible,w1140_current_a18,,False
1140,current,240,1380,profile_0020,piecewise,0.7519424477276453,-38.892611287910604,-59.10738871208938,energy_or_commitment_infeasible,w1140_current_a19,,False
1140,current,240,1380,profile_0021,high_frequency,0.7586570746212742,-39.12309263201199,-58.87690736798801,energy_or_commitment_infeasible,w1140_current_a20,,False
1140,current,240,1380,profile_0022,low_frequency,0.45,13.262880000000093,-9.620210039907484,energy_or_commitment_infeasible,w1140_current_a5,,True
1140,current,240,1380,profile_0023,piecewise,0.3173141492425484,37.18879260858377,15.783366830805978,energy_or_commitment_infeasible,w1140_current_a21,,False
1140,current,240,1380,profile_0024,high_frequency,0.25,49.326880000000095,27.92145422222231,energy_or_commitment_infeasible,w1140_current_a3,,True
1140,current,240,1380,profile_0025,low_frequency,0.59,-14.156332703213497,-39.44629699642922,energy_or_commitment_infeasible,w1140_current_a22,,False
1140,current,240,1380,profile_0026,piecewise,0.1786570746212742,59.18539394198051,38.8146060580195,energy_or_commitment_infeasible,w1140_current_a23,,False
1140,current,240,1380,profile_0027,high_frequency,0.5773141492425484,-11.45369493314772,-36.74365922636344,energy_or_commitment_infeasible,w1140_current_a24,,False
1140,current,240,1380,profile_0028,low_frequency,0.31,38.5076800000001,17.10225422222231,energy_or_commitment_infeasible,w1140_current_a25,,False
1140,current,240,1380,profile_0029,piecewise,0.7619424477276453,-39.23207641413748,-58.76792358586252,energy_or_commitment_infeasible,w1140_current_a26,,False
1140,current,240,1380,profile_0030,high_frequency,0.4186570746212742,18.91463630429193,-2.9428041983528574,energy_or_commitment_infeasible,w1140_current_a27,,False
1140,current,240,1380,profile_0031,low_frequency,0.44,15.0660800000001,-7.48977525729878,energy_or_commitment_infeasible,w1140_current_a28,,False
1140,current,240,1380,profile_0032,piecewise,0.2373141492425484,51.61439260858377,30.208966830805984,energy_or_commitment_infeasible,w1140_current_a29,,False
1140,current,240,1380,profile_0033,high_frequency,0.52,0.6404800000000939,-24.53325351816835,energy_or_commitment_infeasible,w1140_current_a30,,False
1140,current,240,1380,profile_0034,low_frequency,0.62,-20.54763705103958,-45.837601344255305,energy_or_commitment_infeasible,w1140_current_a31,,False
1140,current,240,1380,profile_0035,piecewise,0.623285373106371,-21.247564365005573,-46.5375286582213,energy_or_commitment_infeasible,w1140_current_a32,,False
1140,current,240,1380,profile_0036,high_frequency,0.68,-33.33024574669176,-58.620210039907484,energy_or_commitment_infeasible,w1140_current_a17,,True
1140,current,240,1380,profile_0037,low_frequency,0.5813429253787258,-12.31199941433334,-37.60196370754906,energy_or_commitment_infeasible,w1140_current_a33,,False
1140,current,240,1380,profile_0038,piecewise,0.3073141492425484,38.991992608583764,17.586566830805978,energy_or_commitment_infeasible,w1140_current_a34,,False
1140,current,240,1380,profile_0039,high_frequency,0.51,2.443680000000088,-22.402818735559663,energy_or_commitment_infeasible,w1140_current_a35,,False
1140,current,240,1380,profile_0040,low_frequency,0.19,59.60673983584144,38.39326016415856,energy_or_commitment_infeasible,w1140_current_a36,,False
1140,current,240,1380,profile_0041,piecewise,0.4659712238638226,10.3829489128756,-13.022775123939258,energy_or_commitment_infeasible,w1140_current_a37,,False
1140,current,240,1380,profile_0042,high_frequency,0.6113429253787258,-18.703303762159436,-43.99326805537516,energy_or_commitment_infeasible,w1140_current_a38,,False
1140,current,240,1380,profile_0043,low_frequency,0.4,22.27888000000009,0.8734542222223024,energy_or_commitment_infeasible,w1140_current_a39,,False
1140,current,240,1380,profile_0044,piecewise,0.4059712238638226,21.202148912875604,-0.24016642828707885,energy_or_commitment_infeasible,w1140_current_a40,,False
1140,current,240,1380,profile_0045,high_frequency,0.4926858507574516,5.565767391416422,-18.714152157799344,energy_or_commitment_infeasible,w1140_current_a41,,False
1140,current,240,1380,profile_0046,low_frequency,0.36,29.491680000000095,8.086254222222307,energy_or_commitment_infeasible,w1140_current_a42,,False
1140,current,240,1380,profile_0047,piecewise,0.2573141492425484,48.00799260858376,26.602566830805976,energy_or_commitment_infeasible,w1140_current_a43,,False
1140,current,240,1380,profile_0048,high_frequency,0.61,-18.41720226843089,-43.70716656164661,energy_or_commitment_infeasible,w1140_current_a44,,False
1140,current,240,1380,profile_0049,low_frequency,0.54,-3.504158790170023,-28.794123083385745,energy_or_commitment_infeasible,w1140_current_a45,,False
1140,current,240,1380,profile_0050,piecewise,0.6446282984850968,-25.794535423951512,-51.08449971716723,energy_or_commitment_infeasible,w1140_current_a46,,False
1140,current,240,1380,profile_0051,high_frequency,0.5786570746212741,-11.739796426876248,-37.02976072009197,energy_or_commitment_infeasible,w1140_current_a47,,False
1140,current,240,1380,profile_0052,low_frequency,0.55,-5.634593572778727,-30.924557865994448,energy_or_commitment_infeasible,w1140_current_a6,,True
1140,current,240,1380,profile_0053,piecewise,0.1886570746212742,59.55504492064937,38.44495507935061,energy_or_commitment_infeasible,w1140_current_a48,,False
1140,current,240,1380,profile_0054,high_frequency,0.63,-22.678071833648286,-47.96803612686401,energy_or_commitment_infeasible,w1140_current_a49,,False
1140,current,240,1380,profile_0055,low_frequency,0.12,57.449632639144,40.550367360855994,energy_or_commitment_infeasible,w1140_current_a50,,False
1140,current,240,1380,profile_0056,piecewise,0.25865707462127424,47.76583630429192,26.360410526514137,energy_or_commitment_infeasible,w1140_current_a51,,False
1140,current,240,1380,profile_0057,high_frequency,0.48134292537872575,7.61112369570827,-16.297615881462097,energy_or_commitment_infeasible,w1140_current_a52,,False
1140,current,240,1380,profile_0058,low_frequency,0.13865707462127422,57.93388963425006,40.06611036574996,energy_or_commitment_infeasible,w1140_current_a53,,False
1140,current,240,1380,profile_0059,piecewise,0.08,56.569915970035204,41.43008402996481,energy_or_commitment_infeasible,w1140_current_a54,,False
1140,current,240,1380,profile_0060,high_frequency,0.45865707462127425,11.701836304291927,-11.464543328787643,energy_or_commitment_infeasible,w1140_current_a55,,False
1140,current,240,1380,profile_0061,low_frequency,0.5,4.246880000000096,-20.27238395295096,energy_or_commitment_infeasible,w1140_current_a0,,True
1140,current,240,1380,profile_0062,piecewise,0.4059712238638226,21.202148912875604,-0.24016642828707885,energy_or_commitment_infeasible,w1140_current_a40,,True
1140,current,240,1380,profile_0063,high_frequency,0.5286570746212742,-1.0876225138327895,-26.377586807048512,energy_or_commitment_infeasible,w1140_current_a56,,False
1200,current,180,1380,profile_0000,constant,0.05,56.02163343726689,41.978366562733115,energy_or_commitment_infeasible,w1200_current_a1,,False
1200,current,180,1380,profile_0001,constant,0.15,58.256413878599744,39.74358612140027,energy_or_commitment_infeasible,w1200_current_a2,,False
1200,current,180,1380,profile_0002,constant,0.25,49.326880000000095,27.92145422222231,energy_or_commitment_infeasible,w1200_current_a3,,False
1200,current,180,1380,profile_0003,constant,0.35,31.294880000000102,9.889454222222314,energy_or_commitment_infeasible,w1200_current_a4,,False
1200,current,180,1380,profile_0004,constant,0.45,13.262880000000093,-9.620210039907484,energy_or_commitment_infeasible,w1200_current_a5,,False
1200,current,180,1380,profile_0005,constant,0.55,-5.634593572778727,-30.924557865994448,energy_or_commitment_infeasible,w1200_current_a6,,False
1200,current,180,1380,profile_0006,constant,0.65,-26.938941398865676,-52.2289056920814,energy_or_commitment_infeasible,w1200_current_a7,,False
1200,current,180,1380,profile_0007,constant,0.75,-38.82391663900663,-59.17608336099336,energy_or_commitment_infeasible,w1200_current_a8,,False
1200,current,180,1380,profile_0008,constant,0.85,-41.46156003747937,-56.53843996252062,energy_or_commitment_infeasible,w1200_current_a9,,False
1200,current,180,1380,profile_0009,constant,0.95,-47.14535843375601,-50.854641566243984,energy_or_commitment_infeasible,w1200_current_a10,,False
1200,current,180,1380,profile_0010,ramp,0.0586570746212742,56.17152414947985,41.828475850520164,energy_or_commitment_infeasible,w1200_current_a11,,False
1200,current,180,1380,profile_0011,ramp,0.9413429253787258,-46.64381260106888,-51.35618739893113,energy_or_commitment_infeasible,w1200_current_a12,,False
1200,current,180,1380,profile_0012,ramp,0.2,58.34288000000009,36.93745422222231,energy_or_commitment_infeasible,w1200_current_a13,,False
1200,current,180,1380,profile_0013,ramp,0.8,-40.33910723201595,-57.660892767984045,energy_or_commitment_infeasible,w1200_current_a14,,False
1200,current,180,1380,profile_0014,ramp,0.35,31.294880000000102,9.889454222222314,energy_or_commitment_infeasible,w1200_current_a4,,True
1200,current,180,1380,profile_0015,ramp,0.65,-26.938941398865676,-52.2289056920814,energy_or_commitment_infeasible,w1200_current_a7,,True
1200,current,180,1380,profile_0016,low_frequency,0.23,52.933280000000096,31.527854222222302,energy_or_commitment_infeasible,w1200_current_a15,,False
1200,current,180,1380,profile_0017,piecewise,0.0886570746212742,56.74441983559411,41.25558016440589,energy_or_commitment_infeasible,w1200_current_a16,,False
1200,current,180,1380,profile_0018,high_frequency,0.68,-33.33024574669176,-58.620210039907484,energy_or_commitment_infeasible,w1200_current_a17,,False
1200,current,180,1380,profile_0019,low_frequency,0.41,20.475680000000096,-1.0984709094726983,energy_or_commitment_infeasible,w1200_current_a18,,False
1200,current,180,1380,profile_0020,piecewise,0.7519424477276453,-38.892611287910604,-59.10738871208938,energy_or_commitment_infeasible,w1200_current_a19,,False
1200,current,180,1380,profile_0021,high_frequency,0.7586570746212742,-39.12309263201199,-58.87690736798801,energy_or_commitment_infeasible,w1200_current_a20,,False
1200,current,180,1380,profile_0022,low_frequency,0.45,13.262880000000093,-9.620210039907484,energy_or_commitment_infeasible,w1200_current_a5,,True
1200,current,180,1380,profile_0023,piecewise,0.3173141492425484,37.18879260858377,15.783366830805978,energy_or_commitment_infeasible,w1200_current_a21,,False
1200,current,180,1380,profile_0024,high_frequency,0.25,49.326880000000095,27.92145422222231,energy_or_commitment_infeasible,w1200_current_a3,,True
1200,current,180,1380,profile_0025,low_frequency,0.59,-14.156332703213497,-39.44629699642922,energy_or_commitment_infeasible,w1200_current_a22,,False
1200,current,180,1380,profile_0026,piecewise,0.1786570746212742,59.18539394198051,38.8146060580195,energy_or_commitment_infeasible,w1200_current_a23,,False
1200,current,180,1380,profile_0027,high_frequency,0.5773141492425484,-11.45369493314772,-36.74365922636344,energy_or_commitment_infeasible,w1200_current_a24,,False
1200,current,180,1380,profile_0028,low_frequency,0.31,38.5076800000001,17.10225422222231,energy_or_commitment_infeasible,w1200_current_a25,,False
1200,current,180,1380,profile_0029,piecewise,0.7619424477276453,-39.23207641413748,-58.76792358586252,energy_or_commitment_infeasible,w1200_current_a26,,False
1200,current,180,1380,profile_0030,high_frequency,0.4186570746212742,18.91463630429193,-2.9428041983528574,energy_or_commitment_infeasible,w1200_current_a27,,False
1200,current,180,1380,profile_0031,low_frequency,0.44,15.0660800000001,-7.48977525729878,energy_or_commitment_infeasible,w1200_current_a28,,False
1200,current,180,1380,profile_0032,piecewise,0.2373141492425484,51.61439260858377,30.208966830805984,energy_or_commitment_infeasible,w1200_current_a29,,False
1200,current,180,1380,profile_0033,high_frequency,0.52,0.6404800000000939,-24.53325351816835,energy_or_commitment_infeasible,w1200_current_a30,,False
1200,current,180,1380,profile_0034,low_frequency,0.62,-20.54763705103958,-45.837601344255305,energy_or_commitment_infeasible,w1200_current_a31,,False
1200,current,180,1380,profile_0035,piecewise,0.623285373106371,-21.247564365005573,-46.5375286582213,energy_or_commitment_infeasible,w1200_current_a32,,False
1200,current,180,1380,profile_0036,high_frequency,0.68,-33.33024574669176,-58.620210039907484,energy_or_commitment_infeasible,w1200_current_a17,,True
1200,current,180,1380,profile_0037,low_frequency,0.5813429253787258,-12.31199941433334,-37.60196370754906,energy_or_commitment_infeasible,w1200_current_a33,,False
1200,current,180,1380,profile_0038,piecewise,0.3073141492425484,38.991992608583764,17.586566830805978,energy_or_commitment_infeasible,w1200_current_a34,,False
1200,current,180,1380,profile_0039,high_frequency,0.51,2.443680000000088,-22.402818735559663,energy_or_commitment_infeasible,w1200_current_a35,,False
1200,current,180,1380,profile_0040,low_frequency,0.19,59.60673983584144,38.39326016415856,energy_or_commitment_infeasible,w1200_current_a36,,False
1200,current,180,1380,profile_0041,piecewise,0.4659712238638226,10.3829489128756,-13.022775123939258,energy_or_commitment_infeasible,w1200_current_a37,,False
1200,current,180,1380,profile_0042,high_frequency,0.6113429253787258,-18.703303762159436,-43.99326805537516,energy_or_commitment_infeasible,w1200_current_a38,,False
1200,current,180,1380,profile_0043,low_frequency,0.4,22.27888000000009,0.8734542222223024,energy_or_commitment_infeasible,w1200_current_a39,,False
1200,current,180,1380,profile_0044,piecewise,0.4059712238638226,21.202148912875604,-0.24016642828707885,energy_or_commitment_infeasible,w1200_current_a40,,False
1200,current,180,1380,profile_0045,high_frequency,0.4926858507574516,5.565767391416422,-18.714152157799344,energy_or_commitment_infeasible,w1200_current_a41,,False
1200,current,180,1380,profile_0046,low_frequency,0.36,29.491680000000095,8.086254222222307,energy_or_commitment_infeasible,w1200_current_a42,,False
1200,current,180,1380,profile_0047,piecewise,0.2573141492425484,48.00799260858376,26.602566830805976,energy_or_commitment_infeasible,w1200_current_a43,,False
1200,current,180,1380,profile_0048,high_frequency,0.61,-18.41720226843089,-43.70716656164661,energy_or_commitment_infeasible,w1200_current_a44,,False
1200,current,180,1380,profile_0049,low_frequency,0.54,-3.504158790170023,-28.794123083385745,energy_or_commitment_infeasible,w1200_current_a45,,False
1200,current,180,1380,profile_0050,piecewise,0.6446282984850968,-25.794535423951512,-51.08449971716723,energy_or_commitment_infeasible,w1200_current_a46,,False
1200,current,180,1380,profile_0051,high_frequency,0.5786570746212741,-11.739796426876248,-37.02976072009197,energy_or_commitment_infeasible,w1200_current_a47,,False
1200,current,180,1380,profile_0052,low_frequency,0.55,-5.634593572778727,-30.924557865994448,energy_or_commitment_infeasible,w1200_current_a6,,True
1200,current,180,1380,profile_0053,piecewise,0.1886570746212742,59.55504492064937,38.44495507935061,energy_or_commitment_infeasible,w1200_current_a48,,False
1200,current,180,1380,profile_0054,high_frequency,0.63,-22.678071833648286,-47.96803612686401,energy_or_commitment_infeasible,w1200_current_a49,,False
1200,current,180,1380,profile_0055,low_frequency,0.12,57.449632639144,40.550367360855994,energy_or_commitment_infeasible,w1200_current_a50,,False
1200,current,180,1380,profile_0056,piecewise,0.25865707462127424,47.76583630429192,26.360410526514137,energy_or_commitment_infeasible,w1200_current_a51,,False
1200,current,180,1380,profile_0057,high_frequency,0.48134292537872575,7.61112369570827,-16.297615881462097,energy_or_commitment_infeasible,w1200_current_a52,,False
1200,current,180,1380,profile_0058,low_frequency,0.13865707462127422,57.93388963425006,40.06611036574996,energy_or_commitment_infeasible,w1200_current_a53,,False
1200,current,180,1380,profile_0059,piecewise,0.08,56.569915970035204,41.43008402996481,energy_or_commitment_infeasible,w1200_current_a54,,False
1200,current,180,1380,profile_0060,high_frequency,0.45865707462127425,11.701836304291927,-11.464543328787643,energy_or_commitment_infeasible,w1200_current_a55,,False
1200,current,180,1380,profile_0061,low_frequency,0.5,4.246880000000096,-20.27238395295096,energy_or_commitment_infeasible,w1200_current_a0,,True
1200,current,180,1380,profile_0062,piecewise,0.4059712238638226,21.202148912875604,-0.24016642828707885,energy_or_commitment_infeasible,w1200_current_a40,,True
1200,current,180,1380,profile_0063,high_frequency,0.5286570746212742,-1.0876225138327895,-26.377586807048512,energy_or_commitment_infeasible,w1200_current_a56,,False
1260,current,120,1380,profile_0000,constant,0.05,56.02163343726689,41.978366562733115,energy_or_commitment_infeasible,w1260_current_a1,,False
1260,current,120,1380,profile_0001,constant,0.15,58.256413878599744,39.74358612140027,energy_or_commitment_infeasible,w1260_current_a2,,False
1260,current,120,1380,profile_0002,constant,0.25,49.326880000000095,27.92145422222231,energy_or_commitment_infeasible,w1260_current_a3,,False
1260,current,120,1380,profile_0003,constant,0.35,31.294880000000102,9.889454222222314,energy_or_commitment_infeasible,w1260_current_a4,,False
1260,current,120,1380,profile_0004,constant,0.45,13.262880000000093,-9.620210039907484,energy_or_commitment_infeasible,w1260_current_a5,,False
1260,current,120,1380,profile_0005,constant,0.55,-5.634593572778727,-30.924557865994448,energy_or_commitment_infeasible,w1260_current_a6,,False
1260,current,120,1380,profile_0006,constant,0.65,-26.938941398865676,-52.2289056920814,energy_or_commitment_infeasible,w1260_current_a7,,False
1260,current,120,1380,profile_0007,constant,0.75,-38.82391663900663,-59.17608336099336,energy_or_commitment_infeasible,w1260_current_a8,,False
1260,current,120,1380,profile_0008,constant,0.85,-41.46156003747937,-56.53843996252062,energy_or_commitment_infeasible,w1260_current_a9,,False
1260,current,120,1380,profile_0009,constant,0.95,-47.14535843375601,-50.854641566243984,energy_or_commitment_infeasible,w1260_current_a10,,False
1260,current,120,1380,profile_0010,ramp,0.0586570746212742,56.17152414947985,41.828475850520164,energy_or_commitment_infeasible,w1260_current_a11,,False
1260,current,120,1380,profile_0011,ramp,0.9413429253787258,-46.64381260106888,-51.35618739893113,energy_or_commitment_infeasible,w1260_current_a12,,False
1260,current,120,1380,profile_0012,ramp,0.2,58.34288000000009,36.93745422222231,energy_or_commitment_infeasible,w1260_current_a13,,False
1260,current,120,1380,profile_0013,ramp,0.8,-40.33910723201595,-57.660892767984045,energy_or_commitment_infeasible,w1260_current_a14,,False
1260,current,120,1380,profile_0014,ramp,0.35,31.294880000000102,9.889454222222314,energy_or_commitment_infeasible,w1260_current_a4,,True
1260,current,120,1380,profile_0015,ramp,0.65,-26.938941398865676,-52.2289056920814,energy_or_commitment_infeasible,w1260_current_a7,,True
1260,current,120,1380,profile_0016,low_frequency,0.23,52.933280000000096,31.527854222222302,energy_or_commitment_infeasible,w1260_current_a15,,False
1260,current,120,1380,profile_0017,piecewise,0.0886570746212742,56.74441983559411,41.25558016440589,energy_or_commitment_infeasible,w1260_current_a16,,False
1260,current,120,1380,profile_0018,high_frequency,0.68,-33.33024574669176,-58.620210039907484,energy_or_commitment_infeasible,w1260_current_a17,,False
1260,current,120,1380,profile_0019,low_frequency,0.41,20.475680000000096,-1.0984709094726983,energy_or_commitment_infeasible,w1260_current_a18,,False
1260,current,120,1380,profile_0020,piecewise,0.7519424477276453,-38.892611287910604,-59.10738871208938,energy_or_commitment_infeasible,w1260_current_a19,,False
1260,current,120,1380,profile_0021,high_frequency,0.7586570746212742,-39.12309263201199,-58.87690736798801,energy_or_commitment_infeasible,w1260_current_a20,,False
1260,current,120,1380,profile_0022,low_frequency,0.45,13.262880000000093,-9.620210039907484,energy_or_commitment_infeasible,w1260_current_a5,,True
1260,current,120,1380,profile_0023,piecewise,0.3173141492425484,37.18879260858377,15.783366830805978,energy_or_commitment_infeasible,w1260_current_a21,,False
1260,current,120,1380,profile_0024,high_frequency,0.25,49.326880000000095,27.92145422222231,energy_or_commitment_infeasible,w1260_current_a3,,True
1260,current,120,1380,profile_0025,low_frequency,0.59,-14.156332703213497,-39.44629699642922,energy_or_commitment_infeasible,w1260_current_a22,,False
1260,current,120,1380,profile_0026,piecewise,0.1786570746212742,59.18539394198051,38.8146060580195,energy_or_commitment_infeasible,w1260_current_a23,,False
1260,current,120,1380,profile_0027,high_frequency,0.5773141492425484,-11.45369493314772,-36.74365922636344,energy_or_commitment_infeasible,w1260_current_a24,,False
1260,current,120,1380,profile_0028,low_frequency,0.31,38.5076800000001,17.10225422222231,energy_or_commitment_infeasible,w1260_current_a25,,False
1260,current,120,1380,profile_0029,piecewise,0.7619424477276453,-39.23207641413748,-58.76792358586252,energy_or_commitment_infeasible,w1260_current_a26,,False
1260,current,120,1380,profile_0030,high_frequency,0.4186570746212742,18.91463630429193,-2.9428041983528574,energy_or_commitment_infeasible,w1260_current_a27,,False
1260,current,120,1380,profile_0031,low_frequency,0.44,15.0660800000001,-7.48977525729878,energy_or_commitment_infeasible,w1260_current_a28,,False
1260,current,120,1380,profile_0032,piecewise,0.2373141492425484,51.61439260858377,30.208966830805984,energy_or_commitment_infeasible,w1260_current_a29,,False
1260,current,120,1380,profile_0033,high_frequency,0.52,0.6404800000000939,-24.53325351816835,energy_or_commitment_infeasible,w1260_current_a30,,False
1260,current,120,1380,profile_0034,low_frequency,0.62,-20.54763705103958,-45.837601344255305,energy_or_commitment_infeasible,w1260_current_a31,,False
1260,current,120,1380,profile_0035,piecewise,0.623285373106371,-21.247564365005573,-46.5375286582213,energy_or_commitment_infeasible,w1260_current_a32,,False
1260,current,120,1380,profile_0036,high_frequency,0.68,-33.33024574669176,-58.620210039907484,energy_or_commitment_infeasible,w1260_current_a17,,True
1260,current,120,1380,profile_0037,low_frequency,0.5813429253787258,-12.31199941433334,-37.60196370754906,energy_or_commitment_infeasible,w1260_current_a33,,False
1260,current,120,1380,profile_0038,piecewise,0.3073141492425484,38.991992608583764,17.586566830805978,energy_or_commitment_infeasible,w1260_current_a34,,False
1260,current,120,1380,profile_0039,high_frequency,0.51,2.443680000000088,-22.402818735559663,energy_or_commitment_infeasible,w1260_current_a35,,False
1260,current,120,1380,profile_0040,low_frequency,0.19,59.60673983584144,38.39326016415856,energy_or_commitment_infeasible,w1260_current_a36,,False
1260,current,120,1380,profile_0041,piecewise,0.4659712238638226,10.3829489128756,-13.022775123939258,energy_or_commitment_infeasible,w1260_current_a37,,False
1260,current,120,1380,profile_0042,high_frequency,0.6113429253787258,-18.703303762159436,-43.99326805537516,energy_or_commitment_infeasible,w1260_current_a38,,False
1260,current,120,1380,profile_0043,low_frequency,0.4,22.27888000000009,0.8734542222223024,energy_or_commitment_infeasible,w1260_current_a39,,False
1260,current,120,1380,profile_0044,piecewise,0.4059712238638226,21.202148912875604,-0.24016642828707885,energy_or_commitment_infeasible,w1260_current_a40,,False
1260,current,120,1380,profile_0045,high_frequency,0.4926858507574516,5.565767391416422,-18.714152157799344,energy_or_commitment_infeasible,w1260_current_a41,,False
1260,current,120,1380,profile_0046,low_frequency,0.36,29.491680000000095,8.086254222222307,energy_or_commitment_infeasible,w1260_current_a42,,False
1260,current,120,1380,profile_0047,piecewise,0.2573141492425484,48.00799260858376,26.602566830805976,energy_or_commitment_infeasible,w1260_current_a43,,False
1260,current,120,1380,profile_0048,high_frequency,0.61,-18.41720226843089,-43.70716656164661,energy_or_commitment_infeasible,w1260_current_a44,,False
1260,current,120,1380,profile_0049,low_frequency,0.54,-3.504158790170023,-28.794123083385745,energy_or_commitment_infeasible,w1260_current_a45,,False
1260,current,120,1380,profile_0050,piecewise,0.6446282984850968,-25.794535423951512,-51.08449971716723,energy_or_commitment_infeasible,w1260_current_a46,,False
1260,current,120,1380,profile_0051,high_frequency,0.5786570746212741,-11.739796426876248,-37.02976072009197,energy_or_commitment_infeasible,w1260_current_a47,,False
1260,current,120,1380,profile_0052,low_frequency,0.55,-5.634593572778727,-30.924557865994448,energy_or_commitment_infeasible,w1260_current_a6,,True
1260,current,120,1380,profile_0053,piecewise,0.1886570746212742,59.55504492064937,38.44495507935061,energy_or_commitment_infeasible,w1260_current_a48,,False
1260,current,120,1380,profile_0054,high_frequency,0.63,-22.678071833648286,-47.96803612686401,energy_or_commitment_infeasible,w1260_current_a49,,False
1260,current,120,1380,profile_0055,low_frequency,0.12,57.449632639144,40.550367360855994,energy_or_commitment_infeasible,w1260_current_a50,,False
1260,current,120,1380,profile_0056,piecewise,0.25865707462127424,47.76583630429192,26.360410526514137,energy_or_commitment_infeasible,w1260_current_a51,,False
1260,current,120,1380,profile_0057,high_frequency,0.48134292537872575,7.61112369570827,-16.297615881462097,energy_or_commitment_infeasible,w1260_current_a52,,False
1260,current,120,1380,profile_0058,low_frequency,0.13865707462127422,57.93388963425006,40.06611036574996,energy_or_commitment_infeasible,w1260_current_a53,,False
1260,current,120,1380,profile_0059,piecewise,0.08,56.569915970035204,41.43008402996481,energy_or_commitment_infeasible,w1260_current_a54,,False
1260,current,120,1380,profile_0060,high_frequency,0.45865707462127425,11.701836304291927,-11.464543328787643,energy_or_commitment_infeasible,w1260_current_a55,,False
1260,current,120,1380,profile_0061,low_frequency,0.5,4.246880000000096,-20.27238395295096,energy_or_commitment_infeasible,w1260_current_a0,,True
1260,current,120,1380,profile_0062,piecewise,0.4059712238638226,21.202148912875604,-0.24016642828707885,energy_or_commitment_infeasible,w1260_current_a40,,True
1260,current,120,1380,profile_0063,high_frequency,0.5286570746212742,-1.0876225138327895,-26.377586807048512,energy_or_commitment_infeasible,w1260_current_a56,,False
1320,current,60,1380,profile_0000,constant,0.05,54.88770992959471,43.112290070405294,energy_or_commitment_infeasible,w1320_current_a1,,False
1320,current,60,1380,profile_0001,constant,0.15,56.827359040267524,41.172640959732476,energy_or_commitment_infeasible,w1320_current_a2,,False
1320,current,60,1380,profile_0002,constant,0.25,45.446773333333326,27.959733333333325,energy_or_commitment_infeasible,w1320_current_a3,,False
1320,current,60,1380,profile_0003,constant,0.35,27.41477333333333,9.927733333333329,energy_or_commitment_infeasible,w1320_current_a4,,False
1320,current,60,1380,profile_0004,constant,0.45,9.382773333333322,-9.574984247006945,energy_or_commitment_infeasible,w1320_current_a5,,False
1320,current,60,1380,profile_0005,constant,0.55,-10.218840579710168,-30.87933207309391,energy_or_commitment_infeasible,w1320_current_a6,,False
1320,current,60,1380,profile_0006,constant,0.65,-31.523188405797118,-52.18367989918086,energy_or_commitment_infeasible,w1320_current_a7,,False
1320,current,60,1380,profile_0007,constant,0.75,-40.98543669947741,-57.01456330052259,energy_or_commitment_infeasible,w1320_current_a8,,False
1320,current,60,1380,profile_0008,constant,0.85,-43.00699410779059,-54.993005892209425,energy_or_commitment_infeasible,w1320_current_a9,,False
1320,current,60,1380,profile_0009,constant,0.95,-48.35056304365742,-49.649436956342576,energy_or_commitment_infeasible,w1320_current_a10,,False
1320,current,60,1380,profile_0010,ramp,0.0586570746212742,55.01678536437106,42.98321463562895,energy_or_commitment_infeasible,w1320_current_a11,,False
1320,current,60,1380,profile_0011,ramp,0.9413429253787258,-47.87261950834009,-50.127380491659906,energy_or_commitment_infeasible,w1320_current_a12,,False
1320,current,60,1380,profile_0012,ramp,0.2,54.462773333333324,36.975733333333324,energy_or_commitment_infeasible,w1320_current_a13,,False
1320,current,60,1380,profile_0013,ramp,0.8,-42.14208990544358,-55.85791009455643,energy_or_commitment_infeasible,w1320_current_a14,,False
1320,current,60,1380,profile_0014,ramp,0.35,27.41477333333333,9.927733333333329,energy_or_commitment_infeasible,w1320_current_a4,,True
1320,current,60,1380,profile_0015,ramp,0.65,-31.523188405797118,-52.18367989918086,energy_or_commitment_infeasible,w1320_current_a7,,True
1320,current,60,1380,profile_0016,low_frequency,0.23,49.05317333333332,31.56613333333332,energy_or_commitment_infeasible,w1320_current_a15,,False
1320,current,60,1380,profile_0017,piecewise,0.0886570746212742,55.511467419971815,42.48853258002818,energy_or_commitment_infeasible,w1320_current_a16,,False
1320,current,60,1380,profile_0018,high_frequency,0.68,-37.9144927536232,-58.574984247006945,energy_or_commitment_infeasible,w1320_current_a17,,False
1320,current,60,1380,profile_0019,low_frequency,0.41,16.595573333333324,-1.05324511657216,energy_or_commitment_infeasible,w1320_current_a18,,False
1320,current,60,1380,profile_0020,piecewise,0.7519424477276453,-41.03760831109025,-56.96239168890975,energy_or_commitment_infeasible,w1320_current_a19,,False
1320,current,60,1380,profile_0021,high_frequency,0.7586570746212742,-41.21283738990373,-56.78716261009627,energy_or_commitment_infeasible,w1320_current_a20,,False
1320,current,60,1380,profile_0022,low_frequency,0.45,9.382773333333322,-9.574984247006945,energy_or_commitment_infeasible,w1320_current_a5,,True
1320,current,60,1380,profile_0023,piecewise,0.3173141492425484,33.30868594191699,15.821645941916993,energy_or_commitment_infeasible,w1320_current_a21,,False
1320,current,60,1380,profile_0024,high_frequency,0.25,45.446773333333326,27.959733333333325,energy_or_commitment_infeasible,w1320_current_a3,,True
1320,current,60,1380,profile_0025,low_frequency,0.59,-18.74057971014494,-39.40107120352868,energy_or_commitment_infeasible,w1320_current_a22,,False
1320,current,60,1380,profile_0026,piecewise,0.1786570746212742,57.6433611477315,40.35663885226851,energy_or_commitment_infeasible,w1320_current_a23,,False
1320,current,60,1380,profile_0027,high_frequency,0.5773141492425484,-16.03794194007916,-36.6984334334629,energy_or_commitment_infeasible,w1320_current_a24,,False
1320,current,60,1380,profile_0028,low_frequency,0.31,34.62757333333333,17.140533333333327,energy_or_commitment_infeasible,w1320_current_a25,,False
1320,current,60,1380,profile_0029,piecewise,0.7619424477276453,-41.29579444260642,-56.70420555739358,energy_or_commitment_infeasible,w1320_current_a26,,False
1320,current,60,1380,profile_0030,high_frequency,0.4186570746212742,15.034529637625159,-2.897578405452319,energy_or_commitment_infeasible,w1320_current_a27,,False
1320,current,60,1380,profile_0031,low_frequency,0.44,11.18597333333333,-7.444549464398242,energy_or_commitment_infeasible,w1320_current_a28,,False
1320,current,60,1380,profile_0032,piecewise,0.2373141492425484,47.734285941917,30.247245941917,energy_or_commitment_infeasible,w1320_current_a29,,False
1320,current,60,1380,profile_0033,high_frequency,0.52,-3.827536231884071,-24.488027725267813,energy_or_commitment_infeasible,w1320_current_a30,,False
1320,current,60,1380,profile_0034,low_frequency,0.62,-25.13188405797102,-45.792375551354766,energy_or_commitment_infeasible,w1320_current_a31,,False
1320,current,60,1380,profile_0035,piecewise,0.623285373106371,-25.831811371937015,-46.49230286532076,energy_or_commitment_infeasible,w1320_current_a32,,False
1320,current,60,1380,profile_0036,high_frequency,0.68,-37.9144927536232,-58.574984247006945,energy_or_commitment_infeasible,w1320_current_a17,,True
1320,current,60,1380,profile_0037,low_frequency,0.5813429253787258,-16.896246421264777,-37.55673791464852,energy_or_commitment_infeasible,w1320_current_a33,,False
1320,current,60,1380,profile_0038,piecewise,0.3073141492425484,35.111885941916995,17.624845941916995,energy_or_commitment_infeasible,w1320_current_a34,,False
1320,current,60,1380,profile_0039,high_frequency,0.51,-1.697101449275382,-22.357592942659124,energy_or_commitment_infeasible,w1320_current_a35,,False
1320,current,60,1380,profile_0040,low_frequency,0.19,56.26597333333333,38.77893333333332,energy_or_commitment_infeasible,w1320_current_a36,,False
1320,current,60,1380,profile_0041,piecewise,0.4659712238638226,6.502842246208829,-12.97754933103872,energy_or_commitment_infeasible,w1320_current_a37,,False
1320,current,60,1380,profile_0042,high_frequency,0.6113429253787258,-23.287550769090878,-43.94804226247462,energy_or_commitment_infeasible,w1320_current_a38,,False
1320,current,60,1380,profile_0043,low_frequency,0.4,18.39877333333332,0.9117333333333182,energy_or_commitment_infeasible,w1320_current_a39,,False
1320,current,60,1380,profile_0044,piecewise,0.4059712238638226,17.322042246208834,-0.19494063538654044,energy_or_commitment_infeasible,w1320_current_a40,,False
1320,current,60,1380,profile_0045,high_frequency,0.4926858507574516,1.6856607247496505,-18.668926364898805,energy_or_commitment_infeasible,w1320_current_a41,,False
1320,current,60,1380,profile_0046,low_frequency,0.36,25.61157333333332,8.124533333333321,energy_or_commitment_infeasible,w1320_current_a42,,False
1320,current,60,1380,profile_0047,piecewise,0.2573141492425484,44.12788594191699,26.640845941916993,energy_or_commitment_infeasible,w1320_current_a43,,False
1320,current,60,1380,profile_0048,high_frequency,0.61,-23.001449275362333,-43.66194076874607,energy_or_commitment_infeasible,w1320_current_a44,,False
1320,current,60,1380,profile_0049,low_frequency,0.54,-8.088405797101464,-28.748897290485207,energy_or_commitment_infeasible,w1320_current_a45,,False
1320,current,60,1380,profile_0050,piecewise,0.6446282984850968,-30.378782430882953,-51.039273924266695,energy_or_commitment_infeasible,w1320_current_a46,,False
1320,current,60,1380,profile_0051,high_frequency,0.5786570746212741,-16.324043433807688,-36.98453492719143,energy_or_commitment_infeasible,w1320_current_a47,,False
1320,current,60,1380,profile_0052,low_frequency,0.55,-10.218840579710168,-30.87933207309391,energy_or_commitment_infeasible,w1320_current_a6,,True
1320,current,60,1380,profile_0053,piecewise,0.1886570746212742,56.50812963762516,39.02108963762516,energy_or_commitment_infeasible,w1320_current_a48,,False
1320,current,60,1380,profile_0054,high_frequency,0.63,-27.262318840579724,-47.92281033396347,energy_or_commitment_infeasible,w1320_current_a49,,False
1320,current,60,1380,profile_0055,low_frequency,0.12,56.12334399795694,41.87665600204306,energy_or_commitment_infeasible,w1320_current_a50,,False
1320,current,60,1380,profile_0056,piecewise,0.25865707462127424,43.885729637625154,26.39868963762515,energy_or_commitment_infeasible,w1320_current_a51,,False
1320,current,60,1380,profile_0057,high_frequency,0.48134292537872575,3.731017029041498,-16.252390088561558,energy_or_commitment_infeasible,w1320_current_a52,,False
1320,current,60,1380,profile_0058,low_frequency,0.13865707462127422,56.54540119830103,41.45459880169897,energy_or_commitment_infeasible,w1320_current_a53,,False
1320,current,60,1380,profile_0059,piecewise,0.08,55.3605612547072,42.639438745292786,energy_or_commitment_infeasible,w1320_current_a54,,False
1320,current,60,1380,profile_0060,high_frequency,0.45865707462127425,7.821729637625155,-11.419317535887105,energy_or_commitment_infeasible,w1320_current_a55,,False
1320,current,60,1380,profile_0061,low_frequency,0.5,0.366773333333324,-20.227158160050422,energy_or_commitment_infeasible,w1320_current_a0,,True
1320,current,60,1380,profile_0062,piecewise,0.4059712238638226,17.322042246208834,-0.19494063538654044,energy_or_commitment_infeasible,w1320_current_a40,,True
1320,current,60,1380,profile_0063,high_frequency,0.5286570746212742,-5.67186952076423,-26.332361014147974,energy_or_commitment_infeasible,w1320_current_a56,,False
1380,previous,120,1500,profile_0000,constant,0.05,48.99999999999998,49.000000000000014,energy_or_commitment_infeasible,w1380_previous_a1,,False
1380,previous,120,1500,profile_0001,constant,0.15,48.99999999999998,49.00000000000002,energy_or_commitment_infeasible,w1380_previous_a2,,False
1380,previous,120,1500,profile_0002,constant,0.25,45.07999999999996,45.08000000000001,energy_or_commitment_infeasible,w1380_previous_a3,,False
1380,previous,120,1500,profile_0003,constant,0.35,27.047999999999966,27.04800000000002,energy_or_commitment_infeasible,w1380_previous_a4,,False
1380,previous,120,1500,profile_0004,constant,0.45,9.01599999999996,9.01600000000001,energy_or_commitment_infeasible,w1380_previous_a5,,False
1380,previous,120,1500,profile_0005,constant,0.55,-10.652173913043537,-10.652173913043475,replayed_feasible,w1380_previous_a6,w1380_previous_a6,False
1380,previous,120,1500,profile_0006,constant,0.65,-31.956521739130487,-31.956521739130423,replayed_feasible,w1380_previous_a7,w1380_previous_a7,False
1380,previous,120,1500,profile_0007,constant,0.75,-49.00000000000003,-48.99999999999998,replayed_feasible,w1380_previous_a8,w1380_previous_a8,False
1380,previous,120,1500,profile_0008,constant,0.85,-49.000000000000014,-48.99999999999998,replayed_feasible,w1380_previous_a9,w1380_previous_a9,False
1380,previous,120,1500,profile_0009,constant,0.95,-49.000000000000014,-48.99999999999998,replayed_feasible,w1380_previous_a9,w1380_previous_a9,True
1380,previous,120,1500,profile_0010,ramp,0.22,48.99999999999997,49.00000000000002,energy_or_commitment_infeasible,w1380_previous_a10,,False
1380,previous,120,1500,profile_0011,ramp,0.78,-49.00000000000003,-48.99999999999998,replayed_feasible,w1380_previous_a8,w1380_previous_a8,True
1380,previous,120,1500,profile_0012,ramp,0.31,34.26079999999996,34.26080000000002,energy_or_commitment_infeasible,w1380_previous_a11,,False
1380,previous,120,1500,profile_0013,ramp,0.69,-40.47826086956524,-40.478260869565176,replayed_feasible,w1380_previous_a12,w1380_previous_a12,False
1380,previous,120,1500,profile_0014,ramp,0.41,16.22879999999996,16.228800000000014,energy_or_commitment_infeasible,w1380_previous_a13,,False
1380,previous,120,1500,profile_0015,ramp,0.59,-19.173913043478308,-19.173913043478244,replayed_feasible,w1380_previous_a14,w1380_previous_a14,False
1380,previous,120,1500,profile_0016,low_frequency,0.23,48.686399999999956,48.68640000000001,energy_or_commitment_infeasible,w1380_previous_a15,,False
1380,previous,120,1500,profile_0017,piecewise,0.55,-10.652173913043537,-10.652173913043475,replayed_feasible,w1380_previous_a6,w1380_previous_a6,True
1380,previous,120,1500,profile_0018,high_frequency,0.68,-38.347826086956566,-38.34782608695651,replayed_feasible,w1380_previous_a16,w1380_previous_a16,False
1380,previous,120,1500,profile_0019,low_frequency,0.11,48.999999999999986,49.00000000000002,energy_or_commitment_infeasible,w1380_previous_a17,,False
1380,previous,120,1500,profile_0020,piecewise,0.71,-44.73913043478265,-44.73913043478259,replayed_feasible,w1380_previous_a18,w1380_previous_a18,False
1380,previous,120,1500,profile_0021,high_frequency,0.7703471165328151,-49.00000000000002,-48.99999999999998,replayed_feasible,w1380_previous_a19,w1380_previous_a19,False
1380,previous,120,1500,profile_0022,low_frequency,0.68,-38.347826086956566,-38.34782608695651,replayed_feasible,w1380_previous_a16,w1380_previous_a16,True
1380,previous,120,1500,profile_0023,piecewise,0.49,1.8031999999999682,1.8032000000000206,energy_or_commitment_infeasible,w1380_previous_a20,,False
1380,previous,120,1500,profile_0024,high_frequency,0.39,19.835199999999965,19.835200000000015,energy_or_commitment_infeasible,w1380_previous_a21,,False
1380,previous,120,1500,profile_0025,low_frequency,0.38,21.638399999999958,21.63840000000001,energy_or_commitment_infeasible,w1380_previous_a22,,False
1380,previous,120,1500,profile_0026,piecewise,0.6,-21.304347826086996,-21.304347826086936,replayed_feasible,w1380_previous_a23,w1380_previous_a23,False
1380,previous,120,1500,profile_0027,high_frequency,0.7193057669343699,-46.72166339036581,-46.72166339036575,replayed_feasible,w1380_previous_a24,w1380_previous_a24,False
1380,previous,120,1500,profile_0028,low_frequency,0.64,-29.82608695652178,-29.82608695652172,replayed_feasible,w1380_previous_a25,w1380_previous_a25,False
1380,previous,120,1500,profile_0029,piecewise,0.83,-49.00000000000003,-48.99999999999998,replayed_feasible,w1380_previous_a8,w1380_previous_a8,True
1380,previous,120,1500,profile_0030,high_frequency,0.41,16.22879999999996,16.228800000000014,energy_or_commitment_infeasible,w1380_previous_a13,,True
1380,previous,120,1500,profile_0031,low_frequency,0.43,12.62239999999996,12.622400000000013,energy_or_commitment_infeasible,w1380_previous_a26,,False
1380,previous,120,1500,profile_0032,piecewise,0.28,39.67039999999996,39.670400000000015,energy_or_commitment_infeasible,w1380_previous_a27,,False
1380,previous,120,1500,profile_0033,high_frequency,0.27,41.47359999999996,41.47360000000001,energy_or_commitment_infeasible,w1380_previous_a28,,False
1380,previous,120,1500,profile_0034,low_frequency,0.52,-4.2608695652174395,-4.260869565217377,energy_or_commitment_infeasible,w1380_previous_a29,,False
1380,previous,120,1500,profile_0035,piecewise,0.73,-49.00000000000003,-48.999999999999964,replayed_feasible,w1380_previous_a30,w1380_previous_a30,False
1380,previous,120,1500,profile_0036,high_frequency,0.64,-29.82608695652178,-29.82608695652172,replayed_feasible,w1380_previous_a25,w1380_previous_a25,True
1380,previous,120,1500,profile_0037,low_frequency,0.41,16.22879999999996,16.228800000000014,energy_or_commitment_infeasible,w1380_previous_a13,,True
1380,previous,120,1500,profile_0038,piecewise,0.22,48.99999999999997,49.00000000000002,energy_or_commitment_infeasible,w1380_previous_a10,,True
1380,previous,120,1500,profile_0039,high_frequency,0.24,46.88319999999997,46.883200000000016,energy_or_commitment_infeasible,w1380_previous_a31,,False
1380,previous,120,1500,profile_0040,low_frequency,0.43965288346718495,10.881792053197175,10.881792053197229,energy_or_commitment_infeasible,w1380_previous_a32,,False
1380,previous,120,1500,profile_0041,piecewise,0.68,-38.347826086956566,-38.34782608695651,replayed_feasible,w1380_previous_a16,w1380_previous_a16,True
1380,previous,120,1500,profile_0042,high_frequency,0.7806942330656301,-49.00000000000003,-48.99999999999997,replayed_feasible,w1380_previous_a33,w1380_previous_a33,False
1380,previous,120,1500,profile_0043,low_frequency,0.58,-17.043478260869602,-17.04347826086954,replayed_feasible,w1380_previous_a34,w1380_previous_a34,False
1380,previous,120,1500,profile_0044,piecewise,0.16,48.99999999999998,49.00000000000002,energy_or_commitment_infeasible,w1380_previous_a2,,True
1380,previous,120,1500,profile_0045,high_frequency,0.15034711653281504,48.99999999999998,49.00000000000002,energy_or_commitment_infeasible,w1380_previous_a2,,True
1380,previous,120,1500,profile_0046,low_frequency,0.62,-25.56521739130439,-25.565217391304326,replayed_feasible,w1380_previous_a35,w1380_previous_a35,False
1380,previous,120,1500,profile_0047,piecewise,0.31,34.26079999999996,34.26080000000002,energy_or_commitment_infeasible,w1380_previous_a11,,True
1380,previous,120,1500,profile_0048,high_frequency,0.62,-25.56521739130439,-25.565217391304326,replayed_feasible,w1380_previous_a35,w1380_previous_a35,True
1380,previous,120,1500,profile_0049,low_frequency,0.55,-10.652173913043537,-10.652173913043475,replayed_feasible,w1380_previous_a6,w1380_previous_a6,True
1380,previous,120,1500,profile_0050,piecewise,0.25,45.07999999999996,45.08000000000001,energy_or_commitment_infeasible,w1380_previous_a3,,True
1380,previous,120,1500,profile_0051,high_frequency,0.49965288346718495,0.06259205319717069,0.06259205319722298,energy_or_commitment_infeasible,w1380_previous_a36,,False
1380,previous,120,1500,profile_0052,low_frequency,0.59,-19.173913043478308,-19.173913043478244,replayed_feasible,w1380_previous_a14,w1380_previous_a14,True
1380,previous,120,1500,profile_0053,piecewise,0.61,-23.4347826086957,-23.434782608695638,replayed_feasible,w1380_previous_a37,w1380_previous_a37,False
1380,previous,120,1500,profile_0054,high_frequency,0.63,-27.695652173913093,-27.695652173913032,replayed_feasible,w1380_previous_a38,w1380_previous_a38,False
1380,previous,120,1500,profile_0055,low_frequency,0.17,48.99999999999998,49.00000000000002,energy_or_commitment_infeasible,w1380_previous_a2,,True
1380,previous,120,1500,profile_0056,piecewise,0.48,3.6063999999999625,3.606400000000015,energy_or_commitment_infeasible,w1380_previous_a39,,False
1380,previous,120,1500,profile_0057,high_frequency,0.8003471165328151,-49.00000000000003,-48.99999999999998,replayed_feasible,w1380_previous_a8,w1380_previous_a8,True
1380,previous,120,1500,profile_0058,low_frequency,0.43965288346718495,10.881792053197175,10.881792053197229,energy_or_commitment_infeasible,w1380_previous_a32,,True
1380,previous,120,1500,profile_0059,piecewise,0.09,48.99999999999998,49.000000000000014,energy_or_commitment_infeasible,w1380_previous_a1,,True
1380,previous,120,1500,profile_0060,high_frequency,0.629652883467185,-27.62170126040032,-27.62170126040026,replayed_feasible,w1380_previous_a40,w1380_previous_a40,False
1380,previous,120,1500,profile_0061,low_frequency,0.52,-4.2608695652174395,-4.260869565217377,energy_or_commitment_infeasible,w1380_previous_a29,,True
1380,previous,120,1500,profile_0062,piecewise,0.48,3.6063999999999625,3.606400000000015,energy_or_commitment_infeasible,w1380_previous_a39,,True
1380,previous,120,1500,profile_0063,high_frequency,0.49034711653281504,1.7406079468027582,1.7406079468028106,energy_or_commitment_infeasible,w1380_previous_a41,,False
1440,previous,4650,6090,profile_0000,constant,0.05,49.00000000000005,48.99999999999996,energy_or_commitment_infeasible,w1440_previous_a1,,False
1440,previous,4650,6090,profile_0001,constant,0.15,49.00000000000006,48.999999999999936,energy_or_commitment_infeasible,w1440_previous_a2,,False
1440,previous,4650,6090,profile_0002,constant,0.25,45.07999999999998,45.07999999999982,energy_or_commitment_infeasible,w1440_previous_a3,,False
1440,previous,4650,6090,profile_0003,constant,0.35,27.04799999999998,27.047999999999824,energy_or_commitment_infeasible,w1440_previous_a4,,False
1440,previous,4650,6090,profile_0004,constant,0.45,9.015999999999972,9.015999999999815,energy_or_commitment_infeasible,w1440_previous_a5,,False
1440,previous,4650,6090,profile_0005,constant,0.55,-10.652173913043521,-10.652173913043706,energy_or_commitment_infeasible,w1440_previous_a6,,False
1440,previous,4650,6090,profile_0006,constant,0.65,-31.95652173913047,-31.956521739130658,replayed_feasible,w1440_previous_a7,w1440_previous_a7,False
1440,previous,4650,6090,profile_0007,constant,0.75,-48.999999999999915,-49.000000000000085,replayed_feasible,w1440_previous_a8,w1440_previous_a8,False
1440,previous,4650,6090,profile_0008,constant,0.85,-48.99999999999994,-49.000000000000064,replayed_feasible,w1440_previous_a9,w1440_previous_a9,False
1440,previous,4650,6090,profile_0009,constant,0.95,-48.99999999999995,-49.00000000000005,replayed_feasible,w1440_previous_a10,w1440_previous_a10,False
1440,previous,4650,6090,profile_0010,ramp,0.64,-29.826086956521767,-29.82608695652195,replayed_feasible,w1440_previous_a11,w1440_previous_a11,False
1440,previous,4650,6090,profile_0011,ramp,0.36,25.244799999999973,25.244799999999817,energy_or_commitment_infeasible,w1440_previous_a12,,False
1440,previous,4650,6090,profile_0012,ramp,0.59,-19.17391304347829,-19.17391304347848,energy_or_commitment_infeasible,w1440_previous_a13,,False
1440,previous,4650,6090,profile_0013,ramp,0.41,16.228799999999975,16.22879999999982,energy_or_commitment_infeasible,w1440_previous_a14,,False
1440,previous,4650,6090,profile_0014,ramp,0.55,-10.652173913043521,-10.652173913043706,energy_or_commitment_infeasible,w1440_previous_a6,,True
1440,previous,4650,6090,profile_0015,ramp,0.45,9.015999999999972,9.015999999999815,energy_or_commitment_infeasible,w1440_previous_a5,,True
1440,previous,4650,6090,profile_0016,low_frequency,0.36,25.244799999999973,25.244799999999817,energy_or_commitment_infeasible,w1440_previous_a12,,True
1440,previous,4650,6090,profile_0017,piecewise,0.3,36.06399999999998,36.06399999999982,energy_or_commitment_infeasible,w1440_previous_a15,,False
1440,previous,4650,6090,profile_0018,high_frequency,0.62,-25.565217391304373,-25.565217391304557,energy_or_commitment_infeasible,w1440_previous_a16,,False
1440,previous,4650,6090,profile_0019,low_frequency,0.29,37.867199999999976,37.86719999999982,energy_or_commitment_infeasible,w1440_previous_a17,,False
1440,previous,4650,6090,profile_0020,piecewise,0.53,-6.391304347826128,-6.391304347826313,energy_or_commitment_infeasible,w1440_previous_a18,,False
1440,previous,4650,6090,profile_0021,high_frequency,0.75,-48.999999999999915,-49.000000000000085,replayed_feasible,w1440_previous_a8,w1440_previous_a8,True
1440,previous,4650,6090,profile_0022,low_frequency,0.47,5.409599999999983,5.409599999999826,energy_or_commitment_infeasible,w1440_previous_a19,,False
1440,previous,4650,6090,profile_0023,piecewise,0.9,-48.99999999999995,-49.00000000000006,replayed_feasible,w1440_previous_a20,w1440_previous_a20,False
1440,previous,4650,6090,profile_0024,high_frequency,0.39,19.835199999999976,19.83519999999982,energy_or_commitment_infeasible,w1440_previous_a21,,False
1440,previous,4650,6090,profile_0025,low_frequency,0.31,34.260799999999975,34.26079999999982,energy_or_commitment_infeasible,w1440_previous_a22,,False
1440,previous,4650,6090,profile_0026,piecewise,0.4,18.031999999999968,18.03199999999981,energy_or_commitment_infeasible,w1440_previous_a23,,False
1440,previous,4650,6090,profile_0027,high_frequency,0.5713561544405182,-15.201963337327824,-15.201963337328008,energy_or_commitment_infeasible,w1440_previous_a24,,False
1440,previous,4650,6090,profile_0028,low_frequency,0.66,-34.086956521739175,-34.08695652173936,replayed_feasible,w1440_previous_a25,w1440_previous_a25,False
1440,previous,4650,6090,profile_0029,piecewise,0.57,-14.913043478260883,-14.913043478261068,energy_or_commitment_infeasible,w1440_previous_a26,,False
1440,previous,4650,6090,profile_0030,high_frequency,0.44,10.819199999999979,10.819199999999823,energy_or_commitment_infeasible,w1440_previous_a27,,False
1440,previous,4650,6090,profile_0031,low_frequency,0.37,23.44159999999998,23.44159999999982,energy_or_commitment_infeasible,w1440_previous_a28,,False
1440,previous,4650,6090,profile_0032,piecewise,0.15,49.00000000000006,48.999999999999936,energy_or_commitment_infeasible,w1440_previous_a2,,True
1440,previous,4650,6090,profile_0033,high_frequency,0.26432192277974087,42.4974708843571,42.49747088435694,energy_or_commitment_infeasible,w1440_previous_a29,,False
1440,previous,4650,6090,profile_0034,low_frequency,0.47,5.409599999999983,5.409599999999826,energy_or_commitment_infeasible,w1440_previous_a19,,True
1440,previous,4650,6090,profile_0035,piecewise,0.89,-48.99999999999995,-49.00000000000006,replayed_feasible,w1440_previous_a20,w1440_previous_a20,True
1440,previous,4650,6090,profile_0036,high_frequency,0.61,-23.434782608695684,-23.43478260869587,energy_or_commitment_infeasible,w1440_previous_a30,,False
1440,previous,4650,6090,profile_0037,low_frequency,0.6756780772202592,-37.42706862518567,-37.42706862518585,replayed_feasible,w1440_previous_a31,w1440_previous_a31,False
1440,previous,4650,6090,profile_0038,piecewise,0.72,-46.86956521739134,-46.869565217391525,replayed_feasible,w1440_previous_a32,w1440_previous_a32,False
1440,previous,4650,6090,profile_0039,high_frequency,0.43567807722025914,11.59852911564284,11.598529115642684,energy_or_commitment_infeasible,w1440_previous_a33,,False
1440,previous,4650,6090,profile_0040,low_frequency,0.56,-12.78260869565221,-12.782608695652396,energy_or_commitment_infeasible,w1440_previous_a34,,False
1440,previous,4650,6090,profile_0041,piecewise,0.69,-40.478260869565226,-40.47826086956541,replayed_feasible,w1440_previous_a35,w1440_previous_a35,False
1440,previous,4650,6090,profile_0042,high_frequency,0.5886438455594817,-18.88499318441135,-18.884993184411538,energy_or_commitment_infeasible,w1440_previous_a36,,False
1440,previous,4650,6090,profile_0043,low_frequency,0.17,49.000000000000064,48.999999999999936,energy_or_commitment_infeasible,w1440_previous_a37,,False
1440,previous,4650,6090,profile_0044,piecewise,0.33,30.65439999999997,30.65439999999981,energy_or_commitment_infeasible,w1440_previous_a38,,False
1440,previous,4650,6090,profile_0045,high_frequency,0.3570342316607774,25.77958734692859,25.779587346928434,energy_or_commitment_infeasible,w1440_previous_a39,,False
1440,previous,4650,6090,profile_0046,low_frequency,0.71,-44.73913043478263,-44.73913043478282,replayed_feasible,w1440_previous_a40,w1440_previous_a40,False
1440,previous,4650,6090,profile_0047,piecewise,0.31,34.260799999999975,34.26079999999982,energy_or_commitment_infeasible,w1440_previous_a22,,True
1440,previous,4650,6090,profile_0048,high_frequency,0.3343219227797409,29.875070884357093,29.875070884356937,energy_or_commitment_infeasible,w1440_previous_a41,,False
1440,previous,4650,6090,profile_0049,low_frequency,0.73,-48.99999999999991,-49.00000000000009,replayed_feasible,w1440_previous_a42,w1440_previous_a42,False
1440,previous,4650,6090,profile_0050,piecewise,0.75,-48.999999999999915,-49.000000000000085,replayed_feasible,w1440_previous_a8,w1440_previous_a8,True
1440,previous,4650,6090,profile_0051,high_frequency,0.45,9.015999999999972,9.015999999999815,energy_or_commitment_infeasible,w1440_previous_a5,,True
1440,previous,4650,6090,profile_0052,low_frequency,0.83,-48.99999999999994,-49.00000000000007,replayed_feasible,w1440_previous_a43,w1440_previous_a43,False
1440,previous,4650,6090,profile_0053,piecewise,0.61,-23.434782608695684,-23.43478260869587,energy_or_commitment_infeasible,w1440_previous_a30,,True
1440,previous,4650,6090,profile_0054,high_frequency,0.28,39.67039999999997,39.670399999999816,energy_or_commitment_infeasible,w1440_previous_a44,,False
1440,previous,4650,6090,profile_0055,low_frequency,0.38,21.638399999999972,21.638399999999816,energy_or_commitment_infeasible,w1440_previous_a45,,False
1440,previous,4650,6090,profile_0056,piecewise,0.19,49.00000000000007,48.99999999999993,energy_or_commitment_infeasible,w1440_previous_a46,,False
1440,previous,4650,6090,profile_0057,high_frequency,0.46,7.212799999999964,7.212799999999807,energy_or_commitment_infeasible,w1440_previous_a47,,False
1440,previous,4650,6090,profile_0058,low_frequency,0.39,19.835199999999976,19.83519999999982,energy_or_commitment_infeasible,w1440_previous_a21,,True
1440,previous,4650,6090,profile_0059,piecewise,0.68,-38.34782608695655,-38.347826086956736,replayed_feasible,w1440_previous_a48,w1440_previous_a48,False
1440,previous,4650,6090,profile_0060,high_frequency,0.64,-29.826086956521767,-29.82608695652195,replayed_feasible,w1440_previous_a11,w1440_previous_a11,True
1440,previous,4650,6090,profile_0061,low_frequency,0.21,49.00000000000007,48.99999999999993,energy_or_commitment_infeasible,w1440_previous_a46,,True
1440,previous,4650,6090,profile_0062,piecewise,0.11,49.00000000000005,48.99999999999994,energy_or_commitment_infeasible,w1440_previous_a49,,False
1440,previous,4650,6090,profile_0063,high_frequency,0.5056780772202591,-1.209677320837853,-1.2096773208380385,energy_or_commitment_infeasible,w1440_previous_a50,,False
1500,previous,4590,6090,profile_0000,constant,0.05,49.000000000000036,48.999999999999964,energy_or_commitment_infeasible,w1500_previous_a1,,False
1500,previous,4590,6090,profile_0001,constant,0.15,49.000000000000036,48.99999999999996,energy_or_commitment_infeasible,w1500_previous_a2,,False
1500,previous,4590,6090,profile_0002,constant,0.25,45.07999999999998,45.079999999999856,energy_or_commitment_infeasible,w1500_previous_a3,,False
1500,previous,4590,6090,profile_0003,constant,0.35,27.04799999999998,27.047999999999863,energy_or_commitment_infeasible,w1500_previous_a4,,False
1500,previous,4590,6090,profile_0004,constant,0.45,9.015999999999972,9.015999999999854,energy_or_commitment_infeasible,w1500_previous_a5,,False
1500,previous,4590,6090,profile_0005,constant,0.55,-10.652173913043521,-10.65217391304366,energy_or_commitment_infeasible,w1500_previous_a6,,False
1500,previous,4590,6090,profile_0006,constant,0.65,-31.95652173913047,-31.956521739130608,replayed_feasible,w1500_previous_a7,w1500_previous_a7,False
1500,previous,4590,6090,profile_0007,constant,0.75,-48.999999999999936,-49.000000000000064,replayed_feasible,w1500_previous_a8,w1500_previous_a8,False
1500,previous,4590,6090,profile_0008,constant,0.85,-48.99999999999995,-49.00000000000004,replayed_feasible,w1500_previous_a9,w1500_previous_a9,False
1500,previous,4590,6090,profile_0009,constant,0.95,-48.99999999999997,-49.00000000000004,replayed_feasible,w1500_previous_a10,w1500_previous_a10,False
1500,previous,4590,6090,profile_0010,ramp,0.64,-29.826086956521767,-29.826086956521905,replayed_feasible,w1500_previous_a11,w1500_previous_a11,False
1500,previous,4590,6090,profile_0011,ramp,0.36,25.244799999999973,25.244799999999856,energy_or_commitment_infeasible,w1500_previous_a12,,False
1500,previous,4590,6090,profile_0012,ramp,0.59,-19.17391304347829,-19.173913043478432,energy_or_commitment_infeasible,w1500_previous_a13,,False
1500,previous,4590,6090,profile_0013,ramp,0.41,16.228799999999975,16.228799999999858,energy_or_commitment_infeasible,w1500_previous_a14,,False
1500,previous,4590,6090,profile_0014,ramp,0.55,-10.652173913043521,-10.65217391304366,energy_or_commitment_infeasible,w1500_previous_a6,,True
1500,previous,4590,6090,profile_0015,ramp,0.45,9.015999999999972,9.015999999999854,energy_or_commitment_infeasible,w1500_previous_a5,,True
1500,previous,4590,6090,profile_0016,low_frequency,0.36,25.244799999999973,25.244799999999856,energy_or_commitment_infeasible,w1500_previous_a12,,True
1500,previous,4590,6090,profile_0017,piecewise,0.3,36.06399999999998,36.06399999999986,energy_or_commitment_infeasible,w1500_previous_a15,,False
1500,previous,4590,6090,profile_0018,high_frequency,0.62,-25.565217391304373,-25.56521739130451,energy_or_commitment_infeasible,w1500_previous_a16,,False
1500,previous,4590,6090,profile_0019,low_frequency,0.29,37.867199999999976,37.86719999999986,energy_or_commitment_infeasible,w1500_previous_a17,,False
1500,previous,4590,6090,profile_0020,piecewise,0.53,-6.391304347826128,-6.391304347826267,energy_or_commitment_infeasible,w1500_previous_a18,,False
1500,previous,4590,6090,profile_0021,high_frequency,0.75,-48.999999999999936,-49.000000000000064,replayed_feasible,w1500_previous_a8,w1500_previous_a8,True
1500,previous,4590,6090,profile_0022,low_frequency,0.47,5.409599999999983,5.409599999999865,energy_or_commitment_infeasible,w1500_previous_a19,,False
1500,previous,4590,6090,profile_0023,piecewise,0.9,-48.99999999999996,-49.000000000000036,replayed_feasible,w1500_previous_a20,w1500_previous_a20,False
1500,previous,4590,6090,profile_0024,high_frequency,0.39,19.835199999999976,19.83519999999986,energy_or_commitment_infeasible,w1500_previous_a21,,False
1500,previous,4590,6090,profile_0025,low_frequency,0.31,34.260799999999975,34.26079999999986,energy_or_commitment_infeasible,w1500_previous_a22,,False
1500,previous,4590,6090,profile_0026,piecewise,0.4,18.031999999999968,18.03199999999985,energy_or_commitment_infeasible,w1500_previous_a23,,False
1500,previous,4590,6090,profile_0027,high_frequency,0.5713561544405182,-15.201963337327824,-15.201963337327962,energy_or_commitment_infeasible,w1500_previous_a24,,False
1500,previous,4590,6090,profile_0028,low_frequency,0.66,-34.086956521739175,-34.08695652173931,replayed_feasible,w1500_previous_a25,w1500_previous_a25,False
1500,previous,4590,6090,profile_0029,piecewise,0.57,-14.913043478260883,-14.913043478261022,energy_or_commitment_infeasible,w1500_previous_a26,,False
1500,previous,4590,6090,profile_0030,high_frequency,0.44,10.819199999999979,10.819199999999862,energy_or_commitment_infeasible,w1500_previous_a27,,False
1500,previous,4590,6090,profile_0031,low_frequency,0.37,23.44159999999998,23.441599999999863,energy_or_commitment_infeasible,w1500_previous_a28,,False
1500,previous,4590,6090,profile_0032,piecewise,0.15,49.000000000000036,48.99999999999996,energy_or_commitment_infeasible,w1500_previous_a2,,True
1500,previous,4590,6090,profile_0033,high_frequency,0.26432192277974087,42.4974708843571,42.497470884356986,energy_or_commitment_infeasible,w1500_previous_a29,,False
1500,previous,4590,6090,profile_0034,low_frequency,0.47,5.409599999999983,5.409599999999865,energy_or_commitment_infeasible,w1500_previous_a19,,True
1500,previous,4590,6090,profile_0035,piecewise,0.89,-48.99999999999996,-49.00000000000004,replayed_feasible,w1500_previous_a30,w1500_previous_a30,False
1500,previous,4590,6090,profile_0036,high_frequency,0.61,-23.434782608695684,-23.434782608695823,energy_or_commitment_infeasible,w1500_previous_a31,,False
1500,previous,4590,6090,profile_0037,low_frequency,0.6756780772202592,-37.42706862518567,-37.42706862518581,replayed_feasible,w1500_previous_a32,w1500_previous_a32,False
1500,previous,4590,6090,profile_0038,piecewise,0.72,-46.86956521739134,-46.869565217391475,replayed_feasible,w1500_previous_a33,w1500_previous_a33,False
1500,previous,4590,6090,profile_0039,high_frequency,0.43567807722025914,11.59852911564284,11.598529115642723,energy_or_commitment_infeasible,w1500_previous_a34,,False
1500,previous,4590,6090,profile_0040,low_frequency,0.56,-12.78260869565221,-12.78260869565235,energy_or_commitment_infeasible,w1500_previous_a35,,False
1500,previous,4590,6090,profile_0041,piecewise,0.69,-40.478260869565226,-40.47826086956537,replayed_feasible,w1500_previous_a36,w1500_previous_a36,False
1500,previous,4590,6090,profile_0042,high_frequency,0.5886438455594817,-18.88499318441135,-18.884993184411492,energy_or_commitment_infeasible,w1500_previous_a37,,False
1500,previous,4590,6090,profile_0043,low_frequency,0.17,49.00000000000006,48.99999999999995,energy_or_commitment_infeasible,w1500_previous_a38,,False
1500,previous,4590,6090,profile_0044,piecewise,0.33,30.65439999999997,30.65439999999985,energy_or_commitment_infeasible,w1500_previous_a39,,False
1500,previous,4590,6090,profile_0045,high_frequency,0.3570342316607774,25.77958734692859,25.779587346928473,energy_or_commitment_infeasible,w1500_previous_a40,,False
1500,previous,4590,6090,profile_0046,low_frequency,0.71,-44.73913043478263,-44.73913043478277,replayed_feasible,w1500_previous_a41,w1500_previous_a41,False
1500,previous,4590,6090,profile_0047,piecewise,0.31,34.260799999999975,34.26079999999986,energy_or_commitment_infeasible,w1500_previous_a22,,True
1500,previous,4590,6090,profile_0048,high_frequency,0.3343219227797409,29.875070884357093,29.875070884356976,energy_or_commitment_infeasible,w1500_previous_a42,,False
1500,previous,4590,6090,profile_0049,low_frequency,0.73,-48.99999999999993,-49.000000000000064,replayed_feasible,w1500_previous_a43,w1500_previous_a43,False
1500,previous,4590,6090,profile_0050,piecewise,0.75,-48.999999999999936,-49.000000000000064,replayed_feasible,w1500_previous_a8,w1500_previous_a8,True
1500,previous,4590,6090,profile_0051,high_frequency,0.45,9.015999999999972,9.015999999999854,energy_or_commitment_infeasible,w1500_previous_a5,,True
1500,previous,4590,6090,profile_0052,low_frequency,0.83,-48.999999999999964,-49.00000000000006,replayed_feasible,w1500_previous_a44,w1500_previous_a44,False
1500,previous,4590,6090,profile_0053,piecewise,0.61,-23.434782608695684,-23.434782608695823,energy_or_commitment_infeasible,w1500_previous_a31,,True
1500,previous,4590,6090,profile_0054,high_frequency,0.28,39.67039999999997,39.67039999999986,energy_or_commitment_infeasible,w1500_previous_a45,,False
1500,previous,4590,6090,profile_0055,low_frequency,0.38,21.638399999999972,21.638399999999855,energy_or_commitment_infeasible,w1500_previous_a46,,False
1500,previous,4590,6090,profile_0056,piecewise,0.19,49.00000000000005,48.99999999999995,energy_or_commitment_infeasible,w1500_previous_a47,,False
1500,previous,4590,6090,profile_0057,high_frequency,0.46,7.212799999999964,7.212799999999847,energy_or_commitment_infeasible,w1500_previous_a48,,False
1500,previous,4590,6090,profile_0058,low_frequency,0.39,19.835199999999976,19.83519999999986,energy_or_commitment_infeasible,w1500_previous_a21,,True
1500,previous,4590,6090,profile_0059,piecewise,0.68,-38.34782608695655,-38.347826086956694,replayed_feasible,w1500_previous_a49,w1500_previous_a49,False
1500,previous,4590,6090,profile_0060,high_frequency,0.64,-29.826086956521767,-29.826086956521905,replayed_feasible,w1500_previous_a11,w1500_previous_a11,True
1500,previous,4590,6090,profile_0061,low_frequency,0.21,49.00000000000005,48.99999999999994,energy_or_commitment_infeasible,w1500_previous_a50,,False
1500,previous,4590,6090,profile_0062,piecewise,0.11,49.000000000000036,48.99999999999996,energy_or_commitment_infeasible,w1500_previous_a2,,True
1500,previous,4590,6090,profile_0063,high_frequency,0.5056780772202591,-1.209677320837853,-1.2096773208379923,energy_or_commitment_infeasible,w1500_previous_a51,,False
1560,previous,4530,6090,profile_0000,constant,0.05,48.99999999999995,49.00000000000004,energy_or_commitment_infeasible,w1560_previous_a1,,False
1560,previous,4530,6090,profile_0001,constant,0.15,48.999999999999936,49.00000000000006,energy_or_commitment_infeasible,w1560_previous_a2,,False
1560,previous,4530,6090,profile_0002,constant,0.25,45.07999999999998,45.08000000000013,energy_or_commitment_infeasible,w1560_previous_a3,,False
1560,previous,4530,6090,profile_0003,constant,0.35,27.04799999999998,27.048000000000137,energy_or_commitment_infeasible,w1560_previous_a4,,False
1560,previous,4530,6090,profile_0004,constant,0.45,9.015999999999972,9.016000000000128,energy_or_commitment_infeasible,w1560_previous_a5,,False
1560,previous,4530,6090,profile_0005,constant,0.55,-10.652173913043521,-10.652173913043336,energy_or_commitment_infeasible,w1560_previous_a6,,False
1560,previous,4530,6090,profile_0006,constant,0.65,-31.95652173913047,-31.956521739130284,replayed_feasible,w1560_previous_a7,w1560_previous_a7,False
1560,previous,4530,6090,profile_0007,constant,0.75,-49.000000000000085,-48.999999999999915,replayed_feasible,w1560_previous_a8,w1560_previous_a8,False
1560,previous,4530,6090,profile_0008,constant,0.85,-49.00000000000006,-48.999999999999936,replayed_feasible,w1560_previous_a9,w1560_previous_a9,False
1560,previous,4530,6090,profile_0009,constant,0.95,-49.00000000000004,-48.99999999999995,replayed_feasible,w1560_previous_a10,w1560_previous_a10,False
1560,previous,4530,6090,profile_0010,ramp,0.64,-29.826086956521767,-29.826086956521582,replayed_feasible,w1560_previous_a11,w1560_previous_a11,False
1560,previous,4530,6090,profile_0011,ramp,0.36,25.244799999999973,25.24480000000013,energy_or_commitment_infeasible,w1560_previous_a12,,False
1560,previous,4530,6090,profile_0012,ramp,0.59,-19.17391304347829,-19.173913043478105,energy_or_commitment_infeasible,w1560_previous_a13,,False
1560,previous,4530,6090,profile_0013,ramp,0.41,16.228799999999975,16.22880000000013,energy_or_commitment_infeasible,w1560_previous_a14,,False
1560,previous,4530,6090,profile_0014,ramp,0.55,-10.652173913043521,-10.652173913043336,energy_or_commitment_infeasible,w1560_previous_a6,,True
1560,previous,4530,6090,profile_0015,ramp,0.45,9.015999999999972,9.016000000000128,energy_or_commitment_infeasible,w1560_previous_a5,,True
1560,previous,4530,6090,profile_0016,low_frequency,0.36,25.244799999999973,25.24480000000013,energy_or_commitment_infeasible,w1560_previous_a12,,True
1560,previous,4530,6090,profile_0017,piecewise,0.3,36.06399999999998,36.064000000000135,energy_or_commitment_infeasible,w1560_previous_a15,,False
1560,previous,4530,6090,profile_0018,high_frequency,0.62,-25.565217391304373,-25.565217391304188,energy_or_commitment_infeasible,w1560_previous_a16,,False
1560,previous,4530,6090,profile_0019,low_frequency,0.29,37.867199999999976,37.86720000000014,energy_or_commitment_infeasible,w1560_previous_a17,,False
1560,previous,4530,6090,profile_0020,piecewise,0.53,-6.391304347826128,-6.391304347825943,energy_or_commitment_infeasible,w1560_previous_a18,,False
1560,previous,4530,6090,profile_0021,high_frequency,0.75,-49.000000000000085,-48.999999999999915,replayed_feasible,w1560_previous_a8,w1560_previous_a8,True
1560,previous,4530,6090,profile_0022,low_frequency,0.47,5.409599999999983,5.40960000000014,energy_or_commitment_infeasible,w1560_previous_a19,,False
1560,previous,4530,6090,profile_0023,piecewise,0.9,-49.000000000000064,-48.99999999999996,replayed_feasible,w1560_previous_a20,w1560_previous_a20,False
1560,previous,4530,6090,profile_0024,high_frequency,0.39,19.835199999999976,19.835200000000135,energy_or_commitment_infeasible,w1560_previous_a21,,False
1560,previous,4530,6090,profile_0025,low_frequency,0.31,34.260799999999975,34.26080000000013,energy_or_commitment_infeasible,w1560_previous_a22,,False
1560,previous,4530,6090,profile_0026,piecewise,0.4,18.031999999999968,18.032000000000128,energy_or_commitment_infeasible,w1560_previous_a23,,False
1560,previous,4530,6090,profile_0027,high_frequency,0.5713561544405182,-15.201963337327824,-15.201963337327639,energy_or_commitment_infeasible,w1560_previous_a24,,False
1560,previous,4530,6090,profile_0028,low_frequency,0.66,-34.086956521739175,-34.08695652173899,replayed_feasible,w1560_previous_a25,w1560_previous_a25,False
1560,previous,4530,6090,profile_0029,piecewise,0.57,-14.913043478260883,-14.913043478260699,energy_or_commitment_infeasible,w1560_previous_a26,,False
1560,previous,4530,6090,profile_0030,high_frequency,0.44,10.819199999999979,10.819200000000135,energy_or_commitment_infeasible,w1560_previous_a27,,False
1560,previous,4530,6090,profile_0031,low_frequency,0.37,23.44159999999998,23.441600000000136,energy_or_commitment_infeasible,w1560_previous_a28,,False
1560,previous,4530,6090,profile_0032,piecewise,0.15,48.999999999999936,49.00000000000006,energy_or_commitment_infeasible,w1560_previous_a2,,True
1560,previous,4530,6090,profile_0033,high_frequency,0.26432192277974087,42.4974708843571,42.497470884357256,energy_or_commitment_infeasible,w1560_previous_a29,,False
1560,previous,4530,6090,profile_0034,low_frequency,0.47,5.409599999999983,5.40960000000014,energy_or_commitment_infeasible,w1560_previous_a19,,True
1560,previous,4530,6090,profile_0035,piecewise,0.89,-49.00000000000005,-48.99999999999994,replayed_feasible,w1560_previous_a30,w1560_previous_a30,False
1560,previous,4530,6090,profile_0036,high_frequency,0.61,-23.434782608695684,-23.4347826086955,energy_or_commitment_infeasible,w1560_previous_a31,,False
1560,previous,4530,6090,profile_0037,low_frequency,0.6756780772202592,-37.42706862518567,-37.427068625185484,replayed_feasible,w1560_previous_a32,w1560_previous_a32,False
1560,previous,4530,6090,profile_0038,piecewise,0.72,-46.86956521739134,-46.869565217391155,replayed_feasible,w1560_previous_a33,w1560_previous_a33,False
1560,previous,4530,6090,profile_0039,high_frequency,0.43567807722025914,11.59852911564284,11.598529115642997,energy_or_commitment_infeasible,w1560_previous_a34,,False
1560,previous,4530,6090,profile_0040,low_frequency,0.56,-12.78260869565221,-12.782608695652025,energy_or_commitment_infeasible,w1560_previous_a35,,False
1560,previous,4530,6090,profile_0041,piecewise,0.69,-40.478260869565226,-40.47826086956504,replayed_feasible,w1560_previous_a36,w1560_previous_a36,False
1560,previous,4530,6090,profile_0042,high_frequency,0.5886438455594817,-18.88499318441135,-18.884993184411165,energy_or_commitment_infeasible,w1560_previous_a37,,False
1560,previous,4530,6090,profile_0043,low_frequency,0.17,48.999999999999936,49.000000000000064,energy_or_commitment_infeasible,w1560_previous_a38,,False
1560,previous,4530,6090,profile_0044,piecewise,0.33,30.65439999999997,30.654400000000127,energy_or_commitment_infeasible,w1560_previous_a39,,False
1560,previous,4530,6090,profile_0045,high_frequency,0.3570342316607774,25.77958734692859,25.779587346928746,energy_or_commitment_infeasible,w1560_previous_a40,,False
1560,previous,4530,6090,profile_0046,low_frequency,0.71,-44.73913043478263,-44.739130434782446,replayed_feasible,w1560_previous_a41,w1560_previous_a41,False
1560,previous,4530,6090,profile_0047,piecewise,0.31,34.260799999999975,34.26080000000013,energy_or_commitment_infeasible,w1560_previous_a22,,True
1560,previous,4530,6090,profile_0048,high_frequency,0.3343219227797409,29.875070884357093,29.87507088435725,energy_or_commitment_infeasible,w1560_previous_a42,,False
1560,previous,4530,6090,profile_0049,low_frequency,0.73,-49.000000000000014,-48.99999999999983,replayed_feasible,w1560_previous_a43,w1560_previous_a43,False
1560,previous,4530,6090,profile_0050,piecewise,0.75,-49.000000000000085,-48.999999999999915,replayed_feasible,w1560_previous_a8,w1560_previous_a8,True
1560,previous,4530,6090,profile_0051,high_frequency,0.45,9.015999999999972,9.016000000000128,energy_or_commitment_infeasible,w1560_previous_a5,,True
1560,previous,4530,6090,profile_0052,low_frequency,0.83,-49.000000000000064,-48.99999999999993,replayed_feasible,w1560_previous_a44,w1560_previous_a44,False
1560,previous,4530,6090,profile_0053,piecewise,0.61,-23.434782608695684,-23.4347826086955,energy_or_commitment_infeasible,w1560_previous_a31,,True
1560,previous,4530,6090,profile_0054,high_frequency,0.28,39.67039999999997,39.67040000000013,energy_or_commitment_infeasible,w1560_previous_a45,,False
1560,previous,4530,6090,profile_0055,low_frequency,0.38,21.638399999999972,21.63840000000013,energy_or_commitment_infeasible,w1560_previous_a46,,False
1560,previous,4530,6090,profile_0056,piecewise,0.19,48.99999999999993,49.00000000000007,energy_or_commitment_infeasible,w1560_previous_a47,,False
1560,previous,4530,6090,profile_0057,high_frequency,0.46,7.212799999999964,7.212800000000121,energy_or_commitment_infeasible,w1560_previous_a48,,False
1560,previous,4530,6090,profile_0058,low_frequency,0.39,19.835199999999976,19.835200000000135,energy_or_commitment_infeasible,w1560_previous_a21,,True
1560,previous,4530,6090,profile_0059,piecewise,0.68,-38.34782608695655,-38.34782608695637,replayed_feasible,w1560_previous_a49,w1560_previous_a49,False
1560,previous,4530,6090,profile_0060,high_frequency,0.64,-29.826086956521767,-29.826086956521582,replayed_feasible,w1560_previous_a11,w1560_previous_a11,True
1560,previous,4530,6090,profile_0061,low_frequency,0.21,48.99999999999993,49.00000000000008,energy_or_commitment_infeasible,w1560_previous_a50,,False
1560,previous,4530,6090,profile_0062,piecewise,0.11,48.99999999999994,49.000000000000064,energy_or_commitment_infeasible,w1560_previous_a51,,False
1560,previous,4530,6090,profile_0063,high_frequency,0.5056780772202591,-1.209677320837853,-1.2096773208376679,energy_or_commitment_infeasible,w1560_previous_a52,,False
1620,previous,4470,6090,profile_0000,constant,0.05,49.00000000000004,48.99999999999996,energy_or_commitment_infeasible,w1620_previous_a1,,False
1620,previous,4470,6090,profile_0001,constant,0.15,49.00000000000005,48.99999999999994,energy_or_commitment_infeasible,w1620_previous_a2,,False
1620,previous,4470,6090,profile_0002,constant,0.25,45.07999999999998,45.079999999999835,energy_or_commitment_infeasible,w1620_previous_a3,,False
1620,previous,4470,6090,profile_0003,constant,0.35,27.04799999999998,27.047999999999835,energy_or_commitment_infeasible,w1620_previous_a4,,False
1620,previous,4470,6090,profile_0004,constant,0.45,9.015999999999972,9.015999999999828,energy_or_commitment_infeasible,w1620_previous_a5,,False
1620,previous,4470,6090,profile_0005,constant,0.55,-10.652173913043521,-10.652173913043692,energy_or_commitment_infeasible,w1620_previous_a6,,False
1620,previous,4470,6090,profile_0006,constant,0.65,-31.95652173913047,-31.95652173913064,replayed_feasible,w1620_previous_a7,w1620_previous_a7,False
1620,previous,4470,6090,profile_0007,constant,0.75,-48.99999999999992,-49.00000000000008,replayed_feasible,w1620_previous_a8,w1620_previous_a8,False
1620,previous,4470,6090,profile_0008,constant,0.85,-48.99999999999994,-49.00000000000006,replayed_feasible,w1620_previous_a9,w1620_previous_a9,False
1620,previous,4470,6090,profile_0009,constant,0.95,-48.99999999999996,-49.00000000000004,replayed_feasible,w1620_previous_a10,w1620_previous_a10,False
1620,previous,4470,6090,profile_0010,ramp,0.64,-29.826086956521767,-29.826086956521937,replayed_feasible,w1620_previous_a11,w1620_previous_a11,False
1620,previous,4470,6090,profile_0011,ramp,0.36,25.244799999999973,25.244799999999827,energy_or_commitment_infeasible,w1620_previous_a12,,False
1620,previous,4470,6090,profile_0012,ramp,0.59,-19.17391304347829,-19.17391304347846,energy_or_commitment_infeasible,w1620_previous_a13,,False
1620,previous,4470,6090,profile_0013,ramp,0.41,16.228799999999975,16.228799999999833,energy_or_commitment_infeasible,w1620_previous_a14,,False
1620,previous,4470,6090,profile_0014,ramp,0.55,-10.652173913043521,-10.652173913043692,energy_or_commitment_infeasible,w1620_previous_a6,,True
1620,previous,4470,6090,profile_0015,ramp,0.45,9.015999999999972,9.015999999999828,energy_or_commitment_infeasible,w1620_previous_a5,,True
1620,previous,4470,6090,profile_0016,low_frequency,0.36,25.244799999999973,25.244799999999827,energy_or_commitment_infeasible,w1620_previous_a12,,True
1620,previous,4470,6090,profile_0017,piecewise,0.3,36.06399999999998,36.06399999999984,energy_or_commitment_infeasible,w1620_previous_a15,,False
1620,previous,4470,6090,profile_0018,high_frequency,0.62,-25.565217391304373,-25.565217391304543,energy_or_commitment_infeasible,w1620_previous_a16,,False
1620,previous,4470,6090,profile_0019,low_frequency,0.29,37.867199999999976,37.86719999999983,energy_or_commitment_infeasible,w1620_previous_a17,,False
1620,previous,4470,6090,profile_0020,piecewise,0.53,-6.391304347826128,-6.391304347826298,energy_or_commitment_infeasible,w1620_previous_a18,,False
1620,previous,4470,6090,profile_0021,high_frequency,0.75,-48.99999999999992,-49.00000000000008,replayed_feasible,w1620_previous_a8,w1620_previous_a8,True
1620,previous,4470,6090,profile_0022,low_frequency,0.47,5.409599999999983,5.409599999999839,energy_or_commitment_infeasible,w1620_previous_a19,,False
1620,previous,4470,6090,profile_0023,piecewise,0.9,-48.99999999999995,-49.00000000000004,replayed_feasible,w1620_previous_a20,w1620_previous_a20,False
1620,previous,4470,6090,profile_0024,high_frequency,0.39,19.835199999999976,19.835199999999833,energy_or_commitment_infeasible,w1620_previous_a21,,False
1620,previous,4470,6090,profile_0025,low_frequency,0.31,34.260799999999975,34.26079999999983,energy_or_commitment_infeasible,w1620_previous_a22,,False
1620,previous,4470,6090,profile_0026,piecewise,0.4,18.031999999999968,18.031999999999826,energy_or_commitment_infeasible,w1620_previous_a23,,False
1620,previous,4470,6090,profile_0027,high_frequency,0.5713561544405182,-15.201963337327824,-15.201963337327994,energy_or_commitment_infeasible,w1620_previous_a24,,False
1620,previous,4470,6090,profile_0028,low_frequency,0.66,-34.086956521739175,-34.086956521739346,replayed_feasible,w1620_previous_a25,w1620_previous_a25,False
1620,previous,4470,6090,profile_0029,piecewise,0.57,-14.913043478260883,-14.913043478261054,energy_or_commitment_infeasible,w1620_previous_a26,,False
1620,previous,4470,6090,profile_0030,high_frequency,0.44,10.819199999999979,10.819199999999835,energy_or_commitment_infeasible,w1620_previous_a27,,False
1620,previous,4470,6090,profile_0031,low_frequency,0.37,23.44159999999998,23.441599999999834,energy_or_commitment_infeasible,w1620_previous_a28,,False
1620,previous,4470,6090,profile_0032,piecewise,0.15,49.00000000000005,48.99999999999994,energy_or_commitment_infeasible,w1620_previous_a2,,True
1620,previous,4470,6090,profile_0033,high_frequency,0.26432192277974087,42.4974708843571,42.49747088435696,energy_or_commitment_infeasible,w1620_previous_a29,,False
1620,previous,4470,6090,profile_0034,low_frequency,0.47,5.409599999999983,5.409599999999839,energy_or_commitment_infeasible,w1620_previous_a19,,True
1620,previous,4470,6090,profile_0035,piecewise,0.89,-48.99999999999995,-49.00000000000005,replayed_feasible,w1620_previous_a30,w1620_previous_a30,False
1620,previous,4470,6090,profile_0036,high_frequency,0.61,-23.434782608695684,-23.434782608695855,energy_or_commitment_infeasible,w1620_previous_a31,,False
1620,previous,4470,6090,profile_0037,low_frequency,0.6756780772202592,-37.42706862518567,-37.42706862518584,replayed_feasible,w1620_previous_a32,w1620_previous_a32,False
1620,previous,4470,6090,profile_0038,piecewise,0.72,-46.86956521739134,-46.86956521739151,replayed_feasible,w1620_previous_a33,w1620_previous_a33,False
1620,previous,4470,6090,profile_0039,high_frequency,0.43567807722025914,11.59852911564284,11.598529115642696,energy_or_commitment_infeasible,w1620_previous_a34,,False
1620,previous,4470,6090,profile_0040,low_frequency,0.56,-12.78260869565221,-12.78260869565238,energy_or_commitment_infeasible,w1620_previous_a35,,False
1620,previous,4470,6090,profile_0041,piecewise,0.69,-40.478260869565226,-40.478260869565396,replayed_feasible,w1620_previous_a36,w1620_previous_a36,False
1620,previous,4470,6090,profile_0042,high_frequency,0.5886438455594817,-18.88499318441135,-18.88499318441152,energy_or_commitment_infeasible,w1620_previous_a37,,False
1620,previous,4470,6090,profile_0043,low_frequency,0.17,49.000000000000064,48.999999999999936,energy_or_commitment_infeasible,w1620_previous_a38,,False
1620,previous,4470,6090,profile_0044,piecewise,0.33,30.65439999999997,30.654399999999825,energy_or_commitment_infeasible,w1620_previous_a39,,False
1620,previous,4470,6090,profile_0045,high_frequency,0.3570342316607774,25.77958734692859,25.779587346928444,energy_or_commitment_infeasible,w1620_previous_a40,,False
1620,previous,4470,6090,profile_0046,low_frequency,0.71,-44.73913043478263,-44.7391304347828,replayed_feasible,w1620_previous_a41,w1620_previous_a41,False
1620,previous,4470,6090,profile_0047,piecewise,0.31,34.260799999999975,34.26079999999983,energy_or_commitment_infeasible,w1620_previous_a22,,True
1620,previous,4470,6090,profile_0048,high_frequency,0.3343219227797409,29.875070884357093,29.87507088435695,energy_or_commitment_infeasible,w1620_previous_a42,,False
1620,previous,4470,6090,profile_0049,low_frequency,0.73,-48.999999999999915,-49.000000000000085,replayed_feasible,w1620_previous_a43,w1620_previous_a43,False
1620,previous,4470,6090,profile_0050,piecewise,0.75,-48.99999999999992,-49.00000000000008,replayed_feasible,w1620_previous_a8,w1620_previous_a8,True
1620,previous,4470,6090,profile_0051,high_frequency,0.45,9.015999999999972,9.015999999999828,energy_or_commitment_infeasible,w1620_previous_a5,,True
1620,previous,4470,6090,profile_0052,low_frequency,0.83,-48.99999999999994,-49.00000000000005,replayed_feasible,w1620_previous_a44,w1620_previous_a44,False
1620,previous,4470,6090,profile_0053,piecewise,0.61,-23.434782608695684,-23.434782608695855,energy_or_commitment_infeasible,w1620_previous_a31,,True
1620,previous,4470,6090,profile_0054,high_frequency,0.28,39.67039999999997,39.67039999999983,energy_or_commitment_infeasible,w1620_previous_a45,,False
1620,previous,4470,6090,profile_0055,low_frequency,0.38,21.638399999999972,21.638399999999827,energy_or_commitment_infeasible,w1620_previous_a46,,False
1620,previous,4470,6090,profile_0056,piecewise,0.19,49.000000000000064,48.999999999999936,energy_or_commitment_infeasible,w1620_previous_a38,,True
1620,previous,4470,6090,profile_0057,high_frequency,0.46,7.212799999999964,7.21279999999982,energy_or_commitment_infeasible,w1620_previous_a47,,False
1620,previous,4470,6090,profile_0058,low_frequency,0.39,19.835199999999976,19.835199999999833,energy_or_commitment_infeasible,w1620_previous_a21,,True
1620,previous,4470,6090,profile_0059,piecewise,0.68,-38.34782608695655,-38.34782608695672,replayed_feasible,w1620_previous_a48,w1620_previous_a48,False
1620,previous,4470,6090,profile_0060,high_frequency,0.64,-29.826086956521767,-29.826086956521937,replayed_feasible,w1620_previous_a11,w1620_previous_a11,True
1620,previous,4470,6090,profile_0061,low_frequency,0.21,49.00000000000007,48.999999999999936,energy_or_commitment_infeasible,w1620_previous_a49,,False
1620,previous,4470,6090,profile_0062,piecewise,0.11,49.00000000000005,48.99999999999995,energy_or_commitment_infeasible,w1620_previous_a50,,False
1620,previous,4470,6090,profile_0063,high_frequency,0.5056780772202591,-1.209677320837853,-1.2096773208380232,energy_or_commitment_infeasible,w1620_previous_a51,,False
1680,previous,4410,6090,profile_0000,constant,0.05,48.999999999999936,49.000000000000064,energy_or_commitment_infeasible,w1680_previous_a1,,False
1680,previous,4410,6090,profile_0001,constant,0.15,48.999999999999915,49.00000000000008,energy_or_commitment_infeasible,w1680_previous_a2,,False
1680,previous,4410,6090,profile_0002,constant,0.25,45.07999999999998,45.08000000000018,energy_or_commitment_infeasible,w1680_previous_a3,,False
1680,previous,4410,6090,profile_0003,constant,0.35,27.04799999999998,27.04800000000019,energy_or_commitment_infeasible,w1680_previous_a4,,False
1680,previous,4410,6090,profile_0004,constant,0.45,9.015999999999972,9.016000000000181,energy_or_commitment_infeasible,w1680_previous_a5,,False
1680,previous,4410,6090,profile_0005,constant,0.55,-10.652173913043521,-10.652173913043274,energy_or_commitment_infeasible,w1680_previous_a6,,False
1680,previous,4410,6090,profile_0006,constant,0.65,-31.95652173913047,-31.956521739130224,replayed_feasible,w1680_previous_a7,w1680_previous_a7,False
1680,previous,4410,6090,profile_0007,constant,0.75,-49.000000000000114,-48.999999999999886,replayed_feasible,w1680_previous_a8,w1680_previous_a8,False
1680,previous,4410,6090,profile_0008,constant,0.85,-49.000000000000085,-48.999999999999915,replayed_feasible,w1680_previous_a9,w1680_previous_a9,False
1680,previous,4410,6090,profile_0009,constant,0.95,-49.00000000000005,-48.99999999999993,replayed_feasible,w1680_previous_a10,w1680_previous_a10,False
1680,previous,4410,6090,profile_0010,ramp,0.64,-29.826086956521767,-29.826086956521518,replayed_feasible,w1680_previous_a11,w1680_previous_a11,False
1680,previous,4410,6090,profile_0011,ramp,0.36,25.244799999999973,25.244800000000183,energy_or_commitment_infeasible,w1680_previous_a12,,False
1680,previous,4410,6090,profile_0012,ramp,0.59,-19.17391304347829,-19.173913043478045,energy_or_commitment_infeasible,w1680_previous_a13,,False
1680,previous,4410,6090,profile_0013,ramp,0.41,16.228799999999975,16.228800000000184,energy_or_commitment_infeasible,w1680_previous_a14,,False
1680,previous,4410,6090,profile_0014,ramp,0.55,-10.652173913043521,-10.652173913043274,energy_or_commitment_infeasible,w1680_previous_a6,,True
1680,previous,4410,6090,profile_0015,ramp,0.45,9.015999999999972,9.016000000000181,energy_or_commitment_infeasible,w1680_previous_a5,,True
1680,previous,4410,6090,profile_0016,low_frequency,0.36,25.244799999999973,25.244800000000183,energy_or_commitment_infeasible,w1680_previous_a12,,True
1680,previous,4410,6090,profile_0017,piecewise,0.3,36.06399999999998,36.064000000000185,energy_or_commitment_infeasible,w1680_previous_a15,,False
1680,previous,4410,6090,profile_0018,high_frequency,0.62,-25.565217391304373,-25.565217391304127,energy_or_commitment_infeasible,w1680_previous_a16,,False
1680,previous,4410,6090,profile_0019,low_frequency,0.29,37.867199999999976,37.86720000000019,energy_or_commitment_infeasible,w1680_previous_a17,,False
1680,previous,4410,6090,profile_0020,piecewise,0.53,-6.391304347826128,-6.391304347825881,energy_or_commitment_infeasible,w1680_previous_a18,,False
1680,previous,4410,6090,profile_0021,high_frequency,0.75,-49.000000000000114,-48.999999999999886,replayed_feasible,w1680_previous_a8,w1680_previous_a8,True
1680,previous,4410,6090,profile_0022,low_frequency,0.47,5.409599999999983,5.409600000000192,energy_or_commitment_infeasible,w1680_previous_a19,,False
1680,previous,4410,6090,profile_0023,piecewise,0.9,-49.00000000000007,-48.99999999999993,replayed_feasible,w1680_previous_a20,w1680_previous_a20,False
1680,previous,4410,6090,profile_0024,high_frequency,0.39,19.835199999999976,19.835200000000185,energy_or_commitment_infeasible,w1680_previous_a21,,False
1680,previous,4410,6090,profile_0025,low_frequency,0.31,34.260799999999975,34.26080000000019,energy_or_commitment_infeasible,w1680_previous_a22,,False
1680,previous,4410,6090,profile_0026,piecewise,0.4,18.031999999999968,18.032000000000178,energy_or_commitment_infeasible,w1680_previous_a23,,False
1680,previous,4410,6090,profile_0027,high_frequency,0.5713561544405182,-15.201963337327824,-15.201963337327577,energy_or_commitment_infeasible,w1680_previous_a24,,False
1680,previous,4410,6090,profile_0028,low_frequency,0.66,-34.086956521739175,-34.08695652173893,replayed_feasible,w1680_previous_a25,w1680_previous_a25,False
1680,previous,4410,6090,profile_0029,piecewise,0.57,-14.913043478260883,-14.913043478260636,energy_or_commitment_infeasible,w1680_previous_a26,,False
1680,previous,4410,6090,profile_0030,high_frequency,0.44,10.819199999999979,10.819200000000189,energy_or_commitment_infeasible,w1680_previous_a27,,False
1680,previous,4410,6090,profile_0031,low_frequency,0.37,23.44159999999998,23.44160000000019,energy_or_commitment_infeasible,w1680_previous_a28,,False
1680,previous,4410,6090,profile_0032,piecewise,0.15,48.999999999999915,49.00000000000008,energy_or_commitment_infeasible,w1680_previous_a2,,True
1680,previous,4410,6090,profile_0033,high_frequency,0.26432192277974087,42.4974708843571,42.49747088435731,energy_or_commitment_infeasible,w1680_previous_a29,,False
1680,previous,4410,6090,profile_0034,low_frequency,0.47,5.409599999999983,5.409600000000192,energy_or_commitment_infeasible,w1680_previous_a19,,True
1680,previous,4410,6090,profile_0035,piecewise,0.89,-49.00000000000007,-48.99999999999993,replayed_feasible,w1680_previous_a20,w1680_previous_a20,True
1680,previous,4410,6090,profile_0036,high_frequency,0.61,-23.434782608695684,-23.434782608695436,energy_or_commitment_infeasible,w1680_previous_a30,,False
1680,previous,4410,6090,profile_0037,low_frequency,0.6756780772202592,-37.42706862518567,-37.42706862518542,replayed_feasible,w1680_previous_a31,w1680_previous_a31,False
1680,previous,4410,6090,profile_0038,piecewise,0.72,-46.86956521739134,-46.86956521739109,replayed_feasible,w1680_previous_a32,w1680_previous_a32,False
1680,previous,4410,6090,profile_0039,high_frequency,0.43567807722025914,11.59852911564284,11.59852911564305,energy_or_commitment_infeasible,w1680_previous_a33,,False
1680,previous,4410,6090,profile_0040,low_frequency,0.56,-12.78260869565221,-12.782608695651962,energy_or_commitment_infeasible,w1680_previous_a34,,False
1680,previous,4410,6090,profile_0041,piecewise,0.69,-40.478260869565226,-40.47826086956498,replayed_feasible,w1680_previous_a35,w1680_previous_a35,False
1680,previous,4410,6090,profile_0042,high_frequency,0.5886438455594817,-18.88499318441135,-18.884993184411105,energy_or_commitment_infeasible,w1680_previous_a36,,False
1680,previous,4410,6090,profile_0043,low_frequency,0.17,48.99999999999991,49.000000000000085,energy_or_commitment_infeasible,w1680_previous_a37,,False
1680,previous,4410,6090,profile_0044,piecewise,0.33,30.65439999999997,30.654400000000177,energy_or_commitment_infeasible,w1680_previous_a38,,False
1680,previous,4410,6090,profile_0045,high_frequency,0.3570342316607774,25.77958734692859,25.7795873469288,energy_or_commitment_infeasible,w1680_previous_a39,,False
1680,previous,4410,6090,profile_0046,low_frequency,0.71,-44.73913043478263,-44.73913043478239,replayed_feasible,w1680_previous_a40,w1680_previous_a40,False
1680,previous,4410,6090,profile_0047,piecewise,0.31,34.260799999999975,34.26080000000019,energy_or_commitment_infeasible,w1680_previous_a22,,True
1680,previous,4410,6090,profile_0048,high_frequency,0.3343219227797409,29.875070884357093,29.875070884357303,energy_or_commitment_infeasible,w1680_previous_a41,,False
1680,previous,4410,6090,profile_0049,low_frequency,0.73,-49.000000000000014,-48.999999999999766,replayed_feasible,w1680_previous_a42,w1680_previous_a42,False
1680,previous,4410,6090,profile_0050,piecewise,0.75,-49.000000000000114,-48.999999999999886,replayed_feasible,w1680_previous_a8,w1680_previous_a8,True
1680,previous,4410,6090,profile_0051,high_frequency,0.45,9.015999999999972,9.016000000000181,energy_or_commitment_infeasible,w1680_previous_a5,,True
1680,previous,4410,6090,profile_0052,low_frequency,0.83,-49.00000000000009,-48.99999999999991,replayed_feasible,w1680_previous_a43,w1680_previous_a43,False
1680,previous,4410,6090,profile_0053,piecewise,0.61,-23.434782608695684,-23.434782608695436,energy_or_commitment_infeasible,w1680_previous_a30,,True
1680,previous,4410,6090,profile_0054,high_frequency,0.28,39.67039999999997,39.670400000000186,energy_or_commitment_infeasible,w1680_previous_a44,,False
1680,previous,4410,6090,profile_0055,low_frequency,0.38,21.638399999999972,21.638400000000182,energy_or_commitment_infeasible,w1680_previous_a45,,False
1680,previous,4410,6090,profile_0056,piecewise,0.19,48.99999999999991,49.00000000000009,energy_or_commitment_infeasible,w1680_previous_a46,,False
1680,previous,4410,6090,profile_0057,high_frequency,0.46,7.212799999999964,7.212800000000174,energy_or_commitment_infeasible,w1680_previous_a47,,False
1680,previous,4410,6090,profile_0058,low_frequency,0.39,19.835199999999976,19.835200000000185,energy_or_commitment_infeasible,w1680_previous_a21,,True
1680,previous,4410,6090,profile_0059,piecewise,0.68,-38.34782608695655,-38.3478260869563,replayed_feasible,w1680_previous_a48,w1680_previous_a48,False
1680,previous,4410,6090,profile_0060,high_frequency,0.64,-29.826086956521767,-29.826086956521518,replayed_feasible,w1680_previous_a11,w1680_previous_a11,True
1680,previous,4410,6090,profile_0061,low_frequency,0.21,48.9999999999999,49.0000000000001,energy_or_commitment_infeasible,w1680_previous_a49,,False
1680,previous,4410,6090,profile_0062,piecewise,0.11,48.999999999999936,49.000000000000085,energy_or_commitment_infeasible,w1680_previous_a50,,False
1680,previous,4410,6090,profile_0063,high_frequency,0.5056780772202591,-1.209677320837853,-1.209677320837606,energy_or_commitment_infeasible,w1680_previous_a51,,False
1740,previous,4350,6090,profile_0000,constant,0.05,49.00000000000002,48.99999999999997,energy_or_commitment_infeasible,w1740_previous_a1,,False
1740,previous,4350,6090,profile_0001,constant,0.15,49.00000000000003,48.99999999999997,energy_or_commitment_infeasible,w1740_previous_a2,,False
1740,previous,4350,6090,profile_0002,constant,0.25,45.07999999999998,45.079999999999885,energy_or_commitment_infeasible,w1740_previous_a3,,False
1740,previous,4350,6090,profile_0003,constant,0.35,27.04799999999998,27.047999999999888,energy_or_commitment_infeasible,w1740_previous_a4,,False
1740,previous,4350,6090,profile_0004,constant,0.45,9.015999999999972,9.015999999999881,energy_or_commitment_infeasible,w1740_previous_a5,,False
1740,previous,4350,6090,profile_0005,constant,0.55,-10.652173913043521,-10.65217391304363,energy_or_commitment_infeasible,w1740_previous_a6,,False
1740,previous,4350,6090,profile_0006,constant,0.65,-31.95652173913047,-31.95652173913058,replayed_feasible,w1740_previous_a7,w1740_previous_a7,False
1740,previous,4350,6090,profile_0007,constant,0.75,-48.99999999999994,-49.00000000000004,replayed_feasible,w1740_previous_a8,w1740_previous_a8,False
1740,previous,4350,6090,profile_0008,constant,0.85,-48.999999999999964,-49.00000000000003,replayed_feasible,w1740_previous_a9,w1740_previous_a9,False
1740,previous,4350,6090,profile_0009,constant,0.95,-48.99999999999997,-49.00000000000003,replayed_feasible,w1740_previous_a10,w1740_previous_a10,False
1740,previous,4350,6090,profile_0010,ramp,0.64,-29.826086956521767,-29.826086956521873,replayed_feasible,w1740_previous_a11,w1740_previous_a11,False
1740,previous,4350,6090,profile_0011,ramp,0.36,25.244799999999973,25.24479999999988,energy_or_commitment_infeasible,w1740_previous_a12,,False
1740,previous,4350,6090,profile_0012,ramp,0.59,-19.17391304347829,-19.1739130434784,energy_or_commitment_infeasible,w1740_previous_a13,,False
1740,previous,4350,6090,profile_0013,ramp,0.41,16.228799999999975,16.228799999999882,energy_or_commitment_infeasible,w1740_previous_a14,,False
1740,previous,4350,6090,profile_0014,ramp,0.55,-10.652173913043521,-10.65217391304363,energy_or_commitment_infeasible,w1740_previous_a6,,True
1740,previous,4350,6090,profile_0015,ramp,0.45,9.015999999999972,9.015999999999881,energy_or_commitment_infeasible,w1740_previous_a5,,True
1740,previous,4350,6090,profile_0016,low_frequency,0.36,25.244799999999973,25.24479999999988,energy_or_commitment_infeasible,w1740_previous_a12,,True
1740,previous,4350,6090,profile_0017,piecewise,0.3,36.06399999999998,36.063999999999886,energy_or_commitment_infeasible,w1740_previous_a15,,False
1740,previous,4350,6090,profile_0018,high_frequency,0.62,-25.565217391304373,-25.565217391304483,energy_or_commitment_infeasible,w1740_previous_a16,,False
1740,previous,4350,6090,profile_0019,low_frequency,0.29,37.867199999999976,37.86719999999989,energy_or_commitment_infeasible,w1740_previous_a17,,False
1740,previous,4350,6090,profile_0020,piecewise,0.53,-6.391304347826128,-6.391304347826236,energy_or_commitment_infeasible,w1740_previous_a18,,False
1740,previous,4350,6090,profile_0021,high_frequency,0.75,-48.99999999999994,-49.00000000000004,replayed_feasible,w1740_previous_a8,w1740_previous_a8,True
1740,previous,4350,6090,profile_0022,low_frequency,0.47,5.409599999999983,5.409599999999892,energy_or_commitment_infeasible,w1740_previous_a19,,False
1740,previous,4350,6090,profile_0023,piecewise,0.9,-48.999999999999964,-49.00000000000003,replayed_feasible,w1740_previous_a9,w1740_previous_a9,True
1740,previous,4350,6090,profile_0024,high_frequency,0.39,19.835199999999976,19.835199999999887,energy_or_commitment_infeasible,w1740_previous_a20,,False
1740,previous,4350,6090,profile_0025,low_frequency,0.31,34.260799999999975,34.26079999999988,energy_or_commitment_infeasible,w1740_previous_a21,,False
1740,previous,4350,6090,profile_0026,piecewise,0.4,18.031999999999968,18.03199999999988,energy_or_commitment_infeasible,w1740_previous_a22,,False
1740,previous,4350,6090,profile_0027,high_frequency,0.5713561544405182,-15.201963337327824,-15.201963337327932,energy_or_commitment_infeasible,w1740_previous_a23,,False
1740,previous,4350,6090,profile_0028,low_frequency,0.66,-34.086956521739175,-34.08695652173928,replayed_feasible,w1740_previous_a24,w1740_previous_a24,False
1740,previous,4350,6090,profile_0029,piecewise,0.57,-14.913043478260883,-14.913043478260992,energy_or_commitment_infeasible,w1740_previous_a25,,False
1740,previous,4350,6090,profile_0030,high_frequency,0.44,10.819199999999979,10.819199999999887,energy_or_commitment_infeasible,w1740_previous_a26,,False
1740,previous,4350,6090,profile_0031,low_frequency,0.37,23.44159999999998,23.441599999999887,energy_or_commitment_infeasible,w1740_previous_a27,,False
1740,previous,4350,6090,profile_0032,piecewise,0.15,49.00000000000003,48.99999999999997,energy_or_commitment_infeasible,w1740_previous_a2,,True
1740,previous,4350,6090,profile_0033,high_frequency,0.26432192277974087,42.4974708843571,42.49747088435701,energy_or_commitment_infeasible,w1740_previous_a28,,False
1740,previous,4350,6090,profile_0034,low_frequency,0.47,5.409599999999983,5.409599999999892,energy_or_commitment_infeasible,w1740_previous_a19,,True
1740,previous,4350,6090,profile_0035,piecewise,0.89,-48.99999999999997,-49.000000000000036,replayed_feasible,w1740_previous_a29,w1740_previous_a29,False
1740,previous,4350,6090,profile_0036,high_frequency,0.61,-23.434782608695684,-23.43478260869579,energy_or_commitment_infeasible,w1740_previous_a30,,False
1740,previous,4350,6090,profile_0037,low_frequency,0.6756780772202592,-37.42706862518567,-37.427068625185775,replayed_feasible,w1740_previous_a31,w1740_previous_a31,False
1740,previous,4350,6090,profile_0038,piecewise,0.72,-46.86956521739134,-46.86956521739145,replayed_feasible,w1740_previous_a32,w1740_previous_a32,False
1740,previous,4350,6090,profile_0039,high_frequency,0.43567807722025914,11.59852911564284,11.59852911564275,energy_or_commitment_infeasible,w1740_previous_a33,,False
1740,previous,4350,6090,profile_0040,low_frequency,0.56,-12.78260869565221,-12.782608695652318,energy_or_commitment_infeasible,w1740_previous_a34,,False
1740,previous,4350,6090,profile_0041,piecewise,0.69,-40.478260869565226,-40.47826086956533,replayed_feasible,w1740_previous_a35,w1740_previous_a35,False
1740,previous,4350,6090,profile_0042,high_frequency,0.5886438455594817,-18.88499318441135,-18.88499318441146,energy_or_commitment_infeasible,w1740_previous_a36,,False
1740,previous,4350,6090,profile_0043,low_frequency,0.17,49.00000000000004,48.99999999999996,energy_or_commitment_infeasible,w1740_previous_a37,,False
1740,previous,4350,6090,profile_0044,piecewise,0.33,30.65439999999997,30.654399999999878,energy_or_commitment_infeasible,w1740_previous_a38,,False
1740,previous,4350,6090,profile_0045,high_frequency,0.3570342316607774,25.77958734692859,25.779587346928498,energy_or_commitment_infeasible,w1740_previous_a39,,False
1740,previous,4350,6090,profile_0046,low_frequency,0.71,-44.73913043478263,-44.739130434782744,replayed_feasible,w1740_previous_a40,w1740_previous_a40,False
1740,previous,4350,6090,profile_0047,piecewise,0.31,34.260799999999975,34.26079999999988,energy_or_commitment_infeasible,w1740_previous_a21,,True
1740,previous,4350,6090,profile_0048,high_frequency,0.3343219227797409,29.875070884357093,29.875070884357005,energy_or_commitment_infeasible,w1740_previous_a41,,False
1740,previous,4350,6090,profile_0049,low_frequency,0.73,-48.99999999999994,-49.00000000000005,replayed_feasible,w1740_previous_a42,w1740_previous_a42,False
1740,previous,4350,6090,profile_0050,piecewise,0.75,-48.99999999999994,-49.00000000000004,replayed_feasible,w1740_previous_a8,w1740_previous_a8,True
1740,previous,4350,6090,profile_0051,high_frequency,0.45,9.015999999999972,9.015999999999881,energy_or_commitment_infeasible,w1740_previous_a5,,True
1740,previous,4350,6090,profile_0052,low_frequency,0.83,-48.999999999999964,-49.000000000000036,replayed_feasible,w1740_previous_a43,w1740_previous_a43,False
1740,previous,4350,6090,profile_0053,piecewise,0.61,-23.434782608695684,-23.43478260869579,energy_or_commitment_infeasible,w1740_previous_a30,,True
1740,previous,4350,6090,profile_0054,high_frequency,0.28,39.67039999999997,39.67039999999988,energy_or_commitment_infeasible,w1740_previous_a44,,False
1740,previous,4350,6090,profile_0055,low_frequency,0.38,21.638399999999972,21.63839999999988,energy_or_commitment_infeasible,w1740_previous_a45,,False
1740,previous,4350,6090,profile_0056,piecewise,0.19,49.00000000000004,48.999999999999964,energy_or_commitment_infeasible,w1740_previous_a46,,False
1740,previous,4350,6090,profile_0057,high_frequency,0.46,7.212799999999964,7.212799999999873,energy_or_commitment_infeasible,w1740_previous_a47,,False
1740,previous,4350,6090,profile_0058,low_frequency,0.39,19.835199999999976,19.835199999999887,energy_or_commitment_infeasible,w1740_previous_a20,,True
1740,previous,4350,6090,profile_0059,piecewise,0.68,-38.34782608695655,-38.34782608695666,replayed_feasible,w1740_previous_a48,w1740_previous_a48,False
1740,previous,4350,6090,profile_0060,high_frequency,0.64,-29.826086956521767,-29.826086956521873,replayed_feasible,w1740_previous_a11,w1740_previous_a11,True
1740,previous,4350,6090,profile_0061,low_frequency,0.21,49.00000000000004,48.99999999999996,energy_or_commitment_infeasible,w1740_previous_a37,,True
1740,previous,4350,6090,profile_0062,piecewise,0.11,49.00000000000003,48.99999999999997,energy_or_commitment_infeasible,w1740_previous_a2,,True
1740,previous,4350,6090,profile_0063,high_frequency,0.5056780772202591,-1.209677320837853,-1.2096773208379612,energy_or_commitment_infeasible,w1740_previous_a49,,False
1800,previous,4290,6090,profile_0000,constant,0.05,48.99999999999994,49.000000000000064,energy_or_commitment_infeasible,w1800_previous_a1,,False
1800,previous,4290,6090,profile_0001,constant,0.15,48.999999999999915,49.00000000000008,energy_or_commitment_infeasible,w1800_previous_a2,,False
1800,previous,4290,6090,profile_0002,constant,0.25,45.07999999999998,45.08000000000017,energy_or_commitment_infeasible,w1800_previous_a3,,False
1800,previous,4290,6090,profile_0003,constant,0.35,27.04799999999998,27.048000000000176,energy_or_commitment_infeasible,w1800_previous_a4,,False
1800,previous,4290,6090,profile_0004,constant,0.45,9.015999999999972,9.016000000000167,energy_or_commitment_infeasible,w1800_previous_a5,,False
1800,previous,4290,6090,profile_0005,constant,0.55,-10.652173913043521,-10.65217391304329,energy_or_commitment_infeasible,w1800_previous_a6,,False
1800,previous,4290,6090,profile_0006,constant,0.65,-31.95652173913047,-31.95652173913024,replayed_feasible,w1800_previous_a7,w1800_previous_a7,False
1800,previous,4290,6090,profile_0007,constant,0.75,-49.00000000000011,-48.99999999999989,replayed_feasible,w1800_previous_a8,w1800_previous_a8,False
1800,previous,4290,6090,profile_0008,constant,0.85,-49.00000000000007,-48.999999999999915,replayed_feasible,w1800_previous_a9,w1800_previous_a9,False
1800,previous,4290,6090,profile_0009,constant,0.95,-49.00000000000005,-48.999999999999936,replayed_feasible,w1800_previous_a10,w1800_previous_a10,False
1800,previous,4290,6090,profile_0010,ramp,0.64,-29.826086956521767,-29.826086956521536,replayed_feasible,w1800_previous_a11,w1800_previous_a11,False
1800,previous,4290,6090,profile_0011,ramp,0.36,25.244799999999973,25.24480000000017,energy_or_commitment_infeasible,w1800_previous_a12,,False
1800,previous,4290,6090,profile_0012,ramp,0.59,-19.17391304347829,-19.17391304347806,energy_or_commitment_infeasible,w1800_previous_a13,,False
1800,previous,4290,6090,profile_0013,ramp,0.41,16.228799999999975,16.22880000000017,energy_or_commitment_infeasible,w1800_previous_a14,,False
1800,previous,4290,6090,profile_0014,ramp,0.55,-10.652173913043521,-10.65217391304329,energy_or_commitment_infeasible,w1800_previous_a6,,True
1800,previous,4290,6090,profile_0015,ramp,0.45,9.015999999999972,9.016000000000167,energy_or_commitment_infeasible,w1800_previous_a5,,True
1800,previous,4290,6090,profile_0016,low_frequency,0.36,25.244799999999973,25.24480000000017,energy_or_commitment_infeasible,w1800_previous_a12,,True
1800,previous,4290,6090,profile_0017,piecewise,0.3,36.06399999999998,36.06400000000018,energy_or_commitment_infeasible,w1800_previous_a15,,False
1800,previous,4290,6090,profile_0018,high_frequency,0.62,-25.565217391304373,-25.56521739130414,energy_or_commitment_infeasible,w1800_previous_a16,,False
1800,previous,4290,6090,profile_0019,low_frequency,0.29,37.867199999999976,37.867200000000174,energy_or_commitment_infeasible,w1800_previous_a17,,False
1800,previous,4290,6090,profile_0020,piecewise,0.53,-6.391304347826128,-6.391304347825896,energy_or_commitment_infeasible,w1800_previous_a18,,False
1800,previous,4290,6090,profile_0021,high_frequency,0.75,-49.00000000000011,-48.99999999999989,replayed_feasible,w1800_previous_a8,w1800_previous_a8,True
1800,previous,4290,6090,profile_0022,low_frequency,0.47,5.409599999999983,5.409600000000179,energy_or_commitment_infeasible,w1800_previous_a19,,False
1800,previous,4290,6090,profile_0023,piecewise,0.9,-49.000000000000064,-48.99999999999993,replayed_feasible,w1800_previous_a20,w1800_previous_a20,False
1800,previous,4290,6090,profile_0024,high_frequency,0.39,19.835199999999976,19.835200000000174,energy_or_commitment_infeasible,w1800_previous_a21,,False
1800,previous,4290,6090,profile_0025,low_frequency,0.31,34.260799999999975,34.260800000000174,energy_or_commitment_infeasible,w1800_previous_a22,,False
1800,previous,4290,6090,profile_0026,piecewise,0.4,18.031999999999968,18.032000000000167,energy_or_commitment_infeasible,w1800_previous_a23,,False
1800,previous,4290,6090,profile_0027,high_frequency,0.5713561544405182,-15.201963337327824,-15.20196333732759,energy_or_commitment_infeasible,w1800_previous_a24,,False
1800,previous,4290,6090,profile_0028,low_frequency,0.66,-34.086956521739175,-34.08695652173894,replayed_feasible,w1800_previous_a25,w1800_previous_a25,False
1800,previous,4290,6090,profile_0029,piecewise,0.57,-14.913043478260883,-14.91304347826065,energy_or_commitment_infeasible,w1800_previous_a26,,False
1800,previous,4290,6090,profile_0030,high_frequency,0.44,10.819199999999979,10.819200000000174,energy_or_commitment_infeasible,w1800_previous_a27,,False
1800,previous,4290,6090,profile_0031,low_frequency,0.37,23.44159999999998,23.441600000000175,energy_or_commitment_infeasible,w1800_previous_a28,,False
1800,previous,4290,6090,profile_0032,piecewise,0.15,48.999999999999915,49.00000000000008,energy_or_commitment_infeasible,w1800_previous_a2,,True
1800,previous,4290,6090,profile_0033,high_frequency,0.26432192277974087,42.4974708843571,42.4974708843573,energy_or_commitment_infeasible,w1800_previous_a29,,False
1800,previous,4290,6090,profile_0034,low_frequency,0.47,5.409599999999983,5.409600000000179,energy_or_commitment_infeasible,w1800_previous_a19,,True
1800,previous,4290,6090,profile_0035,piecewise,0.89,-49.00000000000007,-48.999999999999936,replayed_feasible,w1800_previous_a30,w1800_previous_a30,False
1800,previous,4290,6090,profile_0036,high_frequency,0.61,-23.434782608695684,-23.434782608695453,energy_or_commitment_infeasible,w1800_previous_a31,,False
1800,previous,4290,6090,profile_0037,low_frequency,0.6756780772202592,-37.42706862518567,-37.42706862518544,replayed_feasible,w1800_previous_a32,w1800_previous_a32,False
1800,previous,4290,6090,profile_0038,piecewise,0.72,-46.86956521739134,-46.869565217391106,replayed_feasible,w1800_previous_a33,w1800_previous_a33,False
1800,previous,4290,6090,profile_0039,high_frequency,0.43567807722025914,11.59852911564284,11.598529115643037,energy_or_commitment_infeasible,w1800_previous_a34,,False
1800,previous,4290,6090,profile_0040,low_frequency,0.56,-12.78260869565221,-12.782608695651978,energy_or_commitment_infeasible,w1800_previous_a35,,False
1800,previous,4290,6090,profile_0041,piecewise,0.69,-40.478260869565226,-40.47826086956499,replayed_feasible,w1800_previous_a36,w1800_previous_a36,False
1800,previous,4290,6090,profile_0042,high_frequency,0.5886438455594817,-18.88499318441135,-18.88499318441112,energy_or_commitment_infeasible,w1800_previous_a37,,False
1800,previous,4290,6090,profile_0043,low_frequency,0.17,48.99999999999992,49.00000000000008,energy_or_commitment_infeasible,w1800_previous_a38,,False
1800,previous,4290,6090,profile_0044,piecewise,0.33,30.65439999999997,30.654400000000166,energy_or_commitment_infeasible,w1800_previous_a39,,False
1800,previous,4290,6090,profile_0045,high_frequency,0.3570342316607774,25.77958734692859,25.779587346928786,energy_or_commitment_infeasible,w1800_previous_a40,,False
1800,previous,4290,6090,profile_0046,low_frequency,0.71,-44.73913043478263,-44.7391304347824,replayed_feasible,w1800_previous_a41,w1800_previous_a41,False
1800,previous,4290,6090,profile_0047,piecewise,0.31,34.260799999999975,34.260800000000174,energy_or_commitment_infeasible,w1800_previous_a22,,True
1800,previous,4290,6090,profile_0048,high_frequency,0.3343219227797409,29.875070884357093,29.87507088435729,energy_or_commitment_infeasible,w1800_previous_a42,,False
1800,previous,4290,6090,profile_0049,low_frequency,0.73,-49.000000000000014,-48.99999999999978,replayed_feasible,w1800_previous_a43,w1800_previous_a43,False
1800,previous,4290,6090,profile_0050,piecewise,0.75,-49.00000000000011,-48.99999999999989,replayed_feasible,w1800_previous_a8,w1800_previous_a8,True
1800,previous,4290,6090,profile_0051,high_frequency,0.45,9.015999999999972,9.016000000000167,energy_or_commitment_infeasible,w1800_previous_a5,,True
1800,previous,4290,6090,profile_0052,low_frequency,0.83,-49.00000000000008,-48.999999999999915,replayed_feasible,w1800_previous_a44,w1800_previous_a44,False
1800,previous,4290,6090,profile_0053,piecewise,0.61,-23.434782608695684,-23.434782608695453,energy_or_commitment_infeasible,w1800_previous_a31,,True
1800,previous,4290,6090,profile_0054,high_frequency,0.28,39.67039999999997,39.67040000000017,energy_or_commitment_infeasible,w1800_previous_a45,,False
1800,previous,4290,6090,profile_0055,low_frequency,0.38,21.638399999999972,21.638400000000168,energy_or_commitment_infeasible,w1800_previous_a46,,False
1800,previous,4290,6090,profile_0056,piecewise,0.19,48.999999999999915,49.000000000000085,energy_or_commitment_infeasible,w1800_previous_a47,,False
1800,previous,4290,6090,profile_0057,high_frequency,0.46,7.212799999999964,7.21280000000016,energy_or_commitment_infeasible,w1800_previous_a48,,False
1800,previous,4290,6090,profile_0058,low_frequency,0.39,19.835199999999976,19.835200000000174,energy_or_commitment_infeasible,w1800_previous_a21,,True
1800,previous,4290,6090,profile_0059,piecewise,0.68,-38.34782608695655,-38.34782608695632,replayed_feasible,w1800_previous_a49,w1800_previous_a49,False
1800,previous,4290,6090,profile_0060,high_frequency,0.64,-29.826086956521767,-29.826086956521536,replayed_feasible,w1800_previous_a11,w1800_previous_a11,True
1800,previous,4290,6090,profile_0061,low_frequency,0.21,48.99999999999991,49.00000000000009,energy_or_commitment_infeasible,w1800_previous_a50,,False
1800,previous,4290,6090,profile_0062,piecewise,0.11,48.999999999999936,49.00000000000007,energy_or_commitment_infeasible,w1800_previous_a51,,False
1800,previous,4290,6090,profile_0063,high_frequency,0.5056780772202591,-1.209677320837853,-1.2096773208376215,energy_or_commitment_infeasible,w1800_previous_a52,,False
1860,previous,4230,6090,profile_0000,constant,0.05,48.99999999999994,49.000000000000064,energy_or_commitment_infeasible,w1860_previous_a1,,False
1860,previous,4230,6090,profile_0001,constant,0.15,48.999999999999915,49.00000000000008,energy_or_commitment_infeasible,w1860_previous_a2,,False
1860,previous,4230,6090,profile_0002,constant,0.25,45.07999999999998,45.08000000000017,energy_or_commitment_infeasible,w1860_previous_a3,,False
1860,previous,4230,6090,profile_0003,constant,0.35,27.04799999999998,27.048000000000176,energy_or_commitment_infeasible,w1860_previous_a4,,False
1860,previous,4230,6090,profile_0004,constant,0.45,9.015999999999972,9.016000000000167,energy_or_commitment_infeasible,w1860_previous_a5,,False
1860,previous,4230,6090,profile_0005,constant,0.55,-10.652173913043521,-10.65217391304329,energy_or_commitment_infeasible,w1860_previous_a6,,False
1860,previous,4230,6090,profile_0006,constant,0.65,-31.95652173913047,-31.95652173913024,replayed_feasible,w1860_previous_a7,w1860_previous_a7,False
1860,previous,4230,6090,profile_0007,constant,0.75,-49.00000000000011,-48.99999999999989,replayed_feasible,w1860_previous_a8,w1860_previous_a8,False
1860,previous,4230,6090,profile_0008,constant,0.85,-49.00000000000007,-48.999999999999915,replayed_feasible,w1860_previous_a9,w1860_previous_a9,False
1860,previous,4230,6090,profile_0009,constant,0.95,-49.00000000000005,-48.999999999999936,replayed_feasible,w1860_previous_a10,w1860_previous_a10,False
1860,previous,4230,6090,profile_0010,ramp,0.64,-29.826086956521767,-29.826086956521536,replayed_feasible,w1860_previous_a11,w1860_previous_a11,False
1860,previous,4230,6090,profile_0011,ramp,0.36,25.244799999999973,25.24480000000017,energy_or_commitment_infeasible,w1860_previous_a12,,False
1860,previous,4230,6090,profile_0012,ramp,0.59,-19.17391304347829,-19.17391304347806,energy_or_commitment_infeasible,w1860_previous_a13,,False
1860,previous,4230,6090,profile_0013,ramp,0.41,16.228799999999975,16.22880000000017,energy_or_commitment_infeasible,w1860_previous_a14,,False
1860,previous,4230,6090,profile_0014,ramp,0.55,-10.652173913043521,-10.65217391304329,energy_or_commitment_infeasible,w1860_previous_a6,,True
1860,previous,4230,6090,profile_0015,ramp,0.45,9.015999999999972,9.016000000000167,energy_or_commitment_infeasible,w1860_previous_a5,,True
1860,previous,4230,6090,profile_0016,low_frequency,0.36,25.244799999999973,25.24480000000017,energy_or_commitment_infeasible,w1860_previous_a12,,True
1860,previous,4230,6090,profile_0017,piecewise,0.3,36.06399999999998,36.06400000000018,energy_or_commitment_infeasible,w1860_previous_a15,,False
1860,previous,4230,6090,profile_0018,high_frequency,0.62,-25.565217391304373,-25.56521739130414,energy_or_commitment_infeasible,w1860_previous_a16,,False
1860,previous,4230,6090,profile_0019,low_frequency,0.29,37.867199999999976,37.867200000000174,energy_or_commitment_infeasible,w1860_previous_a17,,False
1860,previous,4230,6090,profile_0020,piecewise,0.53,-6.391304347826128,-6.391304347825896,energy_or_commitment_infeasible,w1860_previous_a18,,False
1860,previous,4230,6090,profile_0021,high_frequency,0.75,-49.00000000000011,-48.99999999999989,replayed_feasible,w1860_previous_a8,w1860_previous_a8,True
1860,previous,4230,6090,profile_0022,low_frequency,0.47,5.409599999999983,5.409600000000179,energy_or_commitment_infeasible,w1860_previous_a19,,False
1860,previous,4230,6090,profile_0023,piecewise,0.9,-49.000000000000064,-48.99999999999993,replayed_feasible,w1860_previous_a20,w1860_previous_a20,False
1860,previous,4230,6090,profile_0024,high_frequency,0.39,19.835199999999976,19.835200000000174,energy_or_commitment_infeasible,w1860_previous_a21,,False
1860,previous,4230,6090,profile_0025,low_frequency,0.31,34.260799999999975,34.260800000000174,energy_or_commitment_infeasible,w1860_previous_a22,,False
1860,previous,4230,6090,profile_0026,piecewise,0.4,18.031999999999968,18.032000000000167,energy_or_commitment_infeasible,w1860_previous_a23,,False
1860,previous,4230,6090,profile_0027,high_frequency,0.5713561544405182,-15.201963337327824,-15.20196333732759,energy_or_commitment_infeasible,w1860_previous_a24,,False
1860,previous,4230,6090,profile_0028,low_frequency,0.66,-34.086956521739175,-34.08695652173894,replayed_feasible,w1860_previous_a25,w1860_previous_a25,False
1860,previous,4230,6090,profile_0029,piecewise,0.57,-14.913043478260883,-14.91304347826065,energy_or_commitment_infeasible,w1860_previous_a26,,False
1860,previous,4230,6090,profile_0030,high_frequency,0.44,10.819199999999979,10.819200000000174,energy_or_commitment_infeasible,w1860_previous_a27,,False
1860,previous,4230,6090,profile_0031,low_frequency,0.37,23.44159999999998,23.441600000000175,energy_or_commitment_infeasible,w1860_previous_a28,,False
1860,previous,4230,6090,profile_0032,piecewise,0.15,48.999999999999915,49.00000000000008,energy_or_commitment_infeasible,w1860_previous_a2,,True
1860,previous,4230,6090,profile_0033,high_frequency,0.26432192277974087,42.4974708843571,42.4974708843573,energy_or_commitment_infeasible,w1860_previous_a29,,False
1860,previous,4230,6090,profile_0034,low_frequency,0.47,5.409599999999983,5.409600000000179,energy_or_commitment_infeasible,w1860_previous_a19,,True
1860,previous,4230,6090,profile_0035,piecewise,0.89,-49.00000000000007,-48.999999999999936,replayed_feasible,w1860_previous_a30,w1860_previous_a30,False
1860,previous,4230,6090,profile_0036,high_frequency,0.61,-23.434782608695684,-23.434782608695453,energy_or_commitment_infeasible,w1860_previous_a31,,False
1860,previous,4230,6090,profile_0037,low_frequency,0.6756780772202592,-37.42706862518567,-37.42706862518544,replayed_feasible,w1860_previous_a32,w1860_previous_a32,False
1860,previous,4230,6090,profile_0038,piecewise,0.72,-46.86956521739134,-46.869565217391106,replayed_feasible,w1860_previous_a33,w1860_previous_a33,False
1860,previous,4230,6090,profile_0039,high_frequency,0.43567807722025914,11.59852911564284,11.598529115643037,energy_or_commitment_infeasible,w1860_previous_a34,,False
1860,previous,4230,6090,profile_0040,low_frequency,0.56,-12.78260869565221,-12.782608695651978,energy_or_commitment_infeasible,w1860_previous_a35,,False
1860,previous,4230,6090,profile_0041,piecewise,0.69,-40.478260869565226,-40.47826086956499,replayed_feasible,w1860_previous_a36,w1860_previous_a36,False
1860,previous,4230,6090,profile_0042,high_frequency,0.5886438455594817,-18.88499318441135,-18.88499318441112,energy_or_commitment_infeasible,w1860_previous_a37,,False
1860,previous,4230,6090,profile_0043,low_frequency,0.17,48.99999999999992,49.00000000000008,energy_or_commitment_infeasible,w1860_previous_a38,,False
1860,previous,4230,6090,profile_0044,piecewise,0.33,30.65439999999997,30.654400000000166,energy_or_commitment_infeasible,w1860_previous_a39,,False
1860,previous,4230,6090,profile_0045,high_frequency,0.3570342316607774,25.77958734692859,25.779587346928786,energy_or_commitment_infeasible,w1860_previous_a40,,False
1860,previous,4230,6090,profile_0046,low_frequency,0.71,-44.73913043478263,-44.7391304347824,replayed_feasible,w1860_previous_a41,w1860_previous_a41,False
1860,previous,4230,6090,profile_0047,piecewise,0.31,34.260799999999975,34.260800000000174,energy_or_commitment_infeasible,w1860_previous_a22,,True
1860,previous,4230,6090,profile_0048,high_frequency,0.3343219227797409,29.875070884357093,29.87507088435729,energy_or_commitment_infeasible,w1860_previous_a42,,False
1860,previous,4230,6090,profile_0049,low_frequency,0.73,-49.000000000000014,-48.99999999999978,replayed_feasible,w1860_previous_a43,w1860_previous_a43,False
1860,previous,4230,6090,profile_0050,piecewise,0.75,-49.00000000000011,-48.99999999999989,replayed_feasible,w1860_previous_a8,w1860_previous_a8,True
1860,previous,4230,6090,profile_0051,high_frequency,0.45,9.015999999999972,9.016000000000167,energy_or_commitment_infeasible,w1860_previous_a5,,True
1860,previous,4230,6090,profile_0052,low_frequency,0.83,-49.00000000000008,-48.999999999999915,replayed_feasible,w1860_previous_a44,w1860_previous_a44,False
1860,previous,4230,6090,profile_0053,piecewise,0.61,-23.434782608695684,-23.434782608695453,energy_or_commitment_infeasible,w1860_previous_a31,,True
1860,previous,4230,6090,profile_0054,high_frequency,0.28,39.67039999999997,39.67040000000017,energy_or_commitment_infeasible,w1860_previous_a45,,False
1860,previous,4230,6090,profile_0055,low_frequency,0.38,21.638399999999972,21.638400000000168,energy_or_commitment_infeasible,w1860_previous_a46,,False
1860,previous,4230,6090,profile_0056,piecewise,0.19,48.999999999999915,49.000000000000085,energy_or_commitment_infeasible,w1860_previous_a47,,False
1860,previous,4230,6090,profile_0057,high_frequency,0.46,7.212799999999964,7.21280000000016,energy_or_commitment_infeasible,w1860_previous_a48,,False
1860,previous,4230,6090,profile_0058,low_frequency,0.39,19.835199999999976,19.835200000000174,energy_or_commitment_infeasible,w1860_previous_a21,,True
1860,previous,4230,6090,profile_0059,piecewise,0.68,-38.34782608695655,-38.34782608695632,replayed_feasible,w1860_previous_a49,w1860_previous_a49,False
1860,previous,4230,6090,profile_0060,high_frequency,0.64,-29.826086956521767,-29.826086956521536,replayed_feasible,w1860_previous_a11,w1860_previous_a11,True
1860,previous,4230,6090,profile_0061,low_frequency,0.21,48.99999999999991,49.00000000000009,energy_or_commitment_infeasible,w1860_previous_a50,,False
1860,previous,4230,6090,profile_0062,piecewise,0.11,48.999999999999936,49.00000000000007,energy_or_commitment_infeasible,w1860_previous_a51,,False
1860,previous,4230,6090,profile_0063,high_frequency,0.5056780772202591,-1.209677320837853,-1.2096773208376215,energy_or_commitment_infeasible,w1860_previous_a52,,False
1920,previous,4170,6090,profile_0000,constant,0.05,48.99999999999994,49.000000000000064,energy_or_commitment_infeasible,w1920_previous_a1,,False
1920,previous,4170,6090,profile_0001,constant,0.15,48.999999999999915,49.00000000000008,energy_or_commitment_infeasible,w1920_previous_a2,,False
1920,previous,4170,6090,profile_0002,constant,0.25,45.07999999999998,45.08000000000017,energy_or_commitment_infeasible,w1920_previous_a3,,False
1920,previous,4170,6090,profile_0003,constant,0.35,27.04799999999998,27.048000000000176,energy_or_commitment_infeasible,w1920_previous_a4,,False
1920,previous,4170,6090,profile_0004,constant,0.45,9.015999999999972,9.016000000000167,energy_or_commitment_infeasible,w1920_previous_a5,,False
1920,previous,4170,6090,profile_0005,constant,0.55,-10.652173913043521,-10.65217391304329,energy_or_commitment_infeasible,w1920_previous_a6,,False
1920,previous,4170,6090,profile_0006,constant,0.65,-31.95652173913047,-31.95652173913024,replayed_feasible,w1920_previous_a7,w1920_previous_a7,False
1920,previous,4170,6090,profile_0007,constant,0.75,-49.00000000000011,-48.99999999999989,replayed_feasible,w1920_previous_a8,w1920_previous_a8,False
1920,previous,4170,6090,profile_0008,constant,0.85,-49.00000000000007,-48.999999999999915,replayed_feasible,w1920_previous_a9,w1920_previous_a9,False
1920,previous,4170,6090,profile_0009,constant,0.95,-49.00000000000005,-48.999999999999936,replayed_feasible,w1920_previous_a10,w1920_previous_a10,False
1920,previous,4170,6090,profile_0010,ramp,0.64,-29.826086956521767,-29.826086956521536,replayed_feasible,w1920_previous_a11,w1920_previous_a11,False
1920,previous,4170,6090,profile_0011,ramp,0.36,25.244799999999973,25.24480000000017,energy_or_commitment_infeasible,w1920_previous_a12,,False
1920,previous,4170,6090,profile_0012,ramp,0.59,-19.17391304347829,-19.17391304347806,energy_or_commitment_infeasible,w1920_previous_a13,,False
1920,previous,4170,6090,profile_0013,ramp,0.41,16.228799999999975,16.22880000000017,energy_or_commitment_infeasible,w1920_previous_a14,,False
1920,previous,4170,6090,profile_0014,ramp,0.55,-10.652173913043521,-10.65217391304329,energy_or_commitment_infeasible,w1920_previous_a6,,True
1920,previous,4170,6090,profile_0015,ramp,0.45,9.015999999999972,9.016000000000167,energy_or_commitment_infeasible,w1920_previous_a5,,True
1920,previous,4170,6090,profile_0016,low_frequency,0.36,25.244799999999973,25.24480000000017,energy_or_commitment_infeasible,w1920_previous_a12,,True
1920,previous,4170,6090,profile_0017,piecewise,0.3,36.06399999999998,36.06400000000018,energy_or_commitment_infeasible,w1920_previous_a15,,False
1920,previous,4170,6090,profile_0018,high_frequency,0.62,-25.565217391304373,-25.56521739130414,energy_or_commitment_infeasible,w1920_previous_a16,,False
1920,previous,4170,6090,profile_0019,low_frequency,0.29,37.867199999999976,37.867200000000174,energy_or_commitment_infeasible,w1920_previous_a17,,False
1920,previous,4170,6090,profile_0020,piecewise,0.53,-6.391304347826128,-6.391304347825896,energy_or_commitment_infeasible,w1920_previous_a18,,False
1920,previous,4170,6090,profile_0021,high_frequency,0.75,-49.00000000000011,-48.99999999999989,replayed_feasible,w1920_previous_a8,w1920_previous_a8,True
1920,previous,4170,6090,profile_0022,low_frequency,0.47,5.409599999999983,5.409600000000179,energy_or_commitment_infeasible,w1920_previous_a19,,False
1920,previous,4170,6090,profile_0023,piecewise,0.9,-49.000000000000064,-48.99999999999993,replayed_feasible,w1920_previous_a20,w1920_previous_a20,False
1920,previous,4170,6090,profile_0024,high_frequency,0.39,19.835199999999976,19.835200000000174,energy_or_commitment_infeasible,w1920_previous_a21,,False
1920,previous,4170,6090,profile_0025,low_frequency,0.31,34.260799999999975,34.260800000000174,energy_or_commitment_infeasible,w1920_previous_a22,,False
1920,previous,4170,6090,profile_0026,piecewise,0.4,18.031999999999968,18.032000000000167,energy_or_commitment_infeasible,w1920_previous_a23,,False
1920,previous,4170,6090,profile_0027,high_frequency,0.5713561544405182,-15.201963337327824,-15.20196333732759,energy_or_commitment_infeasible,w1920_previous_a24,,False
1920,previous,4170,6090,profile_0028,low_frequency,0.66,-34.086956521739175,-34.08695652173894,replayed_feasible,w1920_previous_a25,w1920_previous_a25,False
1920,previous,4170,6090,profile_0029,piecewise,0.57,-14.913043478260883,-14.91304347826065,energy_or_commitment_infeasible,w1920_previous_a26,,False
1920,previous,4170,6090,profile_0030,high_frequency,0.44,10.819199999999979,10.819200000000174,energy_or_commitment_infeasible,w1920_previous_a27,,False
1920,previous,4170,6090,profile_0031,low_frequency,0.37,23.44159999999998,23.441600000000175,energy_or_commitment_infeasible,w1920_previous_a28,,False
1920,previous,4170,6090,profile_0032,piecewise,0.15,48.999999999999915,49.00000000000008,energy_or_commitment_infeasible,w1920_previous_a2,,True
1920,previous,4170,6090,profile_0033,high_frequency,0.26432192277974087,42.4974708843571,42.4974708843573,energy_or_commitment_infeasible,w1920_previous_a29,,False
1920,previous,4170,6090,profile_0034,low_frequency,0.47,5.409599999999983,5.409600000000179,energy_or_commitment_infeasible,w1920_previous_a19,,True
1920,previous,4170,6090,profile_0035,piecewise,0.89,-49.00000000000007,-48.999999999999936,replayed_feasible,w1920_previous_a30,w1920_previous_a30,False
1920,previous,4170,6090,profile_0036,high_frequency,0.61,-23.434782608695684,-23.434782608695453,energy_or_commitment_infeasible,w1920_previous_a31,,False
1920,previous,4170,6090,profile_0037,low_frequency,0.6756780772202592,-37.42706862518567,-37.42706862518544,replayed_feasible,w1920_previous_a32,w1920_previous_a32,False
1920,previous,4170,6090,profile_0038,piecewise,0.72,-46.86956521739134,-46.869565217391106,replayed_feasible,w1920_previous_a33,w1920_previous_a33,False
1920,previous,4170,6090,profile_0039,high_frequency,0.43567807722025914,11.59852911564284,11.598529115643037,energy_or_commitment_infeasible,w1920_previous_a34,,False
1920,previous,4170,6090,profile_0040,low_frequency,0.56,-12.78260869565221,-12.782608695651978,energy_or_commitment_infeasible,w1920_previous_a35,,False
1920,previous,4170,6090,profile_0041,piecewise,0.69,-40.478260869565226,-40.47826086956499,replayed_feasible,w1920_previous_a36,w1920_previous_a36,False
1920,previous,4170,6090,profile_0042,high_frequency,0.5886438455594817,-18.88499318441135,-18.88499318441112,energy_or_commitment_infeasible,w1920_previous_a37,,False
1920,previous,4170,6090,profile_0043,low_frequency,0.17,48.99999999999992,49.00000000000008,energy_or_commitment_infeasible,w1920_previous_a38,,False
1920,previous,4170,6090,profile_0044,piecewise,0.33,30.65439999999997,30.654400000000166,energy_or_commitment_infeasible,w1920_previous_a39,,False
1920,previous,4170,6090,profile_0045,high_frequency,0.3570342316607774,25.77958734692859,25.779587346928786,energy_or_commitment_infeasible,w1920_previous_a40,,False
1920,previous,4170,6090,profile_0046,low_frequency,0.71,-44.73913043478263,-44.7391304347824,replayed_feasible,w1920_previous_a41,w1920_previous_a41,False
1920,previous,4170,6090,profile_0047,piecewise,0.31,34.260799999999975,34.260800000000174,energy_or_commitment_infeasible,w1920_previous_a22,,True
1920,previous,4170,6090,profile_0048,high_frequency,0.3343219227797409,29.875070884357093,29.87507088435729,energy_or_commitment_infeasible,w1920_previous_a42,,False
1920,previous,4170,6090,profile_0049,low_frequency,0.73,-49.000000000000014,-48.99999999999978,replayed_feasible,w1920_previous_a43,w1920_previous_a43,False
1920,previous,4170,6090,profile_0050,piecewise,0.75,-49.00000000000011,-48.99999999999989,replayed_feasible,w1920_previous_a8,w1920_previous_a8,True
1920,previous,4170,6090,profile_0051,high_frequency,0.45,9.015999999999972,9.016000000000167,energy_or_commitment_infeasible,w1920_previous_a5,,True
1920,previous,4170,6090,profile_0052,low_frequency,0.83,-49.00000000000008,-48.999999999999915,replayed_feasible,w1920_previous_a44,w1920_previous_a44,False
1920,previous,4170,6090,profile_0053,piecewise,0.61,-23.434782608695684,-23.434782608695453,energy_or_commitment_infeasible,w1920_previous_a31,,True
1920,previous,4170,6090,profile_0054,high_frequency,0.28,39.67039999999997,39.67040000000017,energy_or_commitment_infeasible,w1920_previous_a45,,False
1920,previous,4170,6090,profile_0055,low_frequency,0.38,21.638399999999972,21.638400000000168,energy_or_commitment_infeasible,w1920_previous_a46,,False
1920,previous,4170,6090,profile_0056,piecewise,0.19,48.999999999999915,49.000000000000085,energy_or_commitment_infeasible,w1920_previous_a47,,False
1920,previous,4170,6090,profile_0057,high_frequency,0.46,7.212799999999964,7.21280000000016,energy_or_commitment_infeasible,w1920_previous_a48,,False
1920,previous,4170,6090,profile_0058,low_frequency,0.39,19.835199999999976,19.835200000000174,energy_or_commitment_infeasible,w1920_previous_a21,,True
1920,previous,4170,6090,profile_0059,piecewise,0.68,-38.34782608695655,-38.34782608695632,replayed_feasible,w1920_previous_a49,w1920_previous_a49,False
1920,previous,4170,6090,profile_0060,high_frequency,0.64,-29.826086956521767,-29.826086956521536,replayed_feasible,w1920_previous_a11,w1920_previous_a11,True
1920,previous,4170,6090,profile_0061,low_frequency,0.21,48.99999999999991,49.00000000000009,energy_or_commitment_infeasible,w1920_previous_a50,,False
1920,previous,4170,6090,profile_0062,piecewise,0.11,48.999999999999936,49.00000000000007,energy_or_commitment_infeasible,w1920_previous_a51,,False
1920,previous,4170,6090,profile_0063,high_frequency,0.5056780772202591,-1.209677320837853,-1.2096773208376215,energy_or_commitment_infeasible,w1920_previous_a52,,False
1980,previous,4110,6090,profile_0000,constant,0.05,48.99999999999994,49.000000000000064,energy_or_commitment_infeasible,w1980_previous_a1,,False
1980,previous,4110,6090,profile_0001,constant,0.15,48.999999999999915,49.00000000000008,energy_or_commitment_infeasible,w1980_previous_a2,,False
1980,previous,4110,6090,profile_0002,constant,0.25,45.07999999999998,45.08000000000017,energy_or_commitment_infeasible,w1980_previous_a3,,False
1980,previous,4110,6090,profile_0003,constant,0.35,27.04799999999998,27.048000000000176,energy_or_commitment_infeasible,w1980_previous_a4,,False
1980,previous,4110,6090,profile_0004,constant,0.45,9.015999999999972,9.016000000000167,energy_or_commitment_infeasible,w1980_previous_a5,,False
1980,previous,4110,6090,profile_0005,constant,0.55,-10.652173913043521,-10.65217391304329,energy_or_commitment_infeasible,w1980_previous_a6,,False
1980,previous,4110,6090,profile_0006,constant,0.65,-31.95652173913047,-31.95652173913024,replayed_feasible,w1980_previous_a7,w1980_previous_a7,False
1980,previous,4110,6090,profile_0007,constant,0.75,-49.00000000000011,-48.99999999999989,replayed_feasible,w1980_previous_a8,w1980_previous_a8,False
1980,previous,4110,6090,profile_0008,constant,0.85,-49.00000000000007,-48.999999999999915,replayed_feasible,w1980_previous_a9,w1980_previous_a9,False
1980,previous,4110,6090,profile_0009,constant,0.95,-49.00000000000005,-48.999999999999936,replayed_feasible,w1980_previous_a10,w1980_previous_a10,False
1980,previous,4110,6090,profile_0010,ramp,0.64,-29.826086956521767,-29.826086956521536,replayed_feasible,w1980_previous_a11,w1980_previous_a11,False
1980,previous,4110,6090,profile_0011,ramp,0.36,25.244799999999973,25.24480000000017,energy_or_commitment_infeasible,w1980_previous_a12,,False
1980,previous,4110,6090,profile_0012,ramp,0.59,-19.17391304347829,-19.17391304347806,energy_or_commitment_infeasible,w1980_previous_a13,,False
1980,previous,4110,6090,profile_0013,ramp,0.41,16.228799999999975,16.22880000000017,energy_or_commitment_infeasible,w1980_previous_a14,,False
1980,previous,4110,6090,profile_0014,ramp,0.55,-10.652173913043521,-10.65217391304329,energy_or_commitment_infeasible,w1980_previous_a6,,True
1980,previous,4110,6090,profile_0015,ramp,0.45,9.015999999999972,9.016000000000167,energy_or_commitment_infeasible,w1980_previous_a5,,True
1980,previous,4110,6090,profile_0016,low_frequency,0.36,25.244799999999973,25.24480000000017,energy_or_commitment_infeasible,w1980_previous_a12,,True
1980,previous,4110,6090,profile_0017,piecewise,0.3,36.06399999999998,36.06400000000018,energy_or_commitment_infeasible,w1980_previous_a15,,False
1980,previous,4110,6090,profile_0018,high_frequency,0.62,-25.565217391304373,-25.56521739130414,energy_or_commitment_infeasible,w1980_previous_a16,,False
1980,previous,4110,6090,profile_0019,low_frequency,0.29,37.867199999999976,37.867200000000174,energy_or_commitment_infeasible,w1980_previous_a17,,False
1980,previous,4110,6090,profile_0020,piecewise,0.53,-6.391304347826128,-6.391304347825896,energy_or_commitment_infeasible,w1980_previous_a18,,False
1980,previous,4110,6090,profile_0021,high_frequency,0.75,-49.00000000000011,-48.99999999999989,replayed_feasible,w1980_previous_a8,w1980_previous_a8,True
1980,previous,4110,6090,profile_0022,low_frequency,0.47,5.409599999999983,5.409600000000179,energy_or_commitment_infeasible,w1980_previous_a19,,False
1980,previous,4110,6090,profile_0023,piecewise,0.9,-49.000000000000064,-48.99999999999993,replayed_feasible,w1980_previous_a20,w1980_previous_a20,False
1980,previous,4110,6090,profile_0024,high_frequency,0.39,19.835199999999976,19.835200000000174,energy_or_commitment_infeasible,w1980_previous_a21,,False
1980,previous,4110,6090,profile_0025,low_frequency,0.31,34.260799999999975,34.260800000000174,energy_or_commitment_infeasible,w1980_previous_a22,,False
1980,previous,4110,6090,profile_0026,piecewise,0.4,18.031999999999968,18.032000000000167,energy_or_commitment_infeasible,w1980_previous_a23,,False
1980,previous,4110,6090,profile_0027,high_frequency,0.5713561544405182,-15.201963337327824,-15.20196333732759,energy_or_commitment_infeasible,w1980_previous_a24,,False
1980,previous,4110,6090,profile_0028,low_frequency,0.66,-34.086956521739175,-34.08695652173894,replayed_feasible,w1980_previous_a25,w1980_previous_a25,False
1980,previous,4110,6090,profile_0029,piecewise,0.57,-14.913043478260883,-14.91304347826065,energy_or_commitment_infeasible,w1980_previous_a26,,False
1980,previous,4110,6090,profile_0030,high_frequency,0.44,10.819199999999979,10.819200000000174,energy_or_commitment_infeasible,w1980_previous_a27,,False
1980,previous,4110,6090,profile_0031,low_frequency,0.37,23.44159999999998,23.441600000000175,energy_or_commitment_infeasible,w1980_previous_a28,,False
1980,previous,4110,6090,profile_0032,piecewise,0.15,48.999999999999915,49.00000000000008,energy_or_commitment_infeasible,w1980_previous_a2,,True
1980,previous,4110,6090,profile_0033,high_frequency,0.26432192277974087,42.4974708843571,42.4974708843573,energy_or_commitment_infeasible,w1980_previous_a29,,False
1980,previous,4110,6090,profile_0034,low_frequency,0.47,5.409599999999983,5.409600000000179,energy_or_commitment_infeasible,w1980_previous_a19,,True
1980,previous,4110,6090,profile_0035,piecewise,0.89,-49.00000000000007,-48.999999999999936,replayed_feasible,w1980_previous_a30,w1980_previous_a30,False
1980,previous,4110,6090,profile_0036,high_frequency,0.61,-23.434782608695684,-23.434782608695453,energy_or_commitment_infeasible,w1980_previous_a31,,False
1980,previous,4110,6090,profile_0037,low_frequency,0.6756780772202592,-37.42706862518567,-37.42706862518544,replayed_feasible,w1980_previous_a32,w1980_previous_a32,False
1980,previous,4110,6090,profile_0038,piecewise,0.72,-46.86956521739134,-46.869565217391106,replayed_feasible,w1980_previous_a33,w1980_previous_a33,False
1980,previous,4110,6090,profile_0039,high_frequency,0.43567807722025914,11.59852911564284,11.598529115643037,energy_or_commitment_infeasible,w1980_previous_a34,,False
1980,previous,4110,6090,profile_0040,low_frequency,0.56,-12.78260869565221,-12.782608695651978,energy_or_commitment_infeasible,w1980_previous_a35,,False
1980,previous,4110,6090,profile_0041,piecewise,0.69,-40.478260869565226,-40.47826086956499,replayed_feasible,w1980_previous_a36,w1980_previous_a36,False
1980,previous,4110,6090,profile_0042,high_frequency,0.5886438455594817,-18.88499318441135,-18.88499318441112,energy_or_commitment_infeasible,w1980_previous_a37,,False
1980,previous,4110,6090,profile_0043,low_frequency,0.17,48.99999999999992,49.00000000000008,energy_or_commitment_infeasible,w1980_previous_a38,,False
1980,previous,4110,6090,profile_0044,piecewise,0.33,30.65439999999997,30.654400000000166,energy_or_commitment_infeasible,w1980_previous_a39,,False
1980,previous,4110,6090,profile_0045,high_frequency,0.3570342316607774,25.77958734692859,25.779587346928786,energy_or_commitment_infeasible,w1980_previous_a40,,False
1980,previous,4110,6090,profile_0046,low_frequency,0.71,-44.73913043478263,-44.7391304347824,replayed_feasible,w1980_previous_a41,w1980_previous_a41,False
1980,previous,4110,6090,profile_0047,piecewise,0.31,34.260799999999975,34.260800000000174,energy_or_commitment_infeasible,w1980_previous_a22,,True
1980,previous,4110,6090,profile_0048,high_frequency,0.3343219227797409,29.875070884357093,29.87507088435729,energy_or_commitment_infeasible,w1980_previous_a42,,False
1980,previous,4110,6090,profile_0049,low_frequency,0.73,-49.000000000000014,-48.99999999999978,replayed_feasible,w1980_previous_a43,w1980_previous_a43,False
1980,previous,4110,6090,profile_0050,piecewise,0.75,-49.00000000000011,-48.99999999999989,replayed_feasible,w1980_previous_a8,w1980_previous_a8,True
1980,previous,4110,6090,profile_0051,high_frequency,0.45,9.015999999999972,9.016000000000167,energy_or_commitment_infeasible,w1980_previous_a5,,True
1980,previous,4110,6090,profile_0052,low_frequency,0.83,-49.00000000000008,-48.999999999999915,replayed_feasible,w1980_previous_a44,w1980_previous_a44,False
1980,previous,4110,6090,profile_0053,piecewise,0.61,-23.434782608695684,-23.434782608695453,energy_or_commitment_infeasible,w1980_previous_a31,,True
1980,previous,4110,6090,profile_0054,high_frequency,0.28,39.67039999999997,39.67040000000017,energy_or_commitment_infeasible,w1980_previous_a45,,False
1980,previous,4110,6090,profile_0055,low_frequency,0.38,21.638399999999972,21.638400000000168,energy_or_commitment_infeasible,w1980_previous_a46,,False
1980,previous,4110,6090,profile_0056,piecewise,0.19,48.999999999999915,49.000000000000085,energy_or_commitment_infeasible,w1980_previous_a47,,False
1980,previous,4110,6090,profile_0057,high_frequency,0.46,7.212799999999964,7.21280000000016,energy_or_commitment_infeasible,w1980_previous_a48,,False
1980,previous,4110,6090,profile_0058,low_frequency,0.39,19.835199999999976,19.835200000000174,energy_or_commitment_infeasible,w1980_previous_a21,,True
1980,previous,4110,6090,profile_0059,piecewise,0.68,-38.34782608695655,-38.34782608695632,replayed_feasible,w1980_previous_a49,w1980_previous_a49,False
1980,previous,4110,6090,profile_0060,high_frequency,0.64,-29.826086956521767,-29.826086956521536,replayed_feasible,w1980_previous_a11,w1980_previous_a11,True
1980,previous,4110,6090,profile_0061,low_frequency,0.21,48.99999999999991,49.00000000000009,energy_or_commitment_infeasible,w1980_previous_a50,,False
1980,previous,4110,6090,profile_0062,piecewise,0.11,48.999999999999936,49.00000000000007,energy_or_commitment_infeasible,w1980_previous_a51,,False
1980,previous,4110,6090,profile_0063,high_frequency,0.5056780772202591,-1.209677320837853,-1.2096773208376215,energy_or_commitment_infeasible,w1980_previous_a52,,False
2040,previous,4050,6090,profile_0000,constant,0.05,48.999999999999936,49.000000000000064,energy_or_commitment_infeasible,w2040_previous_a1,,False
2040,previous,4050,6090,profile_0001,constant,0.15,48.999999999999915,49.00000000000008,energy_or_commitment_infeasible,w2040_previous_a2,,False
2040,previous,4050,6090,profile_0002,constant,0.25,45.07999999999998,45.08000000000018,energy_or_commitment_infeasible,w2040_previous_a3,,False
2040,previous,4050,6090,profile_0003,constant,0.35,27.04799999999998,27.04800000000019,energy_or_commitment_infeasible,w2040_previous_a4,,False
2040,previous,4050,6090,profile_0004,constant,0.45,9.015999999999972,9.016000000000181,energy_or_commitment_infeasible,w2040_previous_a5,,False
2040,previous,4050,6090,profile_0005,constant,0.55,-10.652173913043521,-10.652173913043274,energy_or_commitment_infeasible,w2040_previous_a6,,False
2040,previous,4050,6090,profile_0006,constant,0.65,-31.95652173913047,-31.956521739130224,replayed_feasible,w2040_previous_a7,w2040_previous_a7,False
2040,previous,4050,6090,profile_0007,constant,0.75,-49.000000000000114,-48.999999999999886,replayed_feasible,w2040_previous_a8,w2040_previous_a8,False
2040,previous,4050,6090,profile_0008,constant,0.85,-49.000000000000085,-48.999999999999915,replayed_feasible,w2040_previous_a9,w2040_previous_a9,False
2040,previous,4050,6090,profile_0009,constant,0.95,-49.00000000000005,-48.99999999999993,replayed_feasible,w2040_previous_a10,w2040_previous_a10,False
2040,previous,4050,6090,profile_0010,ramp,0.64,-29.826086956521767,-29.826086956521518,replayed_feasible,w2040_previous_a11,w2040_previous_a11,False
2040,previous,4050,6090,profile_0011,ramp,0.36,25.244799999999973,25.244800000000183,energy_or_commitment_infeasible,w2040_previous_a12,,False
2040,previous,4050,6090,profile_0012,ramp,0.59,-19.17391304347829,-19.173913043478045,energy_or_commitment_infeasible,w2040_previous_a13,,False
2040,previous,4050,6090,profile_0013,ramp,0.41,16.228799999999975,16.228800000000184,energy_or_commitment_infeasible,w2040_previous_a14,,False
2040,previous,4050,6090,profile_0014,ramp,0.55,-10.652173913043521,-10.652173913043274,energy_or_commitment_infeasible,w2040_previous_a6,,True
2040,previous,4050,6090,profile_0015,ramp,0.45,9.015999999999972,9.016000000000181,energy_or_commitment_infeasible,w2040_previous_a5,,True
2040,previous,4050,6090,profile_0016,low_frequency,0.36,25.244799999999973,25.244800000000183,energy_or_commitment_infeasible,w2040_previous_a12,,True
2040,previous,4050,6090,profile_0017,piecewise,0.3,36.06399999999998,36.064000000000185,energy_or_commitment_infeasible,w2040_previous_a15,,False
2040,previous,4050,6090,profile_0018,high_frequency,0.62,-25.565217391304373,-25.565217391304127,energy_or_commitment_infeasible,w2040_previous_a16,,False
2040,previous,4050,6090,profile_0019,low_frequency,0.29,37.867199999999976,37.86720000000019,energy_or_commitment_infeasible,w2040_previous_a17,,False
2040,previous,4050,6090,profile_0020,piecewise,0.53,-6.391304347826128,-6.391304347825881,energy_or_commitment_infeasible,w2040_previous_a18,,False
2040,previous,4050,6090,profile_0021,high_frequency,0.75,-49.000000000000114,-48.999999999999886,replayed_feasible,w2040_previous_a8,w2040_previous_a8,True
2040,previous,4050,6090,profile_0022,low_frequency,0.47,5.409599999999983,5.409600000000192,energy_or_commitment_infeasible,w2040_previous_a19,,False
2040,previous,4050,6090,profile_0023,piecewise,0.9,-49.00000000000007,-48.99999999999993,replayed_feasible,w2040_previous_a20,w2040_previous_a20,False
2040,previous,4050,6090,profile_0024,high_frequency,0.39,19.835199999999976,19.835200000000185,energy_or_commitment_infeasible,w2040_previous_a21,,False
2040,previous,4050,6090,profile_0025,low_frequency,0.31,34.260799999999975,34.26080000000019,energy_or_commitment_infeasible,w2040_previous_a22,,False
2040,previous,4050,6090,profile_0026,piecewise,0.4,18.031999999999968,18.032000000000178,energy_or_commitment_infeasible,w2040_previous_a23,,False
2040,previous,4050,6090,profile_0027,high_frequency,0.5713561544405182,-15.201963337327824,-15.201963337327577,energy_or_commitment_infeasible,w2040_previous_a24,,False
2040,previous,4050,6090,profile_0028,low_frequency,0.66,-34.086956521739175,-34.08695652173893,replayed_feasible,w2040_previous_a25,w2040_previous_a25,False
2040,previous,4050,6090,profile_0029,piecewise,0.57,-14.913043478260883,-14.913043478260636,energy_or_commitment_infeasible,w2040_previous_a26,,False
2040,previous,4050,6090,profile_0030,high_frequency,0.44,10.819199999999979,10.819200000000189,energy_or_commitment_infeasible,w2040_previous_a27,,False
2040,previous,4050,6090,profile_0031,low_frequency,0.37,23.44159999999998,23.44160000000019,energy_or_commitment_infeasible,w2040_previous_a28,,False
2040,previous,4050,6090,profile_0032,piecewise,0.15,48.999999999999915,49.00000000000008,energy_or_commitment_infeasible,w2040_previous_a2,,True
2040,previous,4050,6090,profile_0033,high_frequency,0.26432192277974087,42.4974708843571,42.49747088435731,energy_or_commitment_infeasible,w2040_previous_a29,,False
2040,previous,4050,6090,profile_0034,low_frequency,0.47,5.409599999999983,5.409600000000192,energy_or_commitment_infeasible,w2040_previous_a19,,True
2040,previous,4050,6090,profile_0035,piecewise,0.89,-49.00000000000007,-48.99999999999993,replayed_feasible,w2040_previous_a20,w2040_previous_a20,True
2040,previous,4050,6090,profile_0036,high_frequency,0.61,-23.434782608695684,-23.434782608695436,energy_or_commitment_infeasible,w2040_previous_a30,,False
2040,previous,4050,6090,profile_0037,low_frequency,0.6756780772202592,-37.42706862518567,-37.42706862518542,replayed_feasible,w2040_previous_a31,w2040_previous_a31,False
2040,previous,4050,6090,profile_0038,piecewise,0.72,-46.86956521739134,-46.86956521739109,replayed_feasible,w2040_previous_a32,w2040_previous_a32,False
2040,previous,4050,6090,profile_0039,high_frequency,0.43567807722025914,11.59852911564284,11.59852911564305,energy_or_commitment_infeasible,w2040_previous_a33,,False
2040,previous,4050,6090,profile_0040,low_frequency,0.56,-12.78260869565221,-12.782608695651962,energy_or_commitment_infeasible,w2040_previous_a34,,False
2040,previous,4050,6090,profile_0041,piecewise,0.69,-40.478260869565226,-40.47826086956498,replayed_feasible,w2040_previous_a35,w2040_previous_a35,False
2040,previous,4050,6090,profile_0042,high_frequency,0.5886438455594817,-18.88499318441135,-18.884993184411105,energy_or_commitment_infeasible,w2040_previous_a36,,False
2040,previous,4050,6090,profile_0043,low_frequency,0.17,48.99999999999991,49.000000000000085,energy_or_commitment_infeasible,w2040_previous_a37,,False
2040,previous,4050,6090,profile_0044,piecewise,0.33,30.65439999999997,30.654400000000177,energy_or_commitment_infeasible,w2040_previous_a38,,False
2040,previous,4050,6090,profile_0045,high_frequency,0.3570342316607774,25.77958734692859,25.7795873469288,energy_or_commitment_infeasible,w2040_previous_a39,,False
2040,previous,4050,6090,profile_0046,low_frequency,0.71,-44.73913043478263,-44.73913043478239,replayed_feasible,w2040_previous_a40,w2040_previous_a40,False
2040,previous,4050,6090,profile_0047,piecewise,0.31,34.260799999999975,34.26080000000019,energy_or_commitment_infeasible,w2040_previous_a22,,True
2040,previous,4050,6090,profile_0048,high_frequency,0.3343219227797409,29.875070884357093,29.875070884357303,energy_or_commitment_infeasible,w2040_previous_a41,,False
2040,previous,4050,6090,profile_0049,low_frequency,0.73,-49.000000000000014,-48.999999999999766,replayed_feasible,w2040_previous_a42,w2040_previous_a42,False
2040,previous,4050,6090,profile_0050,piecewise,0.75,-49.000000000000114,-48.999999999999886,replayed_feasible,w2040_previous_a8,w2040_previous_a8,True
2040,previous,4050,6090,profile_0051,high_frequency,0.45,9.015999999999972,9.016000000000181,energy_or_commitment_infeasible,w2040_previous_a5,,True
2040,previous,4050,6090,profile_0052,low_frequency,0.83,-49.00000000000009,-48.99999999999991,replayed_feasible,w2040_previous_a43,w2040_previous_a43,False
2040,previous,4050,6090,profile_0053,piecewise,0.61,-23.434782608695684,-23.434782608695436,energy_or_commitment_infeasible,w2040_previous_a30,,True
2040,previous,4050,6090,profile_0054,high_frequency,0.28,39.67039999999997,39.670400000000186,energy_or_commitment_infeasible,w2040_previous_a44,,False
2040,previous,4050,6090,profile_0055,low_frequency,0.38,21.638399999999972,21.638400000000182,energy_or_commitment_infeasible,w2040_previous_a45,,False
2040,previous,4050,6090,profile_0056,piecewise,0.19,48.99999999999991,49.00000000000009,energy_or_commitment_infeasible,w2040_previous_a46,,False
2040,previous,4050,6090,profile_0057,high_frequency,0.46,7.212799999999964,7.212800000000174,energy_or_commitment_infeasible,w2040_previous_a47,,False
2040,previous,4050,6090,profile_0058,low_frequency,0.39,19.835199999999976,19.835200000000185,energy_or_commitment_infeasible,w2040_previous_a21,,True
2040,previous,4050,6090,profile_0059,piecewise,0.68,-38.34782608695655,-38.3478260869563,replayed_feasible,w2040_previous_a48,w2040_previous_a48,False
2040,previous,4050,6090,profile_0060,high_frequency,0.64,-29.826086956521767,-29.826086956521518,replayed_feasible,w2040_previous_a11,w2040_previous_a11,True
2040,previous,4050,6090,profile_0061,low_frequency,0.21,48.9999999999999,49.0000000000001,energy_or_commitment_infeasible,w2040_previous_a49,,False
2040,previous,4050,6090,profile_0062,piecewise,0.11,48.999999999999936,49.000000000000085,energy_or_commitment_infeasible,w2040_previous_a50,,False
2040,previous,4050,6090,profile_0063,high_frequency,0.5056780772202591,-1.209677320837853,-1.209677320837606,energy_or_commitment_infeasible,w2040_previous_a51,,False
2100,previous,3990,6090,profile_0000,constant,0.05,49.00000000000004,48.99999999999996,energy_or_commitment_infeasible,w2100_previous_a1,,False
2100,previous,3990,6090,profile_0001,constant,0.15,49.00000000000005,48.99999999999994,energy_or_commitment_infeasible,w2100_previous_a2,,False
2100,previous,3990,6090,profile_0002,constant,0.25,45.07999999999998,45.079999999999835,energy_or_commitment_infeasible,w2100_previous_a3,,False
2100,previous,3990,6090,profile_0003,constant,0.35,27.04799999999998,27.047999999999835,energy_or_commitment_infeasible,w2100_previous_a4,,False
2100,previous,3990,6090,profile_0004,constant,0.45,9.015999999999972,9.015999999999828,energy_or_commitment_infeasible,w2100_previous_a5,,False
2100,previous,3990,6090,profile_0005,constant,0.55,-10.652173913043521,-10.652173913043692,energy_or_commitment_infeasible,w2100_previous_a6,,False
2100,previous,3990,6090,profile_0006,constant,0.65,-31.95652173913047,-31.95652173913064,replayed_feasible,w2100_previous_a7,w2100_previous_a7,False
2100,previous,3990,6090,profile_0007,constant,0.75,-48.99999999999992,-49.00000000000008,replayed_feasible,w2100_previous_a8,w2100_previous_a8,False
2100,previous,3990,6090,profile_0008,constant,0.85,-48.99999999999994,-49.00000000000006,replayed_feasible,w2100_previous_a9,w2100_previous_a9,False
2100,previous,3990,6090,profile_0009,constant,0.95,-48.99999999999996,-49.00000000000004,replayed_feasible,w2100_previous_a10,w2100_previous_a10,False
2100,previous,3990,6090,profile_0010,ramp,0.64,-29.826086956521767,-29.826086956521937,replayed_feasible,w2100_previous_a11,w2100_previous_a11,False
2100,previous,3990,6090,profile_0011,ramp,0.36,25.244799999999973,25.244799999999827,energy_or_commitment_infeasible,w2100_previous_a12,,False
2100,previous,3990,6090,profile_0012,ramp,0.59,-19.17391304347829,-19.17391304347846,energy_or_commitment_infeasible,w2100_previous_a13,,False
2100,previous,3990,6090,profile_0013,ramp,0.41,16.228799999999975,16.228799999999833,energy_or_commitment_infeasible,w2100_previous_a14,,False
2100,previous,3990,6090,profile_0014,ramp,0.55,-10.652173913043521,-10.652173913043692,energy_or_commitment_infeasible,w2100_previous_a6,,True
2100,previous,3990,6090,profile_0015,ramp,0.45,9.015999999999972,9.015999999999828,energy_or_commitment_infeasible,w2100_previous_a5,,True
2100,previous,3990,6090,profile_0016,low_frequency,0.36,25.244799999999973,25.244799999999827,energy_or_commitment_infeasible,w2100_previous_a12,,True
2100,previous,3990,6090,profile_0017,piecewise,0.3,36.06399999999998,36.06399999999984,energy_or_commitment_infeasible,w2100_previous_a15,,False
2100,previous,3990,6090,profile_0018,high_frequency,0.62,-25.565217391304373,-25.565217391304543,energy_or_commitment_infeasible,w2100_previous_a16,,False
2100,previous,3990,6090,profile_0019,low_frequency,0.29,37.867199999999976,37.86719999999983,energy_or_commitment_infeasible,w2100_previous_a17,,False
2100,previous,3990,6090,profile_0020,piecewise,0.53,-6.391304347826128,-6.391304347826298,energy_or_commitment_infeasible,w2100_previous_a18,,False
2100,previous,3990,6090,profile_0021,high_frequency,0.75,-48.99999999999992,-49.00000000000008,replayed_feasible,w2100_previous_a8,w2100_previous_a8,True
2100,previous,3990,6090,profile_0022,low_frequency,0.47,5.409599999999983,5.409599999999839,energy_or_commitment_infeasible,w2100_previous_a19,,False
2100,previous,3990,6090,profile_0023,piecewise,0.9,-48.99999999999995,-49.00000000000004,replayed_feasible,w2100_previous_a20,w2100_previous_a20,False
2100,previous,3990,6090,profile_0024,high_frequency,0.39,19.835199999999976,19.835199999999833,energy_or_commitment_infeasible,w2100_previous_a21,,False
2100,previous,3990,6090,profile_0025,low_frequency,0.31,34.260799999999975,34.26079999999983,energy_or_commitment_infeasible,w2100_previous_a22,,False
2100,previous,3990,6090,profile_0026,piecewise,0.4,18.031999999999968,18.031999999999826,energy_or_commitment_infeasible,w2100_previous_a23,,False
2100,previous,3990,6090,profile_0027,high_frequency,0.5713561544405182,-15.201963337327824,-15.201963337327994,energy_or_commitment_infeasible,w2100_previous_a24,,False
2100,previous,3990,6090,profile_0028,low_frequency,0.66,-34.086956521739175,-34.086956521739346,replayed_feasible,w2100_previous_a25,w2100_previous_a25,False
2100,previous,3990,6090,profile_0029,piecewise,0.57,-14.913043478260883,-14.913043478261054,energy_or_commitment_infeasible,w2100_previous_a26,,False
2100,previous,3990,6090,profile_0030,high_frequency,0.44,10.819199999999979,10.819199999999835,energy_or_commitment_infeasible,w2100_previous_a27,,False
2100,previous,3990,6090,profile_0031,low_frequency,0.37,23.44159999999998,23.441599999999834,energy_or_commitment_infeasible,w2100_previous_a28,,False
2100,previous,3990,6090,profile_0032,piecewise,0.15,49.00000000000005,48.99999999999994,energy_or_commitment_infeasible,w2100_previous_a2,,True
2100,previous,3990,6090,profile_0033,high_frequency,0.26432192277974087,42.4974708843571,42.49747088435696,energy_or_commitment_infeasible,w2100_previous_a29,,False
2100,previous,3990,6090,profile_0034,low_frequency,0.47,5.409599999999983,5.409599999999839,energy_or_commitment_infeasible,w2100_previous_a19,,True
2100,previous,3990,6090,profile_0035,piecewise,0.89,-48.99999999999995,-49.00000000000005,replayed_feasible,w2100_previous_a30,w2100_previous_a30,False
2100,previous,3990,6090,profile_0036,high_frequency,0.61,-23.434782608695684,-23.434782608695855,energy_or_commitment_infeasible,w2100_previous_a31,,False
2100,previous,3990,6090,profile_0037,low_frequency,0.6756780772202592,-37.42706862518567,-37.42706862518584,replayed_feasible,w2100_previous_a32,w2100_previous_a32,False
2100,previous,3990,6090,profile_0038,piecewise,0.72,-46.86956521739134,-46.86956521739151,replayed_feasible,w2100_previous_a33,w2100_previous_a33,False
2100,previous,3990,6090,profile_0039,high_frequency,0.43567807722025914,11.59852911564284,11.598529115642696,energy_or_commitment_infeasible,w2100_previous_a34,,False
2100,previous,3990,6090,profile_0040,low_frequency,0.56,-12.78260869565221,-12.78260869565238,energy_or_commitment_infeasible,w2100_previous_a35,,False
2100,previous,3990,6090,profile_0041,piecewise,0.69,-40.478260869565226,-40.478260869565396,replayed_feasible,w2100_previous_a36,w2100_previous_a36,False
2100,previous,3990,6090,profile_0042,high_frequency,0.5886438455594817,-18.88499318441135,-18.88499318441152,energy_or_commitment_infeasible,w2100_previous_a37,,False
2100,previous,3990,6090,profile_0043,low_frequency,0.17,49.000000000000064,48.999999999999936,energy_or_commitment_infeasible,w2100_previous_a38,,False
2100,previous,3990,6090,profile_0044,piecewise,0.33,30.65439999999997,30.654399999999825,energy_or_commitment_infeasible,w2100_previous_a39,,False
2100,previous,3990,6090,profile_0045,high_frequency,0.3570342316607774,25.77958734692859,25.779587346928444,energy_or_commitment_infeasible,w2100_previous_a40,,False
2100,previous,3990,6090,profile_0046,low_frequency,0.71,-44.73913043478263,-44.7391304347828,replayed_feasible,w2100_previous_a41,w2100_previous_a41,False
2100,previous,3990,6090,profile_0047,piecewise,0.31,34.260799999999975,34.26079999999983,energy_or_commitment_infeasible,w2100_previous_a22,,True
2100,previous,3990,6090,profile_0048,high_frequency,0.3343219227797409,29.875070884357093,29.87507088435695,energy_or_commitment_infeasible,w2100_previous_a42,,False
2100,previous,3990,6090,profile_0049,low_frequency,0.73,-48.999999999999915,-49.000000000000085,replayed_feasible,w2100_previous_a43,w2100_previous_a43,False
2100,previous,3990,6090,profile_0050,piecewise,0.75,-48.99999999999992,-49.00000000000008,replayed_feasible,w2100_previous_a8,w2100_previous_a8,True
2100,previous,3990,6090,profile_0051,high_frequency,0.45,9.015999999999972,9.015999999999828,energy_or_commitment_infeasible,w2100_previous_a5,,True
2100,previous,3990,6090,profile_0052,low_frequency,0.83,-48.99999999999994,-49.00000000000005,replayed_feasible,w2100_previous_a44,w2100_previous_a44,False
2100,previous,3990,6090,profile_0053,piecewise,0.61,-23.434782608695684,-23.434782608695855,energy_or_commitment_infeasible,w2100_previous_a31,,True
2100,previous,3990,6090,profile_0054,high_frequency,0.28,39.67039999999997,39.67039999999983,energy_or_commitment_infeasible,w2100_previous_a45,,False
2100,previous,3990,6090,profile_0055,low_frequency,0.38,21.638399999999972,21.638399999999827,energy_or_commitment_infeasible,w2100_previous_a46,,False
2100,previous,3990,6090,profile_0056,piecewise,0.19,49.000000000000064,48.999999999999936,energy_or_commitment_infeasible,w2100_previous_a38,,True
2100,previous,3990,6090,profile_0057,high_frequency,0.46,7.212799999999964,7.21279999999982,energy_or_commitment_infeasible,w2100_previous_a47,,False
2100,previous,3990,6090,profile_0058,low_frequency,0.39,19.835199999999976,19.835199999999833,energy_or_commitment_infeasible,w2100_previous_a21,,True
2100,previous,3990,6090,profile_0059,piecewise,0.68,-38.34782608695655,-38.34782608695672,replayed_feasible,w2100_previous_a48,w2100_previous_a48,False
2100,previous,3990,6090,profile_0060,high_frequency,0.64,-29.826086956521767,-29.826086956521937,replayed_feasible,w2100_previous_a11,w2100_previous_a11,True
2100,previous,3990,6090,profile_0061,low_frequency,0.21,49.00000000000007,48.999999999999936,energy_or_commitment_infeasible,w2100_previous_a49,,False
2100,previous,3990,6090,profile_0062,piecewise,0.11,49.00000000000005,48.99999999999995,energy_or_commitment_infeasible,w2100_previous_a50,,False
2100,previous,3990,6090,profile_0063,high_frequency,0.5056780772202591,-1.209677320837853,-1.2096773208380232,energy_or_commitment_infeasible,w2100_previous_a51,,False
2160,previous,3930,6090,profile_0000,constant,0.05,49.000000000000036,48.99999999999996,energy_or_commitment_infeasible,w2160_previous_a1,,False
2160,previous,3930,6090,profile_0001,constant,0.15,49.00000000000005,48.99999999999994,energy_or_commitment_infeasible,w2160_previous_a2,,False
2160,previous,3930,6090,profile_0002,constant,0.25,45.07999999999998,45.07999999999984,energy_or_commitment_infeasible,w2160_previous_a3,,False
2160,previous,3930,6090,profile_0003,constant,0.35,27.04799999999998,27.04799999999985,energy_or_commitment_infeasible,w2160_previous_a4,,False
2160,previous,3930,6090,profile_0004,constant,0.45,9.015999999999972,9.01599999999984,energy_or_commitment_infeasible,w2160_previous_a5,,False
2160,previous,3930,6090,profile_0005,constant,0.55,-10.652173913043521,-10.652173913043676,energy_or_commitment_infeasible,w2160_previous_a6,,False
2160,previous,3930,6090,profile_0006,constant,0.65,-31.95652173913047,-31.956521739130626,replayed_feasible,w2160_previous_a7,w2160_previous_a7,False
2160,previous,3930,6090,profile_0007,constant,0.75,-48.99999999999993,-49.00000000000007,replayed_feasible,w2160_previous_a8,w2160_previous_a8,False
2160,previous,3930,6090,profile_0008,constant,0.85,-48.99999999999994,-49.00000000000004,replayed_feasible,w2160_previous_a9,w2160_previous_a9,False
2160,previous,3930,6090,profile_0009,constant,0.95,-48.99999999999996,-49.000000000000036,replayed_feasible,w2160_previous_a10,w2160_previous_a10,False
2160,previous,3930,6090,profile_0010,ramp,0.64,-29.826086956521767,-29.82608695652192,replayed_feasible,w2160_previous_a11,w2160_previous_a11,False
2160,previous,3930,6090,profile_0011,ramp,0.36,25.244799999999973,25.24479999999984,energy_or_commitment_infeasible,w2160_previous_a12,,False
2160,previous,3930,6090,profile_0012,ramp,0.59,-19.17391304347829,-19.173913043478446,energy_or_commitment_infeasible,w2160_previous_a13,,False
2160,previous,3930,6090,profile_0013,ramp,0.41,16.228799999999975,16.228799999999843,energy_or_commitment_infeasible,w2160_previous_a14,,False
2160,previous,3930,6090,profile_0014,ramp,0.55,-10.652173913043521,-10.652173913043676,energy_or_commitment_infeasible,w2160_previous_a6,,True
2160,previous,3930,6090,profile_0015,ramp,0.45,9.015999999999972,9.01599999999984,energy_or_commitment_infeasible,w2160_previous_a5,,True
2160,previous,3930,6090,profile_0016,low_frequency,0.36,25.244799999999973,25.24479999999984,energy_or_commitment_infeasible,w2160_previous_a12,,True
2160,previous,3930,6090,profile_0017,piecewise,0.3,36.06399999999998,36.06399999999985,energy_or_commitment_infeasible,w2160_previous_a15,,False
2160,previous,3930,6090,profile_0018,high_frequency,0.62,-25.565217391304373,-25.56521739130453,energy_or_commitment_infeasible,w2160_previous_a16,,False
2160,previous,3930,6090,profile_0019,low_frequency,0.29,37.867199999999976,37.86719999999985,energy_or_commitment_infeasible,w2160_previous_a17,,False
2160,previous,3930,6090,profile_0020,piecewise,0.53,-6.391304347826128,-6.391304347826282,energy_or_commitment_infeasible,w2160_previous_a18,,False
2160,previous,3930,6090,profile_0021,high_frequency,0.75,-48.99999999999993,-49.00000000000007,replayed_feasible,w2160_previous_a8,w2160_previous_a8,True
2160,previous,3930,6090,profile_0022,low_frequency,0.47,5.409599999999983,5.409599999999852,energy_or_commitment_infeasible,w2160_previous_a19,,False
2160,previous,3930,6090,profile_0023,piecewise,0.9,-48.99999999999996,-49.00000000000005,replayed_feasible,w2160_previous_a20,w2160_previous_a20,False
2160,previous,3930,6090,profile_0024,high_frequency,0.39,19.835199999999976,19.835199999999848,energy_or_commitment_infeasible,w2160_previous_a21,,False
2160,previous,3930,6090,profile_0025,low_frequency,0.31,34.260799999999975,34.26079999999985,energy_or_commitment_infeasible,w2160_previous_a22,,False
2160,previous,3930,6090,profile_0026,piecewise,0.4,18.031999999999968,18.03199999999984,energy_or_commitment_infeasible,w2160_previous_a23,,False
2160,previous,3930,6090,profile_0027,high_frequency,0.5713561544405182,-15.201963337327824,-15.201963337327978,energy_or_commitment_infeasible,w2160_previous_a24,,False
2160,previous,3930,6090,profile_0028,low_frequency,0.66,-34.086956521739175,-34.08695652173933,replayed_feasible,w2160_previous_a25,w2160_previous_a25,False
2160,previous,3930,6090,profile_0029,piecewise,0.57,-14.913043478260883,-14.913043478261038,energy_or_commitment_infeasible,w2160_previous_a26,,False
2160,previous,3930,6090,profile_0030,high_frequency,0.44,10.819199999999979,10.819199999999848,energy_or_commitment_infeasible,w2160_previous_a27,,False
2160,previous,3930,6090,profile_0031,low_frequency,0.37,23.44159999999998,23.44159999999985,energy_or_commitment_infeasible,w2160_previous_a28,,False
2160,previous,3930,6090,profile_0032,piecewise,0.15,49.00000000000005,48.99999999999994,energy_or_commitment_infeasible,w2160_previous_a2,,True
2160,previous,3930,6090,profile_0033,high_frequency,0.26432192277974087,42.4974708843571,42.49747088435697,energy_or_commitment_infeasible,w2160_previous_a29,,False
2160,previous,3930,6090,profile_0034,low_frequency,0.47,5.409599999999983,5.409599999999852,energy_or_commitment_infeasible,w2160_previous_a19,,True
2160,previous,3930,6090,profile_0035,piecewise,0.89,-48.99999999999995,-49.00000000000004,replayed_feasible,w2160_previous_a30,w2160_previous_a30,False
2160,previous,3930,6090,profile_0036,high_frequency,0.61,-23.434782608695684,-23.43478260869584,energy_or_commitment_infeasible,w2160_previous_a31,,False
2160,previous,3930,6090,profile_0037,low_frequency,0.6756780772202592,-37.42706862518567,-37.427068625185825,replayed_feasible,w2160_previous_a32,w2160_previous_a32,False
2160,previous,3930,6090,profile_0038,piecewise,0.72,-46.86956521739134,-46.86956521739149,replayed_feasible,w2160_previous_a33,w2160_previous_a33,False
2160,previous,3930,6090,profile_0039,high_frequency,0.43567807722025914,11.59852911564284,11.59852911564271,energy_or_commitment_infeasible,w2160_previous_a34,,False
2160,previous,3930,6090,profile_0040,low_frequency,0.56,-12.78260869565221,-12.782608695652364,energy_or_commitment_infeasible,w2160_previous_a35,,False
2160,previous,3930,6090,profile_0041,piecewise,0.69,-40.478260869565226,-40.47826086956538,replayed_feasible,w2160_previous_a36,w2160_previous_a36,False
2160,previous,3930,6090,profile_0042,high_frequency,0.5886438455594817,-18.88499318441135,-18.884993184411506,energy_or_commitment_infeasible,w2160_previous_a37,,False
2160,previous,3930,6090,profile_0043,low_frequency,0.17,49.00000000000006,48.99999999999995,energy_or_commitment_infeasible,w2160_previous_a38,,False
2160,previous,3930,6090,profile_0044,piecewise,0.33,30.65439999999997,30.65439999999984,energy_or_commitment_infeasible,w2160_previous_a39,,False
2160,previous,3930,6090,profile_0045,high_frequency,0.3570342316607774,25.77958734692859,25.77958734692846,energy_or_commitment_infeasible,w2160_previous_a40,,False
2160,previous,3930,6090,profile_0046,low_frequency,0.71,-44.73913043478263,-44.73913043478279,replayed_feasible,w2160_previous_a41,w2160_previous_a41,False
2160,previous,3930,6090,profile_0047,piecewise,0.31,34.260799999999975,34.26079999999985,energy_or_commitment_infeasible,w2160_previous_a22,,True
2160,previous,3930,6090,profile_0048,high_frequency,0.3343219227797409,29.875070884357093,29.875070884356962,energy_or_commitment_infeasible,w2160_previous_a42,,False
2160,previous,3930,6090,profile_0049,low_frequency,0.73,-48.99999999999993,-49.00000000000008,replayed_feasible,w2160_previous_a43,w2160_previous_a43,False
2160,previous,3930,6090,profile_0050,piecewise,0.75,-48.99999999999993,-49.00000000000007,replayed_feasible,w2160_previous_a8,w2160_previous_a8,True
2160,previous,3930,6090,profile_0051,high_frequency,0.45,9.015999999999972,9.01599999999984,energy_or_commitment_infeasible,w2160_previous_a5,,True
2160,previous,3930,6090,profile_0052,low_frequency,0.83,-48.99999999999995,-49.00000000000005,replayed_feasible,w2160_previous_a44,w2160_previous_a44,False
2160,previous,3930,6090,profile_0053,piecewise,0.61,-23.434782608695684,-23.43478260869584,energy_or_commitment_infeasible,w2160_previous_a31,,True
2160,previous,3930,6090,profile_0054,high_frequency,0.28,39.67039999999997,39.670399999999844,energy_or_commitment_infeasible,w2160_previous_a45,,False
2160,previous,3930,6090,profile_0055,low_frequency,0.38,21.638399999999972,21.63839999999984,energy_or_commitment_infeasible,w2160_previous_a46,,False
2160,previous,3930,6090,profile_0056,piecewise,0.19,49.00000000000006,48.99999999999994,energy_or_commitment_infeasible,w2160_previous_a47,,False
2160,previous,3930,6090,profile_0057,high_frequency,0.46,7.212799999999964,7.212799999999834,energy_or_commitment_infeasible,w2160_previous_a48,,False
2160,previous,3930,6090,profile_0058,low_frequency,0.39,19.835199999999976,19.835199999999848,energy_or_commitment_infeasible,w2160_previous_a21,,True
2160,previous,3930,6090,profile_0059,piecewise,0.68,-38.34782608695655,-38.34782608695671,replayed_feasible,w2160_previous_a49,w2160_previous_a49,False
2160,previous,3930,6090,profile_0060,high_frequency,0.64,-29.826086956521767,-29.82608695652192,replayed_feasible,w2160_previous_a11,w2160_previous_a11,True
2160,previous,3930,6090,profile_0061,low_frequency,0.21,49.000000000000064,48.99999999999994,energy_or_commitment_infeasible,w2160_previous_a50,,False
2160,previous,3930,6090,profile_0062,piecewise,0.11,49.00000000000005,48.999999999999964,energy_or_commitment_infeasible,w2160_previous_a51,,False
2160,previous,3930,6090,profile_0063,high_frequency,0.5056780772202591,-1.209677320837853,-1.2096773208380076,energy_or_commitment_infeasible,w2160_previous_a52,,False
2220,previous,3870,6090,profile_0000,constant,0.05,49.000000000000036,48.99999999999996,energy_or_commitment_infeasible,w2220_previous_a1,,False
2220,previous,3870,6090,profile_0001,constant,0.15,49.00000000000005,48.99999999999994,energy_or_commitment_infeasible,w2220_previous_a2,,False
2220,previous,3870,6090,profile_0002,constant,0.25,45.07999999999998,45.07999999999984,energy_or_commitment_infeasible,w2220_previous_a3,,False
2220,previous,3870,6090,profile_0003,constant,0.35,27.04799999999998,27.04799999999985,energy_or_commitment_infeasible,w2220_previous_a4,,False
2220,previous,3870,6090,profile_0004,constant,0.45,9.015999999999972,9.01599999999984,energy_or_commitment_infeasible,w2220_previous_a5,,False
2220,previous,3870,6090,profile_0005,constant,0.55,-10.652173913043521,-10.652173913043676,energy_or_commitment_infeasible,w2220_previous_a6,,False
2220,previous,3870,6090,profile_0006,constant,0.65,-31.95652173913047,-31.956521739130626,replayed_feasible,w2220_previous_a7,w2220_previous_a7,False
2220,previous,3870,6090,profile_0007,constant,0.75,-48.99999999999993,-49.00000000000007,replayed_feasible,w2220_previous_a8,w2220_previous_a8,False
2220,previous,3870,6090,profile_0008,constant,0.85,-48.99999999999994,-49.00000000000004,replayed_feasible,w2220_previous_a9,w2220_previous_a9,False
2220,previous,3870,6090,profile_0009,constant,0.95,-48.99999999999996,-49.000000000000036,replayed_feasible,w2220_previous_a10,w2220_previous_a10,False
2220,previous,3870,6090,profile_0010,ramp,0.64,-29.826086956521767,-29.82608695652192,replayed_feasible,w2220_previous_a11,w2220_previous_a11,False
2220,previous,3870,6090,profile_0011,ramp,0.36,25.244799999999973,25.24479999999984,energy_or_commitment_infeasible,w2220_previous_a12,,False
2220,previous,3870,6090,profile_0012,ramp,0.59,-19.17391304347829,-19.173913043478446,energy_or_commitment_infeasible,w2220_previous_a13,,False
2220,previous,3870,6090,profile_0013,ramp,0.41,16.228799999999975,16.228799999999843,energy_or_commitment_infeasible,w2220_previous_a14,,False
2220,previous,3870,6090,profile_0014,ramp,0.55,-10.652173913043521,-10.652173913043676,energy_or_commitment_infeasible,w2220_previous_a6,,True
2220,previous,3870,6090,profile_0015,ramp,0.45,9.015999999999972,9.01599999999984,energy_or_commitment_infeasible,w2220_previous_a5,,True
2220,previous,3870,6090,profile_0016,low_frequency,0.36,25.244799999999973,25.24479999999984,energy_or_commitment_infeasible,w2220_previous_a12,,True
2220,previous,3870,6090,profile_0017,piecewise,0.3,36.06399999999998,36.06399999999985,energy_or_commitment_infeasible,w2220_previous_a15,,False
2220,previous,3870,6090,profile_0018,high_frequency,0.62,-25.565217391304373,-25.56521739130453,energy_or_commitment_infeasible,w2220_previous_a16,,False
2220,previous,3870,6090,profile_0019,low_frequency,0.29,37.867199999999976,37.86719999999985,energy_or_commitment_infeasible,w2220_previous_a17,,False
2220,previous,3870,6090,profile_0020,piecewise,0.53,-6.391304347826128,-6.391304347826282,energy_or_commitment_infeasible,w2220_previous_a18,,False
2220,previous,3870,6090,profile_0021,high_frequency,0.75,-48.99999999999993,-49.00000000000007,replayed_feasible,w2220_previous_a8,w2220_previous_a8,True
2220,previous,3870,6090,profile_0022,low_frequency,0.47,5.409599999999983,5.409599999999852,energy_or_commitment_infeasible,w2220_previous_a19,,False
2220,previous,3870,6090,profile_0023,piecewise,0.9,-48.99999999999996,-49.00000000000005,replayed_feasible,w2220_previous_a20,w2220_previous_a20,False
2220,previous,3870,6090,profile_0024,high_frequency,0.39,19.835199999999976,19.835199999999848,energy_or_commitment_infeasible,w2220_previous_a21,,False
2220,previous,3870,6090,profile_0025,low_frequency,0.31,34.260799999999975,34.26079999999985,energy_or_commitment_infeasible,w2220_previous_a22,,False
2220,previous,3870,6090,profile_0026,piecewise,0.4,18.031999999999968,18.03199999999984,energy_or_commitment_infeasible,w2220_previous_a23,,False
2220,previous,3870,6090,profile_0027,high_frequency,0.5713561544405182,-15.201963337327824,-15.201963337327978,energy_or_commitment_infeasible,w2220_previous_a24,,False
2220,previous,3870,6090,profile_0028,low_frequency,0.66,-34.086956521739175,-34.08695652173933,replayed_feasible,w2220_previous_a25,w2220_previous_a25,False
2220,previous,3870,6090,profile_0029,piecewise,0.57,-14.913043478260883,-14.913043478261038,energy_or_commitment_infeasible,w2220_previous_a26,,False
2220,previous,3870,6090,profile_0030,high_frequency,0.44,10.819199999999979,10.819199999999848,energy_or_commitment_infeasible,w2220_previous_a27,,False
2220,previous,3870,6090,profile_0031,low_frequency,0.37,23.44159999999998,23.44159999999985,energy_or_commitment_infeasible,w2220_previous_a28,,False
2220,previous,3870,6090,profile_0032,piecewise,0.15,49.00000000000005,48.99999999999994,energy_or_commitment_infeasible,w2220_previous_a2,,True
2220,previous,3870,6090,profile_0033,high_frequency,0.26432192277974087,42.4974708843571,42.49747088435697,energy_or_commitment_infeasible,w2220_previous_a29,,False
2220,previous,3870,6090,profile_0034,low_frequency,0.47,5.409599999999983,5.409599999999852,energy_or_commitment_infeasible,w2220_previous_a19,,True
2220,previous,3870,6090,profile_0035,piecewise,0.89,-48.99999999999995,-49.00000000000004,replayed_feasible,w2220_previous_a30,w2220_previous_a30,False
2220,previous,3870,6090,profile_0036,high_frequency,0.61,-23.434782608695684,-23.43478260869584,energy_or_commitment_infeasible,w2220_previous_a31,,False
2220,previous,3870,6090,profile_0037,low_frequency,0.6756780772202592,-37.42706862518567,-37.427068625185825,replayed_feasible,w2220_previous_a32,w2220_previous_a32,False
2220,previous,3870,6090,profile_0038,piecewise,0.72,-46.86956521739134,-46.86956521739149,replayed_feasible,w2220_previous_a33,w2220_previous_a33,False
2220,previous,3870,6090,profile_0039,high_frequency,0.43567807722025914,11.59852911564284,11.59852911564271,energy_or_commitment_infeasible,w2220_previous_a34,,False
2220,previous,3870,6090,profile_0040,low_frequency,0.56,-12.78260869565221,-12.782608695652364,energy_or_commitment_infeasible,w2220_previous_a35,,False
2220,previous,3870,6090,profile_0041,piecewise,0.69,-40.478260869565226,-40.47826086956538,replayed_feasible,w2220_previous_a36,w2220_previous_a36,False
2220,previous,3870,6090,profile_0042,high_frequency,0.5886438455594817,-18.88499318441135,-18.884993184411506,energy_or_commitment_infeasible,w2220_previous_a37,,False
2220,previous,3870,6090,profile_0043,low_frequency,0.17,49.00000000000006,48.99999999999995,energy_or_commitment_infeasible,w2220_previous_a38,,False
2220,previous,3870,6090,profile_0044,piecewise,0.33,30.65439999999997,30.65439999999984,energy_or_commitment_infeasible,w2220_previous_a39,,False
2220,previous,3870,6090,profile_0045,high_frequency,0.3570342316607774,25.77958734692859,25.77958734692846,energy_or_commitment_infeasible,w2220_previous_a40,,False
2220,previous,3870,6090,profile_0046,low_frequency,0.71,-44.73913043478263,-44.73913043478279,replayed_feasible,w2220_previous_a41,w2220_previous_a41,False
2220,previous,3870,6090,profile_0047,piecewise,0.31,34.260799999999975,34.26079999999985,energy_or_commitment_infeasible,w2220_previous_a22,,True
2220,previous,3870,6090,profile_0048,high_frequency,0.3343219227797409,29.875070884357093,29.875070884356962,energy_or_commitment_infeasible,w2220_previous_a42,,False
2220,previous,3870,6090,profile_0049,low_frequency,0.73,-48.99999999999993,-49.00000000000008,replayed_feasible,w2220_previous_a43,w2220_previous_a43,False
2220,previous,3870,6090,profile_0050,piecewise,0.75,-48.99999999999993,-49.00000000000007,replayed_feasible,w2220_previous_a8,w2220_previous_a8,True
2220,previous,3870,6090,profile_0051,high_frequency,0.45,9.015999999999972,9.01599999999984,energy_or_commitment_infeasible,w2220_previous_a5,,True
2220,previous,3870,6090,profile_0052,low_frequency,0.83,-48.99999999999995,-49.00000000000005,replayed_feasible,w2220_previous_a44,w2220_previous_a44,False
2220,previous,3870,6090,profile_0053,piecewise,0.61,-23.434782608695684,-23.43478260869584,energy_or_commitment_infeasible,w2220_previous_a31,,True
2220,previous,3870,6090,profile_0054,high_frequency,0.28,39.67039999999997,39.670399999999844,energy_or_commitment_infeasible,w2220_previous_a45,,False
2220,previous,3870,6090,profile_0055,low_frequency,0.38,21.638399999999972,21.63839999999984,energy_or_commitment_infeasible,w2220_previous_a46,,False
2220,previous,3870,6090,profile_0056,piecewise,0.19,49.00000000000006,48.99999999999994,energy_or_commitment_infeasible,w2220_previous_a47,,False
2220,previous,3870,6090,profile_0057,high_frequency,0.46,7.212799999999964,7.212799999999834,energy_or_commitment_infeasible,w2220_previous_a48,,False
2220,previous,3870,6090,profile_0058,low_frequency,0.39,19.835199999999976,19.835199999999848,energy_or_commitment_infeasible,w2220_previous_a21,,True
2220,previous,3870,6090,profile_0059,piecewise,0.68,-38.34782608695655,-38.34782608695671,replayed_feasible,w2220_previous_a49,w2220_previous_a49,False
2220,previous,3870,6090,profile_0060,high_frequency,0.64,-29.826086956521767,-29.82608695652192,replayed_feasible,w2220_previous_a11,w2220_previous_a11,True
2220,previous,3870,6090,profile_0061,low_frequency,0.21,49.000000000000064,48.99999999999994,energy_or_commitment_infeasible,w2220_previous_a50,,False
2220,previous,3870,6090,profile_0062,piecewise,0.11,49.00000000000005,48.999999999999964,energy_or_commitment_infeasible,w2220_previous_a51,,False
2220,previous,3870,6090,profile_0063,high_frequency,0.5056780772202591,-1.209677320837853,-1.2096773208380076,energy_or_commitment_infeasible,w2220_previous_a52,,False
2280,previous,3810,6090,profile_0000,constant,0.05,49.00000000000004,48.99999999999996,energy_or_commitment_infeasible,w2280_previous_a1,,False
2280,previous,3810,6090,profile_0001,constant,0.15,49.00000000000005,48.99999999999994,energy_or_commitment_infeasible,w2280_previous_a2,,False
2280,previous,3810,6090,profile_0002,constant,0.25,45.07999999999998,45.079999999999835,energy_or_commitment_infeasible,w2280_previous_a3,,False
2280,previous,3810,6090,profile_0003,constant,0.35,27.04799999999998,27.047999999999835,energy_or_commitment_infeasible,w2280_previous_a4,,False
2280,previous,3810,6090,profile_0004,constant,0.45,9.015999999999972,9.015999999999828,energy_or_commitment_infeasible,w2280_previous_a5,,False
2280,previous,3810,6090,profile_0005,constant,0.55,-10.652173913043521,-10.652173913043692,energy_or_commitment_infeasible,w2280_previous_a6,,False
2280,previous,3810,6090,profile_0006,constant,0.65,-31.95652173913047,-31.95652173913064,replayed_feasible,w2280_previous_a7,w2280_previous_a7,False
2280,previous,3810,6090,profile_0007,constant,0.75,-48.99999999999992,-49.00000000000008,replayed_feasible,w2280_previous_a8,w2280_previous_a8,False
2280,previous,3810,6090,profile_0008,constant,0.85,-48.99999999999994,-49.00000000000006,replayed_feasible,w2280_previous_a9,w2280_previous_a9,False
2280,previous,3810,6090,profile_0009,constant,0.95,-48.99999999999996,-49.00000000000004,replayed_feasible,w2280_previous_a10,w2280_previous_a10,False
2280,previous,3810,6090,profile_0010,ramp,0.64,-29.826086956521767,-29.826086956521937,replayed_feasible,w2280_previous_a11,w2280_previous_a11,False
2280,previous,3810,6090,profile_0011,ramp,0.36,25.244799999999973,25.244799999999827,energy_or_commitment_infeasible,w2280_previous_a12,,False
2280,previous,3810,6090,profile_0012,ramp,0.59,-19.17391304347829,-19.17391304347846,energy_or_commitment_infeasible,w2280_previous_a13,,False
2280,previous,3810,6090,profile_0013,ramp,0.41,16.228799999999975,16.228799999999833,energy_or_commitment_infeasible,w2280_previous_a14,,False
2280,previous,3810,6090,profile_0014,ramp,0.55,-10.652173913043521,-10.652173913043692,energy_or_commitment_infeasible,w2280_previous_a6,,True
2280,previous,3810,6090,profile_0015,ramp,0.45,9.015999999999972,9.015999999999828,energy_or_commitment_infeasible,w2280_previous_a5,,True
2280,previous,3810,6090,profile_0016,low_frequency,0.36,25.244799999999973,25.244799999999827,energy_or_commitment_infeasible,w2280_previous_a12,,True
2280,previous,3810,6090,profile_0017,piecewise,0.3,36.06399999999998,36.06399999999984,energy_or_commitment_infeasible,w2280_previous_a15,,False
2280,previous,3810,6090,profile_0018,high_frequency,0.62,-25.565217391304373,-25.565217391304543,energy_or_commitment_infeasible,w2280_previous_a16,,False
2280,previous,3810,6090,profile_0019,low_frequency,0.29,37.867199999999976,37.86719999999983,energy_or_commitment_infeasible,w2280_previous_a17,,False
2280,previous,3810,6090,profile_0020,piecewise,0.53,-6.391304347826128,-6.391304347826298,energy_or_commitment_infeasible,w2280_previous_a18,,False
2280,previous,3810,6090,profile_0021,high_frequency,0.75,-48.99999999999992,-49.00000000000008,replayed_feasible,w2280_previous_a8,w2280_previous_a8,True
2280,previous,3810,6090,profile_0022,low_frequency,0.47,5.409599999999983,5.409599999999839,energy_or_commitment_infeasible,w2280_previous_a19,,False
2280,previous,3810,6090,profile_0023,piecewise,0.9,-48.99999999999995,-49.00000000000004,replayed_feasible,w2280_previous_a20,w2280_previous_a20,False
2280,previous,3810,6090,profile_0024,high_frequency,0.39,19.835199999999976,19.835199999999833,energy_or_commitment_infeasible,w2280_previous_a21,,False
2280,previous,3810,6090,profile_0025,low_frequency,0.31,34.260799999999975,34.26079999999983,energy_or_commitment_infeasible,w2280_previous_a22,,False
2280,previous,3810,6090,profile_0026,piecewise,0.4,18.031999999999968,18.031999999999826,energy_or_commitment_infeasible,w2280_previous_a23,,False
2280,previous,3810,6090,profile_0027,high_frequency,0.5713561544405182,-15.201963337327824,-15.201963337327994,energy_or_commitment_infeasible,w2280_previous_a24,,False
2280,previous,3810,6090,profile_0028,low_frequency,0.66,-34.086956521739175,-34.086956521739346,replayed_feasible,w2280_previous_a25,w2280_previous_a25,False
2280,previous,3810,6090,profile_0029,piecewise,0.57,-14.913043478260883,-14.913043478261054,energy_or_commitment_infeasible,w2280_previous_a26,,False
2280,previous,3810,6090,profile_0030,high_frequency,0.44,10.819199999999979,10.819199999999835,energy_or_commitment_infeasible,w2280_previous_a27,,False
2280,previous,3810,6090,profile_0031,low_frequency,0.37,23.44159999999998,23.441599999999834,energy_or_commitment_infeasible,w2280_previous_a28,,False
2280,previous,3810,6090,profile_0032,piecewise,0.15,49.00000000000005,48.99999999999994,energy_or_commitment_infeasible,w2280_previous_a2,,True
2280,previous,3810,6090,profile_0033,high_frequency,0.26432192277974087,42.4974708843571,42.49747088435696,energy_or_commitment_infeasible,w2280_previous_a29,,False
2280,previous,3810,6090,profile_0034,low_frequency,0.47,5.409599999999983,5.409599999999839,energy_or_commitment_infeasible,w2280_previous_a19,,True
2280,previous,3810,6090,profile_0035,piecewise,0.89,-48.99999999999995,-49.00000000000005,replayed_feasible,w2280_previous_a30,w2280_previous_a30,False
2280,previous,3810,6090,profile_0036,high_frequency,0.61,-23.434782608695684,-23.434782608695855,energy_or_commitment_infeasible,w2280_previous_a31,,False
2280,previous,3810,6090,profile_0037,low_frequency,0.6756780772202592,-37.42706862518567,-37.42706862518584,replayed_feasible,w2280_previous_a32,w2280_previous_a32,False
2280,previous,3810,6090,profile_0038,piecewise,0.72,-46.86956521739134,-46.86956521739151,replayed_feasible,w2280_previous_a33,w2280_previous_a33,False
2280,previous,3810,6090,profile_0039,high_frequency,0.43567807722025914,11.59852911564284,11.598529115642696,energy_or_commitment_infeasible,w2280_previous_a34,,False
2280,previous,3810,6090,profile_0040,low_frequency,0.56,-12.78260869565221,-12.78260869565238,energy_or_commitment_infeasible,w2280_previous_a35,,False
2280,previous,3810,6090,profile_0041,piecewise,0.69,-40.478260869565226,-40.478260869565396,replayed_feasible,w2280_previous_a36,w2280_previous_a36,False
2280,previous,3810,6090,profile_0042,high_frequency,0.5886438455594817,-18.88499318441135,-18.88499318441152,energy_or_commitment_infeasible,w2280_previous_a37,,False
2280,previous,3810,6090,profile_0043,low_frequency,0.17,49.000000000000064,48.999999999999936,energy_or_commitment_infeasible,w2280_previous_a38,,False
2280,previous,3810,6090,profile_0044,piecewise,0.33,30.65439999999997,30.654399999999825,energy_or_commitment_infeasible,w2280_previous_a39,,False
2280,previous,3810,6090,profile_0045,high_frequency,0.3570342316607774,25.77958734692859,25.779587346928444,energy_or_commitment_infeasible,w2280_previous_a40,,False
2280,previous,3810,6090,profile_0046,low_frequency,0.71,-44.73913043478263,-44.7391304347828,replayed_feasible,w2280_previous_a41,w2280_previous_a41,False
2280,previous,3810,6090,profile_0047,piecewise,0.31,34.260799999999975,34.26079999999983,energy_or_commitment_infeasible,w2280_previous_a22,,True
2280,previous,3810,6090,profile_0048,high_frequency,0.3343219227797409,29.875070884357093,29.87507088435695,energy_or_commitment_infeasible,w2280_previous_a42,,False
2280,previous,3810,6090,profile_0049,low_frequency,0.73,-48.999999999999915,-49.000000000000085,replayed_feasible,w2280_previous_a43,w2280_previous_a43,False
2280,previous,3810,6090,profile_0050,piecewise,0.75,-48.99999999999992,-49.00000000000008,replayed_feasible,w2280_previous_a8,w2280_previous_a8,True
2280,previous,3810,6090,profile_0051,high_frequency,0.45,9.015999999999972,9.015999999999828,energy_or_commitment_infeasible,w2280_previous_a5,,True
2280,previous,3810,6090,profile_0052,low_frequency,0.83,-48.99999999999994,-49.00000000000005,replayed_feasible,w2280_previous_a44,w2280_previous_a44,False
2280,previous,3810,6090,profile_0053,piecewise,0.61,-23.434782608695684,-23.434782608695855,energy_or_commitment_infeasible,w2280_previous_a31,,True
2280,previous,3810,6090,profile_0054,high_frequency,0.28,39.67039999999997,39.67039999999983,energy_or_commitment_infeasible,w2280_previous_a45,,False
2280,previous,3810,6090,profile_0055,low_frequency,0.38,21.638399999999972,21.638399999999827,energy_or_commitment_infeasible,w2280_previous_a46,,False
2280,previous,3810,6090,profile_0056,piecewise,0.19,49.000000000000064,48.999999999999936,energy_or_commitment_infeasible,w2280_previous_a38,,True
2280,previous,3810,6090,profile_0057,high_frequency,0.46,7.212799999999964,7.21279999999982,energy_or_commitment_infeasible,w2280_previous_a47,,False
2280,previous,3810,6090,profile_0058,low_frequency,0.39,19.835199999999976,19.835199999999833,energy_or_commitment_infeasible,w2280_previous_a21,,True
2280,previous,3810,6090,profile_0059,piecewise,0.68,-38.34782608695655,-38.34782608695672,replayed_feasible,w2280_previous_a48,w2280_previous_a48,False
2280,previous,3810,6090,profile_0060,high_frequency,0.64,-29.826086956521767,-29.826086956521937,replayed_feasible,w2280_previous_a11,w2280_previous_a11,True
2280,previous,3810,6090,profile_0061,low_frequency,0.21,49.00000000000007,48.999999999999936,energy_or_commitment_infeasible,w2280_previous_a49,,False
2280,previous,3810,6090,profile_0062,piecewise,0.11,49.00000000000005,48.99999999999995,energy_or_commitment_infeasible,w2280_previous_a50,,False
2280,previous,3810,6090,profile_0063,high_frequency,0.5056780772202591,-1.209677320837853,-1.2096773208380232,energy_or_commitment_infeasible,w2280_previous_a51,,False
2340,previous,3750,6090,profile_0000,constant,0.05,48.99999999999994,49.000000000000064,energy_or_commitment_infeasible,w2340_previous_a1,,False
2340,previous,3750,6090,profile_0001,constant,0.15,48.999999999999915,49.00000000000008,energy_or_commitment_infeasible,w2340_previous_a2,,False
2340,previous,3750,6090,profile_0002,constant,0.25,45.07999999999998,45.08000000000017,energy_or_commitment_infeasible,w2340_previous_a3,,False
2340,previous,3750,6090,profile_0003,constant,0.35,27.04799999999998,27.048000000000176,energy_or_commitment_infeasible,w2340_previous_a4,,False
2340,previous,3750,6090,profile_0004,constant,0.45,9.015999999999972,9.016000000000167,energy_or_commitment_infeasible,w2340_previous_a5,,False
2340,previous,3750,6090,profile_0005,constant,0.55,-10.652173913043521,-10.65217391304329,energy_or_commitment_infeasible,w2340_previous_a6,,False
2340,previous,3750,6090,profile_0006,constant,0.65,-31.95652173913047,-31.95652173913024,replayed_feasible,w2340_previous_a7,w2340_previous_a7,False
2340,previous,3750,6090,profile_0007,constant,0.75,-49.00000000000011,-48.99999999999989,replayed_feasible,w2340_previous_a8,w2340_previous_a8,False
2340,previous,3750,6090,profile_0008,constant,0.85,-49.00000000000007,-48.999999999999915,replayed_feasible,w2340_previous_a9,w2340_previous_a9,False
2340,previous,3750,6090,profile_0009,constant,0.95,-49.00000000000005,-48.999999999999936,replayed_feasible,w2340_previous_a10,w2340_previous_a10,False
2340,previous,3750,6090,profile_0010,ramp,0.64,-29.826086956521767,-29.826086956521536,replayed_feasible,w2340_previous_a11,w2340_previous_a11,False
2340,previous,3750,6090,profile_0011,ramp,0.36,25.244799999999973,25.24480000000017,energy_or_commitment_infeasible,w2340_previous_a12,,False
2340,previous,3750,6090,profile_0012,ramp,0.59,-19.17391304347829,-19.17391304347806,energy_or_commitment_infeasible,w2340_previous_a13,,False
2340,previous,3750,6090,profile_0013,ramp,0.41,16.228799999999975,16.22880000000017,energy_or_commitment_infeasible,w2340_previous_a14,,False
2340,previous,3750,6090,profile_0014,ramp,0.55,-10.652173913043521,-10.65217391304329,energy_or_commitment_infeasible,w2340_previous_a6,,True
2340,previous,3750,6090,profile_0015,ramp,0.45,9.015999999999972,9.016000000000167,energy_or_commitment_infeasible,w2340_previous_a5,,True
2340,previous,3750,6090,profile_0016,low_frequency,0.36,25.244799999999973,25.24480000000017,energy_or_commitment_infeasible,w2340_previous_a12,,True
2340,previous,3750,6090,profile_0017,piecewise,0.3,36.06399999999998,36.06400000000018,energy_or_commitment_infeasible,w2340_previous_a15,,False
2340,previous,3750,6090,profile_0018,high_frequency,0.62,-25.565217391304373,-25.56521739130414,energy_or_commitment_infeasible,w2340_previous_a16,,False
2340,previous,3750,6090,profile_0019,low_frequency,0.29,37.867199999999976,37.867200000000174,energy_or_commitment_infeasible,w2340_previous_a17,,False
2340,previous,3750,6090,profile_0020,piecewise,0.53,-6.391304347826128,-6.391304347825896,energy_or_commitment_infeasible,w2340_previous_a18,,False
2340,previous,3750,6090,profile_0021,high_frequency,0.75,-49.00000000000011,-48.99999999999989,replayed_feasible,w2340_previous_a8,w2340_previous_a8,True
2340,previous,3750,6090,profile_0022,low_frequency,0.47,5.409599999999983,5.409600000000179,energy_or_commitment_infeasible,w2340_previous_a19,,False
2340,previous,3750,6090,profile_0023,piecewise,0.9,-49.000000000000064,-48.99999999999993,replayed_feasible,w2340_previous_a20,w2340_previous_a20,False
2340,previous,3750,6090,profile_0024,high_frequency,0.39,19.835199999999976,19.835200000000174,energy_or_commitment_infeasible,w2340_previous_a21,,False
2340,previous,3750,6090,profile_0025,low_frequency,0.31,34.260799999999975,34.260800000000174,energy_or_commitment_infeasible,w2340_previous_a22,,False
2340,previous,3750,6090,profile_0026,piecewise,0.4,18.031999999999968,18.032000000000167,energy_or_commitment_infeasible,w2340_previous_a23,,False
2340,previous,3750,6090,profile_0027,high_frequency,0.5713561544405182,-15.201963337327824,-15.20196333732759,energy_or_commitment_infeasible,w2340_previous_a24,,False
2340,previous,3750,6090,profile_0028,low_frequency,0.66,-34.086956521739175,-34.08695652173894,replayed_feasible,w2340_previous_a25,w2340_previous_a25,False
2340,previous,3750,6090,profile_0029,piecewise,0.57,-14.913043478260883,-14.91304347826065,energy_or_commitment_infeasible,w2340_previous_a26,,False
2340,previous,3750,6090,profile_0030,high_frequency,0.44,10.819199999999979,10.819200000000174,energy_or_commitment_infeasible,w2340_previous_a27,,False
2340,previous,3750,6090,profile_0031,low_frequency,0.37,23.44159999999998,23.441600000000175,energy_or_commitment_infeasible,w2340_previous_a28,,False
2340,previous,3750,6090,profile_0032,piecewise,0.15,48.999999999999915,49.00000000000008,energy_or_commitment_infeasible,w2340_previous_a2,,True
2340,previous,3750,6090,profile_0033,high_frequency,0.26432192277974087,42.4974708843571,42.4974708843573,energy_or_commitment_infeasible,w2340_previous_a29,,False
2340,previous,3750,6090,profile_0034,low_frequency,0.47,5.409599999999983,5.409600000000179,energy_or_commitment_infeasible,w2340_previous_a19,,True
2340,previous,3750,6090,profile_0035,piecewise,0.89,-49.00000000000007,-48.999999999999936,replayed_feasible,w2340_previous_a30,w2340_previous_a30,False
2340,previous,3750,6090,profile_0036,high_frequency,0.61,-23.434782608695684,-23.434782608695453,energy_or_commitment_infeasible,w2340_previous_a31,,False
2340,previous,3750,6090,profile_0037,low_frequency,0.6756780772202592,-37.42706862518567,-37.42706862518544,replayed_feasible,w2340_previous_a32,w2340_previous_a32,False
2340,previous,3750,6090,profile_0038,piecewise,0.72,-46.86956521739134,-46.869565217391106,replayed_feasible,w2340_previous_a33,w2340_previous_a33,False
2340,previous,3750,6090,profile_0039,high_frequency,0.43567807722025914,11.59852911564284,11.598529115643037,energy_or_commitment_infeasible,w2340_previous_a34,,False
2340,previous,3750,6090,profile_0040,low_frequency,0.56,-12.78260869565221,-12.782608695651978,energy_or_commitment_infeasible,w2340_previous_a35,,False
2340,previous,3750,6090,profile_0041,piecewise,0.69,-40.478260869565226,-40.47826086956499,replayed_feasible,w2340_previous_a36,w2340_previous_a36,False
2340,previous,3750,6090,profile_0042,high_frequency,0.5886438455594817,-18.88499318441135,-18.88499318441112,energy_or_commitment_infeasible,w2340_previous_a37,,False
2340,previous,3750,6090,profile_0043,low_frequency,0.17,48.99999999999992,49.00000000000008,energy_or_commitment_infeasible,w2340_previous_a38,,False
2340,previous,3750,6090,profile_0044,piecewise,0.33,30.65439999999997,30.654400000000166,energy_or_commitment_infeasible,w2340_previous_a39,,False
2340,previous,3750,6090,profile_0045,high_frequency,0.3570342316607774,25.77958734692859,25.779587346928786,energy_or_commitment_infeasible,w2340_previous_a40,,False
2340,previous,3750,6090,profile_0046,low_frequency,0.71,-44.73913043478263,-44.7391304347824,replayed_feasible,w2340_previous_a41,w2340_previous_a41,False
2340,previous,3750,6090,profile_0047,piecewise,0.31,34.260799999999975,34.260800000000174,energy_or_commitment_infeasible,w2340_previous_a22,,True
2340,previous,3750,6090,profile_0048,high_frequency,0.3343219227797409,29.875070884357093,29.87507088435729,energy_or_commitment_infeasible,w2340_previous_a42,,False
2340,previous,3750,6090,profile_0049,low_frequency,0.73,-49.000000000000014,-48.99999999999978,replayed_feasible,w2340_previous_a43,w2340_previous_a43,False
2340,previous,3750,6090,profile_0050,piecewise,0.75,-49.00000000000011,-48.99999999999989,replayed_feasible,w2340_previous_a8,w2340_previous_a8,True
2340,previous,3750,6090,profile_0051,high_frequency,0.45,9.015999999999972,9.016000000000167,energy_or_commitment_infeasible,w2340_previous_a5,,True
2340,previous,3750,6090,profile_0052,low_frequency,0.83,-49.00000000000008,-48.999999999999915,replayed_feasible,w2340_previous_a44,w2340_previous_a44,False
2340,previous,3750,6090,profile_0053,piecewise,0.61,-23.434782608695684,-23.434782608695453,energy_or_commitment_infeasible,w2340_previous_a31,,True
2340,previous,3750,6090,profile_0054,high_frequency,0.28,39.67039999999997,39.67040000000017,energy_or_commitment_infeasible,w2340_previous_a45,,False
2340,previous,3750,6090,profile_0055,low_frequency,0.38,21.638399999999972,21.638400000000168,energy_or_commitment_infeasible,w2340_previous_a46,,False
2340,previous,3750,6090,profile_0056,piecewise,0.19,48.999999999999915,49.000000000000085,energy_or_commitment_infeasible,w2340_previous_a47,,False
2340,previous,3750,6090,profile_0057,high_frequency,0.46,7.212799999999964,7.21280000000016,energy_or_commitment_infeasible,w2340_previous_a48,,False
2340,previous,3750,6090,profile_0058,low_frequency,0.39,19.835199999999976,19.835200000000174,energy_or_commitment_infeasible,w2340_previous_a21,,True
2340,previous,3750,6090,profile_0059,piecewise,0.68,-38.34782608695655,-38.34782608695632,replayed_feasible,w2340_previous_a49,w2340_previous_a49,False
2340,previous,3750,6090,profile_0060,high_frequency,0.64,-29.826086956521767,-29.826086956521536,replayed_feasible,w2340_previous_a11,w2340_previous_a11,True
2340,previous,3750,6090,profile_0061,low_frequency,0.21,48.99999999999991,49.00000000000009,energy_or_commitment_infeasible,w2340_previous_a50,,False
2340,previous,3750,6090,profile_0062,piecewise,0.11,48.999999999999936,49.00000000000007,energy_or_commitment_infeasible,w2340_previous_a51,,False
2340,previous,3750,6090,profile_0063,high_frequency,0.5056780772202591,-1.209677320837853,-1.2096773208376215,energy_or_commitment_infeasible,w2340_previous_a52,,False
2400,previous,3690,6090,profile_0000,constant,0.05,49.00000000000005,48.99999999999996,energy_or_commitment_infeasible,w2400_previous_a1,,False
2400,previous,3690,6090,profile_0001,constant,0.15,49.00000000000006,48.999999999999936,energy_or_commitment_infeasible,w2400_previous_a2,,False
2400,previous,3690,6090,profile_0002,constant,0.25,45.07999999999998,45.07999999999982,energy_or_commitment_infeasible,w2400_previous_a3,,False
2400,previous,3690,6090,profile_0003,constant,0.35,27.04799999999998,27.047999999999824,energy_or_commitment_infeasible,w2400_previous_a4,,False
2400,previous,3690,6090,profile_0004,constant,0.45,9.015999999999972,9.015999999999815,energy_or_commitment_infeasible,w2400_previous_a5,,False
2400,previous,3690,6090,profile_0005,constant,0.55,-10.652173913043521,-10.652173913043706,energy_or_commitment_infeasible,w2400_previous_a6,,False
2400,previous,3690,6090,profile_0006,constant,0.65,-31.95652173913047,-31.956521739130658,replayed_feasible,w2400_previous_a7,w2400_previous_a7,False
2400,previous,3690,6090,profile_0007,constant,0.75,-48.999999999999915,-49.000000000000085,replayed_feasible,w2400_previous_a8,w2400_previous_a8,False
2400,previous,3690,6090,profile_0008,constant,0.85,-48.99999999999994,-49.000000000000064,replayed_feasible,w2400_previous_a9,w2400_previous_a9,False
2400,previous,3690,6090,profile_0009,constant,0.95,-48.99999999999995,-49.00000000000005,replayed_feasible,w2400_previous_a10,w2400_previous_a10,False
2400,previous,3690,6090,profile_0010,ramp,0.64,-29.826086956521767,-29.82608695652195,replayed_feasible,w2400_previous_a11,w2400_previous_a11,False
2400,previous,3690,6090,profile_0011,ramp,0.36,25.244799999999973,25.244799999999817,energy_or_commitment_infeasible,w2400_previous_a12,,False
2400,previous,3690,6090,profile_0012,ramp,0.59,-19.17391304347829,-19.17391304347848,energy_or_commitment_infeasible,w2400_previous_a13,,False
2400,previous,3690,6090,profile_0013,ramp,0.41,16.228799999999975,16.22879999999982,energy_or_commitment_infeasible,w2400_previous_a14,,False
2400,previous,3690,6090,profile_0014,ramp,0.55,-10.652173913043521,-10.652173913043706,energy_or_commitment_infeasible,w2400_previous_a6,,True
2400,previous,3690,6090,profile_0015,ramp,0.45,9.015999999999972,9.015999999999815,energy_or_commitment_infeasible,w2400_previous_a5,,True
2400,previous,3690,6090,profile_0016,low_frequency,0.36,25.244799999999973,25.244799999999817,energy_or_commitment_infeasible,w2400_previous_a12,,True
2400,previous,3690,6090,profile_0017,piecewise,0.3,36.06399999999998,36.06399999999982,energy_or_commitment_infeasible,w2400_previous_a15,,False
2400,previous,3690,6090,profile_0018,high_frequency,0.62,-25.565217391304373,-25.565217391304557,energy_or_commitment_infeasible,w2400_previous_a16,,False
2400,previous,3690,6090,profile_0019,low_frequency,0.29,37.867199999999976,37.86719999999982,energy_or_commitment_infeasible,w2400_previous_a17,,False
2400,previous,3690,6090,profile_0020,piecewise,0.53,-6.391304347826128,-6.391304347826313,energy_or_commitment_infeasible,w2400_previous_a18,,False
2400,previous,3690,6090,profile_0021,high_frequency,0.75,-48.999999999999915,-49.000000000000085,replayed_feasible,w2400_previous_a8,w2400_previous_a8,True
2400,previous,3690,6090,profile_0022,low_frequency,0.47,5.409599999999983,5.409599999999826,energy_or_commitment_infeasible,w2400_previous_a19,,False
2400,previous,3690,6090,profile_0023,piecewise,0.9,-48.99999999999995,-49.00000000000006,replayed_feasible,w2400_previous_a20,w2400_previous_a20,False
2400,previous,3690,6090,profile_0024,high_frequency,0.39,19.835199999999976,19.83519999999982,energy_or_commitment_infeasible,w2400_previous_a21,,False
2400,previous,3690,6090,profile_0025,low_frequency,0.31,34.260799999999975,34.26079999999982,energy_or_commitment_infeasible,w2400_previous_a22,,False
2400,previous,3690,6090,profile_0026,piecewise,0.4,18.031999999999968,18.03199999999981,energy_or_commitment_infeasible,w2400_previous_a23,,False
2400,previous,3690,6090,profile_0027,high_frequency,0.5713561544405182,-15.201963337327824,-15.201963337328008,energy_or_commitment_infeasible,w2400_previous_a24,,False
2400,previous,3690,6090,profile_0028,low_frequency,0.66,-34.086956521739175,-34.08695652173936,replayed_feasible,w2400_previous_a25,w2400_previous_a25,False
2400,previous,3690,6090,profile_0029,piecewise,0.57,-14.913043478260883,-14.913043478261068,energy_or_commitment_infeasible,w2400_previous_a26,,False
2400,previous,3690,6090,profile_0030,high_frequency,0.44,10.819199999999979,10.819199999999823,energy_or_commitment_infeasible,w2400_previous_a27,,False
2400,previous,3690,6090,profile_0031,low_frequency,0.37,23.44159999999998,23.44159999999982,energy_or_commitment_infeasible,w2400_previous_a28,,False
2400,previous,3690,6090,profile_0032,piecewise,0.15,49.00000000000006,48.999999999999936,energy_or_commitment_infeasible,w2400_previous_a2,,True
2400,previous,3690,6090,profile_0033,high_frequency,0.26432192277974087,42.4974708843571,42.49747088435694,energy_or_commitment_infeasible,w2400_previous_a29,,False
2400,previous,3690,6090,profile_0034,low_frequency,0.47,5.409599999999983,5.409599999999826,energy_or_commitment_infeasible,w2400_previous_a19,,True
2400,previous,3690,6090,profile_0035,piecewise,0.89,-48.99999999999995,-49.00000000000006,replayed_feasible,w2400_previous_a20,w2400_previous_a20,True
2400,previous,3690,6090,profile_0036,high_frequency,0.61,-23.434782608695684,-23.43478260869587,energy_or_commitment_infeasible,w2400_previous_a30,,False
2400,previous,3690,6090,profile_0037,low_frequency,0.6756780772202592,-37.42706862518567,-37.42706862518585,replayed_feasible,w2400_previous_a31,w2400_previous_a31,False
2400,previous,3690,6090,profile_0038,piecewise,0.72,-46.86956521739134,-46.869565217391525,replayed_feasible,w2400_previous_a32,w2400_previous_a32,False
2400,previous,3690,6090,profile_0039,high_frequency,0.43567807722025914,11.59852911564284,11.598529115642684,energy_or_commitment_infeasible,w2400_previous_a33,,False
2400,previous,3690,6090,profile_0040,low_frequency,0.56,-12.78260869565221,-12.782608695652396,energy_or_commitment_infeasible,w2400_previous_a34,,False
2400,previous,3690,6090,profile_0041,piecewise,0.69,-40.478260869565226,-40.47826086956541,replayed_feasible,w2400_previous_a35,w2400_previous_a35,False
2400,previous,3690,6090,profile_0042,high_frequency,0.5886438455594817,-18.88499318441135,-18.884993184411538,energy_or_commitment_infeasible,w2400_previous_a36,,False
2400,previous,3690,6090,profile_0043,low_frequency,0.17,49.000000000000064,48.999999999999936,energy_or_commitment_infeasible,w2400_previous_a37,,False
2400,previous,3690,6090,profile_0044,piecewise,0.33,30.65439999999997,30.65439999999981,energy_or_commitment_infeasible,w2400_previous_a38,,False
2400,previous,3690,6090,profile_0045,high_frequency,0.3570342316607774,25.77958734692859,25.779587346928434,energy_or_commitment_infeasible,w2400_previous_a39,,False
2400,previous,3690,6090,profile_0046,low_frequency,0.71,-44.73913043478263,-44.73913043478282,replayed_feasible,w2400_previous_a40,w2400_previous_a40,False
2400,previous,3690,6090,profile_0047,piecewise,0.31,34.260799999999975,34.26079999999982,energy_or_commitment_infeasible,w2400_previous_a22,,True
2400,previous,3690,6090,profile_0048,high_frequency,0.3343219227797409,29.875070884357093,29.875070884356937,energy_or_commitment_infeasible,w2400_previous_a41,,False
2400,previous,3690,6090,profile_0049,low_frequency,0.73,-48.99999999999991,-49.00000000000009,replayed_feasible,w2400_previous_a42,w2400_previous_a42,False
2400,previous,3690,6090,profile_0050,piecewise,0.75,-48.999999999999915,-49.000000000000085,replayed_feasible,w2400_previous_a8,w2400_previous_a8,True
2400,previous,3690,6090,profile_0051,high_frequency,0.45,9.015999999999972,9.015999999999815,energy_or_commitment_infeasible,w2400_previous_a5,,True
2400,previous,3690,6090,profile_0052,low_frequency,0.83,-48.99999999999994,-49.00000000000007,replayed_feasible,w2400_previous_a43,w2400_previous_a43,False
2400,previous,3690,6090,profile_0053,piecewise,0.61,-23.434782608695684,-23.43478260869587,energy_or_commitment_infeasible,w2400_previous_a30,,True
2400,previous,3690,6090,profile_0054,high_frequency,0.28,39.67039999999997,39.670399999999816,energy_or_commitment_infeasible,w2400_previous_a44,,False
2400,previous,3690,6090,profile_0055,low_frequency,0.38,21.638399999999972,21.638399999999816,energy_or_commitment_infeasible,w2400_previous_a45,,False
2400,previous,3690,6090,profile_0056,piecewise,0.19,49.00000000000007,48.99999999999993,energy_or_commitment_infeasible,w2400_previous_a46,,False
2400,previous,3690,6090,profile_0057,high_frequency,0.46,7.212799999999964,7.212799999999807,energy_or_commitment_infeasible,w2400_previous_a47,,False
2400,previous,3690,6090,profile_0058,low_frequency,0.39,19.835199999999976,19.83519999999982,energy_or_commitment_infeasible,w2400_previous_a21,,True
2400,previous,3690,6090,profile_0059,piecewise,0.68,-38.34782608695655,-38.347826086956736,replayed_feasible,w2400_previous_a48,w2400_previous_a48,False
2400,previous,3690,6090,profile_0060,high_frequency,0.64,-29.826086956521767,-29.82608695652195,replayed_feasible,w2400_previous_a11,w2400_previous_a11,True
2400,previous,3690,6090,profile_0061,low_frequency,0.21,49.00000000000007,48.99999999999993,energy_or_commitment_infeasible,w2400_previous_a46,,True
2400,previous,3690,6090,profile_0062,piecewise,0.11,49.00000000000005,48.99999999999994,energy_or_commitment_infeasible,w2400_previous_a49,,False
2400,previous,3690,6090,profile_0063,high_frequency,0.5056780772202591,-1.209677320837853,-1.2096773208380385,energy_or_commitment_infeasible,w2400_previous_a50,,False
2460,previous,3630,6090,profile_0000,constant,0.05,49.000000000000036,48.999999999999964,energy_or_commitment_infeasible,w2460_previous_a1,,False
2460,previous,3630,6090,profile_0001,constant,0.15,49.000000000000036,48.99999999999996,energy_or_commitment_infeasible,w2460_previous_a2,,False
2460,previous,3630,6090,profile_0002,constant,0.25,45.07999999999998,45.079999999999856,energy_or_commitment_infeasible,w2460_previous_a3,,False
2460,previous,3630,6090,profile_0003,constant,0.35,27.04799999999998,27.047999999999863,energy_or_commitment_infeasible,w2460_previous_a4,,False
2460,previous,3630,6090,profile_0004,constant,0.45,9.015999999999972,9.015999999999854,energy_or_commitment_infeasible,w2460_previous_a5,,False
2460,previous,3630,6090,profile_0005,constant,0.55,-10.652173913043521,-10.65217391304366,energy_or_commitment_infeasible,w2460_previous_a6,,False
2460,previous,3630,6090,profile_0006,constant,0.65,-31.95652173913047,-31.956521739130608,replayed_feasible,w2460_previous_a7,w2460_previous_a7,False
2460,previous,3630,6090,profile_0007,constant,0.75,-48.999999999999936,-49.000000000000064,replayed_feasible,w2460_previous_a8,w2460_previous_a8,False
2460,previous,3630,6090,profile_0008,constant,0.85,-48.99999999999995,-49.00000000000004,replayed_feasible,w2460_previous_a9,w2460_previous_a9,False
2460,previous,3630,6090,profile_0009,constant,0.95,-48.99999999999997,-49.00000000000004,replayed_feasible,w2460_previous_a10,w2460_previous_a10,False
2460,previous,3630,6090,profile_0010,ramp,0.64,-29.826086956521767,-29.826086956521905,replayed_feasible,w2460_previous_a11,w2460_previous_a11,False
2460,previous,3630,6090,profile_0011,ramp,0.36,25.244799999999973,25.244799999999856,energy_or_commitment_infeasible,w2460_previous_a12,,False
2460,previous,3630,6090,profile_0012,ramp,0.59,-19.17391304347829,-19.173913043478432,energy_or_commitment_infeasible,w2460_previous_a13,,False
2460,previous,3630,6090,profile_0013,ramp,0.41,16.228799999999975,16.228799999999858,energy_or_commitment_infeasible,w2460_previous_a14,,False
2460,previous,3630,6090,profile_0014,ramp,0.55,-10.652173913043521,-10.65217391304366,energy_or_commitment_infeasible,w2460_previous_a6,,True
2460,previous,3630,6090,profile_0015,ramp,0.45,9.015999999999972,9.015999999999854,energy_or_commitment_infeasible,w2460_previous_a5,,True
2460,previous,3630,6090,profile_0016,low_frequency,0.36,25.244799999999973,25.244799999999856,energy_or_commitment_infeasible,w2460_previous_a12,,True
2460,previous,3630,6090,profile_0017,piecewise,0.3,36.06399999999998,36.06399999999986,energy_or_commitment_infeasible,w2460_previous_a15,,False
2460,previous,3630,6090,profile_0018,high_frequency,0.62,-25.565217391304373,-25.56521739130451,energy_or_commitment_infeasible,w2460_previous_a16,,False
2460,previous,3630,6090,profile_0019,low_frequency,0.29,37.867199999999976,37.86719999999986,energy_or_commitment_infeasible,w2460_previous_a17,,False
2460,previous,3630,6090,profile_0020,piecewise,0.53,-6.391304347826128,-6.391304347826267,energy_or_commitment_infeasible,w2460_previous_a18,,False
2460,previous,3630,6090,profile_0021,high_frequency,0.75,-48.999999999999936,-49.000000000000064,replayed_feasible,w2460_previous_a8,w2460_previous_a8,True
2460,previous,3630,6090,profile_0022,low_frequency,0.47,5.409599999999983,5.409599999999865,energy_or_commitment_infeasible,w2460_previous_a19,,False
2460,previous,3630,6090,profile_0023,piecewise,0.9,-48.99999999999996,-49.000000000000036,replayed_feasible,w2460_previous_a20,w2460_previous_a20,False
2460,previous,3630,6090,profile_0024,high_frequency,0.39,19.835199999999976,19.83519999999986,energy_or_commitment_infeasible,w2460_previous_a21,,False
2460,previous,3630,6090,profile_0025,low_frequency,0.31,34.260799999999975,34.26079999999986,energy_or_commitment_infeasible,w2460_previous_a22,,False
2460,previous,3630,6090,profile_0026,piecewise,0.4,18.031999999999968,18.03199999999985,energy_or_commitment_infeasible,w2460_previous_a23,,False
2460,previous,3630,6090,profile_0027,high_frequency,0.5713561544405182,-15.201963337327824,-15.201963337327962,energy_or_commitment_infeasible,w2460_previous_a24,,False
2460,previous,3630,6090,profile_0028,low_frequency,0.66,-34.086956521739175,-34.08695652173931,replayed_feasible,w2460_previous_a25,w2460_previous_a25,False
2460,previous,3630,6090,profile_0029,piecewise,0.57,-14.913043478260883,-14.913043478261022,energy_or_commitment_infeasible,w2460_previous_a26,,False
2460,previous,3630,6090,profile_0030,high_frequency,0.44,10.819199999999979,10.819199999999862,energy_or_commitment_infeasible,w2460_previous_a27,,False
2460,previous,3630,6090,profile_0031,low_frequency,0.37,23.44159999999998,23.441599999999863,energy_or_commitment_infeasible,w2460_previous_a28,,False
2460,previous,3630,6090,profile_0032,piecewise,0.15,49.000000000000036,48.99999999999996,energy_or_commitment_infeasible,w2460_previous_a2,,True
2460,previous,3630,6090,profile_0033,high_frequency,0.26432192277974087,42.4974708843571,42.497470884356986,energy_or_commitment_infeasible,w2460_previous_a29,,False
2460,previous,3630,6090,profile_0034,low_frequency,0.47,5.409599999999983,5.409599999999865,energy_or_commitment_infeasible,w2460_previous_a19,,True
2460,previous,3630,6090,profile_0035,piecewise,0.89,-48.99999999999996,-49.00000000000004,replayed_feasible,w2460_previous_a30,w2460_previous_a30,False
2460,previous,3630,6090,profile_0036,high_frequency,0.61,-23.434782608695684,-23.434782608695823,energy_or_commitment_infeasible,w2460_previous_a31,,False
2460,previous,3630,6090,profile_0037,low_frequency,0.6756780772202592,-37.42706862518567,-37.42706862518581,replayed_feasible,w2460_previous_a32,w2460_previous_a32,False
2460,previous,3630,6090,profile_0038,piecewise,0.72,-46.86956521739134,-46.869565217391475,replayed_feasible,w2460_previous_a33,w2460_previous_a33,False
2460,previous,3630,6090,profile_0039,high_frequency,0.43567807722025914,11.59852911564284,11.598529115642723,energy_or_commitment_infeasible,w2460_previous_a34,,False
2460,previous,3630,6090,profile_0040,low_frequency,0.56,-12.78260869565221,-12.78260869565235,energy_or_commitment_infeasible,w2460_previous_a35,,False
2460,previous,3630,6090,profile_0041,piecewise,0.69,-40.478260869565226,-40.47826086956537,replayed_feasible,w2460_previous_a36,w2460_previous_a36,False
2460,previous,3630,6090,profile_0042,high_frequency,0.5886438455594817,-18.88499318441135,-18.884993184411492,energy_or_commitment_infeasible,w2460_previous_a37,,False
2460,previous,3630,6090,profile_0043,low_frequency,0.17,49.00000000000006,48.99999999999995,energy_or_commitment_infeasible,w2460_previous_a38,,False
2460,previous,3630,6090,profile_0044,piecewise,0.33,30.65439999999997,30.65439999999985,energy_or_commitment_infeasible,w2460_previous_a39,,False
2460,previous,3630,6090,profile_0045,high_frequency,0.3570342316607774,25.77958734692859,25.779587346928473,energy_or_commitment_infeasible,w2460_previous_a40,,False
2460,previous,3630,6090,profile_0046,low_frequency,0.71,-44.73913043478263,-44.73913043478277,replayed_feasible,w2460_previous_a41,w2460_previous_a41,False
2460,previous,3630,6090,profile_0047,piecewise,0.31,34.260799999999975,34.26079999999986,energy_or_commitment_infeasible,w2460_previous_a22,,True
2460,previous,3630,6090,profile_0048,high_frequency,0.3343219227797409,29.875070884357093,29.875070884356976,energy_or_commitment_infeasible,w2460_previous_a42,,False
2460,previous,3630,6090,profile_0049,low_frequency,0.73,-48.99999999999993,-49.000000000000064,replayed_feasible,w2460_previous_a43,w2460_previous_a43,False
2460,previous,3630,6090,profile_0050,piecewise,0.75,-48.999999999999936,-49.000000000000064,replayed_feasible,w2460_previous_a8,w2460_previous_a8,True
2460,previous,3630,6090,profile_0051,high_frequency,0.45,9.015999999999972,9.015999999999854,energy_or_commitment_infeasible,w2460_previous_a5,,True
2460,previous,3630,6090,profile_0052,low_frequency,0.83,-48.999999999999964,-49.00000000000006,replayed_feasible,w2460_previous_a44,w2460_previous_a44,False
2460,previous,3630,6090,profile_0053,piecewise,0.61,-23.434782608695684,-23.434782608695823,energy_or_commitment_infeasible,w2460_previous_a31,,True
2460,previous,3630,6090,profile_0054,high_frequency,0.28,39.67039999999997,39.67039999999986,energy_or_commitment_infeasible,w2460_previous_a45,,False
2460,previous,3630,6090,profile_0055,low_frequency,0.38,21.638399999999972,21.638399999999855,energy_or_commitment_infeasible,w2460_previous_a46,,False
2460,previous,3630,6090,profile_0056,piecewise,0.19,49.00000000000005,48.99999999999995,energy_or_commitment_infeasible,w2460_previous_a47,,False
2460,previous,3630,6090,profile_0057,high_frequency,0.46,7.212799999999964,7.212799999999847,energy_or_commitment_infeasible,w2460_previous_a48,,False
2460,previous,3630,6090,profile_0058,low_frequency,0.39,19.835199999999976,19.83519999999986,energy_or_commitment_infeasible,w2460_previous_a21,,True
2460,previous,3630,6090,profile_0059,piecewise,0.68,-38.34782608695655,-38.347826086956694,replayed_feasible,w2460_previous_a49,w2460_previous_a49,False
2460,previous,3630,6090,profile_0060,high_frequency,0.64,-29.826086956521767,-29.826086956521905,replayed_feasible,w2460_previous_a11,w2460_previous_a11,True
2460,previous,3630,6090,profile_0061,low_frequency,0.21,49.00000000000005,48.99999999999994,energy_or_commitment_infeasible,w2460_previous_a50,,False
2460,previous,3630,6090,profile_0062,piecewise,0.11,49.000000000000036,48.99999999999996,energy_or_commitment_infeasible,w2460_previous_a2,,True
2460,previous,3630,6090,profile_0063,high_frequency,0.5056780772202591,-1.209677320837853,-1.2096773208379923,energy_or_commitment_infeasible,w2460_previous_a51,,False
2520,previous,3570,6090,profile_0000,constant,0.05,49.000000000000036,48.999999999999964,energy_or_commitment_infeasible,w2520_previous_a1,,False
2520,previous,3570,6090,profile_0001,constant,0.15,49.000000000000036,48.99999999999996,energy_or_commitment_infeasible,w2520_previous_a2,,False
2520,previous,3570,6090,profile_0002,constant,0.25,45.07999999999998,45.079999999999856,energy_or_commitment_infeasible,w2520_previous_a3,,False
2520,previous,3570,6090,profile_0003,constant,0.35,27.04799999999998,27.047999999999863,energy_or_commitment_infeasible,w2520_previous_a4,,False
2520,previous,3570,6090,profile_0004,constant,0.45,9.015999999999972,9.015999999999854,energy_or_commitment_infeasible,w2520_previous_a5,,False
2520,previous,3570,6090,profile_0005,constant,0.55,-10.652173913043521,-10.65217391304366,energy_or_commitment_infeasible,w2520_previous_a6,,False
2520,previous,3570,6090,profile_0006,constant,0.65,-31.95652173913047,-31.956521739130608,replayed_feasible,w2520_previous_a7,w2520_previous_a7,False
2520,previous,3570,6090,profile_0007,constant,0.75,-48.999999999999936,-49.000000000000064,replayed_feasible,w2520_previous_a8,w2520_previous_a8,False
2520,previous,3570,6090,profile_0008,constant,0.85,-48.99999999999995,-49.00000000000004,replayed_feasible,w2520_previous_a9,w2520_previous_a9,False
2520,previous,3570,6090,profile_0009,constant,0.95,-48.99999999999997,-49.00000000000004,replayed_feasible,w2520_previous_a10,w2520_previous_a10,False
2520,previous,3570,6090,profile_0010,ramp,0.64,-29.826086956521767,-29.826086956521905,replayed_feasible,w2520_previous_a11,w2520_previous_a11,False
2520,previous,3570,6090,profile_0011,ramp,0.36,25.244799999999973,25.244799999999856,energy_or_commitment_infeasible,w2520_previous_a12,,False
2520,previous,3570,6090,profile_0012,ramp,0.59,-19.17391304347829,-19.173913043478432,energy_or_commitment_infeasible,w2520_previous_a13,,False
2520,previous,3570,6090,profile_0013,ramp,0.41,16.228799999999975,16.228799999999858,energy_or_commitment_infeasible,w2520_previous_a14,,False
2520,previous,3570,6090,profile_0014,ramp,0.55,-10.652173913043521,-10.65217391304366,energy_or_commitment_infeasible,w2520_previous_a6,,True
2520,previous,3570,6090,profile_0015,ramp,0.45,9.015999999999972,9.015999999999854,energy_or_commitment_infeasible,w2520_previous_a5,,True
2520,previous,3570,6090,profile_0016,low_frequency,0.36,25.244799999999973,25.244799999999856,energy_or_commitment_infeasible,w2520_previous_a12,,True
2520,previous,3570,6090,profile_0017,piecewise,0.3,36.06399999999998,36.06399999999986,energy_or_commitment_infeasible,w2520_previous_a15,,False
2520,previous,3570,6090,profile_0018,high_frequency,0.62,-25.565217391304373,-25.56521739130451,energy_or_commitment_infeasible,w2520_previous_a16,,False
2520,previous,3570,6090,profile_0019,low_frequency,0.29,37.867199999999976,37.86719999999986,energy_or_commitment_infeasible,w2520_previous_a17,,False
2520,previous,3570,6090,profile_0020,piecewise,0.53,-6.391304347826128,-6.391304347826267,energy_or_commitment_infeasible,w2520_previous_a18,,False
2520,previous,3570,6090,profile_0021,high_frequency,0.75,-48.999999999999936,-49.000000000000064,replayed_feasible,w2520_previous_a8,w2520_previous_a8,True
2520,previous,3570,6090,profile_0022,low_frequency,0.47,5.409599999999983,5.409599999999865,energy_or_commitment_infeasible,w2520_previous_a19,,False
2520,previous,3570,6090,profile_0023,piecewise,0.9,-48.99999999999996,-49.000000000000036,replayed_feasible,w2520_previous_a20,w2520_previous_a20,False
2520,previous,3570,6090,profile_0024,high_frequency,0.39,19.835199999999976,19.83519999999986,energy_or_commitment_infeasible,w2520_previous_a21,,False
2520,previous,3570,6090,profile_0025,low_frequency,0.31,34.260799999999975,34.26079999999986,energy_or_commitment_infeasible,w2520_previous_a22,,False
2520,previous,3570,6090,profile_0026,piecewise,0.4,18.031999999999968,18.03199999999985,energy_or_commitment_infeasible,w2520_previous_a23,,False
2520,previous,3570,6090,profile_0027,high_frequency,0.5713561544405182,-15.201963337327824,-15.201963337327962,energy_or_commitment_infeasible,w2520_previous_a24,,False
2520,previous,3570,6090,profile_0028,low_frequency,0.66,-34.086956521739175,-34.08695652173931,replayed_feasible,w2520_previous_a25,w2520_previous_a25,False
2520,previous,3570,6090,profile_0029,piecewise,0.57,-14.913043478260883,-14.913043478261022,energy_or_commitment_infeasible,w2520_previous_a26,,False
2520,previous,3570,6090,profile_0030,high_frequency,0.44,10.819199999999979,10.819199999999862,energy_or_commitment_infeasible,w2520_previous_a27,,False
2520,previous,3570,6090,profile_0031,low_frequency,0.37,23.44159999999998,23.441599999999863,energy_or_commitment_infeasible,w2520_previous_a28,,False
2520,previous,3570,6090,profile_0032,piecewise,0.15,49.000000000000036,48.99999999999996,energy_or_commitment_infeasible,w2520_previous_a2,,True
2520,previous,3570,6090,profile_0033,high_frequency,0.26432192277974087,42.4974708843571,42.497470884356986,energy_or_commitment_infeasible,w2520_previous_a29,,False
2520,previous,3570,6090,profile_0034,low_frequency,0.47,5.409599999999983,5.409599999999865,energy_or_commitment_infeasible,w2520_previous_a19,,True
2520,previous,3570,6090,profile_0035,piecewise,0.89,-48.99999999999996,-49.00000000000004,replayed_feasible,w2520_previous_a30,w2520_previous_a30,False
2520,previous,3570,6090,profile_0036,high_frequency,0.61,-23.434782608695684,-23.434782608695823,energy_or_commitment_infeasible,w2520_previous_a31,,False
2520,previous,3570,6090,profile_0037,low_frequency,0.6756780772202592,-37.42706862518567,-37.42706862518581,replayed_feasible,w2520_previous_a32,w2520_previous_a32,False
2520,previous,3570,6090,profile_0038,piecewise,0.72,-46.86956521739134,-46.869565217391475,replayed_feasible,w2520_previous_a33,w2520_previous_a33,False
2520,previous,3570,6090,profile_0039,high_frequency,0.43567807722025914,11.59852911564284,11.598529115642723,energy_or_commitment_infeasible,w2520_previous_a34,,False
2520,previous,3570,6090,profile_0040,low_frequency,0.56,-12.78260869565221,-12.78260869565235,energy_or_commitment_infeasible,w2520_previous_a35,,False
2520,previous,3570,6090,profile_0041,piecewise,0.69,-40.478260869565226,-40.47826086956537,replayed_feasible,w2520_previous_a36,w2520_previous_a36,False
2520,previous,3570,6090,profile_0042,high_frequency,0.5886438455594817,-18.88499318441135,-18.884993184411492,energy_or_commitment_infeasible,w2520_previous_a37,,False
2520,previous,3570,6090,profile_0043,low_frequency,0.17,49.00000000000006,48.99999999999995,energy_or_commitment_infeasible,w2520_previous_a38,,False
2520,previous,3570,6090,profile_0044,piecewise,0.33,30.65439999999997,30.65439999999985,energy_or_commitment_infeasible,w2520_previous_a39,,False
2520,previous,3570,6090,profile_0045,high_frequency,0.3570342316607774,25.77958734692859,25.779587346928473,energy_or_commitment_infeasible,w2520_previous_a40,,False
2520,previous,3570,6090,profile_0046,low_frequency,0.71,-44.73913043478263,-44.73913043478277,replayed_feasible,w2520_previous_a41,w2520_previous_a41,False
2520,previous,3570,6090,profile_0047,piecewise,0.31,34.260799999999975,34.26079999999986,energy_or_commitment_infeasible,w2520_previous_a22,,True
2520,previous,3570,6090,profile_0048,high_frequency,0.3343219227797409,29.875070884357093,29.875070884356976,energy_or_commitment_infeasible,w2520_previous_a42,,False
2520,previous,3570,6090,profile_0049,low_frequency,0.73,-48.99999999999993,-49.000000000000064,replayed_feasible,w2520_previous_a43,w2520_previous_a43,False
2520,previous,3570,6090,profile_0050,piecewise,0.75,-48.999999999999936,-49.000000000000064,replayed_feasible,w2520_previous_a8,w2520_previous_a8,True
2520,previous,3570,6090,profile_0051,high_frequency,0.45,9.015999999999972,9.015999999999854,energy_or_commitment_infeasible,w2520_previous_a5,,True
2520,previous,3570,6090,profile_0052,low_frequency,0.83,-48.999999999999964,-49.00000000000006,replayed_feasible,w2520_previous_a44,w2520_previous_a44,False
2520,previous,3570,6090,profile_0053,piecewise,0.61,-23.434782608695684,-23.434782608695823,energy_or_commitment_infeasible,w2520_previous_a31,,True
2520,previous,3570,6090,profile_0054,high_frequency,0.28,39.67039999999997,39.67039999999986,energy_or_commitment_infeasible,w2520_previous_a45,,False
2520,previous,3570,6090,profile_0055,low_frequency,0.38,21.638399999999972,21.638399999999855,energy_or_commitment_infeasible,w2520_previous_a46,,False
2520,previous,3570,6090,profile_0056,piecewise,0.19,49.00000000000005,48.99999999999995,energy_or_commitment_infeasible,w2520_previous_a47,,False
2520,previous,3570,6090,profile_0057,high_frequency,0.46,7.212799999999964,7.212799999999847,energy_or_commitment_infeasible,w2520_previous_a48,,False
2520,previous,3570,6090,profile_0058,low_frequency,0.39,19.835199999999976,19.83519999999986,energy_or_commitment_infeasible,w2520_previous_a21,,True
2520,previous,3570,6090,profile_0059,piecewise,0.68,-38.34782608695655,-38.347826086956694,replayed_feasible,w2520_previous_a49,w2520_previous_a49,False
2520,previous,3570,6090,profile_0060,high_frequency,0.64,-29.826086956521767,-29.826086956521905,replayed_feasible,w2520_previous_a11,w2520_previous_a11,True
2520,previous,3570,6090,profile_0061,low_frequency,0.21,49.00000000000005,48.99999999999994,energy_or_commitment_infeasible,w2520_previous_a50,,False
2520,previous,3570,6090,profile_0062,piecewise,0.11,49.000000000000036,48.99999999999996,energy_or_commitment_infeasible,w2520_previous_a2,,True
2520,previous,3570,6090,profile_0063,high_frequency,0.5056780772202591,-1.209677320837853,-1.2096773208379923,energy_or_commitment_infeasible,w2520_previous_a51,,False
2580,previous,3510,6090,profile_0000,constant,0.05,49.00000000000005,48.99999999999996,energy_or_commitment_infeasible,w2580_previous_a1,,False
2580,previous,3510,6090,profile_0001,constant,0.15,49.00000000000006,48.999999999999936,energy_or_commitment_infeasible,w2580_previous_a2,,False
2580,previous,3510,6090,profile_0002,constant,0.25,45.07999999999998,45.07999999999982,energy_or_commitment_infeasible,w2580_previous_a3,,False
2580,previous,3510,6090,profile_0003,constant,0.35,27.04799999999998,27.047999999999824,energy_or_commitment_infeasible,w2580_previous_a4,,False
2580,previous,3510,6090,profile_0004,constant,0.45,9.015999999999972,9.015999999999815,energy_or_commitment_infeasible,w2580_previous_a5,,False
2580,previous,3510,6090,profile_0005,constant,0.55,-10.652173913043521,-10.652173913043706,energy_or_commitment_infeasible,w2580_previous_a6,,False
2580,previous,3510,6090,profile_0006,constant,0.65,-31.95652173913047,-31.956521739130658,replayed_feasible,w2580_previous_a7,w2580_previous_a7,False
2580,previous,3510,6090,profile_0007,constant,0.75,-48.999999999999915,-49.000000000000085,replayed_feasible,w2580_previous_a8,w2580_previous_a8,False
2580,previous,3510,6090,profile_0008,constant,0.85,-48.99999999999994,-49.000000000000064,replayed_feasible,w2580_previous_a9,w2580_previous_a9,False
2580,previous,3510,6090,profile_0009,constant,0.95,-48.99999999999995,-49.00000000000005,replayed_feasible,w2580_previous_a10,w2580_previous_a10,False
2580,previous,3510,6090,profile_0010,ramp,0.64,-29.826086956521767,-29.82608695652195,replayed_feasible,w2580_previous_a11,w2580_previous_a11,False
2580,previous,3510,6090,profile_0011,ramp,0.36,25.244799999999973,25.244799999999817,energy_or_commitment_infeasible,w2580_previous_a12,,False
2580,previous,3510,6090,profile_0012,ramp,0.59,-19.17391304347829,-19.17391304347848,energy_or_commitment_infeasible,w2580_previous_a13,,False
2580,previous,3510,6090,profile_0013,ramp,0.41,16.228799999999975,16.22879999999982,energy_or_commitment_infeasible,w2580_previous_a14,,False
2580,previous,3510,6090,profile_0014,ramp,0.55,-10.652173913043521,-10.652173913043706,energy_or_commitment_infeasible,w2580_previous_a6,,True
2580,previous,3510,6090,profile_0015,ramp,0.45,9.015999999999972,9.015999999999815,energy_or_commitment_infeasible,w2580_previous_a5,,True
2580,previous,3510,6090,profile_0016,low_frequency,0.36,25.244799999999973,25.244799999999817,energy_or_commitment_infeasible,w2580_previous_a12,,True
2580,previous,3510,6090,profile_0017,piecewise,0.3,36.06399999999998,36.06399999999982,energy_or_commitment_infeasible,w2580_previous_a15,,False
2580,previous,3510,6090,profile_0018,high_frequency,0.62,-25.565217391304373,-25.565217391304557,energy_or_commitment_infeasible,w2580_previous_a16,,False
2580,previous,3510,6090,profile_0019,low_frequency,0.29,37.867199999999976,37.86719999999982,energy_or_commitment_infeasible,w2580_previous_a17,,False
2580,previous,3510,6090,profile_0020,piecewise,0.53,-6.391304347826128,-6.391304347826313,energy_or_commitment_infeasible,w2580_previous_a18,,False
2580,previous,3510,6090,profile_0021,high_frequency,0.75,-48.999999999999915,-49.000000000000085,replayed_feasible,w2580_previous_a8,w2580_previous_a8,True
2580,previous,3510,6090,profile_0022,low_frequency,0.47,5.409599999999983,5.409599999999826,energy_or_commitment_infeasible,w2580_previous_a19,,False
2580,previous,3510,6090,profile_0023,piecewise,0.9,-48.99999999999995,-49.00000000000006,replayed_feasible,w2580_previous_a20,w2580_previous_a20,False
2580,previous,3510,6090,profile_0024,high_frequency,0.39,19.835199999999976,19.83519999999982,energy_or_commitment_infeasible,w2580_previous_a21,,False
2580,previous,3510,6090,profile_0025,low_frequency,0.31,34.260799999999975,34.26079999999982,energy_or_commitment_infeasible,w2580_previous_a22,,False
2580,previous,3510,6090,profile_0026,piecewise,0.4,18.031999999999968,18.03199999999981,energy_or_commitment_infeasible,w2580_previous_a23,,False
2580,previous,3510,6090,profile_0027,high_frequency,0.5713561544405182,-15.201963337327824,-15.201963337328008,energy_or_commitment_infeasible,w2580_previous_a24,,False
2580,previous,3510,6090,profile_0028,low_frequency,0.66,-34.086956521739175,-34.08695652173936,replayed_feasible,w2580_previous_a25,w2580_previous_a25,False
2580,previous,3510,6090,profile_0029,piecewise,0.57,-14.913043478260883,-14.913043478261068,energy_or_commitment_infeasible,w2580_previous_a26,,False
2580,previous,3510,6090,profile_0030,high_frequency,0.44,10.819199999999979,10.819199999999823,energy_or_commitment_infeasible,w2580_previous_a27,,False
2580,previous,3510,6090,profile_0031,low_frequency,0.37,23.44159999999998,23.44159999999982,energy_or_commitment_infeasible,w2580_previous_a28,,False
2580,previous,3510,6090,profile_0032,piecewise,0.15,49.00000000000006,48.999999999999936,energy_or_commitment_infeasible,w2580_previous_a2,,True
2580,previous,3510,6090,profile_0033,high_frequency,0.26432192277974087,42.4974708843571,42.49747088435694,energy_or_commitment_infeasible,w2580_previous_a29,,False
2580,previous,3510,6090,profile_0034,low_frequency,0.47,5.409599999999983,5.409599999999826,energy_or_commitment_infeasible,w2580_previous_a19,,True
2580,previous,3510,6090,profile_0035,piecewise,0.89,-48.99999999999995,-49.00000000000006,replayed_feasible,w2580_previous_a20,w2580_previous_a20,True
2580,previous,3510,6090,profile_0036,high_frequency,0.61,-23.434782608695684,-23.43478260869587,energy_or_commitment_infeasible,w2580_previous_a30,,False
2580,previous,3510,6090,profile_0037,low_frequency,0.6756780772202592,-37.42706862518567,-37.42706862518585,replayed_feasible,w2580_previous_a31,w2580_previous_a31,False
2580,previous,3510,6090,profile_0038,piecewise,0.72,-46.86956521739134,-46.869565217391525,replayed_feasible,w2580_previous_a32,w2580_previous_a32,False
2580,previous,3510,6090,profile_0039,high_frequency,0.43567807722025914,11.59852911564284,11.598529115642684,energy_or_commitment_infeasible,w2580_previous_a33,,False
2580,previous,3510,6090,profile_0040,low_frequency,0.56,-12.78260869565221,-12.782608695652396,energy_or_commitment_infeasible,w2580_previous_a34,,False
2580,previous,3510,6090,profile_0041,piecewise,0.69,-40.478260869565226,-40.47826086956541,replayed_feasible,w2580_previous_a35,w2580_previous_a35,False
2580,previous,3510,6090,profile_0042,high_frequency,0.5886438455594817,-18.88499318441135,-18.884993184411538,energy_or_commitment_infeasible,w2580_previous_a36,,False
2580,previous,3510,6090,profile_0043,low_frequency,0.17,49.000000000000064,48.999999999999936,energy_or_commitment_infeasible,w2580_previous_a37,,False
2580,previous,3510,6090,profile_0044,piecewise,0.33,30.65439999999997,30.65439999999981,energy_or_commitment_infeasible,w2580_previous_a38,,False
2580,previous,3510,6090,profile_0045,high_frequency,0.3570342316607774,25.77958734692859,25.779587346928434,energy_or_commitment_infeasible,w2580_previous_a39,,False
2580,previous,3510,6090,profile_0046,low_frequency,0.71,-44.73913043478263,-44.73913043478282,replayed_feasible,w2580_previous_a40,w2580_previous_a40,False
2580,previous,3510,6090,profile_0047,piecewise,0.31,34.260799999999975,34.26079999999982,energy_or_commitment_infeasible,w2580_previous_a22,,True
2580,previous,3510,6090,profile_0048,high_frequency,0.3343219227797409,29.875070884357093,29.875070884356937,energy_or_commitment_infeasible,w2580_previous_a41,,False
2580,previous,3510,6090,profile_0049,low_frequency,0.73,-48.99999999999991,-49.00000000000009,replayed_feasible,w2580_previous_a42,w2580_previous_a42,False
2580,previous,3510,6090,profile_0050,piecewise,0.75,-48.999999999999915,-49.000000000000085,replayed_feasible,w2580_previous_a8,w2580_previous_a8,True
2580,previous,3510,6090,profile_0051,high_frequency,0.45,9.015999999999972,9.015999999999815,energy_or_commitment_infeasible,w2580_previous_a5,,True
2580,previous,3510,6090,profile_0052,low_frequency,0.83,-48.99999999999994,-49.00000000000007,replayed_feasible,w2580_previous_a43,w2580_previous_a43,False
2580,previous,3510,6090,profile_0053,piecewise,0.61,-23.434782608695684,-23.43478260869587,energy_or_commitment_infeasible,w2580_previous_a30,,True
2580,previous,3510,6090,profile_0054,high_frequency,0.28,39.67039999999997,39.670399999999816,energy_or_commitment_infeasible,w2580_previous_a44,,False
2580,previous,3510,6090,profile_0055,low_frequency,0.38,21.638399999999972,21.638399999999816,energy_or_commitment_infeasible,w2580_previous_a45,,False
2580,previous,3510,6090,profile_0056,piecewise,0.19,49.00000000000007,48.99999999999993,energy_or_commitment_infeasible,w2580_previous_a46,,False
2580,previous,3510,6090,profile_0057,high_frequency,0.46,7.212799999999964,7.212799999999807,energy_or_commitment_infeasible,w2580_previous_a47,,False
2580,previous,3510,6090,profile_0058,low_frequency,0.39,19.835199999999976,19.83519999999982,energy_or_commitment_infeasible,w2580_previous_a21,,True
2580,previous,3510,6090,profile_0059,piecewise,0.68,-38.34782608695655,-38.347826086956736,replayed_feasible,w2580_previous_a48,w2580_previous_a48,False
2580,previous,3510,6090,profile_0060,high_frequency,0.64,-29.826086956521767,-29.82608695652195,replayed_feasible,w2580_previous_a11,w2580_previous_a11,True
2580,previous,3510,6090,profile_0061,low_frequency,0.21,49.00000000000007,48.99999999999993,energy_or_commitment_infeasible,w2580_previous_a46,,True
2580,previous,3510,6090,profile_0062,piecewise,0.11,49.00000000000005,48.99999999999994,energy_or_commitment_infeasible,w2580_previous_a49,,False
2580,previous,3510,6090,profile_0063,high_frequency,0.5056780772202591,-1.209677320837853,-1.2096773208380385,energy_or_commitment_infeasible,w2580_previous_a50,,False
2640,previous,3450,6090,profile_0000,constant,0.05,49.00000000000005,48.99999999999996,energy_or_commitment_infeasible,w2640_previous_a1,,False
2640,previous,3450,6090,profile_0001,constant,0.15,49.00000000000006,48.999999999999936,energy_or_commitment_infeasible,w2640_previous_a2,,False
2640,previous,3450,6090,profile_0002,constant,0.25,45.07999999999998,45.07999999999982,energy_or_commitment_infeasible,w2640_previous_a3,,False
2640,previous,3450,6090,profile_0003,constant,0.35,27.04799999999998,27.047999999999824,energy_or_commitment_infeasible,w2640_previous_a4,,False
2640,previous,3450,6090,profile_0004,constant,0.45,9.015999999999972,9.015999999999815,energy_or_commitment_infeasible,w2640_previous_a5,,False
2640,previous,3450,6090,profile_0005,constant,0.55,-10.652173913043521,-10.652173913043706,energy_or_commitment_infeasible,w2640_previous_a6,,False
2640,previous,3450,6090,profile_0006,constant,0.65,-31.95652173913047,-31.956521739130658,replayed_feasible,w2640_previous_a7,w2640_previous_a7,False
2640,previous,3450,6090,profile_0007,constant,0.75,-48.999999999999915,-49.000000000000085,replayed_feasible,w2640_previous_a8,w2640_previous_a8,False
2640,previous,3450,6090,profile_0008,constant,0.85,-48.99999999999994,-49.000000000000064,replayed_feasible,w2640_previous_a9,w2640_previous_a9,False
2640,previous,3450,6090,profile_0009,constant,0.95,-48.99999999999995,-49.00000000000005,replayed_feasible,w2640_previous_a10,w2640_previous_a10,False
2640,previous,3450,6090,profile_0010,ramp,0.64,-29.826086956521767,-29.82608695652195,replayed_feasible,w2640_previous_a11,w2640_previous_a11,False
2640,previous,3450,6090,profile_0011,ramp,0.36,25.244799999999973,25.244799999999817,energy_or_commitment_infeasible,w2640_previous_a12,,False
2640,previous,3450,6090,profile_0012,ramp,0.59,-19.17391304347829,-19.17391304347848,energy_or_commitment_infeasible,w2640_previous_a13,,False
2640,previous,3450,6090,profile_0013,ramp,0.41,16.228799999999975,16.22879999999982,energy_or_commitment_infeasible,w2640_previous_a14,,False
2640,previous,3450,6090,profile_0014,ramp,0.55,-10.652173913043521,-10.652173913043706,energy_or_commitment_infeasible,w2640_previous_a6,,True
2640,previous,3450,6090,profile_0015,ramp,0.45,9.015999999999972,9.015999999999815,energy_or_commitment_infeasible,w2640_previous_a5,,True
2640,previous,3450,6090,profile_0016,low_frequency,0.36,25.244799999999973,25.244799999999817,energy_or_commitment_infeasible,w2640_previous_a12,,True
2640,previous,3450,6090,profile_0017,piecewise,0.3,36.06399999999998,36.06399999999982,energy_or_commitment_infeasible,w2640_previous_a15,,False
2640,previous,3450,6090,profile_0018,high_frequency,0.62,-25.565217391304373,-25.565217391304557,energy_or_commitment_infeasible,w2640_previous_a16,,False
2640,previous,3450,6090,profile_0019,low_frequency,0.29,37.867199999999976,37.86719999999982,energy_or_commitment_infeasible,w2640_previous_a17,,False
2640,previous,3450,6090,profile_0020,piecewise,0.53,-6.391304347826128,-6.391304347826313,energy_or_commitment_infeasible,w2640_previous_a18,,False
2640,previous,3450,6090,profile_0021,high_frequency,0.75,-48.999999999999915,-49.000000000000085,replayed_feasible,w2640_previous_a8,w2640_previous_a8,True
2640,previous,3450,6090,profile_0022,low_frequency,0.47,5.409599999999983,5.409599999999826,energy_or_commitment_infeasible,w2640_previous_a19,,False
2640,previous,3450,6090,profile_0023,piecewise,0.9,-48.99999999999995,-49.00000000000006,replayed_feasible,w2640_previous_a20,w2640_previous_a20,False
2640,previous,3450,6090,profile_0024,high_frequency,0.39,19.835199999999976,19.83519999999982,energy_or_commitment_infeasible,w2640_previous_a21,,False
2640,previous,3450,6090,profile_0025,low_frequency,0.31,34.260799999999975,34.26079999999982,energy_or_commitment_infeasible,w2640_previous_a22,,False
2640,previous,3450,6090,profile_0026,piecewise,0.4,18.031999999999968,18.03199999999981,energy_or_commitment_infeasible,w2640_previous_a23,,False
2640,previous,3450,6090,profile_0027,high_frequency,0.5713561544405182,-15.201963337327824,-15.201963337328008,energy_or_commitment_infeasible,w2640_previous_a24,,False
2640,previous,3450,6090,profile_0028,low_frequency,0.66,-34.086956521739175,-34.08695652173936,replayed_feasible,w2640_previous_a25,w2640_previous_a25,False
2640,previous,3450,6090,profile_0029,piecewise,0.57,-14.913043478260883,-14.913043478261068,energy_or_commitment_infeasible,w2640_previous_a26,,False
2640,previous,3450,6090,profile_0030,high_frequency,0.44,10.819199999999979,10.819199999999823,energy_or_commitment_infeasible,w2640_previous_a27,,False
2640,previous,3450,6090,profile_0031,low_frequency,0.37,23.44159999999998,23.44159999999982,energy_or_commitment_infeasible,w2640_previous_a28,,False
2640,previous,3450,6090,profile_0032,piecewise,0.15,49.00000000000006,48.999999999999936,energy_or_commitment_infeasible,w2640_previous_a2,,True
2640,previous,3450,6090,profile_0033,high_frequency,0.26432192277974087,42.4974708843571,42.49747088435694,energy_or_commitment_infeasible,w2640_previous_a29,,False
2640,previous,3450,6090,profile_0034,low_frequency,0.47,5.409599999999983,5.409599999999826,energy_or_commitment_infeasible,w2640_previous_a19,,True
2640,previous,3450,6090,profile_0035,piecewise,0.89,-48.99999999999995,-49.00000000000006,replayed_feasible,w2640_previous_a20,w2640_previous_a20,True
2640,previous,3450,6090,profile_0036,high_frequency,0.61,-23.434782608695684,-23.43478260869587,energy_or_commitment_infeasible,w2640_previous_a30,,False
2640,previous,3450,6090,profile_0037,low_frequency,0.6756780772202592,-37.42706862518567,-37.42706862518585,replayed_feasible,w2640_previous_a31,w2640_previous_a31,False
2640,previous,3450,6090,profile_0038,piecewise,0.72,-46.86956521739134,-46.869565217391525,replayed_feasible,w2640_previous_a32,w2640_previous_a32,False
2640,previous,3450,6090,profile_0039,high_frequency,0.43567807722025914,11.59852911564284,11.598529115642684,energy_or_commitment_infeasible,w2640_previous_a33,,False
2640,previous,3450,6090,profile_0040,low_frequency,0.56,-12.78260869565221,-12.782608695652396,energy_or_commitment_infeasible,w2640_previous_a34,,False
2640,previous,3450,6090,profile_0041,piecewise,0.69,-40.478260869565226,-40.47826086956541,replayed_feasible,w2640_previous_a35,w2640_previous_a35,False
2640,previous,3450,6090,profile_0042,high_frequency,0.5886438455594817,-18.88499318441135,-18.884993184411538,energy_or_commitment_infeasible,w2640_previous_a36,,False
2640,previous,3450,6090,profile_0043,low_frequency,0.17,49.000000000000064,48.999999999999936,energy_or_commitment_infeasible,w2640_previous_a37,,False
2640,previous,3450,6090,profile_0044,piecewise,0.33,30.65439999999997,30.65439999999981,energy_or_commitment_infeasible,w2640_previous_a38,,False
2640,previous,3450,6090,profile_0045,high_frequency,0.3570342316607774,25.77958734692859,25.779587346928434,energy_or_commitment_infeasible,w2640_previous_a39,,False
2640,previous,3450,6090,profile_0046,low_frequency,0.71,-44.73913043478263,-44.73913043478282,replayed_feasible,w2640_previous_a40,w2640_previous_a40,False
2640,previous,3450,6090,profile_0047,piecewise,0.31,34.260799999999975,34.26079999999982,energy_or_commitment_infeasible,w2640_previous_a22,,True
2640,previous,3450,6090,profile_0048,high_frequency,0.3343219227797409,29.875070884357093,29.875070884356937,energy_or_commitment_infeasible,w2640_previous_a41,,False
2640,previous,3450,6090,profile_0049,low_frequency,0.73,-48.99999999999991,-49.00000000000009,replayed_feasible,w2640_previous_a42,w2640_previous_a42,False
2640,previous,3450,6090,profile_0050,piecewise,0.75,-48.999999999999915,-49.000000000000085,replayed_feasible,w2640_previous_a8,w2640_previous_a8,True
2640,previous,3450,6090,profile_0051,high_frequency,0.45,9.015999999999972,9.015999999999815,energy_or_commitment_infeasible,w2640_previous_a5,,True
2640,previous,3450,6090,profile_0052,low_frequency,0.83,-48.99999999999994,-49.00000000000007,replayed_feasible,w2640_previous_a43,w2640_previous_a43,False
2640,previous,3450,6090,profile_0053,piecewise,0.61,-23.434782608695684,-23.43478260869587,energy_or_commitment_infeasible,w2640_previous_a30,,True
2640,previous,3450,6090,profile_0054,high_frequency,0.28,39.67039999999997,39.670399999999816,energy_or_commitment_infeasible,w2640_previous_a44,,False
2640,previous,3450,6090,profile_0055,low_frequency,0.38,21.638399999999972,21.638399999999816,energy_or_commitment_infeasible,w2640_previous_a45,,False
2640,previous,3450,6090,profile_0056,piecewise,0.19,49.00000000000007,48.99999999999993,energy_or_commitment_infeasible,w2640_previous_a46,,False
2640,previous,3450,6090,profile_0057,high_frequency,0.46,7.212799999999964,7.212799999999807,energy_or_commitment_infeasible,w2640_previous_a47,,False
2640,previous,3450,6090,profile_0058,low_frequency,0.39,19.835199999999976,19.83519999999982,energy_or_commitment_infeasible,w2640_previous_a21,,True
2640,previous,3450,6090,profile_0059,piecewise,0.68,-38.34782608695655,-38.347826086956736,replayed_feasible,w2640_previous_a48,w2640_previous_a48,False
2640,previous,3450,6090,profile_0060,high_frequency,0.64,-29.826086956521767,-29.82608695652195,replayed_feasible,w2640_previous_a11,w2640_previous_a11,True
2640,previous,3450,6090,profile_0061,low_frequency,0.21,49.00000000000007,48.99999999999993,energy_or_commitment_infeasible,w2640_previous_a46,,True
2640,previous,3450,6090,profile_0062,piecewise,0.11,49.00000000000005,48.99999999999994,energy_or_commitment_infeasible,w2640_previous_a49,,False
2640,previous,3450,6090,profile_0063,high_frequency,0.5056780772202591,-1.209677320837853,-1.2096773208380385,energy_or_commitment_infeasible,w2640_previous_a50,,False
2700,previous,3390,6090,profile_0000,constant,0.05,49.00000000000005,48.99999999999996,energy_or_commitment_infeasible,w2700_previous_a1,,False
2700,previous,3390,6090,profile_0001,constant,0.15,49.00000000000006,48.999999999999936,energy_or_commitment_infeasible,w2700_previous_a2,,False
2700,previous,3390,6090,profile_0002,constant,0.25,45.07999999999998,45.07999999999982,energy_or_commitment_infeasible,w2700_previous_a3,,False
2700,previous,3390,6090,profile_0003,constant,0.35,27.04799999999998,27.047999999999824,energy_or_commitment_infeasible,w2700_previous_a4,,False
2700,previous,3390,6090,profile_0004,constant,0.45,9.015999999999972,9.015999999999815,energy_or_commitment_infeasible,w2700_previous_a5,,False
2700,previous,3390,6090,profile_0005,constant,0.55,-10.652173913043521,-10.652173913043706,energy_or_commitment_infeasible,w2700_previous_a6,,False
2700,previous,3390,6090,profile_0006,constant,0.65,-31.95652173913047,-31.956521739130658,replayed_feasible,w2700_previous_a7,w2700_previous_a7,False
2700,previous,3390,6090,profile_0007,constant,0.75,-48.999999999999915,-49.000000000000085,replayed_feasible,w2700_previous_a8,w2700_previous_a8,False
2700,previous,3390,6090,profile_0008,constant,0.85,-48.99999999999994,-49.000000000000064,replayed_feasible,w2700_previous_a9,w2700_previous_a9,False
2700,previous,3390,6090,profile_0009,constant,0.95,-48.99999999999995,-49.00000000000005,replayed_feasible,w2700_previous_a10,w2700_previous_a10,False
2700,previous,3390,6090,profile_0010,ramp,0.64,-29.826086956521767,-29.82608695652195,replayed_feasible,w2700_previous_a11,w2700_previous_a11,False
2700,previous,3390,6090,profile_0011,ramp,0.36,25.244799999999973,25.244799999999817,energy_or_commitment_infeasible,w2700_previous_a12,,False
2700,previous,3390,6090,profile_0012,ramp,0.59,-19.17391304347829,-19.17391304347848,energy_or_commitment_infeasible,w2700_previous_a13,,False
2700,previous,3390,6090,profile_0013,ramp,0.41,16.228799999999975,16.22879999999982,energy_or_commitment_infeasible,w2700_previous_a14,,False
2700,previous,3390,6090,profile_0014,ramp,0.55,-10.652173913043521,-10.652173913043706,energy_or_commitment_infeasible,w2700_previous_a6,,True
2700,previous,3390,6090,profile_0015,ramp,0.45,9.015999999999972,9.015999999999815,energy_or_commitment_infeasible,w2700_previous_a5,,True
2700,previous,3390,6090,profile_0016,low_frequency,0.36,25.244799999999973,25.244799999999817,energy_or_commitment_infeasible,w2700_previous_a12,,True
2700,previous,3390,6090,profile_0017,piecewise,0.3,36.06399999999998,36.06399999999982,energy_or_commitment_infeasible,w2700_previous_a15,,False
2700,previous,3390,6090,profile_0018,high_frequency,0.62,-25.565217391304373,-25.565217391304557,energy_or_commitment_infeasible,w2700_previous_a16,,False
2700,previous,3390,6090,profile_0019,low_frequency,0.29,37.867199999999976,37.86719999999982,energy_or_commitment_infeasible,w2700_previous_a17,,False
2700,previous,3390,6090,profile_0020,piecewise,0.53,-6.391304347826128,-6.391304347826313,energy_or_commitment_infeasible,w2700_previous_a18,,False
2700,previous,3390,6090,profile_0021,high_frequency,0.75,-48.999999999999915,-49.000000000000085,replayed_feasible,w2700_previous_a8,w2700_previous_a8,True
2700,previous,3390,6090,profile_0022,low_frequency,0.47,5.409599999999983,5.409599999999826,energy_or_commitment_infeasible,w2700_previous_a19,,False
2700,previous,3390,6090,profile_0023,piecewise,0.9,-48.99999999999995,-49.00000000000006,replayed_feasible,w2700_previous_a20,w2700_previous_a20,False
2700,previous,3390,6090,profile_0024,high_frequency,0.39,19.835199999999976,19.83519999999982,energy_or_commitment_infeasible,w2700_previous_a21,,False
2700,previous,3390,6090,profile_0025,low_frequency,0.31,34.260799999999975,34.26079999999982,energy_or_commitment_infeasible,w2700_previous_a22,,False
2700,previous,3390,6090,profile_0026,piecewise,0.4,18.031999999999968,18.03199999999981,energy_or_commitment_infeasible,w2700_previous_a23,,False
2700,previous,3390,6090,profile_0027,high_frequency,0.5713561544405182,-15.201963337327824,-15.201963337328008,energy_or_commitment_infeasible,w2700_previous_a24,,False
2700,previous,3390,6090,profile_0028,low_frequency,0.66,-34.086956521739175,-34.08695652173936,replayed_feasible,w2700_previous_a25,w2700_previous_a25,False
2700,previous,3390,6090,profile_0029,piecewise,0.57,-14.913043478260883,-14.913043478261068,energy_or_commitment_infeasible,w2700_previous_a26,,False
2700,previous,3390,6090,profile_0030,high_frequency,0.44,10.819199999999979,10.819199999999823,energy_or_commitment_infeasible,w2700_previous_a27,,False
2700,previous,3390,6090,profile_0031,low_frequency,0.37,23.44159999999998,23.44159999999982,energy_or_commitment_infeasible,w2700_previous_a28,,False
2700,previous,3390,6090,profile_0032,piecewise,0.15,49.00000000000006,48.999999999999936,energy_or_commitment_infeasible,w2700_previous_a2,,True
2700,previous,3390,6090,profile_0033,high_frequency,0.26432192277974087,42.4974708843571,42.49747088435694,energy_or_commitment_infeasible,w2700_previous_a29,,False
2700,previous,3390,6090,profile_0034,low_frequency,0.47,5.409599999999983,5.409599999999826,energy_or_commitment_infeasible,w2700_previous_a19,,True
2700,previous,3390,6090,profile_0035,piecewise,0.89,-48.99999999999995,-49.00000000000006,replayed_feasible,w2700_previous_a20,w2700_previous_a20,True
2700,previous,3390,6090,profile_0036,high_frequency,0.61,-23.434782608695684,-23.43478260869587,energy_or_commitment_infeasible,w2700_previous_a30,,False
2700,previous,3390,6090,profile_0037,low_frequency,0.6756780772202592,-37.42706862518567,-37.42706862518585,replayed_feasible,w2700_previous_a31,w2700_previous_a31,False
2700,previous,3390,6090,profile_0038,piecewise,0.72,-46.86956521739134,-46.869565217391525,replayed_feasible,w2700_previous_a32,w2700_previous_a32,False
2700,previous,3390,6090,profile_0039,high_frequency,0.43567807722025914,11.59852911564284,11.598529115642684,energy_or_commitment_infeasible,w2700_previous_a33,,False
2700,previous,3390,6090,profile_0040,low_frequency,0.56,-12.78260869565221,-12.782608695652396,energy_or_commitment_infeasible,w2700_previous_a34,,False
2700,previous,3390,6090,profile_0041,piecewise,0.69,-40.478260869565226,-40.47826086956541,replayed_feasible,w2700_previous_a35,w2700_previous_a35,False
2700,previous,3390,6090,profile_0042,high_frequency,0.5886438455594817,-18.88499318441135,-18.884993184411538,energy_or_commitment_infeasible,w2700_previous_a36,,False
2700,previous,3390,6090,profile_0043,low_frequency,0.17,49.000000000000064,48.999999999999936,energy_or_commitment_infeasible,w2700_previous_a37,,False
2700,previous,3390,6090,profile_0044,piecewise,0.33,30.65439999999997,30.65439999999981,energy_or_commitment_infeasible,w2700_previous_a38,,False
2700,previous,3390,6090,profile_0045,high_frequency,0.3570342316607774,25.77958734692859,25.779587346928434,energy_or_commitment_infeasible,w2700_previous_a39,,False
2700,previous,3390,6090,profile_0046,low_frequency,0.71,-44.73913043478263,-44.73913043478282,replayed_feasible,w2700_previous_a40,w2700_previous_a40,False
2700,previous,3390,6090,profile_0047,piecewise,0.31,34.260799999999975,34.26079999999982,energy_or_commitment_infeasible,w2700_previous_a22,,True
2700,previous,3390,6090,profile_0048,high_frequency,0.3343219227797409,29.875070884357093,29.875070884356937,energy_or_commitment_infeasible,w2700_previous_a41,,False
2700,previous,3390,6090,profile_0049,low_frequency,0.73,-48.99999999999991,-49.00000000000009,replayed_feasible,w2700_previous_a42,w2700_previous_a42,False
2700,previous,3390,6090,profile_0050,piecewise,0.75,-48.999999999999915,-49.000000000000085,replayed_feasible,w2700_previous_a8,w2700_previous_a8,True
2700,previous,3390,6090,profile_0051,high_frequency,0.45,9.015999999999972,9.015999999999815,energy_or_commitment_infeasible,w2700_previous_a5,,True
2700,previous,3390,6090,profile_0052,low_frequency,0.83,-48.99999999999994,-49.00000000000007,replayed_feasible,w2700_previous_a43,w2700_previous_a43,False
2700,previous,3390,6090,profile_0053,piecewise,0.61,-23.434782608695684,-23.43478260869587,energy_or_commitment_infeasible,w2700_previous_a30,,True
2700,previous,3390,6090,profile_0054,high_frequency,0.28,39.67039999999997,39.670399999999816,energy_or_commitment_infeasible,w2700_previous_a44,,False
2700,previous,3390,6090,profile_0055,low_frequency,0.38,21.638399999999972,21.638399999999816,energy_or_commitment_infeasible,w2700_previous_a45,,False
2700,previous,3390,6090,profile_0056,piecewise,0.19,49.00000000000007,48.99999999999993,energy_or_commitment_infeasible,w2700_previous_a46,,False
2700,previous,3390,6090,profile_0057,high_frequency,0.46,7.212799999999964,7.212799999999807,energy_or_commitment_infeasible,w2700_previous_a47,,False
2700,previous,3390,6090,profile_0058,low_frequency,0.39,19.835199999999976,19.83519999999982,energy_or_commitment_infeasible,w2700_previous_a21,,True
2700,previous,3390,6090,profile_0059,piecewise,0.68,-38.34782608695655,-38.347826086956736,replayed_feasible,w2700_previous_a48,w2700_previous_a48,False
2700,previous,3390,6090,profile_0060,high_frequency,0.64,-29.826086956521767,-29.82608695652195,replayed_feasible,w2700_previous_a11,w2700_previous_a11,True
2700,previous,3390,6090,profile_0061,low_frequency,0.21,49.00000000000007,48.99999999999993,energy_or_commitment_infeasible,w2700_previous_a46,,True
2700,previous,3390,6090,profile_0062,piecewise,0.11,49.00000000000005,48.99999999999994,energy_or_commitment_infeasible,w2700_previous_a49,,False
2700,previous,3390,6090,profile_0063,high_frequency,0.5056780772202591,-1.209677320837853,-1.2096773208380385,energy_or_commitment_infeasible,w2700_previous_a50,,False
2760,previous,3330,6090,profile_0000,constant,0.05,49.00000000000005,48.99999999999996,energy_or_commitment_infeasible,w2760_previous_a1,,False
2760,previous,3330,6090,profile_0001,constant,0.15,49.00000000000006,48.999999999999936,energy_or_commitment_infeasible,w2760_previous_a2,,False
2760,previous,3330,6090,profile_0002,constant,0.25,45.07999999999998,45.07999999999982,energy_or_commitment_infeasible,w2760_previous_a3,,False
2760,previous,3330,6090,profile_0003,constant,0.35,27.04799999999998,27.047999999999824,energy_or_commitment_infeasible,w2760_previous_a4,,False
2760,previous,3330,6090,profile_0004,constant,0.45,9.015999999999972,9.015999999999815,energy_or_commitment_infeasible,w2760_previous_a5,,False
2760,previous,3330,6090,profile_0005,constant,0.55,-10.652173913043521,-10.652173913043706,energy_or_commitment_infeasible,w2760_previous_a6,,False
2760,previous,3330,6090,profile_0006,constant,0.65,-31.95652173913047,-31.956521739130658,replayed_feasible,w2760_previous_a7,w2760_previous_a7,False
2760,previous,3330,6090,profile_0007,constant,0.75,-48.999999999999915,-49.000000000000085,replayed_feasible,w2760_previous_a8,w2760_previous_a8,False
2760,previous,3330,6090,profile_0008,constant,0.85,-48.99999999999994,-49.000000000000064,replayed_feasible,w2760_previous_a9,w2760_previous_a9,False
2760,previous,3330,6090,profile_0009,constant,0.95,-48.99999999999995,-49.00000000000005,replayed_feasible,w2760_previous_a10,w2760_previous_a10,False
2760,previous,3330,6090,profile_0010,ramp,0.64,-29.826086956521767,-29.82608695652195,replayed_feasible,w2760_previous_a11,w2760_previous_a11,False
2760,previous,3330,6090,profile_0011,ramp,0.36,25.244799999999973,25.244799999999817,energy_or_commitment_infeasible,w2760_previous_a12,,False
2760,previous,3330,6090,profile_0012,ramp,0.59,-19.17391304347829,-19.17391304347848,energy_or_commitment_infeasible,w2760_previous_a13,,False
2760,previous,3330,6090,profile_0013,ramp,0.41,16.228799999999975,16.22879999999982,energy_or_commitment_infeasible,w2760_previous_a14,,False
2760,previous,3330,6090,profile_0014,ramp,0.55,-10.652173913043521,-10.652173913043706,energy_or_commitment_infeasible,w2760_previous_a6,,True
2760,previous,3330,6090,profile_0015,ramp,0.45,9.015999999999972,9.015999999999815,energy_or_commitment_infeasible,w2760_previous_a5,,True
2760,previous,3330,6090,profile_0016,low_frequency,0.36,25.244799999999973,25.244799999999817,energy_or_commitment_infeasible,w2760_previous_a12,,True
2760,previous,3330,6090,profile_0017,piecewise,0.3,36.06399999999998,36.06399999999982,energy_or_commitment_infeasible,w2760_previous_a15,,False
2760,previous,3330,6090,profile_0018,high_frequency,0.62,-25.565217391304373,-25.565217391304557,energy_or_commitment_infeasible,w2760_previous_a16,,False
2760,previous,3330,6090,profile_0019,low_frequency,0.29,37.867199999999976,37.86719999999982,energy_or_commitment_infeasible,w2760_previous_a17,,False
2760,previous,3330,6090,profile_0020,piecewise,0.53,-6.391304347826128,-6.391304347826313,energy_or_commitment_infeasible,w2760_previous_a18,,False
2760,previous,3330,6090,profile_0021,high_frequency,0.75,-48.999999999999915,-49.000000000000085,replayed_feasible,w2760_previous_a8,w2760_previous_a8,True
2760,previous,3330,6090,profile_0022,low_frequency,0.47,5.409599999999983,5.409599999999826,energy_or_commitment_infeasible,w2760_previous_a19,,False
2760,previous,3330,6090,profile_0023,piecewise,0.9,-48.99999999999995,-49.00000000000006,replayed_feasible,w2760_previous_a20,w2760_previous_a20,False
2760,previous,3330,6090,profile_0024,high_frequency,0.39,19.835199999999976,19.83519999999982,energy_or_commitment_infeasible,w2760_previous_a21,,False
2760,previous,3330,6090,profile_0025,low_frequency,0.31,34.260799999999975,34.26079999999982,energy_or_commitment_infeasible,w2760_previous_a22,,False
2760,previous,3330,6090,profile_0026,piecewise,0.4,18.031999999999968,18.03199999999981,energy_or_commitment_infeasible,w2760_previous_a23,,False
2760,previous,3330,6090,profile_0027,high_frequency,0.5713561544405182,-15.201963337327824,-15.201963337328008,energy_or_commitment_infeasible,w2760_previous_a24,,False
2760,previous,3330,6090,profile_0028,low_frequency,0.66,-34.086956521739175,-34.08695652173936,replayed_feasible,w2760_previous_a25,w2760_previous_a25,False
2760,previous,3330,6090,profile_0029,piecewise,0.57,-14.913043478260883,-14.913043478261068,energy_or_commitment_infeasible,w2760_previous_a26,,False
2760,previous,3330,6090,profile_0030,high_frequency,0.44,10.819199999999979,10.819199999999823,energy_or_commitment_infeasible,w2760_previous_a27,,False
2760,previous,3330,6090,profile_0031,low_frequency,0.37,23.44159999999998,23.44159999999982,energy_or_commitment_infeasible,w2760_previous_a28,,False
2760,previous,3330,6090,profile_0032,piecewise,0.15,49.00000000000006,48.999999999999936,energy_or_commitment_infeasible,w2760_previous_a2,,True
2760,previous,3330,6090,profile_0033,high_frequency,0.26432192277974087,42.4974708843571,42.49747088435694,energy_or_commitment_infeasible,w2760_previous_a29,,False
2760,previous,3330,6090,profile_0034,low_frequency,0.47,5.409599999999983,5.409599999999826,energy_or_commitment_infeasible,w2760_previous_a19,,True
2760,previous,3330,6090,profile_0035,piecewise,0.89,-48.99999999999995,-49.00000000000006,replayed_feasible,w2760_previous_a20,w2760_previous_a20,True
2760,previous,3330,6090,profile_0036,high_frequency,0.61,-23.434782608695684,-23.43478260869587,energy_or_commitment_infeasible,w2760_previous_a30,,False
2760,previous,3330,6090,profile_0037,low_frequency,0.6756780772202592,-37.42706862518567,-37.42706862518585,replayed_feasible,w2760_previous_a31,w2760_previous_a31,False
2760,previous,3330,6090,profile_0038,piecewise,0.72,-46.86956521739134,-46.869565217391525,replayed_feasible,w2760_previous_a32,w2760_previous_a32,False
2760,previous,3330,6090,profile_0039,high_frequency,0.43567807722025914,11.59852911564284,11.598529115642684,energy_or_commitment_infeasible,w2760_previous_a33,,False
2760,previous,3330,6090,profile_0040,low_frequency,0.56,-12.78260869565221,-12.782608695652396,energy_or_commitment_infeasible,w2760_previous_a34,,False
2760,previous,3330,6090,profile_0041,piecewise,0.69,-40.478260869565226,-40.47826086956541,replayed_feasible,w2760_previous_a35,w2760_previous_a35,False
2760,previous,3330,6090,profile_0042,high_frequency,0.5886438455594817,-18.88499318441135,-18.884993184411538,energy_or_commitment_infeasible,w2760_previous_a36,,False
2760,previous,3330,6090,profile_0043,low_frequency,0.17,49.000000000000064,48.999999999999936,energy_or_commitment_infeasible,w2760_previous_a37,,False
2760,previous,3330,6090,profile_0044,piecewise,0.33,30.65439999999997,30.65439999999981,energy_or_commitment_infeasible,w2760_previous_a38,,False
2760,previous,3330,6090,profile_0045,high_frequency,0.3570342316607774,25.77958734692859,25.779587346928434,energy_or_commitment_infeasible,w2760_previous_a39,,False
2760,previous,3330,6090,profile_0046,low_frequency,0.71,-44.73913043478263,-44.73913043478282,replayed_feasible,w2760_previous_a40,w2760_previous_a40,False
2760,previous,3330,6090,profile_0047,piecewise,0.31,34.260799999999975,34.26079999999982,energy_or_commitment_infeasible,w2760_previous_a22,,True
2760,previous,3330,6090,profile_0048,high_frequency,0.3343219227797409,29.875070884357093,29.875070884356937,energy_or_commitment_infeasible,w2760_previous_a41,,False
2760,previous,3330,6090,profile_0049,low_frequency,0.73,-48.99999999999991,-49.00000000000009,replayed_feasible,w2760_previous_a42,w2760_previous_a42,False
2760,previous,3330,6090,profile_0050,piecewise,0.75,-48.999999999999915,-49.000000000000085,replayed_feasible,w2760_previous_a8,w2760_previous_a8,True
2760,previous,3330,6090,profile_0051,high_frequency,0.45,9.015999999999972,9.015999999999815,energy_or_commitment_infeasible,w2760_previous_a5,,True
2760,previous,3330,6090,profile_0052,low_frequency,0.83,-48.99999999999994,-49.00000000000007,replayed_feasible,w2760_previous_a43,w2760_previous_a43,False
2760,previous,3330,6090,profile_0053,piecewise,0.61,-23.434782608695684,-23.43478260869587,energy_or_commitment_infeasible,w2760_previous_a30,,True
2760,previous,3330,6090,profile_0054,high_frequency,0.28,39.67039999999997,39.670399999999816,energy_or_commitment_infeasible,w2760_previous_a44,,False
2760,previous,3330,6090,profile_0055,low_frequency,0.38,21.638399999999972,21.638399999999816,energy_or_commitment_infeasible,w2760_previous_a45,,False
2760,previous,3330,6090,profile_0056,piecewise,0.19,49.00000000000007,48.99999999999993,energy_or_commitment_infeasible,w2760_previous_a46,,False
2760,previous,3330,6090,profile_0057,high_frequency,0.46,7.212799999999964,7.212799999999807,energy_or_commitment_infeasible,w2760_previous_a47,,False
2760,previous,3330,6090,profile_0058,low_frequency,0.39,19.835199999999976,19.83519999999982,energy_or_commitment_infeasible,w2760_previous_a21,,True
2760,previous,3330,6090,profile_0059,piecewise,0.68,-38.34782608695655,-38.347826086956736,replayed_feasible,w2760_previous_a48,w2760_previous_a48,False
2760,previous,3330,6090,profile_0060,high_frequency,0.64,-29.826086956521767,-29.82608695652195,replayed_feasible,w2760_previous_a11,w2760_previous_a11,True
2760,previous,3330,6090,profile_0061,low_frequency,0.21,49.00000000000007,48.99999999999993,energy_or_commitment_infeasible,w2760_previous_a46,,True
2760,previous,3330,6090,profile_0062,piecewise,0.11,49.00000000000005,48.99999999999994,energy_or_commitment_infeasible,w2760_previous_a49,,False
2760,previous,3330,6090,profile_0063,high_frequency,0.5056780772202591,-1.209677320837853,-1.2096773208380385,energy_or_commitment_infeasible,w2760_previous_a50,,False
2820,previous,3270,6090,profile_0000,constant,0.05,49.00000000000004,48.99999999999996,energy_or_commitment_infeasible,w2820_previous_a1,,False
2820,previous,3270,6090,profile_0001,constant,0.15,49.00000000000005,48.99999999999994,energy_or_commitment_infeasible,w2820_previous_a2,,False
2820,previous,3270,6090,profile_0002,constant,0.25,45.07999999999998,45.079999999999835,energy_or_commitment_infeasible,w2820_previous_a3,,False
2820,previous,3270,6090,profile_0003,constant,0.35,27.04799999999998,27.047999999999835,energy_or_commitment_infeasible,w2820_previous_a4,,False
2820,previous,3270,6090,profile_0004,constant,0.45,9.015999999999972,9.015999999999828,energy_or_commitment_infeasible,w2820_previous_a5,,False
2820,previous,3270,6090,profile_0005,constant,0.55,-10.652173913043521,-10.652173913043692,energy_or_commitment_infeasible,w2820_previous_a6,,False
2820,previous,3270,6090,profile_0006,constant,0.65,-31.95652173913047,-31.95652173913064,replayed_feasible,w2820_previous_a7,w2820_previous_a7,False
2820,previous,3270,6090,profile_0007,constant,0.75,-48.99999999999992,-49.00000000000008,replayed_feasible,w2820_previous_a8,w2820_previous_a8,False
2820,previous,3270,6090,profile_0008,constant,0.85,-48.99999999999994,-49.00000000000006,replayed_feasible,w2820_previous_a9,w2820_previous_a9,False
2820,previous,3270,6090,profile_0009,constant,0.95,-48.99999999999996,-49.00000000000004,replayed_feasible,w2820_previous_a10,w2820_previous_a10,False
2820,previous,3270,6090,profile_0010,ramp,0.64,-29.826086956521767,-29.826086956521937,replayed_feasible,w2820_previous_a11,w2820_previous_a11,False
2820,previous,3270,6090,profile_0011,ramp,0.36,25.244799999999973,25.244799999999827,energy_or_commitment_infeasible,w2820_previous_a12,,False
2820,previous,3270,6090,profile_0012,ramp,0.59,-19.17391304347829,-19.17391304347846,energy_or_commitment_infeasible,w2820_previous_a13,,False
2820,previous,3270,6090,profile_0013,ramp,0.41,16.228799999999975,16.228799999999833,energy_or_commitment_infeasible,w2820_previous_a14,,False
2820,previous,3270,6090,profile_0014,ramp,0.55,-10.652173913043521,-10.652173913043692,energy_or_commitment_infeasible,w2820_previous_a6,,True
2820,previous,3270,6090,profile_0015,ramp,0.45,9.015999999999972,9.015999999999828,energy_or_commitment_infeasible,w2820_previous_a5,,True
2820,previous,3270,6090,profile_0016,low_frequency,0.36,25.244799999999973,25.244799999999827,energy_or_commitment_infeasible,w2820_previous_a12,,True
2820,previous,3270,6090,profile_0017,piecewise,0.3,36.06399999999998,36.06399999999984,energy_or_commitment_infeasible,w2820_previous_a15,,False
2820,previous,3270,6090,profile_0018,high_frequency,0.62,-25.565217391304373,-25.565217391304543,energy_or_commitment_infeasible,w2820_previous_a16,,False
2820,previous,3270,6090,profile_0019,low_frequency,0.29,37.867199999999976,37.86719999999983,energy_or_commitment_infeasible,w2820_previous_a17,,False
2820,previous,3270,6090,profile_0020,piecewise,0.53,-6.391304347826128,-6.391304347826298,energy_or_commitment_infeasible,w2820_previous_a18,,False
2820,previous,3270,6090,profile_0021,high_frequency,0.75,-48.99999999999992,-49.00000000000008,replayed_feasible,w2820_previous_a8,w2820_previous_a8,True
2820,previous,3270,6090,profile_0022,low_frequency,0.47,5.409599999999983,5.409599999999839,energy_or_commitment_infeasible,w2820_previous_a19,,False
2820,previous,3270,6090,profile_0023,piecewise,0.9,-48.99999999999995,-49.00000000000004,replayed_feasible,w2820_previous_a20,w2820_previous_a20,False
2820,previous,3270,6090,profile_0024,high_frequency,0.39,19.835199999999976,19.835199999999833,energy_or_commitment_infeasible,w2820_previous_a21,,False
2820,previous,3270,6090,profile_0025,low_frequency,0.31,34.260799999999975,34.26079999999983,energy_or_commitment_infeasible,w2820_previous_a22,,False
2820,previous,3270,6090,profile_0026,piecewise,0.4,18.031999999999968,18.031999999999826,energy_or_commitment_infeasible,w2820_previous_a23,,False
2820,previous,3270,6090,profile_0027,high_frequency,0.5713561544405182,-15.201963337327824,-15.201963337327994,energy_or_commitment_infeasible,w2820_previous_a24,,False
2820,previous,3270,6090,profile_0028,low_frequency,0.66,-34.086956521739175,-34.086956521739346,replayed_feasible,w2820_previous_a25,w2820_previous_a25,False
2820,previous,3270,6090,profile_0029,piecewise,0.57,-14.913043478260883,-14.913043478261054,energy_or_commitment_infeasible,w2820_previous_a26,,False
2820,previous,3270,6090,profile_0030,high_frequency,0.44,10.819199999999979,10.819199999999835,energy_or_commitment_infeasible,w2820_previous_a27,,False
2820,previous,3270,6090,profile_0031,low_frequency,0.37,23.44159999999998,23.441599999999834,energy_or_commitment_infeasible,w2820_previous_a28,,False
2820,previous,3270,6090,profile_0032,piecewise,0.15,49.00000000000005,48.99999999999994,energy_or_commitment_infeasible,w2820_previous_a2,,True
2820,previous,3270,6090,profile_0033,high_frequency,0.26432192277974087,42.4974708843571,42.49747088435696,energy_or_commitment_infeasible,w2820_previous_a29,,False
2820,previous,3270,6090,profile_0034,low_frequency,0.47,5.409599999999983,5.409599999999839,energy_or_commitment_infeasible,w2820_previous_a19,,True
2820,previous,3270,6090,profile_0035,piecewise,0.89,-48.99999999999995,-49.00000000000005,replayed_feasible,w2820_previous_a30,w2820_previous_a30,False
2820,previous,3270,6090,profile_0036,high_frequency,0.61,-23.434782608695684,-23.434782608695855,energy_or_commitment_infeasible,w2820_previous_a31,,False
2820,previous,3270,6090,profile_0037,low_frequency,0.6756780772202592,-37.42706862518567,-37.42706862518584,replayed_feasible,w2820_previous_a32,w2820_previous_a32,False
2820,previous,3270,6090,profile_0038,piecewise,0.72,-46.86956521739134,-46.86956521739151,replayed_feasible,w2820_previous_a33,w2820_previous_a33,False
2820,previous,3270,6090,profile_0039,high_frequency,0.43567807722025914,11.59852911564284,11.598529115642696,energy_or_commitment_infeasible,w2820_previous_a34,,False
2820,previous,3270,6090,profile_0040,low_frequency,0.56,-12.78260869565221,-12.78260869565238,energy_or_commitment_infeasible,w2820_previous_a35,,False
2820,previous,3270,6090,profile_0041,piecewise,0.69,-40.478260869565226,-40.478260869565396,replayed_feasible,w2820_previous_a36,w2820_previous_a36,False
2820,previous,3270,6090,profile_0042,high_frequency,0.5886438455594817,-18.88499318441135,-18.88499318441152,energy_or_commitment_infeasible,w2820_previous_a37,,False
2820,previous,3270,6090,profile_0043,low_frequency,0.17,49.000000000000064,48.999999999999936,energy_or_commitment_infeasible,w2820_previous_a38,,False
2820,previous,3270,6090,profile_0044,piecewise,0.33,30.65439999999997,30.654399999999825,energy_or_commitment_infeasible,w2820_previous_a39,,False
2820,previous,3270,6090,profile_0045,high_frequency,0.3570342316607774,25.77958734692859,25.779587346928444,energy_or_commitment_infeasible,w2820_previous_a40,,False
2820,previous,3270,6090,profile_0046,low_frequency,0.71,-44.73913043478263,-44.7391304347828,replayed_feasible,w2820_previous_a41,w2820_previous_a41,False
2820,previous,3270,6090,profile_0047,piecewise,0.31,34.260799999999975,34.26079999999983,energy_or_commitment_infeasible,w2820_previous_a22,,True
2820,previous,3270,6090,profile_0048,high_frequency,0.3343219227797409,29.875070884357093,29.87507088435695,energy_or_commitment_infeasible,w2820_previous_a42,,False
2820,previous,3270,6090,profile_0049,low_frequency,0.73,-48.999999999999915,-49.000000000000085,replayed_feasible,w2820_previous_a43,w2820_previous_a43,False
2820,previous,3270,6090,profile_0050,piecewise,0.75,-48.99999999999992,-49.00000000000008,replayed_feasible,w2820_previous_a8,w2820_previous_a8,True
2820,previous,3270,6090,profile_0051,high_frequency,0.45,9.015999999999972,9.015999999999828,energy_or_commitment_infeasible,w2820_previous_a5,,True
2820,previous,3270,6090,profile_0052,low_frequency,0.83,-48.99999999999994,-49.00000000000005,replayed_feasible,w2820_previous_a44,w2820_previous_a44,False
2820,previous,3270,6090,profile_0053,piecewise,0.61,-23.434782608695684,-23.434782608695855,energy_or_commitment_infeasible,w2820_previous_a31,,True
2820,previous,3270,6090,profile_0054,high_frequency,0.28,39.67039999999997,39.67039999999983,energy_or_commitment_infeasible,w2820_previous_a45,,False
2820,previous,3270,6090,profile_0055,low_frequency,0.38,21.638399999999972,21.638399999999827,energy_or_commitment_infeasible,w2820_previous_a46,,False
2820,previous,3270,6090,profile_0056,piecewise,0.19,49.000000000000064,48.999999999999936,energy_or_commitment_infeasible,w2820_previous_a38,,True
2820,previous,3270,6090,profile_0057,high_frequency,0.46,7.212799999999964,7.21279999999982,energy_or_commitment_infeasible,w2820_previous_a47,,False
2820,previous,3270,6090,profile_0058,low_frequency,0.39,19.835199999999976,19.835199999999833,energy_or_commitment_infeasible,w2820_previous_a21,,True
2820,previous,3270,6090,profile_0059,piecewise,0.68,-38.34782608695655,-38.34782608695672,replayed_feasible,w2820_previous_a48,w2820_previous_a48,False
2820,previous,3270,6090,profile_0060,high_frequency,0.64,-29.826086956521767,-29.826086956521937,replayed_feasible,w2820_previous_a11,w2820_previous_a11,True
2820,previous,3270,6090,profile_0061,low_frequency,0.21,49.00000000000007,48.999999999999936,energy_or_commitment_infeasible,w2820_previous_a49,,False
2820,previous,3270,6090,profile_0062,piecewise,0.11,49.00000000000005,48.99999999999995,energy_or_commitment_infeasible,w2820_previous_a50,,False
2820,previous,3270,6090,profile_0063,high_frequency,0.5056780772202591,-1.209677320837853,-1.2096773208380232,energy_or_commitment_infeasible,w2820_previous_a51,,False
2880,previous,3210,6090,profile_0000,constant,0.05,49.00000000000004,48.99999999999996,energy_or_commitment_infeasible,w2880_previous_a1,,False
2880,previous,3210,6090,profile_0001,constant,0.15,49.00000000000005,48.99999999999994,energy_or_commitment_infeasible,w2880_previous_a2,,False
2880,previous,3210,6090,profile_0002,constant,0.25,45.07999999999998,45.079999999999835,energy_or_commitment_infeasible,w2880_previous_a3,,False
2880,previous,3210,6090,profile_0003,constant,0.35,27.04799999999998,27.047999999999835,energy_or_commitment_infeasible,w2880_previous_a4,,False
2880,previous,3210,6090,profile_0004,constant,0.45,9.015999999999972,9.015999999999828,energy_or_commitment_infeasible,w2880_previous_a5,,False
2880,previous,3210,6090,profile_0005,constant,0.55,-10.652173913043521,-10.652173913043692,energy_or_commitment_infeasible,w2880_previous_a6,,False
2880,previous,3210,6090,profile_0006,constant,0.65,-31.95652173913047,-31.95652173913064,replayed_feasible,w2880_previous_a7,w2880_previous_a7,False
2880,previous,3210,6090,profile_0007,constant,0.75,-48.99999999999992,-49.00000000000008,replayed_feasible,w2880_previous_a8,w2880_previous_a8,False
2880,previous,3210,6090,profile_0008,constant,0.85,-48.99999999999994,-49.00000000000006,replayed_feasible,w2880_previous_a9,w2880_previous_a9,False
2880,previous,3210,6090,profile_0009,constant,0.95,-48.99999999999996,-49.00000000000004,replayed_feasible,w2880_previous_a10,w2880_previous_a10,False
2880,previous,3210,6090,profile_0010,ramp,0.64,-29.826086956521767,-29.826086956521937,replayed_feasible,w2880_previous_a11,w2880_previous_a11,False
2880,previous,3210,6090,profile_0011,ramp,0.36,25.244799999999973,25.244799999999827,energy_or_commitment_infeasible,w2880_previous_a12,,False
2880,previous,3210,6090,profile_0012,ramp,0.59,-19.17391304347829,-19.17391304347846,energy_or_commitment_infeasible,w2880_previous_a13,,False
2880,previous,3210,6090,profile_0013,ramp,0.41,16.228799999999975,16.228799999999833,energy_or_commitment_infeasible,w2880_previous_a14,,False
2880,previous,3210,6090,profile_0014,ramp,0.55,-10.652173913043521,-10.652173913043692,energy_or_commitment_infeasible,w2880_previous_a6,,True
2880,previous,3210,6090,profile_0015,ramp,0.45,9.015999999999972,9.015999999999828,energy_or_commitment_infeasible,w2880_previous_a5,,True
2880,previous,3210,6090,profile_0016,low_frequency,0.36,25.244799999999973,25.244799999999827,energy_or_commitment_infeasible,w2880_previous_a12,,True
2880,previous,3210,6090,profile_0017,piecewise,0.3,36.06399999999998,36.06399999999984,energy_or_commitment_infeasible,w2880_previous_a15,,False
2880,previous,3210,6090,profile_0018,high_frequency,0.62,-25.565217391304373,-25.565217391304543,energy_or_commitment_infeasible,w2880_previous_a16,,False
2880,previous,3210,6090,profile_0019,low_frequency,0.29,37.867199999999976,37.86719999999983,energy_or_commitment_infeasible,w2880_previous_a17,,False
2880,previous,3210,6090,profile_0020,piecewise,0.53,-6.391304347826128,-6.391304347826298,energy_or_commitment_infeasible,w2880_previous_a18,,False
2880,previous,3210,6090,profile_0021,high_frequency,0.75,-48.99999999999992,-49.00000000000008,replayed_feasible,w2880_previous_a8,w2880_previous_a8,True
2880,previous,3210,6090,profile_0022,low_frequency,0.47,5.409599999999983,5.409599999999839,energy_or_commitment_infeasible,w2880_previous_a19,,False
2880,previous,3210,6090,profile_0023,piecewise,0.9,-48.99999999999995,-49.00000000000004,replayed_feasible,w2880_previous_a20,w2880_previous_a20,False
2880,previous,3210,6090,profile_0024,high_frequency,0.39,19.835199999999976,19.835199999999833,energy_or_commitment_infeasible,w2880_previous_a21,,False
2880,previous,3210,6090,profile_0025,low_frequency,0.31,34.260799999999975,34.26079999999983,energy_or_commitment_infeasible,w2880_previous_a22,,False
2880,previous,3210,6090,profile_0026,piecewise,0.4,18.031999999999968,18.031999999999826,energy_or_commitment_infeasible,w2880_previous_a23,,False
2880,previous,3210,6090,profile_0027,high_frequency,0.5713561544405182,-15.201963337327824,-15.201963337327994,energy_or_commitment_infeasible,w2880_previous_a24,,False
2880,previous,3210,6090,profile_0028,low_frequency,0.66,-34.086956521739175,-34.086956521739346,replayed_feasible,w2880_previous_a25,w2880_previous_a25,False
2880,previous,3210,6090,profile_0029,piecewise,0.57,-14.913043478260883,-14.913043478261054,energy_or_commitment_infeasible,w2880_previous_a26,,False
2880,previous,3210,6090,profile_0030,high_frequency,0.44,10.819199999999979,10.819199999999835,energy_or_commitment_infeasible,w2880_previous_a27,,False
2880,previous,3210,6090,profile_0031,low_frequency,0.37,23.44159999999998,23.441599999999834,energy_or_commitment_infeasible,w2880_previous_a28,,False
2880,previous,3210,6090,profile_0032,piecewise,0.15,49.00000000000005,48.99999999999994,energy_or_commitment_infeasible,w2880_previous_a2,,True
2880,previous,3210,6090,profile_0033,high_frequency,0.26432192277974087,42.4974708843571,42.49747088435696,energy_or_commitment_infeasible,w2880_previous_a29,,False
2880,previous,3210,6090,profile_0034,low_frequency,0.47,5.409599999999983,5.409599999999839,energy_or_commitment_infeasible,w2880_previous_a19,,True
2880,previous,3210,6090,profile_0035,piecewise,0.89,-48.99999999999995,-49.00000000000005,replayed_feasible,w2880_previous_a30,w2880_previous_a30,False
2880,previous,3210,6090,profile_0036,high_frequency,0.61,-23.434782608695684,-23.434782608695855,energy_or_commitment_infeasible,w2880_previous_a31,,False
2880,previous,3210,6090,profile_0037,low_frequency,0.6756780772202592,-37.42706862518567,-37.42706862518584,replayed_feasible,w2880_previous_a32,w2880_previous_a32,False
2880,previous,3210,6090,profile_0038,piecewise,0.72,-46.86956521739134,-46.86956521739151,replayed_feasible,w2880_previous_a33,w2880_previous_a33,False
2880,previous,3210,6090,profile_0039,high_frequency,0.43567807722025914,11.59852911564284,11.598529115642696,energy_or_commitment_infeasible,w2880_previous_a34,,False
2880,previous,3210,6090,profile_0040,low_frequency,0.56,-12.78260869565221,-12.78260869565238,energy_or_commitment_infeasible,w2880_previous_a35,,False
2880,previous,3210,6090,profile_0041,piecewise,0.69,-40.478260869565226,-40.478260869565396,replayed_feasible,w2880_previous_a36,w2880_previous_a36,False
2880,previous,3210,6090,profile_0042,high_frequency,0.5886438455594817,-18.88499318441135,-18.88499318441152,energy_or_commitment_infeasible,w2880_previous_a37,,False
2880,previous,3210,6090,profile_0043,low_frequency,0.17,49.000000000000064,48.999999999999936,energy_or_commitment_infeasible,w2880_previous_a38,,False
2880,previous,3210,6090,profile_0044,piecewise,0.33,30.65439999999997,30.654399999999825,energy_or_commitment_infeasible,w2880_previous_a39,,False
2880,previous,3210,6090,profile_0045,high_frequency,0.3570342316607774,25.77958734692859,25.779587346928444,energy_or_commitment_infeasible,w2880_previous_a40,,False
2880,previous,3210,6090,profile_0046,low_frequency,0.71,-44.73913043478263,-44.7391304347828,replayed_feasible,w2880_previous_a41,w2880_previous_a41,False
2880,previous,3210,6090,profile_0047,piecewise,0.31,34.260799999999975,34.26079999999983,energy_or_commitment_infeasible,w2880_previous_a22,,True
2880,previous,3210,6090,profile_0048,high_frequency,0.3343219227797409,29.875070884357093,29.87507088435695,energy_or_commitment_infeasible,w2880_previous_a42,,False
2880,previous,3210,6090,profile_0049,low_frequency,0.73,-48.999999999999915,-49.000000000000085,replayed_feasible,w2880_previous_a43,w2880_previous_a43,False
2880,previous,3210,6090,profile_0050,piecewise,0.75,-48.99999999999992,-49.00000000000008,replayed_feasible,w2880_previous_a8,w2880_previous_a8,True
2880,previous,3210,6090,profile_0051,high_frequency,0.45,9.015999999999972,9.015999999999828,energy_or_commitment_infeasible,w2880_previous_a5,,True
2880,previous,3210,6090,profile_0052,low_frequency,0.83,-48.99999999999994,-49.00000000000005,replayed_feasible,w2880_previous_a44,w2880_previous_a44,False
2880,previous,3210,6090,profile_0053,piecewise,0.61,-23.434782608695684,-23.434782608695855,energy_or_commitment_infeasible,w2880_previous_a31,,True
2880,previous,3210,6090,profile_0054,high_frequency,0.28,39.67039999999997,39.67039999999983,energy_or_commitment_infeasible,w2880_previous_a45,,False
2880,previous,3210,6090,profile_0055,low_frequency,0.38,21.638399999999972,21.638399999999827,energy_or_commitment_infeasible,w2880_previous_a46,,False
2880,previous,3210,6090,profile_0056,piecewise,0.19,49.000000000000064,48.999999999999936,energy_or_commitment_infeasible,w2880_previous_a38,,True
2880,previous,3210,6090,profile_0057,high_frequency,0.46,7.212799999999964,7.21279999999982,energy_or_commitment_infeasible,w2880_previous_a47,,False
2880,previous,3210,6090,profile_0058,low_frequency,0.39,19.835199999999976,19.835199999999833,energy_or_commitment_infeasible,w2880_previous_a21,,True
2880,previous,3210,6090,profile_0059,piecewise,0.68,-38.34782608695655,-38.34782608695672,replayed_feasible,w2880_previous_a48,w2880_previous_a48,False
2880,previous,3210,6090,profile_0060,high_frequency,0.64,-29.826086956521767,-29.826086956521937,replayed_feasible,w2880_previous_a11,w2880_previous_a11,True
2880,previous,3210,6090,profile_0061,low_frequency,0.21,49.00000000000007,48.999999999999936,energy_or_commitment_infeasible,w2880_previous_a49,,False
2880,previous,3210,6090,profile_0062,piecewise,0.11,49.00000000000005,48.99999999999995,energy_or_commitment_infeasible,w2880_previous_a50,,False
2880,previous,3210,6090,profile_0063,high_frequency,0.5056780772202591,-1.209677320837853,-1.2096773208380232,energy_or_commitment_infeasible,w2880_previous_a51,,False
2940,previous,3150,6090,profile_0000,constant,0.05,49.00000000000004,48.99999999999996,energy_or_commitment_infeasible,w2940_previous_a1,,False
2940,previous,3150,6090,profile_0001,constant,0.15,49.00000000000005,48.99999999999994,energy_or_commitment_infeasible,w2940_previous_a2,,False
2940,previous,3150,6090,profile_0002,constant,0.25,45.07999999999998,45.079999999999835,energy_or_commitment_infeasible,w2940_previous_a3,,False
2940,previous,3150,6090,profile_0003,constant,0.35,27.04799999999998,27.047999999999835,energy_or_commitment_infeasible,w2940_previous_a4,,False
2940,previous,3150,6090,profile_0004,constant,0.45,9.015999999999972,9.015999999999828,energy_or_commitment_infeasible,w2940_previous_a5,,False
2940,previous,3150,6090,profile_0005,constant,0.55,-10.652173913043521,-10.652173913043692,energy_or_commitment_infeasible,w2940_previous_a6,,False
2940,previous,3150,6090,profile_0006,constant,0.65,-31.95652173913047,-31.95652173913064,replayed_feasible,w2940_previous_a7,w2940_previous_a7,False
2940,previous,3150,6090,profile_0007,constant,0.75,-48.99999999999992,-49.00000000000008,replayed_feasible,w2940_previous_a8,w2940_previous_a8,False
2940,previous,3150,6090,profile_0008,constant,0.85,-48.99999999999994,-49.00000000000006,replayed_feasible,w2940_previous_a9,w2940_previous_a9,False
2940,previous,3150,6090,profile_0009,constant,0.95,-48.99999999999996,-49.00000000000004,replayed_feasible,w2940_previous_a10,w2940_previous_a10,False
2940,previous,3150,6090,profile_0010,ramp,0.64,-29.826086956521767,-29.826086956521937,replayed_feasible,w2940_previous_a11,w2940_previous_a11,False
2940,previous,3150,6090,profile_0011,ramp,0.36,25.244799999999973,25.244799999999827,energy_or_commitment_infeasible,w2940_previous_a12,,False
2940,previous,3150,6090,profile_0012,ramp,0.59,-19.17391304347829,-19.17391304347846,energy_or_commitment_infeasible,w2940_previous_a13,,False
2940,previous,3150,6090,profile_0013,ramp,0.41,16.228799999999975,16.228799999999833,energy_or_commitment_infeasible,w2940_previous_a14,,False
2940,previous,3150,6090,profile_0014,ramp,0.55,-10.652173913043521,-10.652173913043692,energy_or_commitment_infeasible,w2940_previous_a6,,True
2940,previous,3150,6090,profile_0015,ramp,0.45,9.015999999999972,9.015999999999828,energy_or_commitment_infeasible,w2940_previous_a5,,True
2940,previous,3150,6090,profile_0016,low_frequency,0.36,25.244799999999973,25.244799999999827,energy_or_commitment_infeasible,w2940_previous_a12,,True
2940,previous,3150,6090,profile_0017,piecewise,0.3,36.06399999999998,36.06399999999984,energy_or_commitment_infeasible,w2940_previous_a15,,False
2940,previous,3150,6090,profile_0018,high_frequency,0.62,-25.565217391304373,-25.565217391304543,energy_or_commitment_infeasible,w2940_previous_a16,,False
2940,previous,3150,6090,profile_0019,low_frequency,0.29,37.867199999999976,37.86719999999983,energy_or_commitment_infeasible,w2940_previous_a17,,False
2940,previous,3150,6090,profile_0020,piecewise,0.53,-6.391304347826128,-6.391304347826298,energy_or_commitment_infeasible,w2940_previous_a18,,False
2940,previous,3150,6090,profile_0021,high_frequency,0.75,-48.99999999999992,-49.00000000000008,replayed_feasible,w2940_previous_a8,w2940_previous_a8,True
2940,previous,3150,6090,profile_0022,low_frequency,0.47,5.409599999999983,5.409599999999839,energy_or_commitment_infeasible,w2940_previous_a19,,False
2940,previous,3150,6090,profile_0023,piecewise,0.9,-48.99999999999995,-49.00000000000004,replayed_feasible,w2940_previous_a20,w2940_previous_a20,False
2940,previous,3150,6090,profile_0024,high_frequency,0.39,19.835199999999976,19.835199999999833,energy_or_commitment_infeasible,w2940_previous_a21,,False
2940,previous,3150,6090,profile_0025,low_frequency,0.31,34.260799999999975,34.26079999999983,energy_or_commitment_infeasible,w2940_previous_a22,,False
2940,previous,3150,6090,profile_0026,piecewise,0.4,18.031999999999968,18.031999999999826,energy_or_commitment_infeasible,w2940_previous_a23,,False
2940,previous,3150,6090,profile_0027,high_frequency,0.5713561544405182,-15.201963337327824,-15.201963337327994,energy_or_commitment_infeasible,w2940_previous_a24,,False
2940,previous,3150,6090,profile_0028,low_frequency,0.66,-34.086956521739175,-34.086956521739346,replayed_feasible,w2940_previous_a25,w2940_previous_a25,False
2940,previous,3150,6090,profile_0029,piecewise,0.57,-14.913043478260883,-14.913043478261054,energy_or_commitment_infeasible,w2940_previous_a26,,False
2940,previous,3150,6090,profile_0030,high_frequency,0.44,10.819199999999979,10.819199999999835,energy_or_commitment_infeasible,w2940_previous_a27,,False
2940,previous,3150,6090,profile_0031,low_frequency,0.37,23.44159999999998,23.441599999999834,energy_or_commitment_infeasible,w2940_previous_a28,,False
2940,previous,3150,6090,profile_0032,piecewise,0.15,49.00000000000005,48.99999999999994,energy_or_commitment_infeasible,w2940_previous_a2,,True
2940,previous,3150,6090,profile_0033,high_frequency,0.26432192277974087,42.4974708843571,42.49747088435696,energy_or_commitment_infeasible,w2940_previous_a29,,False
2940,previous,3150,6090,profile_0034,low_frequency,0.47,5.409599999999983,5.409599999999839,energy_or_commitment_infeasible,w2940_previous_a19,,True
2940,previous,3150,6090,profile_0035,piecewise,0.89,-48.99999999999995,-49.00000000000005,replayed_feasible,w2940_previous_a30,w2940_previous_a30,False
2940,previous,3150,6090,profile_0036,high_frequency,0.61,-23.434782608695684,-23.434782608695855,energy_or_commitment_infeasible,w2940_previous_a31,,False
2940,previous,3150,6090,profile_0037,low_frequency,0.6756780772202592,-37.42706862518567,-37.42706862518584,replayed_feasible,w2940_previous_a32,w2940_previous_a32,False
2940,previous,3150,6090,profile_0038,piecewise,0.72,-46.86956521739134,-46.86956521739151,replayed_feasible,w2940_previous_a33,w2940_previous_a33,False
2940,previous,3150,6090,profile_0039,high_frequency,0.43567807722025914,11.59852911564284,11.598529115642696,energy_or_commitment_infeasible,w2940_previous_a34,,False
2940,previous,3150,6090,profile_0040,low_frequency,0.56,-12.78260869565221,-12.78260869565238,energy_or_commitment_infeasible,w2940_previous_a35,,False
2940,previous,3150,6090,profile_0041,piecewise,0.69,-40.478260869565226,-40.478260869565396,replayed_feasible,w2940_previous_a36,w2940_previous_a36,False
2940,previous,3150,6090,profile_0042,high_frequency,0.5886438455594817,-18.88499318441135,-18.88499318441152,energy_or_commitment_infeasible,w2940_previous_a37,,False
2940,previous,3150,6090,profile_0043,low_frequency,0.17,49.000000000000064,48.999999999999936,energy_or_commitment_infeasible,w2940_previous_a38,,False
2940,previous,3150,6090,profile_0044,piecewise,0.33,30.65439999999997,30.654399999999825,energy_or_commitment_infeasible,w2940_previous_a39,,False
2940,previous,3150,6090,profile_0045,high_frequency,0.3570342316607774,25.77958734692859,25.779587346928444,energy_or_commitment_infeasible,w2940_previous_a40,,False
2940,previous,3150,6090,profile_0046,low_frequency,0.71,-44.73913043478263,-44.7391304347828,replayed_feasible,w2940_previous_a41,w2940_previous_a41,False
2940,previous,3150,6090,profile_0047,piecewise,0.31,34.260799999999975,34.26079999999983,energy_or_commitment_infeasible,w2940_previous_a22,,True
2940,previous,3150,6090,profile_0048,high_frequency,0.3343219227797409,29.875070884357093,29.87507088435695,energy_or_commitment_infeasible,w2940_previous_a42,,False
2940,previous,3150,6090,profile_0049,low_frequency,0.73,-48.999999999999915,-49.000000000000085,replayed_feasible,w2940_previous_a43,w2940_previous_a43,False
2940,previous,3150,6090,profile_0050,piecewise,0.75,-48.99999999999992,-49.00000000000008,replayed_feasible,w2940_previous_a8,w2940_previous_a8,True
2940,previous,3150,6090,profile_0051,high_frequency,0.45,9.015999999999972,9.015999999999828,energy_or_commitment_infeasible,w2940_previous_a5,,True
2940,previous,3150,6090,profile_0052,low_frequency,0.83,-48.99999999999994,-49.00000000000005,replayed_feasible,w2940_previous_a44,w2940_previous_a44,False
2940,previous,3150,6090,profile_0053,piecewise,0.61,-23.434782608695684,-23.434782608695855,energy_or_commitment_infeasible,w2940_previous_a31,,True
2940,previous,3150,6090,profile_0054,high_frequency,0.28,39.67039999999997,39.67039999999983,energy_or_commitment_infeasible,w2940_previous_a45,,False
2940,previous,3150,6090,profile_0055,low_frequency,0.38,21.638399999999972,21.638399999999827,energy_or_commitment_infeasible,w2940_previous_a46,,False
2940,previous,3150,6090,profile_0056,piecewise,0.19,49.000000000000064,48.999999999999936,energy_or_commitment_infeasible,w2940_previous_a38,,True
2940,previous,3150,6090,profile_0057,high_frequency,0.46,7.212799999999964,7.21279999999982,energy_or_commitment_infeasible,w2940_previous_a47,,False
2940,previous,3150,6090,profile_0058,low_frequency,0.39,19.835199999999976,19.835199999999833,energy_or_commitment_infeasible,w2940_previous_a21,,True
2940,previous,3150,6090,profile_0059,piecewise,0.68,-38.34782608695655,-38.34782608695672,replayed_feasible,w2940_previous_a48,w2940_previous_a48,False
2940,previous,3150,6090,profile_0060,high_frequency,0.64,-29.826086956521767,-29.826086956521937,replayed_feasible,w2940_previous_a11,w2940_previous_a11,True
2940,previous,3150,6090,profile_0061,low_frequency,0.21,49.00000000000007,48.999999999999936,energy_or_commitment_infeasible,w2940_previous_a49,,False
2940,previous,3150,6090,profile_0062,piecewise,0.11,49.00000000000005,48.99999999999995,energy_or_commitment_infeasible,w2940_previous_a50,,False
2940,previous,3150,6090,profile_0063,high_frequency,0.5056780772202591,-1.209677320837853,-1.2096773208380232,energy_or_commitment_infeasible,w2940_previous_a51,,False
3000,previous,3090,6090,profile_0000,constant,0.05,49.00000000000004,48.99999999999996,energy_or_commitment_infeasible,w3000_previous_a1,,False
3000,previous,3090,6090,profile_0001,constant,0.15,49.00000000000005,48.99999999999994,energy_or_commitment_infeasible,w3000_previous_a2,,False
3000,previous,3090,6090,profile_0002,constant,0.25,45.07999999999998,45.079999999999835,energy_or_commitment_infeasible,w3000_previous_a3,,False
3000,previous,3090,6090,profile_0003,constant,0.35,27.04799999999998,27.047999999999835,energy_or_commitment_infeasible,w3000_previous_a4,,False
3000,previous,3090,6090,profile_0004,constant,0.45,9.015999999999972,9.015999999999828,energy_or_commitment_infeasible,w3000_previous_a5,,False
3000,previous,3090,6090,profile_0005,constant,0.55,-10.652173913043521,-10.652173913043692,energy_or_commitment_infeasible,w3000_previous_a6,,False
3000,previous,3090,6090,profile_0006,constant,0.65,-31.95652173913047,-31.95652173913064,replayed_feasible,w3000_previous_a7,w3000_previous_a7,False
3000,previous,3090,6090,profile_0007,constant,0.75,-48.99999999999992,-49.00000000000008,replayed_feasible,w3000_previous_a8,w3000_previous_a8,False
3000,previous,3090,6090,profile_0008,constant,0.85,-48.99999999999994,-49.00000000000006,replayed_feasible,w3000_previous_a9,w3000_previous_a9,False
3000,previous,3090,6090,profile_0009,constant,0.95,-48.99999999999996,-49.00000000000004,replayed_feasible,w3000_previous_a10,w3000_previous_a10,False
3000,previous,3090,6090,profile_0010,ramp,0.64,-29.826086956521767,-29.826086956521937,replayed_feasible,w3000_previous_a11,w3000_previous_a11,False
3000,previous,3090,6090,profile_0011,ramp,0.36,25.244799999999973,25.244799999999827,energy_or_commitment_infeasible,w3000_previous_a12,,False
3000,previous,3090,6090,profile_0012,ramp,0.59,-19.17391304347829,-19.17391304347846,energy_or_commitment_infeasible,w3000_previous_a13,,False
3000,previous,3090,6090,profile_0013,ramp,0.41,16.228799999999975,16.228799999999833,energy_or_commitment_infeasible,w3000_previous_a14,,False
3000,previous,3090,6090,profile_0014,ramp,0.55,-10.652173913043521,-10.652173913043692,energy_or_commitment_infeasible,w3000_previous_a6,,True
3000,previous,3090,6090,profile_0015,ramp,0.45,9.015999999999972,9.015999999999828,energy_or_commitment_infeasible,w3000_previous_a5,,True
3000,previous,3090,6090,profile_0016,low_frequency,0.36,25.244799999999973,25.244799999999827,energy_or_commitment_infeasible,w3000_previous_a12,,True
3000,previous,3090,6090,profile_0017,piecewise,0.3,36.06399999999998,36.06399999999984,energy_or_commitment_infeasible,w3000_previous_a15,,False
3000,previous,3090,6090,profile_0018,high_frequency,0.62,-25.565217391304373,-25.565217391304543,energy_or_commitment_infeasible,w3000_previous_a16,,False
3000,previous,3090,6090,profile_0019,low_frequency,0.29,37.867199999999976,37.86719999999983,energy_or_commitment_infeasible,w3000_previous_a17,,False
3000,previous,3090,6090,profile_0020,piecewise,0.53,-6.391304347826128,-6.391304347826298,energy_or_commitment_infeasible,w3000_previous_a18,,False
3000,previous,3090,6090,profile_0021,high_frequency,0.75,-48.99999999999992,-49.00000000000008,replayed_feasible,w3000_previous_a8,w3000_previous_a8,True
3000,previous,3090,6090,profile_0022,low_frequency,0.47,5.409599999999983,5.409599999999839,energy_or_commitment_infeasible,w3000_previous_a19,,False
3000,previous,3090,6090,profile_0023,piecewise,0.9,-48.99999999999995,-49.00000000000004,replayed_feasible,w3000_previous_a20,w3000_previous_a20,False
3000,previous,3090,6090,profile_0024,high_frequency,0.39,19.835199999999976,19.835199999999833,energy_or_commitment_infeasible,w3000_previous_a21,,False
3000,previous,3090,6090,profile_0025,low_frequency,0.31,34.260799999999975,34.26079999999983,energy_or_commitment_infeasible,w3000_previous_a22,,False
3000,previous,3090,6090,profile_0026,piecewise,0.4,18.031999999999968,18.031999999999826,energy_or_commitment_infeasible,w3000_previous_a23,,False
3000,previous,3090,6090,profile_0027,high_frequency,0.5713561544405182,-15.201963337327824,-15.201963337327994,energy_or_commitment_infeasible,w3000_previous_a24,,False
3000,previous,3090,6090,profile_0028,low_frequency,0.66,-34.086956521739175,-34.086956521739346,replayed_feasible,w3000_previous_a25,w3000_previous_a25,False
3000,previous,3090,6090,profile_0029,piecewise,0.57,-14.913043478260883,-14.913043478261054,energy_or_commitment_infeasible,w3000_previous_a26,,False
3000,previous,3090,6090,profile_0030,high_frequency,0.44,10.819199999999979,10.819199999999835,energy_or_commitment_infeasible,w3000_previous_a27,,False
3000,previous,3090,6090,profile_0031,low_frequency,0.37,23.44159999999998,23.441599999999834,energy_or_commitment_infeasible,w3000_previous_a28,,False
3000,previous,3090,6090,profile_0032,piecewise,0.15,49.00000000000005,48.99999999999994,energy_or_commitment_infeasible,w3000_previous_a2,,True
3000,previous,3090,6090,profile_0033,high_frequency,0.26432192277974087,42.4974708843571,42.49747088435696,energy_or_commitment_infeasible,w3000_previous_a29,,False
3000,previous,3090,6090,profile_0034,low_frequency,0.47,5.409599999999983,5.409599999999839,energy_or_commitment_infeasible,w3000_previous_a19,,True
3000,previous,3090,6090,profile_0035,piecewise,0.89,-48.99999999999995,-49.00000000000005,replayed_feasible,w3000_previous_a30,w3000_previous_a30,False
3000,previous,3090,6090,profile_0036,high_frequency,0.61,-23.434782608695684,-23.434782608695855,energy_or_commitment_infeasible,w3000_previous_a31,,False
3000,previous,3090,6090,profile_0037,low_frequency,0.6756780772202592,-37.42706862518567,-37.42706862518584,replayed_feasible,w3000_previous_a32,w3000_previous_a32,False
3000,previous,3090,6090,profile_0038,piecewise,0.72,-46.86956521739134,-46.86956521739151,replayed_feasible,w3000_previous_a33,w3000_previous_a33,False
3000,previous,3090,6090,profile_0039,high_frequency,0.43567807722025914,11.59852911564284,11.598529115642696,energy_or_commitment_infeasible,w3000_previous_a34,,False
3000,previous,3090,6090,profile_0040,low_frequency,0.56,-12.78260869565221,-12.78260869565238,energy_or_commitment_infeasible,w3000_previous_a35,,False
3000,previous,3090,6090,profile_0041,piecewise,0.69,-40.478260869565226,-40.478260869565396,replayed_feasible,w3000_previous_a36,w3000_previous_a36,False
3000,previous,3090,6090,profile_0042,high_frequency,0.5886438455594817,-18.88499318441135,-18.88499318441152,energy_or_commitment_infeasible,w3000_previous_a37,,False
3000,previous,3090,6090,profile_0043,low_frequency,0.17,49.000000000000064,48.999999999999936,energy_or_commitment_infeasible,w3000_previous_a38,,False
3000,previous,3090,6090,profile_0044,piecewise,0.33,30.65439999999997,30.654399999999825,energy_or_commitment_infeasible,w3000_previous_a39,,False
3000,previous,3090,6090,profile_0045,high_frequency,0.3570342316607774,25.77958734692859,25.779587346928444,energy_or_commitment_infeasible,w3000_previous_a40,,False
3000,previous,3090,6090,profile_0046,low_frequency,0.71,-44.73913043478263,-44.7391304347828,replayed_feasible,w3000_previous_a41,w3000_previous_a41,False
3000,previous,3090,6090,profile_0047,piecewise,0.31,34.260799999999975,34.26079999999983,energy_or_commitment_infeasible,w3000_previous_a22,,True
3000,previous,3090,6090,profile_0048,high_frequency,0.3343219227797409,29.875070884357093,29.87507088435695,energy_or_commitment_infeasible,w3000_previous_a42,,False
3000,previous,3090,6090,profile_0049,low_frequency,0.73,-48.999999999999915,-49.000000000000085,replayed_feasible,w3000_previous_a43,w3000_previous_a43,False
3000,previous,3090,6090,profile_0050,piecewise,0.75,-48.99999999999992,-49.00000000000008,replayed_feasible,w3000_previous_a8,w3000_previous_a8,True
3000,previous,3090,6090,profile_0051,high_frequency,0.45,9.015999999999972,9.015999999999828,energy_or_commitment_infeasible,w3000_previous_a5,,True
3000,previous,3090,6090,profile_0052,low_frequency,0.83,-48.99999999999994,-49.00000000000005,replayed_feasible,w3000_previous_a44,w3000_previous_a44,False
3000,previous,3090,6090,profile_0053,piecewise,0.61,-23.434782608695684,-23.434782608695855,energy_or_commitment_infeasible,w3000_previous_a31,,True
3000,previous,3090,6090,profile_0054,high_frequency,0.28,39.67039999999997,39.67039999999983,energy_or_commitment_infeasible,w3000_previous_a45,,False
3000,previous,3090,6090,profile_0055,low_frequency,0.38,21.638399999999972,21.638399999999827,energy_or_commitment_infeasible,w3000_previous_a46,,False
3000,previous,3090,6090,profile_0056,piecewise,0.19,49.000000000000064,48.999999999999936,energy_or_commitment_infeasible,w3000_previous_a38,,True
3000,previous,3090,6090,profile_0057,high_frequency,0.46,7.212799999999964,7.21279999999982,energy_or_commitment_infeasible,w3000_previous_a47,,False
3000,previous,3090,6090,profile_0058,low_frequency,0.39,19.835199999999976,19.835199999999833,energy_or_commitment_infeasible,w3000_previous_a21,,True
3000,previous,3090,6090,profile_0059,piecewise,0.68,-38.34782608695655,-38.34782608695672,replayed_feasible,w3000_previous_a48,w3000_previous_a48,False
3000,previous,3090,6090,profile_0060,high_frequency,0.64,-29.826086956521767,-29.826086956521937,replayed_feasible,w3000_previous_a11,w3000_previous_a11,True
3000,previous,3090,6090,profile_0061,low_frequency,0.21,49.00000000000007,48.999999999999936,energy_or_commitment_infeasible,w3000_previous_a49,,False
3000,previous,3090,6090,profile_0062,piecewise,0.11,49.00000000000005,48.99999999999995,energy_or_commitment_infeasible,w3000_previous_a50,,False
3000,previous,3090,6090,profile_0063,high_frequency,0.5056780772202591,-1.209677320837853,-1.2096773208380232,energy_or_commitment_infeasible,w3000_previous_a51,,False
3060,previous,3030,6090,profile_0000,constant,0.05,49.00000000000004,48.99999999999996,energy_or_commitment_infeasible,w3060_previous_a1,,False
3060,previous,3030,6090,profile_0001,constant,0.15,49.00000000000005,48.99999999999994,energy_or_commitment_infeasible,w3060_previous_a2,,False
3060,previous,3030,6090,profile_0002,constant,0.25,45.07999999999998,45.079999999999835,energy_or_commitment_infeasible,w3060_previous_a3,,False
3060,previous,3030,6090,profile_0003,constant,0.35,27.04799999999998,27.047999999999835,energy_or_commitment_infeasible,w3060_previous_a4,,False
3060,previous,3030,6090,profile_0004,constant,0.45,9.015999999999972,9.015999999999828,energy_or_commitment_infeasible,w3060_previous_a5,,False
3060,previous,3030,6090,profile_0005,constant,0.55,-10.652173913043521,-10.652173913043692,energy_or_commitment_infeasible,w3060_previous_a6,,False
3060,previous,3030,6090,profile_0006,constant,0.65,-31.95652173913047,-31.95652173913064,replayed_feasible,w3060_previous_a7,w3060_previous_a7,False
3060,previous,3030,6090,profile_0007,constant,0.75,-48.99999999999992,-49.00000000000008,replayed_feasible,w3060_previous_a8,w3060_previous_a8,False
3060,previous,3030,6090,profile_0008,constant,0.85,-48.99999999999994,-49.00000000000006,replayed_feasible,w3060_previous_a9,w3060_previous_a9,False
3060,previous,3030,6090,profile_0009,constant,0.95,-48.99999999999996,-49.00000000000004,replayed_feasible,w3060_previous_a10,w3060_previous_a10,False
3060,previous,3030,6090,profile_0010,ramp,0.64,-29.826086956521767,-29.826086956521937,replayed_feasible,w3060_previous_a11,w3060_previous_a11,False
3060,previous,3030,6090,profile_0011,ramp,0.36,25.244799999999973,25.244799999999827,energy_or_commitment_infeasible,w3060_previous_a12,,False
3060,previous,3030,6090,profile_0012,ramp,0.59,-19.17391304347829,-19.17391304347846,energy_or_commitment_infeasible,w3060_previous_a13,,False
3060,previous,3030,6090,profile_0013,ramp,0.41,16.228799999999975,16.228799999999833,energy_or_commitment_infeasible,w3060_previous_a14,,False
3060,previous,3030,6090,profile_0014,ramp,0.55,-10.652173913043521,-10.652173913043692,energy_or_commitment_infeasible,w3060_previous_a6,,True
3060,previous,3030,6090,profile_0015,ramp,0.45,9.015999999999972,9.015999999999828,energy_or_commitment_infeasible,w3060_previous_a5,,True
3060,previous,3030,6090,profile_0016,low_frequency,0.36,25.244799999999973,25.244799999999827,energy_or_commitment_infeasible,w3060_previous_a12,,True
3060,previous,3030,6090,profile_0017,piecewise,0.3,36.06399999999998,36.06399999999984,energy_or_commitment_infeasible,w3060_previous_a15,,False
3060,previous,3030,6090,profile_0018,high_frequency,0.62,-25.565217391304373,-25.565217391304543,energy_or_commitment_infeasible,w3060_previous_a16,,False
3060,previous,3030,6090,profile_0019,low_frequency,0.29,37.867199999999976,37.86719999999983,energy_or_commitment_infeasible,w3060_previous_a17,,False
3060,previous,3030,6090,profile_0020,piecewise,0.53,-6.391304347826128,-6.391304347826298,energy_or_commitment_infeasible,w3060_previous_a18,,False
3060,previous,3030,6090,profile_0021,high_frequency,0.75,-48.99999999999992,-49.00000000000008,replayed_feasible,w3060_previous_a8,w3060_previous_a8,True
3060,previous,3030,6090,profile_0022,low_frequency,0.47,5.409599999999983,5.409599999999839,energy_or_commitment_infeasible,w3060_previous_a19,,False
3060,previous,3030,6090,profile_0023,piecewise,0.9,-48.99999999999995,-49.00000000000004,replayed_feasible,w3060_previous_a20,w3060_previous_a20,False
3060,previous,3030,6090,profile_0024,high_frequency,0.39,19.835199999999976,19.835199999999833,energy_or_commitment_infeasible,w3060_previous_a21,,False
3060,previous,3030,6090,profile_0025,low_frequency,0.31,34.260799999999975,34.26079999999983,energy_or_commitment_infeasible,w3060_previous_a22,,False
3060,previous,3030,6090,profile_0026,piecewise,0.4,18.031999999999968,18.031999999999826,energy_or_commitment_infeasible,w3060_previous_a23,,False
3060,previous,3030,6090,profile_0027,high_frequency,0.5713561544405182,-15.201963337327824,-15.201963337327994,energy_or_commitment_infeasible,w3060_previous_a24,,False
3060,previous,3030,6090,profile_0028,low_frequency,0.66,-34.086956521739175,-34.086956521739346,replayed_feasible,w3060_previous_a25,w3060_previous_a25,False
3060,previous,3030,6090,profile_0029,piecewise,0.57,-14.913043478260883,-14.913043478261054,energy_or_commitment_infeasible,w3060_previous_a26,,False
3060,previous,3030,6090,profile_0030,high_frequency,0.44,10.819199999999979,10.819199999999835,energy_or_commitment_infeasible,w3060_previous_a27,,False
3060,previous,3030,6090,profile_0031,low_frequency,0.37,23.44159999999998,23.441599999999834,energy_or_commitment_infeasible,w3060_previous_a28,,False
3060,previous,3030,6090,profile_0032,piecewise,0.15,49.00000000000005,48.99999999999994,energy_or_commitment_infeasible,w3060_previous_a2,,True
3060,previous,3030,6090,profile_0033,high_frequency,0.26432192277974087,42.4974708843571,42.49747088435696,energy_or_commitment_infeasible,w3060_previous_a29,,False
3060,previous,3030,6090,profile_0034,low_frequency,0.47,5.409599999999983,5.409599999999839,energy_or_commitment_infeasible,w3060_previous_a19,,True
3060,previous,3030,6090,profile_0035,piecewise,0.89,-48.99999999999995,-49.00000000000005,replayed_feasible,w3060_previous_a30,w3060_previous_a30,False
3060,previous,3030,6090,profile_0036,high_frequency,0.61,-23.434782608695684,-23.434782608695855,energy_or_commitment_infeasible,w3060_previous_a31,,False
3060,previous,3030,6090,profile_0037,low_frequency,0.6756780772202592,-37.42706862518567,-37.42706862518584,replayed_feasible,w3060_previous_a32,w3060_previous_a32,False
3060,previous,3030,6090,profile_0038,piecewise,0.72,-46.86956521739134,-46.86956521739151,replayed_feasible,w3060_previous_a33,w3060_previous_a33,False
3060,previous,3030,6090,profile_0039,high_frequency,0.43567807722025914,11.59852911564284,11.598529115642696,energy_or_commitment_infeasible,w3060_previous_a34,,False
3060,previous,3030,6090,profile_0040,low_frequency,0.56,-12.78260869565221,-12.78260869565238,energy_or_commitment_infeasible,w3060_previous_a35,,False
3060,previous,3030,6090,profile_0041,piecewise,0.69,-40.478260869565226,-40.478260869565396,replayed_feasible,w3060_previous_a36,w3060_previous_a36,False
3060,previous,3030,6090,profile_0042,high_frequency,0.5886438455594817,-18.88499318441135,-18.88499318441152,energy_or_commitment_infeasible,w3060_previous_a37,,False
3060,previous,3030,6090,profile_0043,low_frequency,0.17,49.000000000000064,48.999999999999936,energy_or_commitment_infeasible,w3060_previous_a38,,False
3060,previous,3030,6090,profile_0044,piecewise,0.33,30.65439999999997,30.654399999999825,energy_or_commitment_infeasible,w3060_previous_a39,,False
3060,previous,3030,6090,profile_0045,high_frequency,0.3570342316607774,25.77958734692859,25.779587346928444,energy_or_commitment_infeasible,w3060_previous_a40,,False
3060,previous,3030,6090,profile_0046,low_frequency,0.71,-44.73913043478263,-44.7391304347828,replayed_feasible,w3060_previous_a41,w3060_previous_a41,False
3060,previous,3030,6090,profile_0047,piecewise,0.31,34.260799999999975,34.26079999999983,energy_or_commitment_infeasible,w3060_previous_a22,,True
3060,previous,3030,6090,profile_0048,high_frequency,0.3343219227797409,29.875070884357093,29.87507088435695,energy_or_commitment_infeasible,w3060_previous_a42,,False
3060,previous,3030,6090,profile_0049,low_frequency,0.73,-48.999999999999915,-49.000000000000085,replayed_feasible,w3060_previous_a43,w3060_previous_a43,False
3060,previous,3030,6090,profile_0050,piecewise,0.75,-48.99999999999992,-49.00000000000008,replayed_feasible,w3060_previous_a8,w3060_previous_a8,True
3060,previous,3030,6090,profile_0051,high_frequency,0.45,9.015999999999972,9.015999999999828,energy_or_commitment_infeasible,w3060_previous_a5,,True
3060,previous,3030,6090,profile_0052,low_frequency,0.83,-48.99999999999994,-49.00000000000005,replayed_feasible,w3060_previous_a44,w3060_previous_a44,False
3060,previous,3030,6090,profile_0053,piecewise,0.61,-23.434782608695684,-23.434782608695855,energy_or_commitment_infeasible,w3060_previous_a31,,True
3060,previous,3030,6090,profile_0054,high_frequency,0.28,39.67039999999997,39.67039999999983,energy_or_commitment_infeasible,w3060_previous_a45,,False
3060,previous,3030,6090,profile_0055,low_frequency,0.38,21.638399999999972,21.638399999999827,energy_or_commitment_infeasible,w3060_previous_a46,,False
3060,previous,3030,6090,profile_0056,piecewise,0.19,49.000000000000064,48.999999999999936,energy_or_commitment_infeasible,w3060_previous_a38,,True
3060,previous,3030,6090,profile_0057,high_frequency,0.46,7.212799999999964,7.21279999999982,energy_or_commitment_infeasible,w3060_previous_a47,,False
3060,previous,3030,6090,profile_0058,low_frequency,0.39,19.835199999999976,19.835199999999833,energy_or_commitment_infeasible,w3060_previous_a21,,True
3060,previous,3030,6090,profile_0059,piecewise,0.68,-38.34782608695655,-38.34782608695672,replayed_feasible,w3060_previous_a48,w3060_previous_a48,False
3060,previous,3030,6090,profile_0060,high_frequency,0.64,-29.826086956521767,-29.826086956521937,replayed_feasible,w3060_previous_a11,w3060_previous_a11,True
3060,previous,3030,6090,profile_0061,low_frequency,0.21,49.00000000000007,48.999999999999936,energy_or_commitment_infeasible,w3060_previous_a49,,False
3060,previous,3030,6090,profile_0062,piecewise,0.11,49.00000000000005,48.99999999999995,energy_or_commitment_infeasible,w3060_previous_a50,,False
3060,previous,3030,6090,profile_0063,high_frequency,0.5056780772202591,-1.209677320837853,-1.2096773208380232,energy_or_commitment_infeasible,w3060_previous_a51,,False
3120,previous,2970,6090,profile_0000,constant,0.05,49.00000000000004,48.99999999999996,energy_or_commitment_infeasible,w3120_previous_a1,,False
3120,previous,2970,6090,profile_0001,constant,0.15,49.00000000000005,48.99999999999994,energy_or_commitment_infeasible,w3120_previous_a2,,False
3120,previous,2970,6090,profile_0002,constant,0.25,45.07999999999998,45.079999999999835,energy_or_commitment_infeasible,w3120_previous_a3,,False
3120,previous,2970,6090,profile_0003,constant,0.35,27.04799999999998,27.047999999999835,energy_or_commitment_infeasible,w3120_previous_a4,,False
3120,previous,2970,6090,profile_0004,constant,0.45,9.015999999999972,9.015999999999828,energy_or_commitment_infeasible,w3120_previous_a5,,False
3120,previous,2970,6090,profile_0005,constant,0.55,-10.652173913043521,-10.652173913043692,energy_or_commitment_infeasible,w3120_previous_a6,,False
3120,previous,2970,6090,profile_0006,constant,0.65,-31.95652173913047,-31.95652173913064,replayed_feasible,w3120_previous_a7,w3120_previous_a7,False
3120,previous,2970,6090,profile_0007,constant,0.75,-48.99999999999992,-49.00000000000008,replayed_feasible,w3120_previous_a8,w3120_previous_a8,False
3120,previous,2970,6090,profile_0008,constant,0.85,-48.99999999999994,-49.00000000000006,replayed_feasible,w3120_previous_a9,w3120_previous_a9,False
3120,previous,2970,6090,profile_0009,constant,0.95,-48.99999999999996,-49.00000000000004,replayed_feasible,w3120_previous_a10,w3120_previous_a10,False
3120,previous,2970,6090,profile_0010,ramp,0.64,-29.826086956521767,-29.826086956521937,replayed_feasible,w3120_previous_a11,w3120_previous_a11,False
3120,previous,2970,6090,profile_0011,ramp,0.36,25.244799999999973,25.244799999999827,energy_or_commitment_infeasible,w3120_previous_a12,,False
3120,previous,2970,6090,profile_0012,ramp,0.59,-19.17391304347829,-19.17391304347846,energy_or_commitment_infeasible,w3120_previous_a13,,False
3120,previous,2970,6090,profile_0013,ramp,0.41,16.228799999999975,16.228799999999833,energy_or_commitment_infeasible,w3120_previous_a14,,False
3120,previous,2970,6090,profile_0014,ramp,0.55,-10.652173913043521,-10.652173913043692,energy_or_commitment_infeasible,w3120_previous_a6,,True
3120,previous,2970,6090,profile_0015,ramp,0.45,9.015999999999972,9.015999999999828,energy_or_commitment_infeasible,w3120_previous_a5,,True
3120,previous,2970,6090,profile_0016,low_frequency,0.36,25.244799999999973,25.244799999999827,energy_or_commitment_infeasible,w3120_previous_a12,,True
3120,previous,2970,6090,profile_0017,piecewise,0.3,36.06399999999998,36.06399999999984,energy_or_commitment_infeasible,w3120_previous_a15,,False
3120,previous,2970,6090,profile_0018,high_frequency,0.62,-25.565217391304373,-25.565217391304543,energy_or_commitment_infeasible,w3120_previous_a16,,False
3120,previous,2970,6090,profile_0019,low_frequency,0.29,37.867199999999976,37.86719999999983,energy_or_commitment_infeasible,w3120_previous_a17,,False
3120,previous,2970,6090,profile_0020,piecewise,0.53,-6.391304347826128,-6.391304347826298,energy_or_commitment_infeasible,w3120_previous_a18,,False
3120,previous,2970,6090,profile_0021,high_frequency,0.75,-48.99999999999992,-49.00000000000008,replayed_feasible,w3120_previous_a8,w3120_previous_a8,True
3120,previous,2970,6090,profile_0022,low_frequency,0.47,5.409599999999983,5.409599999999839,energy_or_commitment_infeasible,w3120_previous_a19,,False
3120,previous,2970,6090,profile_0023,piecewise,0.9,-48.99999999999995,-49.00000000000004,replayed_feasible,w3120_previous_a20,w3120_previous_a20,False
3120,previous,2970,6090,profile_0024,high_frequency,0.39,19.835199999999976,19.835199999999833,energy_or_commitment_infeasible,w3120_previous_a21,,False
3120,previous,2970,6090,profile_0025,low_frequency,0.31,34.260799999999975,34.26079999999983,energy_or_commitment_infeasible,w3120_previous_a22,,False
3120,previous,2970,6090,profile_0026,piecewise,0.4,18.031999999999968,18.031999999999826,energy_or_commitment_infeasible,w3120_previous_a23,,False
3120,previous,2970,6090,profile_0027,high_frequency,0.5713561544405182,-15.201963337327824,-15.201963337327994,energy_or_commitment_infeasible,w3120_previous_a24,,False
3120,previous,2970,6090,profile_0028,low_frequency,0.66,-34.086956521739175,-34.086956521739346,replayed_feasible,w3120_previous_a25,w3120_previous_a25,False
3120,previous,2970,6090,profile_0029,piecewise,0.57,-14.913043478260883,-14.913043478261054,energy_or_commitment_infeasible,w3120_previous_a26,,False
3120,previous,2970,6090,profile_0030,high_frequency,0.44,10.819199999999979,10.819199999999835,energy_or_commitment_infeasible,w3120_previous_a27,,False
3120,previous,2970,6090,profile_0031,low_frequency,0.37,23.44159999999998,23.441599999999834,energy_or_commitment_infeasible,w3120_previous_a28,,False
3120,previous,2970,6090,profile_0032,piecewise,0.15,49.00000000000005,48.99999999999994,energy_or_commitment_infeasible,w3120_previous_a2,,True
3120,previous,2970,6090,profile_0033,high_frequency,0.26432192277974087,42.4974708843571,42.49747088435696,energy_or_commitment_infeasible,w3120_previous_a29,,False
3120,previous,2970,6090,profile_0034,low_frequency,0.47,5.409599999999983,5.409599999999839,energy_or_commitment_infeasible,w3120_previous_a19,,True
3120,previous,2970,6090,profile_0035,piecewise,0.89,-48.99999999999995,-49.00000000000005,replayed_feasible,w3120_previous_a30,w3120_previous_a30,False
3120,previous,2970,6090,profile_0036,high_frequency,0.61,-23.434782608695684,-23.434782608695855,energy_or_commitment_infeasible,w3120_previous_a31,,False
3120,previous,2970,6090,profile_0037,low_frequency,0.6756780772202592,-37.42706862518567,-37.42706862518584,replayed_feasible,w3120_previous_a32,w3120_previous_a32,False
3120,previous,2970,6090,profile_0038,piecewise,0.72,-46.86956521739134,-46.86956521739151,replayed_feasible,w3120_previous_a33,w3120_previous_a33,False
3120,previous,2970,6090,profile_0039,high_frequency,0.43567807722025914,11.59852911564284,11.598529115642696,energy_or_commitment_infeasible,w3120_previous_a34,,False
3120,previous,2970,6090,profile_0040,low_frequency,0.56,-12.78260869565221,-12.78260869565238,energy_or_commitment_infeasible,w3120_previous_a35,,False
3120,previous,2970,6090,profile_0041,piecewise,0.69,-40.478260869565226,-40.478260869565396,replayed_feasible,w3120_previous_a36,w3120_previous_a36,False
3120,previous,2970,6090,profile_0042,high_frequency,0.5886438455594817,-18.88499318441135,-18.88499318441152,energy_or_commitment_infeasible,w3120_previous_a37,,False
3120,previous,2970,6090,profile_0043,low_frequency,0.17,49.000000000000064,48.999999999999936,energy_or_commitment_infeasible,w3120_previous_a38,,False
3120,previous,2970,6090,profile_0044,piecewise,0.33,30.65439999999997,30.654399999999825,energy_or_commitment_infeasible,w3120_previous_a39,,False
3120,previous,2970,6090,profile_0045,high_frequency,0.3570342316607774,25.77958734692859,25.779587346928444,energy_or_commitment_infeasible,w3120_previous_a40,,False
3120,previous,2970,6090,profile_0046,low_frequency,0.71,-44.73913043478263,-44.7391304347828,replayed_feasible,w3120_previous_a41,w3120_previous_a41,False
3120,previous,2970,6090,profile_0047,piecewise,0.31,34.260799999999975,34.26079999999983,energy_or_commitment_infeasible,w3120_previous_a22,,True
3120,previous,2970,6090,profile_0048,high_frequency,0.3343219227797409,29.875070884357093,29.87507088435695,energy_or_commitment_infeasible,w3120_previous_a42,,False
3120,previous,2970,6090,profile_0049,low_frequency,0.73,-48.999999999999915,-49.000000000000085,replayed_feasible,w3120_previous_a43,w3120_previous_a43,False
3120,previous,2970,6090,profile_0050,piecewise,0.75,-48.99999999999992,-49.00000000000008,replayed_feasible,w3120_previous_a8,w3120_previous_a8,True
3120,previous,2970,6090,profile_0051,high_frequency,0.45,9.015999999999972,9.015999999999828,energy_or_commitment_infeasible,w3120_previous_a5,,True
3120,previous,2970,6090,profile_0052,low_frequency,0.83,-48.99999999999994,-49.00000000000005,replayed_feasible,w3120_previous_a44,w3120_previous_a44,False
3120,previous,2970,6090,profile_0053,piecewise,0.61,-23.434782608695684,-23.434782608695855,energy_or_commitment_infeasible,w3120_previous_a31,,True
3120,previous,2970,6090,profile_0054,high_frequency,0.28,39.67039999999997,39.67039999999983,energy_or_commitment_infeasible,w3120_previous_a45,,False
3120,previous,2970,6090,profile_0055,low_frequency,0.38,21.638399999999972,21.638399999999827,energy_or_commitment_infeasible,w3120_previous_a46,,False
3120,previous,2970,6090,profile_0056,piecewise,0.19,49.000000000000064,48.999999999999936,energy_or_commitment_infeasible,w3120_previous_a38,,True
3120,previous,2970,6090,profile_0057,high_frequency,0.46,7.212799999999964,7.21279999999982,energy_or_commitment_infeasible,w3120_previous_a47,,False
3120,previous,2970,6090,profile_0058,low_frequency,0.39,19.835199999999976,19.835199999999833,energy_or_commitment_infeasible,w3120_previous_a21,,True
3120,previous,2970,6090,profile_0059,piecewise,0.68,-38.34782608695655,-38.34782608695672,replayed_feasible,w3120_previous_a48,w3120_previous_a48,False
3120,previous,2970,6090,profile_0060,high_frequency,0.64,-29.826086956521767,-29.826086956521937,replayed_feasible,w3120_previous_a11,w3120_previous_a11,True
3120,previous,2970,6090,profile_0061,low_frequency,0.21,49.00000000000007,48.999999999999936,energy_or_commitment_infeasible,w3120_previous_a49,,False
3120,previous,2970,6090,profile_0062,piecewise,0.11,49.00000000000005,48.99999999999995,energy_or_commitment_infeasible,w3120_previous_a50,,False
3120,previous,2970,6090,profile_0063,high_frequency,0.5056780772202591,-1.209677320837853,-1.2096773208380232,energy_or_commitment_infeasible,w3120_previous_a51,,False
3180,previous,2910,6090,profile_0000,constant,0.05,49.00000000000004,48.99999999999996,energy_or_commitment_infeasible,w3180_previous_a1,,False
3180,previous,2910,6090,profile_0001,constant,0.15,49.00000000000005,48.99999999999994,energy_or_commitment_infeasible,w3180_previous_a2,,False
3180,previous,2910,6090,profile_0002,constant,0.25,45.07999999999998,45.079999999999835,energy_or_commitment_infeasible,w3180_previous_a3,,False
3180,previous,2910,6090,profile_0003,constant,0.35,27.04799999999998,27.047999999999835,energy_or_commitment_infeasible,w3180_previous_a4,,False
3180,previous,2910,6090,profile_0004,constant,0.45,9.015999999999972,9.015999999999828,energy_or_commitment_infeasible,w3180_previous_a5,,False
3180,previous,2910,6090,profile_0005,constant,0.55,-10.652173913043521,-10.652173913043692,energy_or_commitment_infeasible,w3180_previous_a6,,False
3180,previous,2910,6090,profile_0006,constant,0.65,-31.95652173913047,-31.95652173913064,replayed_feasible,w3180_previous_a7,w3180_previous_a7,False
3180,previous,2910,6090,profile_0007,constant,0.75,-48.99999999999992,-49.00000000000008,replayed_feasible,w3180_previous_a8,w3180_previous_a8,False
3180,previous,2910,6090,profile_0008,constant,0.85,-48.99999999999994,-49.00000000000006,replayed_feasible,w3180_previous_a9,w3180_previous_a9,False
3180,previous,2910,6090,profile_0009,constant,0.95,-48.99999999999996,-49.00000000000004,replayed_feasible,w3180_previous_a10,w3180_previous_a10,False
3180,previous,2910,6090,profile_0010,ramp,0.64,-29.826086956521767,-29.826086956521937,replayed_feasible,w3180_previous_a11,w3180_previous_a11,False
3180,previous,2910,6090,profile_0011,ramp,0.36,25.244799999999973,25.244799999999827,energy_or_commitment_infeasible,w3180_previous_a12,,False
3180,previous,2910,6090,profile_0012,ramp,0.59,-19.17391304347829,-19.17391304347846,energy_or_commitment_infeasible,w3180_previous_a13,,False
3180,previous,2910,6090,profile_0013,ramp,0.41,16.228799999999975,16.228799999999833,energy_or_commitment_infeasible,w3180_previous_a14,,False
3180,previous,2910,6090,profile_0014,ramp,0.55,-10.652173913043521,-10.652173913043692,energy_or_commitment_infeasible,w3180_previous_a6,,True
3180,previous,2910,6090,profile_0015,ramp,0.45,9.015999999999972,9.015999999999828,energy_or_commitment_infeasible,w3180_previous_a5,,True
3180,previous,2910,6090,profile_0016,low_frequency,0.36,25.244799999999973,25.244799999999827,energy_or_commitment_infeasible,w3180_previous_a12,,True
3180,previous,2910,6090,profile_0017,piecewise,0.3,36.06399999999998,36.06399999999984,energy_or_commitment_infeasible,w3180_previous_a15,,False
3180,previous,2910,6090,profile_0018,high_frequency,0.62,-25.565217391304373,-25.565217391304543,energy_or_commitment_infeasible,w3180_previous_a16,,False
3180,previous,2910,6090,profile_0019,low_frequency,0.29,37.867199999999976,37.86719999999983,energy_or_commitment_infeasible,w3180_previous_a17,,False
3180,previous,2910,6090,profile_0020,piecewise,0.53,-6.391304347826128,-6.391304347826298,energy_or_commitment_infeasible,w3180_previous_a18,,False
3180,previous,2910,6090,profile_0021,high_frequency,0.75,-48.99999999999992,-49.00000000000008,replayed_feasible,w3180_previous_a8,w3180_previous_a8,True
3180,previous,2910,6090,profile_0022,low_frequency,0.47,5.409599999999983,5.409599999999839,energy_or_commitment_infeasible,w3180_previous_a19,,False
3180,previous,2910,6090,profile_0023,piecewise,0.9,-48.99999999999995,-49.00000000000004,replayed_feasible,w3180_previous_a20,w3180_previous_a20,False
3180,previous,2910,6090,profile_0024,high_frequency,0.39,19.835199999999976,19.835199999999833,energy_or_commitment_infeasible,w3180_previous_a21,,False
3180,previous,2910,6090,profile_0025,low_frequency,0.31,34.260799999999975,34.26079999999983,energy_or_commitment_infeasible,w3180_previous_a22,,False
3180,previous,2910,6090,profile_0026,piecewise,0.4,18.031999999999968,18.031999999999826,energy_or_commitment_infeasible,w3180_previous_a23,,False
3180,previous,2910,6090,profile_0027,high_frequency,0.5713561544405182,-15.201963337327824,-15.201963337327994,energy_or_commitment_infeasible,w3180_previous_a24,,False
3180,previous,2910,6090,profile_0028,low_frequency,0.66,-34.086956521739175,-34.086956521739346,replayed_feasible,w3180_previous_a25,w3180_previous_a25,False
3180,previous,2910,6090,profile_0029,piecewise,0.57,-14.913043478260883,-14.913043478261054,energy_or_commitment_infeasible,w3180_previous_a26,,False
3180,previous,2910,6090,profile_0030,high_frequency,0.44,10.819199999999979,10.819199999999835,energy_or_commitment_infeasible,w3180_previous_a27,,False
3180,previous,2910,6090,profile_0031,low_frequency,0.37,23.44159999999998,23.441599999999834,energy_or_commitment_infeasible,w3180_previous_a28,,False
3180,previous,2910,6090,profile_0032,piecewise,0.15,49.00000000000005,48.99999999999994,energy_or_commitment_infeasible,w3180_previous_a2,,True
3180,previous,2910,6090,profile_0033,high_frequency,0.26432192277974087,42.4974708843571,42.49747088435696,energy_or_commitment_infeasible,w3180_previous_a29,,False
3180,previous,2910,6090,profile_0034,low_frequency,0.47,5.409599999999983,5.409599999999839,energy_or_commitment_infeasible,w3180_previous_a19,,True
3180,previous,2910,6090,profile_0035,piecewise,0.89,-48.99999999999995,-49.00000000000005,replayed_feasible,w3180_previous_a30,w3180_previous_a30,False
3180,previous,2910,6090,profile_0036,high_frequency,0.61,-23.434782608695684,-23.434782608695855,energy_or_commitment_infeasible,w3180_previous_a31,,False
3180,previous,2910,6090,profile_0037,low_frequency,0.6756780772202592,-37.42706862518567,-37.42706862518584,replayed_feasible,w3180_previous_a32,w3180_previous_a32,False
3180,previous,2910,6090,profile_0038,piecewise,0.72,-46.86956521739134,-46.86956521739151,replayed_feasible,w3180_previous_a33,w3180_previous_a33,False
3180,previous,2910,6090,profile_0039,high_frequency,0.43567807722025914,11.59852911564284,11.598529115642696,energy_or_commitment_infeasible,w3180_previous_a34,,False
3180,previous,2910,6090,profile_0040,low_frequency,0.56,-12.78260869565221,-12.78260869565238,energy_or_commitment_infeasible,w3180_previous_a35,,False
3180,previous,2910,6090,profile_0041,piecewise,0.69,-40.478260869565226,-40.478260869565396,replayed_feasible,w3180_previous_a36,w3180_previous_a36,False
3180,previous,2910,6090,profile_0042,high_frequency,0.5886438455594817,-18.88499318441135,-18.88499318441152,energy_or_commitment_infeasible,w3180_previous_a37,,False
3180,previous,2910,6090,profile_0043,low_frequency,0.17,49.000000000000064,48.999999999999936,energy_or_commitment_infeasible,w3180_previous_a38,,False
3180,previous,2910,6090,profile_0044,piecewise,0.33,30.65439999999997,30.654399999999825,energy_or_commitment_infeasible,w3180_previous_a39,,False
3180,previous,2910,6090,profile_0045,high_frequency,0.3570342316607774,25.77958734692859,25.779587346928444,energy_or_commitment_infeasible,w3180_previous_a40,,False
3180,previous,2910,6090,profile_0046,low_frequency,0.71,-44.73913043478263,-44.7391304347828,replayed_feasible,w3180_previous_a41,w3180_previous_a41,False
3180,previous,2910,6090,profile_0047,piecewise,0.31,34.260799999999975,34.26079999999983,energy_or_commitment_infeasible,w3180_previous_a22,,True
3180,previous,2910,6090,profile_0048,high_frequency,0.3343219227797409,29.875070884357093,29.87507088435695,energy_or_commitment_infeasible,w3180_previous_a42,,False
3180,previous,2910,6090,profile_0049,low_frequency,0.73,-48.999999999999915,-49.000000000000085,replayed_feasible,w3180_previous_a43,w3180_previous_a43,False
3180,previous,2910,6090,profile_0050,piecewise,0.75,-48.99999999999992,-49.00000000000008,replayed_feasible,w3180_previous_a8,w3180_previous_a8,True
3180,previous,2910,6090,profile_0051,high_frequency,0.45,9.015999999999972,9.015999999999828,energy_or_commitment_infeasible,w3180_previous_a5,,True
3180,previous,2910,6090,profile_0052,low_frequency,0.83,-48.99999999999994,-49.00000000000005,replayed_feasible,w3180_previous_a44,w3180_previous_a44,False
3180,previous,2910,6090,profile_0053,piecewise,0.61,-23.434782608695684,-23.434782608695855,energy_or_commitment_infeasible,w3180_previous_a31,,True
3180,previous,2910,6090,profile_0054,high_frequency,0.28,39.67039999999997,39.67039999999983,energy_or_commitment_infeasible,w3180_previous_a45,,False
3180,previous,2910,6090,profile_0055,low_frequency,0.38,21.638399999999972,21.638399999999827,energy_or_commitment_infeasible,w3180_previous_a46,,False
3180,previous,2910,6090,profile_0056,piecewise,0.19,49.000000000000064,48.999999999999936,energy_or_commitment_infeasible,w3180_previous_a38,,True
3180,previous,2910,6090,profile_0057,high_frequency,0.46,7.212799999999964,7.21279999999982,energy_or_commitment_infeasible,w3180_previous_a47,,False
3180,previous,2910,6090,profile_0058,low_frequency,0.39,19.835199999999976,19.835199999999833,energy_or_commitment_infeasible,w3180_previous_a21,,True
3180,previous,2910,6090,profile_0059,piecewise,0.68,-38.34782608695655,-38.34782608695672,replayed_feasible,w3180_previous_a48,w3180_previous_a48,False
3180,previous,2910,6090,profile_0060,high_frequency,0.64,-29.826086956521767,-29.826086956521937,replayed_feasible,w3180_previous_a11,w3180_previous_a11,True
3180,previous,2910,6090,profile_0061,low_frequency,0.21,49.00000000000007,48.999999999999936,energy_or_commitment_infeasible,w3180_previous_a49,,False
3180,previous,2910,6090,profile_0062,piecewise,0.11,49.00000000000005,48.99999999999995,energy_or_commitment_infeasible,w3180_previous_a50,,False
3180,previous,2910,6090,profile_0063,high_frequency,0.5056780772202591,-1.209677320837853,-1.2096773208380232,energy_or_commitment_infeasible,w3180_previous_a51,,False
3240,previous,2850,6090,profile_0000,constant,0.05,49.00000000000004,48.99999999999996,energy_or_commitment_infeasible,w3240_previous_a1,,False
3240,previous,2850,6090,profile_0001,constant,0.15,49.00000000000005,48.99999999999994,energy_or_commitment_infeasible,w3240_previous_a2,,False
3240,previous,2850,6090,profile_0002,constant,0.25,45.07999999999998,45.079999999999835,energy_or_commitment_infeasible,w3240_previous_a3,,False
3240,previous,2850,6090,profile_0003,constant,0.35,27.04799999999998,27.047999999999835,energy_or_commitment_infeasible,w3240_previous_a4,,False
3240,previous,2850,6090,profile_0004,constant,0.45,9.015999999999972,9.015999999999828,energy_or_commitment_infeasible,w3240_previous_a5,,False
3240,previous,2850,6090,profile_0005,constant,0.55,-10.652173913043521,-10.652173913043692,energy_or_commitment_infeasible,w3240_previous_a6,,False
3240,previous,2850,6090,profile_0006,constant,0.65,-31.95652173913047,-31.95652173913064,replayed_feasible,w3240_previous_a7,w3240_previous_a7,False
3240,previous,2850,6090,profile_0007,constant,0.75,-48.99999999999992,-49.00000000000008,replayed_feasible,w3240_previous_a8,w3240_previous_a8,False
3240,previous,2850,6090,profile_0008,constant,0.85,-48.99999999999994,-49.00000000000006,replayed_feasible,w3240_previous_a9,w3240_previous_a9,False
3240,previous,2850,6090,profile_0009,constant,0.95,-48.99999999999996,-49.00000000000004,replayed_feasible,w3240_previous_a10,w3240_previous_a10,False
3240,previous,2850,6090,profile_0010,ramp,0.64,-29.826086956521767,-29.826086956521937,replayed_feasible,w3240_previous_a11,w3240_previous_a11,False
3240,previous,2850,6090,profile_0011,ramp,0.36,25.244799999999973,25.244799999999827,energy_or_commitment_infeasible,w3240_previous_a12,,False
3240,previous,2850,6090,profile_0012,ramp,0.59,-19.17391304347829,-19.17391304347846,energy_or_commitment_infeasible,w3240_previous_a13,,False
3240,previous,2850,6090,profile_0013,ramp,0.41,16.228799999999975,16.228799999999833,energy_or_commitment_infeasible,w3240_previous_a14,,False
3240,previous,2850,6090,profile_0014,ramp,0.55,-10.652173913043521,-10.652173913043692,energy_or_commitment_infeasible,w3240_previous_a6,,True
3240,previous,2850,6090,profile_0015,ramp,0.45,9.015999999999972,9.015999999999828,energy_or_commitment_infeasible,w3240_previous_a5,,True
3240,previous,2850,6090,profile_0016,low_frequency,0.36,25.244799999999973,25.244799999999827,energy_or_commitment_infeasible,w3240_previous_a12,,True
3240,previous,2850,6090,profile_0017,piecewise,0.3,36.06399999999998,36.06399999999984,energy_or_commitment_infeasible,w3240_previous_a15,,False
3240,previous,2850,6090,profile_0018,high_frequency,0.62,-25.565217391304373,-25.565217391304543,energy_or_commitment_infeasible,w3240_previous_a16,,False
3240,previous,2850,6090,profile_0019,low_frequency,0.29,37.867199999999976,37.86719999999983,energy_or_commitment_infeasible,w3240_previous_a17,,False
3240,previous,2850,6090,profile_0020,piecewise,0.53,-6.391304347826128,-6.391304347826298,energy_or_commitment_infeasible,w3240_previous_a18,,False
3240,previous,2850,6090,profile_0021,high_frequency,0.75,-48.99999999999992,-49.00000000000008,replayed_feasible,w3240_previous_a8,w3240_previous_a8,True
3240,previous,2850,6090,profile_0022,low_frequency,0.47,5.409599999999983,5.409599999999839,energy_or_commitment_infeasible,w3240_previous_a19,,False
3240,previous,2850,6090,profile_0023,piecewise,0.9,-48.99999999999995,-49.00000000000004,replayed_feasible,w3240_previous_a20,w3240_previous_a20,False
3240,previous,2850,6090,profile_0024,high_frequency,0.39,19.835199999999976,19.835199999999833,energy_or_commitment_infeasible,w3240_previous_a21,,False
3240,previous,2850,6090,profile_0025,low_frequency,0.31,34.260799999999975,34.26079999999983,energy_or_commitment_infeasible,w3240_previous_a22,,False
3240,previous,2850,6090,profile_0026,piecewise,0.4,18.031999999999968,18.031999999999826,energy_or_commitment_infeasible,w3240_previous_a23,,False
3240,previous,2850,6090,profile_0027,high_frequency,0.5713561544405182,-15.201963337327824,-15.201963337327994,energy_or_commitment_infeasible,w3240_previous_a24,,False
3240,previous,2850,6090,profile_0028,low_frequency,0.66,-34.086956521739175,-34.086956521739346,replayed_feasible,w3240_previous_a25,w3240_previous_a25,False
3240,previous,2850,6090,profile_0029,piecewise,0.57,-14.913043478260883,-14.913043478261054,energy_or_commitment_infeasible,w3240_previous_a26,,False
3240,previous,2850,6090,profile_0030,high_frequency,0.44,10.819199999999979,10.819199999999835,energy_or_commitment_infeasible,w3240_previous_a27,,False
3240,previous,2850,6090,profile_0031,low_frequency,0.37,23.44159999999998,23.441599999999834,energy_or_commitment_infeasible,w3240_previous_a28,,False
3240,previous,2850,6090,profile_0032,piecewise,0.15,49.00000000000005,48.99999999999994,energy_or_commitment_infeasible,w3240_previous_a2,,True
3240,previous,2850,6090,profile_0033,high_frequency,0.26432192277974087,42.4974708843571,42.49747088435696,energy_or_commitment_infeasible,w3240_previous_a29,,False
3240,previous,2850,6090,profile_0034,low_frequency,0.47,5.409599999999983,5.409599999999839,energy_or_commitment_infeasible,w3240_previous_a19,,True
3240,previous,2850,6090,profile_0035,piecewise,0.89,-48.99999999999995,-49.00000000000005,replayed_feasible,w3240_previous_a30,w3240_previous_a30,False
3240,previous,2850,6090,profile_0036,high_frequency,0.61,-23.434782608695684,-23.434782608695855,energy_or_commitment_infeasible,w3240_previous_a31,,False
3240,previous,2850,6090,profile_0037,low_frequency,0.6756780772202592,-37.42706862518567,-37.42706862518584,replayed_feasible,w3240_previous_a32,w3240_previous_a32,False
3240,previous,2850,6090,profile_0038,piecewise,0.72,-46.86956521739134,-46.86956521739151,replayed_feasible,w3240_previous_a33,w3240_previous_a33,False
3240,previous,2850,6090,profile_0039,high_frequency,0.43567807722025914,11.59852911564284,11.598529115642696,energy_or_commitment_infeasible,w3240_previous_a34,,False
3240,previous,2850,6090,profile_0040,low_frequency,0.56,-12.78260869565221,-12.78260869565238,energy_or_commitment_infeasible,w3240_previous_a35,,False
3240,previous,2850,6090,profile_0041,piecewise,0.69,-40.478260869565226,-40.478260869565396,replayed_feasible,w3240_previous_a36,w3240_previous_a36,False
3240,previous,2850,6090,profile_0042,high_frequency,0.5886438455594817,-18.88499318441135,-18.88499318441152,energy_or_commitment_infeasible,w3240_previous_a37,,False
3240,previous,2850,6090,profile_0043,low_frequency,0.17,49.000000000000064,48.999999999999936,energy_or_commitment_infeasible,w3240_previous_a38,,False
3240,previous,2850,6090,profile_0044,piecewise,0.33,30.65439999999997,30.654399999999825,energy_or_commitment_infeasible,w3240_previous_a39,,False
3240,previous,2850,6090,profile_0045,high_frequency,0.3570342316607774,25.77958734692859,25.779587346928444,energy_or_commitment_infeasible,w3240_previous_a40,,False
3240,previous,2850,6090,profile_0046,low_frequency,0.71,-44.73913043478263,-44.7391304347828,replayed_feasible,w3240_previous_a41,w3240_previous_a41,False
3240,previous,2850,6090,profile_0047,piecewise,0.31,34.260799999999975,34.26079999999983,energy_or_commitment_infeasible,w3240_previous_a22,,True
3240,previous,2850,6090,profile_0048,high_frequency,0.3343219227797409,29.875070884357093,29.87507088435695,energy_or_commitment_infeasible,w3240_previous_a42,,False
3240,previous,2850,6090,profile_0049,low_frequency,0.73,-48.999999999999915,-49.000000000000085,replayed_feasible,w3240_previous_a43,w3240_previous_a43,False
3240,previous,2850,6090,profile_0050,piecewise,0.75,-48.99999999999992,-49.00000000000008,replayed_feasible,w3240_previous_a8,w3240_previous_a8,True
3240,previous,2850,6090,profile_0051,high_frequency,0.45,9.015999999999972,9.015999999999828,energy_or_commitment_infeasible,w3240_previous_a5,,True
3240,previous,2850,6090,profile_0052,low_frequency,0.83,-48.99999999999994,-49.00000000000005,replayed_feasible,w3240_previous_a44,w3240_previous_a44,False
3240,previous,2850,6090,profile_0053,piecewise,0.61,-23.434782608695684,-23.434782608695855,energy_or_commitment_infeasible,w3240_previous_a31,,True
3240,previous,2850,6090,profile_0054,high_frequency,0.28,39.67039999999997,39.67039999999983,energy_or_commitment_infeasible,w3240_previous_a45,,False
3240,previous,2850,6090,profile_0055,low_frequency,0.38,21.638399999999972,21.638399999999827,energy_or_commitment_infeasible,w3240_previous_a46,,False
3240,previous,2850,6090,profile_0056,piecewise,0.19,49.000000000000064,48.999999999999936,energy_or_commitment_infeasible,w3240_previous_a38,,True
3240,previous,2850,6090,profile_0057,high_frequency,0.46,7.212799999999964,7.21279999999982,energy_or_commitment_infeasible,w3240_previous_a47,,False
3240,previous,2850,6090,profile_0058,low_frequency,0.39,19.835199999999976,19.835199999999833,energy_or_commitment_infeasible,w3240_previous_a21,,True
3240,previous,2850,6090,profile_0059,piecewise,0.68,-38.34782608695655,-38.34782608695672,replayed_feasible,w3240_previous_a48,w3240_previous_a48,False
3240,previous,2850,6090,profile_0060,high_frequency,0.64,-29.826086956521767,-29.826086956521937,replayed_feasible,w3240_previous_a11,w3240_previous_a11,True
3240,previous,2850,6090,profile_0061,low_frequency,0.21,49.00000000000007,48.999999999999936,energy_or_commitment_infeasible,w3240_previous_a49,,False
3240,previous,2850,6090,profile_0062,piecewise,0.11,49.00000000000005,48.99999999999995,energy_or_commitment_infeasible,w3240_previous_a50,,False
3240,previous,2850,6090,profile_0063,high_frequency,0.5056780772202591,-1.209677320837853,-1.2096773208380232,energy_or_commitment_infeasible,w3240_previous_a51,,False
3300,previous,2790,6090,profile_0000,constant,0.05,49.00000000000004,48.99999999999996,energy_or_commitment_infeasible,w3300_previous_a1,,False
3300,previous,2790,6090,profile_0001,constant,0.15,49.00000000000005,48.99999999999994,energy_or_commitment_infeasible,w3300_previous_a2,,False
3300,previous,2790,6090,profile_0002,constant,0.25,45.07999999999998,45.079999999999835,energy_or_commitment_infeasible,w3300_previous_a3,,False
3300,previous,2790,6090,profile_0003,constant,0.35,27.04799999999998,27.047999999999835,energy_or_commitment_infeasible,w3300_previous_a4,,False
3300,previous,2790,6090,profile_0004,constant,0.45,9.015999999999972,9.015999999999828,energy_or_commitment_infeasible,w3300_previous_a5,,False
3300,previous,2790,6090,profile_0005,constant,0.55,-10.652173913043521,-10.652173913043692,energy_or_commitment_infeasible,w3300_previous_a6,,False
3300,previous,2790,6090,profile_0006,constant,0.65,-31.95652173913047,-31.95652173913064,replayed_feasible,w3300_previous_a7,w3300_previous_a7,False
3300,previous,2790,6090,profile_0007,constant,0.75,-48.99999999999992,-49.00000000000008,replayed_feasible,w3300_previous_a8,w3300_previous_a8,False
3300,previous,2790,6090,profile_0008,constant,0.85,-48.99999999999994,-49.00000000000006,replayed_feasible,w3300_previous_a9,w3300_previous_a9,False
3300,previous,2790,6090,profile_0009,constant,0.95,-48.99999999999996,-49.00000000000004,replayed_feasible,w3300_previous_a10,w3300_previous_a10,False
3300,previous,2790,6090,profile_0010,ramp,0.64,-29.826086956521767,-29.826086956521937,replayed_feasible,w3300_previous_a11,w3300_previous_a11,False
3300,previous,2790,6090,profile_0011,ramp,0.36,25.244799999999973,25.244799999999827,energy_or_commitment_infeasible,w3300_previous_a12,,False
3300,previous,2790,6090,profile_0012,ramp,0.59,-19.17391304347829,-19.17391304347846,energy_or_commitment_infeasible,w3300_previous_a13,,False
3300,previous,2790,6090,profile_0013,ramp,0.41,16.228799999999975,16.228799999999833,energy_or_commitment_infeasible,w3300_previous_a14,,False
3300,previous,2790,6090,profile_0014,ramp,0.55,-10.652173913043521,-10.652173913043692,energy_or_commitment_infeasible,w3300_previous_a6,,True
3300,previous,2790,6090,profile_0015,ramp,0.45,9.015999999999972,9.015999999999828,energy_or_commitment_infeasible,w3300_previous_a5,,True
3300,previous,2790,6090,profile_0016,low_frequency,0.36,25.244799999999973,25.244799999999827,energy_or_commitment_infeasible,w3300_previous_a12,,True
3300,previous,2790,6090,profile_0017,piecewise,0.3,36.06399999999998,36.06399999999984,energy_or_commitment_infeasible,w3300_previous_a15,,False
3300,previous,2790,6090,profile_0018,high_frequency,0.62,-25.565217391304373,-25.565217391304543,energy_or_commitment_infeasible,w3300_previous_a16,,False
3300,previous,2790,6090,profile_0019,low_frequency,0.29,37.867199999999976,37.86719999999983,energy_or_commitment_infeasible,w3300_previous_a17,,False
3300,previous,2790,6090,profile_0020,piecewise,0.53,-6.391304347826128,-6.391304347826298,energy_or_commitment_infeasible,w3300_previous_a18,,False
3300,previous,2790,6090,profile_0021,high_frequency,0.75,-48.99999999999992,-49.00000000000008,replayed_feasible,w3300_previous_a8,w3300_previous_a8,True
3300,previous,2790,6090,profile_0022,low_frequency,0.47,5.409599999999983,5.409599999999839,energy_or_commitment_infeasible,w3300_previous_a19,,False
3300,previous,2790,6090,profile_0023,piecewise,0.9,-48.99999999999995,-49.00000000000004,replayed_feasible,w3300_previous_a20,w3300_previous_a20,False
3300,previous,2790,6090,profile_0024,high_frequency,0.39,19.835199999999976,19.835199999999833,energy_or_commitment_infeasible,w3300_previous_a21,,False
3300,previous,2790,6090,profile_0025,low_frequency,0.31,34.260799999999975,34.26079999999983,energy_or_commitment_infeasible,w3300_previous_a22,,False
3300,previous,2790,6090,profile_0026,piecewise,0.4,18.031999999999968,18.031999999999826,energy_or_commitment_infeasible,w3300_previous_a23,,False
3300,previous,2790,6090,profile_0027,high_frequency,0.5713561544405182,-15.201963337327824,-15.201963337327994,energy_or_commitment_infeasible,w3300_previous_a24,,False
3300,previous,2790,6090,profile_0028,low_frequency,0.66,-34.086956521739175,-34.086956521739346,replayed_feasible,w3300_previous_a25,w3300_previous_a25,False
3300,previous,2790,6090,profile_0029,piecewise,0.57,-14.913043478260883,-14.913043478261054,energy_or_commitment_infeasible,w3300_previous_a26,,False
3300,previous,2790,6090,profile_0030,high_frequency,0.44,10.819199999999979,10.819199999999835,energy_or_commitment_infeasible,w3300_previous_a27,,False
3300,previous,2790,6090,profile_0031,low_frequency,0.37,23.44159999999998,23.441599999999834,energy_or_commitment_infeasible,w3300_previous_a28,,False
3300,previous,2790,6090,profile_0032,piecewise,0.15,49.00000000000005,48.99999999999994,energy_or_commitment_infeasible,w3300_previous_a2,,True
3300,previous,2790,6090,profile_0033,high_frequency,0.26432192277974087,42.4974708843571,42.49747088435696,energy_or_commitment_infeasible,w3300_previous_a29,,False
3300,previous,2790,6090,profile_0034,low_frequency,0.47,5.409599999999983,5.409599999999839,energy_or_commitment_infeasible,w3300_previous_a19,,True
3300,previous,2790,6090,profile_0035,piecewise,0.89,-48.99999999999995,-49.00000000000005,replayed_feasible,w3300_previous_a30,w3300_previous_a30,False
3300,previous,2790,6090,profile_0036,high_frequency,0.61,-23.434782608695684,-23.434782608695855,energy_or_commitment_infeasible,w3300_previous_a31,,False
3300,previous,2790,6090,profile_0037,low_frequency,0.6756780772202592,-37.42706862518567,-37.42706862518584,replayed_feasible,w3300_previous_a32,w3300_previous_a32,False
3300,previous,2790,6090,profile_0038,piecewise,0.72,-46.86956521739134,-46.86956521739151,replayed_feasible,w3300_previous_a33,w3300_previous_a33,False
3300,previous,2790,6090,profile_0039,high_frequency,0.43567807722025914,11.59852911564284,11.598529115642696,energy_or_commitment_infeasible,w3300_previous_a34,,False
3300,previous,2790,6090,profile_0040,low_frequency,0.56,-12.78260869565221,-12.78260869565238,energy_or_commitment_infeasible,w3300_previous_a35,,False
3300,previous,2790,6090,profile_0041,piecewise,0.69,-40.478260869565226,-40.478260869565396,replayed_feasible,w3300_previous_a36,w3300_previous_a36,False
3300,previous,2790,6090,profile_0042,high_frequency,0.5886438455594817,-18.88499318441135,-18.88499318441152,energy_or_commitment_infeasible,w3300_previous_a37,,False
3300,previous,2790,6090,profile_0043,low_frequency,0.17,49.000000000000064,48.999999999999936,energy_or_commitment_infeasible,w3300_previous_a38,,False
3300,previous,2790,6090,profile_0044,piecewise,0.33,30.65439999999997,30.654399999999825,energy_or_commitment_infeasible,w3300_previous_a39,,False
3300,previous,2790,6090,profile_0045,high_frequency,0.3570342316607774,25.77958734692859,25.779587346928444,energy_or_commitment_infeasible,w3300_previous_a40,,False
3300,previous,2790,6090,profile_0046,low_frequency,0.71,-44.73913043478263,-44.7391304347828,replayed_feasible,w3300_previous_a41,w3300_previous_a41,False
3300,previous,2790,6090,profile_0047,piecewise,0.31,34.260799999999975,34.26079999999983,energy_or_commitment_infeasible,w3300_previous_a22,,True
3300,previous,2790,6090,profile_0048,high_frequency,0.3343219227797409,29.875070884357093,29.87507088435695,energy_or_commitment_infeasible,w3300_previous_a42,,False
3300,previous,2790,6090,profile_0049,low_frequency,0.73,-48.999999999999915,-49.000000000000085,replayed_feasible,w3300_previous_a43,w3300_previous_a43,False
3300,previous,2790,6090,profile_0050,piecewise,0.75,-48.99999999999992,-49.00000000000008,replayed_feasible,w3300_previous_a8,w3300_previous_a8,True
3300,previous,2790,6090,profile_0051,high_frequency,0.45,9.015999999999972,9.015999999999828,energy_or_commitment_infeasible,w3300_previous_a5,,True
3300,previous,2790,6090,profile_0052,low_frequency,0.83,-48.99999999999994,-49.00000000000005,replayed_feasible,w3300_previous_a44,w3300_previous_a44,False
3300,previous,2790,6090,profile_0053,piecewise,0.61,-23.434782608695684,-23.434782608695855,energy_or_commitment_infeasible,w3300_previous_a31,,True
3300,previous,2790,6090,profile_0054,high_frequency,0.28,39.67039999999997,39.67039999999983,energy_or_commitment_infeasible,w3300_previous_a45,,False
3300,previous,2790,6090,profile_0055,low_frequency,0.38,21.638399999999972,21.638399999999827,energy_or_commitment_infeasible,w3300_previous_a46,,False
3300,previous,2790,6090,profile_0056,piecewise,0.19,49.000000000000064,48.999999999999936,energy_or_commitment_infeasible,w3300_previous_a38,,True
3300,previous,2790,6090,profile_0057,high_frequency,0.46,7.212799999999964,7.21279999999982,energy_or_commitment_infeasible,w3300_previous_a47,,False
3300,previous,2790,6090,profile_0058,low_frequency,0.39,19.835199999999976,19.835199999999833,energy_or_commitment_infeasible,w3300_previous_a21,,True
3300,previous,2790,6090,profile_0059,piecewise,0.68,-38.34782608695655,-38.34782608695672,replayed_feasible,w3300_previous_a48,w3300_previous_a48,False
3300,previous,2790,6090,profile_0060,high_frequency,0.64,-29.826086956521767,-29.826086956521937,replayed_feasible,w3300_previous_a11,w3300_previous_a11,True
3300,previous,2790,6090,profile_0061,low_frequency,0.21,49.00000000000007,48.999999999999936,energy_or_commitment_infeasible,w3300_previous_a49,,False
3300,previous,2790,6090,profile_0062,piecewise,0.11,49.00000000000005,48.99999999999995,energy_or_commitment_infeasible,w3300_previous_a50,,False
3300,previous,2790,6090,profile_0063,high_frequency,0.5056780772202591,-1.209677320837853,-1.2096773208380232,energy_or_commitment_infeasible,w3300_previous_a51,,False
3360,previous,2730,6090,profile_0000,constant,0.05,49.00000000000004,48.99999999999996,energy_or_commitment_infeasible,w3360_previous_a1,,False
3360,previous,2730,6090,profile_0001,constant,0.15,49.00000000000005,48.99999999999994,energy_or_commitment_infeasible,w3360_previous_a2,,False
3360,previous,2730,6090,profile_0002,constant,0.25,45.07999999999998,45.079999999999835,energy_or_commitment_infeasible,w3360_previous_a3,,False
3360,previous,2730,6090,profile_0003,constant,0.35,27.04799999999998,27.047999999999835,energy_or_commitment_infeasible,w3360_previous_a4,,False
3360,previous,2730,6090,profile_0004,constant,0.45,9.015999999999972,9.015999999999828,energy_or_commitment_infeasible,w3360_previous_a5,,False
3360,previous,2730,6090,profile_0005,constant,0.55,-10.652173913043521,-10.652173913043692,energy_or_commitment_infeasible,w3360_previous_a6,,False
3360,previous,2730,6090,profile_0006,constant,0.65,-31.95652173913047,-31.95652173913064,replayed_feasible,w3360_previous_a7,w3360_previous_a7,False
3360,previous,2730,6090,profile_0007,constant,0.75,-48.99999999999992,-49.00000000000008,replayed_feasible,w3360_previous_a8,w3360_previous_a8,False
3360,previous,2730,6090,profile_0008,constant,0.85,-48.99999999999994,-49.00000000000006,replayed_feasible,w3360_previous_a9,w3360_previous_a9,False
3360,previous,2730,6090,profile_0009,constant,0.95,-48.99999999999996,-49.00000000000004,replayed_feasible,w3360_previous_a10,w3360_previous_a10,False
3360,previous,2730,6090,profile_0010,ramp,0.64,-29.826086956521767,-29.826086956521937,replayed_feasible,w3360_previous_a11,w3360_previous_a11,False
3360,previous,2730,6090,profile_0011,ramp,0.36,25.244799999999973,25.244799999999827,energy_or_commitment_infeasible,w3360_previous_a12,,False
3360,previous,2730,6090,profile_0012,ramp,0.59,-19.17391304347829,-19.17391304347846,energy_or_commitment_infeasible,w3360_previous_a13,,False
3360,previous,2730,6090,profile_0013,ramp,0.41,16.228799999999975,16.228799999999833,energy_or_commitment_infeasible,w3360_previous_a14,,False
3360,previous,2730,6090,profile_0014,ramp,0.55,-10.652173913043521,-10.652173913043692,energy_or_commitment_infeasible,w3360_previous_a6,,True
3360,previous,2730,6090,profile_0015,ramp,0.45,9.015999999999972,9.015999999999828,energy_or_commitment_infeasible,w3360_previous_a5,,True
3360,previous,2730,6090,profile_0016,low_frequency,0.36,25.244799999999973,25.244799999999827,energy_or_commitment_infeasible,w3360_previous_a12,,True
3360,previous,2730,6090,profile_0017,piecewise,0.3,36.06399999999998,36.06399999999984,energy_or_commitment_infeasible,w3360_previous_a15,,False
3360,previous,2730,6090,profile_0018,high_frequency,0.62,-25.565217391304373,-25.565217391304543,energy_or_commitment_infeasible,w3360_previous_a16,,False
3360,previous,2730,6090,profile_0019,low_frequency,0.29,37.867199999999976,37.86719999999983,energy_or_commitment_infeasible,w3360_previous_a17,,False
3360,previous,2730,6090,profile_0020,piecewise,0.53,-6.391304347826128,-6.391304347826298,energy_or_commitment_infeasible,w3360_previous_a18,,False
3360,previous,2730,6090,profile_0021,high_frequency,0.75,-48.99999999999992,-49.00000000000008,replayed_feasible,w3360_previous_a8,w3360_previous_a8,True
3360,previous,2730,6090,profile_0022,low_frequency,0.47,5.409599999999983,5.409599999999839,energy_or_commitment_infeasible,w3360_previous_a19,,False
3360,previous,2730,6090,profile_0023,piecewise,0.9,-48.99999999999995,-49.00000000000004,replayed_feasible,w3360_previous_a20,w3360_previous_a20,False
3360,previous,2730,6090,profile_0024,high_frequency,0.39,19.835199999999976,19.835199999999833,energy_or_commitment_infeasible,w3360_previous_a21,,False
3360,previous,2730,6090,profile_0025,low_frequency,0.31,34.260799999999975,34.26079999999983,energy_or_commitment_infeasible,w3360_previous_a22,,False
3360,previous,2730,6090,profile_0026,piecewise,0.4,18.031999999999968,18.031999999999826,energy_or_commitment_infeasible,w3360_previous_a23,,False
3360,previous,2730,6090,profile_0027,high_frequency,0.5713561544405182,-15.201963337327824,-15.201963337327994,energy_or_commitment_infeasible,w3360_previous_a24,,False
3360,previous,2730,6090,profile_0028,low_frequency,0.66,-34.086956521739175,-34.086956521739346,replayed_feasible,w3360_previous_a25,w3360_previous_a25,False
3360,previous,2730,6090,profile_0029,piecewise,0.57,-14.913043478260883,-14.913043478261054,energy_or_commitment_infeasible,w3360_previous_a26,,False
3360,previous,2730,6090,profile_0030,high_frequency,0.44,10.819199999999979,10.819199999999835,energy_or_commitment_infeasible,w3360_previous_a27,,False
3360,previous,2730,6090,profile_0031,low_frequency,0.37,23.44159999999998,23.441599999999834,energy_or_commitment_infeasible,w3360_previous_a28,,False
3360,previous,2730,6090,profile_0032,piecewise,0.15,49.00000000000005,48.99999999999994,energy_or_commitment_infeasible,w3360_previous_a2,,True
3360,previous,2730,6090,profile_0033,high_frequency,0.26432192277974087,42.4974708843571,42.49747088435696,energy_or_commitment_infeasible,w3360_previous_a29,,False
3360,previous,2730,6090,profile_0034,low_frequency,0.47,5.409599999999983,5.409599999999839,energy_or_commitment_infeasible,w3360_previous_a19,,True
3360,previous,2730,6090,profile_0035,piecewise,0.89,-48.99999999999995,-49.00000000000005,replayed_feasible,w3360_previous_a30,w3360_previous_a30,False
3360,previous,2730,6090,profile_0036,high_frequency,0.61,-23.434782608695684,-23.434782608695855,energy_or_commitment_infeasible,w3360_previous_a31,,False
3360,previous,2730,6090,profile_0037,low_frequency,0.6756780772202592,-37.42706862518567,-37.42706862518584,replayed_feasible,w3360_previous_a32,w3360_previous_a32,False
3360,previous,2730,6090,profile_0038,piecewise,0.72,-46.86956521739134,-46.86956521739151,replayed_feasible,w3360_previous_a33,w3360_previous_a33,False
3360,previous,2730,6090,profile_0039,high_frequency,0.43567807722025914,11.59852911564284,11.598529115642696,energy_or_commitment_infeasible,w3360_previous_a34,,False
3360,previous,2730,6090,profile_0040,low_frequency,0.56,-12.78260869565221,-12.78260869565238,energy_or_commitment_infeasible,w3360_previous_a35,,False
3360,previous,2730,6090,profile_0041,piecewise,0.69,-40.478260869565226,-40.478260869565396,replayed_feasible,w3360_previous_a36,w3360_previous_a36,False
3360,previous,2730,6090,profile_0042,high_frequency,0.5886438455594817,-18.88499318441135,-18.88499318441152,energy_or_commitment_infeasible,w3360_previous_a37,,False
3360,previous,2730,6090,profile_0043,low_frequency,0.17,49.000000000000064,48.999999999999936,energy_or_commitment_infeasible,w3360_previous_a38,,False
3360,previous,2730,6090,profile_0044,piecewise,0.33,30.65439999999997,30.654399999999825,energy_or_commitment_infeasible,w3360_previous_a39,,False
3360,previous,2730,6090,profile_0045,high_frequency,0.3570342316607774,25.77958734692859,25.779587346928444,energy_or_commitment_infeasible,w3360_previous_a40,,False
3360,previous,2730,6090,profile_0046,low_frequency,0.71,-44.73913043478263,-44.7391304347828,replayed_feasible,w3360_previous_a41,w3360_previous_a41,False
3360,previous,2730,6090,profile_0047,piecewise,0.31,34.260799999999975,34.26079999999983,energy_or_commitment_infeasible,w3360_previous_a22,,True
3360,previous,2730,6090,profile_0048,high_frequency,0.3343219227797409,29.875070884357093,29.87507088435695,energy_or_commitment_infeasible,w3360_previous_a42,,False
3360,previous,2730,6090,profile_0049,low_frequency,0.73,-48.999999999999915,-49.000000000000085,replayed_feasible,w3360_previous_a43,w3360_previous_a43,False
3360,previous,2730,6090,profile_0050,piecewise,0.75,-48.99999999999992,-49.00000000000008,replayed_feasible,w3360_previous_a8,w3360_previous_a8,True
3360,previous,2730,6090,profile_0051,high_frequency,0.45,9.015999999999972,9.015999999999828,energy_or_commitment_infeasible,w3360_previous_a5,,True
3360,previous,2730,6090,profile_0052,low_frequency,0.83,-48.99999999999994,-49.00000000000005,replayed_feasible,w3360_previous_a44,w3360_previous_a44,False
3360,previous,2730,6090,profile_0053,piecewise,0.61,-23.434782608695684,-23.434782608695855,energy_or_commitment_infeasible,w3360_previous_a31,,True
3360,previous,2730,6090,profile_0054,high_frequency,0.28,39.67039999999997,39.67039999999983,energy_or_commitment_infeasible,w3360_previous_a45,,False
3360,previous,2730,6090,profile_0055,low_frequency,0.38,21.638399999999972,21.638399999999827,energy_or_commitment_infeasible,w3360_previous_a46,,False
3360,previous,2730,6090,profile_0056,piecewise,0.19,49.000000000000064,48.999999999999936,energy_or_commitment_infeasible,w3360_previous_a38,,True
3360,previous,2730,6090,profile_0057,high_frequency,0.46,7.212799999999964,7.21279999999982,energy_or_commitment_infeasible,w3360_previous_a47,,False
3360,previous,2730,6090,profile_0058,low_frequency,0.39,19.835199999999976,19.835199999999833,energy_or_commitment_infeasible,w3360_previous_a21,,True
3360,previous,2730,6090,profile_0059,piecewise,0.68,-38.34782608695655,-38.34782608695672,replayed_feasible,w3360_previous_a48,w3360_previous_a48,False
3360,previous,2730,6090,profile_0060,high_frequency,0.64,-29.826086956521767,-29.826086956521937,replayed_feasible,w3360_previous_a11,w3360_previous_a11,True
3360,previous,2730,6090,profile_0061,low_frequency,0.21,49.00000000000007,48.999999999999936,energy_or_commitment_infeasible,w3360_previous_a49,,False
3360,previous,2730,6090,profile_0062,piecewise,0.11,49.00000000000005,48.99999999999995,energy_or_commitment_infeasible,w3360_previous_a50,,False
3360,previous,2730,6090,profile_0063,high_frequency,0.5056780772202591,-1.209677320837853,-1.2096773208380232,energy_or_commitment_infeasible,w3360_previous_a51,,False
3420,previous,2670,6090,profile_0000,constant,0.05,49.00000000000004,48.99999999999996,energy_or_commitment_infeasible,w3420_previous_a1,,False
3420,previous,2670,6090,profile_0001,constant,0.15,49.00000000000005,48.99999999999994,energy_or_commitment_infeasible,w3420_previous_a2,,False
3420,previous,2670,6090,profile_0002,constant,0.25,45.07999999999998,45.079999999999835,energy_or_commitment_infeasible,w3420_previous_a3,,False
3420,previous,2670,6090,profile_0003,constant,0.35,27.04799999999998,27.047999999999835,energy_or_commitment_infeasible,w3420_previous_a4,,False
3420,previous,2670,6090,profile_0004,constant,0.45,9.015999999999972,9.015999999999828,energy_or_commitment_infeasible,w3420_previous_a5,,False
3420,previous,2670,6090,profile_0005,constant,0.55,-10.652173913043521,-10.652173913043692,energy_or_commitment_infeasible,w3420_previous_a6,,False
3420,previous,2670,6090,profile_0006,constant,0.65,-31.95652173913047,-31.95652173913064,replayed_feasible,w3420_previous_a7,w3420_previous_a7,False
3420,previous,2670,6090,profile_0007,constant,0.75,-48.99999999999992,-49.00000000000008,replayed_feasible,w3420_previous_a8,w3420_previous_a8,False
3420,previous,2670,6090,profile_0008,constant,0.85,-48.99999999999994,-49.00000000000006,replayed_feasible,w3420_previous_a9,w3420_previous_a9,False
3420,previous,2670,6090,profile_0009,constant,0.95,-48.99999999999996,-49.00000000000004,replayed_feasible,w3420_previous_a10,w3420_previous_a10,False
3420,previous,2670,6090,profile_0010,ramp,0.64,-29.826086956521767,-29.826086956521937,replayed_feasible,w3420_previous_a11,w3420_previous_a11,False
3420,previous,2670,6090,profile_0011,ramp,0.36,25.244799999999973,25.244799999999827,energy_or_commitment_infeasible,w3420_previous_a12,,False
3420,previous,2670,6090,profile_0012,ramp,0.59,-19.17391304347829,-19.17391304347846,energy_or_commitment_infeasible,w3420_previous_a13,,False
3420,previous,2670,6090,profile_0013,ramp,0.41,16.228799999999975,16.228799999999833,energy_or_commitment_infeasible,w3420_previous_a14,,False
3420,previous,2670,6090,profile_0014,ramp,0.55,-10.652173913043521,-10.652173913043692,energy_or_commitment_infeasible,w3420_previous_a6,,True
3420,previous,2670,6090,profile_0015,ramp,0.45,9.015999999999972,9.015999999999828,energy_or_commitment_infeasible,w3420_previous_a5,,True
3420,previous,2670,6090,profile_0016,low_frequency,0.36,25.244799999999973,25.244799999999827,energy_or_commitment_infeasible,w3420_previous_a12,,True
3420,previous,2670,6090,profile_0017,piecewise,0.3,36.06399999999998,36.06399999999984,energy_or_commitment_infeasible,w3420_previous_a15,,False
3420,previous,2670,6090,profile_0018,high_frequency,0.62,-25.565217391304373,-25.565217391304543,energy_or_commitment_infeasible,w3420_previous_a16,,False
3420,previous,2670,6090,profile_0019,low_frequency,0.29,37.867199999999976,37.86719999999983,energy_or_commitment_infeasible,w3420_previous_a17,,False
3420,previous,2670,6090,profile_0020,piecewise,0.53,-6.391304347826128,-6.391304347826298,energy_or_commitment_infeasible,w3420_previous_a18,,False
3420,previous,2670,6090,profile_0021,high_frequency,0.75,-48.99999999999992,-49.00000000000008,replayed_feasible,w3420_previous_a8,w3420_previous_a8,True
3420,previous,2670,6090,profile_0022,low_frequency,0.47,5.409599999999983,5.409599999999839,energy_or_commitment_infeasible,w3420_previous_a19,,False
3420,previous,2670,6090,profile_0023,piecewise,0.9,-48.99999999999995,-49.00000000000004,replayed_feasible,w3420_previous_a20,w3420_previous_a20,False
3420,previous,2670,6090,profile_0024,high_frequency,0.39,19.835199999999976,19.835199999999833,energy_or_commitment_infeasible,w3420_previous_a21,,False
3420,previous,2670,6090,profile_0025,low_frequency,0.31,34.260799999999975,34.26079999999983,energy_or_commitment_infeasible,w3420_previous_a22,,False
3420,previous,2670,6090,profile_0026,piecewise,0.4,18.031999999999968,18.031999999999826,energy_or_commitment_infeasible,w3420_previous_a23,,False
3420,previous,2670,6090,profile_0027,high_frequency,0.5713561544405182,-15.201963337327824,-15.201963337327994,energy_or_commitment_infeasible,w3420_previous_a24,,False
3420,previous,2670,6090,profile_0028,low_frequency,0.66,-34.086956521739175,-34.086956521739346,replayed_feasible,w3420_previous_a25,w3420_previous_a25,False
3420,previous,2670,6090,profile_0029,piecewise,0.57,-14.913043478260883,-14.913043478261054,energy_or_commitment_infeasible,w3420_previous_a26,,False
3420,previous,2670,6090,profile_0030,high_frequency,0.44,10.819199999999979,10.819199999999835,energy_or_commitment_infeasible,w3420_previous_a27,,False
3420,previous,2670,6090,profile_0031,low_frequency,0.37,23.44159999999998,23.441599999999834,energy_or_commitment_infeasible,w3420_previous_a28,,False
3420,previous,2670,6090,profile_0032,piecewise,0.15,49.00000000000005,48.99999999999994,energy_or_commitment_infeasible,w3420_previous_a2,,True
3420,previous,2670,6090,profile_0033,high_frequency,0.26432192277974087,42.4974708843571,42.49747088435696,energy_or_commitment_infeasible,w3420_previous_a29,,False
3420,previous,2670,6090,profile_0034,low_frequency,0.47,5.409599999999983,5.409599999999839,energy_or_commitment_infeasible,w3420_previous_a19,,True
3420,previous,2670,6090,profile_0035,piecewise,0.89,-48.99999999999995,-49.00000000000005,replayed_feasible,w3420_previous_a30,w3420_previous_a30,False
3420,previous,2670,6090,profile_0036,high_frequency,0.61,-23.434782608695684,-23.434782608695855,energy_or_commitment_infeasible,w3420_previous_a31,,False
3420,previous,2670,6090,profile_0037,low_frequency,0.6756780772202592,-37.42706862518567,-37.42706862518584,replayed_feasible,w3420_previous_a32,w3420_previous_a32,False
3420,previous,2670,6090,profile_0038,piecewise,0.72,-46.86956521739134,-46.86956521739151,replayed_feasible,w3420_previous_a33,w3420_previous_a33,False
3420,previous,2670,6090,profile_0039,high_frequency,0.43567807722025914,11.59852911564284,11.598529115642696,energy_or_commitment_infeasible,w3420_previous_a34,,False
3420,previous,2670,6090,profile_0040,low_frequency,0.56,-12.78260869565221,-12.78260869565238,energy_or_commitment_infeasible,w3420_previous_a35,,False
3420,previous,2670,6090,profile_0041,piecewise,0.69,-40.478260869565226,-40.478260869565396,replayed_feasible,w3420_previous_a36,w3420_previous_a36,False
3420,previous,2670,6090,profile_0042,high_frequency,0.5886438455594817,-18.88499318441135,-18.88499318441152,energy_or_commitment_infeasible,w3420_previous_a37,,False
3420,previous,2670,6090,profile_0043,low_frequency,0.17,49.000000000000064,48.999999999999936,energy_or_commitment_infeasible,w3420_previous_a38,,False
3420,previous,2670,6090,profile_0044,piecewise,0.33,30.65439999999997,30.654399999999825,energy_or_commitment_infeasible,w3420_previous_a39,,False
3420,previous,2670,6090,profile_0045,high_frequency,0.3570342316607774,25.77958734692859,25.779587346928444,energy_or_commitment_infeasible,w3420_previous_a40,,False
3420,previous,2670,6090,profile_0046,low_frequency,0.71,-44.73913043478263,-44.7391304347828,replayed_feasible,w3420_previous_a41,w3420_previous_a41,False
3420,previous,2670,6090,profile_0047,piecewise,0.31,34.260799999999975,34.26079999999983,energy_or_commitment_infeasible,w3420_previous_a22,,True
3420,previous,2670,6090,profile_0048,high_frequency,0.3343219227797409,29.875070884357093,29.87507088435695,energy_or_commitment_infeasible,w3420_previous_a42,,False
3420,previous,2670,6090,profile_0049,low_frequency,0.73,-48.999999999999915,-49.000000000000085,replayed_feasible,w3420_previous_a43,w3420_previous_a43,False
3420,previous,2670,6090,profile_0050,piecewise,0.75,-48.99999999999992,-49.00000000000008,replayed_feasible,w3420_previous_a8,w3420_previous_a8,True
3420,previous,2670,6090,profile_0051,high_frequency,0.45,9.015999999999972,9.015999999999828,energy_or_commitment_infeasible,w3420_previous_a5,,True
3420,previous,2670,6090,profile_0052,low_frequency,0.83,-48.99999999999994,-49.00000000000005,replayed_feasible,w3420_previous_a44,w3420_previous_a44,False
3420,previous,2670,6090,profile_0053,piecewise,0.61,-23.434782608695684,-23.434782608695855,energy_or_commitment_infeasible,w3420_previous_a31,,True
3420,previous,2670,6090,profile_0054,high_frequency,0.28,39.67039999999997,39.67039999999983,energy_or_commitment_infeasible,w3420_previous_a45,,False
3420,previous,2670,6090,profile_0055,low_frequency,0.38,21.638399999999972,21.638399999999827,energy_or_commitment_infeasible,w3420_previous_a46,,False
3420,previous,2670,6090,profile_0056,piecewise,0.19,49.000000000000064,48.999999999999936,energy_or_commitment_infeasible,w3420_previous_a38,,True
3420,previous,2670,6090,profile_0057,high_frequency,0.46,7.212799999999964,7.21279999999982,energy_or_commitment_infeasible,w3420_previous_a47,,False
3420,previous,2670,6090,profile_0058,low_frequency,0.39,19.835199999999976,19.835199999999833,energy_or_commitment_infeasible,w3420_previous_a21,,True
3420,previous,2670,6090,profile_0059,piecewise,0.68,-38.34782608695655,-38.34782608695672,replayed_feasible,w3420_previous_a48,w3420_previous_a48,False
3420,previous,2670,6090,profile_0060,high_frequency,0.64,-29.826086956521767,-29.826086956521937,replayed_feasible,w3420_previous_a11,w3420_previous_a11,True
3420,previous,2670,6090,profile_0061,low_frequency,0.21,49.00000000000007,48.999999999999936,energy_or_commitment_infeasible,w3420_previous_a49,,False
3420,previous,2670,6090,profile_0062,piecewise,0.11,49.00000000000005,48.99999999999995,energy_or_commitment_infeasible,w3420_previous_a50,,False
3420,previous,2670,6090,profile_0063,high_frequency,0.5056780772202591,-1.209677320837853,-1.2096773208380232,energy_or_commitment_infeasible,w3420_previous_a51,,False
3480,previous,2610,6090,profile_0000,constant,0.05,49.00000000000004,48.99999999999996,energy_or_commitment_infeasible,w3480_previous_a1,,False
3480,previous,2610,6090,profile_0001,constant,0.15,49.00000000000005,48.99999999999994,energy_or_commitment_infeasible,w3480_previous_a2,,False
3480,previous,2610,6090,profile_0002,constant,0.25,45.07999999999998,45.079999999999835,energy_or_commitment_infeasible,w3480_previous_a3,,False
3480,previous,2610,6090,profile_0003,constant,0.35,27.04799999999998,27.047999999999835,energy_or_commitment_infeasible,w3480_previous_a4,,False
3480,previous,2610,6090,profile_0004,constant,0.45,9.015999999999972,9.015999999999828,energy_or_commitment_infeasible,w3480_previous_a5,,False
3480,previous,2610,6090,profile_0005,constant,0.55,-10.652173913043521,-10.652173913043692,energy_or_commitment_infeasible,w3480_previous_a6,,False
3480,previous,2610,6090,profile_0006,constant,0.65,-31.95652173913047,-31.95652173913064,replayed_feasible,w3480_previous_a7,w3480_previous_a7,False
3480,previous,2610,6090,profile_0007,constant,0.75,-48.99999999999992,-49.00000000000008,replayed_feasible,w3480_previous_a8,w3480_previous_a8,False
3480,previous,2610,6090,profile_0008,constant,0.85,-48.99999999999994,-49.00000000000006,replayed_feasible,w3480_previous_a9,w3480_previous_a9,False
3480,previous,2610,6090,profile_0009,constant,0.95,-48.99999999999996,-49.00000000000004,replayed_feasible,w3480_previous_a10,w3480_previous_a10,False
3480,previous,2610,6090,profile_0010,ramp,0.64,-29.826086956521767,-29.826086956521937,replayed_feasible,w3480_previous_a11,w3480_previous_a11,False
3480,previous,2610,6090,profile_0011,ramp,0.36,25.244799999999973,25.244799999999827,energy_or_commitment_infeasible,w3480_previous_a12,,False
3480,previous,2610,6090,profile_0012,ramp,0.59,-19.17391304347829,-19.17391304347846,energy_or_commitment_infeasible,w3480_previous_a13,,False
3480,previous,2610,6090,profile_0013,ramp,0.41,16.228799999999975,16.228799999999833,energy_or_commitment_infeasible,w3480_previous_a14,,False
3480,previous,2610,6090,profile_0014,ramp,0.55,-10.652173913043521,-10.652173913043692,energy_or_commitment_infeasible,w3480_previous_a6,,True
3480,previous,2610,6090,profile_0015,ramp,0.45,9.015999999999972,9.015999999999828,energy_or_commitment_infeasible,w3480_previous_a5,,True
3480,previous,2610,6090,profile_0016,low_frequency,0.36,25.244799999999973,25.244799999999827,energy_or_commitment_infeasible,w3480_previous_a12,,True
3480,previous,2610,6090,profile_0017,piecewise,0.3,36.06399999999998,36.06399999999984,energy_or_commitment_infeasible,w3480_previous_a15,,False
3480,previous,2610,6090,profile_0018,high_frequency,0.62,-25.565217391304373,-25.565217391304543,energy_or_commitment_infeasible,w3480_previous_a16,,False
3480,previous,2610,6090,profile_0019,low_frequency,0.29,37.867199999999976,37.86719999999983,energy_or_commitment_infeasible,w3480_previous_a17,,False
3480,previous,2610,6090,profile_0020,piecewise,0.53,-6.391304347826128,-6.391304347826298,energy_or_commitment_infeasible,w3480_previous_a18,,False
3480,previous,2610,6090,profile_0021,high_frequency,0.75,-48.99999999999992,-49.00000000000008,replayed_feasible,w3480_previous_a8,w3480_previous_a8,True
3480,previous,2610,6090,profile_0022,low_frequency,0.47,5.409599999999983,5.409599999999839,energy_or_commitment_infeasible,w3480_previous_a19,,False
3480,previous,2610,6090,profile_0023,piecewise,0.9,-48.99999999999995,-49.00000000000004,replayed_feasible,w3480_previous_a20,w3480_previous_a20,False
3480,previous,2610,6090,profile_0024,high_frequency,0.39,19.835199999999976,19.835199999999833,energy_or_commitment_infeasible,w3480_previous_a21,,False
3480,previous,2610,6090,profile_0025,low_frequency,0.31,34.260799999999975,34.26079999999983,energy_or_commitment_infeasible,w3480_previous_a22,,False
3480,previous,2610,6090,profile_0026,piecewise,0.4,18.031999999999968,18.031999999999826,energy_or_commitment_infeasible,w3480_previous_a23,,False
3480,previous,2610,6090,profile_0027,high_frequency,0.5713561544405182,-15.201963337327824,-15.201963337327994,energy_or_commitment_infeasible,w3480_previous_a24,,False
3480,previous,2610,6090,profile_0028,low_frequency,0.66,-34.086956521739175,-34.086956521739346,replayed_feasible,w3480_previous_a25,w3480_previous_a25,False
3480,previous,2610,6090,profile_0029,piecewise,0.57,-14.913043478260883,-14.913043478261054,energy_or_commitment_infeasible,w3480_previous_a26,,False
3480,previous,2610,6090,profile_0030,high_frequency,0.44,10.819199999999979,10.819199999999835,energy_or_commitment_infeasible,w3480_previous_a27,,False
3480,previous,2610,6090,profile_0031,low_frequency,0.37,23.44159999999998,23.441599999999834,energy_or_commitment_infeasible,w3480_previous_a28,,False
3480,previous,2610,6090,profile_0032,piecewise,0.15,49.00000000000005,48.99999999999994,energy_or_commitment_infeasible,w3480_previous_a2,,True
3480,previous,2610,6090,profile_0033,high_frequency,0.26432192277974087,42.4974708843571,42.49747088435696,energy_or_commitment_infeasible,w3480_previous_a29,,False
3480,previous,2610,6090,profile_0034,low_frequency,0.47,5.409599999999983,5.409599999999839,energy_or_commitment_infeasible,w3480_previous_a19,,True
3480,previous,2610,6090,profile_0035,piecewise,0.89,-48.99999999999995,-49.00000000000005,replayed_feasible,w3480_previous_a30,w3480_previous_a30,False
3480,previous,2610,6090,profile_0036,high_frequency,0.61,-23.434782608695684,-23.434782608695855,energy_or_commitment_infeasible,w3480_previous_a31,,False
3480,previous,2610,6090,profile_0037,low_frequency,0.6756780772202592,-37.42706862518567,-37.42706862518584,replayed_feasible,w3480_previous_a32,w3480_previous_a32,False
3480,previous,2610,6090,profile_0038,piecewise,0.72,-46.86956521739134,-46.86956521739151,replayed_feasible,w3480_previous_a33,w3480_previous_a33,False
3480,previous,2610,6090,profile_0039,high_frequency,0.43567807722025914,11.59852911564284,11.598529115642696,energy_or_commitment_infeasible,w3480_previous_a34,,False
3480,previous,2610,6090,profile_0040,low_frequency,0.56,-12.78260869565221,-12.78260869565238,energy_or_commitment_infeasible,w3480_previous_a35,,False
3480,previous,2610,6090,profile_0041,piecewise,0.69,-40.478260869565226,-40.478260869565396,replayed_feasible,w3480_previous_a36,w3480_previous_a36,False
3480,previous,2610,6090,profile_0042,high_frequency,0.5886438455594817,-18.88499318441135,-18.88499318441152,energy_or_commitment_infeasible,w3480_previous_a37,,False
3480,previous,2610,6090,profile_0043,low_frequency,0.17,49.000000000000064,48.999999999999936,energy_or_commitment_infeasible,w3480_previous_a38,,False
3480,previous,2610,6090,profile_0044,piecewise,0.33,30.65439999999997,30.654399999999825,energy_or_commitment_infeasible,w3480_previous_a39,,False
3480,previous,2610,6090,profile_0045,high_frequency,0.3570342316607774,25.77958734692859,25.779587346928444,energy_or_commitment_infeasible,w3480_previous_a40,,False
3480,previous,2610,6090,profile_0046,low_frequency,0.71,-44.73913043478263,-44.7391304347828,replayed_feasible,w3480_previous_a41,w3480_previous_a41,False
3480,previous,2610,6090,profile_0047,piecewise,0.31,34.260799999999975,34.26079999999983,energy_or_commitment_infeasible,w3480_previous_a22,,True
3480,previous,2610,6090,profile_0048,high_frequency,0.3343219227797409,29.875070884357093,29.87507088435695,energy_or_commitment_infeasible,w3480_previous_a42,,False
3480,previous,2610,6090,profile_0049,low_frequency,0.73,-48.999999999999915,-49.000000000000085,replayed_feasible,w3480_previous_a43,w3480_previous_a43,False
3480,previous,2610,6090,profile_0050,piecewise,0.75,-48.99999999999992,-49.00000000000008,replayed_feasible,w3480_previous_a8,w3480_previous_a8,True
3480,previous,2610,6090,profile_0051,high_frequency,0.45,9.015999999999972,9.015999999999828,energy_or_commitment_infeasible,w3480_previous_a5,,True
3480,previous,2610,6090,profile_0052,low_frequency,0.83,-48.99999999999994,-49.00000000000005,replayed_feasible,w3480_previous_a44,w3480_previous_a44,False
3480,previous,2610,6090,profile_0053,piecewise,0.61,-23.434782608695684,-23.434782608695855,energy_or_commitment_infeasible,w3480_previous_a31,,True
3480,previous,2610,6090,profile_0054,high_frequency,0.28,39.67039999999997,39.67039999999983,energy_or_commitment_infeasible,w3480_previous_a45,,False
3480,previous,2610,6090,profile_0055,low_frequency,0.38,21.638399999999972,21.638399999999827,energy_or_commitment_infeasible,w3480_previous_a46,,False
3480,previous,2610,6090,profile_0056,piecewise,0.19,49.000000000000064,48.999999999999936,energy_or_commitment_infeasible,w3480_previous_a38,,True
3480,previous,2610,6090,profile_0057,high_frequency,0.46,7.212799999999964,7.21279999999982,energy_or_commitment_infeasible,w3480_previous_a47,,False
3480,previous,2610,6090,profile_0058,low_frequency,0.39,19.835199999999976,19.835199999999833,energy_or_commitment_infeasible,w3480_previous_a21,,True
3480,previous,2610,6090,profile_0059,piecewise,0.68,-38.34782608695655,-38.34782608695672,replayed_feasible,w3480_previous_a48,w3480_previous_a48,False
3480,previous,2610,6090,profile_0060,high_frequency,0.64,-29.826086956521767,-29.826086956521937,replayed_feasible,w3480_previous_a11,w3480_previous_a11,True
3480,previous,2610,6090,profile_0061,low_frequency,0.21,49.00000000000007,48.999999999999936,energy_or_commitment_infeasible,w3480_previous_a49,,False
3480,previous,2610,6090,profile_0062,piecewise,0.11,49.00000000000005,48.99999999999995,energy_or_commitment_infeasible,w3480_previous_a50,,False
3480,previous,2610,6090,profile_0063,high_frequency,0.5056780772202591,-1.209677320837853,-1.2096773208380232,energy_or_commitment_infeasible,w3480_previous_a51,,False
3540,previous,2550,6090,profile_0000,constant,0.05,49.00000000000004,48.99999999999996,energy_or_commitment_infeasible,w3540_previous_a1,,False
3540,previous,2550,6090,profile_0001,constant,0.15,49.00000000000005,48.99999999999994,energy_or_commitment_infeasible,w3540_previous_a2,,False
3540,previous,2550,6090,profile_0002,constant,0.25,45.07999999999998,45.079999999999835,energy_or_commitment_infeasible,w3540_previous_a3,,False
3540,previous,2550,6090,profile_0003,constant,0.35,27.04799999999998,27.047999999999835,energy_or_commitment_infeasible,w3540_previous_a4,,False
3540,previous,2550,6090,profile_0004,constant,0.45,9.015999999999972,9.015999999999828,energy_or_commitment_infeasible,w3540_previous_a5,,False
3540,previous,2550,6090,profile_0005,constant,0.55,-10.652173913043521,-10.652173913043692,energy_or_commitment_infeasible,w3540_previous_a6,,False
3540,previous,2550,6090,profile_0006,constant,0.65,-31.95652173913047,-31.95652173913064,replayed_feasible,w3540_previous_a7,w3540_previous_a7,False
3540,previous,2550,6090,profile_0007,constant,0.75,-48.99999999999992,-49.00000000000008,replayed_feasible,w3540_previous_a8,w3540_previous_a8,False
3540,previous,2550,6090,profile_0008,constant,0.85,-48.99999999999994,-49.00000000000006,replayed_feasible,w3540_previous_a9,w3540_previous_a9,False
3540,previous,2550,6090,profile_0009,constant,0.95,-48.99999999999996,-49.00000000000004,replayed_feasible,w3540_previous_a10,w3540_previous_a10,False
3540,previous,2550,6090,profile_0010,ramp,0.64,-29.826086956521767,-29.826086956521937,replayed_feasible,w3540_previous_a11,w3540_previous_a11,False
3540,previous,2550,6090,profile_0011,ramp,0.36,25.244799999999973,25.244799999999827,energy_or_commitment_infeasible,w3540_previous_a12,,False
3540,previous,2550,6090,profile_0012,ramp,0.59,-19.17391304347829,-19.17391304347846,energy_or_commitment_infeasible,w3540_previous_a13,,False
3540,previous,2550,6090,profile_0013,ramp,0.41,16.228799999999975,16.228799999999833,energy_or_commitment_infeasible,w3540_previous_a14,,False
3540,previous,2550,6090,profile_0014,ramp,0.55,-10.652173913043521,-10.652173913043692,energy_or_commitment_infeasible,w3540_previous_a6,,True
3540,previous,2550,6090,profile_0015,ramp,0.45,9.015999999999972,9.015999999999828,energy_or_commitment_infeasible,w3540_previous_a5,,True
3540,previous,2550,6090,profile_0016,low_frequency,0.36,25.244799999999973,25.244799999999827,energy_or_commitment_infeasible,w3540_previous_a12,,True
3540,previous,2550,6090,profile_0017,piecewise,0.3,36.06399999999998,36.06399999999984,energy_or_commitment_infeasible,w3540_previous_a15,,False
3540,previous,2550,6090,profile_0018,high_frequency,0.62,-25.565217391304373,-25.565217391304543,energy_or_commitment_infeasible,w3540_previous_a16,,False
3540,previous,2550,6090,profile_0019,low_frequency,0.29,37.867199999999976,37.86719999999983,energy_or_commitment_infeasible,w3540_previous_a17,,False
3540,previous,2550,6090,profile_0020,piecewise,0.53,-6.391304347826128,-6.391304347826298,energy_or_commitment_infeasible,w3540_previous_a18,,False
3540,previous,2550,6090,profile_0021,high_frequency,0.75,-48.99999999999992,-49.00000000000008,replayed_feasible,w3540_previous_a8,w3540_previous_a8,True
3540,previous,2550,6090,profile_0022,low_frequency,0.47,5.409599999999983,5.409599999999839,energy_or_commitment_infeasible,w3540_previous_a19,,False
3540,previous,2550,6090,profile_0023,piecewise,0.9,-48.99999999999995,-49.00000000000004,replayed_feasible,w3540_previous_a20,w3540_previous_a20,False
3540,previous,2550,6090,profile_0024,high_frequency,0.39,19.835199999999976,19.835199999999833,energy_or_commitment_infeasible,w3540_previous_a21,,False
3540,previous,2550,6090,profile_0025,low_frequency,0.31,34.260799999999975,34.26079999999983,energy_or_commitment_infeasible,w3540_previous_a22,,False
3540,previous,2550,6090,profile_0026,piecewise,0.4,18.031999999999968,18.031999999999826,energy_or_commitment_infeasible,w3540_previous_a23,,False
3540,previous,2550,6090,profile_0027,high_frequency,0.5713561544405182,-15.201963337327824,-15.201963337327994,energy_or_commitment_infeasible,w3540_previous_a24,,False
3540,previous,2550,6090,profile_0028,low_frequency,0.66,-34.086956521739175,-34.086956521739346,replayed_feasible,w3540_previous_a25,w3540_previous_a25,False
3540,previous,2550,6090,profile_0029,piecewise,0.57,-14.913043478260883,-14.913043478261054,energy_or_commitment_infeasible,w3540_previous_a26,,False
3540,previous,2550,6090,profile_0030,high_frequency,0.44,10.819199999999979,10.819199999999835,energy_or_commitment_infeasible,w3540_previous_a27,,False
3540,previous,2550,6090,profile_0031,low_frequency,0.37,23.44159999999998,23.441599999999834,energy_or_commitment_infeasible,w3540_previous_a28,,False
3540,previous,2550,6090,profile_0032,piecewise,0.15,49.00000000000005,48.99999999999994,energy_or_commitment_infeasible,w3540_previous_a2,,True
3540,previous,2550,6090,profile_0033,high_frequency,0.26432192277974087,42.4974708843571,42.49747088435696,energy_or_commitment_infeasible,w3540_previous_a29,,False
3540,previous,2550,6090,profile_0034,low_frequency,0.47,5.409599999999983,5.409599999999839,energy_or_commitment_infeasible,w3540_previous_a19,,True
3540,previous,2550,6090,profile_0035,piecewise,0.89,-48.99999999999995,-49.00000000000005,replayed_feasible,w3540_previous_a30,w3540_previous_a30,False
3540,previous,2550,6090,profile_0036,high_frequency,0.61,-23.434782608695684,-23.434782608695855,energy_or_commitment_infeasible,w3540_previous_a31,,False
3540,previous,2550,6090,profile_0037,low_frequency,0.6756780772202592,-37.42706862518567,-37.42706862518584,replayed_feasible,w3540_previous_a32,w3540_previous_a32,False
3540,previous,2550,6090,profile_0038,piecewise,0.72,-46.86956521739134,-46.86956521739151,replayed_feasible,w3540_previous_a33,w3540_previous_a33,False
3540,previous,2550,6090,profile_0039,high_frequency,0.43567807722025914,11.59852911564284,11.598529115642696,energy_or_commitment_infeasible,w3540_previous_a34,,False
3540,previous,2550,6090,profile_0040,low_frequency,0.56,-12.78260869565221,-12.78260869565238,energy_or_commitment_infeasible,w3540_previous_a35,,False
3540,previous,2550,6090,profile_0041,piecewise,0.69,-40.478260869565226,-40.478260869565396,replayed_feasible,w3540_previous_a36,w3540_previous_a36,False
3540,previous,2550,6090,profile_0042,high_frequency,0.5886438455594817,-18.88499318441135,-18.88499318441152,energy_or_commitment_infeasible,w3540_previous_a37,,False
3540,previous,2550,6090,profile_0043,low_frequency,0.17,49.000000000000064,48.999999999999936,energy_or_commitment_infeasible,w3540_previous_a38,,False
3540,previous,2550,6090,profile_0044,piecewise,0.33,30.65439999999997,30.654399999999825,energy_or_commitment_infeasible,w3540_previous_a39,,False
3540,previous,2550,6090,profile_0045,high_frequency,0.3570342316607774,25.77958734692859,25.779587346928444,energy_or_commitment_infeasible,w3540_previous_a40,,False
3540,previous,2550,6090,profile_0046,low_frequency,0.71,-44.73913043478263,-44.7391304347828,replayed_feasible,w3540_previous_a41,w3540_previous_a41,False
3540,previous,2550,6090,profile_0047,piecewise,0.31,34.260799999999975,34.26079999999983,energy_or_commitment_infeasible,w3540_previous_a22,,True
3540,previous,2550,6090,profile_0048,high_frequency,0.3343219227797409,29.875070884357093,29.87507088435695,energy_or_commitment_infeasible,w3540_previous_a42,,False
3540,previous,2550,6090,profile_0049,low_frequency,0.73,-48.999999999999915,-49.000000000000085,replayed_feasible,w3540_previous_a43,w3540_previous_a43,False
3540,previous,2550,6090,profile_0050,piecewise,0.75,-48.99999999999992,-49.00000000000008,replayed_feasible,w3540_previous_a8,w3540_previous_a8,True
3540,previous,2550,6090,profile_0051,high_frequency,0.45,9.015999999999972,9.015999999999828,energy_or_commitment_infeasible,w3540_previous_a5,,True
3540,previous,2550,6090,profile_0052,low_frequency,0.83,-48.99999999999994,-49.00000000000005,replayed_feasible,w3540_previous_a44,w3540_previous_a44,False
3540,previous,2550,6090,profile_0053,piecewise,0.61,-23.434782608695684,-23.434782608695855,energy_or_commitment_infeasible,w3540_previous_a31,,True
3540,previous,2550,6090,profile_0054,high_frequency,0.28,39.67039999999997,39.67039999999983,energy_or_commitment_infeasible,w3540_previous_a45,,False
3540,previous,2550,6090,profile_0055,low_frequency,0.38,21.638399999999972,21.638399999999827,energy_or_commitment_infeasible,w3540_previous_a46,,False
3540,previous,2550,6090,profile_0056,piecewise,0.19,49.000000000000064,48.999999999999936,energy_or_commitment_infeasible,w3540_previous_a38,,True
3540,previous,2550,6090,profile_0057,high_frequency,0.46,7.212799999999964,7.21279999999982,energy_or_commitment_infeasible,w3540_previous_a47,,False
3540,previous,2550,6090,profile_0058,low_frequency,0.39,19.835199999999976,19.835199999999833,energy_or_commitment_infeasible,w3540_previous_a21,,True
3540,previous,2550,6090,profile_0059,piecewise,0.68,-38.34782608695655,-38.34782608695672,replayed_feasible,w3540_previous_a48,w3540_previous_a48,False
3540,previous,2550,6090,profile_0060,high_frequency,0.64,-29.826086956521767,-29.826086956521937,replayed_feasible,w3540_previous_a11,w3540_previous_a11,True
3540,previous,2550,6090,profile_0061,low_frequency,0.21,49.00000000000007,48.999999999999936,energy_or_commitment_infeasible,w3540_previous_a49,,False
3540,previous,2550,6090,profile_0062,piecewise,0.11,49.00000000000005,48.99999999999995,energy_or_commitment_infeasible,w3540_previous_a50,,False
3540,previous,2550,6090,profile_0063,high_frequency,0.5056780772202591,-1.209677320837853,-1.2096773208380232,energy_or_commitment_infeasible,w3540_previous_a51,,False
3600,previous,2490,6090,profile_0000,constant,0.05,49.00000000000004,48.99999999999996,energy_or_commitment_infeasible,w3600_previous_a1,,False
3600,previous,2490,6090,profile_0001,constant,0.15,49.00000000000005,48.99999999999994,energy_or_commitment_infeasible,w3600_previous_a2,,False
3600,previous,2490,6090,profile_0002,constant,0.25,45.07999999999998,45.079999999999835,energy_or_commitment_infeasible,w3600_previous_a3,,False
3600,previous,2490,6090,profile_0003,constant,0.35,27.04799999999998,27.047999999999835,energy_or_commitment_infeasible,w3600_previous_a4,,False
3600,previous,2490,6090,profile_0004,constant,0.45,9.015999999999972,9.015999999999828,energy_or_commitment_infeasible,w3600_previous_a5,,False
3600,previous,2490,6090,profile_0005,constant,0.55,-10.652173913043521,-10.652173913043692,energy_or_commitment_infeasible,w3600_previous_a6,,False
3600,previous,2490,6090,profile_0006,constant,0.65,-31.95652173913047,-31.95652173913064,replayed_feasible,w3600_previous_a7,w3600_previous_a7,False
3600,previous,2490,6090,profile_0007,constant,0.75,-48.99999999999992,-49.00000000000008,replayed_feasible,w3600_previous_a8,w3600_previous_a8,False
3600,previous,2490,6090,profile_0008,constant,0.85,-48.99999999999994,-49.00000000000006,replayed_feasible,w3600_previous_a9,w3600_previous_a9,False
3600,previous,2490,6090,profile_0009,constant,0.95,-48.99999999999996,-49.00000000000004,replayed_feasible,w3600_previous_a10,w3600_previous_a10,False
3600,previous,2490,6090,profile_0010,ramp,0.64,-29.826086956521767,-29.826086956521937,replayed_feasible,w3600_previous_a11,w3600_previous_a11,False
3600,previous,2490,6090,profile_0011,ramp,0.36,25.244799999999973,25.244799999999827,energy_or_commitment_infeasible,w3600_previous_a12,,False
3600,previous,2490,6090,profile_0012,ramp,0.59,-19.17391304347829,-19.17391304347846,energy_or_commitment_infeasible,w3600_previous_a13,,False
3600,previous,2490,6090,profile_0013,ramp,0.41,16.228799999999975,16.228799999999833,energy_or_commitment_infeasible,w3600_previous_a14,,False
3600,previous,2490,6090,profile_0014,ramp,0.55,-10.652173913043521,-10.652173913043692,energy_or_commitment_infeasible,w3600_previous_a6,,True
3600,previous,2490,6090,profile_0015,ramp,0.45,9.015999999999972,9.015999999999828,energy_or_commitment_infeasible,w3600_previous_a5,,True
3600,previous,2490,6090,profile_0016,low_frequency,0.36,25.244799999999973,25.244799999999827,energy_or_commitment_infeasible,w3600_previous_a12,,True
3600,previous,2490,6090,profile_0017,piecewise,0.3,36.06399999999998,36.06399999999984,energy_or_commitment_infeasible,w3600_previous_a15,,False
3600,previous,2490,6090,profile_0018,high_frequency,0.62,-25.565217391304373,-25.565217391304543,energy_or_commitment_infeasible,w3600_previous_a16,,False
3600,previous,2490,6090,profile_0019,low_frequency,0.29,37.867199999999976,37.86719999999983,energy_or_commitment_infeasible,w3600_previous_a17,,False
3600,previous,2490,6090,profile_0020,piecewise,0.53,-6.391304347826128,-6.391304347826298,energy_or_commitment_infeasible,w3600_previous_a18,,False
3600,previous,2490,6090,profile_0021,high_frequency,0.75,-48.99999999999992,-49.00000000000008,replayed_feasible,w3600_previous_a8,w3600_previous_a8,True
3600,previous,2490,6090,profile_0022,low_frequency,0.47,5.409599999999983,5.409599999999839,energy_or_commitment_infeasible,w3600_previous_a19,,False
3600,previous,2490,6090,profile_0023,piecewise,0.9,-48.99999999999995,-49.00000000000004,replayed_feasible,w3600_previous_a20,w3600_previous_a20,False
3600,previous,2490,6090,profile_0024,high_frequency,0.39,19.835199999999976,19.835199999999833,energy_or_commitment_infeasible,w3600_previous_a21,,False
3600,previous,2490,6090,profile_0025,low_frequency,0.31,34.260799999999975,34.26079999999983,energy_or_commitment_infeasible,w3600_previous_a22,,False
3600,previous,2490,6090,profile_0026,piecewise,0.4,18.031999999999968,18.031999999999826,energy_or_commitment_infeasible,w3600_previous_a23,,False
3600,previous,2490,6090,profile_0027,high_frequency,0.5713561544405182,-15.201963337327824,-15.201963337327994,energy_or_commitment_infeasible,w3600_previous_a24,,False
3600,previous,2490,6090,profile_0028,low_frequency,0.66,-34.086956521739175,-34.086956521739346,replayed_feasible,w3600_previous_a25,w3600_previous_a25,False
3600,previous,2490,6090,profile_0029,piecewise,0.57,-14.913043478260883,-14.913043478261054,energy_or_commitment_infeasible,w3600_previous_a26,,False
3600,previous,2490,6090,profile_0030,high_frequency,0.44,10.819199999999979,10.819199999999835,energy_or_commitment_infeasible,w3600_previous_a27,,False
3600,previous,2490,6090,profile_0031,low_frequency,0.37,23.44159999999998,23.441599999999834,energy_or_commitment_infeasible,w3600_previous_a28,,False
3600,previous,2490,6090,profile_0032,piecewise,0.15,49.00000000000005,48.99999999999994,energy_or_commitment_infeasible,w3600_previous_a2,,True
3600,previous,2490,6090,profile_0033,high_frequency,0.26432192277974087,42.4974708843571,42.49747088435696,energy_or_commitment_infeasible,w3600_previous_a29,,False
3600,previous,2490,6090,profile_0034,low_frequency,0.47,5.409599999999983,5.409599999999839,energy_or_commitment_infeasible,w3600_previous_a19,,True
3600,previous,2490,6090,profile_0035,piecewise,0.89,-48.99999999999995,-49.00000000000005,replayed_feasible,w3600_previous_a30,w3600_previous_a30,False
3600,previous,2490,6090,profile_0036,high_frequency,0.61,-23.434782608695684,-23.434782608695855,energy_or_commitment_infeasible,w3600_previous_a31,,False
3600,previous,2490,6090,profile_0037,low_frequency,0.6756780772202592,-37.42706862518567,-37.42706862518584,replayed_feasible,w3600_previous_a32,w3600_previous_a32,False
3600,previous,2490,6090,profile_0038,piecewise,0.72,-46.86956521739134,-46.86956521739151,replayed_feasible,w3600_previous_a33,w3600_previous_a33,False
3600,previous,2490,6090,profile_0039,high_frequency,0.43567807722025914,11.59852911564284,11.598529115642696,energy_or_commitment_infeasible,w3600_previous_a34,,False
3600,previous,2490,6090,profile_0040,low_frequency,0.56,-12.78260869565221,-12.78260869565238,energy_or_commitment_infeasible,w3600_previous_a35,,False
3600,previous,2490,6090,profile_0041,piecewise,0.69,-40.478260869565226,-40.478260869565396,replayed_feasible,w3600_previous_a36,w3600_previous_a36,False
3600,previous,2490,6090,profile_0042,high_frequency,0.5886438455594817,-18.88499318441135,-18.88499318441152,energy_or_commitment_infeasible,w3600_previous_a37,,False
3600,previous,2490,6090,profile_0043,low_frequency,0.17,49.000000000000064,48.999999999999936,energy_or_commitment_infeasible,w3600_previous_a38,,False
3600,previous,2490,6090,profile_0044,piecewise,0.33,30.65439999999997,30.654399999999825,energy_or_commitment_infeasible,w3600_previous_a39,,False
3600,previous,2490,6090,profile_0045,high_frequency,0.3570342316607774,25.77958734692859,25.779587346928444,energy_or_commitment_infeasible,w3600_previous_a40,,False
3600,previous,2490,6090,profile_0046,low_frequency,0.71,-44.73913043478263,-44.7391304347828,replayed_feasible,w3600_previous_a41,w3600_previous_a41,False
3600,previous,2490,6090,profile_0047,piecewise,0.31,34.260799999999975,34.26079999999983,energy_or_commitment_infeasible,w3600_previous_a22,,True
3600,previous,2490,6090,profile_0048,high_frequency,0.3343219227797409,29.875070884357093,29.87507088435695,energy_or_commitment_infeasible,w3600_previous_a42,,False
3600,previous,2490,6090,profile_0049,low_frequency,0.73,-48.999999999999915,-49.000000000000085,replayed_feasible,w3600_previous_a43,w3600_previous_a43,False
3600,previous,2490,6090,profile_0050,piecewise,0.75,-48.99999999999992,-49.00000000000008,replayed_feasible,w3600_previous_a8,w3600_previous_a8,True
3600,previous,2490,6090,profile_0051,high_frequency,0.45,9.015999999999972,9.015999999999828,energy_or_commitment_infeasible,w3600_previous_a5,,True
3600,previous,2490,6090,profile_0052,low_frequency,0.83,-48.99999999999994,-49.00000000000005,replayed_feasible,w3600_previous_a44,w3600_previous_a44,False
3600,previous,2490,6090,profile_0053,piecewise,0.61,-23.434782608695684,-23.434782608695855,energy_or_commitment_infeasible,w3600_previous_a31,,True
3600,previous,2490,6090,profile_0054,high_frequency,0.28,39.67039999999997,39.67039999999983,energy_or_commitment_infeasible,w3600_previous_a45,,False
3600,previous,2490,6090,profile_0055,low_frequency,0.38,21.638399999999972,21.638399999999827,energy_or_commitment_infeasible,w3600_previous_a46,,False
3600,previous,2490,6090,profile_0056,piecewise,0.19,49.000000000000064,48.999999999999936,energy_or_commitment_infeasible,w3600_previous_a38,,True
3600,previous,2490,6090,profile_0057,high_frequency,0.46,7.212799999999964,7.21279999999982,energy_or_commitment_infeasible,w3600_previous_a47,,False
3600,previous,2490,6090,profile_0058,low_frequency,0.39,19.835199999999976,19.835199999999833,energy_or_commitment_infeasible,w3600_previous_a21,,True
3600,previous,2490,6090,profile_0059,piecewise,0.68,-38.34782608695655,-38.34782608695672,replayed_feasible,w3600_previous_a48,w3600_previous_a48,False
3600,previous,2490,6090,profile_0060,high_frequency,0.64,-29.826086956521767,-29.826086956521937,replayed_feasible,w3600_previous_a11,w3600_previous_a11,True
3600,previous,2490,6090,profile_0061,low_frequency,0.21,49.00000000000007,48.999999999999936,energy_or_commitment_infeasible,w3600_previous_a49,,False
3600,previous,2490,6090,profile_0062,piecewise,0.11,49.00000000000005,48.99999999999995,energy_or_commitment_infeasible,w3600_previous_a50,,False
3600,previous,2490,6090,profile_0063,high_frequency,0.5056780772202591,-1.209677320837853,-1.2096773208380232,energy_or_commitment_infeasible,w3600_previous_a51,,False
3660,previous,2430,6090,profile_0000,constant,0.05,49.00000000000004,48.99999999999996,energy_or_commitment_infeasible,w3660_previous_a1,,False
3660,previous,2430,6090,profile_0001,constant,0.15,49.00000000000005,48.99999999999994,energy_or_commitment_infeasible,w3660_previous_a2,,False
3660,previous,2430,6090,profile_0002,constant,0.25,45.07999999999998,45.079999999999835,energy_or_commitment_infeasible,w3660_previous_a3,,False
3660,previous,2430,6090,profile_0003,constant,0.35,27.04799999999998,27.047999999999835,energy_or_commitment_infeasible,w3660_previous_a4,,False
3660,previous,2430,6090,profile_0004,constant,0.45,9.015999999999972,9.015999999999828,energy_or_commitment_infeasible,w3660_previous_a5,,False
3660,previous,2430,6090,profile_0005,constant,0.55,-10.652173913043521,-10.652173913043692,energy_or_commitment_infeasible,w3660_previous_a6,,False
3660,previous,2430,6090,profile_0006,constant,0.65,-31.95652173913047,-31.95652173913064,replayed_feasible,w3660_previous_a7,w3660_previous_a7,False
3660,previous,2430,6090,profile_0007,constant,0.75,-48.99999999999992,-49.00000000000008,replayed_feasible,w3660_previous_a8,w3660_previous_a8,False
3660,previous,2430,6090,profile_0008,constant,0.85,-48.99999999999994,-49.00000000000006,replayed_feasible,w3660_previous_a9,w3660_previous_a9,False
3660,previous,2430,6090,profile_0009,constant,0.95,-48.99999999999996,-49.00000000000004,replayed_feasible,w3660_previous_a10,w3660_previous_a10,False
3660,previous,2430,6090,profile_0010,ramp,0.64,-29.826086956521767,-29.826086956521937,replayed_feasible,w3660_previous_a11,w3660_previous_a11,False
3660,previous,2430,6090,profile_0011,ramp,0.36,25.244799999999973,25.244799999999827,energy_or_commitment_infeasible,w3660_previous_a12,,False
3660,previous,2430,6090,profile_0012,ramp,0.59,-19.17391304347829,-19.17391304347846,energy_or_commitment_infeasible,w3660_previous_a13,,False
3660,previous,2430,6090,profile_0013,ramp,0.41,16.228799999999975,16.228799999999833,energy_or_commitment_infeasible,w3660_previous_a14,,False
3660,previous,2430,6090,profile_0014,ramp,0.55,-10.652173913043521,-10.652173913043692,energy_or_commitment_infeasible,w3660_previous_a6,,True
3660,previous,2430,6090,profile_0015,ramp,0.45,9.015999999999972,9.015999999999828,energy_or_commitment_infeasible,w3660_previous_a5,,True
3660,previous,2430,6090,profile_0016,low_frequency,0.36,25.244799999999973,25.244799999999827,energy_or_commitment_infeasible,w3660_previous_a12,,True
3660,previous,2430,6090,profile_0017,piecewise,0.3,36.06399999999998,36.06399999999984,energy_or_commitment_infeasible,w3660_previous_a15,,False
3660,previous,2430,6090,profile_0018,high_frequency,0.62,-25.565217391304373,-25.565217391304543,energy_or_commitment_infeasible,w3660_previous_a16,,False
3660,previous,2430,6090,profile_0019,low_frequency,0.29,37.867199999999976,37.86719999999983,energy_or_commitment_infeasible,w3660_previous_a17,,False
3660,previous,2430,6090,profile_0020,piecewise,0.53,-6.391304347826128,-6.391304347826298,energy_or_commitment_infeasible,w3660_previous_a18,,False
3660,previous,2430,6090,profile_0021,high_frequency,0.75,-48.99999999999992,-49.00000000000008,replayed_feasible,w3660_previous_a8,w3660_previous_a8,True
3660,previous,2430,6090,profile_0022,low_frequency,0.47,5.409599999999983,5.409599999999839,energy_or_commitment_infeasible,w3660_previous_a19,,False
3660,previous,2430,6090,profile_0023,piecewise,0.9,-48.99999999999995,-49.00000000000004,replayed_feasible,w3660_previous_a20,w3660_previous_a20,False
3660,previous,2430,6090,profile_0024,high_frequency,0.39,19.835199999999976,19.835199999999833,energy_or_commitment_infeasible,w3660_previous_a21,,False
3660,previous,2430,6090,profile_0025,low_frequency,0.31,34.260799999999975,34.26079999999983,energy_or_commitment_infeasible,w3660_previous_a22,,False
3660,previous,2430,6090,profile_0026,piecewise,0.4,18.031999999999968,18.031999999999826,energy_or_commitment_infeasible,w3660_previous_a23,,False
3660,previous,2430,6090,profile_0027,high_frequency,0.5713561544405182,-15.201963337327824,-15.201963337327994,energy_or_commitment_infeasible,w3660_previous_a24,,False
3660,previous,2430,6090,profile_0028,low_frequency,0.66,-34.086956521739175,-34.086956521739346,replayed_feasible,w3660_previous_a25,w3660_previous_a25,False
3660,previous,2430,6090,profile_0029,piecewise,0.57,-14.913043478260883,-14.913043478261054,energy_or_commitment_infeasible,w3660_previous_a26,,False
3660,previous,2430,6090,profile_0030,high_frequency,0.44,10.819199999999979,10.819199999999835,energy_or_commitment_infeasible,w3660_previous_a27,,False
3660,previous,2430,6090,profile_0031,low_frequency,0.37,23.44159999999998,23.441599999999834,energy_or_commitment_infeasible,w3660_previous_a28,,False
3660,previous,2430,6090,profile_0032,piecewise,0.15,49.00000000000005,48.99999999999994,energy_or_commitment_infeasible,w3660_previous_a2,,True
3660,previous,2430,6090,profile_0033,high_frequency,0.26432192277974087,42.4974708843571,42.49747088435696,energy_or_commitment_infeasible,w3660_previous_a29,,False
3660,previous,2430,6090,profile_0034,low_frequency,0.47,5.409599999999983,5.409599999999839,energy_or_commitment_infeasible,w3660_previous_a19,,True
3660,previous,2430,6090,profile_0035,piecewise,0.89,-48.99999999999995,-49.00000000000005,replayed_feasible,w3660_previous_a30,w3660_previous_a30,False
3660,previous,2430,6090,profile_0036,high_frequency,0.61,-23.434782608695684,-23.434782608695855,energy_or_commitment_infeasible,w3660_previous_a31,,False
3660,previous,2430,6090,profile_0037,low_frequency,0.6756780772202592,-37.42706862518567,-37.42706862518584,replayed_feasible,w3660_previous_a32,w3660_previous_a32,False
3660,previous,2430,6090,profile_0038,piecewise,0.72,-46.86956521739134,-46.86956521739151,replayed_feasible,w3660_previous_a33,w3660_previous_a33,False
3660,previous,2430,6090,profile_0039,high_frequency,0.43567807722025914,11.59852911564284,11.598529115642696,energy_or_commitment_infeasible,w3660_previous_a34,,False
3660,previous,2430,6090,profile_0040,low_frequency,0.56,-12.78260869565221,-12.78260869565238,energy_or_commitment_infeasible,w3660_previous_a35,,False
3660,previous,2430,6090,profile_0041,piecewise,0.69,-40.478260869565226,-40.478260869565396,replayed_feasible,w3660_previous_a36,w3660_previous_a36,False
3660,previous,2430,6090,profile_0042,high_frequency,0.5886438455594817,-18.88499318441135,-18.88499318441152,energy_or_commitment_infeasible,w3660_previous_a37,,False
3660,previous,2430,6090,profile_0043,low_frequency,0.17,49.000000000000064,48.999999999999936,energy_or_commitment_infeasible,w3660_previous_a38,,False
3660,previous,2430,6090,profile_0044,piecewise,0.33,30.65439999999997,30.654399999999825,energy_or_commitment_infeasible,w3660_previous_a39,,False
3660,previous,2430,6090,profile_0045,high_frequency,0.3570342316607774,25.77958734692859,25.779587346928444,energy_or_commitment_infeasible,w3660_previous_a40,,False
3660,previous,2430,6090,profile_0046,low_frequency,0.71,-44.73913043478263,-44.7391304347828,replayed_feasible,w3660_previous_a41,w3660_previous_a41,False
3660,previous,2430,6090,profile_0047,piecewise,0.31,34.260799999999975,34.26079999999983,energy_or_commitment_infeasible,w3660_previous_a22,,True
3660,previous,2430,6090,profile_0048,high_frequency,0.3343219227797409,29.875070884357093,29.87507088435695,energy_or_commitment_infeasible,w3660_previous_a42,,False
3660,previous,2430,6090,profile_0049,low_frequency,0.73,-48.999999999999915,-49.000000000000085,replayed_feasible,w3660_previous_a43,w3660_previous_a43,False
3660,previous,2430,6090,profile_0050,piecewise,0.75,-48.99999999999992,-49.00000000000008,replayed_feasible,w3660_previous_a8,w3660_previous_a8,True
3660,previous,2430,6090,profile_0051,high_frequency,0.45,9.015999999999972,9.015999999999828,energy_or_commitment_infeasible,w3660_previous_a5,,True
3660,previous,2430,6090,profile_0052,low_frequency,0.83,-48.99999999999994,-49.00000000000005,replayed_feasible,w3660_previous_a44,w3660_previous_a44,False
3660,previous,2430,6090,profile_0053,piecewise,0.61,-23.434782608695684,-23.434782608695855,energy_or_commitment_infeasible,w3660_previous_a31,,True
3660,previous,2430,6090,profile_0054,high_frequency,0.28,39.67039999999997,39.67039999999983,energy_or_commitment_infeasible,w3660_previous_a45,,False
3660,previous,2430,6090,profile_0055,low_frequency,0.38,21.638399999999972,21.638399999999827,energy_or_commitment_infeasible,w3660_previous_a46,,False
3660,previous,2430,6090,profile_0056,piecewise,0.19,49.000000000000064,48.999999999999936,energy_or_commitment_infeasible,w3660_previous_a38,,True
3660,previous,2430,6090,profile_0057,high_frequency,0.46,7.212799999999964,7.21279999999982,energy_or_commitment_infeasible,w3660_previous_a47,,False
3660,previous,2430,6090,profile_0058,low_frequency,0.39,19.835199999999976,19.835199999999833,energy_or_commitment_infeasible,w3660_previous_a21,,True
3660,previous,2430,6090,profile_0059,piecewise,0.68,-38.34782608695655,-38.34782608695672,replayed_feasible,w3660_previous_a48,w3660_previous_a48,False
3660,previous,2430,6090,profile_0060,high_frequency,0.64,-29.826086956521767,-29.826086956521937,replayed_feasible,w3660_previous_a11,w3660_previous_a11,True
3660,previous,2430,6090,profile_0061,low_frequency,0.21,49.00000000000007,48.999999999999936,energy_or_commitment_infeasible,w3660_previous_a49,,False
3660,previous,2430,6090,profile_0062,piecewise,0.11,49.00000000000005,48.99999999999995,energy_or_commitment_infeasible,w3660_previous_a50,,False
3660,previous,2430,6090,profile_0063,high_frequency,0.5056780772202591,-1.209677320837853,-1.2096773208380232,energy_or_commitment_infeasible,w3660_previous_a51,,False
3720,previous,2370,6090,profile_0000,constant,0.05,49.00000000000004,48.99999999999996,energy_or_commitment_infeasible,w3720_previous_a1,,False
3720,previous,2370,6090,profile_0001,constant,0.15,49.00000000000005,48.99999999999994,energy_or_commitment_infeasible,w3720_previous_a2,,False
3720,previous,2370,6090,profile_0002,constant,0.25,45.07999999999998,45.079999999999835,energy_or_commitment_infeasible,w3720_previous_a3,,False
3720,previous,2370,6090,profile_0003,constant,0.35,27.04799999999998,27.047999999999835,energy_or_commitment_infeasible,w3720_previous_a4,,False
3720,previous,2370,6090,profile_0004,constant,0.45,9.015999999999972,9.015999999999828,energy_or_commitment_infeasible,w3720_previous_a5,,False
3720,previous,2370,6090,profile_0005,constant,0.55,-10.652173913043521,-10.652173913043692,energy_or_commitment_infeasible,w3720_previous_a6,,False
3720,previous,2370,6090,profile_0006,constant,0.65,-31.95652173913047,-31.95652173913064,replayed_feasible,w3720_previous_a7,w3720_previous_a7,False
3720,previous,2370,6090,profile_0007,constant,0.75,-48.99999999999992,-49.00000000000008,replayed_feasible,w3720_previous_a8,w3720_previous_a8,False
3720,previous,2370,6090,profile_0008,constant,0.85,-48.99999999999994,-49.00000000000006,replayed_feasible,w3720_previous_a9,w3720_previous_a9,False
3720,previous,2370,6090,profile_0009,constant,0.95,-48.99999999999996,-49.00000000000004,replayed_feasible,w3720_previous_a10,w3720_previous_a10,False
3720,previous,2370,6090,profile_0010,ramp,0.64,-29.826086956521767,-29.826086956521937,replayed_feasible,w3720_previous_a11,w3720_previous_a11,False
3720,previous,2370,6090,profile_0011,ramp,0.36,25.244799999999973,25.244799999999827,energy_or_commitment_infeasible,w3720_previous_a12,,False
3720,previous,2370,6090,profile_0012,ramp,0.59,-19.17391304347829,-19.17391304347846,energy_or_commitment_infeasible,w3720_previous_a13,,False
3720,previous,2370,6090,profile_0013,ramp,0.41,16.228799999999975,16.228799999999833,energy_or_commitment_infeasible,w3720_previous_a14,,False
3720,previous,2370,6090,profile_0014,ramp,0.55,-10.652173913043521,-10.652173913043692,energy_or_commitment_infeasible,w3720_previous_a6,,True
3720,previous,2370,6090,profile_0015,ramp,0.45,9.015999999999972,9.015999999999828,energy_or_commitment_infeasible,w3720_previous_a5,,True
3720,previous,2370,6090,profile_0016,low_frequency,0.36,25.244799999999973,25.244799999999827,energy_or_commitment_infeasible,w3720_previous_a12,,True
3720,previous,2370,6090,profile_0017,piecewise,0.3,36.06399999999998,36.06399999999984,energy_or_commitment_infeasible,w3720_previous_a15,,False
3720,previous,2370,6090,profile_0018,high_frequency,0.62,-25.565217391304373,-25.565217391304543,energy_or_commitment_infeasible,w3720_previous_a16,,False
3720,previous,2370,6090,profile_0019,low_frequency,0.29,37.867199999999976,37.86719999999983,energy_or_commitment_infeasible,w3720_previous_a17,,False
3720,previous,2370,6090,profile_0020,piecewise,0.53,-6.391304347826128,-6.391304347826298,energy_or_commitment_infeasible,w3720_previous_a18,,False
3720,previous,2370,6090,profile_0021,high_frequency,0.75,-48.99999999999992,-49.00000000000008,replayed_feasible,w3720_previous_a8,w3720_previous_a8,True
3720,previous,2370,6090,profile_0022,low_frequency,0.47,5.409599999999983,5.409599999999839,energy_or_commitment_infeasible,w3720_previous_a19,,False
3720,previous,2370,6090,profile_0023,piecewise,0.9,-48.99999999999995,-49.00000000000004,replayed_feasible,w3720_previous_a20,w3720_previous_a20,False
3720,previous,2370,6090,profile_0024,high_frequency,0.39,19.835199999999976,19.835199999999833,energy_or_commitment_infeasible,w3720_previous_a21,,False
3720,previous,2370,6090,profile_0025,low_frequency,0.31,34.260799999999975,34.26079999999983,energy_or_commitment_infeasible,w3720_previous_a22,,False
3720,previous,2370,6090,profile_0026,piecewise,0.4,18.031999999999968,18.031999999999826,energy_or_commitment_infeasible,w3720_previous_a23,,False
3720,previous,2370,6090,profile_0027,high_frequency,0.5713561544405182,-15.201963337327824,-15.201963337327994,energy_or_commitment_infeasible,w3720_previous_a24,,False
3720,previous,2370,6090,profile_0028,low_frequency,0.66,-34.086956521739175,-34.086956521739346,replayed_feasible,w3720_previous_a25,w3720_previous_a25,False
3720,previous,2370,6090,profile_0029,piecewise,0.57,-14.913043478260883,-14.913043478261054,energy_or_commitment_infeasible,w3720_previous_a26,,False
3720,previous,2370,6090,profile_0030,high_frequency,0.44,10.819199999999979,10.819199999999835,energy_or_commitment_infeasible,w3720_previous_a27,,False
3720,previous,2370,6090,profile_0031,low_frequency,0.37,23.44159999999998,23.441599999999834,energy_or_commitment_infeasible,w3720_previous_a28,,False
3720,previous,2370,6090,profile_0032,piecewise,0.15,49.00000000000005,48.99999999999994,energy_or_commitment_infeasible,w3720_previous_a2,,True
3720,previous,2370,6090,profile_0033,high_frequency,0.26432192277974087,42.4974708843571,42.49747088435696,energy_or_commitment_infeasible,w3720_previous_a29,,False
3720,previous,2370,6090,profile_0034,low_frequency,0.47,5.409599999999983,5.409599999999839,energy_or_commitment_infeasible,w3720_previous_a19,,True
3720,previous,2370,6090,profile_0035,piecewise,0.89,-48.99999999999995,-49.00000000000005,replayed_feasible,w3720_previous_a30,w3720_previous_a30,False
3720,previous,2370,6090,profile_0036,high_frequency,0.61,-23.434782608695684,-23.434782608695855,energy_or_commitment_infeasible,w3720_previous_a31,,False
3720,previous,2370,6090,profile_0037,low_frequency,0.6756780772202592,-37.42706862518567,-37.42706862518584,replayed_feasible,w3720_previous_a32,w3720_previous_a32,False
3720,previous,2370,6090,profile_0038,piecewise,0.72,-46.86956521739134,-46.86956521739151,replayed_feasible,w3720_previous_a33,w3720_previous_a33,False
3720,previous,2370,6090,profile_0039,high_frequency,0.43567807722025914,11.59852911564284,11.598529115642696,energy_or_commitment_infeasible,w3720_previous_a34,,False
3720,previous,2370,6090,profile_0040,low_frequency,0.56,-12.78260869565221,-12.78260869565238,energy_or_commitment_infeasible,w3720_previous_a35,,False
3720,previous,2370,6090,profile_0041,piecewise,0.69,-40.478260869565226,-40.478260869565396,replayed_feasible,w3720_previous_a36,w3720_previous_a36,False
3720,previous,2370,6090,profile_0042,high_frequency,0.5886438455594817,-18.88499318441135,-18.88499318441152,energy_or_commitment_infeasible,w3720_previous_a37,,False
3720,previous,2370,6090,profile_0043,low_frequency,0.17,49.000000000000064,48.999999999999936,energy_or_commitment_infeasible,w3720_previous_a38,,False
3720,previous,2370,6090,profile_0044,piecewise,0.33,30.65439999999997,30.654399999999825,energy_or_commitment_infeasible,w3720_previous_a39,,False
3720,previous,2370,6090,profile_0045,high_frequency,0.3570342316607774,25.77958734692859,25.779587346928444,energy_or_commitment_infeasible,w3720_previous_a40,,False
3720,previous,2370,6090,profile_0046,low_frequency,0.71,-44.73913043478263,-44.7391304347828,replayed_feasible,w3720_previous_a41,w3720_previous_a41,False
3720,previous,2370,6090,profile_0047,piecewise,0.31,34.260799999999975,34.26079999999983,energy_or_commitment_infeasible,w3720_previous_a22,,True
3720,previous,2370,6090,profile_0048,high_frequency,0.3343219227797409,29.875070884357093,29.87507088435695,energy_or_commitment_infeasible,w3720_previous_a42,,False
3720,previous,2370,6090,profile_0049,low_frequency,0.73,-48.999999999999915,-49.000000000000085,replayed_feasible,w3720_previous_a43,w3720_previous_a43,False
3720,previous,2370,6090,profile_0050,piecewise,0.75,-48.99999999999992,-49.00000000000008,replayed_feasible,w3720_previous_a8,w3720_previous_a8,True
3720,previous,2370,6090,profile_0051,high_frequency,0.45,9.015999999999972,9.015999999999828,energy_or_commitment_infeasible,w3720_previous_a5,,True
3720,previous,2370,6090,profile_0052,low_frequency,0.83,-48.99999999999994,-49.00000000000005,replayed_feasible,w3720_previous_a44,w3720_previous_a44,False
3720,previous,2370,6090,profile_0053,piecewise,0.61,-23.434782608695684,-23.434782608695855,energy_or_commitment_infeasible,w3720_previous_a31,,True
3720,previous,2370,6090,profile_0054,high_frequency,0.28,39.67039999999997,39.67039999999983,energy_or_commitment_infeasible,w3720_previous_a45,,False
3720,previous,2370,6090,profile_0055,low_frequency,0.38,21.638399999999972,21.638399999999827,energy_or_commitment_infeasible,w3720_previous_a46,,False
3720,previous,2370,6090,profile_0056,piecewise,0.19,49.000000000000064,48.999999999999936,energy_or_commitment_infeasible,w3720_previous_a38,,True
3720,previous,2370,6090,profile_0057,high_frequency,0.46,7.212799999999964,7.21279999999982,energy_or_commitment_infeasible,w3720_previous_a47,,False
3720,previous,2370,6090,profile_0058,low_frequency,0.39,19.835199999999976,19.835199999999833,energy_or_commitment_infeasible,w3720_previous_a21,,True
3720,previous,2370,6090,profile_0059,piecewise,0.68,-38.34782608695655,-38.34782608695672,replayed_feasible,w3720_previous_a48,w3720_previous_a48,False
3720,previous,2370,6090,profile_0060,high_frequency,0.64,-29.826086956521767,-29.826086956521937,replayed_feasible,w3720_previous_a11,w3720_previous_a11,True
3720,previous,2370,6090,profile_0061,low_frequency,0.21,49.00000000000007,48.999999999999936,energy_or_commitment_infeasible,w3720_previous_a49,,False
3720,previous,2370,6090,profile_0062,piecewise,0.11,49.00000000000005,48.99999999999995,energy_or_commitment_infeasible,w3720_previous_a50,,False
3720,previous,2370,6090,profile_0063,high_frequency,0.5056780772202591,-1.209677320837853,-1.2096773208380232,energy_or_commitment_infeasible,w3720_previous_a51,,False
3780,previous,2310,6090,profile_0000,constant,0.05,49.00000000000004,48.99999999999996,energy_or_commitment_infeasible,w3780_previous_a1,,False
3780,previous,2310,6090,profile_0001,constant,0.15,49.00000000000005,48.99999999999994,energy_or_commitment_infeasible,w3780_previous_a2,,False
3780,previous,2310,6090,profile_0002,constant,0.25,45.07999999999998,45.079999999999835,energy_or_commitment_infeasible,w3780_previous_a3,,False
3780,previous,2310,6090,profile_0003,constant,0.35,27.04799999999998,27.047999999999835,energy_or_commitment_infeasible,w3780_previous_a4,,False
3780,previous,2310,6090,profile_0004,constant,0.45,9.015999999999972,9.015999999999828,energy_or_commitment_infeasible,w3780_previous_a5,,False
3780,previous,2310,6090,profile_0005,constant,0.55,-10.652173913043521,-10.652173913043692,energy_or_commitment_infeasible,w3780_previous_a6,,False
3780,previous,2310,6090,profile_0006,constant,0.65,-31.95652173913047,-31.95652173913064,replayed_feasible,w3780_previous_a7,w3780_previous_a7,False
3780,previous,2310,6090,profile_0007,constant,0.75,-48.99999999999992,-49.00000000000008,replayed_feasible,w3780_previous_a8,w3780_previous_a8,False
3780,previous,2310,6090,profile_0008,constant,0.85,-48.99999999999994,-49.00000000000006,replayed_feasible,w3780_previous_a9,w3780_previous_a9,False
3780,previous,2310,6090,profile_0009,constant,0.95,-48.99999999999996,-49.00000000000004,replayed_feasible,w3780_previous_a10,w3780_previous_a10,False
3780,previous,2310,6090,profile_0010,ramp,0.64,-29.826086956521767,-29.826086956521937,replayed_feasible,w3780_previous_a11,w3780_previous_a11,False
3780,previous,2310,6090,profile_0011,ramp,0.36,25.244799999999973,25.244799999999827,energy_or_commitment_infeasible,w3780_previous_a12,,False
3780,previous,2310,6090,profile_0012,ramp,0.59,-19.17391304347829,-19.17391304347846,energy_or_commitment_infeasible,w3780_previous_a13,,False
3780,previous,2310,6090,profile_0013,ramp,0.41,16.228799999999975,16.228799999999833,energy_or_commitment_infeasible,w3780_previous_a14,,False
3780,previous,2310,6090,profile_0014,ramp,0.55,-10.652173913043521,-10.652173913043692,energy_or_commitment_infeasible,w3780_previous_a6,,True
3780,previous,2310,6090,profile_0015,ramp,0.45,9.015999999999972,9.015999999999828,energy_or_commitment_infeasible,w3780_previous_a5,,True
3780,previous,2310,6090,profile_0016,low_frequency,0.36,25.244799999999973,25.244799999999827,energy_or_commitment_infeasible,w3780_previous_a12,,True
3780,previous,2310,6090,profile_0017,piecewise,0.3,36.06399999999998,36.06399999999984,energy_or_commitment_infeasible,w3780_previous_a15,,False
3780,previous,2310,6090,profile_0018,high_frequency,0.62,-25.565217391304373,-25.565217391304543,energy_or_commitment_infeasible,w3780_previous_a16,,False
3780,previous,2310,6090,profile_0019,low_frequency,0.29,37.867199999999976,37.86719999999983,energy_or_commitment_infeasible,w3780_previous_a17,,False
3780,previous,2310,6090,profile_0020,piecewise,0.53,-6.391304347826128,-6.391304347826298,energy_or_commitment_infeasible,w3780_previous_a18,,False
3780,previous,2310,6090,profile_0021,high_frequency,0.75,-48.99999999999992,-49.00000000000008,replayed_feasible,w3780_previous_a8,w3780_previous_a8,True
3780,previous,2310,6090,profile_0022,low_frequency,0.47,5.409599999999983,5.409599999999839,energy_or_commitment_infeasible,w3780_previous_a19,,False
3780,previous,2310,6090,profile_0023,piecewise,0.9,-48.99999999999995,-49.00000000000004,replayed_feasible,w3780_previous_a20,w3780_previous_a20,False
3780,previous,2310,6090,profile_0024,high_frequency,0.39,19.835199999999976,19.835199999999833,energy_or_commitment_infeasible,w3780_previous_a21,,False
3780,previous,2310,6090,profile_0025,low_frequency,0.31,34.260799999999975,34.26079999999983,energy_or_commitment_infeasible,w3780_previous_a22,,False
3780,previous,2310,6090,profile_0026,piecewise,0.4,18.031999999999968,18.031999999999826,energy_or_commitment_infeasible,w3780_previous_a23,,False
3780,previous,2310,6090,profile_0027,high_frequency,0.5713561544405182,-15.201963337327824,-15.201963337327994,energy_or_commitment_infeasible,w3780_previous_a24,,False
3780,previous,2310,6090,profile_0028,low_frequency,0.66,-34.086956521739175,-34.086956521739346,replayed_feasible,w3780_previous_a25,w3780_previous_a25,False
3780,previous,2310,6090,profile_0029,piecewise,0.57,-14.913043478260883,-14.913043478261054,energy_or_commitment_infeasible,w3780_previous_a26,,False
3780,previous,2310,6090,profile_0030,high_frequency,0.44,10.819199999999979,10.819199999999835,energy_or_commitment_infeasible,w3780_previous_a27,,False
3780,previous,2310,6090,profile_0031,low_frequency,0.37,23.44159999999998,23.441599999999834,energy_or_commitment_infeasible,w3780_previous_a28,,False
3780,previous,2310,6090,profile_0032,piecewise,0.15,49.00000000000005,48.99999999999994,energy_or_commitment_infeasible,w3780_previous_a2,,True
3780,previous,2310,6090,profile_0033,high_frequency,0.26432192277974087,42.4974708843571,42.49747088435696,energy_or_commitment_infeasible,w3780_previous_a29,,False
3780,previous,2310,6090,profile_0034,low_frequency,0.47,5.409599999999983,5.409599999999839,energy_or_commitment_infeasible,w3780_previous_a19,,True
3780,previous,2310,6090,profile_0035,piecewise,0.89,-48.99999999999995,-49.00000000000005,replayed_feasible,w3780_previous_a30,w3780_previous_a30,False
3780,previous,2310,6090,profile_0036,high_frequency,0.61,-23.434782608695684,-23.434782608695855,energy_or_commitment_infeasible,w3780_previous_a31,,False
3780,previous,2310,6090,profile_0037,low_frequency,0.6756780772202592,-37.42706862518567,-37.42706862518584,replayed_feasible,w3780_previous_a32,w3780_previous_a32,False
3780,previous,2310,6090,profile_0038,piecewise,0.72,-46.86956521739134,-46.86956521739151,replayed_feasible,w3780_previous_a33,w3780_previous_a33,False
3780,previous,2310,6090,profile_0039,high_frequency,0.43567807722025914,11.59852911564284,11.598529115642696,energy_or_commitment_infeasible,w3780_previous_a34,,False
3780,previous,2310,6090,profile_0040,low_frequency,0.56,-12.78260869565221,-12.78260869565238,energy_or_commitment_infeasible,w3780_previous_a35,,False
3780,previous,2310,6090,profile_0041,piecewise,0.69,-40.478260869565226,-40.478260869565396,replayed_feasible,w3780_previous_a36,w3780_previous_a36,False
3780,previous,2310,6090,profile_0042,high_frequency,0.5886438455594817,-18.88499318441135,-18.88499318441152,energy_or_commitment_infeasible,w3780_previous_a37,,False
3780,previous,2310,6090,profile_0043,low_frequency,0.17,49.000000000000064,48.999999999999936,energy_or_commitment_infeasible,w3780_previous_a38,,False
3780,previous,2310,6090,profile_0044,piecewise,0.33,30.65439999999997,30.654399999999825,energy_or_commitment_infeasible,w3780_previous_a39,,False
3780,previous,2310,6090,profile_0045,high_frequency,0.3570342316607774,25.77958734692859,25.779587346928444,energy_or_commitment_infeasible,w3780_previous_a40,,False
3780,previous,2310,6090,profile_0046,low_frequency,0.71,-44.73913043478263,-44.7391304347828,replayed_feasible,w3780_previous_a41,w3780_previous_a41,False
3780,previous,2310,6090,profile_0047,piecewise,0.31,34.260799999999975,34.26079999999983,energy_or_commitment_infeasible,w3780_previous_a22,,True
3780,previous,2310,6090,profile_0048,high_frequency,0.3343219227797409,29.875070884357093,29.87507088435695,energy_or_commitment_infeasible,w3780_previous_a42,,False
3780,previous,2310,6090,profile_0049,low_frequency,0.73,-48.999999999999915,-49.000000000000085,replayed_feasible,w3780_previous_a43,w3780_previous_a43,False
3780,previous,2310,6090,profile_0050,piecewise,0.75,-48.99999999999992,-49.00000000000008,replayed_feasible,w3780_previous_a8,w3780_previous_a8,True
3780,previous,2310,6090,profile_0051,high_frequency,0.45,9.015999999999972,9.015999999999828,energy_or_commitment_infeasible,w3780_previous_a5,,True
3780,previous,2310,6090,profile_0052,low_frequency,0.83,-48.99999999999994,-49.00000000000005,replayed_feasible,w3780_previous_a44,w3780_previous_a44,False
3780,previous,2310,6090,profile_0053,piecewise,0.61,-23.434782608695684,-23.434782608695855,energy_or_commitment_infeasible,w3780_previous_a31,,True
3780,previous,2310,6090,profile_0054,high_frequency,0.28,39.67039999999997,39.67039999999983,energy_or_commitment_infeasible,w3780_previous_a45,,False
3780,previous,2310,6090,profile_0055,low_frequency,0.38,21.638399999999972,21.638399999999827,energy_or_commitment_infeasible,w3780_previous_a46,,False
3780,previous,2310,6090,profile_0056,piecewise,0.19,49.000000000000064,48.999999999999936,energy_or_commitment_infeasible,w3780_previous_a38,,True
3780,previous,2310,6090,profile_0057,high_frequency,0.46,7.212799999999964,7.21279999999982,energy_or_commitment_infeasible,w3780_previous_a47,,False
3780,previous,2310,6090,profile_0058,low_frequency,0.39,19.835199999999976,19.835199999999833,energy_or_commitment_infeasible,w3780_previous_a21,,True
3780,previous,2310,6090,profile_0059,piecewise,0.68,-38.34782608695655,-38.34782608695672,replayed_feasible,w3780_previous_a48,w3780_previous_a48,False
3780,previous,2310,6090,profile_0060,high_frequency,0.64,-29.826086956521767,-29.826086956521937,replayed_feasible,w3780_previous_a11,w3780_previous_a11,True
3780,previous,2310,6090,profile_0061,low_frequency,0.21,49.00000000000007,48.999999999999936,energy_or_commitment_infeasible,w3780_previous_a49,,False
3780,previous,2310,6090,profile_0062,piecewise,0.11,49.00000000000005,48.99999999999995,energy_or_commitment_infeasible,w3780_previous_a50,,False
3780,previous,2310,6090,profile_0063,high_frequency,0.5056780772202591,-1.209677320837853,-1.2096773208380232,energy_or_commitment_infeasible,w3780_previous_a51,,False
3840,previous,2250,6090,profile_0000,constant,0.05,49.00000000000004,48.99999999999996,energy_or_commitment_infeasible,w3840_previous_a1,,False
3840,previous,2250,6090,profile_0001,constant,0.15,49.00000000000005,48.99999999999994,energy_or_commitment_infeasible,w3840_previous_a2,,False
3840,previous,2250,6090,profile_0002,constant,0.25,45.07999999999998,45.079999999999835,energy_or_commitment_infeasible,w3840_previous_a3,,False
3840,previous,2250,6090,profile_0003,constant,0.35,27.04799999999998,27.047999999999835,energy_or_commitment_infeasible,w3840_previous_a4,,False
3840,previous,2250,6090,profile_0004,constant,0.45,9.015999999999972,9.015999999999828,energy_or_commitment_infeasible,w3840_previous_a5,,False
3840,previous,2250,6090,profile_0005,constant,0.55,-10.652173913043521,-10.652173913043692,energy_or_commitment_infeasible,w3840_previous_a6,,False
3840,previous,2250,6090,profile_0006,constant,0.65,-31.95652173913047,-31.95652173913064,replayed_feasible,w3840_previous_a7,w3840_previous_a7,False
3840,previous,2250,6090,profile_0007,constant,0.75,-48.99999999999992,-49.00000000000008,replayed_feasible,w3840_previous_a8,w3840_previous_a8,False
3840,previous,2250,6090,profile_0008,constant,0.85,-48.99999999999994,-49.00000000000006,replayed_feasible,w3840_previous_a9,w3840_previous_a9,False
3840,previous,2250,6090,profile_0009,constant,0.95,-48.99999999999996,-49.00000000000004,replayed_feasible,w3840_previous_a10,w3840_previous_a10,False
3840,previous,2250,6090,profile_0010,ramp,0.64,-29.826086956521767,-29.826086956521937,replayed_feasible,w3840_previous_a11,w3840_previous_a11,False
3840,previous,2250,6090,profile_0011,ramp,0.36,25.244799999999973,25.244799999999827,energy_or_commitment_infeasible,w3840_previous_a12,,False
3840,previous,2250,6090,profile_0012,ramp,0.59,-19.17391304347829,-19.17391304347846,energy_or_commitment_infeasible,w3840_previous_a13,,False
3840,previous,2250,6090,profile_0013,ramp,0.41,16.228799999999975,16.228799999999833,energy_or_commitment_infeasible,w3840_previous_a14,,False
3840,previous,2250,6090,profile_0014,ramp,0.55,-10.652173913043521,-10.652173913043692,energy_or_commitment_infeasible,w3840_previous_a6,,True
3840,previous,2250,6090,profile_0015,ramp,0.45,9.015999999999972,9.015999999999828,energy_or_commitment_infeasible,w3840_previous_a5,,True
3840,previous,2250,6090,profile_0016,low_frequency,0.36,25.244799999999973,25.244799999999827,energy_or_commitment_infeasible,w3840_previous_a12,,True
3840,previous,2250,6090,profile_0017,piecewise,0.3,36.06399999999998,36.06399999999984,energy_or_commitment_infeasible,w3840_previous_a15,,False
3840,previous,2250,6090,profile_0018,high_frequency,0.62,-25.565217391304373,-25.565217391304543,energy_or_commitment_infeasible,w3840_previous_a16,,False
3840,previous,2250,6090,profile_0019,low_frequency,0.29,37.867199999999976,37.86719999999983,energy_or_commitment_infeasible,w3840_previous_a17,,False
3840,previous,2250,6090,profile_0020,piecewise,0.53,-6.391304347826128,-6.391304347826298,energy_or_commitment_infeasible,w3840_previous_a18,,False
3840,previous,2250,6090,profile_0021,high_frequency,0.75,-48.99999999999992,-49.00000000000008,replayed_feasible,w3840_previous_a8,w3840_previous_a8,True
3840,previous,2250,6090,profile_0022,low_frequency,0.47,5.409599999999983,5.409599999999839,energy_or_commitment_infeasible,w3840_previous_a19,,False
3840,previous,2250,6090,profile_0023,piecewise,0.9,-48.99999999999995,-49.00000000000004,replayed_feasible,w3840_previous_a20,w3840_previous_a20,False
3840,previous,2250,6090,profile_0024,high_frequency,0.39,19.835199999999976,19.835199999999833,energy_or_commitment_infeasible,w3840_previous_a21,,False
3840,previous,2250,6090,profile_0025,low_frequency,0.31,34.260799999999975,34.26079999999983,energy_or_commitment_infeasible,w3840_previous_a22,,False
3840,previous,2250,6090,profile_0026,piecewise,0.4,18.031999999999968,18.031999999999826,energy_or_commitment_infeasible,w3840_previous_a23,,False
3840,previous,2250,6090,profile_0027,high_frequency,0.5713561544405182,-15.201963337327824,-15.201963337327994,energy_or_commitment_infeasible,w3840_previous_a24,,False
3840,previous,2250,6090,profile_0028,low_frequency,0.66,-34.086956521739175,-34.086956521739346,replayed_feasible,w3840_previous_a25,w3840_previous_a25,False
3840,previous,2250,6090,profile_0029,piecewise,0.57,-14.913043478260883,-14.913043478261054,energy_or_commitment_infeasible,w3840_previous_a26,,False
3840,previous,2250,6090,profile_0030,high_frequency,0.44,10.819199999999979,10.819199999999835,energy_or_commitment_infeasible,w3840_previous_a27,,False
3840,previous,2250,6090,profile_0031,low_frequency,0.37,23.44159999999998,23.441599999999834,energy_or_commitment_infeasible,w3840_previous_a28,,False
3840,previous,2250,6090,profile_0032,piecewise,0.15,49.00000000000005,48.99999999999994,energy_or_commitment_infeasible,w3840_previous_a2,,True
3840,previous,2250,6090,profile_0033,high_frequency,0.26432192277974087,42.4974708843571,42.49747088435696,energy_or_commitment_infeasible,w3840_previous_a29,,False
3840,previous,2250,6090,profile_0034,low_frequency,0.47,5.409599999999983,5.409599999999839,energy_or_commitment_infeasible,w3840_previous_a19,,True
3840,previous,2250,6090,profile_0035,piecewise,0.89,-48.99999999999995,-49.00000000000005,replayed_feasible,w3840_previous_a30,w3840_previous_a30,False
3840,previous,2250,6090,profile_0036,high_frequency,0.61,-23.434782608695684,-23.434782608695855,energy_or_commitment_infeasible,w3840_previous_a31,,False
3840,previous,2250,6090,profile_0037,low_frequency,0.6756780772202592,-37.42706862518567,-37.42706862518584,replayed_feasible,w3840_previous_a32,w3840_previous_a32,False
3840,previous,2250,6090,profile_0038,piecewise,0.72,-46.86956521739134,-46.86956521739151,replayed_feasible,w3840_previous_a33,w3840_previous_a33,False
3840,previous,2250,6090,profile_0039,high_frequency,0.43567807722025914,11.59852911564284,11.598529115642696,energy_or_commitment_infeasible,w3840_previous_a34,,False
3840,previous,2250,6090,profile_0040,low_frequency,0.56,-12.78260869565221,-12.78260869565238,energy_or_commitment_infeasible,w3840_previous_a35,,False
3840,previous,2250,6090,profile_0041,piecewise,0.69,-40.478260869565226,-40.478260869565396,replayed_feasible,w3840_previous_a36,w3840_previous_a36,False
3840,previous,2250,6090,profile_0042,high_frequency,0.5886438455594817,-18.88499318441135,-18.88499318441152,energy_or_commitment_infeasible,w3840_previous_a37,,False
3840,previous,2250,6090,profile_0043,low_frequency,0.17,49.000000000000064,48.999999999999936,energy_or_commitment_infeasible,w3840_previous_a38,,False
3840,previous,2250,6090,profile_0044,piecewise,0.33,30.65439999999997,30.654399999999825,energy_or_commitment_infeasible,w3840_previous_a39,,False
3840,previous,2250,6090,profile_0045,high_frequency,0.3570342316607774,25.77958734692859,25.779587346928444,energy_or_commitment_infeasible,w3840_previous_a40,,False
3840,previous,2250,6090,profile_0046,low_frequency,0.71,-44.73913043478263,-44.7391304347828,replayed_feasible,w3840_previous_a41,w3840_previous_a41,False
3840,previous,2250,6090,profile_0047,piecewise,0.31,34.260799999999975,34.26079999999983,energy_or_commitment_infeasible,w3840_previous_a22,,True
3840,previous,2250,6090,profile_0048,high_frequency,0.3343219227797409,29.875070884357093,29.87507088435695,energy_or_commitment_infeasible,w3840_previous_a42,,False
3840,previous,2250,6090,profile_0049,low_frequency,0.73,-48.999999999999915,-49.000000000000085,replayed_feasible,w3840_previous_a43,w3840_previous_a43,False
3840,previous,2250,6090,profile_0050,piecewise,0.75,-48.99999999999992,-49.00000000000008,replayed_feasible,w3840_previous_a8,w3840_previous_a8,True
3840,previous,2250,6090,profile_0051,high_frequency,0.45,9.015999999999972,9.015999999999828,energy_or_commitment_infeasible,w3840_previous_a5,,True
3840,previous,2250,6090,profile_0052,low_frequency,0.83,-48.99999999999994,-49.00000000000005,replayed_feasible,w3840_previous_a44,w3840_previous_a44,False
3840,previous,2250,6090,profile_0053,piecewise,0.61,-23.434782608695684,-23.434782608695855,energy_or_commitment_infeasible,w3840_previous_a31,,True
3840,previous,2250,6090,profile_0054,high_frequency,0.28,39.67039999999997,39.67039999999983,energy_or_commitment_infeasible,w3840_previous_a45,,False
3840,previous,2250,6090,profile_0055,low_frequency,0.38,21.638399999999972,21.638399999999827,energy_or_commitment_infeasible,w3840_previous_a46,,False
3840,previous,2250,6090,profile_0056,piecewise,0.19,49.000000000000064,48.999999999999936,energy_or_commitment_infeasible,w3840_previous_a38,,True
3840,previous,2250,6090,profile_0057,high_frequency,0.46,7.212799999999964,7.21279999999982,energy_or_commitment_infeasible,w3840_previous_a47,,False
3840,previous,2250,6090,profile_0058,low_frequency,0.39,19.835199999999976,19.835199999999833,energy_or_commitment_infeasible,w3840_previous_a21,,True
3840,previous,2250,6090,profile_0059,piecewise,0.68,-38.34782608695655,-38.34782608695672,replayed_feasible,w3840_previous_a48,w3840_previous_a48,False
3840,previous,2250,6090,profile_0060,high_frequency,0.64,-29.826086956521767,-29.826086956521937,replayed_feasible,w3840_previous_a11,w3840_previous_a11,True
3840,previous,2250,6090,profile_0061,low_frequency,0.21,49.00000000000007,48.999999999999936,energy_or_commitment_infeasible,w3840_previous_a49,,False
3840,previous,2250,6090,profile_0062,piecewise,0.11,49.00000000000005,48.99999999999995,energy_or_commitment_infeasible,w3840_previous_a50,,False
3840,previous,2250,6090,profile_0063,high_frequency,0.5056780772202591,-1.209677320837853,-1.2096773208380232,energy_or_commitment_infeasible,w3840_previous_a51,,False
3900,previous,2190,6090,profile_0000,constant,0.05,49.00000000000004,48.99999999999996,energy_or_commitment_infeasible,w3900_previous_a1,,False
3900,previous,2190,6090,profile_0001,constant,0.15,49.00000000000005,48.99999999999994,energy_or_commitment_infeasible,w3900_previous_a2,,False
3900,previous,2190,6090,profile_0002,constant,0.25,45.07999999999998,45.079999999999835,energy_or_commitment_infeasible,w3900_previous_a3,,False
3900,previous,2190,6090,profile_0003,constant,0.35,27.04799999999998,27.047999999999835,energy_or_commitment_infeasible,w3900_previous_a4,,False
3900,previous,2190,6090,profile_0004,constant,0.45,9.015999999999972,9.015999999999828,energy_or_commitment_infeasible,w3900_previous_a5,,False
3900,previous,2190,6090,profile_0005,constant,0.55,-10.652173913043521,-10.652173913043692,energy_or_commitment_infeasible,w3900_previous_a6,,False
3900,previous,2190,6090,profile_0006,constant,0.65,-31.95652173913047,-31.95652173913064,replayed_feasible,w3900_previous_a7,w3900_previous_a7,False
3900,previous,2190,6090,profile_0007,constant,0.75,-48.99999999999992,-49.00000000000008,replayed_feasible,w3900_previous_a8,w3900_previous_a8,False
3900,previous,2190,6090,profile_0008,constant,0.85,-48.99999999999994,-49.00000000000006,replayed_feasible,w3900_previous_a9,w3900_previous_a9,False
3900,previous,2190,6090,profile_0009,constant,0.95,-48.99999999999996,-49.00000000000004,replayed_feasible,w3900_previous_a10,w3900_previous_a10,False
3900,previous,2190,6090,profile_0010,ramp,0.64,-29.826086956521767,-29.826086956521937,replayed_feasible,w3900_previous_a11,w3900_previous_a11,False
3900,previous,2190,6090,profile_0011,ramp,0.36,25.244799999999973,25.244799999999827,energy_or_commitment_infeasible,w3900_previous_a12,,False
3900,previous,2190,6090,profile_0012,ramp,0.59,-19.17391304347829,-19.17391304347846,energy_or_commitment_infeasible,w3900_previous_a13,,False
3900,previous,2190,6090,profile_0013,ramp,0.41,16.228799999999975,16.228799999999833,energy_or_commitment_infeasible,w3900_previous_a14,,False
3900,previous,2190,6090,profile_0014,ramp,0.55,-10.652173913043521,-10.652173913043692,energy_or_commitment_infeasible,w3900_previous_a6,,True
3900,previous,2190,6090,profile_0015,ramp,0.45,9.015999999999972,9.015999999999828,energy_or_commitment_infeasible,w3900_previous_a5,,True
3900,previous,2190,6090,profile_0016,low_frequency,0.36,25.244799999999973,25.244799999999827,energy_or_commitment_infeasible,w3900_previous_a12,,True
3900,previous,2190,6090,profile_0017,piecewise,0.3,36.06399999999998,36.06399999999984,energy_or_commitment_infeasible,w3900_previous_a15,,False
3900,previous,2190,6090,profile_0018,high_frequency,0.62,-25.565217391304373,-25.565217391304543,energy_or_commitment_infeasible,w3900_previous_a16,,False
3900,previous,2190,6090,profile_0019,low_frequency,0.29,37.867199999999976,37.86719999999983,energy_or_commitment_infeasible,w3900_previous_a17,,False
3900,previous,2190,6090,profile_0020,piecewise,0.53,-6.391304347826128,-6.391304347826298,energy_or_commitment_infeasible,w3900_previous_a18,,False
3900,previous,2190,6090,profile_0021,high_frequency,0.75,-48.99999999999992,-49.00000000000008,replayed_feasible,w3900_previous_a8,w3900_previous_a8,True
3900,previous,2190,6090,profile_0022,low_frequency,0.47,5.409599999999983,5.409599999999839,energy_or_commitment_infeasible,w3900_previous_a19,,False
3900,previous,2190,6090,profile_0023,piecewise,0.9,-48.99999999999995,-49.00000000000004,replayed_feasible,w3900_previous_a20,w3900_previous_a20,False
3900,previous,2190,6090,profile_0024,high_frequency,0.39,19.835199999999976,19.835199999999833,energy_or_commitment_infeasible,w3900_previous_a21,,False
3900,previous,2190,6090,profile_0025,low_frequency,0.31,34.260799999999975,34.26079999999983,energy_or_commitment_infeasible,w3900_previous_a22,,False
3900,previous,2190,6090,profile_0026,piecewise,0.4,18.031999999999968,18.031999999999826,energy_or_commitment_infeasible,w3900_previous_a23,,False
3900,previous,2190,6090,profile_0027,high_frequency,0.5713561544405182,-15.201963337327824,-15.201963337327994,energy_or_commitment_infeasible,w3900_previous_a24,,False
3900,previous,2190,6090,profile_0028,low_frequency,0.66,-34.086956521739175,-34.086956521739346,replayed_feasible,w3900_previous_a25,w3900_previous_a25,False
3900,previous,2190,6090,profile_0029,piecewise,0.57,-14.913043478260883,-14.913043478261054,energy_or_commitment_infeasible,w3900_previous_a26,,False
3900,previous,2190,6090,profile_0030,high_frequency,0.44,10.819199999999979,10.819199999999835,energy_or_commitment_infeasible,w3900_previous_a27,,False
3900,previous,2190,6090,profile_0031,low_frequency,0.37,23.44159999999998,23.441599999999834,energy_or_commitment_infeasible,w3900_previous_a28,,False
3900,previous,2190,6090,profile_0032,piecewise,0.15,49.00000000000005,48.99999999999994,energy_or_commitment_infeasible,w3900_previous_a2,,True
3900,previous,2190,6090,profile_0033,high_frequency,0.26432192277974087,42.4974708843571,42.49747088435696,energy_or_commitment_infeasible,w3900_previous_a29,,False
3900,previous,2190,6090,profile_0034,low_frequency,0.47,5.409599999999983,5.409599999999839,energy_or_commitment_infeasible,w3900_previous_a19,,True
3900,previous,2190,6090,profile_0035,piecewise,0.89,-48.99999999999995,-49.00000000000005,replayed_feasible,w3900_previous_a30,w3900_previous_a30,False
3900,previous,2190,6090,profile_0036,high_frequency,0.61,-23.434782608695684,-23.434782608695855,energy_or_commitment_infeasible,w3900_previous_a31,,False
3900,previous,2190,6090,profile_0037,low_frequency,0.6756780772202592,-37.42706862518567,-37.42706862518584,replayed_feasible,w3900_previous_a32,w3900_previous_a32,False
3900,previous,2190,6090,profile_0038,piecewise,0.72,-46.86956521739134,-46.86956521739151,replayed_feasible,w3900_previous_a33,w3900_previous_a33,False
3900,previous,2190,6090,profile_0039,high_frequency,0.43567807722025914,11.59852911564284,11.598529115642696,energy_or_commitment_infeasible,w3900_previous_a34,,False
3900,previous,2190,6090,profile_0040,low_frequency,0.56,-12.78260869565221,-12.78260869565238,energy_or_commitment_infeasible,w3900_previous_a35,,False
3900,previous,2190,6090,profile_0041,piecewise,0.69,-40.478260869565226,-40.478260869565396,replayed_feasible,w3900_previous_a36,w3900_previous_a36,False
3900,previous,2190,6090,profile_0042,high_frequency,0.5886438455594817,-18.88499318441135,-18.88499318441152,energy_or_commitment_infeasible,w3900_previous_a37,,False
3900,previous,2190,6090,profile_0043,low_frequency,0.17,49.000000000000064,48.999999999999936,energy_or_commitment_infeasible,w3900_previous_a38,,False
3900,previous,2190,6090,profile_0044,piecewise,0.33,30.65439999999997,30.654399999999825,energy_or_commitment_infeasible,w3900_previous_a39,,False
3900,previous,2190,6090,profile_0045,high_frequency,0.3570342316607774,25.77958734692859,25.779587346928444,energy_or_commitment_infeasible,w3900_previous_a40,,False
3900,previous,2190,6090,profile_0046,low_frequency,0.71,-44.73913043478263,-44.7391304347828,replayed_feasible,w3900_previous_a41,w3900_previous_a41,False
3900,previous,2190,6090,profile_0047,piecewise,0.31,34.260799999999975,34.26079999999983,energy_or_commitment_infeasible,w3900_previous_a22,,True
3900,previous,2190,6090,profile_0048,high_frequency,0.3343219227797409,29.875070884357093,29.87507088435695,energy_or_commitment_infeasible,w3900_previous_a42,,False
3900,previous,2190,6090,profile_0049,low_frequency,0.73,-48.999999999999915,-49.000000000000085,replayed_feasible,w3900_previous_a43,w3900_previous_a43,False
3900,previous,2190,6090,profile_0050,piecewise,0.75,-48.99999999999992,-49.00000000000008,replayed_feasible,w3900_previous_a8,w3900_previous_a8,True
3900,previous,2190,6090,profile_0051,high_frequency,0.45,9.015999999999972,9.015999999999828,energy_or_commitment_infeasible,w3900_previous_a5,,True
3900,previous,2190,6090,profile_0052,low_frequency,0.83,-48.99999999999994,-49.00000000000005,replayed_feasible,w3900_previous_a44,w3900_previous_a44,False
3900,previous,2190,6090,profile_0053,piecewise,0.61,-23.434782608695684,-23.434782608695855,energy_or_commitment_infeasible,w3900_previous_a31,,True
3900,previous,2190,6090,profile_0054,high_frequency,0.28,39.67039999999997,39.67039999999983,energy_or_commitment_infeasible,w3900_previous_a45,,False
3900,previous,2190,6090,profile_0055,low_frequency,0.38,21.638399999999972,21.638399999999827,energy_or_commitment_infeasible,w3900_previous_a46,,False
3900,previous,2190,6090,profile_0056,piecewise,0.19,49.000000000000064,48.999999999999936,energy_or_commitment_infeasible,w3900_previous_a38,,True
3900,previous,2190,6090,profile_0057,high_frequency,0.46,7.212799999999964,7.21279999999982,energy_or_commitment_infeasible,w3900_previous_a47,,False
3900,previous,2190,6090,profile_0058,low_frequency,0.39,19.835199999999976,19.835199999999833,energy_or_commitment_infeasible,w3900_previous_a21,,True
3900,previous,2190,6090,profile_0059,piecewise,0.68,-38.34782608695655,-38.34782608695672,replayed_feasible,w3900_previous_a48,w3900_previous_a48,False
3900,previous,2190,6090,profile_0060,high_frequency,0.64,-29.826086956521767,-29.826086956521937,replayed_feasible,w3900_previous_a11,w3900_previous_a11,True
3900,previous,2190,6090,profile_0061,low_frequency,0.21,49.00000000000007,48.999999999999936,energy_or_commitment_infeasible,w3900_previous_a49,,False
3900,previous,2190,6090,profile_0062,piecewise,0.11,49.00000000000005,48.99999999999995,energy_or_commitment_infeasible,w3900_previous_a50,,False
3900,previous,2190,6090,profile_0063,high_frequency,0.5056780772202591,-1.209677320837853,-1.2096773208380232,energy_or_commitment_infeasible,w3900_previous_a51,,False
3960,previous,2130,6090,profile_0000,constant,0.05,49.00000000000005,48.99999999999996,energy_or_commitment_infeasible,w3960_previous_a1,,False
3960,previous,2130,6090,profile_0001,constant,0.15,49.00000000000006,48.999999999999936,energy_or_commitment_infeasible,w3960_previous_a2,,False
3960,previous,2130,6090,profile_0002,constant,0.25,45.07999999999998,45.07999999999982,energy_or_commitment_infeasible,w3960_previous_a3,,False
3960,previous,2130,6090,profile_0003,constant,0.35,27.04799999999998,27.047999999999824,energy_or_commitment_infeasible,w3960_previous_a4,,False
3960,previous,2130,6090,profile_0004,constant,0.45,9.015999999999972,9.015999999999815,energy_or_commitment_infeasible,w3960_previous_a5,,False
3960,previous,2130,6090,profile_0005,constant,0.55,-10.652173913043521,-10.652173913043706,energy_or_commitment_infeasible,w3960_previous_a6,,False
3960,previous,2130,6090,profile_0006,constant,0.65,-31.95652173913047,-31.956521739130658,replayed_feasible,w3960_previous_a7,w3960_previous_a7,False
3960,previous,2130,6090,profile_0007,constant,0.75,-48.999999999999915,-49.000000000000085,replayed_feasible,w3960_previous_a8,w3960_previous_a8,False
3960,previous,2130,6090,profile_0008,constant,0.85,-48.99999999999994,-49.000000000000064,replayed_feasible,w3960_previous_a9,w3960_previous_a9,False
3960,previous,2130,6090,profile_0009,constant,0.95,-48.99999999999995,-49.00000000000005,replayed_feasible,w3960_previous_a10,w3960_previous_a10,False
3960,previous,2130,6090,profile_0010,ramp,0.64,-29.826086956521767,-29.82608695652195,replayed_feasible,w3960_previous_a11,w3960_previous_a11,False
3960,previous,2130,6090,profile_0011,ramp,0.36,25.244799999999973,25.244799999999817,energy_or_commitment_infeasible,w3960_previous_a12,,False
3960,previous,2130,6090,profile_0012,ramp,0.59,-19.17391304347829,-19.17391304347848,energy_or_commitment_infeasible,w3960_previous_a13,,False
3960,previous,2130,6090,profile_0013,ramp,0.41,16.228799999999975,16.22879999999982,energy_or_commitment_infeasible,w3960_previous_a14,,False
3960,previous,2130,6090,profile_0014,ramp,0.55,-10.652173913043521,-10.652173913043706,energy_or_commitment_infeasible,w3960_previous_a6,,True
3960,previous,2130,6090,profile_0015,ramp,0.45,9.015999999999972,9.015999999999815,energy_or_commitment_infeasible,w3960_previous_a5,,True
3960,previous,2130,6090,profile_0016,low_frequency,0.36,25.244799999999973,25.244799999999817,energy_or_commitment_infeasible,w3960_previous_a12,,True
3960,previous,2130,6090,profile_0017,piecewise,0.3,36.06399999999998,36.06399999999982,energy_or_commitment_infeasible,w3960_previous_a15,,False
3960,previous,2130,6090,profile_0018,high_frequency,0.62,-25.565217391304373,-25.565217391304557,energy_or_commitment_infeasible,w3960_previous_a16,,False
3960,previous,2130,6090,profile_0019,low_frequency,0.29,37.867199999999976,37.86719999999982,energy_or_commitment_infeasible,w3960_previous_a17,,False
3960,previous,2130,6090,profile_0020,piecewise,0.53,-6.391304347826128,-6.391304347826313,energy_or_commitment_infeasible,w3960_previous_a18,,False
3960,previous,2130,6090,profile_0021,high_frequency,0.75,-48.999999999999915,-49.000000000000085,replayed_feasible,w3960_previous_a8,w3960_previous_a8,True
3960,previous,2130,6090,profile_0022,low_frequency,0.47,5.409599999999983,5.409599999999826,energy_or_commitment_infeasible,w3960_previous_a19,,False
3960,previous,2130,6090,profile_0023,piecewise,0.9,-48.99999999999995,-49.00000000000006,replayed_feasible,w3960_previous_a20,w3960_previous_a20,False
3960,previous,2130,6090,profile_0024,high_frequency,0.39,19.835199999999976,19.83519999999982,energy_or_commitment_infeasible,w3960_previous_a21,,False
3960,previous,2130,6090,profile_0025,low_frequency,0.31,34.260799999999975,34.26079999999982,energy_or_commitment_infeasible,w3960_previous_a22,,False
3960,previous,2130,6090,profile_0026,piecewise,0.4,18.031999999999968,18.03199999999981,energy_or_commitment_infeasible,w3960_previous_a23,,False
3960,previous,2130,6090,profile_0027,high_frequency,0.5713561544405182,-15.201963337327824,-15.201963337328008,energy_or_commitment_infeasible,w3960_previous_a24,,False
3960,previous,2130,6090,profile_0028,low_frequency,0.66,-34.086956521739175,-34.08695652173936,replayed_feasible,w3960_previous_a25,w3960_previous_a25,False
3960,previous,2130,6090,profile_0029,piecewise,0.57,-14.913043478260883,-14.913043478261068,energy_or_commitment_infeasible,w3960_previous_a26,,False
3960,previous,2130,6090,profile_0030,high_frequency,0.44,10.819199999999979,10.819199999999823,energy_or_commitment_infeasible,w3960_previous_a27,,False
3960,previous,2130,6090,profile_0031,low_frequency,0.37,23.44159999999998,23.44159999999982,energy_or_commitment_infeasible,w3960_previous_a28,,False
3960,previous,2130,6090,profile_0032,piecewise,0.15,49.00000000000006,48.999999999999936,energy_or_commitment_infeasible,w3960_previous_a2,,True
3960,previous,2130,6090,profile_0033,high_frequency,0.26432192277974087,42.4974708843571,42.49747088435694,energy_or_commitment_infeasible,w3960_previous_a29,,False
3960,previous,2130,6090,profile_0034,low_frequency,0.47,5.409599999999983,5.409599999999826,energy_or_commitment_infeasible,w3960_previous_a19,,True
3960,previous,2130,6090,profile_0035,piecewise,0.89,-48.99999999999995,-49.00000000000006,replayed_feasible,w3960_previous_a20,w3960_previous_a20,True
3960,previous,2130,6090,profile_0036,high_frequency,0.61,-23.434782608695684,-23.43478260869587,energy_or_commitment_infeasible,w3960_previous_a30,,False
3960,previous,2130,6090,profile_0037,low_frequency,0.6756780772202592,-37.42706862518567,-37.42706862518585,replayed_feasible,w3960_previous_a31,w3960_previous_a31,False
3960,previous,2130,6090,profile_0038,piecewise,0.72,-46.86956521739134,-46.869565217391525,replayed_feasible,w3960_previous_a32,w3960_previous_a32,False
3960,previous,2130,6090,profile_0039,high_frequency,0.43567807722025914,11.59852911564284,11.598529115642684,energy_or_commitment_infeasible,w3960_previous_a33,,False
3960,previous,2130,6090,profile_0040,low_frequency,0.56,-12.78260869565221,-12.782608695652396,energy_or_commitment_infeasible,w3960_previous_a34,,False
3960,previous,2130,6090,profile_0041,piecewise,0.69,-40.478260869565226,-40.47826086956541,replayed_feasible,w3960_previous_a35,w3960_previous_a35,False
3960,previous,2130,6090,profile_0042,high_frequency,0.5886438455594817,-18.88499318441135,-18.884993184411538,energy_or_commitment_infeasible,w3960_previous_a36,,False
3960,previous,2130,6090,profile_0043,low_frequency,0.17,49.000000000000064,48.999999999999936,energy_or_commitment_infeasible,w3960_previous_a37,,False
3960,previous,2130,6090,profile_0044,piecewise,0.33,30.65439999999997,30.65439999999981,energy_or_commitment_infeasible,w3960_previous_a38,,False
3960,previous,2130,6090,profile_0045,high_frequency,0.3570342316607774,25.77958734692859,25.779587346928434,energy_or_commitment_infeasible,w3960_previous_a39,,False
3960,previous,2130,6090,profile_0046,low_frequency,0.71,-44.73913043478263,-44.73913043478282,replayed_feasible,w3960_previous_a40,w3960_previous_a40,False
3960,previous,2130,6090,profile_0047,piecewise,0.31,34.260799999999975,34.26079999999982,energy_or_commitment_infeasible,w3960_previous_a22,,True
3960,previous,2130,6090,profile_0048,high_frequency,0.3343219227797409,29.875070884357093,29.875070884356937,energy_or_commitment_infeasible,w3960_previous_a41,,False
3960,previous,2130,6090,profile_0049,low_frequency,0.73,-48.99999999999991,-49.00000000000009,replayed_feasible,w3960_previous_a42,w3960_previous_a42,False
3960,previous,2130,6090,profile_0050,piecewise,0.75,-48.999999999999915,-49.000000000000085,replayed_feasible,w3960_previous_a8,w3960_previous_a8,True
3960,previous,2130,6090,profile_0051,high_frequency,0.45,9.015999999999972,9.015999999999815,energy_or_commitment_infeasible,w3960_previous_a5,,True
3960,previous,2130,6090,profile_0052,low_frequency,0.83,-48.99999999999994,-49.00000000000007,replayed_feasible,w3960_previous_a43,w3960_previous_a43,False
3960,previous,2130,6090,profile_0053,piecewise,0.61,-23.434782608695684,-23.43478260869587,energy_or_commitment_infeasible,w3960_previous_a30,,True
3960,previous,2130,6090,profile_0054,high_frequency,0.28,39.67039999999997,39.670399999999816,energy_or_commitment_infeasible,w3960_previous_a44,,False
3960,previous,2130,6090,profile_0055,low_frequency,0.38,21.638399999999972,21.638399999999816,energy_or_commitment_infeasible,w3960_previous_a45,,False
3960,previous,2130,6090,profile_0056,piecewise,0.19,49.00000000000007,48.99999999999993,energy_or_commitment_infeasible,w3960_previous_a46,,False
3960,previous,2130,6090,profile_0057,high_frequency,0.46,7.212799999999964,7.212799999999807,energy_or_commitment_infeasible,w3960_previous_a47,,False
3960,previous,2130,6090,profile_0058,low_frequency,0.39,19.835199999999976,19.83519999999982,energy_or_commitment_infeasible,w3960_previous_a21,,True
3960,previous,2130,6090,profile_0059,piecewise,0.68,-38.34782608695655,-38.347826086956736,replayed_feasible,w3960_previous_a48,w3960_previous_a48,False
3960,previous,2130,6090,profile_0060,high_frequency,0.64,-29.826086956521767,-29.82608695652195,replayed_feasible,w3960_previous_a11,w3960_previous_a11,True
3960,previous,2130,6090,profile_0061,low_frequency,0.21,49.00000000000007,48.99999999999993,energy_or_commitment_infeasible,w3960_previous_a46,,True
3960,previous,2130,6090,profile_0062,piecewise,0.11,49.00000000000005,48.99999999999994,energy_or_commitment_infeasible,w3960_previous_a49,,False
3960,previous,2130,6090,profile_0063,high_frequency,0.5056780772202591,-1.209677320837853,-1.2096773208380385,energy_or_commitment_infeasible,w3960_previous_a50,,False
4020,previous,2070,6090,profile_0000,constant,0.05,49.00000000000005,48.99999999999995,energy_or_commitment_infeasible,w4020_previous_a1,,False
4020,previous,2070,6090,profile_0001,constant,0.15,49.00000000000006,48.999999999999936,energy_or_commitment_infeasible,w4020_previous_a2,,False
4020,previous,2070,6090,profile_0002,constant,0.25,45.07999999999998,45.07999999999981,energy_or_commitment_infeasible,w4020_previous_a3,,False
4020,previous,2070,6090,profile_0003,constant,0.35,27.04799999999998,27.04799999999981,energy_or_commitment_infeasible,w4020_previous_a4,,False
4020,previous,2070,6090,profile_0004,constant,0.45,9.015999999999972,9.015999999999801,energy_or_commitment_infeasible,w4020_previous_a5,,False
4020,previous,2070,6090,profile_0005,constant,0.55,-10.652173913043521,-10.652173913043722,energy_or_commitment_infeasible,w4020_previous_a6,,False
4020,previous,2070,6090,profile_0006,constant,0.65,-31.95652173913047,-31.95652173913067,replayed_feasible,w4020_previous_a7,w4020_previous_a7,False
4020,previous,2070,6090,profile_0007,constant,0.75,-48.99999999999991,-49.00000000000009,replayed_feasible,w4020_previous_a8,w4020_previous_a8,False
4020,previous,2070,6090,profile_0008,constant,0.85,-48.999999999999936,-49.000000000000064,replayed_feasible,w4020_previous_a9,w4020_previous_a9,False
4020,previous,2070,6090,profile_0009,constant,0.95,-48.99999999999995,-49.00000000000006,replayed_feasible,w4020_previous_a10,w4020_previous_a10,False
4020,previous,2070,6090,profile_0010,ramp,0.64,-29.826086956521767,-29.826086956521966,replayed_feasible,w4020_previous_a11,w4020_previous_a11,False
4020,previous,2070,6090,profile_0011,ramp,0.36,25.244799999999973,25.244799999999803,energy_or_commitment_infeasible,w4020_previous_a12,,False
4020,previous,2070,6090,profile_0012,ramp,0.59,-19.17391304347829,-19.173913043478493,energy_or_commitment_infeasible,w4020_previous_a13,,False
4020,previous,2070,6090,profile_0013,ramp,0.41,16.228799999999975,16.228799999999804,energy_or_commitment_infeasible,w4020_previous_a14,,False
4020,previous,2070,6090,profile_0014,ramp,0.55,-10.652173913043521,-10.652173913043722,energy_or_commitment_infeasible,w4020_previous_a6,,True
4020,previous,2070,6090,profile_0015,ramp,0.45,9.015999999999972,9.015999999999801,energy_or_commitment_infeasible,w4020_previous_a5,,True
4020,previous,2070,6090,profile_0016,low_frequency,0.36,25.244799999999973,25.244799999999803,energy_or_commitment_infeasible,w4020_previous_a12,,True
4020,previous,2070,6090,profile_0017,piecewise,0.3,36.06399999999998,36.06399999999981,energy_or_commitment_infeasible,w4020_previous_a15,,False
4020,previous,2070,6090,profile_0018,high_frequency,0.62,-25.565217391304373,-25.565217391304575,energy_or_commitment_infeasible,w4020_previous_a16,,False
4020,previous,2070,6090,profile_0019,low_frequency,0.29,37.867199999999976,37.86719999999981,energy_or_commitment_infeasible,w4020_previous_a17,,False
4020,previous,2070,6090,profile_0020,piecewise,0.53,-6.391304347826128,-6.3913043478263285,energy_or_commitment_infeasible,w4020_previous_a18,,False
4020,previous,2070,6090,profile_0021,high_frequency,0.75,-48.99999999999991,-49.00000000000009,replayed_feasible,w4020_previous_a8,w4020_previous_a8,True
4020,previous,2070,6090,profile_0022,low_frequency,0.47,5.409599999999983,5.409599999999813,energy_or_commitment_infeasible,w4020_previous_a19,,False
4020,previous,2070,6090,profile_0023,piecewise,0.9,-48.99999999999995,-49.000000000000064,replayed_feasible,w4020_previous_a20,w4020_previous_a20,False
4020,previous,2070,6090,profile_0024,high_frequency,0.39,19.835199999999976,19.83519999999981,energy_or_commitment_infeasible,w4020_previous_a21,,False
4020,previous,2070,6090,profile_0025,low_frequency,0.31,34.260799999999975,34.260799999999804,energy_or_commitment_infeasible,w4020_previous_a22,,False
4020,previous,2070,6090,profile_0026,piecewise,0.4,18.031999999999968,18.0319999999998,energy_or_commitment_infeasible,w4020_previous_a23,,False
4020,previous,2070,6090,profile_0027,high_frequency,0.5713561544405182,-15.201963337327824,-15.201963337328024,energy_or_commitment_infeasible,w4020_previous_a24,,False
4020,previous,2070,6090,profile_0028,low_frequency,0.66,-34.086956521739175,-34.086956521739374,replayed_feasible,w4020_previous_a25,w4020_previous_a25,False
4020,previous,2070,6090,profile_0029,piecewise,0.57,-14.913043478260883,-14.913043478261084,energy_or_commitment_infeasible,w4020_previous_a26,,False
4020,previous,2070,6090,profile_0030,high_frequency,0.44,10.819199999999979,10.819199999999809,energy_or_commitment_infeasible,w4020_previous_a27,,False
4020,previous,2070,6090,profile_0031,low_frequency,0.37,23.44159999999998,23.44159999999981,energy_or_commitment_infeasible,w4020_previous_a28,,False
4020,previous,2070,6090,profile_0032,piecewise,0.15,49.00000000000006,48.999999999999936,energy_or_commitment_infeasible,w4020_previous_a2,,True
4020,previous,2070,6090,profile_0033,high_frequency,0.26432192277974087,42.4974708843571,42.49747088435693,energy_or_commitment_infeasible,w4020_previous_a29,,False
4020,previous,2070,6090,profile_0034,low_frequency,0.47,5.409599999999983,5.409599999999813,energy_or_commitment_infeasible,w4020_previous_a19,,True
4020,previous,2070,6090,profile_0035,piecewise,0.89,-48.99999999999994,-49.00000000000006,replayed_feasible,w4020_previous_a30,w4020_previous_a30,False
4020,previous,2070,6090,profile_0036,high_frequency,0.61,-23.434782608695684,-23.434782608695887,energy_or_commitment_infeasible,w4020_previous_a31,,False
4020,previous,2070,6090,profile_0037,low_frequency,0.6756780772202592,-37.42706862518567,-37.42706862518587,replayed_feasible,w4020_previous_a32,w4020_previous_a32,False
4020,previous,2070,6090,profile_0038,piecewise,0.72,-46.86956521739134,-46.86956521739154,replayed_feasible,w4020_previous_a33,w4020_previous_a33,False
4020,previous,2070,6090,profile_0039,high_frequency,0.43567807722025914,11.59852911564284,11.59852911564267,energy_or_commitment_infeasible,w4020_previous_a34,,False
4020,previous,2070,6090,profile_0040,low_frequency,0.56,-12.78260869565221,-12.78260869565241,energy_or_commitment_infeasible,w4020_previous_a35,,False
4020,previous,2070,6090,profile_0041,piecewise,0.69,-40.478260869565226,-40.478260869565425,replayed_feasible,w4020_previous_a36,w4020_previous_a36,False
4020,previous,2070,6090,profile_0042,high_frequency,0.5886438455594817,-18.88499318441135,-18.884993184411552,energy_or_commitment_infeasible,w4020_previous_a37,,False
4020,previous,2070,6090,profile_0043,low_frequency,0.17,49.00000000000008,48.99999999999993,energy_or_commitment_infeasible,w4020_previous_a38,,False
4020,previous,2070,6090,profile_0044,piecewise,0.33,30.65439999999997,30.6543999999998,energy_or_commitment_infeasible,w4020_previous_a39,,False
4020,previous,2070,6090,profile_0045,high_frequency,0.3570342316607774,25.77958734692859,25.77958734692842,energy_or_commitment_infeasible,w4020_previous_a40,,False
4020,previous,2070,6090,profile_0046,low_frequency,0.71,-44.73913043478263,-44.73913043478284,replayed_feasible,w4020_previous_a41,w4020_previous_a41,False
4020,previous,2070,6090,profile_0047,piecewise,0.31,34.260799999999975,34.260799999999804,energy_or_commitment_infeasible,w4020_previous_a22,,True
4020,previous,2070,6090,profile_0048,high_frequency,0.3343219227797409,29.875070884357093,29.875070884356923,energy_or_commitment_infeasible,w4020_previous_a42,,False
4020,previous,2070,6090,profile_0049,low_frequency,0.73,-48.9999999999999,-49.0000000000001,replayed_feasible,w4020_previous_a43,w4020_previous_a43,False
4020,previous,2070,6090,profile_0050,piecewise,0.75,-48.99999999999991,-49.00000000000009,replayed_feasible,w4020_previous_a8,w4020_previous_a8,True
4020,previous,2070,6090,profile_0051,high_frequency,0.45,9.015999999999972,9.015999999999801,energy_or_commitment_infeasible,w4020_previous_a5,,True
4020,previous,2070,6090,profile_0052,low_frequency,0.83,-48.999999999999936,-49.00000000000007,replayed_feasible,w4020_previous_a44,w4020_previous_a44,False
4020,previous,2070,6090,profile_0053,piecewise,0.61,-23.434782608695684,-23.434782608695887,energy_or_commitment_infeasible,w4020_previous_a31,,True
4020,previous,2070,6090,profile_0054,high_frequency,0.28,39.67039999999997,39.6703999999998,energy_or_commitment_infeasible,w4020_previous_a45,,False
4020,previous,2070,6090,profile_0055,low_frequency,0.38,21.638399999999972,21.638399999999802,energy_or_commitment_infeasible,w4020_previous_a46,,False
4020,previous,2070,6090,profile_0056,piecewise,0.19,49.00000000000008,48.99999999999993,energy_or_commitment_infeasible,w4020_previous_a38,,True
4020,previous,2070,6090,profile_0057,high_frequency,0.46,7.212799999999964,7.2127999999997945,energy_or_commitment_infeasible,w4020_previous_a47,,False
4020,previous,2070,6090,profile_0058,low_frequency,0.39,19.835199999999976,19.83519999999981,energy_or_commitment_infeasible,w4020_previous_a21,,True
4020,previous,2070,6090,profile_0059,piecewise,0.68,-38.34782608695655,-38.34782608695675,replayed_feasible,w4020_previous_a48,w4020_previous_a48,False
4020,previous,2070,6090,profile_0060,high_frequency,0.64,-29.826086956521767,-29.826086956521966,replayed_feasible,w4020_previous_a11,w4020_previous_a11,True
4020,previous,2070,6090,profile_0061,low_frequency,0.21,49.00000000000008,48.99999999999992,energy_or_commitment_infeasible,w4020_previous_a49,,False
4020,previous,2070,6090,profile_0062,piecewise,0.11,49.00000000000005,48.99999999999994,energy_or_commitment_infeasible,w4020_previous_a50,,False
4020,previous,2070,6090,profile_0063,high_frequency,0.5056780772202591,-1.209677320837853,-1.209677320838054,energy_or_commitment_infeasible,w4020_previous_a51,,False
4080,previous,2010,6090,profile_0000,constant,0.05,49.00000000000005,48.99999999999996,energy_or_commitment_infeasible,w4080_previous_a1,,False
4080,previous,2010,6090,profile_0001,constant,0.15,49.00000000000006,48.999999999999936,energy_or_commitment_infeasible,w4080_previous_a2,,False
4080,previous,2010,6090,profile_0002,constant,0.25,45.07999999999998,45.07999999999982,energy_or_commitment_infeasible,w4080_previous_a3,,False
4080,previous,2010,6090,profile_0003,constant,0.35,27.04799999999998,27.047999999999824,energy_or_commitment_infeasible,w4080_previous_a4,,False
4080,previous,2010,6090,profile_0004,constant,0.45,9.015999999999972,9.015999999999815,energy_or_commitment_infeasible,w4080_previous_a5,,False
4080,previous,2010,6090,profile_0005,constant,0.55,-10.652173913043521,-10.652173913043706,energy_or_commitment_infeasible,w4080_previous_a6,,False
4080,previous,2010,6090,profile_0006,constant,0.65,-31.95652173913047,-31.956521739130658,replayed_feasible,w4080_previous_a7,w4080_previous_a7,False
4080,previous,2010,6090,profile_0007,constant,0.75,-48.999999999999915,-49.000000000000085,replayed_feasible,w4080_previous_a8,w4080_previous_a8,False
4080,previous,2010,6090,profile_0008,constant,0.85,-48.99999999999994,-49.000000000000064,replayed_feasible,w4080_previous_a9,w4080_previous_a9,False
4080,previous,2010,6090,profile_0009,constant,0.95,-48.99999999999995,-49.00000000000005,replayed_feasible,w4080_previous_a10,w4080_previous_a10,False
4080,previous,2010,6090,profile_0010,ramp,0.64,-29.826086956521767,-29.82608695652195,replayed_feasible,w4080_previous_a11,w4080_previous_a11,False
4080,previous,2010,6090,profile_0011,ramp,0.36,25.244799999999973,25.244799999999817,energy_or_commitment_infeasible,w4080_previous_a12,,False
4080,previous,2010,6090,profile_0012,ramp,0.59,-19.17391304347829,-19.17391304347848,energy_or_commitment_infeasible,w4080_previous_a13,,False
4080,previous,2010,6090,profile_0013,ramp,0.41,16.228799999999975,16.22879999999982,energy_or_commitment_infeasible,w4080_previous_a14,,False
4080,previous,2010,6090,profile_0014,ramp,0.55,-10.652173913043521,-10.652173913043706,energy_or_commitment_infeasible,w4080_previous_a6,,True
4080,previous,2010,6090,profile_0015,ramp,0.45,9.015999999999972,9.015999999999815,energy_or_commitment_infeasible,w4080_previous_a5,,True
4080,previous,2010,6090,profile_0016,low_frequency,0.36,25.244799999999973,25.244799999999817,energy_or_commitment_infeasible,w4080_previous_a12,,True
4080,previous,2010,6090,profile_0017,piecewise,0.3,36.06399999999998,36.06399999999982,energy_or_commitment_infeasible,w4080_previous_a15,,False
4080,previous,2010,6090,profile_0018,high_frequency,0.62,-25.565217391304373,-25.565217391304557,energy_or_commitment_infeasible,w4080_previous_a16,,False
4080,previous,2010,6090,profile_0019,low_frequency,0.29,37.867199999999976,37.86719999999982,energy_or_commitment_infeasible,w4080_previous_a17,,False
4080,previous,2010,6090,profile_0020,piecewise,0.53,-6.391304347826128,-6.391304347826313,energy_or_commitment_infeasible,w4080_previous_a18,,False
4080,previous,2010,6090,profile_0021,high_frequency,0.75,-48.999999999999915,-49.000000000000085,replayed_feasible,w4080_previous_a8,w4080_previous_a8,True
4080,previous,2010,6090,profile_0022,low_frequency,0.47,5.409599999999983,5.409599999999826,energy_or_commitment_infeasible,w4080_previous_a19,,False
4080,previous,2010,6090,profile_0023,piecewise,0.9,-48.99999999999995,-49.00000000000006,replayed_feasible,w4080_previous_a20,w4080_previous_a20,False
4080,previous,2010,6090,profile_0024,high_frequency,0.39,19.835199999999976,19.83519999999982,energy_or_commitment_infeasible,w4080_previous_a21,,False
4080,previous,2010,6090,profile_0025,low_frequency,0.31,34.260799999999975,34.26079999999982,energy_or_commitment_infeasible,w4080_previous_a22,,False
4080,previous,2010,6090,profile_0026,piecewise,0.4,18.031999999999968,18.03199999999981,energy_or_commitment_infeasible,w4080_previous_a23,,False
4080,previous,2010,6090,profile_0027,high_frequency,0.5713561544405182,-15.201963337327824,-15.201963337328008,energy_or_commitment_infeasible,w4080_previous_a24,,False
4080,previous,2010,6090,profile_0028,low_frequency,0.66,-34.086956521739175,-34.08695652173936,replayed_feasible,w4080_previous_a25,w4080_previous_a25,False
4080,previous,2010,6090,profile_0029,piecewise,0.57,-14.913043478260883,-14.913043478261068,energy_or_commitment_infeasible,w4080_previous_a26,,False
4080,previous,2010,6090,profile_0030,high_frequency,0.44,10.819199999999979,10.819199999999823,energy_or_commitment_infeasible,w4080_previous_a27,,False
4080,previous,2010,6090,profile_0031,low_frequency,0.37,23.44159999999998,23.44159999999982,energy_or_commitment_infeasible,w4080_previous_a28,,False
4080,previous,2010,6090,profile_0032,piecewise,0.15,49.00000000000006,48.999999999999936,energy_or_commitment_infeasible,w4080_previous_a2,,True
4080,previous,2010,6090,profile_0033,high_frequency,0.26432192277974087,42.4974708843571,42.49747088435694,energy_or_commitment_infeasible,w4080_previous_a29,,False
4080,previous,2010,6090,profile_0034,low_frequency,0.47,5.409599999999983,5.409599999999826,energy_or_commitment_infeasible,w4080_previous_a19,,True
4080,previous,2010,6090,profile_0035,piecewise,0.89,-48.99999999999995,-49.00000000000006,replayed_feasible,w4080_previous_a20,w4080_previous_a20,True
4080,previous,2010,6090,profile_0036,high_frequency,0.61,-23.434782608695684,-23.43478260869587,energy_or_commitment_infeasible,w4080_previous_a30,,False
4080,previous,2010,6090,profile_0037,low_frequency,0.6756780772202592,-37.42706862518567,-37.42706862518585,replayed_feasible,w4080_previous_a31,w4080_previous_a31,False
4080,previous,2010,6090,profile_0038,piecewise,0.72,-46.86956521739134,-46.869565217391525,replayed_feasible,w4080_previous_a32,w4080_previous_a32,False
4080,previous,2010,6090,profile_0039,high_frequency,0.43567807722025914,11.59852911564284,11.598529115642684,energy_or_commitment_infeasible,w4080_previous_a33,,False
4080,previous,2010,6090,profile_0040,low_frequency,0.56,-12.78260869565221,-12.782608695652396,energy_or_commitment_infeasible,w4080_previous_a34,,False
4080,previous,2010,6090,profile_0041,piecewise,0.69,-40.478260869565226,-40.47826086956541,replayed_feasible,w4080_previous_a35,w4080_previous_a35,False
4080,previous,2010,6090,profile_0042,high_frequency,0.5886438455594817,-18.88499318441135,-18.884993184411538,energy_or_commitment_infeasible,w4080_previous_a36,,False
4080,previous,2010,6090,profile_0043,low_frequency,0.17,49.000000000000064,48.999999999999936,energy_or_commitment_infeasible,w4080_previous_a37,,False
4080,previous,2010,6090,profile_0044,piecewise,0.33,30.65439999999997,30.65439999999981,energy_or_commitment_infeasible,w4080_previous_a38,,False
4080,previous,2010,6090,profile_0045,high_frequency,0.3570342316607774,25.77958734692859,25.779587346928434,energy_or_commitment_infeasible,w4080_previous_a39,,False
4080,previous,2010,6090,profile_0046,low_frequency,0.71,-44.73913043478263,-44.73913043478282,replayed_feasible,w4080_previous_a40,w4080_previous_a40,False
4080,previous,2010,6090,profile_0047,piecewise,0.31,34.260799999999975,34.26079999999982,energy_or_commitment_infeasible,w4080_previous_a22,,True
4080,previous,2010,6090,profile_0048,high_frequency,0.3343219227797409,29.875070884357093,29.875070884356937,energy_or_commitment_infeasible,w4080_previous_a41,,False
4080,previous,2010,6090,profile_0049,low_frequency,0.73,-48.99999999999991,-49.00000000000009,replayed_feasible,w4080_previous_a42,w4080_previous_a42,False
4080,previous,2010,6090,profile_0050,piecewise,0.75,-48.999999999999915,-49.000000000000085,replayed_feasible,w4080_previous_a8,w4080_previous_a8,True
4080,previous,2010,6090,profile_0051,high_frequency,0.45,9.015999999999972,9.015999999999815,energy_or_commitment_infeasible,w4080_previous_a5,,True
4080,previous,2010,6090,profile_0052,low_frequency,0.83,-48.99999999999994,-49.00000000000007,replayed_feasible,w4080_previous_a43,w4080_previous_a43,False
4080,previous,2010,6090,profile_0053,piecewise,0.61,-23.434782608695684,-23.43478260869587,energy_or_commitment_infeasible,w4080_previous_a30,,True
4080,previous,2010,6090,profile_0054,high_frequency,0.28,39.67039999999997,39.670399999999816,energy_or_commitment_infeasible,w4080_previous_a44,,False
4080,previous,2010,6090,profile_0055,low_frequency,0.38,21.638399999999972,21.638399999999816,energy_or_commitment_infeasible,w4080_previous_a45,,False
4080,previous,2010,6090,profile_0056,piecewise,0.19,49.00000000000007,48.99999999999993,energy_or_commitment_infeasible,w4080_previous_a46,,False
4080,previous,2010,6090,profile_0057,high_frequency,0.46,7.212799999999964,7.212799999999807,energy_or_commitment_infeasible,w4080_previous_a47,,False
4080,previous,2010,6090,profile_0058,low_frequency,0.39,19.835199999999976,19.83519999999982,energy_or_commitment_infeasible,w4080_previous_a21,,True
4080,previous,2010,6090,profile_0059,piecewise,0.68,-38.34782608695655,-38.347826086956736,replayed_feasible,w4080_previous_a48,w4080_previous_a48,False
4080,previous,2010,6090,profile_0060,high_frequency,0.64,-29.826086956521767,-29.82608695652195,replayed_feasible,w4080_previous_a11,w4080_previous_a11,True
4080,previous,2010,6090,profile_0061,low_frequency,0.21,49.00000000000007,48.99999999999993,energy_or_commitment_infeasible,w4080_previous_a46,,True
4080,previous,2010,6090,profile_0062,piecewise,0.11,49.00000000000005,48.99999999999994,energy_or_commitment_infeasible,w4080_previous_a49,,False
4080,previous,2010,6090,profile_0063,high_frequency,0.5056780772202591,-1.209677320837853,-1.2096773208380385,energy_or_commitment_infeasible,w4080_previous_a50,,False
4140,previous,1950,6090,profile_0000,constant,0.05,49.00000000000005,48.99999999999996,energy_or_commitment_infeasible,w4140_previous_a1,,False
4140,previous,1950,6090,profile_0001,constant,0.15,49.00000000000006,48.999999999999936,energy_or_commitment_infeasible,w4140_previous_a2,,False
4140,previous,1950,6090,profile_0002,constant,0.25,45.07999999999998,45.07999999999982,energy_or_commitment_infeasible,w4140_previous_a3,,False
4140,previous,1950,6090,profile_0003,constant,0.35,27.04799999999998,27.047999999999824,energy_or_commitment_infeasible,w4140_previous_a4,,False
4140,previous,1950,6090,profile_0004,constant,0.45,9.015999999999972,9.015999999999815,energy_or_commitment_infeasible,w4140_previous_a5,,False
4140,previous,1950,6090,profile_0005,constant,0.55,-10.652173913043521,-10.652173913043706,energy_or_commitment_infeasible,w4140_previous_a6,,False
4140,previous,1950,6090,profile_0006,constant,0.65,-31.95652173913047,-31.956521739130658,replayed_feasible,w4140_previous_a7,w4140_previous_a7,False
4140,previous,1950,6090,profile_0007,constant,0.75,-48.999999999999915,-49.000000000000085,replayed_feasible,w4140_previous_a8,w4140_previous_a8,False
4140,previous,1950,6090,profile_0008,constant,0.85,-48.99999999999994,-49.000000000000064,replayed_feasible,w4140_previous_a9,w4140_previous_a9,False
4140,previous,1950,6090,profile_0009,constant,0.95,-48.99999999999995,-49.00000000000005,replayed_feasible,w4140_previous_a10,w4140_previous_a10,False
4140,previous,1950,6090,profile_0010,ramp,0.64,-29.826086956521767,-29.82608695652195,replayed_feasible,w4140_previous_a11,w4140_previous_a11,False
4140,previous,1950,6090,profile_0011,ramp,0.36,25.244799999999973,25.244799999999817,energy_or_commitment_infeasible,w4140_previous_a12,,False
4140,previous,1950,6090,profile_0012,ramp,0.59,-19.17391304347829,-19.17391304347848,energy_or_commitment_infeasible,w4140_previous_a13,,False
4140,previous,1950,6090,profile_0013,ramp,0.41,16.228799999999975,16.22879999999982,energy_or_commitment_infeasible,w4140_previous_a14,,False
4140,previous,1950,6090,profile_0014,ramp,0.55,-10.652173913043521,-10.652173913043706,energy_or_commitment_infeasible,w4140_previous_a6,,True
4140,previous,1950,6090,profile_0015,ramp,0.45,9.015999999999972,9.015999999999815,energy_or_commitment_infeasible,w4140_previous_a5,,True
4140,previous,1950,6090,profile_0016,low_frequency,0.36,25.244799999999973,25.244799999999817,energy_or_commitment_infeasible,w4140_previous_a12,,True
4140,previous,1950,6090,profile_0017,piecewise,0.3,36.06399999999998,36.06399999999982,energy_or_commitment_infeasible,w4140_previous_a15,,False
4140,previous,1950,6090,profile_0018,high_frequency,0.62,-25.565217391304373,-25.565217391304557,energy_or_commitment_infeasible,w4140_previous_a16,,False
4140,previous,1950,6090,profile_0019,low_frequency,0.29,37.867199999999976,37.86719999999982,energy_or_commitment_infeasible,w4140_previous_a17,,False
4140,previous,1950,6090,profile_0020,piecewise,0.53,-6.391304347826128,-6.391304347826313,energy_or_commitment_infeasible,w4140_previous_a18,,False
4140,previous,1950,6090,profile_0021,high_frequency,0.75,-48.999999999999915,-49.000000000000085,replayed_feasible,w4140_previous_a8,w4140_previous_a8,True
4140,previous,1950,6090,profile_0022,low_frequency,0.47,5.409599999999983,5.409599999999826,energy_or_commitment_infeasible,w4140_previous_a19,,False
4140,previous,1950,6090,profile_0023,piecewise,0.9,-48.99999999999995,-49.00000000000006,replayed_feasible,w4140_previous_a20,w4140_previous_a20,False
4140,previous,1950,6090,profile_0024,high_frequency,0.39,19.835199999999976,19.83519999999982,energy_or_commitment_infeasible,w4140_previous_a21,,False
4140,previous,1950,6090,profile_0025,low_frequency,0.31,34.260799999999975,34.26079999999982,energy_or_commitment_infeasible,w4140_previous_a22,,False
4140,previous,1950,6090,profile_0026,piecewise,0.4,18.031999999999968,18.03199999999981,energy_or_commitment_infeasible,w4140_previous_a23,,False
4140,previous,1950,6090,profile_0027,high_frequency,0.5713561544405182,-15.201963337327824,-15.201963337328008,energy_or_commitment_infeasible,w4140_previous_a24,,False
4140,previous,1950,6090,profile_0028,low_frequency,0.66,-34.086956521739175,-34.08695652173936,replayed_feasible,w4140_previous_a25,w4140_previous_a25,False
4140,previous,1950,6090,profile_0029,piecewise,0.57,-14.913043478260883,-14.913043478261068,energy_or_commitment_infeasible,w4140_previous_a26,,False
4140,previous,1950,6090,profile_0030,high_frequency,0.44,10.819199999999979,10.819199999999823,energy_or_commitment_infeasible,w4140_previous_a27,,False
4140,previous,1950,6090,profile_0031,low_frequency,0.37,23.44159999999998,23.44159999999982,energy_or_commitment_infeasible,w4140_previous_a28,,False
4140,previous,1950,6090,profile_0032,piecewise,0.15,49.00000000000006,48.999999999999936,energy_or_commitment_infeasible,w4140_previous_a2,,True
4140,previous,1950,6090,profile_0033,high_frequency,0.26432192277974087,42.4974708843571,42.49747088435694,energy_or_commitment_infeasible,w4140_previous_a29,,False
4140,previous,1950,6090,profile_0034,low_frequency,0.47,5.409599999999983,5.409599999999826,energy_or_commitment_infeasible,w4140_previous_a19,,True
4140,previous,1950,6090,profile_0035,piecewise,0.89,-48.99999999999995,-49.00000000000006,replayed_feasible,w4140_previous_a20,w4140_previous_a20,True
4140,previous,1950,6090,profile_0036,high_frequency,0.61,-23.434782608695684,-23.43478260869587,energy_or_commitment_infeasible,w4140_previous_a30,,False
4140,previous,1950,6090,profile_0037,low_frequency,0.6756780772202592,-37.42706862518567,-37.42706862518585,replayed_feasible,w4140_previous_a31,w4140_previous_a31,False
4140,previous,1950,6090,profile_0038,piecewise,0.72,-46.86956521739134,-46.869565217391525,replayed_feasible,w4140_previous_a32,w4140_previous_a32,False
4140,previous,1950,6090,profile_0039,high_frequency,0.43567807722025914,11.59852911564284,11.598529115642684,energy_or_commitment_infeasible,w4140_previous_a33,,False
4140,previous,1950,6090,profile_0040,low_frequency,0.56,-12.78260869565221,-12.782608695652396,energy_or_commitment_infeasible,w4140_previous_a34,,False
4140,previous,1950,6090,profile_0041,piecewise,0.69,-40.478260869565226,-40.47826086956541,replayed_feasible,w4140_previous_a35,w4140_previous_a35,False
4140,previous,1950,6090,profile_0042,high_frequency,0.5886438455594817,-18.88499318441135,-18.884993184411538,energy_or_commitment_infeasible,w4140_previous_a36,,False
4140,previous,1950,6090,profile_0043,low_frequency,0.17,49.000000000000064,48.999999999999936,energy_or_commitment_infeasible,w4140_previous_a37,,False
4140,previous,1950,6090,profile_0044,piecewise,0.33,30.65439999999997,30.65439999999981,energy_or_commitment_infeasible,w4140_previous_a38,,False
4140,previous,1950,6090,profile_0045,high_frequency,0.3570342316607774,25.77958734692859,25.779587346928434,energy_or_commitment_infeasible,w4140_previous_a39,,False
4140,previous,1950,6090,profile_0046,low_frequency,0.71,-44.73913043478263,-44.73913043478282,replayed_feasible,w4140_previous_a40,w4140_previous_a40,False
4140,previous,1950,6090,profile_0047,piecewise,0.31,34.260799999999975,34.26079999999982,energy_or_commitment_infeasible,w4140_previous_a22,,True
4140,previous,1950,6090,profile_0048,high_frequency,0.3343219227797409,29.875070884357093,29.875070884356937,energy_or_commitment_infeasible,w4140_previous_a41,,False
4140,previous,1950,6090,profile_0049,low_frequency,0.73,-48.99999999999991,-49.00000000000009,replayed_feasible,w4140_previous_a42,w4140_previous_a42,False
4140,previous,1950,6090,profile_0050,piecewise,0.75,-48.999999999999915,-49.000000000000085,replayed_feasible,w4140_previous_a8,w4140_previous_a8,True
4140,previous,1950,6090,profile_0051,high_frequency,0.45,9.015999999999972,9.015999999999815,energy_or_commitment_infeasible,w4140_previous_a5,,True
4140,previous,1950,6090,profile_0052,low_frequency,0.83,-48.99999999999994,-49.00000000000007,replayed_feasible,w4140_previous_a43,w4140_previous_a43,False
4140,previous,1950,6090,profile_0053,piecewise,0.61,-23.434782608695684,-23.43478260869587,energy_or_commitment_infeasible,w4140_previous_a30,,True
4140,previous,1950,6090,profile_0054,high_frequency,0.28,39.67039999999997,39.670399999999816,energy_or_commitment_infeasible,w4140_previous_a44,,False
4140,previous,1950,6090,profile_0055,low_frequency,0.38,21.638399999999972,21.638399999999816,energy_or_commitment_infeasible,w4140_previous_a45,,False
4140,previous,1950,6090,profile_0056,piecewise,0.19,49.00000000000007,48.99999999999993,energy_or_commitment_infeasible,w4140_previous_a46,,False
4140,previous,1950,6090,profile_0057,high_frequency,0.46,7.212799999999964,7.212799999999807,energy_or_commitment_infeasible,w4140_previous_a47,,False
4140,previous,1950,6090,profile_0058,low_frequency,0.39,19.835199999999976,19.83519999999982,energy_or_commitment_infeasible,w4140_previous_a21,,True
4140,previous,1950,6090,profile_0059,piecewise,0.68,-38.34782608695655,-38.347826086956736,replayed_feasible,w4140_previous_a48,w4140_previous_a48,False
4140,previous,1950,6090,profile_0060,high_frequency,0.64,-29.826086956521767,-29.82608695652195,replayed_feasible,w4140_previous_a11,w4140_previous_a11,True
4140,previous,1950,6090,profile_0061,low_frequency,0.21,49.00000000000007,48.99999999999993,energy_or_commitment_infeasible,w4140_previous_a46,,True
4140,previous,1950,6090,profile_0062,piecewise,0.11,49.00000000000005,48.99999999999994,energy_or_commitment_infeasible,w4140_previous_a49,,False
4140,previous,1950,6090,profile_0063,high_frequency,0.5056780772202591,-1.209677320837853,-1.2096773208380385,energy_or_commitment_infeasible,w4140_previous_a50,,False
4200,previous,1890,6090,profile_0000,constant,0.05,49.00000000000005,48.99999999999996,energy_or_commitment_infeasible,w4200_previous_a1,,False
4200,previous,1890,6090,profile_0001,constant,0.15,49.00000000000006,48.999999999999936,energy_or_commitment_infeasible,w4200_previous_a2,,False
4200,previous,1890,6090,profile_0002,constant,0.25,45.07999999999998,45.07999999999982,energy_or_commitment_infeasible,w4200_previous_a3,,False
4200,previous,1890,6090,profile_0003,constant,0.35,27.04799999999998,27.047999999999824,energy_or_commitment_infeasible,w4200_previous_a4,,False
4200,previous,1890,6090,profile_0004,constant,0.45,9.015999999999972,9.015999999999815,energy_or_commitment_infeasible,w4200_previous_a5,,False
4200,previous,1890,6090,profile_0005,constant,0.55,-10.652173913043521,-10.652173913043706,energy_or_commitment_infeasible,w4200_previous_a6,,False
4200,previous,1890,6090,profile_0006,constant,0.65,-31.95652173913047,-31.956521739130658,replayed_feasible,w4200_previous_a7,w4200_previous_a7,False
4200,previous,1890,6090,profile_0007,constant,0.75,-48.999999999999915,-49.000000000000085,replayed_feasible,w4200_previous_a8,w4200_previous_a8,False
4200,previous,1890,6090,profile_0008,constant,0.85,-48.99999999999994,-49.000000000000064,replayed_feasible,w4200_previous_a9,w4200_previous_a9,False
4200,previous,1890,6090,profile_0009,constant,0.95,-48.99999999999995,-49.00000000000005,replayed_feasible,w4200_previous_a10,w4200_previous_a10,False
4200,previous,1890,6090,profile_0010,ramp,0.64,-29.826086956521767,-29.82608695652195,replayed_feasible,w4200_previous_a11,w4200_previous_a11,False
4200,previous,1890,6090,profile_0011,ramp,0.36,25.244799999999973,25.244799999999817,energy_or_commitment_infeasible,w4200_previous_a12,,False
4200,previous,1890,6090,profile_0012,ramp,0.59,-19.17391304347829,-19.17391304347848,energy_or_commitment_infeasible,w4200_previous_a13,,False
4200,previous,1890,6090,profile_0013,ramp,0.41,16.228799999999975,16.22879999999982,energy_or_commitment_infeasible,w4200_previous_a14,,False
4200,previous,1890,6090,profile_0014,ramp,0.55,-10.652173913043521,-10.652173913043706,energy_or_commitment_infeasible,w4200_previous_a6,,True
4200,previous,1890,6090,profile_0015,ramp,0.45,9.015999999999972,9.015999999999815,energy_or_commitment_infeasible,w4200_previous_a5,,True
4200,previous,1890,6090,profile_0016,low_frequency,0.36,25.244799999999973,25.244799999999817,energy_or_commitment_infeasible,w4200_previous_a12,,True
4200,previous,1890,6090,profile_0017,piecewise,0.3,36.06399999999998,36.06399999999982,energy_or_commitment_infeasible,w4200_previous_a15,,False
4200,previous,1890,6090,profile_0018,high_frequency,0.62,-25.565217391304373,-25.565217391304557,energy_or_commitment_infeasible,w4200_previous_a16,,False
4200,previous,1890,6090,profile_0019,low_frequency,0.29,37.867199999999976,37.86719999999982,energy_or_commitment_infeasible,w4200_previous_a17,,False
4200,previous,1890,6090,profile_0020,piecewise,0.53,-6.391304347826128,-6.391304347826313,energy_or_commitment_infeasible,w4200_previous_a18,,False
4200,previous,1890,6090,profile_0021,high_frequency,0.75,-48.999999999999915,-49.000000000000085,replayed_feasible,w4200_previous_a8,w4200_previous_a8,True
4200,previous,1890,6090,profile_0022,low_frequency,0.47,5.409599999999983,5.409599999999826,energy_or_commitment_infeasible,w4200_previous_a19,,False
4200,previous,1890,6090,profile_0023,piecewise,0.9,-48.99999999999995,-49.00000000000006,replayed_feasible,w4200_previous_a20,w4200_previous_a20,False
4200,previous,1890,6090,profile_0024,high_frequency,0.39,19.835199999999976,19.83519999999982,energy_or_commitment_infeasible,w4200_previous_a21,,False
4200,previous,1890,6090,profile_0025,low_frequency,0.31,34.260799999999975,34.26079999999982,energy_or_commitment_infeasible,w4200_previous_a22,,False
4200,previous,1890,6090,profile_0026,piecewise,0.4,18.031999999999968,18.03199999999981,energy_or_commitment_infeasible,w4200_previous_a23,,False
4200,previous,1890,6090,profile_0027,high_frequency,0.5713561544405182,-15.201963337327824,-15.201963337328008,energy_or_commitment_infeasible,w4200_previous_a24,,False
4200,previous,1890,6090,profile_0028,low_frequency,0.66,-34.086956521739175,-34.08695652173936,replayed_feasible,w4200_previous_a25,w4200_previous_a25,False
4200,previous,1890,6090,profile_0029,piecewise,0.57,-14.913043478260883,-14.913043478261068,energy_or_commitment_infeasible,w4200_previous_a26,,False
4200,previous,1890,6090,profile_0030,high_frequency,0.44,10.819199999999979,10.819199999999823,energy_or_commitment_infeasible,w4200_previous_a27,,False
4200,previous,1890,6090,profile_0031,low_frequency,0.37,23.44159999999998,23.44159999999982,energy_or_commitment_infeasible,w4200_previous_a28,,False
4200,previous,1890,6090,profile_0032,piecewise,0.15,49.00000000000006,48.999999999999936,energy_or_commitment_infeasible,w4200_previous_a2,,True
4200,previous,1890,6090,profile_0033,high_frequency,0.26432192277974087,42.4974708843571,42.49747088435694,energy_or_commitment_infeasible,w4200_previous_a29,,False
4200,previous,1890,6090,profile_0034,low_frequency,0.47,5.409599999999983,5.409599999999826,energy_or_commitment_infeasible,w4200_previous_a19,,True
4200,previous,1890,6090,profile_0035,piecewise,0.89,-48.99999999999995,-49.00000000000006,replayed_feasible,w4200_previous_a20,w4200_previous_a20,True
4200,previous,1890,6090,profile_0036,high_frequency,0.61,-23.434782608695684,-23.43478260869587,energy_or_commitment_infeasible,w4200_previous_a30,,False
4200,previous,1890,6090,profile_0037,low_frequency,0.6756780772202592,-37.42706862518567,-37.42706862518585,replayed_feasible,w4200_previous_a31,w4200_previous_a31,False
4200,previous,1890,6090,profile_0038,piecewise,0.72,-46.86956521739134,-46.869565217391525,replayed_feasible,w4200_previous_a32,w4200_previous_a32,False
4200,previous,1890,6090,profile_0039,high_frequency,0.43567807722025914,11.59852911564284,11.598529115642684,energy_or_commitment_infeasible,w4200_previous_a33,,False
4200,previous,1890,6090,profile_0040,low_frequency,0.56,-12.78260869565221,-12.782608695652396,energy_or_commitment_infeasible,w4200_previous_a34,,False
4200,previous,1890,6090,profile_0041,piecewise,0.69,-40.478260869565226,-40.47826086956541,replayed_feasible,w4200_previous_a35,w4200_previous_a35,False
4200,previous,1890,6090,profile_0042,high_frequency,0.5886438455594817,-18.88499318441135,-18.884993184411538,energy_or_commitment_infeasible,w4200_previous_a36,,False
4200,previous,1890,6090,profile_0043,low_frequency,0.17,49.000000000000064,48.999999999999936,energy_or_commitment_infeasible,w4200_previous_a37,,False
4200,previous,1890,6090,profile_0044,piecewise,0.33,30.65439999999997,30.65439999999981,energy_or_commitment_infeasible,w4200_previous_a38,,False
4200,previous,1890,6090,profile_0045,high_frequency,0.3570342316607774,25.77958734692859,25.779587346928434,energy_or_commitment_infeasible,w4200_previous_a39,,False
4200,previous,1890,6090,profile_0046,low_frequency,0.71,-44.73913043478263,-44.73913043478282,replayed_feasible,w4200_previous_a40,w4200_previous_a40,False
4200,previous,1890,6090,profile_0047,piecewise,0.31,34.260799999999975,34.26079999999982,energy_or_commitment_infeasible,w4200_previous_a22,,True
4200,previous,1890,6090,profile_0048,high_frequency,0.3343219227797409,29.875070884357093,29.875070884356937,energy_or_commitment_infeasible,w4200_previous_a41,,False
4200,previous,1890,6090,profile_0049,low_frequency,0.73,-48.99999999999991,-49.00000000000009,replayed_feasible,w4200_previous_a42,w4200_previous_a42,False
4200,previous,1890,6090,profile_0050,piecewise,0.75,-48.999999999999915,-49.000000000000085,replayed_feasible,w4200_previous_a8,w4200_previous_a8,True
4200,previous,1890,6090,profile_0051,high_frequency,0.45,9.015999999999972,9.015999999999815,energy_or_commitment_infeasible,w4200_previous_a5,,True
4200,previous,1890,6090,profile_0052,low_frequency,0.83,-48.99999999999994,-49.00000000000007,replayed_feasible,w4200_previous_a43,w4200_previous_a43,False
4200,previous,1890,6090,profile_0053,piecewise,0.61,-23.434782608695684,-23.43478260869587,energy_or_commitment_infeasible,w4200_previous_a30,,True
4200,previous,1890,6090,profile_0054,high_frequency,0.28,39.67039999999997,39.670399999999816,energy_or_commitment_infeasible,w4200_previous_a44,,False
4200,previous,1890,6090,profile_0055,low_frequency,0.38,21.638399999999972,21.638399999999816,energy_or_commitment_infeasible,w4200_previous_a45,,False
4200,previous,1890,6090,profile_0056,piecewise,0.19,49.00000000000007,48.99999999999993,energy_or_commitment_infeasible,w4200_previous_a46,,False
4200,previous,1890,6090,profile_0057,high_frequency,0.46,7.212799999999964,7.212799999999807,energy_or_commitment_infeasible,w4200_previous_a47,,False
4200,previous,1890,6090,profile_0058,low_frequency,0.39,19.835199999999976,19.83519999999982,energy_or_commitment_infeasible,w4200_previous_a21,,True
4200,previous,1890,6090,profile_0059,piecewise,0.68,-38.34782608695655,-38.347826086956736,replayed_feasible,w4200_previous_a48,w4200_previous_a48,False
4200,previous,1890,6090,profile_0060,high_frequency,0.64,-29.826086956521767,-29.82608695652195,replayed_feasible,w4200_previous_a11,w4200_previous_a11,True
4200,previous,1890,6090,profile_0061,low_frequency,0.21,49.00000000000007,48.99999999999993,energy_or_commitment_infeasible,w4200_previous_a46,,True
4200,previous,1890,6090,profile_0062,piecewise,0.11,49.00000000000005,48.99999999999994,energy_or_commitment_infeasible,w4200_previous_a49,,False
4200,previous,1890,6090,profile_0063,high_frequency,0.5056780772202591,-1.209677320837853,-1.2096773208380385,energy_or_commitment_infeasible,w4200_previous_a50,,False
4260,previous,1830,6090,profile_0000,constant,0.05,49.00000000000005,48.99999999999996,energy_or_commitment_infeasible,w4260_previous_a1,,False
4260,previous,1830,6090,profile_0001,constant,0.15,49.00000000000006,48.999999999999936,energy_or_commitment_infeasible,w4260_previous_a2,,False
4260,previous,1830,6090,profile_0002,constant,0.25,45.07999999999998,45.07999999999982,energy_or_commitment_infeasible,w4260_previous_a3,,False
4260,previous,1830,6090,profile_0003,constant,0.35,27.04799999999998,27.047999999999824,energy_or_commitment_infeasible,w4260_previous_a4,,False
4260,previous,1830,6090,profile_0004,constant,0.45,9.015999999999972,9.015999999999815,energy_or_commitment_infeasible,w4260_previous_a5,,False
4260,previous,1830,6090,profile_0005,constant,0.55,-10.652173913043521,-10.652173913043706,energy_or_commitment_infeasible,w4260_previous_a6,,False
4260,previous,1830,6090,profile_0006,constant,0.65,-31.95652173913047,-31.956521739130658,replayed_feasible,w4260_previous_a7,w4260_previous_a7,False
4260,previous,1830,6090,profile_0007,constant,0.75,-48.999999999999915,-49.000000000000085,replayed_feasible,w4260_previous_a8,w4260_previous_a8,False
4260,previous,1830,6090,profile_0008,constant,0.85,-48.99999999999994,-49.000000000000064,replayed_feasible,w4260_previous_a9,w4260_previous_a9,False
4260,previous,1830,6090,profile_0009,constant,0.95,-48.99999999999995,-49.00000000000005,replayed_feasible,w4260_previous_a10,w4260_previous_a10,False
4260,previous,1830,6090,profile_0010,ramp,0.64,-29.826086956521767,-29.82608695652195,replayed_feasible,w4260_previous_a11,w4260_previous_a11,False
4260,previous,1830,6090,profile_0011,ramp,0.36,25.244799999999973,25.244799999999817,energy_or_commitment_infeasible,w4260_previous_a12,,False
4260,previous,1830,6090,profile_0012,ramp,0.59,-19.17391304347829,-19.17391304347848,energy_or_commitment_infeasible,w4260_previous_a13,,False
4260,previous,1830,6090,profile_0013,ramp,0.41,16.228799999999975,16.22879999999982,energy_or_commitment_infeasible,w4260_previous_a14,,False
4260,previous,1830,6090,profile_0014,ramp,0.55,-10.652173913043521,-10.652173913043706,energy_or_commitment_infeasible,w4260_previous_a6,,True
4260,previous,1830,6090,profile_0015,ramp,0.45,9.015999999999972,9.015999999999815,energy_or_commitment_infeasible,w4260_previous_a5,,True
4260,previous,1830,6090,profile_0016,low_frequency,0.36,25.244799999999973,25.244799999999817,energy_or_commitment_infeasible,w4260_previous_a12,,True
4260,previous,1830,6090,profile_0017,piecewise,0.3,36.06399999999998,36.06399999999982,energy_or_commitment_infeasible,w4260_previous_a15,,False
4260,previous,1830,6090,profile_0018,high_frequency,0.62,-25.565217391304373,-25.565217391304557,energy_or_commitment_infeasible,w4260_previous_a16,,False
4260,previous,1830,6090,profile_0019,low_frequency,0.29,37.867199999999976,37.86719999999982,energy_or_commitment_infeasible,w4260_previous_a17,,False
4260,previous,1830,6090,profile_0020,piecewise,0.53,-6.391304347826128,-6.391304347826313,energy_or_commitment_infeasible,w4260_previous_a18,,False
4260,previous,1830,6090,profile_0021,high_frequency,0.75,-48.999999999999915,-49.000000000000085,replayed_feasible,w4260_previous_a8,w4260_previous_a8,True
4260,previous,1830,6090,profile_0022,low_frequency,0.47,5.409599999999983,5.409599999999826,energy_or_commitment_infeasible,w4260_previous_a19,,False
4260,previous,1830,6090,profile_0023,piecewise,0.9,-48.99999999999995,-49.00000000000006,replayed_feasible,w4260_previous_a20,w4260_previous_a20,False
4260,previous,1830,6090,profile_0024,high_frequency,0.39,19.835199999999976,19.83519999999982,energy_or_commitment_infeasible,w4260_previous_a21,,False
4260,previous,1830,6090,profile_0025,low_frequency,0.31,34.260799999999975,34.26079999999982,energy_or_commitment_infeasible,w4260_previous_a22,,False
4260,previous,1830,6090,profile_0026,piecewise,0.4,18.031999999999968,18.03199999999981,energy_or_commitment_infeasible,w4260_previous_a23,,False
4260,previous,1830,6090,profile_0027,high_frequency,0.5713561544405182,-15.201963337327824,-15.201963337328008,energy_or_commitment_infeasible,w4260_previous_a24,,False
4260,previous,1830,6090,profile_0028,low_frequency,0.66,-34.086956521739175,-34.08695652173936,replayed_feasible,w4260_previous_a25,w4260_previous_a25,False
4260,previous,1830,6090,profile_0029,piecewise,0.57,-14.913043478260883,-14.913043478261068,energy_or_commitment_infeasible,w4260_previous_a26,,False
4260,previous,1830,6090,profile_0030,high_frequency,0.44,10.819199999999979,10.819199999999823,energy_or_commitment_infeasible,w4260_previous_a27,,False
4260,previous,1830,6090,profile_0031,low_frequency,0.37,23.44159999999998,23.44159999999982,energy_or_commitment_infeasible,w4260_previous_a28,,False
4260,previous,1830,6090,profile_0032,piecewise,0.15,49.00000000000006,48.999999999999936,energy_or_commitment_infeasible,w4260_previous_a2,,True
4260,previous,1830,6090,profile_0033,high_frequency,0.26432192277974087,42.4974708843571,42.49747088435694,energy_or_commitment_infeasible,w4260_previous_a29,,False
4260,previous,1830,6090,profile_0034,low_frequency,0.47,5.409599999999983,5.409599999999826,energy_or_commitment_infeasible,w4260_previous_a19,,True
4260,previous,1830,6090,profile_0035,piecewise,0.89,-48.99999999999995,-49.00000000000006,replayed_feasible,w4260_previous_a20,w4260_previous_a20,True
4260,previous,1830,6090,profile_0036,high_frequency,0.61,-23.434782608695684,-23.43478260869587,energy_or_commitment_infeasible,w4260_previous_a30,,False
4260,previous,1830,6090,profile_0037,low_frequency,0.6756780772202592,-37.42706862518567,-37.42706862518585,replayed_feasible,w4260_previous_a31,w4260_previous_a31,False
4260,previous,1830,6090,profile_0038,piecewise,0.72,-46.86956521739134,-46.869565217391525,replayed_feasible,w4260_previous_a32,w4260_previous_a32,False
4260,previous,1830,6090,profile_0039,high_frequency,0.43567807722025914,11.59852911564284,11.598529115642684,energy_or_commitment_infeasible,w4260_previous_a33,,False
4260,previous,1830,6090,profile_0040,low_frequency,0.56,-12.78260869565221,-12.782608695652396,energy_or_commitment_infeasible,w4260_previous_a34,,False
4260,previous,1830,6090,profile_0041,piecewise,0.69,-40.478260869565226,-40.47826086956541,replayed_feasible,w4260_previous_a35,w4260_previous_a35,False
4260,previous,1830,6090,profile_0042,high_frequency,0.5886438455594817,-18.88499318441135,-18.884993184411538,energy_or_commitment_infeasible,w4260_previous_a36,,False
4260,previous,1830,6090,profile_0043,low_frequency,0.17,49.000000000000064,48.999999999999936,energy_or_commitment_infeasible,w4260_previous_a37,,False
4260,previous,1830,6090,profile_0044,piecewise,0.33,30.65439999999997,30.65439999999981,energy_or_commitment_infeasible,w4260_previous_a38,,False
4260,previous,1830,6090,profile_0045,high_frequency,0.3570342316607774,25.77958734692859,25.779587346928434,energy_or_commitment_infeasible,w4260_previous_a39,,False
4260,previous,1830,6090,profile_0046,low_frequency,0.71,-44.73913043478263,-44.73913043478282,replayed_feasible,w4260_previous_a40,w4260_previous_a40,False
4260,previous,1830,6090,profile_0047,piecewise,0.31,34.260799999999975,34.26079999999982,energy_or_commitment_infeasible,w4260_previous_a22,,True
4260,previous,1830,6090,profile_0048,high_frequency,0.3343219227797409,29.875070884357093,29.875070884356937,energy_or_commitment_infeasible,w4260_previous_a41,,False
4260,previous,1830,6090,profile_0049,low_frequency,0.73,-48.99999999999991,-49.00000000000009,replayed_feasible,w4260_previous_a42,w4260_previous_a42,False
4260,previous,1830,6090,profile_0050,piecewise,0.75,-48.999999999999915,-49.000000000000085,replayed_feasible,w4260_previous_a8,w4260_previous_a8,True
4260,previous,1830,6090,profile_0051,high_frequency,0.45,9.015999999999972,9.015999999999815,energy_or_commitment_infeasible,w4260_previous_a5,,True
4260,previous,1830,6090,profile_0052,low_frequency,0.83,-48.99999999999994,-49.00000000000007,replayed_feasible,w4260_previous_a43,w4260_previous_a43,False
4260,previous,1830,6090,profile_0053,piecewise,0.61,-23.434782608695684,-23.43478260869587,energy_or_commitment_infeasible,w4260_previous_a30,,True
4260,previous,1830,6090,profile_0054,high_frequency,0.28,39.67039999999997,39.670399999999816,energy_or_commitment_infeasible,w4260_previous_a44,,False
4260,previous,1830,6090,profile_0055,low_frequency,0.38,21.638399999999972,21.638399999999816,energy_or_commitment_infeasible,w4260_previous_a45,,False
4260,previous,1830,6090,profile_0056,piecewise,0.19,49.00000000000007,48.99999999999993,energy_or_commitment_infeasible,w4260_previous_a46,,False
4260,previous,1830,6090,profile_0057,high_frequency,0.46,7.212799999999964,7.212799999999807,energy_or_commitment_infeasible,w4260_previous_a47,,False
4260,previous,1830,6090,profile_0058,low_frequency,0.39,19.835199999999976,19.83519999999982,energy_or_commitment_infeasible,w4260_previous_a21,,True
4260,previous,1830,6090,profile_0059,piecewise,0.68,-38.34782608695655,-38.347826086956736,replayed_feasible,w4260_previous_a48,w4260_previous_a48,False
4260,previous,1830,6090,profile_0060,high_frequency,0.64,-29.826086956521767,-29.82608695652195,replayed_feasible,w4260_previous_a11,w4260_previous_a11,True
4260,previous,1830,6090,profile_0061,low_frequency,0.21,49.00000000000007,48.99999999999993,energy_or_commitment_infeasible,w4260_previous_a46,,True
4260,previous,1830,6090,profile_0062,piecewise,0.11,49.00000000000005,48.99999999999994,energy_or_commitment_infeasible,w4260_previous_a49,,False
4260,previous,1830,6090,profile_0063,high_frequency,0.5056780772202591,-1.209677320837853,-1.2096773208380385,energy_or_commitment_infeasible,w4260_previous_a50,,False
4320,previous,1770,6090,profile_0000,constant,0.05,49.00000000000005,48.99999999999996,energy_or_commitment_infeasible,w4320_previous_a1,,False
4320,previous,1770,6090,profile_0001,constant,0.15,49.00000000000006,48.999999999999936,energy_or_commitment_infeasible,w4320_previous_a2,,False
4320,previous,1770,6090,profile_0002,constant,0.25,45.07999999999998,45.07999999999982,energy_or_commitment_infeasible,w4320_previous_a3,,False
4320,previous,1770,6090,profile_0003,constant,0.35,27.04799999999998,27.047999999999824,energy_or_commitment_infeasible,w4320_previous_a4,,False
4320,previous,1770,6090,profile_0004,constant,0.45,9.015999999999972,9.015999999999815,energy_or_commitment_infeasible,w4320_previous_a5,,False
4320,previous,1770,6090,profile_0005,constant,0.55,-10.652173913043521,-10.652173913043706,energy_or_commitment_infeasible,w4320_previous_a6,,False
4320,previous,1770,6090,profile_0006,constant,0.65,-31.95652173913047,-31.956521739130658,replayed_feasible,w4320_previous_a7,w4320_previous_a7,False
4320,previous,1770,6090,profile_0007,constant,0.75,-48.999999999999915,-49.000000000000085,replayed_feasible,w4320_previous_a8,w4320_previous_a8,False
4320,previous,1770,6090,profile_0008,constant,0.85,-48.99999999999994,-49.000000000000064,replayed_feasible,w4320_previous_a9,w4320_previous_a9,False
4320,previous,1770,6090,profile_0009,constant,0.95,-48.99999999999995,-49.00000000000005,replayed_feasible,w4320_previous_a10,w4320_previous_a10,False
4320,previous,1770,6090,profile_0010,ramp,0.64,-29.826086956521767,-29.82608695652195,replayed_feasible,w4320_previous_a11,w4320_previous_a11,False
4320,previous,1770,6090,profile_0011,ramp,0.36,25.244799999999973,25.244799999999817,energy_or_commitment_infeasible,w4320_previous_a12,,False
4320,previous,1770,6090,profile_0012,ramp,0.59,-19.17391304347829,-19.17391304347848,energy_or_commitment_infeasible,w4320_previous_a13,,False
4320,previous,1770,6090,profile_0013,ramp,0.41,16.228799999999975,16.22879999999982,energy_or_commitment_infeasible,w4320_previous_a14,,False
4320,previous,1770,6090,profile_0014,ramp,0.55,-10.652173913043521,-10.652173913043706,energy_or_commitment_infeasible,w4320_previous_a6,,True
4320,previous,1770,6090,profile_0015,ramp,0.45,9.015999999999972,9.015999999999815,energy_or_commitment_infeasible,w4320_previous_a5,,True
4320,previous,1770,6090,profile_0016,low_frequency,0.36,25.244799999999973,25.244799999999817,energy_or_commitment_infeasible,w4320_previous_a12,,True
4320,previous,1770,6090,profile_0017,piecewise,0.3,36.06399999999998,36.06399999999982,energy_or_commitment_infeasible,w4320_previous_a15,,False
4320,previous,1770,6090,profile_0018,high_frequency,0.62,-25.565217391304373,-25.565217391304557,energy_or_commitment_infeasible,w4320_previous_a16,,False
4320,previous,1770,6090,profile_0019,low_frequency,0.29,37.867199999999976,37.86719999999982,energy_or_commitment_infeasible,w4320_previous_a17,,False
4320,previous,1770,6090,profile_0020,piecewise,0.53,-6.391304347826128,-6.391304347826313,energy_or_commitment_infeasible,w4320_previous_a18,,False
4320,previous,1770,6090,profile_0021,high_frequency,0.75,-48.999999999999915,-49.000000000000085,replayed_feasible,w4320_previous_a8,w4320_previous_a8,True
4320,previous,1770,6090,profile_0022,low_frequency,0.47,5.409599999999983,5.409599999999826,energy_or_commitment_infeasible,w4320_previous_a19,,False
4320,previous,1770,6090,profile_0023,piecewise,0.9,-48.99999999999995,-49.00000000000006,replayed_feasible,w4320_previous_a20,w4320_previous_a20,False
4320,previous,1770,6090,profile_0024,high_frequency,0.39,19.835199999999976,19.83519999999982,energy_or_commitment_infeasible,w4320_previous_a21,,False
4320,previous,1770,6090,profile_0025,low_frequency,0.31,34.260799999999975,34.26079999999982,energy_or_commitment_infeasible,w4320_previous_a22,,False
4320,previous,1770,6090,profile_0026,piecewise,0.4,18.031999999999968,18.03199999999981,energy_or_commitment_infeasible,w4320_previous_a23,,False
4320,previous,1770,6090,profile_0027,high_frequency,0.5713561544405182,-15.201963337327824,-15.201963337328008,energy_or_commitment_infeasible,w4320_previous_a24,,False
4320,previous,1770,6090,profile_0028,low_frequency,0.66,-34.086956521739175,-34.08695652173936,replayed_feasible,w4320_previous_a25,w4320_previous_a25,False
4320,previous,1770,6090,profile_0029,piecewise,0.57,-14.913043478260883,-14.913043478261068,energy_or_commitment_infeasible,w4320_previous_a26,,False
4320,previous,1770,6090,profile_0030,high_frequency,0.44,10.819199999999979,10.819199999999823,energy_or_commitment_infeasible,w4320_previous_a27,,False
4320,previous,1770,6090,profile_0031,low_frequency,0.37,23.44159999999998,23.44159999999982,energy_or_commitment_infeasible,w4320_previous_a28,,False
4320,previous,1770,6090,profile_0032,piecewise,0.15,49.00000000000006,48.999999999999936,energy_or_commitment_infeasible,w4320_previous_a2,,True
4320,previous,1770,6090,profile_0033,high_frequency,0.26432192277974087,42.4974708843571,42.49747088435694,energy_or_commitment_infeasible,w4320_previous_a29,,False
4320,previous,1770,6090,profile_0034,low_frequency,0.47,5.409599999999983,5.409599999999826,energy_or_commitment_infeasible,w4320_previous_a19,,True
4320,previous,1770,6090,profile_0035,piecewise,0.89,-48.99999999999995,-49.00000000000006,replayed_feasible,w4320_previous_a20,w4320_previous_a20,True
4320,previous,1770,6090,profile_0036,high_frequency,0.61,-23.434782608695684,-23.43478260869587,energy_or_commitment_infeasible,w4320_previous_a30,,False
4320,previous,1770,6090,profile_0037,low_frequency,0.6756780772202592,-37.42706862518567,-37.42706862518585,replayed_feasible,w4320_previous_a31,w4320_previous_a31,False
4320,previous,1770,6090,profile_0038,piecewise,0.72,-46.86956521739134,-46.869565217391525,replayed_feasible,w4320_previous_a32,w4320_previous_a32,False
4320,previous,1770,6090,profile_0039,high_frequency,0.43567807722025914,11.59852911564284,11.598529115642684,energy_or_commitment_infeasible,w4320_previous_a33,,False
4320,previous,1770,6090,profile_0040,low_frequency,0.56,-12.78260869565221,-12.782608695652396,energy_or_commitment_infeasible,w4320_previous_a34,,False
4320,previous,1770,6090,profile_0041,piecewise,0.69,-40.478260869565226,-40.47826086956541,replayed_feasible,w4320_previous_a35,w4320_previous_a35,False
4320,previous,1770,6090,profile_0042,high_frequency,0.5886438455594817,-18.88499318441135,-18.884993184411538,energy_or_commitment_infeasible,w4320_previous_a36,,False
4320,previous,1770,6090,profile_0043,low_frequency,0.17,49.000000000000064,48.999999999999936,energy_or_commitment_infeasible,w4320_previous_a37,,False
4320,previous,1770,6090,profile_0044,piecewise,0.33,30.65439999999997,30.65439999999981,energy_or_commitment_infeasible,w4320_previous_a38,,False
4320,previous,1770,6090,profile_0045,high_frequency,0.3570342316607774,25.77958734692859,25.779587346928434,energy_or_commitment_infeasible,w4320_previous_a39,,False
4320,previous,1770,6090,profile_0046,low_frequency,0.71,-44.73913043478263,-44.73913043478282,replayed_feasible,w4320_previous_a40,w4320_previous_a40,False
4320,previous,1770,6090,profile_0047,piecewise,0.31,34.260799999999975,34.26079999999982,energy_or_commitment_infeasible,w4320_previous_a22,,True
4320,previous,1770,6090,profile_0048,high_frequency,0.3343219227797409,29.875070884357093,29.875070884356937,energy_or_commitment_infeasible,w4320_previous_a41,,False
4320,previous,1770,6090,profile_0049,low_frequency,0.73,-48.99999999999991,-49.00000000000009,replayed_feasible,w4320_previous_a42,w4320_previous_a42,False
4320,previous,1770,6090,profile_0050,piecewise,0.75,-48.999999999999915,-49.000000000000085,replayed_feasible,w4320_previous_a8,w4320_previous_a8,True
4320,previous,1770,6090,profile_0051,high_frequency,0.45,9.015999999999972,9.015999999999815,energy_or_commitment_infeasible,w4320_previous_a5,,True
4320,previous,1770,6090,profile_0052,low_frequency,0.83,-48.99999999999994,-49.00000000000007,replayed_feasible,w4320_previous_a43,w4320_previous_a43,False
4320,previous,1770,6090,profile_0053,piecewise,0.61,-23.434782608695684,-23.43478260869587,energy_or_commitment_infeasible,w4320_previous_a30,,True
4320,previous,1770,6090,profile_0054,high_frequency,0.28,39.67039999999997,39.670399999999816,energy_or_commitment_infeasible,w4320_previous_a44,,False
4320,previous,1770,6090,profile_0055,low_frequency,0.38,21.638399999999972,21.638399999999816,energy_or_commitment_infeasible,w4320_previous_a45,,False
4320,previous,1770,6090,profile_0056,piecewise,0.19,49.00000000000007,48.99999999999993,energy_or_commitment_infeasible,w4320_previous_a46,,False
4320,previous,1770,6090,profile_0057,high_frequency,0.46,7.212799999999964,7.212799999999807,energy_or_commitment_infeasible,w4320_previous_a47,,False
4320,previous,1770,6090,profile_0058,low_frequency,0.39,19.835199999999976,19.83519999999982,energy_or_commitment_infeasible,w4320_previous_a21,,True
4320,previous,1770,6090,profile_0059,piecewise,0.68,-38.34782608695655,-38.347826086956736,replayed_feasible,w4320_previous_a48,w4320_previous_a48,False
4320,previous,1770,6090,profile_0060,high_frequency,0.64,-29.826086956521767,-29.82608695652195,replayed_feasible,w4320_previous_a11,w4320_previous_a11,True
4320,previous,1770,6090,profile_0061,low_frequency,0.21,49.00000000000007,48.99999999999993,energy_or_commitment_infeasible,w4320_previous_a46,,True
4320,previous,1770,6090,profile_0062,piecewise,0.11,49.00000000000005,48.99999999999994,energy_or_commitment_infeasible,w4320_previous_a49,,False
4320,previous,1770,6090,profile_0063,high_frequency,0.5056780772202591,-1.209677320837853,-1.2096773208380385,energy_or_commitment_infeasible,w4320_previous_a50,,False
