profile_id,family,node_index,t,h
profile_0000,constant,0,0.00390625,0.05
profile_0000,constant,1,0.01171875,0.05
profile_0000,constant,2,0.01953125,0.05
profile_0000,constant,3,0.02734375,0.05
profile_0000,constant,4,0.03515625,0.05
profile_0000,constant,5,0.04296875,0.05
profile_0000,constant,6,0.05078125,0.05
profile_0000,constant,7,0.05859375,0.05
profile_0000,constant,8,0.06640625,0.05
profile_0000,constant,9,0.07421875,0.05
profile_0000,constant,10,0.08203125,0.05
profile_0000,constant,11,0.08984375,0.05
profile_0000,constant,12,0.09765625,0.05
profile_0000,constant,13,0.10546875,0.05
profile_0000,constant,14,0.11328125,0.05
profile_0000,constant,15,0.12109375,0.05
profile_0000,constant,16,0.12890625,0.05
profile_0000,constant,17,0.13671875,0.05
profile_0000,constant,18,0.14453125,0.05
profile_0000,constant,19,0.15234375,0.05
profile_0000,constant,20,0.16015625,0.05
profile_0000,constant,21,0.16796875,0.05
profile_0000,constant,22,0.17578125,0.05
profile_0000,constant,23,0.18359375,0.05
profile_0000,constant,24,0.19140625,0.05
profile_0000,constant,25,0.19921875,0.05
profile_0000,constant,26,0.20703125,0.05
profile_0000,constant,27,0.21484375,0.05
profile_0000,constant,28,0.22265625,0.05
profile_0000,constant,29,0.23046875,0.05
profile_0000,constant,30,0.23828125,0.05
profile_0000,constant,31,0.24609375,0.05
profile_0000,constant,32,0.25390625,0.05
profile_0000,constant,33,0.26171875,0.05
profile_0000,constant,34,0.26953125,0.05
profile_0000,constant,35,0.27734375,0.05
profile_0000,constant,36,0.28515625,0.05
profile_0000,constant,37,0.29296875,0.05
profile_0000,constant,38,0.30078125,0.05
profile_0000,constant,39,0.30859375,0.05
profile_0000,constant,40,0.31640625,0.05
profile_0000,constant,41,0.32421875,0.05
profile_0000,constant,42,0.33203125,0.05
profile_0000,constant,43,0.33984375,0.05
profile_0000,constant,44,0.34765625,0.05
profile_0000,constant,45,0.35546875,0.05
profile_0000,constant,46,0.36328125,0.05
profile_0000,constant,47,0.37109375,0.05
profile_0000,constant,48,0.37890625,0.05
profile_0000,constant,49,0.38671875,0.05
profile_0000,constant,50,0.39453125,0.05
profile_0000,constant,51,0.40234375,0.05
profile_0000,constant,52,0.41015625,0.05
profile_0000,constant,53,0.41796875,0.05
profile_0000,constant,54,0.42578125,0.05
profile_0000,constant,55,0.43359375,0.05
profile_0000,constant,56,0.44140625,0.05
profile_0000,constant,57,0.44921875,0.05
profile_0000,constant,58,0.45703125,0.05
profile_0000,constant,59,0.46484375,0.05
profile_0000,constant,60,0.47265625,0.05
profile_0000,constant,61,0.48046875,0.05
profile_0000,constant,62,0.48828125,0.05
profile_0000,constant,63,0.49609375,0.05
profile_0000,constant,64,0.50390625,0.05
profile_0000,constant,65,0.51171875,0.05
profile_0000,constant,66,0.51953125,0.05
profile_0000,constant,67,0.52734375,0.05
profile_0000,constant,68,0.53515625,0.05
profile_0000,constant,69,0.54296875,0.05
profile_0000,constant,70,0.55078125,0.05
profile_0000,constant,71,0.55859375,0.05
profile_0000,constant,72,0.56640625,0.05
profile_0000,constant,73,0.57421875,0.05
profile_0000,constant,74,0.58203125,0.05
profile_0000,constant,75,0.58984375,0.05
profile_0000,constant,76,0.59765625,0.05
profile_0000,constant,77,0.60546875,0.05
profile_0000,constant,78,0.61328125,0.05
profile_0000,constant,79,0.62109375,0.05
profile_0000,constant,80,0.62890625,0.05
profile_0000,constant,81,0.63671875,0.05
profile_0000,constant,82,0.64453125,0.05
profile_0000,constant,83,0.65234375,0.05
profile_0000,constant,84,0.66015625,0.05
profile_0000,constant,85,0.66796875,0.05
profile_0000,constant,86,0.67578125,0.05
profile_0000,constant,87,0.68359375,0.05
profile_0000,constant,88,0.69140625,0.05
profile_0000,constant,89,0.69921875,0.05
profile_0000,constant,90,0.70703125,0.05
profile_0000,constant,91,0.71484375,0.05
profile_0000,constant,92,0.72265625,0.05
profile_0000,constant,93,0.73046875,0.05
profile_0000,constant,94,0.73828125,0.05
profile_0000,constant,95,0.74609375,0.05
profile_0000,constant,96,0.75390625,0.05
profile_0000,constant,97,0.76171875,0.05
profile_0000,constant,98,0.76953125,0.05
profile_0000,constant,99,0.77734375,0.05
profile_0000,constant,100,0.78515625,0.05
profile_0000,constant,101,0.79296875,0.05
profile_0000,constant,102,0.80078125,0.05
profile_0000,constant,103,0.80859375,0.05
profile_0000,constant,104,0.81640625,0.05
profile_0000,constant,105,0.82421875,0.05
profile_0000,constant,106,0.83203125,0.05
profile_0000,constant,107,0.83984375,0.05
profile_0000,constant,108,0.84765625,0.05
profile_0000,constant,109,0.85546875,0.05
profile_0000,constant,110,0.86328125,0.05
profile_0000,constant,111,0.87109375,0.05
profile_0000,constant,112,0.87890625,0.05
profile_0000,constant,113,0.88671875,0.05
profile_0000,constant,114,0.89453125,0.05
profile_0000,constant,115,0.90234375,0.05
profile_0000,constant,116,0.91015625,0.05
profile_0000,constant,117,0.91796875,0.05
profile_0000,constant,118,0.92578125,0.05
profile_0000,constant,119,0.93359375,0.05
profile_0000,constant,120,0.94140625,0.05
profile_0000,constant,121,0.94921875,0.05
profile_0000,constant,122,0.95703125,0.05
profile_0000,constant,123,0.96484375,0.05
profile_0000,constant,124,0.97265625,0.05
profile_0000,constant,125,0.98046875,0.05
profile_0000,constant,126,0.98828125,0.05
profile_0000,constant,127,0.99609375,0.05
profile_0001,constant,0,0.00390625,0.15
profile_0001,constant,1,0.01171875,0.15
profile_0001,constant,2,0.01953125,0.15
profile_0001,constant,3,0.02734375,0.15
profile_0001,constant,4,0.03515625,0.15
profile_0001,constant,5,0.04296875,0.15
profile_0001,constant,6,0.05078125,0.15
profile_0001,constant,7,0.05859375,0.15
profile_0001,constant,8,0.06640625,0.15
profile_0001,constant,9,0.07421875,0.15
profile_0001,constant,10,0.08203125,0.15
profile_0001,constant,11,0.08984375,0.15
profile_0001,constant,12,0.09765625,0.15
profile_0001,constant,13,0.10546875,0.15
profile_0001,constant,14,0.11328125,0.15
profile_0001,constant,15,0.12109375,0.15
profile_0001,constant,16,0.12890625,0.15
profile_0001,constant,17,0.13671875,0.15
profile_0001,constant,18,0.14453125,0.15
profile_0001,constant,19,0.15234375,0.15
profile_0001,constant,20,0.16015625,0.15
profile_0001,constant,21,0.16796875,0.15
profile_0001,constant,22,0.17578125,0.15
profile_0001,constant,23,0.18359375,0.15
profile_0001,constant,24,0.19140625,0.15
profile_0001,constant,25,0.19921875,0.15
profile_0001,constant,26,0.20703125,0.15
profile_0001,constant,27,0.21484375,0.15
profile_0001,constant,28,0.22265625,0.15
profile_0001,constant,29,0.23046875,0.15
profile_0001,constant,30,0.23828125,0.15
profile_0001,constant,31,0.24609375,0.15
profile_0001,constant,32,0.25390625,0.15
profile_0001,constant,33,0.26171875,0.15
profile_0001,constant,34,0.26953125,0.15
profile_0001,constant,35,0.27734375,0.15
profile_0001,constant,36,0.28515625,0.15
profile_0001,constant,37,0.29296875,0.15
profile_0001,constant,38,0.30078125,0.15
profile_0001,constant,39,0.30859375,0.15
profile_0001,constant,40,0.31640625,0.15
profile_0001,constant,41,0.32421875,0.15
profile_0001,constant,42,0.33203125,0.15
profile_0001,constant,43,0.33984375,0.15
profile_0001,constant,44,0.34765625,0.15
profile_0001,constant,45,0.35546875,0.15
profile_0001,constant,46,0.36328125,0.15
profile_0001,constant,47,0.37109375,0.15
profile_0001,constant,48,0.37890625,0.15
profile_0001,constant,49,0.38671875,0.15
profile_0001,constant,50,0.39453125,0.15
profile_0001,constant,51,0.40234375,0.15
profile_0001,constant,52,0.41015625,0.15
profile_0001,constant,53,0.41796875,0.15
profile_0001,constant,54,0.42578125,0.15
profile_0001,constant,55,0.43359375,0.15
profile_0001,constant,56,0.44140625,0.15
profile_0001,constant,57,0.44921875,0.15
profile_0001,constant,58,0.45703125,0.15
profile_0001,constant,59,0.46484375,0.15
profile_0001,constant,60,0.47265625,0.15
profile_0001,constant,61,0.48046875,0.15
profile_0001,constant,62,0.48828125,0.15
profile_0001,constant,63,0.49609375,0.15
profile_0001,constant,64,0.50390625,0.15
profile_0001,constant,65,0.51171875,0.15
profile_0001,constant,66,0.51953125,0.15
profile_0001,constant,67,0.52734375,0.15
profile_0001,constant,68,0.53515625,0.15
profile_0001,constant,69,0.54296875,0.15
profile_0001,constant,70,0.55078125,0.15
profile_0001,constant,71,0.55859375,0.15
profile_0001,constant,72,0.56640625,0.15
profile_0001,constant,73,0.57421875,0.15
profile_0001,constant,74,0.58203125,0.15
profile_0001,constant,75,0.58984375,0.15
profile_0001,constant,76,0.59765625,0.15
profile_0001,constant,77,0.60546875,0.15
profile_0001,constant,78,0.61328125,0.15
profile_0001,constant,79,0.62109375,0.15
profile_0001,constant,80,0.62890625,0.15
profile_0001,constant,81,0.63671875,0.15
profile_0001,constant,82,0.64453125,0.15
profile_0001,constant,83,0.65234375,0.15
profile_0001,constant,84,0.66015625,0.15
profile_0001,constant,85,0.66796875,0.15
profile_0001,constant,86,0.67578125,0.15
profile_0001,constant,87,0.68359375,0.15
profile_0001,constant,88,0.69140625,0.15
profile_0001,constant,89,0.69921875,0.15
profile_0001,constant,90,0.70703125,0.15
profile_0001,constant,91,0.71484375,0.15
profile_0001,constant,92,0.72265625,0.15
profile_0001,constant,93,0.73046875,0.15
profile_0001,constant,94,0.73828125,0.15
profile_0001,constant,95,0.74609375,0.15
profile_0001,constant,96,0.75390625,0.15
profile_0001,constant,97,0.76171875,0.15
profile_0001,constant,98,0.76953125,0.15
profile_0001,constant,99,0.77734375,0.15
profile_0001,constant,100,0.78515625,0.15
profile_0001,constant,101,0.79296875,0.15
profile_0001,constant,102,0.80078125,0.15
profile_0001,constant,103,0.80859375,0.15
profile_0001,constant,104,0.81640625,0.15
profile_0001,constant,105,0.82421875,0.15
profile_0001,constant,106,0.83203125,0.15
profile_0001,constant,107,0.83984375,0.15
profile_0001,constant,108,0.84765625,0.15
profile_0001,constant,109,0.85546875,0.15
profile_0001,constant,110,0.86328125,0.15
profile_0001,constant,111,0.87109375,0.15
profile_0001,constant,112,0.87890625,0.15
profile_0001,constant,113,0.88671875,0.15
profile_0001,constant,114,0.89453125,0.15
profile_0001,constant,115,0.90234375,0.15
profile_0001,constant,116,0.91015625,0.15
profile_0001,constant,117,0.91796875,0.15
profile_0001,constant,118,0.92578125,0.15
profile_0001,constant,119,0.93359375,0.15
profile_0001,constant,120,0.94140625,0.15
profile_0001,constant,121,0.94921875,0.15
profile_0001,constant,122,0.95703125,0.15
profile_0001,constant,123,0.96484375,0.15
profile_0001,constant,124,0.97265625,0.15
profile_0001,constant,125,0.98046875,0.15
profile_0001,constant,126,0.98828125,0.15
profile_0001,constant,127,0.99609375,0.15
profile_0002,constant,0,0.00390625,0.25
profile_0002,constant,1,0.01171875,0.25
profile_0002,constant,2,0.01953125,0.25
profile_0002,constant,3,0.02734375,0.25
profile_0002,constant,4,0.03515625,0.25
profile_0002,constant,5,0.04296875,0.25
profile_0002,constant,6,0.05078125,0.25
profile_0002,constant,7,0.05859375,0.25
profile_0002,constant,8,0.06640625,0.25
profile_0002,constant,9,0.07421875,0.25
profile_0002,constant,10,0.08203125,0.25
profile_0002,constant,11,0.08984375,0.25
profile_0002,constant,12,0.09765625,0.25
profile_0002,constant,13,0.10546875,0.25
profile_0002,constant,14,0.11328125,0.25
profile_0002,constant,15,0.12109375,0.25
profile_0002,constant,16,0.12890625,0.25
profile_0002,constant,17,0.13671875,0.25
profile_0002,constant,18,0.14453125,0.25
profile_0002,constant,19,0.15234375,0.25
profile_0002,constant,20,0.16015625,0.25
profile_0002,constant,21,0.16796875,0.25
profile_0002,constant,22,0.17578125,0.25
profile_0002,constant,23,0.18359375,0.25
profile_0002,constant,24,0.19140625,0.25
profile_0002,constant,25,0.19921875,0.25
profile_0002,constant,26,0.20703125,0.25
profile_0002,constant,27,0.21484375,0.25
profile_0002,constant,28,0.22265625,0.25
profile_0002,constant,29,0.23046875,0.25
profile_0002,constant,30,0.23828125,0.25
profile_0002,constant,31,0.24609375,0.25
profile_0002,constant,32,0.25390625,0.25
profile_0002,constant,33,0.26171875,0.25
profile_0002,constant,34,0.26953125,0.25
profile_0002,constant,35,0.27734375,0.25
profile_0002,constant,36,0.28515625,0.25
profile_0002,constant,37,0.29296875,0.25
profile_0002,constant,38,0.30078125,0.25
profile_0002,constant,39,0.30859375,0.25
profile_0002,constant,40,0.31640625,0.25
profile_0002,constant,41,0.32421875,0.25
profile_0002,constant,42,0.33203125,0.25
profile_0002,constant,43,0.33984375,0.25
profile_0002,constant,44,0.34765625,0.25
profile_0002,constant,45,0.35546875,0.25
profile_0002,constant,46,0.36328125,0.25
profile_0002,constant,47,0.37109375,0.25
profile_0002,constant,48,0.37890625,0.25
profile_0002,constant,49,0.38671875,0.25
profile_0002,constant,50,0.39453125,0.25
profile_0002,constant,51,0.40234375,0.25
profile_0002,constant,52,0.41015625,0.25
profile_0002,constant,53,0.41796875,0.25
profile_0002,constant,54,0.42578125,0.25
profile_0002,constant,55,0.43359375,0.25
profile_0002,constant,56,0.44140625,0.25
profile_0002,constant,57,0.44921875,0.25
profile_0002,constant,58,0.45703125,0.25
profile_0002,constant,59,0.46484375,0.25
profile_0002,constant,60,0.47265625,0.25
profile_0002,constant,61,0.48046875,0.25
profile_0002,constant,62,0.48828125,0.25
profile_0002,constant,63,0.49609375,0.25
profile_0002,constant,64,0.50390625,0.25
profile_0002,constant,65,0.51171875,0.25
profile_0002,constant,66,0.51953125,0.25
profile_0002,constant,67,0.52734375,0.25
profile_0002,constant,68,0.53515625,0.25
profile_0002,constant,69,0.54296875,0.25
profile_0002,constant,70,0.55078125,0.25
profile_0002,constant,71,0.55859375,0.25
profile_0002,constant,72,0.56640625,0.25
profile_0002,constant,73,0.57421875,0.25
profile_0002,constant,74,0.58203125,0.25
profile_0002,constant,75,0.58984375,0.25
profile_0002,constant,76,0.59765625,0.25
profile_0002,constant,77,0.60546875,0.25
profile_0002,constant,78,0.61328125,0.25
profile_0002,constant,79,0.62109375,0.25
profile_0002,constant,80,0.62890625,0.25
profile_0002,constant,81,0.63671875,0.25
profile_0002,constant,82,0.64453125,0.25
profile_0002,constant,83,0.65234375,0.25
profile_0002,constant,84,0.66015625,0.25
profile_0002,constant,85,0.66796875,0.25
profile_0002,constant,86,0.67578125,0.25
profile_0002,constant,87,0.68359375,0.25
profile_0002,constant,88,0.69140625,0.25
profile_0002,constant,89,0.69921875,0.25
profile_0002,constant,90,0.70703125,0.25
profile_0002,constant,91,0.71484375,0.25
profile_0002,constant,92,0.72265625,0.25
profile_0002,constant,93,0.73046875,0.25
profile_0002,constant,94,0.73828125,0.25
profile_0002,constant,95,0.74609375,0.25
profile_0002,constant,96,0.75390625,0.25
profile_0002,constant,97,0.76171875,0.25
profile_0002,constant,98,0.76953125,0.25
profile_0002,constant,99,0.77734375,0.25
profile_0002,constant,100,0.78515625,0.25
profile_0002,constant,101,0.79296875,0.25
profile_0002,constant,102,0.80078125,0.25
profile_0002,constant,103,0.80859375,0.25
profile_0002,constant,104,0.81640625,0.25
profile_0002,constant,105,0.82421875,0.25
profile_0002,constant,106,0.83203125,0.25
profile_0002,constant,107,0.83984375,0.25
profile_0002,constant,108,0.84765625,0.25
profile_0002,constant,109,0.85546875,0.25
profile_0002,constant,110,0.86328125,0.25
profile_0002,constant,111,0.87109375,0.25
profile_0002,constant,112,0.87890625,0.25
profile_0002,constant,113,0.88671875,0.25
profile_0002,constant,114,0.89453125,0.25
profile_0002,constant,115,0.90234375,0.25
profile_0002,constant,116,0.91015625,0.25
profile_0002,constant,117,0.91796875,0.25
profile_0002,constant,118,0.92578125,0.25
profile_0002,constant,119,0.93359375,0.25
profile_0002,constant,120,0.94140625,0.25
profile_0002,constant,121,0.94921875,0.25
profile_0002,constant,122,0.95703125,0.25
profile_0002,constant,123,0.96484375,0.25
profile_0002,constant,124,0.97265625,0.25
profile_0002,constant,125,0.98046875,0.25
profile_0002,constant,126,0.98828125,0.25
profile_0002,constant,127,0.99609375,0.25
profile_0003,constant,0,0.00390625,0.35
profile_0003,constant,1,0.01171875,0.35
profile_0003,constant,2,0.01953125,0.35
profile_0003,constant,3,0.02734375,0.35
profile_0003,constant,4,0.03515625,0.35
profile_0003,constant,5,0.04296875,0.35
profile_0003,constant,6,0.05078125,0.35
profile_0003,constant,7,0.05859375,0.35
profile_0003,constant,8,0.06640625,0.35
profile_0003,constant,9,0.07421875,0.35
profile_0003,constant,10,0.08203125,0.35
profile_0003,constant,11,0.08984375,0.35
profile_0003,constant,12,0.09765625,0.35
profile_0003,constant,13,0.10546875,0.35
profile_0003,constant,14,0.11328125,0.35
profile_0003,constant,15,0.12109375,0.35
profile_0003,constant,16,0.12890625,0.35
profile_0003,constant,17,0.13671875,0.35
profile_0003,constant,18,0.14453125,0.35
profile_0003,constant,19,0.15234375,0.35
profile_0003,constant,20,0.16015625,0.35
profile_0003,constant,21,0.16796875,0.35
profile_0003,constant,22,0.17578125,0.35
profile_0003,constant,23,0.18359375,0.35
profile_0003,constant,24,0.19140625,0.35
profile_0003,constant,25,0.19921875,0.35
profile_0003,constant,26,0.20703125,0.35
profile_0003,constant,27,0.21484375,0.35
profile_0003,constant,28,0.22265625,0.35
profile_0003,constant,29,0.23046875,0.35
profile_0003,constant,30,0.23828125,0.35
profile_0003,constant,31,0.24609375,0.35
profile_0003,constant,32,0.25390625,0.35
profile_0003,constant,33,0.26171875,0.35
profile_0003,constant,34,0.26953125,0.35
profile_0003,constant,35,0.27734375,0.35
profile_0003,constant,36,0.28515625,0.35
profile_0003,constant,37,0.29296875,0.35
profile_0003,constant,38,0.30078125,0.35
profile_0003,constant,39,0.30859375,0.35
profile_0003,constant,40,0.31640625,0.35
profile_0003,constant,41,0.32421875,0.35
profile_0003,constant,42,0.33203125,0.35
profile_0003,constant,43,0.33984375,0.35
profile_0003,constant,44,0.34765625,0.35
profile_0003,constant,45,0.35546875,0.35
profile_0003,constant,46,0.36328125,0.35
profile_0003,constant,47,0.37109375,0.35
profile_0003,constant,48,0.37890625,0.35
profile_0003,constant,49,0.38671875,0.35
profile_0003,constant,50,0.39453125,0.35
profile_0003,constant,51,0.40234375,0.35
profile_0003,constant,52,0.41015625,0.35
profile_0003,constant,53,0.41796875,0.35
profile_0003,constant,54,0.42578125,0.35
profile_0003,constant,55,0.43359375,0.35
profile_0003,constant,56,0.44140625,0.35
profile_0003,constant,57,0.44921875,0.35
profile_0003,constant,58,0.45703125,0.35
profile_0003,constant,59,0.46484375,0.35
profile_0003,constant,60,0.47265625,0.35
profile_0003,constant,61,0.48046875,0.35
profile_0003,constant,62,0.48828125,0.35
profile_0003,constant,63,0.49609375,0.35
profile_0003,constant,64,0.50390625,0.35
profile_0003,constant,65,0.51171875,0.35
profile_0003,constant,66,0.51953125,0.35
profile_0003,constant,67,0.52734375,0.35
profile_0003,constant,68,0.53515625,0.35
profile_0003,constant,69,0.54296875,0.35
profile_0003,constant,70,0.55078125,0.35
profile_0003,constant,71,0.55859375,0.35
profile_0003,constant,72,0.56640625,0.35
profile_0003,constant,73,0.57421875,0.35
profile_0003,constant,74,0.58203125,0.35
profile_0003,constant,75,0.58984375,0.35
profile_0003,constant,76,0.59765625,0.35
profile_0003,constant,77,0.60546875,0.35
profile_0003,constant,78,0.61328125,0.35
profile_0003,constant,79,0.62109375,0.35
profile_0003,constant,80,0.62890625,0.35
profile_0003,constant,81,0.63671875,0.35
profile_0003,constant,82,0.64453125,0.35
profile_0003,constant,83,0.65234375,0.35
profile_0003,constant,84,0.66015625,0.35
profile_0003,constant,85,0.66796875,0.35
profile_0003,constant,86,0.67578125,0.35
profile_0003,constant,87,0.68359375,0.35
profile_0003,constant,88,0.69140625,0.35
profile_0003,constant,89,0.69921875,0.35
profile_0003,constant,90,0.70703125,0.35
profile_0003,constant,91,0.71484375,0.35
profile_0003,constant,92,0.72265625,0.35
profile_0003,constant,93,0.73046875,0.35
profile_0003,constant,94,0.73828125,0.35
profile_0003,constant,95,0.74609375,0.35
profile_0003,constant,96,0.75390625,0.35
profile_0003,constant,97,0.76171875,0.35
profile_0003,constant,98,0.76953125,0.35
profile_0003,constant,99,0.77734375,0.35
profile_0003,constant,100,0.78515625,0.35
profile_0003,constant,101,0.79296875,0.35
profile_0003,constant,102,0.80078125,0.35
profile_0003,constant,103,0.80859375,0.35
profile_0003,constant,104,0.81640625,0.35
profile_0003,constant,105,0.82421875,0.35
profile_0003,constant,106,0.83203125,0.35
profile_0003,constant,107,0.83984375,0.35
profile_0003,constant,108,0.84765625,0.35
profile_0003,constant,109,0.85546875,0.35
profile_0003,constant,110,0.86328125,0.35
profile_0003,constant,111,0.87109375,0.35
profile_0003,constant,112,0.87890625,0.35
profile_0003,constant,113,0.88671875,0.35
profile_0003,constant,114,0.89453125,0.35
profile_0003,constant,115,0.90234375,0.35
profile_0003,constant,116,0.91015625,0.35
profile_0003,constant,117,0.91796875,0.35
profile_0003,constant,118,0.92578125,0.35
profile_0003,constant,119,0.93359375,0.35
profile_0003,constant,120,0.94140625,0.35
profile_0003,constant,121,0.94921875,0.35
profile_0003,constant,122,0.95703125,0.35
profile_0003,constant,123,0.96484375,0.35
profile_0003,constant,124,0.97265625,0.35
profile_0003,constant,125,0.98046875,0.35
profile_0003,constant,126,0.98828125,0.35
profile_0003,constant,127,0.99609375,0.35
profile_0004,constant,0,0.00390625,0.44999999999999996
profile_0004,constant,1,0.01171875,0.44999999999999996
profile_0004,constant,2,0.01953125,0.44999999999999996
profile_0004,constant,3,0.02734375,0.44999999999999996
profile_0004,constant,4,0.03515625,0.44999999999999996
profile_0004,constant,5,0.04296875,0.44999999999999996
profile_0004,constant,6,0.05078125,0.44999999999999996
profile_0004,constant,7,0.05859375,0.44999999999999996
profile_0004,constant,8,0.06640625,0.44999999999999996
profile_0004,constant,9,0.07421875,0.44999999999999996
profile_0004,constant,10,0.08203125,0.44999999999999996
profile_0004,constant,11,0.08984375,0.44999999999999996
profile_0004,constant,12,0.09765625,0.44999999999999996
profile_0004,constant,13,0.10546875,0.44999999999999996
profile_0004,constant,14,0.11328125,0.44999999999999996
profile_0004,constant,15,0.12109375,0.44999999999999996
profile_0004,constant,16,0.12890625,0.44999999999999996
profile_0004,constant,17,0.13671875,0.44999999999999996
profile_0004,constant,18,0.14453125,0.44999999999999996
profile_0004,constant,19,0.15234375,0.44999999999999996
profile_0004,constant,20,0.16015625,0.44999999999999996
profile_0004,constant,21,0.16796875,0.44999999999999996
profile_0004,constant,22,0.17578125,0.44999999999999996
profile_0004,constant,23,0.18359375,0.44999999999999996
profile_0004,constant,24,0.19140625,0.44999999999999996
profile_0004,constant,25,0.19921875,0.44999999999999996
profile_0004,constant,26,0.20703125,0.44999999999999996
profile_0004,constant,27,0.21484375,0.44999999999999996
profile_0004,constant,28,0.22265625,0.44999999999999996
profile_0004,constant,29,0.23046875,0.44999999999999996
profile_0004,constant,30,0.23828125,0.44999999999999996
profile_0004,constant,31,0.24609375,0.44999999999999996
profile_0004,constant,32,0.25390625,0.44999999999999996
profile_0004,constant,33,0.26171875,0.44999999999999996
profile_0004,constant,34,0.26953125,0.44999999999999996
profile_0004,constant,35,0.27734375,0.44999999999999996
profile_0004,constant,36,0.28515625,0.44999999999999996
profile_0004,constant,37,0.29296875,0.44999999999999996
profile_0004,constant,38,0.30078125,0.44999999999999996
profile_0004,constant,39,0.30859375,0.44999999999999996
profile_0004,constant,40,0.31640625,0.44999999999999996
profile_0004,constant,41,0.32421875,0.44999999999999996
profile_0004,constant,42,0.33203125,0.44999999999999996
profile_0004,constant,43,0.33984375,0.44999999999999996
profile_0004,constant,44,0.34765625,0.44999999999999996
profile_0004,constant,45,0.35546875,0.44999999999999996
profile_0004,constant,46,0.36328125,0.44999999999999996
profile_0004,constant,47,0.37109375,0.44999999999999996
profile_0004,constant,48,0.37890625,0.44999999999999996
profile_0004,constant,49,0.38671875,0.44999999999999996
profile_0004,constant,50,0.39453125,0.44999999999999996
profile_0004,constant,51,0.40234375,0.44999999999999996
profile_0004,constant,52,0.41015625,0.44999999999999996
profile_0004,constant,53,0.41796875,0.44999999999999996
profile_0004,constant,54,0.42578125,0.44999999999999996
profile_0004,constant,55,0.43359375,0.44999999999999996
profile_0004,constant,56,0.44140625,0.44999999999999996
profile_0004,constant,57,0.44921875,0.44999999999999996
profile_0004,constant,58,0.45703125,0.44999999999999996
profile_0004,constant,59,0.46484375,0.44999999999999996
profile_0004,constant,60,0.47265625,0.44999999999999996
profile_0004,constant,61,0.48046875,0.44999999999999996
profile_0004,constant,62,0.48828125,0.44999999999999996
profile_0004,constant,63,0.49609375,0.44999999999999996
profile_0004,constant,64,0.50390625,0.44999999999999996
profile_0004,constant,65,0.51171875,0.44999999999999996
profile_0004,constant,66,0.51953125,0.44999999999999996
profile_0004,constant,67,0.52734375,0.44999999999999996
profile_0004,constant,68,0.53515625,0.44999999999999996
profile_0004,constant,69,0.54296875,0.44999999999999996
profile_0004,constant,70,0.55078125,0.44999999999999996
profile_0004,constant,71,0.55859375,0.44999999999999996
profile_0004,constant,72,0.56640625,0.44999999999999996
profile_0004,constant,73,0.57421875,0.44999999999999996
profile_0004,constant,74,0.58203125,0.44999999999999996
profile_0004,constant,75,0.58984375,0.44999999999999996
profile_0004,constant,76,0.59765625,0.44999999999999996
profile_0004,constant,77,0.60546875,0.44999999999999996
profile_0004,constant,78,0.61328125,0.44999999999999996
profile_0004,constant,79,0.62109375,0.44999999999999996
profile_0004,constant,80,0.62890625,0.44999999999999996
profile_0004,constant,81,0.63671875,0.44999999999999996
profile_0004,constant,82,0.64453125,0.44999999999999996
profile_0004,constant,83,0.65234375,0.44999999999999996
profile_0004,constant,84,0.66015625,0.44999999999999996
profile_0004,constant,85,0.66796875,0.44999999999999996
profile_0004,constant,86,0.67578125,0.44999999999999996
profile_0004,constant,87,0.68359375,0.44999999999999996
profile_0004,constant,88,0.69140625,0.44999999999999996
profile_0004,constant,89,0.69921875,0.44999999999999996
profile_0004,constant,90,0.70703125,0.44999999999999996
profile_0004,constant,91,0.71484375,0.44999999999999996
profile_0004,constant,92,0.72265625,0.44999999999999996
profile_0004,constant,93,0.73046875,0.44999999999999996
profile_0004,constant,94,0.73828125,0.44999999999999996
profile_0004,constant,95,0.74609375,0.44999999999999996
profile_0004,constant,96,0.75390625,0.44999999999999996
profile_0004,constant,97,0.76171875,0.44999999999999996
profile_0004,constant,98,0.76953125,0.44999999999999996
profile_0004,constant,99,0.77734375,0.44999999999999996
profile_0004,constant,100,0.78515625,0.44999999999999996
profile_0004,constant,101,0.79296875,0.44999999999999996
profile_0004,constant,102,0.80078125,0.44999999999999996
profile_0004,constant,103,0.80859375,0.44999999999999996
profile_0004,constant,104,0.81640625,0.44999999999999996
profile_0004,constant,105,0.82421875,0.44999999999999996
profile_0004,constant,106,0.83203125,0.44999999999999996
profile_0004,constant,107,0.83984375,0.44999999999999996
profile_0004,constant,108,0.84765625,0.44999999999999996
profile_0004,constant,109,0.85546875,0.44999999999999996
profile_0004,constant,110,0.86328125,0.44999999999999996
profile_0004,constant,111,0.87109375,0.44999999999999996
profile_0004,constant,112,0.87890625,0.44999999999999996
profile_0004,constant,113,0.88671875,0.44999999999999996
profile_0004,constant,114,0.89453125,0.44999999999999996
profile_0004,constant,115,0.90234375,0.44999999999999996
profile_0004,constant,116,0.91015625,0.44999999999999996
profile_0004,constant,117,0.91796875,0.44999999999999996
profile_0004,constant,118,0.92578125,0.44999999999999996
profile_0004,constant,119,0.93359375,0.44999999999999996
profile_0004,constant,120,0.94140625,0.44999999999999996
profile_0004,constant,121,0.94921875,0.44999999999999996
profile_0004,constant,122,0.95703125,0.44999999999999996
profile_0004,constant,123,0.96484375,0.44999999999999996
profile_0004,constant,124,0.97265625,0.44999999999999996
profile_0004,constant,125,0.98046875,0.44999999999999996
profile_0004,constant,126,0.98828125,0.44999999999999996
profile_0004,constant,127,0.99609375,0.44999999999999996
profile_0005,constant,0,0.00390625,0.5499999999999999
profile_0005,constant,1,0.01171875,0.5499999999999999
profile_0005,constant,2,0.01953125,0.5499999999999999
profile_0005,constant,3,0.02734375,0.5499999999999999
profile_0005,constant,4,0.03515625,0.5499999999999999
profile_0005,constant,5,0.04296875,0.5499999999999999
profile_0005,constant,6,0.05078125,0.5499999999999999
profile_0005,constant,7,0.05859375,0.5499999999999999
profile_0005,constant,8,0.06640625,0.5499999999999999
profile_0005,constant,9,0.07421875,0.5499999999999999
profile_0005,constant,10,0.08203125,0.5499999999999999
profile_0005,constant,11,0.08984375,0.5499999999999999
profile_0005,constant,12,0.09765625,0.5499999999999999
profile_0005,constant,13,0.10546875,0.5499999999999999
profile_0005,constant,14,0.11328125,0.5499999999999999
profile_0005,constant,15,0.12109375,0.5499999999999999
profile_0005,constant,16,0.12890625,0.5499999999999999
profile_0005,constant,17,0.13671875,0.5499999999999999
profile_0005,constant,18,0.14453125,0.5499999999999999
profile_0005,constant,19,0.15234375,0.5499999999999999
profile_0005,constant,20,0.16015625,0.5499999999999999
profile_0005,constant,21,0.16796875,0.5499999999999999
profile_0005,constant,22,0.17578125,0.5499999999999999
profile_0005,constant,23,0.18359375,0.5499999999999999
profile_0005,constant,24,0.19140625,0.5499999999999999
profile_0005,constant,25,0.19921875,0.5499999999999999
profile_0005,constant,26,0.20703125,0.5499999999999999
profile_0005,constant,27,0.21484375,0.5499999999999999
profile_0005,constant,28,0.22265625,0.5499999999999999
profile_0005,constant,29,0.23046875,0.5499999999999999
profile_0005,constant,30,0.23828125,0.5499999999999999
profile_0005,constant,31,0.24609375,0.5499999999999999
profile_0005,constant,32,0.25390625,0.5499999999999999
profile_0005,constant,33,0.26171875,0.5499999999999999
profile_0005,constant,34,0.26953125,0.5499999999999999
profile_0005,constant,35,0.27734375,0.5499999999999999
profile_0005,constant,36,0.28515625,0.5499999999999999
profile_0005,constant,37,0.29296875,0.5499999999999999
profile_0005,constant,38,0.30078125,0.5499999999999999
profile_0005,constant,39,0.30859375,0.5499999999999999
profile_0005,constant,40,0.31640625,0.5499999999999999
profile_0005,constant,41,0.32421875,0.5499999999999999
profile_0005,constant,42,0.33203125,0.5499999999999999
profile_0005,constant,43,0.33984375,0.5499999999999999
profile_0005,constant,44,0.34765625,0.5499999999999999
profile_0005,constant,45,0.35546875,0.5499999999999999
profile_0005,constant,46,0.36328125,0.5499999999999999
profile_0005,constant,47,0.37109375,0.5499999999999999
profile_0005,constant,48,0.37890625,0.5499999999999999
profile_0005,constant,49,0.38671875,0.5499999999999999
profile_0005,constant,50,0.39453125,0.5499999999999999
profile_0005,constant,51,0.40234375,0.5499999999999999
profile_0005,constant,52,0.41015625,0.5499999999999999
profile_0005,constant,53,0.41796875,0.5499999999999999
profile_0005,constant,54,0.42578125,0.5499999999999999
profile_0005,constant,55,0.43359375,0.5499999999999999
profile_0005,constant,56,0.44140625,0.5499999999999999
profile_0005,constant,57,0.44921875,0.5499999999999999
profile_0005,constant,58,0.45703125,0.5499999999999999
profile_0005,constant,59,0.46484375,0.5499999999999999
profile_0005,constant,60,0.47265625,0.5499999999999999
profile_0005,constant,61,0.48046875,0.5499999999999999
profile_0005,constant,62,0.48828125,0.5499999999999999
profile_0005,constant,63,0.49609375,0.5499999999999999
profile_0005,constant,64,0.50390625,0.5499999999999999
profile_0005,constant,65,0.51171875,0.5499999999999999
profile_0005,constant,66,0.51953125,0.5499999999999999
profile_0005,constant,67,0.52734375,0.5499999999999999
profile_0005,constant,68,0.53515625,0.5499999999999999
profile_0005,constant,69,0.54296875,0.5499999999999999
profile_0005,constant,70,0.55078125,0.5499999999999999
profile_0005,constant,71,0.55859375,0.5499999999999999
profile_0005,constant,72,0.56640625,0.5499999999999999
profile_0005,constant,73,0.57421875,0.5499999999999999
profile_0005,constant,74,0.58203125,0.5499999999999999
profile_0005,constant,75,0.58984375,0.5499999999999999
profile_0005,constant,76,0.59765625,0.5499999999999999
profile_0005,constant,77,0.60546875,0.5499999999999999
profile_0005,constant,78,0.61328125,0.5499999999999999
profile_0005,constant,79,0.62109375,0.5499999999999999
profile_0005,constant,80,0.62890625,0.5499999999999999
profile_0005,constant,81,0.63671875,0.5499999999999999
profile_0005,constant,82,0.64453125,0.5499999999999999
profile_0005,constant,83,0.65234375,0.5499999999999999
profile_0005,constant,84,0.66015625,0.5499999999999999
profile_0005,constant,85,0.66796875,0.5499999999999999
profile_0005,constant,86,0.67578125,0.5499999999999999
profile_0005,constant,87,0.68359375,0.5499999999999999
profile_0005,constant,88,0.69140625,0.5499999999999999
profile_0005,constant,89,0.69921875,0.5499999999999999
profile_0005,constant,90,0.70703125,0.5499999999999999
profile_0005,constant,91,0.71484375,0.5499999999999999
profile_0005,constant,92,0.72265625,0.5499999999999999
profile_0005,constant,93,0.73046875,0.5499999999999999
profile_0005,constant,94,0.73828125,0.5499999999999999
profile_0005,constant,95,0.74609375,0.5499999999999999
profile_0005,constant,96,0.75390625,0.5499999999999999
profile_0005,constant,97,0.76171875,0.5499999999999999
profile_0005,constant,98,0.76953125,0.5499999999999999
profile_0005,constant,99,0.77734375,0.5499999999999999
profile_0005,constant,100,0.78515625,0.5499999999999999
profile_0005,constant,101,0.79296875,0.5499999999999999
profile_0005,constant,102,0.80078125,0.5499999999999999
profile_0005,constant,103,0.80859375,0.5499999999999999
profile_0005,constant,104,0.81640625,0.5499999999999999
profile_0005,constant,105,0.82421875,0.5499999999999999
profile_0005,constant,106,0.83203125,0.5499999999999999
profile_0005,constant,107,0.83984375,0.5499999999999999
profile_0005,constant,108,0.84765625,0.5499999999999999
profile_0005,constant,109,0.85546875,0.5499999999999999
profile_0005,constant,110,0.86328125,0.5499999999999999
profile_0005,constant,111,0.87109375,0.5499999999999999
profile_0005,constant,112,0.87890625,0.5499999999999999
profile_0005,constant,113,0.88671875,0.5499999999999999
profile_0005,constant,114,0.89453125,0.5499999999999999
profile_0005,constant,115,0.90234375,0.5499999999999999
profile_0005,constant,116,0.91015625,0.5499999999999999
profile_0005,constant,117,0.91796875,0.5499999999999999
profile_0005,constant,118,0.92578125,0.5499999999999999
profile_0005,constant,119,0.93359375,0.5499999999999999
profile_0005,constant,120,0.94140625,0.5499999999999999
profile_0005,constant,121,0.94921875,0.5499999999999999
profile_0005,constant,122,0.95703125,0.5499999999999999
profile_0005,constant,123,0.96484375,0.5499999999999999
profile_0005,constant,124,0.97265625,0.5499999999999999
profile_0005,constant,125,0.98046875,0.5499999999999999
profile_0005,constant,126,0.98828125,0.5499999999999999
profile_0005,constant,127,0.99609375,0.5499999999999999
profile_0006,constant,0,0.00390625,0.65
profile_0006,constant,1,0.01171875,0.65
profile_0006,constant,2,0.01953125,0.65
profile_0006,constant,3,0.02734375,0.65
profile_0006,constant,4,0.03515625,0.65
profile_0006,constant,5,0.04296875,0.65
profile_0006,constant,6,0.05078125,0.65
profile_0006,constant,7,0.05859375,0.65
profile_0006,constant,8,0.06640625,0.65
profile_0006,constant,9,0.07421875,0.65
profile_0006,constant,10,0.08203125,0.65
profile_0006,constant,11,0.08984375,0.65
profile_0006,constant,12,0.09765625,0.65
profile_0006,constant,13,0.10546875,0.65
profile_0006,constant,14,0.11328125,0.65
profile_0006,constant,15,0.12109375,0.65
profile_0006,constant,16,0.12890625,0.65
profile_0006,constant,17,0.13671875,0.65
profile_0006,constant,18,0.14453125,0.65
profile_0006,constant,19,0.15234375,0.65
profile_0006,constant,20,0.16015625,0.65
profile_0006,constant,21,0.16796875,0.65
profile_0006,constant,22,0.17578125,0.65
profile_0006,constant,23,0.18359375,0.65
profile_0006,constant,24,0.19140625,0.65
profile_0006,constant,25,0.19921875,0.65
profile_0006,constant,26,0.20703125,0.65
profile_0006,constant,27,0.21484375,0.65
profile_0006,constant,28,0.22265625,0.65
profile_0006,constant,29,0.23046875,0.65
profile_0006,constant,30,0.23828125,0.65
profile_0006,constant,31,0.24609375,0.65
profile_0006,constant,32,0.25390625,0.65
profile_0006,constant,33,0.26171875,0.65
profile_0006,constant,34,0.26953125,0.65
profile_0006,constant,35,0.27734375,0.65
profile_0006,constant,36,0.28515625,0.65
profile_0006,constant,37,0.29296875,0.65
profile_0006,constant,38,0.30078125,0.65
profile_0006,constant,39,0.30859375,0.65
profile_0006,constant,40,0.31640625,0.65
profile_0006,constant,41,0.32421875,0.65
profile_0006,constant,42,0.33203125,0.65
profile_0006,constant,43,0.33984375,0.65
profile_0006,constant,44,0.34765625,0.65
profile_0006,constant,45,0.35546875,0.65
profile_0006,constant,46,0.36328125,0.65
profile_0006,constant,47,0.37109375,0.65
profile_0006,constant,48,0.37890625,0.65
profile_0006,constant,49,0.38671875,0.65
profile_0006,constant,50,0.39453125,0.65
profile_0006,constant,51,0.40234375,0.65
profile_0006,constant,52,0.41015625,0.65
profile_0006,constant,53,0.41796875,0.65
profile_0006,constant,54,0.42578125,0.65
profile_0006,constant,55,0.43359375,0.65
profile_0006,constant,56,0.44140625,0.65
profile_0006,constant,57,0.44921875,0.65
profile_0006,constant,58,0.45703125,0.65
profile_0006,constant,59,0.46484375,0.65
profile_0006,constant,60,0.47265625,0.65
profile_0006,constant,61,0.48046875,0.65
profile_0006,constant,62,0.48828125,0.65
profile_0006,constant,63,0.49609375,0.65
profile_0006,constant,64,0.50390625,0.65
profile_0006,constant,65,0.51171875,0.65
profile_0006,constant,66,0.51953125,0.65
profile_0006,constant,67,0.52734375,0.65
profile_0006,constant,68,0.53515625,0.65
profile_0006,constant,69,0.54296875,0.65
profile_0006,constant,70,0.55078125,0.65
profile_0006,constant,71,0.55859375,0.65
profile_0006,constant,72,0.56640625,0.65
profile_0006,constant,73,0.57421875,0.65
profile_0006,constant,74,0.58203125,0.65
profile_0006,constant,75,0.58984375,0.65
profile_0006,constant,76,0.59765625,0.65
profile_0006,constant,77,0.60546875,0.65
profile_0006,constant,78,0.61328125,0.65
profile_0006,constant,79,0.62109375,0.65
profile_0006,constant,80,0.62890625,0.65
profile_0006,constant,81,0.63671875,0.65
profile_0006,constant,82,0.64453125,0.65
profile_0006,constant,83,0.65234375,0.65
profile_0006,constant,84,0.66015625,0.65
profile_0006,constant,85,0.66796875,0.65
profile_0006,constant,86,0.67578125,0.65
profile_0006,constant,87,0.68359375,0.65
profile_0006,constant,88,0.69140625,0.65
profile_0006,constant,89,0.69921875,0.65
profile_0006,constant,90,0.70703125,0.65
profile_0006,constant,91,0.71484375,0.65
profile_0006,constant,92,0.72265625,0.65
profile_0006,constant,93,0.73046875,0.65
profile_0006,constant,94,0.73828125,0.65
profile_0006,constant,95,0.74609375,0.65
profile_0006,constant,96,0.75390625,0.65
profile_0006,constant,97,0.76171875,0.65
profile_0006,constant,98,0.76953125,0.65
profile_0006,constant,99,0.77734375,0.65
profile_0006,constant,100,0.78515625,0.65
profile_0006,constant,101,0.79296875,0.65
profile_0006,constant,102,0.80078125,0.65
profile_0006,constant,103,0.80859375,0.65
profile_0006,constant,104,0.81640625,0.65
profile_0006,constant,105,0.82421875,0.65
profile_0006,constant,106,0.83203125,0.65
profile_0006,constant,107,0.83984375,0.65
profile_0006,constant,108,0.84765625,0.65
profile_0006,constant,109,0.85546875,0.65
profile_0006,constant,110,0.86328125,0.65
profile_0006,constant,111,0.87109375,0.65
profile_0006,constant,112,0.87890625,0.65
profile_0006,constant,113,0.88671875,0.65
profile_0006,constant,114,0.89453125,0.65
profile_0006,constant,115,0.90234375,0.65
profile_0006,constant,116,0.91015625,0.65
profile_0006,constant,117,0.91796875,0.65
profile_0006,constant,118,0.92578125,0.65
profile_0006,constant,119,0.93359375,0.65
profile_0006,constant,120,0.94140625,0.65
profile_0006,constant,121,0.94921875,0.65
profile_0006,constant,122,0.95703125,0.65
profile_0006,constant,123,0.96484375,0.65
profile_0006,constant,124,0.97265625,0.65
profile_0006,constant,125,0.98046875,0.65
profile_0006,constant,126,0.98828125,0.65
profile_0006,constant,127,0.99609375,0.65
profile_0007,constant,0,0.00390625,0.75
profile_0007,constant,1,0.01171875,0.75
profile_0007,constant,2,0.01953125,0.75
profile_0007,constant,3,0.02734375,0.75
profile_0007,constant,4,0.03515625,0.75
profile_0007,constant,5,0.04296875,0.75
profile_0007,constant,6,0.05078125,0.75
profile_0007,constant,7,0.05859375,0.75
profile_0007,constant,8,0.06640625,0.75
profile_0007,constant,9,0.07421875,0.75
profile_0007,constant,10,0.08203125,0.75
profile_0007,constant,11,0.08984375,0.75
profile_0007,constant,12,0.09765625,0.75
profile_0007,constant,13,0.10546875,0.75
profile_0007,constant,14,0.11328125,0.75
profile_0007,constant,15,0.12109375,0.75
profile_0007,constant,16,0.12890625,0.75
profile_0007,constant,17,0.13671875,0.75
profile_0007,constant,18,0.14453125,0.75
profile_0007,constant,19,0.15234375,0.75
profile_0007,constant,20,0.16015625,0.75
profile_0007,constant,21,0.16796875,0.75
profile_0007,constant,22,0.17578125,0.75
profile_0007,constant,23,0.18359375,0.75
profile_0007,constant,24,0.19140625,0.75
profile_0007,constant,25,0.19921875,0.75
profile_0007,constant,26,0.20703125,0.75
profile_0007,constant,27,0.21484375,0.75
profile_0007,constant,28,0.22265625,0.75
profile_0007,constant,29,0.23046875,0.75
profile_0007,constant,30,0.23828125,0.75
profile_0007,constant,31,0.24609375,0.75
profile_0007,constant,32,0.25390625,0.75
profile_0007,constant,33,0.26171875,0.75
profile_0007,constant,34,0.26953125,0.75
profile_0007,constant,35,0.27734375,0.75
profile_0007,constant,36,0.28515625,0.75
profile_0007,constant,37,0.29296875,0.75
profile_0007,constant,38,0.30078125,0.75
profile_0007,constant,39,0.30859375,0.75
profile_0007,constant,40,0.31640625,0.75
profile_0007,constant,41,0.32421875,0.75
profile_0007,constant,42,0.33203125,0.75
profile_0007,constant,43,0.33984375,0.75
profile_0007,constant,44,0.34765625,0.75
profile_0007,constant,45,0.35546875,0.75
profile_0007,constant,46,0.36328125,0.75
profile_0007,constant,47,0.37109375,0.75
profile_0007,constant,48,0.37890625,0.75
profile_0007,constant,49,0.38671875,0.75
profile_0007,constant,50,0.39453125,0.75
profile_0007,constant,51,0.40234375,0.75
profile_0007,constant,52,0.41015625,0.75
profile_0007,constant,53,0.41796875,0.75
profile_0007,constant,54,0.42578125,0.75
profile_0007,constant,55,0.43359375,0.75
profile_0007,constant,56,0.44140625,0.75
profile_0007,constant,57,0.44921875,0.75
profile_0007,constant,58,0.45703125,0.75
profile_0007,constant,59,0.46484375,0.75
profile_0007,constant,60,0.47265625,0.75
profile_0007,constant,61,0.48046875,0.75
profile_0007,constant,62,0.48828125,0.75
profile_0007,constant,63,0.49609375,0.75
profile_0007,constant,64,0.50390625,0.75
profile_0007,constant,65,0.51171875,0.75
profile_0007,constant,66,0.51953125,0.75
profile_0007,constant,67,0.52734375,0.75
profile_0007,constant,68,0.53515625,0.75
profile_0007,constant,69,0.54296875,0.75
profile_0007,constant,70,0.55078125,0.75
profile_0007,constant,71,0.55859375,0.75
profile_0007,constant,72,0.56640625,0.75
profile_0007,constant,73,0.57421875,0.75
profile_0007,constant,74,0.58203125,0.75
profile_0007,constant,75,0.58984375,0.75
profile_0007,constant,76,0.59765625,0.75
profile_0007,constant,77,0.60546875,0.75
profile_0007,constant,78,0.61328125,0.75
profile_0007,constant,79,0.62109375,0.75
profile_0007,constant,80,0.62890625,0.75
profile_0007,constant,81,0.63671875,0.75
profile_0007,constant,82,0.64453125,0.75
profile_0007,constant,83,0.65234375,0.75
profile_0007,constant,84,0.66015625,0.75
profile_0007,constant,85,0.66796875,0.75
profile_0007,constant,86,0.67578125,0.75
profile_0007,constant,87,0.68359375,0.75
profile_0007,constant,88,0.69140625,0.75
profile_0007,constant,89,0.69921875,0.75
profile_0007,constant,90,0.70703125,0.75
profile_0007,constant,91,0.71484375,0.75
profile_0007,constant,92,0.72265625,0.75
profile_0007,constant,93,0.73046875,0.75
profile_0007,constant,94,0.73828125,0.75
profile_0007,constant,95,0.74609375,0.75
profile_0007,constant,96,0.75390625,0.75
profile_0007,constant,97,0.76171875,0.75
profile_0007,constant,98,0.76953125,0.75
profile_0007,constant,99,0.77734375,0.75
profile_0007,constant,100,0.78515625,0.75
profile_0007,constant,101,0.79296875,0.75
profile_0007,constant,102,0.80078125,0.75
profile_0007,constant,103,0.80859375,0.75
profile_0007,constant,104,0.81640625,0.75
profile_0007,constant,105,0.82421875,0.75
profile_0007,constant,106,0.83203125,0.75
profile_0007,constant,107,0.83984375,0.75
profile_0007,constant,108,0.84765625,0.75
profile_0007,constant,109,0.85546875,0.75
profile_0007,constant,110,0.86328125,0.75
profile_0007,constant,111,0.87109375,0.75
profile_0007,constant,112,0.87890625,0.75
profile_0007,constant,113,0.88671875,0.75
profile_0007,constant,114,0.89453125,0.75
profile_0007,constant,115,0.90234375,0.75
profile_0007,constant,116,0.91015625,0.75
profile_0007,constant,117,0.91796875,0.75
profile_0007,constant,118,0.92578125,0.75
profile_0007,constant,119,0.93359375,0.75
profile_0007,constant,120,0.94140625,0.75
profile_0007,constant,121,0.94921875,0.75
profile_0007,constant,122,0.95703125,0.75
profile_0007,constant,123,0.96484375,0.75
profile_0007,constant,124,0.97265625,0.75
profile_0007,constant,125,0.98046875,0.75
profile_0007,constant,126,0.98828125,0.75
profile_0007,constant,127,0.99609375,0.75
profile_0008,constant,0,0.00390625,0.85
profile_0008,constant,1,0.01171875,0.85
profile_0008,constant,2,0.01953125,0.85
profile_0008,constant,3,0.02734375,0.85
profile_0008,constant,4,0.03515625,0.85
profile_0008,constant,5,0.04296875,0.85
profile_0008,constant,6,0.05078125,0.85
profile_0008,constant,7,0.05859375,0.85
profile_0008,constant,8,0.06640625,0.85
profile_0008,constant,9,0.07421875,0.85
profile_0008,constant,10,0.08203125,0.85
profile_0008,constant,11,0.08984375,0.85
profile_0008,constant,12,0.09765625,0.85
profile_0008,constant,13,0.10546875,0.85
profile_0008,constant,14,0.11328125,0.85
profile_0008,constant,15,0.12109375,0.85
profile_0008,constant,16,0.12890625,0.85
profile_0008,constant,17,0.13671875,0.85
profile_0008,constant,18,0.14453125,0.85
profile_0008,constant,19,0.15234375,0.85
profile_0008,constant,20,0.16015625,0.85
profile_0008,constant,21,0.16796875,0.85
profile_0008,constant,22,0.17578125,0.85
profile_0008,constant,23,0.18359375,0.85
profile_0008,constant,24,0.19140625,0.85
profile_0008,constant,25,0.19921875,0.85
profile_0008,constant,26,0.20703125,0.85
profile_0008,constant,27,0.21484375,0.85
profile_0008,constant,28,0.22265625,0.85
profile_0008,constant,29,0.23046875,0.85
profile_0008,constant,30,0.23828125,0.85
profile_0008,constant,31,0.24609375,0.85
profile_0008,constant,32,0.25390625,0.85
profile_0008,constant,33,0.26171875,0.85
profile_0008,constant,34,0.26953125,0.85
profile_0008,constant,35,0.27734375,0.85
profile_0008,constant,36,0.28515625,0.85
profile_0008,constant,37,0.29296875,0.85
profile_0008,constant,38,0.30078125,0.85
profile_0008,constant,39,0.30859375,0.85
profile_0008,constant,40,0.31640625,0.85
profile_0008,constant,41,0.32421875,0.85
profile_0008,constant,42,0.33203125,0.85
profile_0008,constant,43,0.33984375,0.85
profile_0008,constant,44,0.34765625,0.85
profile_0008,constant,45,0.35546875,0.85
profile_0008,constant,46,0.36328125,0.85
profile_0008,constant,47,0.37109375,0.85
profile_0008,constant,48,0.37890625,0.85
profile_0008,constant,49,0.38671875,0.85
profile_0008,constant,50,0.39453125,0.85
profile_0008,constant,51,0.40234375,0.85
profile_0008,constant,52,0.41015625,0.85
profile_0008,constant,53,0.41796875,0.85
profile_0008,constant,54,0.42578125,0.85
profile_0008,constant,55,0.43359375,0.85
profile_0008,constant,56,0.44140625,0.85
profile_0008,constant,57,0.44921875,0.85
profile_0008,constant,58,0.45703125,0.85
profile_0008,constant,59,0.46484375,0.85
profile_0008,constant,60,0.47265625,0.85
profile_0008,constant,61,0.48046875,0.85
profile_0008,constant,62,0.48828125,0.85
profile_0008,constant,63,0.49609375,0.85
profile_0008,constant,64,0.50390625,0.85
profile_0008,constant,65,0.51171875,0.85
profile_0008,constant,66,0.51953125,0.85
profile_0008,constant,67,0.52734375,0.85
profile_0008,constant,68,0.53515625,0.85
profile_0008,constant,69,0.54296875,0.85
profile_0008,constant,70,0.55078125,0.85
profile_0008,constant,71,0.55859375,0.85
profile_0008,constant,72,0.56640625,0.85
profile_0008,constant,73,0.57421875,0.85
profile_0008,constant,74,0.58203125,0.85
profile_0008,constant,75,0.58984375,0.85
profile_0008,constant,76,0.59765625,0.85
profile_0008,constant,77,0.60546875,0.85
profile_0008,constant,78,0.61328125,0.85
profile_0008,constant,79,0.62109375,0.85
profile_0008,constant,80,0.62890625,0.85
profile_0008,constant,81,0.63671875,0.85
profile_0008,constant,82,0.64453125,0.85
profile_0008,constant,83,0.65234375,0.85
profile_0008,constant,84,0.66015625,0.85
profile_0008,constant,85,0.66796875,0.85
profile_0008,constant,86,0.67578125,0.85
profile_0008,constant,87,0.68359375,0.85
profile_0008,constant,88,0.69140625,0.85
profile_0008,constant,89,0.69921875,0.85
profile_0008,constant,90,0.70703125,0.85
profile_0008,constant,91,0.71484375,0.85
profile_0008,constant,92,0.72265625,0.85
profile_0008,constant,93,0.73046875,0.85
profile_0008,constant,94,0.73828125,0.85
profile_0008,constant,95,0.74609375,0.85
profile_0008,constant,96,0.75390625,0.85
profile_0008,constant,97,0.76171875,0.85
profile_0008,constant,98,0.76953125,0.85
profile_0008,constant,99,0.77734375,0.85
profile_0008,constant,100,0.78515625,0.85
profile_0008,constant,101,0.79296875,0.85
profile_0008,constant,102,0.80078125,0.85
profile_0008,constant,103,0.80859375,0.85
profile_0008,constant,104,0.81640625,0.85
profile_0008,constant,105,0.82421875,0.85
profile_0008,constant,106,0.83203125,0.85
profile_0008,constant,107,0.83984375,0.85
profile_0008,constant,108,0.84765625,0.85
profile_0008,constant,109,0.85546875,0.85
profile_0008,constant,110,0.86328125,0.85
profile_0008,constant,111,0.87109375,0.85
profile_0008,constant,112,0.87890625,0.85
profile_0008,constant,113,0.88671875,0.85
profile_0008,constant,114,0.89453125,0.85
profile_0008,constant,115,0.90234375,0.85
profile_0008,constant,116,0.91015625,0.85
profile_0008,constant,117,0.91796875,0.85
profile_0008,constant,118,0.92578125,0.85
profile_0008,constant,119,0.93359375,0.85
profile_0008,constant,120,0.94140625,0.85
profile_0008,constant,121,0.94921875,0.85
profile_0008,constant,122,0.95703125,0.85
profile_0008,constant,123,0.96484375,0.85
profile_0008,constant,124,0.97265625,0.85
profile_0008,constant,125,0.98046875,0.85
profile_0008,constant,126,0.98828125,0.85
profile_0008,constant,127,0.99609375,0.85
profile_0009,constant,0,0.00390625,0.95
profile_0009,constant,1,0.01171875,0.95
profile_0009,constant,2,0.01953125,0.95
profile_0009,constant,3,0.02734375,0.95
profile_0009,constant,4,0.03515625,0.95
profile_0009,constant,5,0.04296875,0.95
profile_0009,constant,6,0.05078125,0.95
profile_0009,constant,7,0.05859375,0.95
profile_0009,constant,8,0.06640625,0.95
profile_0009,constant,9,0.07421875,0.95
profile_0009,constant,10,0.08203125,0.95
profile_0009,constant,11,0.08984375,0.95
profile_0009,constant,12,0.09765625,0.95
profile_0009,constant,13,0.10546875,0.95
profile_0009,constant,14,0.11328125,0.95
profile_0009,constant,15,0.12109375,0.95
profile_0009,constant,16,0.12890625,0.95
profile_0009,constant,17,0.13671875,0.95
profile_0009,constant,18,0.14453125,0.95
profile_0009,constant,19,0.15234375,0.95
profile_0009,constant,20,0.16015625,0.95
profile_0009,constant,21,0.16796875,0.95
profile_0009,constant,22,0.17578125,0.95
profile_0009,constant,23,0.18359375,0.95
profile_0009,constant,24,0.19140625,0.95
profile_0009,constant,25,0.19921875,0.95
profile_0009,constant,26,0.20703125,0.95
profile_0009,constant,27,0.21484375,0.95
profile_0009,constant,28,0.22265625,0.95
profile_0009,constant,29,0.23046875,0.95
profile_0009,constant,30,0.23828125,0.95
profile_0009,constant,31,0.24609375,0.95
profile_0009,constant,32,0.25390625,0.95
profile_0009,constant,33,0.26171875,0.95
profile_0009,constant,34,0.26953125,0.95
profile_0009,constant,35,0.27734375,0.95
profile_0009,constant,36,0.28515625,0.95
profile_0009,constant,37,0.29296875,0.95
profile_0009,constant,38,0.30078125,0.95
profile_0009,constant,39,0.30859375,0.95
profile_0009,constant,40,0.31640625,0.95
profile_0009,constant,41,0.32421875,0.95
profile_0009,constant,42,0.33203125,0.95
profile_0009,constant,43,0.33984375,0.95
profile_0009,constant,44,0.34765625,0.95
profile_0009,constant,45,0.35546875,0.95
profile_0009,constant,46,0.36328125,0.95
profile_0009,constant,47,0.37109375,0.95
profile_0009,constant,48,0.37890625,0.95
profile_0009,constant,49,0.38671875,0.95
profile_0009,constant,50,0.39453125,0.95
profile_0009,constant,51,0.40234375,0.95
profile_0009,constant,52,0.41015625,0.95
profile_0009,constant,53,0.41796875,0.95
profile_0009,constant,54,0.42578125,0.95
profile_0009,constant,55,0.43359375,0.95
profile_0009,constant,56,0.44140625,0.95
profile_0009,constant,57,0.44921875,0.95
profile_0009,constant,58,0.45703125,0.95
profile_0009,constant,59,0.46484375,0.95
profile_0009,constant,60,0.47265625,0.95
profile_0009,constant,61,0.48046875,0.95
profile_0009,constant,62,0.48828125,0.95
profile_0009,constant,63,0.49609375,0.95
profile_0009,constant,64,0.50390625,0.95
profile_0009,constant,65,0.51171875,0.95
profile_0009,constant,66,0.51953125,0.95
profile_0009,constant,67,0.52734375,0.95
profile_0009,constant,68,0.53515625,0.95
profile_0009,constant,69,0.54296875,0.95
profile_0009,constant,70,0.55078125,0.95
profile_0009,constant,71,0.55859375,0.95
profile_0009,constant,72,0.56640625,0.95
profile_0009,constant,73,0.57421875,0.95
profile_0009,constant,74,0.58203125,0.95
profile_0009,constant,75,0.58984375,0.95
profile_0009,constant,76,0.59765625,0.95
profile_0009,constant,77,0.60546875,0.95
profile_0009,constant,78,0.61328125,0.95
profile_0009,constant,79,0.62109375,0.95
profile_0009,constant,80,0.62890625,0.95
profile_0009,constant,81,0.63671875,0.95
profile_0009,constant,82,0.64453125,0.95
profile_0009,constant,83,0.65234375,0.95
profile_0009,constant,84,0.66015625,0.95
profile_0009,constant,85,0.66796875,0.95
profile_0009,constant,86,0.67578125,0.95
profile_0009,constant,87,0.68359375,0.95
profile_0009,constant,88,0.69140625,0.95
profile_0009,constant,89,0.69921875,0.95
profile_0009,constant,90,0.70703125,0.95
profile_0009,constant,91,0.71484375,0.95
profile_0009,constant,92,0.72265625,0.95
profile_0009,constant,93,0.73046875,0.95
profile_0009,constant,94,0.73828125,0.95
profile_0009,constant,95,0.74609375,0.95
profile_0009,constant,96,0.75390625,0.95
profile_0009,constant,97,0.76171875,0.95
profile_0009,constant,98,0.76953125,0.95
profile_0009,constant,99,0.77734375,0.95
profile_0009,constant,100,0.78515625,0.95
profile_0009,constant,101,0.79296875,0.95
profile_0009,constant,102,0.80078125,0.95
profile_0009,constant,103,0.80859375,0.95
profile_0009,constant,104,0.81640625,0.95
profile_0009,constant,105,0.82421875,0.95
profile_0009,constant,106,0.83203125,0.95
profile_0009,constant,107,0.83984375,0.95
profile_0009,constant,108,0.84765625,0.95
profile_0009,constant,109,0.85546875,0.95
profile_0009,constant,110,0.86328125,0.95
profile_0009,constant,111,0.87109375,0.95
profile_0009,constant,112,0.87890625,0.95
profile_0009,constant,113,0.88671875,0.95
profile_0009,constant,114,0.89453125,0.95
profile_0009,constant,115,0.90234375,0.95
profile_0009,constant,116,0.91015625,0.95
profile_0009,constant,117,0.91796875,0.95
profile_0009,constant,118,0.92578125,0.95
profile_0009,constant,119,0.93359375,0.95
profile_0009,constant,120,0.94140625,0.95
profile_0009,constant,121,0.94921875,0.95
profile_0009,constant,122,0.95703125,0.95
profile_0009,constant,123,0.96484375,0.95
profile_0009,constant,124,0.97265625,0.95
profile_0009,constant,125,0.98046875,0.95
profile_0009,constant,126,0.98828125,0.95
profile_0009,constant,127,0.99609375,0.95
profile_0010,ramp,0,0.00390625,0.05
profile_0010,ramp,1,0.01171875,0.05708661417322835
profile_0010,ramp,2,0.01953125,0.0641732283464567
profile_0010,ramp,3,0.02734375,0.07125984251968503
profile_0010,ramp,4,0.03515625,0.07834645669291339
profile_0010,ramp,5,0.04296875,0.08543307086614173
profile_0010,ramp,6,0.05078125,0.09251968503937008
profile_0010,ramp,7,0.05859375,0.09960629921259842
profile_0010,ramp,8,0.06640625,0.10669291338582676
profile_0010,ramp,9,0.07421875,0.11377952755905511
profile_0010,ramp,10,0.08203125,0.12086614173228345
profile_0010,ramp,11,0.08984375,0.1279527559055118
profile_0010,ramp,12,0.09765625,0.13503937007874015
profile_0010,ramp,13,0.10546875,0.14212598425196848
profile_0010,ramp,14,0.11328125,0.14921259842519685
profile_0010,ramp,15,0.12109375,0.1562992125984252
profile_0010,ramp,16,0.12890625,0.16338582677165353
profile_0010,ramp,17,0.13671875,0.17047244094488187
profile_0010,ramp,18,0.14453125,0.1775590551181102
profile_0010,ramp,19,0.15234375,0.18464566929133858
profile_0010,ramp,20,0.16015625,0.1917322834645669
profile_0010,ramp,21,0.16796875,0.19881889763779526
profile_0010,ramp,22,0.17578125,0.20590551181102362
profile_0010,ramp,23,0.18359375,0.21299212598425193
profile_0010,ramp,24,0.19140625,0.2200787401574803
profile_0010,ramp,25,0.19921875,0.2271653543307086
profile_0010,ramp,26,0.20703125,0.23425196850393698
profile_0010,ramp,27,0.21484375,0.24133858267716535
profile_0010,ramp,28,0.22265625,0.24842519685039366
profile_0010,ramp,29,0.23046875,0.255511811023622
profile_0010,ramp,30,0.23828125,0.2625984251968504
profile_0010,ramp,31,0.24609375,0.2696850393700787
profile_0010,ramp,32,0.25390625,0.2767716535433071
profile_0010,ramp,33,0.26171875,0.2838582677165354
profile_0010,ramp,34,0.26953125,0.29094488188976375
profile_0010,ramp,35,0.27734375,0.2980314960629921
profile_0010,ramp,36,0.28515625,0.30511811023622043
profile_0010,ramp,37,0.29296875,0.3122047244094488
profile_0010,ramp,38,0.30078125,0.3192913385826771
profile_0010,ramp,39,0.30859375,0.3263779527559055
profile_0010,ramp,40,0.31640625,0.3334645669291338
profile_0010,ramp,41,0.32421875,0.34055118110236215
profile_0010,ramp,42,0.33203125,0.3476377952755905
profile_0010,ramp,43,0.33984375,0.35472440944881883
profile_0010,ramp,44,0.34765625,0.3618110236220472
profile_0010,ramp,45,0.35546875,0.3688976377952755
profile_0010,ramp,46,0.36328125,0.3759842519685039
profile_0010,ramp,47,0.37109375,0.38307086614173225
profile_0010,ramp,48,0.37890625,0.39015748031496056
profile_0010,ramp,49,0.38671875,0.3972440944881889
profile_0010,ramp,50,0.39453125,0.40433070866141724
profile_0010,ramp,51,0.40234375,0.4114173228346456
profile_0010,ramp,52,0.41015625,0.41850393700787397
profile_0010,ramp,53,0.41796875,0.4255905511811023
profile_0010,ramp,54,0.42578125,0.43267716535433065
profile_0010,ramp,55,0.43359375,0.439763779527559
profile_0010,ramp,56,0.44140625,0.44685039370078733
profile_0010,ramp,57,0.44921875,0.4539370078740157
profile_0010,ramp,58,0.45703125,0.461023622047244
profile_0010,ramp,59,0.46484375,0.4681102362204724
profile_0010,ramp,60,0.47265625,0.47519685039370074
profile_0010,ramp,61,0.48046875,0.48228346456692905
profile_0010,ramp,62,0.48828125,0.4893700787401574
profile_0010,ramp,63,0.49609375,0.49645669291338573
profile_0010,ramp,64,0.50390625,0.5035433070866141
profile_0010,ramp,65,0.51171875,0.5106299212598425
profile_0010,ramp,66,0.51953125,0.5177165354330708
profile_0010,ramp,67,0.52734375,0.5248031496062991
profile_0010,ramp,68,0.53515625,0.5318897637795275
profile_0010,ramp,69,0.54296875,0.5389763779527559
profile_0010,ramp,70,0.55078125,0.5460629921259842
profile_0010,ramp,71,0.55859375,0.5531496062992126
profile_0010,ramp,72,0.56640625,0.5602362204724409
profile_0010,ramp,73,0.57421875,0.5673228346456692
profile_0010,ramp,74,0.58203125,0.5744094488188977
profile_0010,ramp,75,0.58984375,0.581496062992126
profile_0010,ramp,76,0.59765625,0.5885826771653543
profile_0010,ramp,77,0.60546875,0.5956692913385826
profile_0010,ramp,78,0.61328125,0.602755905511811
profile_0010,ramp,79,0.62109375,0.6098425196850393
profile_0010,ramp,80,0.62890625,0.6169291338582676
profile_0010,ramp,81,0.63671875,0.6240157480314961
profile_0010,ramp,82,0.64453125,0.6311023622047244
profile_0010,ramp,83,0.65234375,0.6381889763779527
profile_0010,ramp,84,0.66015625,0.6452755905511811
profile_0010,ramp,85,0.66796875,0.6523622047244094
profile_0010,ramp,86,0.67578125,0.6594488188976377
profile_0010,ramp,87,0.68359375,0.6665354330708662
profile_0010,ramp,88,0.69140625,0.6736220472440945
profile_0010,ramp,89,0.69921875,0.6807086614173228
profile_0010,ramp,90,0.70703125,0.6877952755905511
profile_0010,ramp,91,0.71484375,0.6948818897637795
profile_0010,ramp,92,0.72265625,0.7019685039370078
profile_0010,ramp,93,0.73046875,0.7090551181102361
profile_0010,ramp,94,0.73828125,0.7161417322834646
profile_0010,ramp,95,0.74609375,0.7232283464566929
profile_0010,ramp,96,0.75390625,0.7303149606299212
profile_0010,ramp,97,0.76171875,0.7374015748031496
profile_0010,ramp,98,0.76953125,0.7444881889763779
profile_0010,ramp,99,0.77734375,0.7515748031496062
profile_0010,ramp,100,0.78515625,0.7586614173228345
profile_0010,ramp,101,0.79296875,0.765748031496063
profile_0010,ramp,102,0.80078125,0.7728346456692913
profile_0010,ramp,103,0.80859375,0.7799212598425196
profile_0010,ramp,104,0.81640625,0.787007874015748
profile_0010,ramp,105,0.82421875,0.7940944881889763
profile_0010,ramp,106,0.83203125,0.8011811023622046
profile_0010,ramp,107,0.83984375,0.8082677165354331
profile_0010,ramp,108,0.84765625,0.8153543307086614
profile_0010,ramp,109,0.85546875,0.8224409448818897
profile_0010,ramp,110,0.86328125,0.8295275590551181
profile_0010,ramp,111,0.87109375,0.8366141732283464
profile_0010,ramp,112,0.87890625,0.8437007874015747
profile_0010,ramp,113,0.88671875,0.850787401574803
profile_0010,ramp,114,0.89453125,0.8578740157480315
profile_0010,ramp,115,0.90234375,0.8649606299212598
profile_0010,ramp,116,0.91015625,0.8720472440944881
profile_0010,ramp,117,0.91796875,0.8791338582677165
profile_0010,ramp,118,0.92578125,0.8862204724409448
profile_0010,ramp,119,0.93359375,0.8933070866141731
profile_0010,ramp,120,0.94140625,0.9003937007874016
profile_0010,ramp,121,0.94921875,0.9074803149606299
profile_0010,ramp,122,0.95703125,0.9145669291338582
profile_0010,ramp,123,0.96484375,0.9216535433070865
profile_0010,ramp,124,0.97265625,0.9287401574803149
profile_0010,ramp,125,0.98046875,0.9358267716535432
profile_0010,ramp,126,0.98828125,0.9429133858267715
profile_0010,ramp,127,0.99609375,0.95
profile_0011,ramp,0,0.00390625,0.95
profile_0011,ramp,1,0.01171875,0.9429133858267716
profile_0011,ramp,2,0.01953125,0.9358267716535432
profile_0011,ramp,3,0.02734375,0.9287401574803149
profile_0011,ramp,4,0.03515625,0.9216535433070866
profile_0011,ramp,5,0.04296875,0.9145669291338583
profile_0011,ramp,6,0.05078125,0.9074803149606299
profile_0011,ramp,7,0.05859375,0.9003937007874016
profile_0011,ramp,8,0.06640625,0.8933070866141732
profile_0011,ramp,9,0.07421875,0.8862204724409448
profile_0011,ramp,10,0.08203125,0.8791338582677165
profile_0011,ramp,11,0.08984375,0.8720472440944882
profile_0011,ramp,12,0.09765625,0.8649606299212598
profile_0011,ramp,13,0.10546875,0.8578740157480315
profile_0011,ramp,14,0.11328125,0.8507874015748031
profile_0011,ramp,15,0.12109375,0.8437007874015747
profile_0011,ramp,16,0.12890625,0.8366141732283464
profile_0011,ramp,17,0.13671875,0.8295275590551181
profile_0011,ramp,18,0.14453125,0.8224409448818897
profile_0011,ramp,19,0.15234375,0.8153543307086614
profile_0011,ramp,20,0.16015625,0.8082677165354331
profile_0011,ramp,21,0.16796875,0.8011811023622046
profile_0011,ramp,22,0.17578125,0.7940944881889763
profile_0011,ramp,23,0.18359375,0.787007874015748
profile_0011,ramp,24,0.19140625,0.7799212598425197
profile_0011,ramp,25,0.19921875,0.7728346456692914
profile_0011,ramp,26,0.20703125,0.765748031496063
profile_0011,ramp,27,0.21484375,0.7586614173228347
profile_0011,ramp,28,0.22265625,0.7515748031496063
profile_0011,ramp,29,0.23046875,0.7444881889763779
profile_0011,ramp,30,0.23828125,0.7374015748031496
profile_0011,ramp,31,0.24609375,0.7303149606299213
profile_0011,ramp,32,0.25390625,0.7232283464566929
profile_0011,ramp,33,0.26171875,0.7161417322834646
profile_0011,ramp,34,0.26953125,0.7090551181102362
profile_0011,ramp,35,0.27734375,0.7019685039370078
profile_0011,ramp,36,0.28515625,0.6948818897637795
profile_0011,ramp,37,0.29296875,0.6877952755905512
profile_0011,ramp,38,0.30078125,0.6807086614173228
profile_0011,ramp,39,0.30859375,0.6736220472440945
profile_0011,ramp,40,0.31640625,0.6665354330708662
profile_0011,ramp,41,0.32421875,0.6594488188976377
profile_0011,ramp,42,0.33203125,0.6523622047244094
profile_0011,ramp,43,0.33984375,0.6452755905511811
profile_0011,ramp,44,0.34765625,0.6381889763779527
profile_0011,ramp,45,0.35546875,0.6311023622047245
profile_0011,ramp,46,0.36328125,0.6240157480314961
profile_0011,ramp,47,0.37109375,0.6169291338582676
profile_0011,ramp,48,0.37890625,0.6098425196850394
profile_0011,ramp,49,0.38671875,0.602755905511811
profile_0011,ramp,50,0.39453125,0.5956692913385827
profile_0011,ramp,51,0.40234375,0.5885826771653544
profile_0011,ramp,52,0.41015625,0.581496062992126
profile_0011,ramp,53,0.41796875,0.5744094488188977
profile_0011,ramp,54,0.42578125,0.5673228346456693
profile_0011,ramp,55,0.43359375,0.5602362204724409
profile_0011,ramp,56,0.44140625,0.5531496062992126
profile_0011,ramp,57,0.44921875,0.5460629921259843
profile_0011,ramp,58,0.45703125,0.5389763779527559
profile_0011,ramp,59,0.46484375,0.5318897637795276
profile_0011,ramp,60,0.47265625,0.5248031496062993
profile_0011,ramp,61,0.48046875,0.5177165354330708
profile_0011,ramp,62,0.48828125,0.5106299212598425
profile_0011,ramp,63,0.49609375,0.5035433070866142
profile_0011,ramp,64,0.50390625,0.49645669291338584
profile_0011,ramp,65,0.51171875,0.4893700787401575
profile_0011,ramp,66,0.51953125,0.48228346456692917
profile_0011,ramp,67,0.52734375,0.4751968503937008
profile_0011,ramp,68,0.53515625,0.4681102362204725
profile_0011,ramp,69,0.54296875,0.4610236220472441
profile_0011,ramp,70,0.55078125,0.45393700787401575
profile_0011,ramp,71,0.55859375,0.4468503937007874
profile_0011,ramp,72,0.56640625,0.4397637795275591
profile_0011,ramp,73,0.57421875,0.43267716535433076
profile_0011,ramp,74,0.58203125,0.42559055118110234
profile_0011,ramp,75,0.58984375,0.418503937007874
profile_0011,ramp,76,0.59765625,0.4114173228346457
profile_0011,ramp,77,0.60546875,0.4043307086614174
profile_0011,ramp,78,0.61328125,0.397244094488189
profile_0011,ramp,79,0.62109375,0.39015748031496067
profile_0011,ramp,80,0.62890625,0.38307086614173236
profile_0011,ramp,81,0.63671875,0.37598425196850394
profile_0011,ramp,82,0.64453125,0.3688976377952756
profile_0011,ramp,83,0.65234375,0.3618110236220473
profile_0011,ramp,84,0.66015625,0.3547244094488189
profile_0011,ramp,85,0.66796875,0.3476377952755906
profile_0011,ramp,86,0.67578125,0.34055118110236227
profile_0011,ramp,87,0.68359375,0.33346456692913384
profile_0011,ramp,88,0.69140625,0.32637795275590553
profile_0011,ramp,89,0.69921875,0.3192913385826772
profile_0011,ramp,90,0.70703125,0.3122047244094489
profile_0011,ramp,91,0.71484375,0.3051181102362205
profile_0011,ramp,92,0.72265625,0.2980314960629922
profile_0011,ramp,93,0.73046875,0.29094488188976386
profile_0011,ramp,94,0.73828125,0.28385826771653544
profile_0011,ramp,95,0.74609375,0.27677165354330713
profile_0011,ramp,96,0.75390625,0.2696850393700788
profile_0011,ramp,97,0.76171875,0.2625984251968504
profile_0011,ramp,98,0.76953125,0.2555118110236221
profile_0011,ramp,99,0.77734375,0.24842519685039377
profile_0011,ramp,100,0.78515625,0.24133858267716546
profile_0011,ramp,101,0.79296875,0.23425196850393704
profile_0011,ramp,102,0.80078125,0.22716535433070872
profile_0011,ramp,103,0.80859375,0.2200787401574804
profile_0011,ramp,104,0.81640625,0.212992125984252
profile_0011,ramp,105,0.82421875,0.20590551181102368
profile_0011,ramp,106,0.83203125,0.19881889763779537
profile_0011,ramp,107,0.83984375,0.19173228346456694
profile_0011,ramp,108,0.84765625,0.18464566929133863
profile_0011,ramp,109,0.85546875,0.17755905511811032
profile_0011,ramp,110,0.86328125,0.1704724409448819
profile_0011,ramp,111,0.87109375,0.1633858267716536
profile_0011,ramp,112,0.87890625,0.15629921259842527
profile_0011,ramp,113,0.88671875,0.14921259842519696
profile_0011,ramp,114,0.89453125,0.14212598425196854
profile_0011,ramp,115,0.90234375,0.13503937007874023
profile_0011,ramp,116,0.91015625,0.12795275590551192
profile_0011,ramp,117,0.91796875,0.1208661417322835
profile_0011,ramp,118,0.92578125,0.11377952755905518
profile_0011,ramp,119,0.93359375,0.10669291338582687
profile_0011,ramp,120,0.94140625,0.09960629921259845
profile_0011,ramp,121,0.94921875,0.09251968503937014
profile_0011,ramp,122,0.95703125,0.08543307086614182
profile_0011,ramp,123,0.96484375,0.07834645669291351
profile_0011,ramp,124,0.97265625,0.07125984251968509
profile_0011,ramp,125,0.98046875,0.06417322834645678
profile_0011,ramp,126,0.98828125,0.05708661417322847
profile_0011,ramp,127,0.99609375,0.05
profile_0012,ramp,0,0.00390625,0.2
profile_0012,ramp,1,0.01171875,0.20472440944881892
profile_0012,ramp,2,0.01953125,0.2094488188976378
profile_0012,ramp,3,0.02734375,0.21417322834645672
profile_0012,ramp,4,0.03515625,0.2188976377952756
profile_0012,ramp,5,0.04296875,0.2236220472440945
profile_0012,ramp,6,0.05078125,0.2283464566929134
profile_0012,ramp,7,0.05859375,0.2330708661417323
profile_0012,ramp,8,0.06640625,0.2377952755905512
profile_0012,ramp,9,0.07421875,0.2425196850393701
profile_0012,ramp,10,0.08203125,0.247244094488189
profile_0012,ramp,11,0.08984375,0.25196850393700787
profile_0012,ramp,12,0.09765625,0.2566929133858268
profile_0012,ramp,13,0.10546875,0.2614173228346457
profile_0012,ramp,14,0.11328125,0.2661417322834646
profile_0012,ramp,15,0.12109375,0.2708661417322835
profile_0012,ramp,16,0.12890625,0.2755905511811024
profile_0012,ramp,17,0.13671875,0.2803149606299213
profile_0012,ramp,18,0.14453125,0.2850393700787402
profile_0012,ramp,19,0.15234375,0.28976377952755905
profile_0012,ramp,20,0.16015625,0.29448818897637796
profile_0012,ramp,21,0.16796875,0.2992125984251969
profile_0012,ramp,22,0.17578125,0.3039370078740158
profile_0012,ramp,23,0.18359375,0.3086614173228347
profile_0012,ramp,24,0.19140625,0.3133858267716536
profile_0012,ramp,25,0.19921875,0.31811023622047246
profile_0012,ramp,26,0.20703125,0.3228346456692914
profile_0012,ramp,27,0.21484375,0.32755905511811023
profile_0012,ramp,28,0.22265625,0.33228346456692914
profile_0012,ramp,29,0.23046875,0.33700787401574805
profile_0012,ramp,30,0.23828125,0.34173228346456697
profile_0012,ramp,31,0.24609375,0.3464566929133859
profile_0012,ramp,32,0.25390625,0.3511811023622048
profile_0012,ramp,33,0.26171875,0.3559055118110237
profile_0012,ramp,34,0.26953125,0.36062992125984256
profile_0012,ramp,35,0.27734375,0.36535433070866147
profile_0012,ramp,36,0.28515625,0.3700787401574803
profile_0012,ramp,37,0.29296875,0.37480314960629924
profile_0012,ramp,38,0.30078125,0.37952755905511815
profile_0012,ramp,39,0.30859375,0.38425196850393706
profile_0012,ramp,40,0.31640625,0.38897637795275597
profile_0012,ramp,41,0.32421875,0.3937007874015749
profile_0012,ramp,42,0.33203125,0.39842519685039374
profile_0012,ramp,43,0.33984375,0.40314960629921265
profile_0012,ramp,44,0.34765625,0.4078740157480315
profile_0012,ramp,45,0.35546875,0.4125984251968504
profile_0012,ramp,46,0.36328125,0.4173228346456693
profile_0012,ramp,47,0.37109375,0.42204724409448824
profile_0012,ramp,48,0.37890625,0.42677165354330715
profile_0012,ramp,49,0.38671875,0.43149606299212606
profile_0012,ramp,50,0.39453125,0.436220472440945
profile_0012,ramp,51,0.40234375,0.44094488188976383
profile_0012,ramp,52,0.41015625,0.44566929133858274
profile_0012,ramp,53,0.41796875,0.45039370078740165
profile_0012,ramp,54,0.42578125,0.4551181102362205
profile_0012,ramp,55,0.43359375,0.4598425196850394
profile_0012,ramp,56,0.44140625,0.46456692913385833
profile_0012,ramp,57,0.44921875,0.46929133858267724
profile_0012,ramp,58,0.45703125,0.4740157480314961
profile_0012,ramp,59,0.46484375,0.478740157480315
profile_0012,ramp,60,0.47265625,0.4834645669291339
profile_0012,ramp,61,0.48046875,0.48818897637795283
profile_0012,ramp,62,0.48828125,0.4929133858267717
profile_0012,ramp,63,0.49609375,0.4976377952755906
profile_0012,ramp,64,0.50390625,0.5023622047244095
profile_0012,ramp,65,0.51171875,0.5070866141732284
profile_0012,ramp,66,0.51953125,0.5118110236220473
profile_0012,ramp,67,0.52734375,0.5165354330708662
profile_0012,ramp,68,0.53515625,0.521259842519685
profile_0012,ramp,69,0.54296875,0.5259842519685041
profile_0012,ramp,70,0.55078125,0.5307086614173229
profile_0012,ramp,71,0.55859375,0.5354330708661418
profile_0012,ramp,72,0.56640625,0.5401574803149607
profile_0012,ramp,73,0.57421875,0.5448818897637796
profile_0012,ramp,74,0.58203125,0.5496062992125985
profile_0012,ramp,75,0.58984375,0.5543307086614173
profile_0012,ramp,76,0.59765625,0.5590551181102363
profile_0012,ramp,77,0.60546875,0.5637795275590551
profile_0012,ramp,78,0.61328125,0.5685039370078742
profile_0012,ramp,79,0.62109375,0.573228346456693
profile_0012,ramp,80,0.62890625,0.5779527559055119
profile_0012,ramp,81,0.63671875,0.5826771653543308
profile_0012,ramp,82,0.64453125,0.5874015748031497
profile_0012,ramp,83,0.65234375,0.5921259842519686
profile_0012,ramp,84,0.66015625,0.5968503937007874
profile_0012,ramp,85,0.66796875,0.6015748031496064
profile_0012,ramp,86,0.67578125,0.6062992125984252
profile_0012,ramp,87,0.68359375,0.6110236220472443
profile_0012,ramp,88,0.69140625,0.615748031496063
profile_0012,ramp,89,0.69921875,0.620472440944882
profile_0012,ramp,90,0.70703125,0.6251968503937009
profile_0012,ramp,91,0.71484375,0.6299212598425198
profile_0012,ramp,92,0.72265625,0.6346456692913387
profile_0012,ramp,93,0.73046875,0.6393700787401575
profile_0012,ramp,94,0.73828125,0.6440944881889765
profile_0012,ramp,95,0.74609375,0.6488188976377953
profile_0012,ramp,96,0.75390625,0.6535433070866143
profile_0012,ramp,97,0.76171875,0.6582677165354331
profile_0012,ramp,98,0.76953125,0.6629921259842521
profile_0012,ramp,99,0.77734375,0.667716535433071
profile_0012,ramp,100,0.78515625,0.6724409448818899
profile_0012,ramp,101,0.79296875,0.6771653543307088
profile_0012,ramp,102,0.80078125,0.6818897637795276
profile_0012,ramp,103,0.80859375,0.6866141732283466
profile_0012,ramp,104,0.81640625,0.6913385826771654
profile_0012,ramp,105,0.82421875,0.6960629921259843
profile_0012,ramp,106,0.83203125,0.7007874015748032
profile_0012,ramp,107,0.83984375,0.705511811023622
profile_0012,ramp,108,0.84765625,0.7102362204724411
profile_0012,ramp,109,0.85546875,0.7149606299212599
profile_0012,ramp,110,0.86328125,0.7196850393700789
profile_0012,ramp,111,0.87109375,0.7244094488188977
profile_0012,ramp,112,0.87890625,0.7291338582677167
profile_0012,ramp,113,0.88671875,0.7338582677165355
profile_0012,ramp,114,0.89453125,0.7385826771653545
profile_0012,ramp,115,0.90234375,0.7433070866141733
profile_0012,ramp,116,0.91015625,0.7480314960629921
profile_0012,ramp,117,0.91796875,0.7527559055118112
profile_0012,ramp,118,0.92578125,0.75748031496063
profile_0012,ramp,119,0.93359375,0.762204724409449
profile_0012,ramp,120,0.94140625,0.7669291338582678
profile_0012,ramp,121,0.94921875,0.7716535433070868
profile_0012,ramp,122,0.95703125,0.7763779527559056
profile_0012,ramp,123,0.96484375,0.7811023622047246
profile_0012,ramp,124,0.97265625,0.7858267716535434
profile_0012,ramp,125,0.98046875,0.7905511811023622
profile_0012,ramp,126,0.98828125,0.7952755905511812
profile_0012,ramp,127,0.99609375,0.8
profile_0013,ramp,0,0.00390625,0.8
profile_0013,ramp,1,0.01171875,0.7952755905511811
profile_0013,ramp,2,0.01953125,0.7905511811023622
profile_0013,ramp,3,0.02734375,0.7858267716535433
profile_0013,ramp,4,0.03515625,0.7811023622047244
profile_0013,ramp,5,0.04296875,0.7763779527559056
profile_0013,ramp,6,0.05078125,0.7716535433070867
profile_0013,ramp,7,0.05859375,0.7669291338582678
profile_0013,ramp,8,0.06640625,0.7622047244094489
profile_0013,ramp,9,0.07421875,0.75748031496063
profile_0013,ramp,10,0.08203125,0.752755905511811
profile_0013,ramp,11,0.08984375,0.7480314960629921
profile_0013,ramp,12,0.09765625,0.7433070866141732
profile_0013,ramp,13,0.10546875,0.7385826771653543
profile_0013,ramp,14,0.11328125,0.7338582677165355
profile_0013,ramp,15,0.12109375,0.7291338582677166
profile_0013,ramp,16,0.12890625,0.7244094488188977
profile_0013,ramp,17,0.13671875,0.7196850393700788
profile_0013,ramp,18,0.14453125,0.7149606299212599
profile_0013,ramp,19,0.15234375,0.710236220472441
profile_0013,ramp,20,0.16015625,0.705511811023622
profile_0013,ramp,21,0.16796875,0.7007874015748032
profile_0013,ramp,22,0.17578125,0.6960629921259843
profile_0013,ramp,23,0.18359375,0.6913385826771654
profile_0013,ramp,24,0.19140625,0.6866141732283465
profile_0013,ramp,25,0.19921875,0.6818897637795276
profile_0013,ramp,26,0.20703125,0.6771653543307087
profile_0013,ramp,27,0.21484375,0.6724409448818898
profile_0013,ramp,28,0.22265625,0.6677165354330709
profile_0013,ramp,29,0.23046875,0.662992125984252
profile_0013,ramp,30,0.23828125,0.6582677165354331
profile_0013,ramp,31,0.24609375,0.6535433070866142
profile_0013,ramp,32,0.25390625,0.6488188976377953
profile_0013,ramp,33,0.26171875,0.6440944881889764
profile_0013,ramp,34,0.26953125,0.6393700787401575
profile_0013,ramp,35,0.27734375,0.6346456692913386
profile_0013,ramp,36,0.28515625,0.6299212598425197
profile_0013,ramp,37,0.29296875,0.6251968503937008
profile_0013,ramp,38,0.30078125,0.6204724409448819
profile_0013,ramp,39,0.30859375,0.615748031496063
profile_0013,ramp,40,0.31640625,0.6110236220472441
profile_0013,ramp,41,0.32421875,0.6062992125984252
profile_0013,ramp,42,0.33203125,0.6015748031496063
profile_0013,ramp,43,0.33984375,0.5968503937007874
profile_0013,ramp,44,0.34765625,0.5921259842519685
profile_0013,ramp,45,0.35546875,0.5874015748031496
profile_0013,ramp,46,0.36328125,0.5826771653543308
profile_0013,ramp,47,0.37109375,0.5779527559055118
profile_0013,ramp,48,0.37890625,0.573228346456693
profile_0013,ramp,49,0.38671875,0.568503937007874
profile_0013,ramp,50,0.39453125,0.5637795275590551
profile_0013,ramp,51,0.40234375,0.5590551181102362
profile_0013,ramp,52,0.41015625,0.5543307086614173
profile_0013,ramp,53,0.41796875,0.5496062992125984
profile_0013,ramp,54,0.42578125,0.5448818897637795
profile_0013,ramp,55,0.43359375,0.5401574803149607
profile_0013,ramp,56,0.44140625,0.5354330708661417
profile_0013,ramp,57,0.44921875,0.5307086614173229
profile_0013,ramp,58,0.45703125,0.525984251968504
profile_0013,ramp,59,0.46484375,0.521259842519685
profile_0013,ramp,60,0.47265625,0.5165354330708661
profile_0013,ramp,61,0.48046875,0.5118110236220472
profile_0013,ramp,62,0.48828125,0.5070866141732284
profile_0013,ramp,63,0.49609375,0.5023622047244094
profile_0013,ramp,64,0.50390625,0.49763779527559054
profile_0013,ramp,65,0.51171875,0.49291338582677163
profile_0013,ramp,66,0.51953125,0.4881889763779527
profile_0013,ramp,67,0.52734375,0.48346456692913387
profile_0013,ramp,68,0.53515625,0.47874015748031495
profile_0013,ramp,69,0.54296875,0.47401574803149604
profile_0013,ramp,70,0.55078125,0.46929133858267713
profile_0013,ramp,71,0.55859375,0.4645669291338583
profile_0013,ramp,72,0.56640625,0.45984251968503936
profile_0013,ramp,73,0.57421875,0.45511811023622045
profile_0013,ramp,74,0.58203125,0.45039370078740154
profile_0013,ramp,75,0.58984375,0.4456692913385827
profile_0013,ramp,76,0.59765625,0.4409448818897638
profile_0013,ramp,77,0.60546875,0.43622047244094486
profile_0013,ramp,78,0.61328125,0.43149606299212595
profile_0013,ramp,79,0.62109375,0.4267716535433071
profile_0013,ramp,80,0.62890625,0.4220472440944882
profile_0013,ramp,81,0.63671875,0.41732283464566927
profile_0013,ramp,82,0.64453125,0.41259842519685036
profile_0013,ramp,83,0.65234375,0.40787401574803145
profile_0013,ramp,84,0.66015625,0.4031496062992126
profile_0013,ramp,85,0.66796875,0.3984251968503937
profile_0013,ramp,86,0.67578125,0.39370078740157477
profile_0013,ramp,87,0.68359375,0.38897637795275586
profile_0013,ramp,88,0.69140625,0.384251968503937
profile_0013,ramp,89,0.69921875,0.3795275590551181
profile_0013,ramp,90,0.70703125,0.3748031496062992
profile_0013,ramp,91,0.71484375,0.37007874015748027
profile_0013,ramp,92,0.72265625,0.3653543307086614
profile_0013,ramp,93,0.73046875,0.3606299212598425
profile_0013,ramp,94,0.73828125,0.3559055118110236
profile_0013,ramp,95,0.74609375,0.3511811023622047
profile_0013,ramp,96,0.75390625,0.34645669291338577
profile_0013,ramp,97,0.76171875,0.3417322834645669
profile_0013,ramp,98,0.76953125,0.337007874015748
profile_0013,ramp,99,0.77734375,0.3322834645669291
profile_0013,ramp,100,0.78515625,0.3275590551181102
profile_0013,ramp,101,0.79296875,0.3228346456692913
profile_0013,ramp,102,0.80078125,0.3181102362204724
profile_0013,ramp,103,0.80859375,0.3133858267716535
profile_0013,ramp,104,0.81640625,0.3086614173228346
profile_0013,ramp,105,0.82421875,0.30393700787401573
profile_0013,ramp,106,0.83203125,0.29921259842519676
profile_0013,ramp,107,0.83984375,0.29448818897637796
profile_0013,ramp,108,0.84765625,0.28976377952755905
profile_0013,ramp,109,0.85546875,0.28503937007874014
profile_0013,ramp,110,0.86328125,0.28031496062992123
profile_0013,ramp,111,0.87109375,0.2755905511811023
profile_0013,ramp,112,0.87890625,0.2708661417322834
profile_0013,ramp,113,0.88671875,0.2661417322834645
profile_0013,ramp,114,0.89453125,0.2614173228346456
profile_0013,ramp,115,0.90234375,0.25669291338582667
profile_0013,ramp,116,0.91015625,0.25196850393700787
profile_0013,ramp,117,0.91796875,0.24724409448818896
profile_0013,ramp,118,0.92578125,0.24251968503937005
profile_0013,ramp,119,0.93359375,0.23779527559055114
profile_0013,ramp,120,0.94140625,0.23307086614173222
profile_0013,ramp,121,0.94921875,0.2283464566929133
profile_0013,ramp,122,0.95703125,0.2236220472440944
profile_0013,ramp,123,0.96484375,0.2188976377952755
profile_0013,ramp,124,0.97265625,0.2141732283464567
profile_0013,ramp,125,0.98046875,0.20944881889763778
profile_0013,ramp,126,0.98828125,0.20472440944881887
profile_0013,ramp,127,0.99609375,0.2
profile_0014,ramp,0,0.00390625,0.35
profile_0014,ramp,1,0.01171875,0.35236220472440943
profile_0014,ramp,2,0.01953125,0.3547244094488189
profile_0014,ramp,3,0.02734375,0.35708661417322834
profile_0014,ramp,4,0.03515625,0.3594488188976378
profile_0014,ramp,5,0.04296875,0.3618110236220472
profile_0014,ramp,6,0.05078125,0.36417322834645666
profile_0014,ramp,7,0.05859375,0.3665354330708661
profile_0014,ramp,8,0.06640625,0.36889763779527557
profile_0014,ramp,9,0.07421875,0.371259842519685
profile_0014,ramp,10,0.08203125,0.3736220472440945
profile_0014,ramp,11,0.08984375,0.37598425196850394
profile_0014,ramp,12,0.09765625,0.3783464566929134
profile_0014,ramp,13,0.10546875,0.38070866141732285
profile_0014,ramp,14,0.11328125,0.38307086614173225
profile_0014,ramp,15,0.12109375,0.3854330708661417
profile_0014,ramp,16,0.12890625,0.38779527559055116
profile_0014,ramp,17,0.13671875,0.3901574803149606
profile_0014,ramp,18,0.14453125,0.39251968503937007
profile_0014,ramp,19,0.15234375,0.3948818897637795
profile_0014,ramp,20,0.16015625,0.397244094488189
profile_0014,ramp,21,0.16796875,0.3996062992125984
profile_0014,ramp,22,0.17578125,0.40196850393700784
profile_0014,ramp,23,0.18359375,0.4043307086614173
profile_0014,ramp,24,0.19140625,0.40669291338582675
profile_0014,ramp,25,0.19921875,0.4090551181102362
profile_0014,ramp,26,0.20703125,0.41141732283464566
profile_0014,ramp,27,0.21484375,0.4137795275590551
profile_0014,ramp,28,0.22265625,0.41614173228346457
profile_0014,ramp,29,0.23046875,0.418503937007874
profile_0014,ramp,30,0.23828125,0.4208661417322834
profile_0014,ramp,31,0.24609375,0.4232283464566929
profile_0014,ramp,32,0.25390625,0.42559055118110234
profile_0014,ramp,33,0.26171875,0.4279527559055118
profile_0014,ramp,34,0.26953125,0.43031496062992125
profile_0014,ramp,35,0.27734375,0.4326771653543307
profile_0014,ramp,36,0.28515625,0.43503937007874016
profile_0014,ramp,37,0.29296875,0.4374015748031496
profile_0014,ramp,38,0.30078125,0.4397637795275591
profile_0014,ramp,39,0.30859375,0.4421259842519685
profile_0014,ramp,40,0.31640625,0.44448818897637793
profile_0014,ramp,41,0.32421875,0.4468503937007874
profile_0014,ramp,42,0.33203125,0.44921259842519684
profile_0014,ramp,43,0.33984375,0.4515748031496063
profile_0014,ramp,44,0.34765625,0.45393700787401575
profile_0014,ramp,45,0.35546875,0.4562992125984252
profile_0014,ramp,46,0.36328125,0.4586614173228346
profile_0014,ramp,47,0.37109375,0.4610236220472441
profile_0014,ramp,48,0.37890625,0.4633858267716535
profile_0014,ramp,49,0.38671875,0.465748031496063
profile_0014,ramp,50,0.39453125,0.46811023622047243
profile_0014,ramp,51,0.40234375,0.4704724409448819
profile_0014,ramp,52,0.41015625,0.47283464566929134
profile_0014,ramp,53,0.41796875,0.4751968503937008
profile_0014,ramp,54,0.42578125,0.47755905511811025
profile_0014,ramp,55,0.43359375,0.47992125984251965
profile_0014,ramp,56,0.44140625,0.48228346456692917
profile_0014,ramp,57,0.44921875,0.48464566929133857
profile_0014,ramp,58,0.45703125,0.487007874015748
profile_0014,ramp,59,0.46484375,0.4893700787401575
profile_0014,ramp,60,0.47265625,0.49173228346456693
profile_0014,ramp,61,0.48046875,0.4940944881889764
profile_0014,ramp,62,0.48828125,0.4964566929133858
profile_0014,ramp,63,0.49609375,0.4988188976377953
profile_0014,ramp,64,0.50390625,0.5011811023622047
profile_0014,ramp,65,0.51171875,0.5035433070866142
profile_0014,ramp,66,0.51953125,0.5059055118110236
profile_0014,ramp,67,0.52734375,0.508267716535433
profile_0014,ramp,68,0.53515625,0.5106299212598425
profile_0014,ramp,69,0.54296875,0.512992125984252
profile_0014,ramp,70,0.55078125,0.5153543307086614
profile_0014,ramp,71,0.55859375,0.5177165354330708
profile_0014,ramp,72,0.56640625,0.5200787401574803
profile_0014,ramp,73,0.57421875,0.5224409448818897
profile_0014,ramp,74,0.58203125,0.5248031496062993
profile_0014,ramp,75,0.58984375,0.5271653543307087
profile_0014,ramp,76,0.59765625,0.5295275590551181
profile_0014,ramp,77,0.60546875,0.5318897637795276
profile_0014,ramp,78,0.61328125,0.5342519685039371
profile_0014,ramp,79,0.62109375,0.5366141732283465
profile_0014,ramp,80,0.62890625,0.5389763779527559
profile_0014,ramp,81,0.63671875,0.5413385826771654
profile_0014,ramp,82,0.64453125,0.5437007874015748
profile_0014,ramp,83,0.65234375,0.5460629921259843
profile_0014,ramp,84,0.66015625,0.5484251968503937
profile_0014,ramp,85,0.66796875,0.5507874015748031
profile_0014,ramp,86,0.67578125,0.5531496062992126
profile_0014,ramp,87,0.68359375,0.5555118110236221
profile_0014,ramp,88,0.69140625,0.5578740157480315
profile_0014,ramp,89,0.69921875,0.5602362204724409
profile_0014,ramp,90,0.70703125,0.5625984251968504
profile_0014,ramp,91,0.71484375,0.5649606299212598
profile_0014,ramp,92,0.72265625,0.5673228346456693
profile_0014,ramp,93,0.73046875,0.5696850393700787
profile_0014,ramp,94,0.73828125,0.5720472440944881
profile_0014,ramp,95,0.74609375,0.5744094488188977
profile_0014,ramp,96,0.75390625,0.5767716535433072
profile_0014,ramp,97,0.76171875,0.5791338582677166
profile_0014,ramp,98,0.76953125,0.581496062992126
profile_0014,ramp,99,0.77734375,0.5838582677165355
profile_0014,ramp,100,0.78515625,0.5862204724409449
profile_0014,ramp,101,0.79296875,0.5885826771653544
profile_0014,ramp,102,0.80078125,0.5909448818897638
profile_0014,ramp,103,0.80859375,0.5933070866141732
profile_0014,ramp,104,0.81640625,0.5956692913385827
profile_0014,ramp,105,0.82421875,0.5980314960629921
profile_0014,ramp,106,0.83203125,0.6003937007874016
profile_0014,ramp,107,0.83984375,0.602755905511811
profile_0014,ramp,108,0.84765625,0.6051181102362204
profile_0014,ramp,109,0.85546875,0.6074803149606299
profile_0014,ramp,110,0.86328125,0.6098425196850394
profile_0014,ramp,111,0.87109375,0.6122047244094488
profile_0014,ramp,112,0.87890625,0.6145669291338582
profile_0014,ramp,113,0.88671875,0.6169291338582678
profile_0014,ramp,114,0.89453125,0.6192913385826773
profile_0014,ramp,115,0.90234375,0.6216535433070867
profile_0014,ramp,116,0.91015625,0.6240157480314961
profile_0014,ramp,117,0.91796875,0.6263779527559055
profile_0014,ramp,118,0.92578125,0.628740157480315
profile_0014,ramp,119,0.93359375,0.6311023622047245
profile_0014,ramp,120,0.94140625,0.6334645669291339
profile_0014,ramp,121,0.94921875,0.6358267716535433
profile_0014,ramp,122,0.95703125,0.6381889763779528
profile_0014,ramp,123,0.96484375,0.6405511811023623
profile_0014,ramp,124,0.97265625,0.6429133858267717
profile_0014,ramp,125,0.98046875,0.6452755905511811
profile_0014,ramp,126,0.98828125,0.6476377952755905
profile_0014,ramp,127,0.99609375,0.65
profile_0015,ramp,0,0.00390625,0.65
profile_0015,ramp,1,0.01171875,0.6476377952755906
profile_0015,ramp,2,0.01953125,0.6452755905511811
profile_0015,ramp,3,0.02734375,0.6429133858267717
profile_0015,ramp,4,0.03515625,0.6405511811023622
profile_0015,ramp,5,0.04296875,0.6381889763779528
profile_0015,ramp,6,0.05078125,0.6358267716535433
profile_0015,ramp,7,0.05859375,0.6334645669291339
profile_0015,ramp,8,0.06640625,0.6311023622047244
profile_0015,ramp,9,0.07421875,0.628740157480315
profile_0015,ramp,10,0.08203125,0.6263779527559056
profile_0015,ramp,11,0.08984375,0.6240157480314961
profile_0015,ramp,12,0.09765625,0.6216535433070867
profile_0015,ramp,13,0.10546875,0.6192913385826772
profile_0015,ramp,14,0.11328125,0.6169291338582678
profile_0015,ramp,15,0.12109375,0.6145669291338582
profile_0015,ramp,16,0.12890625,0.6122047244094488
profile_0015,ramp,17,0.13671875,0.6098425196850394
profile_0015,ramp,18,0.14453125,0.6074803149606299
profile_0015,ramp,19,0.15234375,0.6051181102362205
profile_0015,ramp,20,0.16015625,0.602755905511811
profile_0015,ramp,21,0.16796875,0.6003937007874016
profile_0015,ramp,22,0.17578125,0.5980314960629921
profile_0015,ramp,23,0.18359375,0.5956692913385827
profile_0015,ramp,24,0.19140625,0.5933070866141732
profile_0015,ramp,25,0.19921875,0.5909448818897638
profile_0015,ramp,26,0.20703125,0.5885826771653544
profile_0015,ramp,27,0.21484375,0.5862204724409449
profile_0015,ramp,28,0.22265625,0.5838582677165355
profile_0015,ramp,29,0.23046875,0.581496062992126
profile_0015,ramp,30,0.23828125,0.5791338582677166
profile_0015,ramp,31,0.24609375,0.5767716535433071
profile_0015,ramp,32,0.25390625,0.5744094488188977
profile_0015,ramp,33,0.26171875,0.5720472440944881
profile_0015,ramp,34,0.26953125,0.5696850393700787
profile_0015,ramp,35,0.27734375,0.5673228346456693
profile_0015,ramp,36,0.28515625,0.5649606299212598
profile_0015,ramp,37,0.29296875,0.5625984251968504
profile_0015,ramp,38,0.30078125,0.5602362204724409
profile_0015,ramp,39,0.30859375,0.5578740157480315
profile_0015,ramp,40,0.31640625,0.555511811023622
profile_0015,ramp,41,0.32421875,0.5531496062992126
profile_0015,ramp,42,0.33203125,0.5507874015748031
profile_0015,ramp,43,0.33984375,0.5484251968503937
profile_0015,ramp,44,0.34765625,0.5460629921259843
profile_0015,ramp,45,0.35546875,0.5437007874015748
profile_0015,ramp,46,0.36328125,0.5413385826771654
profile_0015,ramp,47,0.37109375,0.5389763779527559
profile_0015,ramp,48,0.37890625,0.5366141732283465
profile_0015,ramp,49,0.38671875,0.534251968503937
profile_0015,ramp,50,0.39453125,0.5318897637795276
profile_0015,ramp,51,0.40234375,0.5295275590551181
profile_0015,ramp,52,0.41015625,0.5271653543307087
profile_0015,ramp,53,0.41796875,0.5248031496062993
profile_0015,ramp,54,0.42578125,0.5224409448818897
profile_0015,ramp,55,0.43359375,0.5200787401574803
profile_0015,ramp,56,0.44140625,0.5177165354330708
profile_0015,ramp,57,0.44921875,0.5153543307086614
profile_0015,ramp,58,0.45703125,0.512992125984252
profile_0015,ramp,59,0.46484375,0.5106299212598425
profile_0015,ramp,60,0.47265625,0.508267716535433
profile_0015,ramp,61,0.48046875,0.5059055118110236
profile_0015,ramp,62,0.48828125,0.5035433070866142
profile_0015,ramp,63,0.49609375,0.5011811023622047
profile_0015,ramp,64,0.50390625,0.4988188976377953
profile_0015,ramp,65,0.51171875,0.4964566929133858
profile_0015,ramp,66,0.51953125,0.4940944881889764
profile_0015,ramp,67,0.52734375,0.49173228346456693
profile_0015,ramp,68,0.53515625,0.4893700787401575
profile_0015,ramp,69,0.54296875,0.487007874015748
profile_0015,ramp,70,0.55078125,0.48464566929133857
profile_0015,ramp,71,0.55859375,0.48228346456692917
profile_0015,ramp,72,0.56640625,0.47992125984251965
profile_0015,ramp,73,0.57421875,0.47755905511811025
profile_0015,ramp,74,0.58203125,0.47519685039370074
profile_0015,ramp,75,0.58984375,0.47283464566929134
profile_0015,ramp,76,0.59765625,0.4704724409448819
profile_0015,ramp,77,0.60546875,0.46811023622047243
profile_0015,ramp,78,0.61328125,0.465748031496063
profile_0015,ramp,79,0.62109375,0.4633858267716535
profile_0015,ramp,80,0.62890625,0.4610236220472441
profile_0015,ramp,81,0.63671875,0.4586614173228346
profile_0015,ramp,82,0.64453125,0.4562992125984252
profile_0015,ramp,83,0.65234375,0.4539370078740157
profile_0015,ramp,84,0.66015625,0.4515748031496063
profile_0015,ramp,85,0.66796875,0.44921259842519684
profile_0015,ramp,86,0.67578125,0.4468503937007874
profile_0015,ramp,87,0.68359375,0.44448818897637793
profile_0015,ramp,88,0.69140625,0.4421259842519685
profile_0015,ramp,89,0.69921875,0.4397637795275591
profile_0015,ramp,90,0.70703125,0.43740157480314956
profile_0015,ramp,91,0.71484375,0.43503937007874016
profile_0015,ramp,92,0.72265625,0.4326771653543307
profile_0015,ramp,93,0.73046875,0.43031496062992125
profile_0015,ramp,94,0.73828125,0.4279527559055118
profile_0015,ramp,95,0.74609375,0.42559055118110234
profile_0015,ramp,96,0.75390625,0.4232283464566929
profile_0015,ramp,97,0.76171875,0.4208661417322834
profile_0015,ramp,98,0.76953125,0.418503937007874
profile_0015,ramp,99,0.77734375,0.4161417322834645
profile_0015,ramp,100,0.78515625,0.4137795275590551
profile_0015,ramp,101,0.79296875,0.41141732283464566
profile_0015,ramp,102,0.80078125,0.4090551181102362
profile_0015,ramp,103,0.80859375,0.40669291338582675
profile_0015,ramp,104,0.81640625,0.4043307086614173
profile_0015,ramp,105,0.82421875,0.4019685039370079
profile_0015,ramp,106,0.83203125,0.3996062992125984
profile_0015,ramp,107,0.83984375,0.397244094488189
profile_0015,ramp,108,0.84765625,0.3948818897637795
profile_0015,ramp,109,0.85546875,0.39251968503937007
profile_0015,ramp,110,0.86328125,0.3901574803149606
profile_0015,ramp,111,0.87109375,0.38779527559055116
profile_0015,ramp,112,0.87890625,0.3854330708661417
profile_0015,ramp,113,0.88671875,0.38307086614173225
profile_0015,ramp,114,0.89453125,0.3807086614173228
profile_0015,ramp,115,0.90234375,0.37834645669291334
profile_0015,ramp,116,0.91015625,0.37598425196850394
profile_0015,ramp,117,0.91796875,0.3736220472440945
profile_0015,ramp,118,0.92578125,0.371259842519685
profile_0015,ramp,119,0.93359375,0.36889763779527557
profile_0015,ramp,120,0.94140625,0.3665354330708661
profile_0015,ramp,121,0.94921875,0.36417322834645666
profile_0015,ramp,122,0.95703125,0.3618110236220472
profile_0015,ramp,123,0.96484375,0.35944881889763775
profile_0015,ramp,124,0.97265625,0.35708661417322834
profile_0015,ramp,125,0.98046875,0.3547244094488189
profile_0015,ramp,126,0.98828125,0.35236220472440943
profile_0015,ramp,127,0.99609375,0.35
profile_0016,low_frequency,0,0.00390625,0.47674551154396416
profile_0016,low_frequency,1,0.01171875,0.4790079564605281
profile_0016,low_frequency,2,0.01953125,0.4834973966803071
profile_0016,low_frequency,3,0.02734375,0.4901432427811889
profile_0016,low_frequency,4,0.03515625,0.49884039367801036
profile_0016,low_frequency,5,0.04296875,0.5094501994411536
profile_0016,low_frequency,6,0.05078125,0.5218017814699021
profile_0016,low_frequency,7,0.05859375,0.5356937369770891
profile_0016,low_frequency,8,0.06640625,0.5508962564165532
profile_0016,low_frequency,9,0.07421875,0.5671536811699223
profile_0016,low_frequency,10,0.08203125,0.5841875242700947
profile_0016,low_frequency,11,0.08984375,0.6016999691121736
profile_0016,low_frequency,12,0.09765625,0.6193778501037019
profile_0016,low_frequency,13,0.10546875,0.6368971053274763
profile_0016,low_frequency,14,0.11328125,0.6539276749934388
profile_0016,low_frequency,15,0.12109375,0.6701388013545686
profile_0016,low_frequency,16,0.12890625,0.6852046665968738
profile_0016,low_frequency,17,0.13671875,0.698810285825008
profile_0016,low_frequency,18,0.14453125,0.7106575535549475
profile_0016,low_frequency,19,0.15234375,0.7204713250196702
profile_0016,low_frequency,20,0.16015625,0.7280053990021251
profile_0016,low_frequency,21,0.16796875,0.7330482576830644
profile_0016,low_frequency,22,0.17578125,0.7354284118830052
profile_0016,low_frequency,23,0.18359375,0.7350191977067762
profile_0016,low_frequency,24,0.19140625,0.7317428734189111
profile_0016,low_frequency,25,0.19921875,0.7255738736499566
profile_0016,low_frequency,26,0.20703125,0.7165410918090296
profile_0016,low_frequency,27,0.21484375,0.7047290806881872
profile_0016,low_frequency,28,0.22265625,0.6902780852997072
profile_0016,low_frequency,29,0.23046875,0.6733828503852686
profile_0016,low_frequency,30,0.23828125,0.6542901769768474
profile_0016,low_frequency,31,0.24609375,0.6332952369021201
profile_0016,low_frequency,32,0.25390625,0.6107366901028874
profile_0016,low_frequency,33,0.26171875,0.5869906858647034
profile_0016,low_frequency,34,0.26953125,0.5624638642751072
profile_0016,low_frequency,35,0.27734375,0.5375855071642626
profile_0016,low_frequency,36,0.28515625,0.5127990172035308
profile_0016,low_frequency,37,0.29296875,0.48855292860176713
profile_0016,low_frequency,38,0.30078125,0.46529167193793386
profile_0016,low_frequency,39,0.30859375,0.44344632827071206
profile_0016,low_frequency,40,0.31640625,0.4234256131522678
profile_0016,low_frequency,41,0.32421875,0.4056073291661145
profile_0016,low_frequency,42,0.33203125,0.39033051599054513
profile_0016,low_frequency,43,0.33984375,0.3778885099124005
profile_0016,low_frequency,44,0.34765625,0.3685231006046892
profile_0016,low_frequency,45,0.35546875,0.3624199425197212
profile_0016,low_frequency,46,0.36328125,0.3597053423609774
profile_0016,low_frequency,47,0.37109375,0.36044450391604166
profile_0016,low_frequency,48,0.37890625,0.36464126836581
profile_0016,low_frequency,49,0.38671875,0.3722393434647635
profile_0016,low_frequency,50,0.39453125,0.38312497022230163
profile_0016,low_frequency,51,0.40234375,0.39713093243659336
profile_0016,low_frequency,52,0.41015625,0.41404177413649257
profile_0016,low_frequency,53,0.41796875,0.43360005408057667
profile_0016,low_frequency,54,0.42578125,0.4555134362097657
profile_0016,low_frequency,55,0.43359375,0.47946239142532054
profile_0016,low_frequency,56,0.44140625,0.5051082701094882
profile_0016,low_frequency,57,0.44921875,0.5321014969985993
profile_0016,low_frequency,58,0.45703125,0.5600896406459697
profile_0016,low_frequency,59,0.46484375,0.5887251187602578
profile_0016,low_frequency,60,0.47265625,0.617672317855368
profile_0016,low_frequency,61,0.48046875,0.6466139302869451
profile_0016,low_frequency,62,0.48828125,0.6752563429896834
profile_0016,low_frequency,63,0.49609375,0.7033339489368804
profile_0016,low_frequency,64,0.50390625,0.7306122931830865
profile_0016,low_frequency,65,0.51171875,0.756890008830974
profile_0016,low_frequency,66,0.51953125,0.7819995427920907
profile_0016,low_frequency,67,0.52734375,0.8058067151527935
profile_0016,low_frequency,68,0.53515625,0.8282091976941162
profile_0016,low_frequency,69,0.54296875,0.849134035108629
profile_0016,low_frequency,70,0.55078125,0.8685343653056858
profile_0016,low_frequency,71,0.55859375,0.8863855216853176
profile_0016,low_frequency,72,0.56640625,0.9026807194125341
profile_0016,low_frequency,73,0.57421875,0.9174265388337377
profile_0016,low_frequency,74,0.58203125,0.9306384218423671
profile_0016,low_frequency,75,0.58984375,0.9423363911370792
profile_0016,low_frequency,76,0.59765625,0.9525411881607302
profile_0016,low_frequency,77,0.60546875,0.961271003615934
profile_0016,low_frequency,78,0.61328125,0.9685389456730791
profile_0016,low_frequency,79,0.62109375,0.9743513564352977
profile_0016,low_frequency,80,0.62890625,0.9787070482430629
profile_0016,low_frequency,81,0.63671875,0.981597489505448
profile_0016,low_frequency,82,0.64453125,0.98300792657146
profile_0016,low_frequency,83,0.65234375,0.982919385396956
profile_0016,low_frequency,84,0.66015625,0.9813114561081346
profile_0016,low_frequency,85,0.66796875,0.9781657266290591
profile_0016,low_frequency,86,0.67578125,0.973469699813716
profile_0016,low_frequency,87,0.68359375,0.9672210032990258
profile_0016,low_frequency,88,0.69140625,0.9594316836304762
profile_0016,low_frequency,89,0.69921875,0.9501323668812836
profile_0016,low_frequency,90,0.70703125,0.9393760674506215
profile_0016,low_frequency,91,0.71484375,0.9272414351145684
profile_0016,low_frequency,92,0.72265625,0.9138352475023046
profile_0016,low_frequency,93,0.73046875,0.8992939804313371
profile_0016,low_frequency,94,0.73828125,0.8837843210929697
profile_0016,low_frequency,95,0.74609375,0.8675025277789588
profile_0016,low_frequency,96,0.75390625,0.8506725832813498
profile_0016,low_frequency,97,0.76171875,0.8335431356827512
profile_0016,low_frequency,98,0.76953125,0.8163832682485543
profile_0016,low_frequency,99,0.77734375,0.7994771877263749
profile_0016,low_frequency,100,0.78515625,0.7831179657348857
profile_0016,low_frequency,101,0.79296875,0.7676005093286182
profile_0016,low_frequency,102,0.80078125,0.7532139726286586
profile_0016,low_frequency,103,0.80859375,0.740233850171806
profile_0016,low_frequency,104,0.81640625,0.7289140131572442
profile_0016,low_frequency,105,0.82421875,0.7194789611556698
profile_0016,low_frequency,106,0.83203125,0.7121165635136855
profile_0016,low_frequency,107,0.83984375,0.7069715564102839
profile_0016,low_frequency,108,0.84765625,0.7041400434394816
profile_0016,low_frequency,109,0.85546875,0.7036652202019538
profile_0016,low_frequency,110,0.86328125,0.7055345075331492
profile_0016,low_frequency,111,0.87109375,0.7096782348382222
profile_0016,low_frequency,112,0.87890625,0.7159699659856369
profile_0016,low_frequency,113,0.88671875,0.7242285069997383
profile_0016,low_frequency,114,0.89453125,0.7342215792249485
profile_0016,low_frequency,115,0.90234375,0.7456710856506643
profile_0016,low_frequency,116,0.91015625,0.7582598436601149
profile_0016,low_frequency,117,0.91796875,0.771639606534168
profile_0016,low_frequency,118,0.92578125,0.7854401504301185
profile_0016,low_frequency,119,0.93359375,0.7992791649187172
profile_0016,low_frequency,120,0.94140625,0.8127726549176355
profile_0016,low_frequency,121,0.94921875,0.8255455411358046
profile_0016,low_frequency,122,0.95703125,0.8372421357405253
profile_0016,low_frequency,123,0.96484375,0.8475361703175142
profile_0016,low_frequency,124,0.97265625,0.8561400643753876
profile_0016,low_frequency,125,0.98046875,0.862813144331521
profile_0016,low_frequency,126,0.98828125,0.867368554415815
profile_0016,low_frequency,127,0.99609375,0.8696786412051138
profile_0017,piecewise,0,0.00390625,0.3037876347746765
profile_0017,piecewise,1,0.01171875,0.607575269549353
profile_0017,piecewise,2,0.01953125,0.607575269549353
profile_0017,piecewise,3,0.02734375,0.607575269549353
profile_0017,piecewise,4,0.03515625,0.607575269549353
profile_0017,piecewise,5,0.04296875,0.607575269549353
profile_0017,piecewise,6,0.05078125,0.607575269549353
profile_0017,piecewise,7,0.05859375,0.607575269549353
profile_0017,piecewise,8,0.06640625,0.607575269549353
profile_0017,piecewise,9,0.07421875,0.607575269549353
profile_0017,piecewise,10,0.08203125,0.607575269549353
profile_0017,piecewise,11,0.08984375,0.607575269549353
profile_0017,piecewise,12,0.09765625,0.607575269549353
profile_0017,piecewise,13,0.10546875,0.607575269549353
profile_0017,piecewise,14,0.11328125,0.607575269549353
profile_0017,piecewise,15,0.12109375,0.607575269549353
profile_0017,piecewise,16,0.12890625,0.607575269549353
profile_0017,piecewise,17,0.13671875,0.607575269549353
profile_0017,piecewise,18,0.14453125,0.607575269549353
profile_0017,piecewise,19,0.15234375,0.607575269549353
profile_0017,piecewise,20,0.16015625,0.607575269549353
profile_0017,piecewise,21,0.16796875,0.607575269549353
profile_0017,piecewise,22,0.17578125,0.607575269549353
profile_0017,piecewise,23,0.18359375,0.607575269549353
profile_0017,piecewise,24,0.19140625,0.607575269549353
profile_0017,piecewise,25,0.19921875,0.607575269549353
profile_0017,piecewise,26,0.20703125,0.6121906192205318
profile_0017,piecewise,27,0.21484375,0.6168059688917105
profile_0017,piecewise,28,0.22265625,0.6168059688917105
profile_0017,piecewise,29,0.23046875,0.6168059688917105
profile_0017,piecewise,30,0.23828125,0.6168059688917105
profile_0017,piecewise,31,0.24609375,0.6168059688917105
profile_0017,piecewise,32,0.25390625,0.6168059688917105
profile_0017,piecewise,33,0.26171875,0.6168059688917105
profile_0017,piecewise,34,0.26953125,0.6168059688917105
profile_0017,piecewise,35,0.27734375,0.6168059688917105
profile_0017,piecewise,36,0.28515625,0.6168059688917105
profile_0017,piecewise,37,0.29296875,0.6168059688917105
profile_0017,piecewise,38,0.30078125,0.6168059688917105
profile_0017,piecewise,39,0.30859375,0.6168059688917105
profile_0017,piecewise,40,0.31640625,0.6168059688917105
profile_0017,piecewise,41,0.32421875,0.6168059688917105
profile_0017,piecewise,42,0.33203125,0.6168059688917105
profile_0017,piecewise,43,0.33984375,0.6168059688917105
profile_0017,piecewise,44,0.34765625,0.6168059688917105
profile_0017,piecewise,45,0.35546875,0.6168059688917105
profile_0017,piecewise,46,0.36328125,0.6168059688917105
profile_0017,piecewise,47,0.37109375,0.6168059688917105
profile_0017,piecewise,48,0.37890625,0.6168059688917105
profile_0017,piecewise,49,0.38671875,0.6168059688917105
profile_0017,piecewise,50,0.39453125,0.6168059688917105
profile_0017,piecewise,51,0.40234375,0.5322167430775611
profile_0017,piecewise,52,0.41015625,0.44762751726341166
profile_0017,piecewise,53,0.41796875,0.44762751726341166
profile_0017,piecewise,54,0.42578125,0.44762751726341166
profile_0017,piecewise,55,0.43359375,0.44762751726341166
profile_0017,piecewise,56,0.44140625,0.44762751726341166
profile_0017,piecewise,57,0.44921875,0.44762751726341166
profile_0017,piecewise,58,0.45703125,0.44762751726341166
profile_0017,piecewise,59,0.46484375,0.44762751726341166
profile_0017,piecewise,60,0.47265625,0.44762751726341166
profile_0017,piecewise,61,0.48046875,0.44762751726341166
profile_0017,piecewise,62,0.48828125,0.44762751726341166
profile_0017,piecewise,63,0.49609375,0.44762751726341166
profile_0017,piecewise,64,0.50390625,0.44762751726341166
profile_0017,piecewise,65,0.51171875,0.44762751726341166
profile_0017,piecewise,66,0.51953125,0.44762751726341166
profile_0017,piecewise,67,0.52734375,0.44762751726341166
profile_0017,piecewise,68,0.53515625,0.44762751726341166
profile_0017,piecewise,69,0.54296875,0.44762751726341166
profile_0017,piecewise,70,0.55078125,0.44762751726341166
profile_0017,piecewise,71,0.55859375,0.44762751726341166
profile_0017,piecewise,72,0.56640625,0.44762751726341166
profile_0017,piecewise,73,0.57421875,0.44762751726341166
profile_0017,piecewise,74,0.58203125,0.44762751726341166
profile_0017,piecewise,75,0.58984375,0.44762751726341166
profile_0017,piecewise,76,0.59765625,0.44762751726341166
profile_0017,piecewise,77,0.60546875,0.5813089824739444
profile_0017,piecewise,78,0.61328125,0.7149904476844772
profile_0017,piecewise,79,0.62109375,0.7149904476844772
profile_0017,piecewise,80,0.62890625,0.7149904476844772
profile_0017,piecewise,81,0.63671875,0.7149904476844772
profile_0017,piecewise,82,0.64453125,0.7149904476844772
profile_0017,piecewise,83,0.65234375,0.7149904476844772
profile_0017,piecewise,84,0.66015625,0.7149904476844772
profile_0017,piecewise,85,0.66796875,0.7149904476844772
profile_0017,piecewise,86,0.67578125,0.7149904476844772
profile_0017,piecewise,87,0.68359375,0.7149904476844772
profile_0017,piecewise,88,0.69140625,0.7149904476844772
profile_0017,piecewise,89,0.69921875,0.7149904476844772
profile_0017,piecewise,90,0.70703125,0.7149904476844772
profile_0017,piecewise,91,0.71484375,0.7149904476844772
profile_0017,piecewise,92,0.72265625,0.7149904476844772
profile_0017,piecewise,93,0.73046875,0.7149904476844772
profile_0017,piecewise,94,0.73828125,0.7149904476844772
profile_0017,piecewise,95,0.74609375,0.7149904476844772
profile_0017,piecewise,96,0.75390625,0.7149904476844772
profile_0017,piecewise,97,0.76171875,0.7149904476844772
profile_0017,piecewise,98,0.76953125,0.7149904476844772
profile_0017,piecewise,99,0.77734375,0.7149904476844772
profile_0017,piecewise,100,0.78515625,0.7149904476844772
profile_0017,piecewise,101,0.79296875,0.7149904476844772
profile_0017,piecewise,102,0.80078125,0.7039467004204711
profile_0017,piecewise,103,0.80859375,0.692902953156465
profile_0017,piecewise,104,0.81640625,0.692902953156465
profile_0017,piecewise,105,0.82421875,0.692902953156465
profile_0017,piecewise,106,0.83203125,0.692902953156465
profile_0017,piecewise,107,0.83984375,0.692902953156465
profile_0017,piecewise,108,0.84765625,0.692902953156465
profile_0017,piecewise,109,0.85546875,0.692902953156465
profile_0017,piecewise,110,0.86328125,0.692902953156465
profile_0017,piecewise,111,0.87109375,0.692902953156465
profile_0017,piecewise,112,0.87890625,0.692902953156465
profile_0017,piecewise,113,0.88671875,0.692902953156465
profile_0017,piecewise,114,0.89453125,0.692902953156465
profile_0017,piecewise,115,0.90234375,0.692902953156465
profile_0017,piecewise,116,0.91015625,0.692902953156465
profile_0017,piecewise,117,0.91796875,0.692902953156465
profile_0017,piecewise,118,0.92578125,0.692902953156465
profile_0017,piecewise,119,0.93359375,0.692902953156465
profile_0017,piecewise,120,0.94140625,0.692902953156465
profile_0017,piecewise,121,0.94921875,0.692902953156465
profile_0017,piecewise,122,0.95703125,0.692902953156465
profile_0017,piecewise,123,0.96484375,0.692902953156465
profile_0017,piecewise,124,0.97265625,0.692902953156465
profile_0017,piecewise,125,0.98046875,0.692902953156465
profile_0017,piecewise,126,0.98828125,0.692902953156465
profile_0017,piecewise,127,0.99609375,0.692902953156465
profile_0018,high_frequency,0,0.00390625,0.6907062716420613
profile_0018,high_frequency,1,0.01171875,0.5982407779463782
profile_0018,high_frequency,2,0.01953125,0.48867509102502155
profile_0018,high_frequency,3,0.02734375,0.39047722699638016
profile_0018,high_frequency,4,0.03515625,0.3291615458257708
profile_0018,high_frequency,5,0.04296875,0.320659456779379
profile_0018,high_frequency,6,0.05078125,0.3671800237969618
profile_0018,high_frequency,7,0.05859375,0.456635993205353
profile_0018,high_frequency,8,0.06640625,0.5657843767062904
profile_0018,high_frequency,9,0.07421875,0.6662655844673196
profile_0018,high_frequency,10,0.08203125,0.7319719844139091
profile_0018,high_frequency,11,0.08984375,0.7458313443051067
profile_0018,high_frequency,12,0.09765625,0.7042426418513671
profile_0018,high_frequency,13,0.10546875,0.6180117039959903
profile_0018,high_frequency,14,0.11328125,0.509543571931595
profile_0018,high_frequency,15,0.12109375,0.4070210884687888
profile_0018,high_frequency,16,0.12890625,0.33708226221889165
profile_0018,high_frequency,17,0.13671875,0.31789901989480246
profile_0018,high_frequency,18,0.14453125,0.35445566695774744
profile_0018,high_frequency,19,0.15234375,0.4372538353778783
profile_0018,high_frequency,20,0.16015625,0.5447804067749017
profile_0018,high_frequency,21,0.16796875,0.6490971802969145
profile_0018,high_frequency,22,0.17578125,0.7230999440917658
profile_0018,high_frequency,23,0.18359375,0.7475608547377341
profile_0018,high_frequency,24,0.19140625,0.7161243312303422
profile_0018,high_frequency,25,0.19921875,0.6369584002854445
profile_0018,high_frequency,26,0.20703125,0.5306324304845036
profile_0018,high_frequency,27,0.21484375,0.42477267514776923
profile_0018,high_frequency,28,0.22265625,0.3468842529478223
profile_0018,high_frequency,29,0.23046875,0.3172046024562437
profile_0018,high_frequency,30,0.23828125,0.34344526906943884
profile_0018,high_frequency,31,0.24609375,0.4187882448773412
profile_0018,high_frequency,32,0.25390625,0.5236574645078934
profile_0018,high_frequency,33,0.26171875,0.6308051762365241
profile_0018,high_frequency,34,0.26953125,0.7123916168102669
profile_0018,high_frequency,35,0.27734375,0.747218506269791
profile_0018,high_frequency,36,0.28515625,0.726236912615075
profile_0018,high_frequency,37,0.29296875,0.6548983997721551
profile_0018,high_frequency,38,0.30078125,0.551738569447539
profile_0018,high_frequency,39,0.30859375,0.4435610295495978
profile_0018,high_frequency,40,0.31640625,0.35847311948353006
profile_0018,high_frequency,41,0.32421875,0.3185828920832431
profile_0018,high_frequency,42,0.33203125,0.3342548662825957
profile_0018,high_frequency,43,0.33984375,0.40141705543457884
profile_0018,high_frequency,44,0.34765625,0.5026189753862715
profile_0018,high_frequency,45,0.35546875,0.6115657342846758
profile_0018,high_frequency,46,0.36328125,0.6999501296148999
profile_0018,high_frequency,47,0.37109375,0.7448075959041706
profile_0018,high_frequency,48,0.37890625,0.7344829963187307
profile_0018,high_frequency,49,0.38671875,0.6716589304540648
profile_0018,high_frequency,50,0.39453125,0.572658725164699
profile_0018,high_frequency,51,0.40234375,0.46320520955062705
profile_0018,high_frequency,52,0.41015625,0.37173725470615704
profile_0018,high_frequency,53,0.41796875,0.3220206150932431
profile_0018,high_frequency,54,0.42578125,0.32697296720004076
profile_0018,high_frequency,55,0.43359375,0.3853075610999839
profile_0018,high_frequency,56,0.44140625,0.4818675515610854
profile_0018,high_frequency,57,0.44921875,0.591564140784715
profile_0018,high_frequency,58,0.45703125,0.6858953008285652
profile_0018,high_frequency,59,0.46484375,0.7403513420256312
profile_0018,high_frequency,60,0.47265625,0.7407831680474758
profile_0018,high_frequency,61,0.48046875,0.6870785792584685
profile_0018,high_frequency,62,0.48828125,0.5931914251003079
profile_0018,high_frequency,63,0.49609375,0.48351603095884604
profile_0018,high_frequency,64,0.50390625,0.38654891774259614
profile_0018,high_frequency,65,0.51171875,0.3274846643344067
profile_0018,high_frequency,66,0.51953125,0.3216697004906299
profile_0018,high_frequency,67,0.52734375,0.3706149051103428
profile_0018,high_frequency,68,0.53515625,0.4616030405876536
profile_0018,high_frequency,69,0.54296875,0.5709930220160288
profile_0018,high_frequency,70,0.55078125,0.6703624861356249
profile_0018,high_frequency,71,0.55859375,0.7338926607950593
profile_0018,high_frequency,72,0.56640625,0.7450767537035381
profile_0018,high_frequency,73,0.57421875,0.7010088465381411
profile_0018,high_frequency,74,0.58203125,0.6131389281296667
profile_0018,high_frequency,75,0.58984375,0.5042978894610685
profile_0018,high_frequency,76,0.59765625,0.4027654641809262
profile_0018,high_frequency,77,0.60546875,0.33492241802558875
profile_0018,high_frequency,78,0.61328125,0.3183961395118353
profile_0018,high_frequency,79,0.62109375,0.3574805857746612
profile_0018,high_frequency,80,0.62890625,0.4420206007843582
profile_0018,high_frequency,81,0.63671875,0.5500504890976793
profile_0018,high_frequency,82,0.64453125,0.6535012750326752
profile_0018,high_frequency,83,0.65234375,0.7254937528433796
profile_0018,high_frequency,84,0.66015625,0.7473224037099367
profile_0018,high_frequency,85,0.66796875,0.7133155762041224
profile_0018,high_frequency,86,0.67578125,0.632309128894192
profile_0018,high_frequency,87,0.68359375,0.525350644399397
profile_0018,high_frequency,88,0.69140625,0.4202307198140822
profile_0018,high_frequency,89,0.69921875,0.3442622465328524
profile_0018,high_frequency,90,0.70703125,0.31718381044539345
profile_0018,high_frequency,91,0.71484375,0.34603109376808855
profile_0018,high_frequency,92,0.72265625,0.4233088217513574
profile_0018,high_frequency,93,0.73046875,0.5289382300700202
profile_0018,high_frequency,94,0.73828125,0.63547405019991
profile_0018,high_frequency,95,0.74609375,0.7152355042454777
profile_0018,high_frequency,96,0.75390625,0.7474984912295133
profile_0018,high_frequency,97,0.76171875,0.7238802477221847
profile_0018,high_frequency,98,0.76953125,0.6505174078810209
profile_0018,high_frequency,99,0.77734375,0.546471546235172
profile_0018,high_frequency,100,0.78515625,0.4387764846828346
profile_0018,high_frequency,101,0.79296875,0.35541420220200454
profile_0018,high_frequency,102,0.80078125,0.3180443886829405
profile_0018,high_frequency,103,0.80859375,0.3363766939575788
profile_0018,high_frequency,104,0.81640625,0.40564790814963536
profile_0018,high_frequency,105,0.82421875,0.5078595675286257
profile_0018,high_frequency,106,0.83203125,0.616454423667155
profile_0018,high_frequency,107,0.83984375,0.7032167075430789
profile_0018,high_frequency,108,0.84765625,0.7456033204431951
profile_0018,high_frequency,109,0.85546875,0.7326011175303736
profile_0018,high_frequency,110,0.86328125,0.667588409409855
profile_0018,high_frequency,111,0.87109375,0.5674571891378526
profile_0018,high_frequency,112,0.87890625,0.4582241529333536
profile_0018,high_frequency,113,0.88671875,0.3682708856036705
profile_0018,high_frequency,114,0.89453125,0.3209695863856086
profile_0018,high_frequency,115,0.90234375,0.32861036349093753
profile_0018,high_frequency,116,0.91015625,0.38920794423161653
profile_0018,high_frequency,117,0.91796875,0.48701750051653536
profile_0018,high_frequency,118,0.92578125,0.5966255648351034
profile_0018,high_frequency,119,0.93359375,0.6895531103185719
profile_0018,high_frequency,120,0.94140625,0.7416551428816596
profile_0018,high_frequency,121,0.94921875,0.7393941988851225
profile_0018,high_frequency,122,0.95703125,0.6833577304040104
profile_0018,high_frequency,123,0.96484375,0.5881054698943696
profile_0018,high_frequency,124,0.97265625,0.47838643288920557
profile_0018,high_frequency,125,0.98046875,0.38270847984851486
profile_0018,high_frequency,126,0.98828125,0.3259312323004455
profile_0018,high_frequency,127,0.99609375,0.3228068963760677
profile_0019,low_frequency,0,0.00390625,0.18039315020801472
profile_0019,low_frequency,1,0.01171875,0.18024476658084443
profile_0019,low_frequency,2,0.01953125,0.17995410725313155
profile_0019,low_frequency,3,0.02734375,0.17953326868331954
profile_0019,low_frequency,4,0.03515625,0.179000099007252
profile_0019,low_frequency,5,0.04296875,0.178377847565086
profile_0019,low_frequency,6,0.05078125,0.17769470649767838
profile_0019,low_frequency,7,0.05859375,0.17698325186111363
profile_0019,low_frequency,8,0.06640625,0.17627979335501642
profile_0019,low_frequency,9,0.07421875,0.17562364326855873
profile_0019,low_frequency,10,0.08203125,0.17505631659450882
profile_0019,low_frequency,11,0.08984375,0.1746206754256514
profile_0019,low_frequency,12,0.09765625,0.17436003171144154
profile_0019,low_frequency,13,0.10546875,0.17431722320094467
profile_0019,low_frequency,14,0.11328125,0.17453367791921548
profile_0019,low_frequency,15,0.12109375,0.17504848280997454
profile_0019,low_frequency,16,0.12890625,0.17589747222295515
profile_0019,low_frequency,17,0.13671875,0.17711235172843642
profile_0019,low_frequency,18,0.14453125,0.1787198723066541
profile_0019,low_frequency,19,0.15234375,0.1807410692920175
profile_0019,low_frequency,20,0.16015625,0.18319057956085505
profile_0019,low_frequency,21,0.16796875,0.18607604934961475
profile_0019,low_frequency,22,0.17578125,0.18939764379409973
profile_0019,low_frequency,23,0.18359375,0.193147667808361
profile_0019,low_frequency,24,0.19140625,0.19731030629589985
profile_0019,low_frequency,25,0.19921875,0.2018614899297977
profile_0019,low_frequency,26,0.20703125,0.20676889087815398
profile_0019,low_frequency,27,0.21484375,0.21199205091429607
profile_0019,low_frequency,28,0.22265625,0.21748264236627635
profile_0019,low_frequency,29,0.23046875,0.22318486035661222
profile_0019,low_frequency,30,0.23828125,0.22903594279079997
profile_0019,low_frequency,31,0.24609375,0.23496681260146657
profile_0019,low_frequency,32,0.25390625,0.24090283487314101
profile_0019,low_frequency,33,0.26171875,0.24676467968863247
profile_0019,low_frequency,34,0.26953125,0.25246927987850043
profile_0019,low_frequency,35,0.27734375,0.2579308713449766
profile_0019,low_frequency,36,0.28515625,0.26306210229358984
profile_0019,low_frequency,37,0.29296875,0.2677751965598445
profile_0019,low_frequency,38,0.30078125,0.27198315528193806
profile_0019,low_frequency,39,0.30859375,0.27560098045798087
profile_0019,low_frequency,40,0.31640625,0.27854690344850774
profile_0019,low_frequency,41,0.32421875,0.28074360124981135
profile_0019,low_frequency,42,0.33203125,0.2821193833748141
profile_0019,low_frequency,43,0.33984375,0.2826093324362329
profile_0019,low_frequency,44,0.34765625,0.28215638202846804
profile_0019,low_frequency,45,0.35546875,0.2807123162432026
profile_0019,low_frequency,46,0.36328125,0.27823867611887676
profile_0019,low_frequency,47,0.37109375,0.27470755950245673
profile_0019,low_frequency,48,0.37890625,0.27010230217656916
profile_0019,low_frequency,49,0.38671875,0.26441802965658856
profile_0019,low_frequency,50,0.39453125,0.2576620707685282
profile_0019,low_frequency,51,0.40234375,0.249854225955219
profile_0019,low_frequency,52,0.41015625,0.2410268851990176
profile_0019,low_frequency,53,0.41796875,0.23122499246639627
profile_0019,low_frequency,54,0.42578125,0.2205058556443662
profile_0019,low_frequency,55,0.43359375,0.20893880302127266
profile_0019,low_frequency,56,0.44140625,0.19660468943527365
profile_0019,low_frequency,57,0.44921875,0.18359525724326486
profile_0019,low_frequency,58,0.45703125,0.17001235922217062
profile_0019,low_frequency,59,0.46484375,0.15596705237555808
profile_0019,low_frequency,60,0.47265625,0.1415785733550472
profile_0019,low_frequency,61,0.48046875,0.12697320779342558
profile_0019,low_frequency,62,0.48828125,0.11228306726242088
profile_0019,low_frequency,63,0.49609375,0.09764478879293026
profile_0019,low_frequency,64,0.50390625,0.08319817291216802
profile_0019,low_frequency,65,0.51171875,0.06908477694675286
profile_0019,low_frequency,66,0.51953125,0.05544648090255433
profile_0019,low_frequency,67,0.52734375,0.04242404355390961
profile_0019,low_frequency,68,0.53515625,0.030155666452820196
profile_0019,low_frequency,69,0.54296875,0.018775583402797058
profile_0019,low_frequency,70,0.55078125,0.008412692535441746
profile_0019,low_frequency,71,0.55859375,0.0
profile_0019,low_frequency,72,0.56640625,0.0
profile_0019,low_frequency,73,0.57421875,0.0
profile_0019,low_frequency,74,0.58203125,0.0
profile_0019,low_frequency,75,0.58984375,0.0
profile_0019,low_frequency,76,0.59765625,0.0
profile_0019,low_frequency,77,0.60546875,0.0
profile_0019,low_frequency,78,0.61328125,0.0
profile_0019,low_frequency,79,0.62109375,0.0
profile_0019,low_frequency,80,0.62890625,0.0
profile_0019,low_frequency,81,0.63671875,0.0
profile_0019,low_frequency,82,0.64453125,0.0
profile_0019,low_frequency,83,0.65234375,0.008271770599724393
profile_0019,low_frequency,84,0.66015625,0.02019520171471234
profile_0019,low_frequency,85,0.66796875,0.03378846055224849
profile_0019,low_frequency,86,0.67578125,0.04899300143599694
profile_0019,low_frequency,87,0.68359375,0.06573895882212055
profile_0019,low_frequency,88,0.69140625,0.0839459639164798
profile_0019,low_frequency,89,0.69921875,0.10352405218653304
profile_0019,low_frequency,90,0.70703125,0.12437464837181667
profile_0019,low_frequency,91,0.71484375,0.1463916148114892
profile_0019,low_frequency,92,0.72265625,0.169462348337595
profile_0019,low_frequency,93,0.73046875,0.19346891063456118
profile_0019,low_frequency,94,0.73828125,0.21828917684182536
profile_0019,low_frequency,95,0.74609375,0.2437979872767876
profile_0019,low_frequency,96,0.75390625,0.2698682874755418
profile_0019,low_frequency,97,0.76171875,0.296372242281816
profile_0019,low_frequency,98,0.76953125,0.32318231044981316
profile_0019,low_frequency,99,0.77734375,0.3501722671507983
profile_0019,low_frequency,100,0.78515625,0.3772181628701411
profile_0019,low_frequency,101,0.79296875,0.40419920843240986
profile_0019,low_frequency,102,0.80078125,0.43099857727610635
profile_0019,low_frequency,103,0.80859375,0.4575041175939688
profile_0019,low_frequency,104,0.81640625,0.48360896853512114
profile_0019,low_frequency,105,0.82421875,0.5092120763062655
profile_0019,low_frequency,106,0.83203125,0.5342186076843873
profile_0019,low_frequency,107,0.83984375,0.5585402601365361
profile_0019,low_frequency,108,0.84765625,0.5820954694066622
profile_0019,low_frequency,109,0.85546875,0.6048095170492567
profile_0019,low_frequency,110,0.86328125,0.6266145419394857
profile_0019,low_frequency,111,0.87109375,0.6474494612458379
profile_0019,low_frequency,112,0.87890625,0.6672598076916727
profile_0019,low_frequency,113,0.88671875,0.6859974911363322
profile_0019,low_frequency,114,0.89453125,0.7036204935564958
profile_0019,low_frequency,115,0.90234375,0.7200925073888929
profile_0019,low_frequency,116,0.91015625,0.7353825278935804
profile_0019,low_frequency,117,0.91796875,0.7494644107030195
profile_0019,low_frequency,118,0.92578125,0.7623164060295882
profile_0019,low_frequency,119,0.93359375,0.7714251749264665
profile_0019,low_frequency,120,0.94140625,0.7714251749264665
profile_0019,low_frequency,121,0.94921875,0.7714251749264665
profile_0019,low_frequency,122,0.95703125,0.7714251749264665
profile_0019,low_frequency,123,0.96484375,0.7714251749264665
profile_0019,low_frequency,124,0.97265625,0.7714251749264665
profile_0019,low_frequency,125,0.98046875,0.7714251749264665
profile_0019,low_frequency,126,0.98828125,0.7714251749264665
profile_0019,low_frequency,127,0.99609375,0.7714251749264665
profile_0020,piecewise,0,0.00390625,0.4006575733139305
profile_0020,piecewise,1,0.01171875,0.801315146627861
profile_0020,piecewise,2,0.01953125,0.801315146627861
profile_0020,piecewise,3,0.02734375,0.801315146627861
profile_0020,piecewise,4,0.03515625,0.801315146627861
profile_0020,piecewise,5,0.04296875,0.801315146627861
profile_0020,piecewise,6,0.05078125,0.801315146627861
profile_0020,piecewise,7,0.05859375,0.801315146627861
profile_0020,piecewise,8,0.06640625,0.801315146627861
profile_0020,piecewise,9,0.07421875,0.801315146627861
profile_0020,piecewise,10,0.08203125,0.801315146627861
profile_0020,piecewise,11,0.08984375,0.801315146627861
profile_0020,piecewise,12,0.09765625,0.801315146627861
profile_0020,piecewise,13,0.10546875,0.801315146627861
profile_0020,piecewise,14,0.11328125,0.8382300111993037
profile_0020,piecewise,15,0.12109375,0.8751448757707464
profile_0020,piecewise,16,0.12890625,0.8751448757707464
profile_0020,piecewise,17,0.13671875,0.8751448757707464
profile_0020,piecewise,18,0.14453125,0.8751448757707464
profile_0020,piecewise,19,0.15234375,0.8751448757707464
profile_0020,piecewise,20,0.16015625,0.8751448757707464
profile_0020,piecewise,21,0.16796875,0.8751448757707464
profile_0020,piecewise,22,0.17578125,0.8751448757707464
profile_0020,piecewise,23,0.18359375,0.8751448757707464
profile_0020,piecewise,24,0.19140625,0.8751448757707464
profile_0020,piecewise,25,0.19921875,0.8751448757707464
profile_0020,piecewise,26,0.20703125,0.8751448757707464
profile_0020,piecewise,27,0.21484375,0.8751448757707464
profile_0020,piecewise,28,0.22265625,0.688672683405267
profile_0020,piecewise,29,0.23046875,0.5022004910397875
profile_0020,piecewise,30,0.23828125,0.5022004910397875
profile_0020,piecewise,31,0.24609375,0.5022004910397875
profile_0020,piecewise,32,0.25390625,0.5022004910397875
profile_0020,piecewise,33,0.26171875,0.5022004910397875
profile_0020,piecewise,34,0.26953125,0.5022004910397875
profile_0020,piecewise,35,0.27734375,0.5022004910397875
profile_0020,piecewise,36,0.28515625,0.5022004910397875
profile_0020,piecewise,37,0.29296875,0.5022004910397875
profile_0020,piecewise,38,0.30078125,0.5022004910397875
profile_0020,piecewise,39,0.30859375,0.5022004910397875
profile_0020,piecewise,40,0.31640625,0.5022004910397875
profile_0020,piecewise,41,0.32421875,0.5022004910397875
profile_0020,piecewise,42,0.33203125,0.5022004910397875
profile_0020,piecewise,43,0.33984375,0.34914997427291605
profile_0020,piecewise,44,0.34765625,0.19609945750604457
profile_0020,piecewise,45,0.35546875,0.19609945750604457
profile_0020,piecewise,46,0.36328125,0.19609945750604457
profile_0020,piecewise,47,0.37109375,0.19609945750604457
profile_0020,piecewise,48,0.37890625,0.19609945750604457
profile_0020,piecewise,49,0.38671875,0.19609945750604457
profile_0020,piecewise,50,0.39453125,0.19609945750604457
profile_0020,piecewise,51,0.40234375,0.19609945750604457
profile_0020,piecewise,52,0.41015625,0.19609945750604457
profile_0020,piecewise,53,0.41796875,0.19609945750604457
profile_0020,piecewise,54,0.42578125,0.19609945750604457
profile_0020,piecewise,55,0.43359375,0.19609945750604457
profile_0020,piecewise,56,0.44140625,0.19609945750604457
profile_0020,piecewise,57,0.44921875,0.4609537025798044
profile_0020,piecewise,58,0.45703125,0.7258079476535642
profile_0020,piecewise,59,0.46484375,0.7258079476535642
profile_0020,piecewise,60,0.47265625,0.7258079476535642
profile_0020,piecewise,61,0.48046875,0.7258079476535642
profile_0020,piecewise,62,0.48828125,0.7258079476535642
profile_0020,piecewise,63,0.49609375,0.7258079476535642
profile_0020,piecewise,64,0.50390625,0.7258079476535642
profile_0020,piecewise,65,0.51171875,0.7258079476535642
profile_0020,piecewise,66,0.51953125,0.7258079476535642
profile_0020,piecewise,67,0.52734375,0.7258079476535642
profile_0020,piecewise,68,0.53515625,0.7258079476535642
profile_0020,piecewise,69,0.54296875,0.7258079476535642
profile_0020,piecewise,70,0.55078125,0.7258079476535642
profile_0020,piecewise,71,0.55859375,0.6621837322117625
profile_0020,piecewise,72,0.56640625,0.5985595167699608
profile_0020,piecewise,73,0.57421875,0.5985595167699608
profile_0020,piecewise,74,0.58203125,0.5985595167699608
profile_0020,piecewise,75,0.58984375,0.5985595167699608
profile_0020,piecewise,76,0.59765625,0.5985595167699608
profile_0020,piecewise,77,0.60546875,0.5985595167699608
profile_0020,piecewise,78,0.61328125,0.5985595167699608
profile_0020,piecewise,79,0.62109375,0.5985595167699608
profile_0020,piecewise,80,0.62890625,0.5985595167699608
profile_0020,piecewise,81,0.63671875,0.5985595167699608
profile_0020,piecewise,82,0.64453125,0.5985595167699608
profile_0020,piecewise,83,0.65234375,0.5985595167699608
profile_0020,piecewise,84,0.66015625,0.5985595167699608
profile_0020,piecewise,85,0.66796875,0.6997282562809695
profile_0020,piecewise,86,0.67578125,0.8008969957919782
profile_0020,piecewise,87,0.68359375,0.8008969957919782
profile_0020,piecewise,88,0.69140625,0.8008969957919782
profile_0020,piecewise,89,0.69921875,0.8008969957919782
profile_0020,piecewise,90,0.70703125,0.8008969957919782
profile_0020,piecewise,91,0.71484375,0.8008969957919782
profile_0020,piecewise,92,0.72265625,0.8008969957919782
profile_0020,piecewise,93,0.73046875,0.8008969957919782
profile_0020,piecewise,94,0.73828125,0.8008969957919782
profile_0020,piecewise,95,0.74609375,0.8008969957919782
profile_0020,piecewise,96,0.75390625,0.8008969957919782
profile_0020,piecewise,97,0.76171875,0.8008969957919782
profile_0020,piecewise,98,0.76953125,0.8008969957919782
profile_0020,piecewise,99,0.77734375,0.8008969957919782
profile_0020,piecewise,100,0.78515625,0.5285637332870969
profile_0020,piecewise,101,0.79296875,0.2562304707822158
profile_0020,piecewise,102,0.80078125,0.2562304707822158
profile_0020,piecewise,103,0.80859375,0.2562304707822158
profile_0020,piecewise,104,0.81640625,0.2562304707822158
profile_0020,piecewise,105,0.82421875,0.2562304707822158
profile_0020,piecewise,106,0.83203125,0.2562304707822158
profile_0020,piecewise,107,0.83984375,0.2562304707822158
profile_0020,piecewise,108,0.84765625,0.2562304707822158
profile_0020,piecewise,109,0.85546875,0.2562304707822158
profile_0020,piecewise,110,0.86328125,0.2562304707822158
profile_0020,piecewise,111,0.87109375,0.2562304707822158
profile_0020,piecewise,112,0.87890625,0.2562304707822158
profile_0020,piecewise,113,0.88671875,0.2562304707822158
profile_0020,piecewise,114,0.89453125,0.16889991122808895
profile_0020,piecewise,115,0.90234375,0.0815693516739621
profile_0020,piecewise,116,0.91015625,0.0815693516739621
profile_0020,piecewise,117,0.91796875,0.0815693516739621
profile_0020,piecewise,118,0.92578125,0.0815693516739621
profile_0020,piecewise,119,0.93359375,0.0815693516739621
profile_0020,piecewise,120,0.94140625,0.0815693516739621
profile_0020,piecewise,121,0.94921875,0.0815693516739621
profile_0020,piecewise,122,0.95703125,0.0815693516739621
profile_0020,piecewise,123,0.96484375,0.0815693516739621
profile_0020,piecewise,124,0.97265625,0.0815693516739621
profile_0020,piecewise,125,0.98046875,0.0815693516739621
profile_0020,piecewise,126,0.98828125,0.0815693516739621
profile_0020,piecewise,127,0.99609375,0.0815693516739621
profile_0021,high_frequency,0,0.00390625,0.48623966462218726
profile_0021,high_frequency,1,0.01171875,0.5555946741759842
profile_0021,high_frequency,2,0.01953125,0.6229644855330814
profile_0021,high_frequency,3,0.02734375,0.6534449510592693
profile_0021,high_frequency,4,0.03515625,0.6312442101681162
profile_0021,high_frequency,5,0.04296875,0.5678644167479006
profile_0021,high_frequency,6,0.05078125,0.49614249912010666
profile_0021,high_frequency,7,0.05859375,0.45323742138246303
profile_0021,high_frequency,8,0.06640625,0.4613782077439588
profile_0021,high_frequency,9,0.07421875,0.5163471351132518
profile_0021,high_frequency,10,0.08203125,0.5896649259394212
profile_0021,high_frequency,11,0.08984375,0.6433457978125076
profile_0021,high_frequency,12,0.09765625,0.6495778118351357
profile_0021,high_frequency,13,0.10546875,0.6051321755686379
profile_0021,high_frequency,14,0.11328125,0.5330360731284521
profile_0021,high_frequency,15,0.12109375,0.47064233292142554
profile_0021,high_frequency,16,0.12890625,0.45027701131860925
profile_0021,high_frequency,17,0.13671875,0.48249133560599067
profile_0021,high_frequency,18,0.14453125,0.5505951368753766
profile_0021,high_frequency,19,0.15234375,0.6193039889709995
profile_0021,high_frequency,20,0.16015625,0.6530199902658118
profile_0021,high_frequency,21,0.16796875,0.6342749563739097
profile_0021,high_frequency,22,0.17578125,0.5727806471650543
profile_0021,high_frequency,23,0.18359375,0.5003971258345016
profile_0021,high_frequency,24,0.19140625,0.4546261318693017
profile_0021,high_frequency,25,0.19921875,0.4591815142255948
profile_0021,high_frequency,26,0.20703125,0.5117031395574294
profile_0021,high_frequency,27,0.21484375,0.5849796719913252
profile_0021,high_frequency,28,0.22265625,0.641046704997499
profile_0021,high_frequency,29,0.23046875,0.6508560349660796
profile_0021,high_frequency,30,0.23828125,0.6093254701183014
profile_0021,high_frequency,31,0.24609375,0.5379719026285443
profile_0021,high_frequency,32,0.25390625,0.4737634552170693
profile_0021,high_frequency,33,0.26171875,0.44996637997317207
profile_0021,high_frequency,34,0.26953125,0.4789098880204026
profile_0021,high_frequency,35,0.27734375,0.5455984129829315
profile_0021,high_frequency,36,0.28515625,0.6154807801741969
profile_0021,high_frequency,37,0.29296875,0.6523510924373412
profile_0021,high_frequency,38,0.30078125,0.637106923973207
profile_0021,high_frequency,39,0.30859375,0.5776462441528614
profile_0021,high_frequency,40,0.31640625,0.5047754973624823
profile_0021,high_frequency,41,0.32421875,0.45624885350325417
profile_0021,high_frequency,42,0.33203125,0.45720785753924365
profile_0021,high_frequency,43,0.33984375,0.5071556516378445
profile_0021,high_frequency,44,0.34765625,0.5802143960945673
profile_0021,high_frequency,45,0.35546875,0.6385325198404247
profile_0021,high_frequency,46,0.36328125,0.6518955342198676
profile_0021,high_frequency,47,0.37109375,0.6133800915591757
profile_0021,high_frequency,48,0.37890625,0.5429409560137646
profile_0021,high_frequency,49,0.38671875,0.4770724851716507
profile_0021,high_frequency,50,0.39453125,0.4499009855253125
profile_0021,high_frequency,51,0.40234375,0.47550394988635414
profile_0021,high_frequency,52,0.41015625,0.5406165400441657
profile_0021,high_frequency,53,0.41796875,0.6115040695875382
profile_0021,high_frequency,54,0.42578125,0.6514398690073149
profile_0021,high_frequency,55,0.43359375,0.6397332905080101
profile_0021,high_frequency,56,0.44140625,0.5824494860620012
profile_0021,high_frequency,57,0.44921875,0.5092670658235386
profile_0021,high_frequency,58,0.45703125,0.4581016770057707
profile_0021,high_frequency,59,0.46484375,0.4554619923967348
profile_0021,high_frequency,60,0.47265625,0.5027156266512081
profile_0021,high_frequency,61,0.48046875,0.5753805782161713
profile_0021,high_frequency,62,0.48828125,0.6358092992335442
profile_0021,high_frequency,63,0.49609375,0.6526938053517479
profile_0021,high_frequency,64,0.50390625,0.6172862719530656
profile_0021,high_frequency,65,0.51171875,0.5479312623992689
profile_0021,high_frequency,66,0.51953125,0.48056145104217163
profile_0021,high_frequency,67,0.52734375,0.4500809855159833
profile_0021,high_frequency,68,0.53515625,0.47228172640713595
profile_0021,high_frequency,69,0.54296875,0.5356615198273512
profile_0021,high_frequency,70,0.55078125,0.6073834374551451
profile_0021,high_frequency,71,0.55859375,0.6502885151927893
profile_0021,high_frequency,72,0.56640625,0.6421477288312941
profile_0021,high_frequency,73,0.57421875,0.5871788014620019
profile_0021,high_frequency,74,0.58203125,0.5138610106358326
profile_0021,high_frequency,75,0.58984375,0.4601801387627452
profile_0021,high_frequency,76,0.59765625,0.45394812474011664
profile_0021,high_frequency,77,0.60546875,0.49839376100661414
profile_0021,high_frequency,78,0.61328125,0.5704898634467999
profile_0021,high_frequency,79,0.62109375,0.6328836036538265
profile_0021,high_frequency,80,0.62890625,0.6532489252566434
profile_0021,high_frequency,81,0.63671875,0.6210346009692626
profile_0021,high_frequency,82,0.64453125,0.5529307996998768
profile_0021,high_frequency,83,0.65234375,0.48422194760425324
profile_0021,high_frequency,84,0.66015625,0.45050594630944085
profile_0021,high_frequency,85,0.66796875,0.4692509802013425
profile_0021,high_frequency,86,0.67578125,0.5307452894101985
profile_0021,high_frequency,87,0.68359375,0.6031288107407504
profile_0021,high_frequency,88,0.69140625,0.6488998047059504
profile_0021,high_frequency,89,0.69921875,0.6443444223496582
profile_0021,high_frequency,90,0.70703125,0.5918227970178247
profile_0021,high_frequency,91,0.71484375,0.5185462645839283
profile_0021,high_frequency,92,0.72265625,0.4624792315777536
profile_0021,high_frequency,93,0.73046875,0.45266990160917264
profile_0021,high_frequency,94,0.73828125,0.4942004664569507
profile_0021,high_frequency,95,0.74609375,0.565554033946707
profile_0021,high_frequency,96,0.75390625,0.6297624813581829
profile_0021,high_frequency,97,0.76171875,0.6535595566020805
profile_0021,high_frequency,98,0.76953125,0.6246160485548504
profile_0021,high_frequency,99,0.77734375,0.5579275235923226
profile_0021,high_frequency,100,0.78515625,0.48804515640105633
profile_0021,high_frequency,101,0.79296875,0.4511748441379113
profile_0021,high_frequency,102,0.80078125,0.46641901260204505
profile_0021,high_frequency,103,0.80859375,0.5258796924223913
profile_0021,high_frequency,104,0.81640625,0.5987504392127692
profile_0021,high_frequency,105,0.82421875,0.6472770830719983
profile_0021,high_frequency,106,0.83203125,0.6463180790360095
profile_0021,high_frequency,107,0.83984375,0.5963702849374086
profile_0021,high_frequency,108,0.84765625,0.5233115404806865
profile_0021,high_frequency,109,0.85546875,0.4649934167348282
profile_0021,high_frequency,110,0.86328125,0.4516304023553847
profile_0021,high_frequency,111,0.87109375,0.4901458450160764
profile_0021,high_frequency,112,0.87890625,0.5605849805614882
profile_0021,high_frequency,113,0.88671875,0.6264534514036015
profile_0021,high_frequency,114,0.89453125,0.65362495104994
profile_0021,high_frequency,115,0.90234375,0.6280219866888987
profile_0021,high_frequency,116,0.91015625,0.5629093965310867
profile_0021,high_frequency,117,0.91796875,0.49202186698771544
profile_0021,high_frequency,118,0.92578125,0.4520860675679378
profile_0021,high_frequency,119,0.93359375,0.46379264606724185
profile_0021,high_frequency,120,0.94140625,0.5210764505132508
profile_0021,high_frequency,121,0.94921875,0.5942588707517127
profile_0021,high_frequency,122,0.95703125,0.6454242595694816
profile_0021,high_frequency,123,0.96484375,0.6480639441785178
profile_0021,high_frequency,124,0.97265625,0.6008103099240449
profile_0021,high_frequency,125,0.98046875,0.528145358359081
profile_0021,high_frequency,126,0.98828125,0.4677166373417086
profile_0021,high_frequency,127,0.99609375,0.4508321312235047
profile_0022,low_frequency,0,0.00390625,0.30248074873055075
profile_0022,low_frequency,1,0.01171875,0.3072775697705119
profile_0022,low_frequency,2,0.01953125,0.3167661623820581
profile_0022,low_frequency,3,0.02734375,0.3307391216689657
profile_0022,low_frequency,4,0.03515625,0.34889199958366124
profile_0022,low_frequency,5,0.04296875,0.3708310860886197
profile_0022,low_frequency,6,0.05078125,0.39608344075126
profile_0022,low_frequency,7,0.05859375,0.4241088937173998
profile_0022,low_frequency,8,0.06640625,0.45431368075135115
profile_0022,low_frequency,9,0.07421875,0.48606533271233987
profile_0022,low_frequency,10,0.08203125,0.5187084067427465
profile_0022,low_frequency,11,0.08984375,0.5515806255138775
profile_0022,low_frequency,12,0.09765625,0.5840289826763976
profile_0022,low_frequency,13,0.10546875,0.6154253773722878
profile_0022,low_frequency,14,0.11328125,0.6451813580668921
profile_0022,low_frequency,15,0.12109375,0.6727615854516662
profile_0022,low_frequency,16,0.12890625,0.6976956647846269
profile_0022,low_frequency,17,0.13671875,0.7195880484773038
profile_0022,low_frequency,18,0.14453125,0.7381257684148737
profile_0022,low_frequency,19,0.15234375,0.7530838225811887
profile_0022,low_frequency,20,0.16015625,0.7643281100425163
profile_0022,low_frequency,21,0.16796875,0.7718158800952599
profile_0022,low_frequency,22,0.17578125,0.7755937332253717
profile_0022,low_frequency,23,0.18359375,0.775793281299477
profile_0022,low_frequency,24,0.19140625,0.7726246400330965
profile_0022,low_frequency,25,0.19921875,0.7663679863310264
profile_0022,low_frequency,26,0.20703125,0.7573634648467524
profile_0022,low_frequency,27,0.21484375,0.7459997705978962
profile_0022,low_frequency,28,0.22265625,0.7327017665404083
profile_0022,low_frequency,29,0.23046875,0.7179175158172355
profile_0022,low_frequency,30,0.23828125,0.7021051174856621
profile_0022,low_frequency,31,0.24609375,0.6857197317870405
profile_0022,low_frequency,32,0.25390625,0.6692011667150779
profile_0022,low_frequency,33,0.26171875,0.6529623723800935
profile_0022,low_frequency,34,0.26953125,0.6373791544029093
profile_0022,low_frequency,35,0.27734375,0.6227813735462076
profile_0022,low_frequency,36,0.28515625,0.60944584750019
profile_0022,low_frequency,37,0.29296875,0.597591113883976
profile_0022,low_frequency,38,0.30078125,0.5873741529529177
profile_0022,low_frequency,39,0.30859375,0.5788891061512476
profile_0022,low_frequency,40,0.31640625,0.5721679644813809
profile_0022,low_frequency,41,0.32421875,0.5671831406017525
profile_0022,low_frequency,42,0.33203125,0.5638517824440172
profile_0022,low_frequency,43,0.33984375,0.5620416356352287
profile_0022,low_frequency,44,0.34765625,0.5615782185956868
profile_0022,low_frequency,45,0.35546875,0.5622530390867662
profile_0022,low_frequency,46,0.36328125,0.5638325551521759
profile_0022,low_frequency,47,0.37109375,0.566067567470963
profile_0022,low_frequency,48,0.37890625,0.5687027244392411
profile_0022,low_frequency,49,0.38671875,0.5714858258110482
profile_0022,low_frequency,50,0.39453125,0.5741766251261957
profile_0022,low_frequency,51,0.40234375,0.5765548547978332
profile_0022,low_frequency,52,0.41015625,0.5784272297070312
profile_0022,low_frequency,53,0.41796875,0.5796332242910367
profile_0022,low_frequency,54,0.42578125,0.5800494630444766
profile_0022,low_frequency,55,0.43359375,0.5795926135474949
profile_0022,low_frequency,56,0.44140625,0.5782207229517033
profile_0022,low_frequency,57,0.44921875,0.575932991598938
profile_0022,low_frequency,58,0.45703125,0.5727680294235582
profile_0022,low_frequency,59,0.46484375,0.5688006903537526
profile_0022,low_frequency,60,0.47265625,0.5641376255421853
profile_0022,low_frequency,61,0.48046875,0.558911736533207
profile_0022,low_frequency,62,0.48828125,0.5532757432162674
profile_0022,low_frequency,63,0.49609375,0.5473951076529877
profile_0022,low_frequency,64,0.50390625,0.5414405728810836
profile_0022,low_frequency,65,0.51171875,0.5355805851455804
profile_0022,low_frequency,66,0.51953125,0.5299738685204409
profile_0022,low_frequency,67,0.52734375,0.5247624126763593
profile_0022,low_frequency,68,0.53515625,0.520065118009819
profile_0022,low_frequency,69,0.54296875,0.5159723181166584
profile_0022,low_frequency,70,0.55078125,0.5125413685432367
profile_0022,low_frequency,71,0.55859375,0.5097934539523694
profile_0022,low_frequency,72,0.56640625,0.5077117245347047
profile_0022,low_frequency,73,0.57421875,0.5062408280358563
profile_0022,low_frequency,74,0.58203125,0.5052878575894306
profile_0022,low_frequency,75,0.58984375,0.5047246891117378
profile_0022,low_frequency,76,0.59765625,0.5043916367770154
profile_0022,low_frequency,77,0.60546875,0.504102312445371
profile_0022,low_frequency,78,0.61328125,0.5036495361522486
profile_0022,low_frequency,79,0.62109375,0.5028121110427612
profile_0022,low_frequency,80,0.62890625,0.501362248430915
profile_0022,low_frequency,81,0.63671875,0.49907340776905107
profile_0022,low_frequency,82,0.64453125,0.495728302795453
profile_0022,low_frequency,83,0.65234375,0.4911268193256382
profile_0022,low_frequency,84,0.66015625,0.48509359216587233
profile_0022,low_frequency,85,0.66796875,0.477484998320725
profile_0022,low_frequency,86,0.67578125,0.4681953406773576
profile_0022,low_frequency,87,0.68359375,0.45716202010258955
profile_0022,low_frequency,88,0.69140625,0.4443695236179317
profile_0022,low_frequency,89,0.69921875,0.42985209109065337
profile_0022,low_frequency,90,0.70703125,0.41369496162847574
profile_0022,low_frequency,91,0.71484375,0.39603414242332624
profile_0022,low_frequency,92,0.72265625,0.3770546859219188
profile_0022,low_frequency,93,0.73046875,0.3569875046454416
profile_0022,low_frequency,94,0.73828125,0.3361047954834042
profile_0022,low_frequency,95,0.74609375,0.31471418563785547
profile_0022,low_frequency,96,0.75390625,0.2931517494616871
profile_0022,low_frequency,97,0.76171875,0.2717740781948057
profile_0022,low_frequency,98,0.76953125,0.2509496121660366
profile_0022,low_frequency,99,0.77734375,0.23104946666551207
profile_0022,low_frequency,100,0.78515625,0.2124379978457288
profile_0022,low_frequency,101,0.79296875,0.19546336330995806
profile_0022,low_frequency,102,0.80078125,0.18044833331836052
profile_0022,low_frequency,103,0.80859375,0.16768160280373412
profile_0022,low_frequency,104,0.81640625,0.15740984184946705
profile_0022,low_frequency,105,0.82421875,0.14983070333240922
profile_0022,low_frequency,106,0.83203125,0.1450869816307515
profile_0022,low_frequency,107,0.83984375,0.14326208634875515
profile_0022,low_frequency,108,0.84765625,0.14437696075129913
profile_0022,low_frequency,109,0.85546875,0.14838853697034293
profile_0022,low_frequency,110,0.86328125,0.15518978005831907
profile_0022,low_frequency,111,0.87109375,0.16461133168546704
profile_0022,low_frequency,112,0.87890625,0.1764247227955814
profile_0022,low_frequency,113,0.88671875,0.190347083926923
profile_0022,low_frequency,114,0.89453125,0.20604724321707713
profile_0022,low_frequency,115,0.90234375,0.2231530663269996
profile_0022,low_frequency,116,0.91015625,0.24125986054102855
profile_0022,low_frequency,117,0.91796875,0.25993963792159813
profile_0022,low_frequency,118,0.92578125,0.27875101029175964
profile_0022,low_frequency,119,0.93359375,0.29724947251901324
profile_0022,low_frequency,120,0.94140625,0.3149978204645396
profile_0022,low_frequency,121,0.94921875,0.331576446269784
profile_0022,low_frequency,122,0.95703125,0.34659325644393624
profile_0022,low_frequency,123,0.96484375,0.3596929673970788
profile_0022,low_frequency,124,0.97265625,0.3705655483838852
profile_0022,low_frequency,125,0.98046875,0.3789536028818037
profile_0022,low_frequency,126,0.98828125,0.3846585056872134
profile_0022,low_frequency,127,0.99609375,0.3875451438099965
profile_0023,piecewise,0,0.00390625,0.09472480882070322
profile_0023,piecewise,1,0.01171875,0.18944961764140644
profile_0023,piecewise,2,0.01953125,0.18944961764140644
profile_0023,piecewise,3,0.02734375,0.18944961764140644
profile_0023,piecewise,4,0.03515625,0.18944961764140644
profile_0023,piecewise,5,0.04296875,0.18944961764140644
profile_0023,piecewise,6,0.05078125,0.18944961764140644
profile_0023,piecewise,7,0.05859375,0.18944961764140644
profile_0023,piecewise,8,0.06640625,0.18944961764140644
profile_0023,piecewise,9,0.07421875,0.18944961764140644
profile_0023,piecewise,10,0.08203125,0.18944961764140644
profile_0023,piecewise,11,0.08984375,0.18944961764140644
profile_0023,piecewise,12,0.09765625,0.18944961764140644
profile_0023,piecewise,13,0.10546875,0.18944961764140644
profile_0023,piecewise,14,0.11328125,0.18944961764140644
profile_0023,piecewise,15,0.12109375,0.18944961764140644
profile_0023,piecewise,16,0.12890625,0.18944961764140644
profile_0023,piecewise,17,0.13671875,0.18944961764140644
profile_0023,piecewise,18,0.14453125,0.18944961764140644
profile_0023,piecewise,19,0.15234375,0.18944961764140644
profile_0023,piecewise,20,0.16015625,0.18944961764140644
profile_0023,piecewise,21,0.16796875,0.18944961764140644
profile_0023,piecewise,22,0.17578125,0.18944961764140644
profile_0023,piecewise,23,0.18359375,0.18944961764140644
profile_0023,piecewise,24,0.19140625,0.18944961764140644
profile_0023,piecewise,25,0.19921875,0.18944961764140644
profile_0023,piecewise,26,0.20703125,0.23267685328050805
profile_0023,piecewise,27,0.21484375,0.27590408891960966
profile_0023,piecewise,28,0.22265625,0.27590408891960966
profile_0023,piecewise,29,0.23046875,0.27590408891960966
profile_0023,piecewise,30,0.23828125,0.27590408891960966
profile_0023,piecewise,31,0.24609375,0.27590408891960966
profile_0023,piecewise,32,0.25390625,0.27590408891960966
profile_0023,piecewise,33,0.26171875,0.27590408891960966
profile_0023,piecewise,34,0.26953125,0.27590408891960966
profile_0023,piecewise,35,0.27734375,0.27590408891960966
profile_0023,piecewise,36,0.28515625,0.27590408891960966
profile_0023,piecewise,37,0.29296875,0.27590408891960966
profile_0023,piecewise,38,0.30078125,0.27590408891960966
profile_0023,piecewise,39,0.30859375,0.27590408891960966
profile_0023,piecewise,40,0.31640625,0.27590408891960966
profile_0023,piecewise,41,0.32421875,0.27590408891960966
profile_0023,piecewise,42,0.33203125,0.27590408891960966
profile_0023,piecewise,43,0.33984375,0.27590408891960966
profile_0023,piecewise,44,0.34765625,0.27590408891960966
profile_0023,piecewise,45,0.35546875,0.27590408891960966
profile_0023,piecewise,46,0.36328125,0.27590408891960966
profile_0023,piecewise,47,0.37109375,0.27590408891960966
profile_0023,piecewise,48,0.37890625,0.27590408891960966
profile_0023,piecewise,49,0.38671875,0.27590408891960966
profile_0023,piecewise,50,0.39453125,0.27590408891960966
profile_0023,piecewise,51,0.40234375,0.4642025634100557
profile_0023,piecewise,52,0.41015625,0.6525010379005018
profile_0023,piecewise,53,0.41796875,0.6525010379005018
profile_0023,piecewise,54,0.42578125,0.6525010379005018
profile_0023,piecewise,55,0.43359375,0.6525010379005018
profile_0023,piecewise,56,0.44140625,0.6525010379005018
profile_0023,piecewise,57,0.44921875,0.6525010379005018
profile_0023,piecewise,58,0.45703125,0.6525010379005018
profile_0023,piecewise,59,0.46484375,0.6525010379005018
profile_0023,piecewise,60,0.47265625,0.6525010379005018
profile_0023,piecewise,61,0.48046875,0.6525010379005018
profile_0023,piecewise,62,0.48828125,0.6525010379005018
profile_0023,piecewise,63,0.49609375,0.6525010379005018
profile_0023,piecewise,64,0.50390625,0.6525010379005018
profile_0023,piecewise,65,0.51171875,0.6525010379005018
profile_0023,piecewise,66,0.51953125,0.6525010379005018
profile_0023,piecewise,67,0.52734375,0.6525010379005018
profile_0023,piecewise,68,0.53515625,0.6525010379005018
profile_0023,piecewise,69,0.54296875,0.6525010379005018
profile_0023,piecewise,70,0.55078125,0.6525010379005018
profile_0023,piecewise,71,0.55859375,0.6525010379005018
profile_0023,piecewise,72,0.56640625,0.6525010379005018
profile_0023,piecewise,73,0.57421875,0.6525010379005018
profile_0023,piecewise,74,0.58203125,0.6525010379005018
profile_0023,piecewise,75,0.58984375,0.6525010379005018
profile_0023,piecewise,76,0.59765625,0.6525010379005018
profile_0023,piecewise,77,0.60546875,0.6614397809051775
profile_0023,piecewise,78,0.61328125,0.6703785239098532
profile_0023,piecewise,79,0.62109375,0.6703785239098532
profile_0023,piecewise,80,0.62890625,0.6703785239098532
profile_0023,piecewise,81,0.63671875,0.6703785239098532
profile_0023,piecewise,82,0.64453125,0.6703785239098532
profile_0023,piecewise,83,0.65234375,0.6703785239098532
profile_0023,piecewise,84,0.66015625,0.6703785239098532
profile_0023,piecewise,85,0.66796875,0.6703785239098532
profile_0023,piecewise,86,0.67578125,0.6703785239098532
profile_0023,piecewise,87,0.68359375,0.6703785239098532
profile_0023,piecewise,88,0.69140625,0.6703785239098532
profile_0023,piecewise,89,0.69921875,0.6703785239098532
profile_0023,piecewise,90,0.70703125,0.6703785239098532
profile_0023,piecewise,91,0.71484375,0.6703785239098532
profile_0023,piecewise,92,0.72265625,0.6703785239098532
profile_0023,piecewise,93,0.73046875,0.6703785239098532
profile_0023,piecewise,94,0.73828125,0.6703785239098532
profile_0023,piecewise,95,0.74609375,0.6703785239098532
profile_0023,piecewise,96,0.75390625,0.6703785239098532
profile_0023,piecewise,97,0.76171875,0.6703785239098532
profile_0023,piecewise,98,0.76953125,0.6703785239098532
profile_0023,piecewise,99,0.77734375,0.6703785239098532
profile_0023,piecewise,100,0.78515625,0.6703785239098532
profile_0023,piecewise,101,0.79296875,0.6703785239098532
profile_0023,piecewise,102,0.80078125,0.722960794128882
profile_0023,piecewise,103,0.80859375,0.775543064347911
profile_0023,piecewise,104,0.81640625,0.775543064347911
profile_0023,piecewise,105,0.82421875,0.775543064347911
profile_0023,piecewise,106,0.83203125,0.775543064347911
profile_0023,piecewise,107,0.83984375,0.775543064347911
profile_0023,piecewise,108,0.84765625,0.775543064347911
profile_0023,piecewise,109,0.85546875,0.775543064347911
profile_0023,piecewise,110,0.86328125,0.775543064347911
profile_0023,piecewise,111,0.87109375,0.775543064347911
profile_0023,piecewise,112,0.87890625,0.775543064347911
profile_0023,piecewise,113,0.88671875,0.775543064347911
profile_0023,piecewise,114,0.89453125,0.775543064347911
profile_0023,piecewise,115,0.90234375,0.775543064347911
profile_0023,piecewise,116,0.91015625,0.775543064347911
profile_0023,piecewise,117,0.91796875,0.775543064347911
profile_0023,piecewise,118,0.92578125,0.775543064347911
profile_0023,piecewise,119,0.93359375,0.775543064347911
profile_0023,piecewise,120,0.94140625,0.775543064347911
profile_0023,piecewise,121,0.94921875,0.775543064347911
profile_0023,piecewise,122,0.95703125,0.775543064347911
profile_0023,piecewise,123,0.96484375,0.775543064347911
profile_0023,piecewise,124,0.97265625,0.775543064347911
profile_0023,piecewise,125,0.98046875,0.775543064347911
profile_0023,piecewise,126,0.98828125,0.775543064347911
profile_0023,piecewise,127,0.99609375,0.775543064347911
profile_0024,high_frequency,0,0.00390625,0.21241828284680747
profile_0024,high_frequency,1,0.01171875,0.18323435400753205
profile_0024,high_frequency,2,0.01953125,0.2637580901469775
profile_0024,high_frequency,3,0.02734375,0.406819778727609
profile_0024,high_frequency,4,0.03515625,0.5286158228348892
profile_0024,high_frequency,5,0.04296875,0.5577997516741646
profile_0024,high_frequency,6,0.05078125,0.4772760155347191
profile_0024,high_frequency,7,0.05859375,0.3342143269540876
profile_0024,high_frequency,8,0.06640625,0.21241828284680744
profile_0024,high_frequency,9,0.07421875,0.18323435400753202
profile_0024,high_frequency,10,0.08203125,0.2637580901469775
profile_0024,high_frequency,11,0.08984375,0.40681977872760894
profile_0024,high_frequency,12,0.09765625,0.5286158228348892
profile_0024,high_frequency,13,0.10546875,0.5577997516741646
profile_0024,high_frequency,14,0.11328125,0.4772760155347191
profile_0024,high_frequency,15,0.12109375,0.33421432695408765
profile_0024,high_frequency,16,0.12890625,0.21241828284680747
profile_0024,high_frequency,17,0.13671875,0.18323435400753202
profile_0024,high_frequency,18,0.14453125,0.26375809014697743
profile_0024,high_frequency,19,0.15234375,0.40681977872760855
profile_0024,high_frequency,20,0.16015625,0.528615822834889
profile_0024,high_frequency,21,0.16796875,0.5577997516741646
profile_0024,high_frequency,22,0.17578125,0.47727601553471916
profile_0024,high_frequency,23,0.18359375,0.33421432695408737
profile_0024,high_frequency,24,0.19140625,0.21241828284680772
profile_0024,high_frequency,25,0.19921875,0.183234354007532
profile_0024,high_frequency,26,0.20703125,0.2637580901469774
profile_0024,high_frequency,27,0.21484375,0.4068197787276092
profile_0024,high_frequency,28,0.22265625,0.5286158228348888
profile_0024,high_frequency,29,0.23046875,0.5577997516741646
profile_0024,high_frequency,30,0.23828125,0.4772760155347192
profile_0024,high_frequency,31,0.24609375,0.3342143269540874
profile_0024,high_frequency,32,0.25390625,0.21241828284680772
profile_0024,high_frequency,33,0.26171875,0.183234354007532
profile_0024,high_frequency,34,0.26953125,0.2637580901469774
profile_0024,high_frequency,35,0.27734375,0.40681977872760916
profile_0024,high_frequency,36,0.28515625,0.5286158228348888
profile_0024,high_frequency,37,0.29296875,0.5577997516741646
profile_0024,high_frequency,38,0.30078125,0.47727601553471866
profile_0024,high_frequency,39,0.30859375,0.3342143269540875
profile_0024,high_frequency,40,0.31640625,0.21241828284680775
profile_0024,high_frequency,41,0.32421875,0.1832343540075321
profile_0024,high_frequency,42,0.33203125,0.2637580901469773
profile_0024,high_frequency,43,0.33984375,0.40681977872760844
profile_0024,high_frequency,44,0.34765625,0.5286158228348892
profile_0024,high_frequency,45,0.35546875,0.5577997516741646
profile_0024,high_frequency,46,0.36328125,0.4772760155347199
profile_0024,high_frequency,47,0.37109375,0.33421432695408754
profile_0024,high_frequency,48,0.37890625,0.21241828284680778
profile_0024,high_frequency,49,0.38671875,0.1832343540075321
profile_0024,high_frequency,50,0.39453125,0.26375809014697726
profile_0024,high_frequency,51,0.40234375,0.4068197787276084
profile_0024,high_frequency,52,0.41015625,0.5286158228348892
profile_0024,high_frequency,53,0.41796875,0.5577997516741646
profile_0024,high_frequency,54,0.42578125,0.4772760155347199
profile_0024,high_frequency,55,0.43359375,0.33421432695408754
profile_0024,high_frequency,56,0.44140625,0.2124182828468078
profile_0024,high_frequency,57,0.44921875,0.1832343540075321
profile_0024,high_frequency,58,0.45703125,0.26375809014697726
profile_0024,high_frequency,59,0.46484375,0.4068197787276083
profile_0024,high_frequency,60,0.47265625,0.5286158228348892
profile_0024,high_frequency,61,0.48046875,0.5577997516741646
profile_0024,high_frequency,62,0.48828125,0.47727601553471993
profile_0024,high_frequency,63,0.49609375,0.3342143269540876
profile_0024,high_frequency,64,0.50390625,0.21241828284680783
profile_0024,high_frequency,65,0.51171875,0.18323435400753207
profile_0024,high_frequency,66,0.51953125,0.2637580901469772
profile_0024,high_frequency,67,0.52734375,0.40681977872760827
profile_0024,high_frequency,68,0.53515625,0.5286158228348892
profile_0024,high_frequency,69,0.54296875,0.5577997516741646
profile_0024,high_frequency,70,0.55078125,0.47727601553472
profile_0024,high_frequency,71,0.55859375,0.33421432695408765
profile_0024,high_frequency,72,0.56640625,0.21241828284680786
profile_0024,high_frequency,73,0.57421875,0.18323435400753207
profile_0024,high_frequency,74,0.58203125,0.26375809014697715
profile_0024,high_frequency,75,0.58984375,0.4068197787276082
profile_0024,high_frequency,76,0.59765625,0.5286158228348891
profile_0024,high_frequency,77,0.60546875,0.5577997516741646
profile_0024,high_frequency,78,0.61328125,0.47727601553472
profile_0024,high_frequency,79,0.62109375,0.33421432695408904
profile_0024,high_frequency,80,0.62890625,0.21241828284680864
profile_0024,high_frequency,81,0.63671875,0.18323435400753155
profile_0024,high_frequency,82,0.64453125,0.2637580901469749
profile_0024,high_frequency,83,0.65234375,0.4068197787276109
profile_0024,high_frequency,84,0.66015625,0.5286158228348898
profile_0024,high_frequency,85,0.66796875,0.5577997516741644
profile_0024,high_frequency,86,0.67578125,0.47727601553471893
profile_0024,high_frequency,87,0.68359375,0.33421432695408776
profile_0024,high_frequency,88,0.69140625,0.2124182828468079
profile_0024,high_frequency,89,0.69921875,0.1832343540075318
profile_0024,high_frequency,90,0.70703125,0.26375809014697593
profile_0024,high_frequency,91,0.71484375,0.40681977872760683
profile_0024,high_frequency,92,0.72265625,0.5286158228348875
profile_0024,high_frequency,93,0.73046875,0.5577997516741642
profile_0024,high_frequency,94,0.73828125,0.4772760155347178
profile_0024,high_frequency,95,0.74609375,0.3342143269540865
profile_0024,high_frequency,96,0.75390625,0.2124182828468072
profile_0024,high_frequency,97,0.76171875,0.18323435400753207
profile_0024,high_frequency,98,0.76953125,0.26375809014697704
profile_0024,high_frequency,99,0.77734375,0.4068197787276081
profile_0024,high_frequency,100,0.78515625,0.5286158228348883
profile_0024,high_frequency,101,0.79296875,0.557799751674165
profile_0024,high_frequency,102,0.80078125,0.47727601553472127
profile_0024,high_frequency,103,0.80859375,0.3342143269540905
profile_0024,high_frequency,104,0.81640625,0.21241828284680644
profile_0024,high_frequency,105,0.82421875,0.1832343540075323
profile_0024,high_frequency,106,0.83203125,0.26375809014697815
profile_0024,high_frequency,107,0.83984375,0.4068197787276094
profile_0024,high_frequency,108,0.84765625,0.528615822834889
profile_0024,high_frequency,109,0.85546875,0.5577997516741646
profile_0024,high_frequency,110,0.86328125,0.47727601553472015
profile_0024,high_frequency,111,0.87109375,0.3342143269540892
profile_0024,high_frequency,112,0.87890625,0.21241828284680875
profile_0024,high_frequency,113,0.88671875,0.18323435400753152
profile_0024,high_frequency,114,0.89453125,0.2637580901469747
profile_0024,high_frequency,115,0.90234375,0.40681977872761066
profile_0024,high_frequency,116,0.91015625,0.5286158228348897
profile_0024,high_frequency,117,0.91796875,0.5577997516741644
profile_0024,high_frequency,118,0.92578125,0.4772760155347191
profile_0024,high_frequency,119,0.93359375,0.3342143269540879
profile_0024,high_frequency,120,0.94140625,0.212418282846808
profile_0024,high_frequency,121,0.94921875,0.18323435400753177
profile_0024,high_frequency,122,0.95703125,0.2637580901469758
profile_0024,high_frequency,123,0.96484375,0.40681977872760666
profile_0024,high_frequency,124,0.97265625,0.5286158228348874
profile_0024,high_frequency,125,0.98046875,0.5577997516741642
profile_0024,high_frequency,126,0.98828125,0.477276015534718
profile_0024,high_frequency,127,0.99609375,0.33421432695408665
profile_0025,low_frequency,0,0.00390625,0.37974977877145777
profile_0025,low_frequency,1,0.01171875,0.38087599166415664
profile_0025,low_frequency,2,0.01953125,0.38310012717895614
profile_0025,low_frequency,3,0.02734375,0.3863663375715821
profile_0025,low_frequency,4,0.03515625,0.39059266344255505
profile_0025,low_frequency,5,0.04296875,0.3956731535795255
profile_0025,low_frequency,6,0.05078125,0.4014806016935889
profile_0025,low_frequency,7,0.05859375,0.40786982638309865
profile_0025,low_frequency,8,0.06640625,0.4146814061768451
profile_0025,low_frequency,9,0.07421875,0.42174576948178566
profile_0025,low_frequency,10,0.08203125,0.4288875300179842
profile_0025,low_frequency,11,0.08984375,0.43592995211418384
profile_0025,low_frequency,12,0.09765625,0.4426994272235565
profile_0025,low_frequency,13,0.10546875,0.449029843271358
profile_0025,low_frequency,14,0.11328125,0.4547667319421187
profile_0025,low_frequency,15,0.12109375,0.4597710856393995
profile_0025,low_frequency,16,0.12890625,0.4639227454036403
profile_0025,low_frequency,17,0.13671875,0.46712327326912995
profile_0025,low_frequency,18,0.14453125,0.46929823702244433
profile_0025,low_frequency,19,0.15234375,0.47039885167250306
profile_0025,low_frequency,20,0.16015625,0.47040293968760527
profile_0025,low_frequency,21,0.16796875,0.46931519069269156
profile_0025,low_frequency,22,0.17578125,0.4671667203249419
profile_0025,low_frequency,23,0.18359375,0.4640139467864246
profile_0025,low_frequency,24,0.19140625,0.4599368217873867
profile_0025,low_frequency,25,0.19921875,0.45503646954612265
profile_0025,low_frequency,26,0.20703125,0.44943230284304625
profile_0025,low_frequency,27,0.21484375,0.44325869841096344
profile_0025,low_frequency,28,0.22265625,0.436661324836358
profile_0025,low_frequency,29,0.23046875,0.42979322437519873
profile_0025,low_frequency,30,0.23828125,0.4228107554572328
profile_0025,low_frequency,31,0.24609375,0.4158695050538568
profile_0025,low_frequency,32,0.25390625,0.40912027949039653
profile_0025,low_frequency,33,0.26171875,0.40270527875243056
profile_0025,low_frequency,34,0.26953125,0.3967545530077038
profile_0025,low_frequency,35,0.27734375,0.39138283115652217
profile_0025,low_frequency,36,0.28515625,0.3866868000194764
profile_0025,low_frequency,37,0.29296875,0.38274289961661667
profile_0025,low_frequency,38,0.30078125,0.37960568528019745
profile_0025,low_frequency,39,0.30859375,0.3773067915037287
profile_0025,low_frequency,40,0.31640625,0.37585451591687447
profile_0025,low_frequency,41,0.32421875,0.3752340250524884
profile_0025,low_frequency,42,0.33203125,0.37540816709936675
profile_0025,low_frequency,43,0.33984375,0.37631886105651113
profile_0025,low_frequency,44,0.34765625,0.37788901703770517
profile_0025,low_frequency,45,0.35546875,0.3800249292951773
profile_0025,low_frequency,46,0.36328125,0.38261907216476376
profile_0025,low_frequency,47,0.37109375,0.3855532198513596
profile_0025,low_frequency,48,0.37890625,0.38870180397778664
profile_0025,low_frequency,49,0.38671875,0.39193541824963307
profile_0025,low_frequency,50,0.39453125,0.39512437750993545
profile_0025,low_frequency,51,0.40234375,0.3981422388672784
profile_0025,low_frequency,52,0.41015625,0.40086919540703825
profile_0025,low_frequency,53,0.41796875,0.4031952581016819
profile_0025,low_frequency,54,0.42578125,0.40502314872694
profile_0025,low_frequency,55,0.43359375,0.4062708356193605
profile_0025,low_frequency,56,0.44140625,0.406873654686996
profile_0025,low_frequency,57,0.44921875,0.40678596988486104
profile_0025,low_frequency,58,0.45703125,0.4059823400427055
profile_0025,low_frequency,59,0.46484375,0.4044581721238636
profile_0025,low_frequency,60,0.47265625,0.40222985433710945
profile_0025,low_frequency,61,0.48046875,0.399334375662838
profile_0025,low_frequency,62,0.48828125,0.39582845095208463
profile_0025,low_frequency,63,0.49609375,0.391787182499587
profile_0025,low_frequency,64,0.50390625,0.38730229960189
profile_0025,low_frequency,65,0.51171875,0.3824800268503905
profile_0025,low_frequency,66,0.51953125,0.37743863958470625
profile_0025,low_frequency,67,0.52734375,0.3723057709004016
profile_0025,low_frequency,68,0.53515625,0.36721553877460533
profile_0025,low_frequency,69,0.54296875,0.36230556420271554
profile_0025,low_frequency,70,0.55078125,0.3577139517391231
profile_0025,low_frequency,71,0.55859375,0.3535763025627706
profile_0025,low_frequency,72,0.56640625,0.3500228272470194
profile_0025,low_frequency,73,0.57421875,0.34717562094498744
profile_0025,low_frequency,74,0.58203125,0.34514615788254566
profile_0025,low_frequency,75,0.58984375,0.34403305508533544
profile_0025,low_frequency,76,0.59765625,0.3439201473780251
profile_0025,low_frequency,77,0.60546875,0.34487490712156266
profile_0025,low_frequency,78,0.61328125,0.3469472331417687
profile_0025,low_frequency,79,0.62109375,0.3501686240939459
profile_0025,low_frequency,80,0.62890625,0.3545517423396791
profile_0025,low_frequency,81,0.63671875,0.36009036550681883
profile_0025,low_frequency,82,0.64453125,0.36675971446620725
profile_0025,low_frequency,83,0.65234375,0.3745171386704139
profile_0025,low_frequency,84,0.66015625,0.3833031328151225
profile_0025,low_frequency,85,0.66796875,0.3930426527281684
profile_0025,low_frequency,86,0.67578125,0.40364669335878167
profile_0025,low_frequency,87,0.68359375,0.4150140877930566
profile_0025,low_frequency,88,0.69140625,0.42703348339237057
profile_0025,low_frequency,89,0.69921875,0.43958544944064304
profile_0025,low_frequency,90,0.70703125,0.4525446700669916
profile_0025,low_frequency,91,0.71484375,0.46578217662997035
profile_0025,low_frequency,92,0.72265625,0.47916757513323627
profile_0025,low_frequency,93,0.73046875,0.49257122649648144
profile_0025,low_frequency,94,0.73828125,0.5058663405210948
profile_0025,low_frequency,95,0.74609375,0.5189309480476854
profile_0025,low_frequency,96,0.75390625,0.5316497199758079
profile_0025,low_frequency,97,0.76171875,0.5439156063753976
profile_0025,low_frequency,98,0.76953125,0.5556312737357485
profile_0025,low_frequency,99,0.77734375,0.5667103233464661
profile_0025,low_frequency,100,0.78515625,0.5770782787679387
profile_0025,low_frequency,101,0.79296875,0.5866733352182265
profile_0025,low_frequency,102,0.80078125,0.5954468683821736
profile_0025,low_frequency,103,0.80859375,0.603363704553477
profile_0025,low_frequency,104,0.81640625,0.6104021580819072
profile_0025,low_frequency,105,0.82421875,0.6165538457611015
profile_0025,low_frequency,106,0.83203125,0.6218232910171821
profile_0025,low_frequency,107,0.83984375,0.6262273335190502
profile_0025,low_frequency,108,0.84765625,0.6297943621152706
profile_0025,low_frequency,109,0.85546875,0.6325633908101091
profile_0025,low_frequency,110,0.86328125,0.6345829988337182
profile_0025,low_frequency,111,0.87109375,0.6359101567595562
profile_0025,low_frequency,112,0.87890625,0.6366089611044918
profile_0025,low_frequency,113,0.88671875,0.636749299948719
profile_0025,low_frequency,114,0.89453125,0.6364054718729173
profile_0025,low_frequency,115,0.90234375,0.6356547799712946
profile_0025,low_frequency,116,0.91015625,0.634576121904731
profile_0025,low_frequency,117,0.91796875,0.6332485959514249
profile_0025,low_frequency,118,0.92578125,0.6317501418350668
profile_0025,low_frequency,119,0.93359375,0.6301562338018438
profile_0025,low_frequency,120,0.94140625,0.6285386420132735
profile_0025,low_frequency,121,0.94921875,0.6269642768536308
profile_0025,low_frequency,122,0.95703125,0.6254941292455611
profile_0025,low_frequency,123,0.96484375,0.6241823185474833
profile_0025,low_frequency,124,0.97265625,0.6230752580887109
profile_0025,low_frequency,125,0.98046875,0.6222109468950905
profile_0025,low_frequency,126,0.98828125,0.6216183946769764
profile_0025,low_frequency,127,0.99609375,0.6213171856958932
profile_0026,piecewise,0,0.00390625,0.3024789819215055
profile_0026,piecewise,1,0.01171875,0.604957963843011
profile_0026,piecewise,2,0.01953125,0.604957963843011
profile_0026,piecewise,3,0.02734375,0.604957963843011
profile_0026,piecewise,4,0.03515625,0.604957963843011
profile_0026,piecewise,5,0.04296875,0.604957963843011
profile_0026,piecewise,6,0.05078125,0.604957963843011
profile_0026,piecewise,7,0.05859375,0.604957963843011
profile_0026,piecewise,8,0.06640625,0.604957963843011
profile_0026,piecewise,9,0.07421875,0.604957963843011
profile_0026,piecewise,10,0.08203125,0.604957963843011
profile_0026,piecewise,11,0.08984375,0.604957963843011
profile_0026,piecewise,12,0.09765625,0.604957963843011
profile_0026,piecewise,13,0.10546875,0.6408251868098761
profile_0026,piecewise,14,0.11328125,0.6766924097767412
profile_0026,piecewise,15,0.12109375,0.6766924097767412
profile_0026,piecewise,16,0.12890625,0.6766924097767412
profile_0026,piecewise,17,0.13671875,0.6766924097767412
profile_0026,piecewise,18,0.14453125,0.6766924097767412
profile_0026,piecewise,19,0.15234375,0.6766924097767412
profile_0026,piecewise,20,0.16015625,0.6766924097767412
profile_0026,piecewise,21,0.16796875,0.6766924097767412
profile_0026,piecewise,22,0.17578125,0.6766924097767412
profile_0026,piecewise,23,0.18359375,0.6766924097767412
profile_0026,piecewise,24,0.19140625,0.6766924097767412
profile_0026,piecewise,25,0.19921875,0.6766924097767412
profile_0026,piecewise,26,0.20703125,0.44142593670719477
profile_0026,piecewise,27,0.21484375,0.20615946363764837
profile_0026,piecewise,28,0.22265625,0.20615946363764837
profile_0026,piecewise,29,0.23046875,0.20615946363764837
profile_0026,piecewise,30,0.23828125,0.20615946363764837
profile_0026,piecewise,31,0.24609375,0.20615946363764837
profile_0026,piecewise,32,0.25390625,0.20615946363764837
profile_0026,piecewise,33,0.26171875,0.20615946363764837
profile_0026,piecewise,34,0.26953125,0.20615946363764837
profile_0026,piecewise,35,0.27734375,0.20615946363764837
profile_0026,piecewise,36,0.28515625,0.20615946363764837
profile_0026,piecewise,37,0.29296875,0.20615946363764837
profile_0026,piecewise,38,0.30078125,0.48371346175940017
profile_0026,piecewise,39,0.30859375,0.761267459881152
profile_0026,piecewise,40,0.31640625,0.761267459881152
profile_0026,piecewise,41,0.32421875,0.761267459881152
profile_0026,piecewise,42,0.33203125,0.761267459881152
profile_0026,piecewise,43,0.33984375,0.761267459881152
profile_0026,piecewise,44,0.34765625,0.761267459881152
profile_0026,piecewise,45,0.35546875,0.761267459881152
profile_0026,piecewise,46,0.36328125,0.761267459881152
profile_0026,piecewise,47,0.37109375,0.761267459881152
profile_0026,piecewise,48,0.37890625,0.761267459881152
profile_0026,piecewise,49,0.38671875,0.761267459881152
profile_0026,piecewise,50,0.39453125,0.761267459881152
profile_0026,piecewise,51,0.40234375,0.7408606948145251
profile_0026,piecewise,52,0.41015625,0.7204539297478981
profile_0026,piecewise,53,0.41796875,0.7204539297478981
profile_0026,piecewise,54,0.42578125,0.7204539297478981
profile_0026,piecewise,55,0.43359375,0.7204539297478981
profile_0026,piecewise,56,0.44140625,0.7204539297478981
profile_0026,piecewise,57,0.44921875,0.7204539297478981
profile_0026,piecewise,58,0.45703125,0.7204539297478981
profile_0026,piecewise,59,0.46484375,0.7204539297478981
profile_0026,piecewise,60,0.47265625,0.7204539297478981
profile_0026,piecewise,61,0.48046875,0.7204539297478981
profile_0026,piecewise,62,0.48828125,0.7204539297478981
profile_0026,piecewise,63,0.49609375,0.7204539297478981
profile_0026,piecewise,64,0.50390625,0.8076511794230716
profile_0026,piecewise,65,0.51171875,0.894848429098245
profile_0026,piecewise,66,0.51953125,0.894848429098245
profile_0026,piecewise,67,0.52734375,0.894848429098245
profile_0026,piecewise,68,0.53515625,0.894848429098245
profile_0026,piecewise,69,0.54296875,0.894848429098245
profile_0026,piecewise,70,0.55078125,0.894848429098245
profile_0026,piecewise,71,0.55859375,0.894848429098245
profile_0026,piecewise,72,0.56640625,0.894848429098245
profile_0026,piecewise,73,0.57421875,0.894848429098245
profile_0026,piecewise,74,0.58203125,0.894848429098245
profile_0026,piecewise,75,0.58984375,0.894848429098245
profile_0026,piecewise,76,0.59765625,0.894848429098245
profile_0026,piecewise,77,0.60546875,0.8709027873450677
profile_0026,piecewise,78,0.61328125,0.8469571455918902
profile_0026,piecewise,79,0.62109375,0.8469571455918902
profile_0026,piecewise,80,0.62890625,0.8469571455918902
profile_0026,piecewise,81,0.63671875,0.8469571455918902
profile_0026,piecewise,82,0.64453125,0.8469571455918902
profile_0026,piecewise,83,0.65234375,0.8469571455918902
profile_0026,piecewise,84,0.66015625,0.8469571455918902
profile_0026,piecewise,85,0.66796875,0.8469571455918902
profile_0026,piecewise,86,0.67578125,0.8469571455918902
profile_0026,piecewise,87,0.68359375,0.8469571455918902
profile_0026,piecewise,88,0.69140625,0.8469571455918902
profile_0026,piecewise,89,0.69921875,0.8469571455918902
profile_0026,piecewise,90,0.70703125,0.6891480308605458
profile_0026,piecewise,91,0.71484375,0.5313389161292015
profile_0026,piecewise,92,0.72265625,0.5313389161292015
profile_0026,piecewise,93,0.73046875,0.5313389161292015
profile_0026,piecewise,94,0.73828125,0.5313389161292015
profile_0026,piecewise,95,0.74609375,0.5313389161292015
profile_0026,piecewise,96,0.75390625,0.5313389161292015
profile_0026,piecewise,97,0.76171875,0.5313389161292015
profile_0026,piecewise,98,0.76953125,0.5313389161292015
profile_0026,piecewise,99,0.77734375,0.5313389161292015
profile_0026,piecewise,100,0.78515625,0.5313389161292015
profile_0026,piecewise,101,0.79296875,0.5313389161292015
profile_0026,piecewise,102,0.80078125,0.687399237832699
profile_0026,piecewise,103,0.80859375,0.8434595595361963
profile_0026,piecewise,104,0.81640625,0.8434595595361963
profile_0026,piecewise,105,0.82421875,0.8434595595361963
profile_0026,piecewise,106,0.83203125,0.8434595595361963
profile_0026,piecewise,107,0.83984375,0.8434595595361963
profile_0026,piecewise,108,0.84765625,0.8434595595361963
profile_0026,piecewise,109,0.85546875,0.8434595595361963
profile_0026,piecewise,110,0.86328125,0.8434595595361963
profile_0026,piecewise,111,0.87109375,0.8434595595361963
profile_0026,piecewise,112,0.87890625,0.8434595595361963
profile_0026,piecewise,113,0.88671875,0.8434595595361963
profile_0026,piecewise,114,0.89453125,0.8434595595361963
profile_0026,piecewise,115,0.90234375,0.677296685207782
profile_0026,piecewise,116,0.91015625,0.5111338108793677
profile_0026,piecewise,117,0.91796875,0.5111338108793677
profile_0026,piecewise,118,0.92578125,0.5111338108793677
profile_0026,piecewise,119,0.93359375,0.5111338108793677
profile_0026,piecewise,120,0.94140625,0.5111338108793677
profile_0026,piecewise,121,0.94921875,0.5111338108793677
profile_0026,piecewise,122,0.95703125,0.5111338108793677
profile_0026,piecewise,123,0.96484375,0.5111338108793677
profile_0026,piecewise,124,0.97265625,0.5111338108793677
profile_0026,piecewise,125,0.98046875,0.5111338108793677
profile_0026,piecewise,126,0.98828125,0.5111338108793677
profile_0026,piecewise,127,0.99609375,0.5111338108793677
profile_0027,high_frequency,0,0.00390625,0.28881971929575845
profile_0027,high_frequency,1,0.01171875,0.30144632263628646
profile_0027,high_frequency,2,0.01953125,0.37274284520400963
profile_0027,high_frequency,3,0.02734375,0.47252895960041
profile_0027,high_frequency,4,0.03515625,0.5585644906549713
profile_0027,high_frequency,5,0.04296875,0.5944299833702134
profile_0027,high_frequency,6,0.05078125,0.5649433184299104
profile_0027,high_frequency,7,0.05859375,0.4825864117780475
profile_0027,high_frequency,8,0.06640625,0.3822215304196023
profile_0027,high_frequency,9,0.07421875,0.3063338457152681
profile_0027,high_frequency,10,0.08203125,0.28704715679868137
profile_0027,high_frequency,11,0.08984375,0.33252565688674174
profile_0027,high_frequency,12,0.09765625,0.423517971959806
profile_0027,high_frequency,13,0.10546875,0.5215064049303952
profile_0027,high_frequency,14,0.11328125,0.5850117520195173
profile_0027,high_frequency,15,0.12109375,0.5871517460747221
profile_0027,high_frequency,16,0.12890625,0.5270205123227261
profile_0027,high_frequency,17,0.13671875,0.43007203163318813
profile_0027,high_frequency,18,0.14453125,0.3373452885543356
profile_0027,high_frequency,19,0.15234375,0.28809217594054665
profile_0027,high_frequency,20,0.16015625,0.303161888262256
profile_0027,high_frequency,21,0.16796875,0.37617530862440574
profile_0027,high_frequency,22,0.17578125,0.4762253345252973
profile_0027,high_frequency,23,0.18359375,0.5609600751689815
profile_0027,high_frequency,24,0.19140625,0.5945107094327216
profile_0027,high_frequency,25,0.19921875,0.5626750141218895
profile_0027,high_frequency,26,0.20703125,0.47892926651954276
profile_0027,high_frequency,27,0.21484375,0.37872363992791563
profile_0027,high_frequency,28,0.22265625,0.30447589202707215
profile_0027,high_frequency,29,0.23046875,0.28761562498479826
profile_0027,high_frequency,30,0.23828125,0.3352799103024268
profile_0027,high_frequency,31,0.24609375,0.42729211545575685
profile_0027,high_frequency,32,0.25390625,0.5247028165994758
profile_0027,high_frequency,33,0.26171875,0.586277367964654
profile_0027,high_frequency,34,0.26953125,0.5859508220238332
profile_0027,high_frequency,35,0.27734375,0.5238614080068511
profile_0027,high_frequency,36,0.28515625,0.426292018480237
profile_0027,high_frequency,37,0.29296875,0.3345444731391899
profile_0027,high_frequency,38,0.30078125,0.28745616343955416
profile_0027,high_frequency,39,0.30859375,0.30495990731123535
profile_0027,high_frequency,40,0.31640625,0.3796462449135328
profile_0027,high_frequency,41,0.32421875,0.47989991592442394
profile_0027,high_frequency,42,0.33203125,0.5632828251179037
profile_0027,high_frequency,43,0.33984375,0.5944983912826003
profile_0027,high_frequency,44,0.34765625,0.5603328422336813
profile_0027,high_frequency,45,0.35546875,0.4752486989877511
profile_0027,high_frequency,46,0.36328125,0.37526268728547096
profile_0027,high_frequency,47,0.37109375,0.3026996002551514
profile_0027,high_frequency,48,0.37890625,0.2882759110816109
profile_0027,high_frequency,49,0.38671875,0.33809727044561505
profile_0027,high_frequency,50,0.39453125,0.4310739409673837
profile_0027,high_frequency,51,0.40234375,0.5278482337202843
profile_0027,high_frequency,52,0.41015625,0.587454899154197
profile_0027,high_frequency,53,0.41796875,0.5846620099164153
profile_0027,high_frequency,54,0.42578125,0.5206518159757785
profile_0027,high_frequency,55,0.43359375,0.4225202897639856
profile_0027,high_frequency,56,0.44140625,0.33180720745139347
profile_0027,high_frequency,57,0.44921875,0.2869120649029294
profile_0027,high_frequency,58,0.45703125,0.3068392967237815
profile_0027,high_frequency,59,0.46484375,0.3831535633091575
profile_0027,high_frequency,60,0.47265625,0.4835504903673569
profile_0027,high_frequency,61,0.48046875,0.5655313413640219
profile_0027,high_frequency,62,0.48828125,0.5943930363398428
profile_0027,high_frequency,63,0.49609375,0.5579182136020518
profile_0027,high_frequency,64,0.50390625,0.47154692621892874
profile_0027,high_frequency,65,0.51171875,0.3718407572407273
profile_0027,high_frequency,66,0.51953125,0.30100604037125056
profile_0027,high_frequency,67,0.52734375,0.2890276173574641
profile_0027,high_frequency,68,0.53515625,0.3409760402439036
profile_0027,high_frequency,69,0.54296875,0.43486117046441086
profile_0027,high_frequency,70,0.55078125,0.5309407616111627
profile_0027,high_frequency,71,0.55859375,0.588543636287389
profile_0027,high_frequency,72,0.56640625,0.5832860860846897
profile_0027,high_frequency,73,0.57421875,0.517393669567732
profile_0027,high_frequency,74,0.58203125,0.4187591174327755
profile_0027,high_frequency,75,0.58984375,0.32913514031744645
profile_0027,high_frequency,76,0.59765625,0.2864602080752861
profile_0027,high_frequency,77,0.60546875,0.3087989244259871
profile_0027,high_frequency,78,0.61328125,0.38669515113382485
profile_0027,high_frequency,79,0.62109375,0.48717485888455614
profile_0027,high_frequency,80,0.62890625,0.5677042694852273
profile_0027,high_frequency,81,0.63671875,0.5941947080663268
profile_0027,high_frequency,82,0.64453125,0.5554325827089992
profile_0027,high_frequency,83,0.65234375,0.46782617802257187
profile_0027,high_frequency,84,0.66015625,0.36845991103638787
profile_0027,high_frequency,85,0.66796875,0.29939623251251546
profile_0027,high_frequency,86,0.67578125,0.289870291012605
profile_0027,high_frequency,87,0.68359375,0.3439144856340085
profile_0027,high_frequency,88,0.69140625,0.4386515226614023
profile_0027,high_frequency,89,0.69921875,0.5339785374489457
profile_0027,high_frequency,90,0.70703125,0.5895429235496911
profile_0027,high_frequency,91,0.71484375,0.5818238793337237
profile_0027,high_frequency,92,0.72265625,0.514088931368279
profile_0027,high_frequency,93,0.73046875,0.41501076707618145
profile_0027,high_frequency,94,0.73828125,0.32652988129067184
profile_0027,high_frequency,95,0.74609375,0.2861008651382807
profile_0027,high_frequency,96,0.75390625,0.31083761001139837
profile_0027,high_frequency,97,0.76171875,0.3902688750674558
profile_0027,high_frequency,98,0.76953125,0.49077083829194806
profile_0027,high_frequency,99,0.77734375,0.569800300590869
profile_0027,high_frequency,100,0.78515625,0.5939035259275885
profile_0027,high_frequency,101,0.79296875,0.5528774468056301
profile_0027,high_frequency,102,0.80078125,0.4640886956382673
profile_0027,high_frequency,103,0.80859375,0.36512218516778916
profile_0027,high_frequency,104,0.81640625,0.2978711463670066
profile_0027,high_frequency,105,0.82421875,0.29080342445193424
profile_0027,high_frequency,106,0.83203125,0.3469108366063056
profile_0027,high_frequency,107,0.83984375,0.44244271439192273
profile_0027,high_frequency,108,0.84765625,0.536959731391057
profile_0027,high_frequency,109,0.85546875,0.5904521590078217
profile_0027,high_frequency,110,0.86328125,0.5802762704421898
profile_0027,high_frequency,111,0.87109375,0.5107395920281406
profile_0027,high_frequency,112,0.87890625,0.4112774965602984
profile_0027,high_frequency,113,0.88671875,0.323992999681692
profile_0027,high_frequency,114,0.89453125,0.2858342525466619
profile_0027,high_frequency,115,0.90234375,0.31295412545205237
profile_0027,high_frequency,116,0.91015625,0.3938725824323868
profile_0027,high_frequency,117,0.91796875,0.49433626250600426
profile_0027,high_frequency,118,0.92578125,0.5718181721101872
profile_0027,high_frequency,119,0.93359375,0.5935196653208602
profile_0027,high_frequency,120,0.94140625,0.5502543450102717
profile_0027,high_frequency,121,0.94921875,0.46033673038565204
profile_0027,high_frequency,122,0.95703125,0.3618295901561907
profile_0027,high_frequency,123,0.96484375,0.29643170058959145
profile_0027,high_frequency,124,0.97265625,0.29182645559075965
profile_0027,high_frequency,125,0.98046875,0.3499632882710084
profile_0027,high_frequency,126,0.98828125,0.4462324619838399
profile_0027,high_frequency,127,0.99609375,0.5398825476777432
profile_0028,low_frequency,0,0.00390625,0.8308005588688636
profile_0028,low_frequency,1,0.01171875,0.8308005588688636
profile_0028,low_frequency,2,0.01953125,0.8308005588688636
profile_0028,low_frequency,3,0.02734375,0.8308005588688636
profile_0028,low_frequency,4,0.03515625,0.8308005588688636
profile_0028,low_frequency,5,0.04296875,0.8308005588688636
profile_0028,low_frequency,6,0.05078125,0.8308005588688636
profile_0028,low_frequency,7,0.05859375,0.8308005588688636
profile_0028,low_frequency,8,0.06640625,0.8308005588688636
profile_0028,low_frequency,9,0.07421875,0.8308005588688636
profile_0028,low_frequency,10,0.08203125,0.8308005588688636
profile_0028,low_frequency,11,0.08984375,0.8308005588688636
profile_0028,low_frequency,12,0.09765625,0.8308005588688636
profile_0028,low_frequency,13,0.10546875,0.823614221834307
profile_0028,low_frequency,14,0.11328125,0.8003852871976509
profile_0028,low_frequency,15,0.12109375,0.7771677485911828
profile_0028,low_frequency,16,0.12890625,0.7542053591038533
profile_0028,low_frequency,17,0.13671875,0.731729138313161
profile_0028,low_frequency,18,0.14453125,0.709953784419828
profile_0028,low_frequency,19,0.15234375,0.6890743781735749
profile_0028,low_frequency,20,0.16015625,0.6692634303937388
profile_0028,low_frequency,21,0.16796875,0.6506683188080382
profile_0028,low_frequency,22,0.17578125,0.6334091532889947
profile_0028,low_frequency,23,0.18359375,0.6175771014899429
profile_0028,low_frequency,24,0.19140625,0.6032331994965607
profile_0028,low_frequency,25,0.19921875,0.5904076645336871
profile_0028,low_frequency,26,0.20703125,0.5790997191096738
profile_0028,low_frequency,27,0.21484375,0.569277928339428
profile_0028,low_frequency,28,0.22265625,0.560881044648855
profile_0028,low_frequency,29,0.23046875,0.5538193467020283
profile_0028,low_frequency,30,0.23828125,0.5479764522719592
profile_0028,low_frequency,31,0.24609375,0.5432115779506661
profile_0028,low_frequency,32,0.25390625,0.5393622121116022
profile_0028,low_frequency,33,0.26171875,0.5362471614396935
profile_0028,low_frequency,34,0.26953125,0.5336699256712989
profile_0028,low_frequency,35,0.27734375,0.5314223499787392
profile_0028,low_frequency,36,0.28515625,0.5292884997348155
profile_0028,low_frequency,37,0.29296875,0.5270486982498883
profile_0028,low_frequency,38,0.30078125,0.5244836645419737
profile_0028,low_frequency,39,0.30859375,0.5213786853402769
profile_0028,low_frequency,40,0.31640625,0.517527753403249
profile_0028,low_frequency,41,0.32421875,0.5127376029282995
profile_0028,low_frequency,42,0.33203125,0.5068315724209338
profile_0028,low_frequency,43,0.33984375,0.49965322595710393
profile_0028,low_frequency,44,0.34765625,0.4910696653929275
profile_0028,low_frequency,45,0.35546875,0.4809744688234052
profile_0028,low_frequency,46,0.36328125,0.4692901945281506
profile_0028,low_frequency,47,0.37109375,0.4559703948130469
profile_0028,low_frequency,48,0.37890625,0.44100109058632797
profile_0028,low_frequency,49,0.38671875,0.42440166519335976
profile_0028,low_frequency,50,0.39453125,0.4062251449426195
profile_0028,low_frequency,51,0.40234375,0.38655784381685543
profile_0028,low_frequency,52,0.41015625,0.3655183609706306
profile_0028,low_frequency,53,0.41796875,0.34325593162053036
profile_0028,low_frequency,54,0.42578125,0.3199481446487168
profile_0028,low_frequency,55,0.43359375,0.29579805343603227
profile_0028,low_frequency,56,0.44140625,0.27103071985247307
profile_0028,low_frequency,57,0.44921875,0.24588924466322037
profile_0028,low_frequency,58,0.45703125,0.22063035053399316
profile_0028,low_frequency,59,0.46484375,0.19551959599830582
profile_0028,low_frequency,60,0.47265625,0.17082630983006275
profile_0028,low_frequency,61,0.48046875,0.14681834489758994
profile_0028,low_frequency,62,0.48828125,0.12375675842173672
profile_0028,low_frequency,63,0.49609375,0.10189053130704129
profile_0028,low_frequency,64,0.50390625,0.08145144258275672
profile_0028,low_frequency,65,0.51171875,0.06264921574865934
profile_0028,low_frequency,66,0.51953125,0.045667051795730274
profile_0028,low_frequency,67,0.52734375,0.030657658758186268
profile_0028,low_frequency,68,0.53515625,0.017739879820469318
profile_0028,low_frequency,69,0.54296875,0.006996011301456773
profile_0028,low_frequency,70,0.55078125,0.0
profile_0028,low_frequency,71,0.55859375,0.0
profile_0028,low_frequency,72,0.56640625,0.0
profile_0028,low_frequency,73,0.57421875,0.0
profile_0028,low_frequency,74,0.58203125,0.0
profile_0028,low_frequency,75,0.58984375,0.0
profile_0028,low_frequency,76,0.59765625,0.0
profile_0028,low_frequency,77,0.60546875,0.0
profile_0028,low_frequency,78,0.61328125,0.0026241155530609683
profile_0028,low_frequency,79,0.62109375,0.009843987054606318
profile_0028,low_frequency,80,0.62890625,0.017797148031560628
profile_0028,low_frequency,81,0.63671875,0.026219527769309914
profile_0028,low_frequency,82,0.64453125,0.03484778516344367
profile_0028,low_frequency,83,0.65234375,0.043425634390819035
profile_0028,low_frequency,84,0.66015625,0.051710028107210704
profile_0028,low_frequency,85,0.66796875,0.05947703810232596
profile_0028,low_frequency,86,0.67578125,0.06652727806843362
profile_0028,low_frequency,87,0.68359375,0.07269072220374007
profile_0028,low_frequency,88,0.69140625,0.07783078664334264
profile_0028,low_frequency,89,0.69921875,0.08184755792940868
profile_0028,low_frequency,90,0.70703125,0.08468007351522411
profile_0028,low_frequency,91,0.71484375,0.0863075831466551
profile_0028,low_frequency,92,0.72265625,0.08674974627749854
profile_0028,low_frequency,93,0.73046875,0.08606574876201467
profile_0028,low_frequency,94,0.73828125,0.08435235116873385
profile_0028,low_frequency,95,0.74609375,0.08174091036600628
profile_0028,low_frequency,96,0.75390625,0.0783934447080249
profile_0028,low_frequency,97,0.76171875,0.07449784036599272
profile_0028,low_frequency,98,0.76953125,0.07026232129315879
profile_0028,low_frequency,99,0.77734375,0.06590932722494314
profile_0028,low_frequency,100,0.78515625,0.061668962310533426
profile_0028,low_frequency,101,0.79296875,0.057772190860745365
profile_0028,low_frequency,102,0.80078125,0.05444396580524535
profile_0028,low_frequency,103,0.80859375,0.05189647943990283
profile_0028,low_frequency,104,0.81640625,0.05032272471699506
profile_0028,low_frequency,105,0.82421875,0.049890548646284505
profile_0028,low_frequency,106,0.83203125,0.05073736745058555
profile_0028,low_frequency,107,0.83984375,0.05296569622930214
profile_0028,low_frequency,108,0.84765625,0.05663962445265369
profile_0028,low_frequency,109,0.85546875,0.06178234320354947
profile_0028,low_frequency,110,0.86328125,0.06837480139431562
profile_0028,low_frequency,111,0.87109375,0.07635553700887698
profile_0028,low_frequency,112,0.87890625,0.08562169663798946
profile_0028,low_frequency,113,0.88671875,0.09603122312386803
profile_0028,low_frequency,114,0.89453125,0.10740615797904796
profile_0028,low_frequency,115,0.90234375,0.11953697336143965
profile_0028,low_frequency,116,0.91015625,0.1321878187137029
profile_0028,low_frequency,117,0.91796875,0.1451025405933486
profile_0028,low_frequency,118,0.92578125,0.15801131152896997
profile_0028,low_frequency,119,0.93359375,0.17063768562675818
profile_0028,low_frequency,120,0.94140625,0.18270588567784207
profile_0028,low_frequency,121,0.94921875,0.19394811908981113
profile_0028,low_frequency,122,0.95703125,0.20411171833135688
profile_0028,low_frequency,123,0.96484375,0.21296590581278574
profile_0028,low_frequency,124,0.97265625,0.22030799312857519
profile_0028,low_frequency,125,0.98046875,0.22596884009053286
profile_0028,low_frequency,126,0.98828125,0.22981741954639756
profile_0028,low_frequency,127,0.99609375,0.23176435902181436
profile_0029,piecewise,0,0.00390625,0.16804924821363262
profile_0029,piecewise,1,0.01171875,0.33609849642726525
profile_0029,piecewise,2,0.01953125,0.33609849642726525
profile_0029,piecewise,3,0.02734375,0.33609849642726525
profile_0029,piecewise,4,0.03515625,0.33609849642726525
profile_0029,piecewise,5,0.04296875,0.33609849642726525
profile_0029,piecewise,6,0.05078125,0.33609849642726525
profile_0029,piecewise,7,0.05859375,0.33609849642726525
profile_0029,piecewise,8,0.06640625,0.33609849642726525
profile_0029,piecewise,9,0.07421875,0.33609849642726525
profile_0029,piecewise,10,0.08203125,0.33609849642726525
profile_0029,piecewise,11,0.08984375,0.33609849642726525
profile_0029,piecewise,12,0.09765625,0.33609849642726525
profile_0029,piecewise,13,0.10546875,0.33609849642726525
profile_0029,piecewise,14,0.11328125,0.5984960624025837
profile_0029,piecewise,15,0.12109375,0.8608936283779022
profile_0029,piecewise,16,0.12890625,0.8608936283779022
profile_0029,piecewise,17,0.13671875,0.8608936283779022
profile_0029,piecewise,18,0.14453125,0.8608936283779022
profile_0029,piecewise,19,0.15234375,0.8608936283779022
profile_0029,piecewise,20,0.16015625,0.8608936283779022
profile_0029,piecewise,21,0.16796875,0.8608936283779022
profile_0029,piecewise,22,0.17578125,0.8608936283779022
profile_0029,piecewise,23,0.18359375,0.8608936283779022
profile_0029,piecewise,24,0.19140625,0.8608936283779022
profile_0029,piecewise,25,0.19921875,0.8608936283779022
profile_0029,piecewise,26,0.20703125,0.8608936283779022
profile_0029,piecewise,27,0.21484375,0.8608936283779022
profile_0029,piecewise,28,0.22265625,0.6540362955779002
profile_0029,piecewise,29,0.23046875,0.4471789627778983
profile_0029,piecewise,30,0.23828125,0.4471789627778983
profile_0029,piecewise,31,0.24609375,0.4471789627778983
profile_0029,piecewise,32,0.25390625,0.4471789627778983
profile_0029,piecewise,33,0.26171875,0.4471789627778983
profile_0029,piecewise,34,0.26953125,0.4471789627778983
profile_0029,piecewise,35,0.27734375,0.4471789627778983
profile_0029,piecewise,36,0.28515625,0.4471789627778983
profile_0029,piecewise,37,0.29296875,0.4471789627778983
profile_0029,piecewise,38,0.30078125,0.4471789627778983
profile_0029,piecewise,39,0.30859375,0.4471789627778983
profile_0029,piecewise,40,0.31640625,0.4471789627778983
profile_0029,piecewise,41,0.32421875,0.4471789627778983
profile_0029,piecewise,42,0.33203125,0.4471789627778983
profile_0029,piecewise,43,0.33984375,0.5143751476427236
profile_0029,piecewise,44,0.34765625,0.581571332507549
profile_0029,piecewise,45,0.35546875,0.581571332507549
profile_0029,piecewise,46,0.36328125,0.581571332507549
profile_0029,piecewise,47,0.37109375,0.581571332507549
profile_0029,piecewise,48,0.37890625,0.581571332507549
profile_0029,piecewise,49,0.38671875,0.581571332507549
profile_0029,piecewise,50,0.39453125,0.581571332507549
profile_0029,piecewise,51,0.40234375,0.581571332507549
profile_0029,piecewise,52,0.41015625,0.581571332507549
profile_0029,piecewise,53,0.41796875,0.581571332507549
profile_0029,piecewise,54,0.42578125,0.581571332507549
profile_0029,piecewise,55,0.43359375,0.581571332507549
profile_0029,piecewise,56,0.44140625,0.581571332507549
profile_0029,piecewise,57,0.44921875,0.48185873776730115
profile_0029,piecewise,58,0.45703125,0.3821461430270533
profile_0029,piecewise,59,0.46484375,0.3821461430270533
profile_0029,piecewise,60,0.47265625,0.3821461430270533
profile_0029,piecewise,61,0.48046875,0.3821461430270533
profile_0029,piecewise,62,0.48828125,0.3821461430270533
profile_0029,piecewise,63,0.49609375,0.3821461430270533
profile_0029,piecewise,64,0.50390625,0.3821461430270533
profile_0029,piecewise,65,0.51171875,0.3821461430270533
profile_0029,piecewise,66,0.51953125,0.3821461430270533
profile_0029,piecewise,67,0.52734375,0.3821461430270533
profile_0029,piecewise,68,0.53515625,0.3821461430270533
profile_0029,piecewise,69,0.54296875,0.3821461430270533
profile_0029,piecewise,70,0.55078125,0.3821461430270533
profile_0029,piecewise,71,0.55859375,0.5009619419892697
profile_0029,piecewise,72,0.56640625,0.6197777409514862
profile_0029,piecewise,73,0.57421875,0.6197777409514862
profile_0029,piecewise,74,0.58203125,0.6197777409514862
profile_0029,piecewise,75,0.58984375,0.6197777409514862
profile_0029,piecewise,76,0.59765625,0.6197777409514862
profile_0029,piecewise,77,0.60546875,0.6197777409514862
profile_0029,piecewise,78,0.61328125,0.6197777409514862
profile_0029,piecewise,79,0.62109375,0.6197777409514862
profile_0029,piecewise,80,0.62890625,0.6197777409514862
profile_0029,piecewise,81,0.63671875,0.6197777409514862
profile_0029,piecewise,82,0.64453125,0.6197777409514862
profile_0029,piecewise,83,0.65234375,0.6197777409514862
profile_0029,piecewise,84,0.66015625,0.6197777409514862
profile_0029,piecewise,85,0.66796875,0.5160556928091353
profile_0029,piecewise,86,0.67578125,0.4123336446667845
profile_0029,piecewise,87,0.68359375,0.4123336446667845
profile_0029,piecewise,88,0.69140625,0.4123336446667845
profile_0029,piecewise,89,0.69921875,0.4123336446667845
profile_0029,piecewise,90,0.70703125,0.4123336446667845
profile_0029,piecewise,91,0.71484375,0.4123336446667845
profile_0029,piecewise,92,0.72265625,0.4123336446667845
profile_0029,piecewise,93,0.73046875,0.4123336446667845
profile_0029,piecewise,94,0.73828125,0.4123336446667845
profile_0029,piecewise,95,0.74609375,0.4123336446667845
profile_0029,piecewise,96,0.75390625,0.4123336446667845
profile_0029,piecewise,97,0.76171875,0.4123336446667845
profile_0029,piecewise,98,0.76953125,0.4123336446667845
profile_0029,piecewise,99,0.77734375,0.4123336446667845
profile_0029,piecewise,100,0.78515625,0.26623530953676566
profile_0029,piecewise,101,0.79296875,0.12013697440674684
profile_0029,piecewise,102,0.80078125,0.12013697440674684
profile_0029,piecewise,103,0.80859375,0.12013697440674684
profile_0029,piecewise,104,0.81640625,0.12013697440674684
profile_0029,piecewise,105,0.82421875,0.12013697440674684
profile_0029,piecewise,106,0.83203125,0.12013697440674684
profile_0029,piecewise,107,0.83984375,0.12013697440674684
profile_0029,piecewise,108,0.84765625,0.12013697440674684
profile_0029,piecewise,109,0.85546875,0.12013697440674684
profile_0029,piecewise,110,0.86328125,0.12013697440674684
profile_0029,piecewise,111,0.87109375,0.12013697440674684
profile_0029,piecewise,112,0.87890625,0.12013697440674684
profile_0029,piecewise,113,0.88671875,0.12013697440674684
profile_0029,piecewise,114,0.89453125,0.16330590470414025
profile_0029,piecewise,115,0.90234375,0.20647483500153363
profile_0029,piecewise,116,0.91015625,0.20647483500153363
profile_0029,piecewise,117,0.91796875,0.20647483500153363
profile_0029,piecewise,118,0.92578125,0.20647483500153363
profile_0029,piecewise,119,0.93359375,0.20647483500153363
profile_0029,piecewise,120,0.94140625,0.20647483500153363
profile_0029,piecewise,121,0.94921875,0.20647483500153363
profile_0029,piecewise,122,0.95703125,0.20647483500153363
profile_0029,piecewise,123,0.96484375,0.20647483500153363
profile_0029,piecewise,124,0.97265625,0.20647483500153363
profile_0029,piecewise,125,0.98046875,0.20647483500153363
profile_0029,piecewise,126,0.98828125,0.20647483500153363
profile_0029,piecewise,127,0.99609375,0.20647483500153363
profile_0030,high_frequency,0,0.00390625,0.1988726618164293
profile_0030,high_frequency,1,0.01171875,0.2697705876650486
profile_0030,high_frequency,2,0.01953125,0.36626233669448416
profile_0030,high_frequency,3,0.02734375,0.4475022621314623
profile_0030,high_frequency,4,0.03515625,0.4791009230998137
profile_0030,high_frequency,5,0.04296875,0.4476823806472039
profile_0030,high_frequency,6,0.05078125,0.36654632827135275
profile_0030,high_frequency,7,0.05859375,0.2700382366395076
profile_0030,high_frequency,8,0.06640625,0.1990106704653063
profile_0030,high_frequency,9,0.07421875,0.1835301059842634
profile_0030,high_frequency,10,0.08203125,0.23014957674591768
profile_0030,high_frequency,11,0.08984375,0.319134727692547
profile_0030,high_frequency,12,0.09765625,0.41281750865207156
profile_0030,high_frequency,13,0.10546875,0.4715413291045768
profile_0030,high_frequency,14,0.11328125,0.47044797628568935
profile_0030,high_frequency,15,0.12109375,0.41000027425537333
profile_0030,high_frequency,16,0.12890625,0.31578616716658675
profile_0030,high_frequency,17,0.13671875,0.22768715968595143
profile_0030,high_frequency,18,0.14453125,0.18299619112512125
profile_0030,high_frequency,19,0.15234375,0.20063126778154985
profile_0030,high_frequency,20,0.16015625,0.27312733570841335
profile_0030,high_frequency,21,0.16796875,0.36979629138622205
profile_0030,high_frequency,22,0.17578125,0.4497174752013495
profile_0030,high_frequency,23,0.18359375,0.4790596790282302
profile_0030,high_frequency,24,0.19140625,0.4454021383443297
profile_0030,high_frequency,25,0.19921875,0.362992330595748
profile_0030,high_frequency,26,0.20703125,0.26671491619966975
profile_0030,high_frequency,27,0.21484375,0.19732481254770154
profile_0030,high_frequency,28,0.22265625,0.18419534629044168
profile_0030,high_frequency,29,0.23046875,0.2328843143013002
profile_0030,high_frequency,30,0.23828125,0.3227813285509328
profile_0030,high_frequency,31,0.24609375,0.4158323406160668
profile_0030,high_frequency,32,0.25390625,0.47264819226361066
profile_0030,high_frequency,33,0.26171875,0.46917832755628597
profile_0030,high_frequency,34,0.26953125,0.406891565016008
profile_0030,high_frequency,35,0.27734375,0.312154336249223
profile_0030,high_frequency,36,0.28515625,0.2250695870664215
profile_0030,high_frequency,37,0.29296875,0.18250091399516602
profile_0030,high_frequency,38,0.30078125,0.2024679404889086
profile_0030,high_frequency,39,0.30859375,0.2765184815735001
profile_0030,high_frequency,40,0.31640625,0.37330641413546684
profile_0030,high_frequency,41,0.32421875,0.4518607147960587
profile_0030,high_frequency,42,0.33203125,0.4789287868350593
profile_0030,high_frequency,43,0.33984375,0.44305252196383943
profile_0030,high_frequency,44,0.34765625,0.35941859942921356
profile_0030,high_frequency,45,0.35546875,0.26342985618328973
profile_0030,high_frequency,46,0.36328125,0.19571901305733164
profile_0030,high_frequency,47,0.37109375,0.1849485537233861
profile_0030,high_frequency,48,0.37890625,0.23567769056971694
profile_0030,high_frequency,49,0.38671875,0.32643241752243496
profile_0030,high_frequency,50,0.39453125,0.41879561024291084
profile_0030,high_frequency,51,0.40234375,0.4736692693409432
profile_0030,high_frequency,52,0.41015625,0.4678249828619343
profile_0030,high_frequency,53,0.41796875,0.4037366790283965
profile_0030,high_frequency,54,0.42578125,0.30853339474776914
profile_0030,high_frequency,55,0.43359375,0.22251536045940118
profile_0030,high_frequency,56,0.44140625,0.1820946246546327
profile_0030,high_frequency,57,0.44921875,0.20438157359554518
profile_0030,high_frequency,58,0.45703125,0.27994198256084285
profile_0030,high_frequency,59,0.46484375,0.37679059057552616
profile_0030,high_frequency,60,0.47265625,0.4539306899081988
profile_0030,high_frequency,61,0.48046875,0.47870832536486363
profile_0030,high_frequency,62,0.48828125,0.4406349468267826
profile_0030,high_frequency,63,0.49609375,0.35582728745377495
profile_0030,high_frequency,64,0.50390625,0.26018503538768656
profile_0030,high_frequency,65,0.51171875,0.1941942392677656
profile_0030,high_frequency,66,0.51953125,0.1857892745791032
profile_0030,high_frequency,67,0.52734375,0.2385280229257553
profile_0030,high_frequency,68,0.53515625,0.3300857953275803
profile_0030,high_frequency,69,0.54296875,0.42170553256978593
profile_0030,high_frequency,70,0.55078125,0.47460394527792327
profile_0030,high_frequency,71,0.55859375,0.4663887574068736
profile_0030,high_frequency,72,0.56640625,0.4005375166778885
profile_0030,high_frequency,73,0.57421875,0.3049255237819893
profile_0030,high_frequency,74,0.58203125,0.22002601843548855
profile_0030,high_frequency,75,0.58984375,0.18177756783702798
profile_0030,high_frequency,76,0.59765625,0.20637101440043043
profile_0030,high_frequency,77,0.60546875,0.28339577648146036
profile_0030,high_frequency,78,0.61328125,0.3802467219687949
profile_0030,high_frequency,79,0.62109375,0.4559261536621645
profile_0030,high_frequency,80,0.62890625,0.4783984274153894
profile_0030,high_frequency,81,0.63671875,0.4381508691900239
profile_0030,high_frequency,82,0.64453125,0.3522205579414774
profile_0030,high_frequency,83,0.65234375,0.25698240837157393
profile_0030,high_frequency,84,0.66015625,0.1927514096457185
profile_0030,high_frequency,85,0.66796875,0.18671700243878642
profile_0030,high_frequency,86,0.67578125,0.24143359443578352
profile_0030,high_frequency,87,0.68359375,0.3337392613081861
profile_0030,high_frequency,88,0.69140625,0.42456035476829035
profile_0030,high_frequency,89,0.69921875,0.47545165706071657
profile_0030,high_frequency,90,0.70703125,0.4648705163196134
profile_0030,high_frequency,91,0.71484375,0.3972960050202611
profile_0030,high_frequency,92,0.72265625,0.3013328965984479
profile_0030,high_frequency,93,0.73046875,0.21760306048123637
profile_0030,high_frequency,94,0.73828125,0.18154993452552312
profile_0030,high_frequency,95,0.74609375,0.20843506453881525
profile_0030,high_frequency,96,0.75390625,0.28687778289904
profile_0030,high_frequency,97,0.76171875,0.3836727264709543
profile_0030,high_frequency,98,0.76953125,0.4578459040652049
profile_0030,high_frequency,99,0.77734375,0.47799927965757333
profile_0030,high_frequency,100,0.78515625,0.43560178536904454
profile_0030,high_frequency,101,0.79296875,0.3486005834513117
profile_0030,high_frequency,102,0.80078125,0.25382390427771245
profile_0030,high_frequency,103,0.80859375,0.19139139329780377
profile_0030,high_frequency,104,0.81640625,0.1877311784738632
profile_0030,high_frequency,105,0.82421875,0.24439265489217282
profile_0030,high_frequency,106,0.83203125,0.33739061475296067
profile_0030,high_frequency,107,0.83984375,0.4273583572002805
profile_0030,high_frequency,108,0.84765625,0.47621189405944303
profile_0030,high_frequency,109,0.85546875,0.4632711741318144
profile_0030,high_frequency,110,0.86328125,0.39401409662092696
profile_0030,high_frequency,111,0.87109375,0.2977576772614212
profile_0030,high_frequency,112,0.87890625,0.21524794609591746
profile_0030,high_frequency,113,0.88671875,0.18141186183791339
profile_0030,high_frequency,114,0.89453125,0.2105724807040743
profile_0030,high_frequency,115,0.90234375,0.29038590438311634
profile_0030,high_frequency,116,0.91015625,0.3870665403849988
profile_0030,high_frequency,117,0.91796875,0.45968878473146146
profile_0030,high_frequency,118,0.92578125,0.4775111225230998
profile_0030,high_frequency,119,0.93359375,0.43298923083662266
profile_0030,high_frequency,120,0.94140625,0.34496954452055834
profile_0030,high_frequency,121,0.94921875,0.2507114256708678
profile_0030,high_frequency,122,0.95703125,0.19011500944701668
profile_0030,high_frequency,123,0.96484375,0.18883119178261187
profile_0030,high_frequency,124,0.97265625,0.24740342186754816
profile_0030,high_frequency,125,0.98046875,0.3410376562231186
profile_0030,high_frequency,126,0.98828125,0.4300978544537153
profile_0030,high_frequency,127,0.99609375,0.4768841983357617
profile_0031,low_frequency,0,0.00390625,0.11631223742026542
profile_0031,low_frequency,1,0.01171875,0.11962802350460744
profile_0031,low_frequency,2,0.01953125,0.1261573289117487
profile_0031,low_frequency,3,0.02734375,0.13569898506328482
profile_0031,low_frequency,4,0.03515625,0.14795953919774085
profile_0031,low_frequency,5,0.04296875,0.16256290399083984
profile_0031,low_frequency,6,0.05078125,0.1790627174979721
profile_0031,low_frequency,7,0.05859375,0.19695700169668517
profile_0031,low_frequency,8,0.06640625,0.21570463179470245
profile_0031,low_frequency,9,0.07421875,0.23474306886302299
profile_0031,low_frequency,10,0.08203125,0.2535067672459126
profile_0031,low_frequency,11,0.08984375,0.27144564694532947
profile_0031,low_frequency,12,0.09765625,0.2880430204496349
profile_0031,low_frequency,13,0.10546875,0.30283238324471207
profile_0031,low_frequency,14,0.11328125,0.31541251677849114
profile_0031,low_frequency,15,0.12109375,0.32546041054261265
profile_0031,low_frequency,16,0.12890625,0.33274158416018196
profile_0031,low_frequency,17,0.13671875,0.337117478348575
profile_0031,low_frequency,18,0.14453125,0.33854968232414806
profile_0031,low_frequency,19,0.15234375,0.3371008712422412
profile_0031,low_frequency,20,0.16015625,0.3329324369980151
profile_0031,low_frequency,21,0.16796875,0.3262989054208564
profile_0031,low_frequency,22,0.17578125,0.31753933886848706
profile_0031,low_frequency,23,0.18359375,0.30706602190727283
profile_0031,low_frequency,24,0.19140625,0.2953508158648377
profile_0031,low_frequency,25,0.19921875,0.28290964265544694
profile_0031,low_frequency,26,0.20703125,0.27028561698410947
profile_0031,low_frequency,27,0.21484375,0.25803138696946815
profile_0031,low_frequency,28,0.22265625,0.24669126514699613
profile_0031,low_frequency,29,0.23046875,0.23678373414068776
profile_0031,low_frequency,30,0.23828125,0.22878489411517244
profile_0031,low_frequency,31,0.24609375,0.22311338319776097
profile_0031,low_frequency,32,0.25390625,0.2201172487811066
profile_0031,low_frequency,33,0.26171875,0.22006317895073735
profile_0031,low_frequency,34,0.26953125,0.22312842170191627
profile_0031,low_frequency,35,0.27734375,0.22939562800632562
profile_0031,low_frequency,36,0.28515625,0.23885075636080855
profile_0031,low_frequency,37,0.29296875,0.2513840745945144
profile_0031,low_frequency,38,0.30078125,0.2667941929010803
profile_0031,low_frequency,39,0.30859375,0.28479496372873947
profile_0031,low_frequency,40,0.31640625,0.3050249925712869
profile_0031,low_frequency,41,0.32421875,0.3270594218512275
profile_0031,low_frequency,42,0.33203125,0.35042358059441514
profile_0031,low_frequency,43,0.33984375,0.37460803762509753
profile_0031,low_frequency,44,0.34765625,0.3990845571956523
profile_0031,low_frequency,45,0.35546875,0.4233224343635005
profile_0031,low_frequency,46,0.36328125,0.44680468349040947
profile_0031,low_frequency,47,0.37109375,0.46904356680636616
profile_0031,low_frequency,48,0.37890625,0.4895949802941546
profile_0031,low_frequency,49,0.38671875,0.5080712598933221
profile_0031,low_frequency,50,0.39453125,0.524152030368839
profile_0031,low_frequency,51,0.40234375,0.5375927898818946
profile_0031,low_frequency,52,0.41015625,0.5482310027314645
profile_0031,low_frequency,53,0.41796875,0.5559895580483922
profile_0031,low_frequency,54,0.42578125,0.5608775404151298
profile_0031,low_frequency,55,0.43359375,0.5629883464117489
profile_0031,low_frequency,56,0.44140625,0.5624952659786713
profile_0031,low_frequency,57,0.44921875,0.5596447264364455
profile_0031,low_frequency,58,0.45703125,0.5547474674768358
profile_0031,low_frequency,59,0.46484375,0.548167975251256
profile_0031,low_frequency,60,0.47265625,0.5403125510654228
profile_0031,low_frequency,61,0.48046875,0.5316164238487449
profile_0031,low_frequency,62,0.48828125,0.5225303347168431
profile_0031,low_frequency,63,0.49609375,0.5135070263232626
profile_0031,low_frequency,64,0.50390625,0.5049880595604637
profile_0031,low_frequency,65,0.51171875,0.49739135627888453
profile_0031,low_frequency,66,0.51953125,0.49109983026499227
profile_0031,low_frequency,67,0.52734375,0.48645142137936426
profile_0031,low_frequency,68,0.53515625,0.4837307914659139
profile_0031,low_frequency,69,0.54296875,0.48316287762400356
profile_0031,low_frequency,70,0.55078125,0.48490843107900217
profile_0031,low_frequency,71,0.55859375,0.48906160066803583
profile_0031,low_frequency,72,0.56640625,0.4956495513404211
profile_0031,low_frequency,73,0.57421875,0.5046340424220479
profile_0031,low_frequency,74,0.58203125,0.515914829893622
profile_0031,low_frequency,75,0.58984375,0.5293347035121774
profile_0031,low_frequency,76,0.59765625,0.5446859248731535
profile_0031,low_frequency,77,0.60546875,0.5617177977081393
profile_0031,low_frequency,78,0.61328125,0.580145077680533
profile_0031,low_frequency,79,0.62109375,0.5996569160964849
profile_0031,low_frequency,80,0.62890625,0.6199260302874148
profile_0031,low_frequency,81,0.63671875,0.6406178025296274
profile_0031,low_frequency,82,0.64453125,0.6613990284521756
profile_0031,low_frequency,83,0.65234375,0.6819460638138533
profile_0031,low_frequency,84,0.66015625,0.7019521538873486
profile_0031,low_frequency,85,0.66796875,0.721133770835094
profile_0031,low_frequency,86,0.67578125,0.7392358296074515
profile_0031,low_frequency,87,0.68359375,0.7560357001716529
profile_0031,low_frequency,88,0.69140625,0.7713459814173724
profile_0031,low_frequency,89,0.69921875,0.7850160480782125
profile_0031,low_frequency,90,0.70703125,0.7969324247895575
profile_0031,low_frequency,91,0.71484375,0.8070180794994166
profile_0031,low_frequency,92,0.72265625,0.8152307606335052
profile_0031,low_frequency,93,0.73046875,0.8215605277474767
profile_0031,low_frequency,94,0.73828125,0.8260266432486965
profile_0031,low_frequency,95,0.74609375,0.8286740028335862
profile_0031,low_frequency,96,0.75390625,0.8295692845864471
profile_0031,low_frequency,97,0.76171875,0.8287969915566806
profile_0031,low_frequency,98,0.76953125,0.8264555506959115
profile_0031,low_frequency,99,0.77734375,0.822653613168723
profile_0031,low_frequency,100,0.78515625,0.817506678330894
profile_0031,low_frequency,101,0.79296875,0.8111341373315961
profile_0031,low_frequency,102,0.80078125,0.8036568036724496
profile_0031,low_frequency,103,0.80859375,0.7951949685158137
profile_0031,low_frequency,104,0.81640625,0.7858669894249593
profile_0031,low_frequency,105,0.82421875,0.7757883938097145
profile_0031,low_frequency,106,0.83203125,0.7650714537832302
profile_0031,low_frequency,107,0.83984375,0.7538251683750663
profile_0031,low_frequency,108,0.84765625,0.7421555728493896
profile_0031,low_frequency,109,0.85546875,0.7301662837652465
profile_0031,low_frequency,110,0.86328125,0.7179591826583713
profile_0031,low_frequency,111,0.87109375,0.7056351408356316
profile_0031,low_frequency,112,0.87890625,0.6932946925215315
profile_0031,low_frequency,113,0.88671875,0.6810385730191273
profile_0031,low_frequency,114,0.89453125,0.6689680519814873
profile_0031,low_frequency,115,0.90234375,0.6571850085045812
profile_0031,low_frequency,116,0.91015625,0.6457917135948159
profile_0031,low_frequency,117,0.91796875,0.6348903056044617
profile_0031,low_frequency,118,0.92578125,0.6245819644087525
profile_0031,low_frequency,119,0.93359375,0.6149658093850459
profile_0031,low_frequency,120,0.94140625,0.6061375636828588
profile_0031,low_frequency,121,0.94921875,0.5981880419936618
profile_0031,low_frequency,122,0.95703125,0.5912015303426637
profile_0031,low_frequency,123,0.96484375,0.5852541338152919
profile_0031,low_frequency,124,0.97265625,0.580412171286083
profile_0031,low_frequency,125,0.98046875,0.576730695040379
profile_0031,low_frequency,126,0.98828125,0.574252207790027
profile_0031,low_frequency,127,0.99609375,0.5730056403128336
profile_0032,piecewise,0,0.00390625,0.12327228958861433
profile_0032,piecewise,1,0.01171875,0.24654457917722866
profile_0032,piecewise,2,0.01953125,0.24654457917722866
profile_0032,piecewise,3,0.02734375,0.24654457917722866
profile_0032,piecewise,4,0.03515625,0.24654457917722866
profile_0032,piecewise,5,0.04296875,0.24654457917722866
profile_0032,piecewise,6,0.05078125,0.24654457917722866
profile_0032,piecewise,7,0.05859375,0.24654457917722866
profile_0032,piecewise,8,0.06640625,0.24654457917722866
profile_0032,piecewise,9,0.07421875,0.24654457917722866
profile_0032,piecewise,10,0.08203125,0.24654457917722866
profile_0032,piecewise,11,0.08984375,0.24654457917722866
profile_0032,piecewise,12,0.09765625,0.24654457917722866
profile_0032,piecewise,13,0.10546875,0.30493503745371514
profile_0032,piecewise,14,0.11328125,0.3633254957302016
profile_0032,piecewise,15,0.12109375,0.3633254957302016
profile_0032,piecewise,16,0.12890625,0.3633254957302016
profile_0032,piecewise,17,0.13671875,0.3633254957302016
profile_0032,piecewise,18,0.14453125,0.3633254957302016
profile_0032,piecewise,19,0.15234375,0.3633254957302016
profile_0032,piecewise,20,0.16015625,0.3633254957302016
profile_0032,piecewise,21,0.16796875,0.3633254957302016
profile_0032,piecewise,22,0.17578125,0.3633254957302016
profile_0032,piecewise,23,0.18359375,0.3633254957302016
profile_0032,piecewise,24,0.19140625,0.3633254957302016
profile_0032,piecewise,25,0.19921875,0.3633254957302016
profile_0032,piecewise,26,0.20703125,0.3474627534506832
profile_0032,piecewise,27,0.21484375,0.33160001117116483
profile_0032,piecewise,28,0.22265625,0.33160001117116483
profile_0032,piecewise,29,0.23046875,0.33160001117116483
profile_0032,piecewise,30,0.23828125,0.33160001117116483
profile_0032,piecewise,31,0.24609375,0.33160001117116483
profile_0032,piecewise,32,0.25390625,0.33160001117116483
profile_0032,piecewise,33,0.26171875,0.33160001117116483
profile_0032,piecewise,34,0.26953125,0.33160001117116483
profile_0032,piecewise,35,0.27734375,0.33160001117116483
profile_0032,piecewise,36,0.28515625,0.33160001117116483
profile_0032,piecewise,37,0.29296875,0.33160001117116483
profile_0032,piecewise,38,0.30078125,0.30796957217182896
profile_0032,piecewise,39,0.30859375,0.28433913317249304
profile_0032,piecewise,40,0.31640625,0.28433913317249304
profile_0032,piecewise,41,0.32421875,0.28433913317249304
profile_0032,piecewise,42,0.33203125,0.28433913317249304
profile_0032,piecewise,43,0.33984375,0.28433913317249304
profile_0032,piecewise,44,0.34765625,0.28433913317249304
profile_0032,piecewise,45,0.35546875,0.28433913317249304
profile_0032,piecewise,46,0.36328125,0.28433913317249304
profile_0032,piecewise,47,0.37109375,0.28433913317249304
profile_0032,piecewise,48,0.37890625,0.28433913317249304
profile_0032,piecewise,49,0.38671875,0.28433913317249304
profile_0032,piecewise,50,0.39453125,0.28433913317249304
profile_0032,piecewise,51,0.40234375,0.5588911830359868
profile_0032,piecewise,52,0.41015625,0.8334432328994806
profile_0032,piecewise,53,0.41796875,0.8334432328994806
profile_0032,piecewise,54,0.42578125,0.8334432328994806
profile_0032,piecewise,55,0.43359375,0.8334432328994806
profile_0032,piecewise,56,0.44140625,0.8334432328994806
profile_0032,piecewise,57,0.44921875,0.8334432328994806
profile_0032,piecewise,58,0.45703125,0.8334432328994806
profile_0032,piecewise,59,0.46484375,0.8334432328994806
profile_0032,piecewise,60,0.47265625,0.8334432328994806
profile_0032,piecewise,61,0.48046875,0.8334432328994806
profile_0032,piecewise,62,0.48828125,0.8334432328994806
profile_0032,piecewise,63,0.49609375,0.8334432328994806
profile_0032,piecewise,64,0.50390625,0.7581638918174689
profile_0032,piecewise,65,0.51171875,0.6828845507354573
profile_0032,piecewise,66,0.51953125,0.6828845507354573
profile_0032,piecewise,67,0.52734375,0.6828845507354573
profile_0032,piecewise,68,0.53515625,0.6828845507354573
profile_0032,piecewise,69,0.54296875,0.6828845507354573
profile_0032,piecewise,70,0.55078125,0.6828845507354573
profile_0032,piecewise,71,0.55859375,0.6828845507354573
profile_0032,piecewise,72,0.56640625,0.6828845507354573
profile_0032,piecewise,73,0.57421875,0.6828845507354573
profile_0032,piecewise,74,0.58203125,0.6828845507354573
profile_0032,piecewise,75,0.58984375,0.6828845507354573
profile_0032,piecewise,76,0.59765625,0.6828845507354573
profile_0032,piecewise,77,0.60546875,0.48690401563771135
profile_0032,piecewise,78,0.61328125,0.29092348053996536
profile_0032,piecewise,79,0.62109375,0.29092348053996536
profile_0032,piecewise,80,0.62890625,0.29092348053996536
profile_0032,piecewise,81,0.63671875,0.29092348053996536
profile_0032,piecewise,82,0.64453125,0.29092348053996536
profile_0032,piecewise,83,0.65234375,0.29092348053996536
profile_0032,piecewise,84,0.66015625,0.29092348053996536
profile_0032,piecewise,85,0.66796875,0.29092348053996536
profile_0032,piecewise,86,0.67578125,0.29092348053996536
profile_0032,piecewise,87,0.68359375,0.29092348053996536
profile_0032,piecewise,88,0.69140625,0.29092348053996536
profile_0032,piecewise,89,0.69921875,0.29092348053996536
profile_0032,piecewise,90,0.70703125,0.2662404387006372
profile_0032,piecewise,91,0.71484375,0.24155739686130895
profile_0032,piecewise,92,0.72265625,0.24155739686130895
profile_0032,piecewise,93,0.73046875,0.24155739686130895
profile_0032,piecewise,94,0.73828125,0.24155739686130895
profile_0032,piecewise,95,0.74609375,0.24155739686130895
profile_0032,piecewise,96,0.75390625,0.24155739686130895
profile_0032,piecewise,97,0.76171875,0.24155739686130895
profile_0032,piecewise,98,0.76953125,0.24155739686130895
profile_0032,piecewise,99,0.77734375,0.24155739686130895
profile_0032,piecewise,100,0.78515625,0.24155739686130895
profile_0032,piecewise,101,0.79296875,0.24155739686130895
profile_0032,piecewise,102,0.80078125,0.5516224214925004
profile_0032,piecewise,103,0.80859375,0.8616874461236919
profile_0032,piecewise,104,0.81640625,0.8616874461236919
profile_0032,piecewise,105,0.82421875,0.8616874461236919
profile_0032,piecewise,106,0.83203125,0.8616874461236919
profile_0032,piecewise,107,0.83984375,0.8616874461236919
profile_0032,piecewise,108,0.84765625,0.8616874461236919
profile_0032,piecewise,109,0.85546875,0.8616874461236919
profile_0032,piecewise,110,0.86328125,0.8616874461236919
profile_0032,piecewise,111,0.87109375,0.8616874461236919
profile_0032,piecewise,112,0.87890625,0.8616874461236919
profile_0032,piecewise,113,0.88671875,0.8616874461236919
profile_0032,piecewise,114,0.89453125,0.8616874461236919
profile_0032,piecewise,115,0.90234375,0.7025507051015777
profile_0032,piecewise,116,0.91015625,0.5434139640794635
profile_0032,piecewise,117,0.91796875,0.5434139640794635
profile_0032,piecewise,118,0.92578125,0.5434139640794635
profile_0032,piecewise,119,0.93359375,0.5434139640794635
profile_0032,piecewise,120,0.94140625,0.5434139640794635
profile_0032,piecewise,121,0.94921875,0.5434139640794635
profile_0032,piecewise,122,0.95703125,0.5434139640794635
profile_0032,piecewise,123,0.96484375,0.5434139640794635
profile_0032,piecewise,124,0.97265625,0.5434139640794635
profile_0032,piecewise,125,0.98046875,0.5434139640794635
profile_0032,piecewise,126,0.98828125,0.5434139640794635
profile_0032,piecewise,127,0.99609375,0.5434139640794635
profile_0033,high_frequency,0,0.00390625,0.42963004247111425
profile_0033,high_frequency,1,0.01171875,0.32871167082727326
profile_0033,high_frequency,2,0.01953125,0.35189224659296914
profile_0033,high_frequency,3,0.02734375,0.4871619656367464
profile_0033,high_frequency,4,0.03515625,0.6644378909749227
profile_0033,high_frequency,5,0.04296875,0.7918737646864722
profile_0033,high_frequency,6,0.05078125,0.8034453474226257
profile_0033,high_frequency,7,0.05859375,0.6931574282120585
profile_0033,high_frequency,8,0.06640625,0.5181499297716518
profile_0033,high_frequency,9,0.07421875,0.3690938431522677
profile_0033,high_frequency,10,0.08203125,0.32321479134939635
profile_0033,high_frequency,11,0.08984375,0.4042826078416688
profile_0033,high_frequency,12,0.09765625,0.5702962393645775
profile_0033,high_frequency,13,0.10546875,0.7352443970746299
profile_0033,high_frequency,14,0.11328125,0.8136678117127027
profile_0033,high_frequency,15,0.12109375,0.7649354886631677
profile_0033,high_frequency,16,0.12890625,0.614295534815666
profile_0033,high_frequency,17,0.13671875,0.4397941712117498
profile_0033,high_frequency,18,0.14453125,0.3318401615826587
profile_0033,high_frequency,19,0.15234375,0.3463642353440642
profile_0033,high_frequency,20,0.16015625,0.47584150256965896
profile_0033,high_frequency,21,0.16796875,0.653190082525632
profile_0033,high_frequency,22,0.17578125,0.7865260750970018
profile_0033,high_frequency,23,0.18359375,0.8067684026331826
profile_0033,high_frequency,24,0.19140625,0.7034295607972859
profile_0033,high_frequency,25,0.19921875,0.5300491709587343
profile_0033,high_frequency,26,0.20703125,0.37645522286391797
profile_0033,high_frequency,27,0.21484375,0.32222439532533875
profile_0033,high_frequency,28,0.22265625,0.3954535580328731
profile_0033,high_frequency,29,0.23046875,0.5582028466053512
profile_0033,high_frequency,30,0.23828125,0.7261522209348088
profile_0033,high_frequency,31,0.24609375,0.8122874881864772
profile_0033,high_frequency,32,0.25390625,0.7719821602627674
profile_0033,high_frequency,33,0.26171875,0.6261183368453522
profile_0033,high_frequency,34,0.26953125,0.4502677365496402
profile_0033,high_frequency,35,0.27734375,0.33553815960014893
profile_0033,high_frequency,36,0.28515625,0.3413707415914142
profile_0033,high_frequency,37,0.29296875,0.46474363492121074
profile_0033,high_frequency,38,0.30078125,0.6417376212319659
profile_0033,high_frequency,39,0.30859375,0.7806525145781978
profile_0033,high_frequency,40,0.31640625,0.8095168213743521
profile_0033,high_frequency,41,0.32421875,0.7133760092345226
profile_0033,high_frequency,42,0.33203125,0.5420404165432757
profile_0033,high_frequency,43,0.33984375,0.3842786282472275
profile_0033,high_frequency,44,0.34765625,0.32182667178654156
profile_0033,high_frequency,45,0.35546875,0.3870407652422596
profile_0033,high_frequency,46,0.36328125,0.5461336335729813
profile_0033,high_frequency,47,0.37109375,0.7166796197684564
profile_0033,high_frequency,48,0.37890625,0.8103192322303521
profile_0033,high_frequency,49,0.38671875,0.778537998497765
profile_0033,high_frequency,50,0.39453125,0.6378017042372102
profile_0033,high_frequency,51,0.40234375,0.46102550674850784
profile_0033,high_frequency,52,0.41015625,0.3397967560786134
profile_0033,high_frequency,53,0.41796875,0.3369237950988482
profile_0033,high_frequency,54,0.42578125,0.4538950984266268
profile_0033,high_frequency,55,0.43359375,0.6301080970762991
profile_0033,high_frequency,56,0.44140625,0.774267233051814
profile_0033,high_frequency,57,0.44921875,0.8116839824646542
profile_0033,high_frequency,58,0.45703125,0.7229728116582765
profile_0033,high_frequency,59,0.46484375,0.5540947785643531
profile_0033,high_frequency,60,0.47265625,0.39254521203338133
profile_0033,high_frequency,61,0.48046875,0.322022578883846
profile_0033,high_frequency,62,0.48828125,0.3790644966245313
profile_0033,high_frequency,63,0.49609375,0.5341176760587983
profile_0033,high_frequency,64,0.50390625,0.7068494139014837
profile_0033,high_frequency,65,0.51171875,0.8077677855453247
profile_0033,high_frequency,66,0.51953125,0.784587209779629
profile_0033,high_frequency,67,0.52734375,0.649317490735852
profile_0033,high_frequency,68,0.53515625,0.47204156539767583
profile_0033,high_frequency,69,0.54296875,0.3446056916861262
profile_0033,high_frequency,70,0.55078125,0.3330341089499718
profile_0033,high_frequency,71,0.55859375,0.44332202816053834
profile_0033,high_frequency,72,0.56640625,0.6183295266009449
profile_0033,high_frequency,73,0.57421875,0.7673856132203295
profile_0033,high_frequency,74,0.58203125,0.8132646650232018
profile_0033,high_frequency,75,0.58984375,0.7321968485309291
profile_0033,high_frequency,76,0.59765625,0.5661832170080209
profile_0033,high_frequency,77,0.60546875,0.40123505929796843
profile_0033,high_frequency,78,0.61328125,0.3228116446598952
profile_0033,high_frequency,79,0.62109375,0.3715439677094297
profile_0033,high_frequency,80,0.62890625,0.522183921556931
profile_0033,high_frequency,81,0.63671875,0.696685285160847
profile_0033,high_frequency,82,0.64453125,0.8046392947899389
profile_0033,high_frequency,83,0.65234375,0.7901152210285343
profile_0033,high_frequency,84,0.66015625,0.6606379538029402
profile_0033,high_frequency,85,0.66796875,0.4832893738469655
profile_0033,high_frequency,86,0.67578125,0.34995338127559683
profile_0033,high_frequency,87,0.68359375,0.32971105373941545
profile_0033,high_frequency,88,0.69140625,0.4330498955753102
profile_0033,high_frequency,89,0.69921875,0.6064302854138632
profile_0033,high_frequency,90,0.70703125,0.7600242335086785
profile_0033,high_frequency,91,0.71484375,0.8142550610472592
profile_0033,high_frequency,92,0.72265625,0.7410258983397239
profile_0033,high_frequency,93,0.73046875,0.578276609767248
profile_0033,high_frequency,94,0.73828125,0.4103272354377889
profile_0033,high_frequency,95,0.74609375,0.32419196818612095
profile_0033,high_frequency,96,0.75390625,0.3644972961098307
profile_0033,high_frequency,97,0.76171875,0.5103611195272444
profile_0033,high_frequency,98,0.76953125,0.6862117198229581
profile_0033,high_frequency,99,0.77734375,0.8009412967724483
profile_0033,high_frequency,100,0.78515625,0.795108714781184
profile_0033,high_frequency,101,0.79296875,0.671735821451386
profile_0033,high_frequency,102,0.80078125,0.4947418351406326
profile_0033,high_frequency,103,0.80859375,0.35582694179439944
profile_0033,high_frequency,104,0.81640625,0.3269626349982455
profile_0033,high_frequency,105,0.82421875,0.4231034471380757
profile_0033,high_frequency,106,0.83203125,0.5944390398293209
profile_0033,high_frequency,107,0.83984375,0.7522008281253696
profile_0033,high_frequency,108,0.84765625,0.8146527845860565
profile_0033,high_frequency,109,0.85546875,0.7494386911303392
profile_0033,high_frequency,110,0.86328125,0.5903458227996198
profile_0033,high_frequency,111,0.87109375,0.41979983660414266
profile_0033,high_frequency,112,0.87890625,0.32616022414224577
profile_0033,high_frequency,113,0.88671875,0.35794145787483234
profile_0033,high_frequency,114,0.89453125,0.4986777521353882
profile_0033,high_frequency,115,0.90234375,0.6754539496240889
profile_0033,high_frequency,116,0.91015625,0.7966827002939847
profile_0033,high_frequency,117,0.91796875,0.7995556612737509
profile_0033,high_frequency,118,0.92578125,0.6825843579459723
profile_0033,high_frequency,119,0.93359375,0.5063713592963017
profile_0033,high_frequency,120,0.94140625,0.36221222332078473
profile_0033,high_frequency,121,0.94921875,0.32479547390794317
profile_0033,high_frequency,122,0.95703125,0.4135066447143203
profile_0033,high_frequency,123,0.96484375,0.5823846778082453
profile_0033,high_frequency,124,0.97265625,0.7439342443392156
profile_0033,high_frequency,125,0.98046875,0.814456877488752
profile_0033,high_frequency,126,0.98828125,0.7574149597480675
profile_0033,high_frequency,127,0.99609375,0.6023617803137993
profile_0034,low_frequency,0,0.00390625,0.27934455308880524
profile_0034,low_frequency,1,0.01171875,0.28062080794521804
profile_0034,low_frequency,2,0.01953125,0.2831613817955194
profile_0034,low_frequency,3,0.02734375,0.2869425417614848
profile_0034,low_frequency,4,0.03515625,0.29192903363794853
profile_0034,low_frequency,5,0.04296875,0.29807449044789625
profile_0034,low_frequency,6,0.05078125,0.3053219679852648
profile_0034,low_frequency,7,0.05859375,0.313604599663746
profile_0034,low_frequency,8,0.06640625,0.32284636131708067
profile_0034,low_frequency,9,0.07421875,0.3329629350816802
profile_0034,low_frequency,10,0.08203125,0.34386266016079514
profile_0034,low_frequency,11,0.08984375,0.3554475571423189
profile_0034,low_frequency,12,0.09765625,0.3676144116372322
profile_0034,low_frequency,13,0.10546875,0.3802559023361194
profile_0034,low_frequency,14,0.11328125,0.39326175815615283
profile_0034,low_frequency,15,0.12109375,0.40651992897493927
profile_0034,low_frequency,16,0.12890625,0.4199177545206001
profile_0034,low_frequency,17,0.13671875,0.4333431163047555
profile_0034,low_frequency,18,0.14453125,0.44668555803766574
profile_0034,low_frequency,19,0.15234375,0.4598373607393774
profile_0034,low_frequency,20,0.16015625,0.47269455974016283
profile_0034,low_frequency,21,0.16796875,0.48515789192710757
profile_0034,low_frequency,22,0.17578125,0.497133662917574
profile_0034,low_frequency,23,0.18359375,0.5085345252980651
profile_0034,low_frequency,24,0.19140625,0.5192801606302173
profile_0034,low_frequency,25,0.19921875,0.5292978595643647
profile_0034,low_frequency,26,0.20703125,0.5385229960845033
profile_0034,low_frequency,27,0.21484375,0.5468993936055053
profile_0034,low_frequency,28,0.22265625,0.5543795823233759
profile_0034,low_frequency,29,0.23046875,0.5609249488524917
profile_0034,low_frequency,30,0.23828125,0.5665057807419556
profile_0034,low_frequency,31,0.24609375,0.571101209920283
profile_0034,low_frequency,32,0.25390625,0.5746990604501234
profile_0034,low_frequency,33,0.26171875,0.5772956071620428
profile_0034,low_frequency,34,0.26953125,0.5788952527613664
profile_0034,low_frequency,35,0.27734375,0.5795101318511733
profile_0034,low_frequency,36,0.28515625,0.5791596509780406
profile_0034,low_frequency,37,0.29296875,0.5778699742793543
profile_0034,low_frequency,38,0.30078125,0.5756734645902251
profile_0034,low_frequency,39,0.30859375,0.5726080899565258
profile_0034,low_frequency,40,0.31640625,0.568716805404462
profile_0034,low_frequency,41,0.32421875,0.5640469195460485
profile_0034,low_frequency,42,0.33203125,0.5586494551670809
profile_0034,low_frequency,43,0.33984375,0.5525785123656621
profile_0034,low_frequency,44,0.34765625,0.5458906421038092
profile_0034,low_frequency,45,0.35546875,0.5386442372228759
profile_0034,low_frequency,46,0.36328125,0.5308989470779557
profile_0034,low_frequency,47,0.37109375,0.5227151209905889
profile_0034,low_frequency,48,0.37890625,0.5141532847270822
profile_0034,low_frequency,49,0.38671875,0.5052736532056943
profile_0034,low_frequency,50,0.39453125,0.49613568164335964
profile_0034,low_frequency,51,0.40234375,0.4867976563941204
profile_0034,low_frequency,52,0.41015625,0.4773163258279399
profile_0034,low_frequency,53,0.41796875,0.46774657076909243
profile_0034,low_frequency,54,0.42578125,0.4581411132744926
profile_0034,low_frequency,55,0.43359375,0.4485502618980113
profile_0034,low_frequency,56,0.44140625,0.4390216910679068
profile_0034,low_frequency,57,0.44921875,0.42960025180869743
profile_0034,low_frequency,58,0.45703125,0.42032781077045356
profile_0034,low_frequency,59,0.46484375,0.41124311438861416
profile_0034,low_frequency,60,0.47265625,0.40238167498369415
profile_0034,low_frequency,61,0.48046875,0.3937756757170753
profile_0034,low_frequency,62,0.48828125,0.3854538915378575
profile_0034,low_frequency,63,0.49609375,0.3774416235751007
profile_0034,low_frequency,64,0.50390625,0.36976064483581106
profile_0034,low_frequency,65,0.51171875,0.3624291555457555
profile_0034,low_frequency,66,0.51953125,0.3554617469999475
profile_0034,low_frequency,67,0.52734375,0.34886937335354706
profile_0034,low_frequency,68,0.53515625,0.3426593313622922
profile_0034,low_frequency,69,0.54296875,0.3368352486545646
profile_0034,low_frequency,70,0.55078125,0.3313970816651115
profile_0034,low_frequency,71,0.55859375,0.326341124864421
profile_0034,low_frequency,72,0.56640625,0.3216600333600972
profile_0034,low_frequency,73,0.57421875,0.3173428613112972
profile_0034,low_frequency,74,0.58203125,0.3133751188704226
profile_0034,low_frequency,75,0.58984375,0.3097388505363088
profile_0034,low_frequency,76,0.59765625,0.30641273786133705
profile_0034,low_frequency,77,0.60546875,0.30337222939536446
profile_0034,low_frequency,78,0.61328125,0.3005897005694602
profile_0034,low_frequency,79,0.62109375,0.2980346459226213
profile_0034,low_frequency,80,0.62890625,0.29567390565870433
profile_0034,low_frequency,81,0.63671875,0.2934719279956337
profile_0034,low_frequency,82,0.64453125,0.29139106814448
profile_0034,low_frequency,83,0.65234375,0.2893919240450227
profile_0034,low_frequency,84,0.66015625,0.2874337082022044
profile_0034,low_frequency,85,0.66796875,0.28547465413199435
profile_0034,low_frequency,86,0.67578125,0.28347245505491714
profile_0034,low_frequency,87,0.68359375,0.28138473159159594
profile_0034,low_frequency,88,0.69140625,0.27916952433871645
profile_0034,low_frequency,89,0.69921875,0.2767858063578641
profile_0034,low_frequency,90,0.70703125,0.27419400981564146
profile_0034,low_frequency,91,0.71484375,0.27135656029263133
profile_0034,low_frequency,92,0.72265625,0.26823841165131124
profile_0034,low_frequency,93,0.73046875,0.2648075738375065
profile_0034,low_frequency,94,0.73828125,0.2610356256028883
profile_0034,low_frequency,95,0.74609375,0.2568982038914125
profile_0034,low_frequency,96,0.75390625,0.25237546154164425
profile_0034,low_frequency,97,0.76171875,0.24745248502766182
profile_0034,low_frequency,98,0.76953125,0.24211966419838227
profile_0034,low_frequency,99,0.77734375,0.2363730063798566
profile_0034,low_frequency,100,0.78515625,0.23021438777485748
profile_0034,low_frequency,101,0.79296875,0.22365173582288167
profile_0034,low_frequency,102,0.80078125,0.21669913706184474
profile_0034,low_frequency,103,0.80859375,0.2093768660472548
profile_0034,low_frequency,104,0.81640625,0.20171133201930158
profile_0034,low_frequency,105,0.82421875,0.19373494124402435
profile_0034,low_frequency,106,0.83203125,0.18548587426994245
profile_0034,low_frequency,107,0.83984375,0.17700777871259676
profile_0034,low_frequency,108,0.84765625,0.16834937958105245
profile_0034,low_frequency,109,0.85546875,0.1595640105661933
profile_0034,low_frequency,110,0.86328125,0.15070907109362053
profile_0034,low_frequency,111,0.87109375,0.14184541527717354
profile_0034,low_frequency,112,0.87890625,0.1330366801661228
profile_0034,low_frequency,113,0.88671875,0.124348561834559
profile_0034,low_frequency,114,0.89453125,0.11584804889177391
profile_0034,low_frequency,115,0.90234375,0.10760262387588149
profile_0034,low_frequency,116,0.91015625,0.09967944371063842
profile_0034,low_frequency,117,0.91796875,0.09214451094139697
profile_0034,low_frequency,118,0.92578125,0.08506184780779846
profile_0034,low_frequency,119,0.93359375,0.07849268534921883
profile_0034,low_frequency,120,0.94140625,0.07249467966904422
profile_0034,low_frequency,121,0.94921875,0.06712116720445982
profile_0034,low_frequency,122,0.95703125,0.06242047036253717
profile_0034,low_frequency,123,0.96484375,0.05843526419794309
profile_0034,low_frequency,124,0.97265625,0.055202013933389305
profile_0034,low_frequency,125,0.98046875,0.05275049207554294
profile_0034,low_frequency,126,0.98828125,0.051103382674453024
profile_0034,low_frequency,127,0.99609375,0.05027597893465252
profile_0035,piecewise,0,0.00390625,0.08027096754789398
profile_0035,piecewise,1,0.01171875,0.16054193509578796
profile_0035,piecewise,2,0.01953125,0.16054193509578796
profile_0035,piecewise,3,0.02734375,0.16054193509578796
profile_0035,piecewise,4,0.03515625,0.16054193509578796
profile_0035,piecewise,5,0.04296875,0.16054193509578796
profile_0035,piecewise,6,0.05078125,0.16054193509578796
profile_0035,piecewise,7,0.05859375,0.16054193509578796
profile_0035,piecewise,8,0.06640625,0.16054193509578796
profile_0035,piecewise,9,0.07421875,0.16054193509578796
profile_0035,piecewise,10,0.08203125,0.16054193509578796
profile_0035,piecewise,11,0.08984375,0.3292085697342713
profile_0035,piecewise,12,0.09765625,0.4978752043727547
profile_0035,piecewise,13,0.10546875,0.4978752043727547
profile_0035,piecewise,14,0.11328125,0.4978752043727547
profile_0035,piecewise,15,0.12109375,0.4978752043727547
profile_0035,piecewise,16,0.12890625,0.4978752043727547
profile_0035,piecewise,17,0.13671875,0.4978752043727547
profile_0035,piecewise,18,0.14453125,0.4978752043727547
profile_0035,piecewise,19,0.15234375,0.4978752043727547
profile_0035,piecewise,20,0.16015625,0.4978752043727547
profile_0035,piecewise,21,0.16796875,0.5545471791173555
profile_0035,piecewise,22,0.17578125,0.6112191538619562
profile_0035,piecewise,23,0.18359375,0.6112191538619562
profile_0035,piecewise,24,0.19140625,0.6112191538619562
profile_0035,piecewise,25,0.19921875,0.6112191538619562
profile_0035,piecewise,26,0.20703125,0.6112191538619562
profile_0035,piecewise,27,0.21484375,0.6112191538619562
profile_0035,piecewise,28,0.22265625,0.6112191538619562
profile_0035,piecewise,29,0.23046875,0.6112191538619562
profile_0035,piecewise,30,0.23828125,0.6112191538619562
profile_0035,piecewise,31,0.24609375,0.6112191538619562
profile_0035,piecewise,32,0.25390625,0.6564657045560272
profile_0035,piecewise,33,0.26171875,0.701712255250098
profile_0035,piecewise,34,0.26953125,0.701712255250098
profile_0035,piecewise,35,0.27734375,0.701712255250098
profile_0035,piecewise,36,0.28515625,0.701712255250098
profile_0035,piecewise,37,0.29296875,0.701712255250098
profile_0035,piecewise,38,0.30078125,0.701712255250098
profile_0035,piecewise,39,0.30859375,0.701712255250098
profile_0035,piecewise,40,0.31640625,0.701712255250098
profile_0035,piecewise,41,0.32421875,0.701712255250098
profile_0035,piecewise,42,0.33203125,0.701712255250098
profile_0035,piecewise,43,0.33984375,0.43073945585436424
profile_0035,piecewise,44,0.34765625,0.15976665645863058
profile_0035,piecewise,45,0.35546875,0.15976665645863058
profile_0035,piecewise,46,0.36328125,0.15976665645863058
profile_0035,piecewise,47,0.37109375,0.15976665645863058
profile_0035,piecewise,48,0.37890625,0.15976665645863058
profile_0035,piecewise,49,0.38671875,0.15976665645863058
profile_0035,piecewise,50,0.39453125,0.15976665645863058
profile_0035,piecewise,51,0.40234375,0.15976665645863058
profile_0035,piecewise,52,0.41015625,0.15976665645863058
profile_0035,piecewise,53,0.41796875,0.33562094643996276
profile_0035,piecewise,54,0.42578125,0.5114752364212949
profile_0035,piecewise,55,0.43359375,0.5114752364212949
profile_0035,piecewise,56,0.44140625,0.5114752364212949
profile_0035,piecewise,57,0.44921875,0.5114752364212949
profile_0035,piecewise,58,0.45703125,0.5114752364212949
profile_0035,piecewise,59,0.46484375,0.5114752364212949
profile_0035,piecewise,60,0.47265625,0.5114752364212949
profile_0035,piecewise,61,0.48046875,0.5114752364212949
profile_0035,piecewise,62,0.48828125,0.5114752364212949
profile_0035,piecewise,63,0.49609375,0.5114752364212949
profile_0035,piecewise,64,0.50390625,0.7076488009563393
profile_0035,piecewise,65,0.51171875,0.9038223654913838
profile_0035,piecewise,66,0.51953125,0.9038223654913838
profile_0035,piecewise,67,0.52734375,0.9038223654913838
profile_0035,piecewise,68,0.53515625,0.9038223654913838
profile_0035,piecewise,69,0.54296875,0.9038223654913838
profile_0035,piecewise,70,0.55078125,0.9038223654913838
profile_0035,piecewise,71,0.55859375,0.9038223654913838
profile_0035,piecewise,72,0.56640625,0.9038223654913838
profile_0035,piecewise,73,0.57421875,0.9038223654913838
profile_0035,piecewise,74,0.58203125,0.9038223654913838
profile_0035,piecewise,75,0.58984375,0.5288662146614627
profile_0035,piecewise,76,0.59765625,0.1539100638315416
profile_0035,piecewise,77,0.60546875,0.1539100638315416
profile_0035,piecewise,78,0.61328125,0.1539100638315416
profile_0035,piecewise,79,0.62109375,0.1539100638315416
profile_0035,piecewise,80,0.62890625,0.1539100638315416
profile_0035,piecewise,81,0.63671875,0.1539100638315416
profile_0035,piecewise,82,0.64453125,0.1539100638315416
profile_0035,piecewise,83,0.65234375,0.1539100638315416
profile_0035,piecewise,84,0.66015625,0.1539100638315416
profile_0035,piecewise,85,0.66796875,0.39638242022945475
profile_0035,piecewise,86,0.67578125,0.6388547766273679
profile_0035,piecewise,87,0.68359375,0.6388547766273679
profile_0035,piecewise,88,0.69140625,0.6388547766273679
profile_0035,piecewise,89,0.69921875,0.6388547766273679
profile_0035,piecewise,90,0.70703125,0.6388547766273679
profile_0035,piecewise,91,0.71484375,0.6388547766273679
profile_0035,piecewise,92,0.72265625,0.6388547766273679
profile_0035,piecewise,93,0.73046875,0.6388547766273679
profile_0035,piecewise,94,0.73828125,0.6388547766273679
profile_0035,piecewise,95,0.74609375,0.6388547766273679
profile_0035,piecewise,96,0.75390625,0.45789730925006045
profile_0035,piecewise,97,0.76171875,0.276939841872753
profile_0035,piecewise,98,0.76953125,0.276939841872753
profile_0035,piecewise,99,0.77734375,0.276939841872753
profile_0035,piecewise,100,0.78515625,0.276939841872753
profile_0035,piecewise,101,0.79296875,0.276939841872753
profile_0035,piecewise,102,0.80078125,0.276939841872753
profile_0035,piecewise,103,0.80859375,0.276939841872753
profile_0035,piecewise,104,0.81640625,0.276939841872753
profile_0035,piecewise,105,0.82421875,0.276939841872753
profile_0035,piecewise,106,0.83203125,0.276939841872753
profile_0035,piecewise,107,0.83984375,0.37954591542409255
profile_0035,piecewise,108,0.84765625,0.48215198897543204
profile_0035,piecewise,109,0.85546875,0.48215198897543204
profile_0035,piecewise,110,0.86328125,0.48215198897543204
profile_0035,piecewise,111,0.87109375,0.48215198897543204
profile_0035,piecewise,112,0.87890625,0.48215198897543204
profile_0035,piecewise,113,0.88671875,0.48215198897543204
profile_0035,piecewise,114,0.89453125,0.48215198897543204
profile_0035,piecewise,115,0.90234375,0.48215198897543204
profile_0035,piecewise,116,0.91015625,0.48215198897543204
profile_0035,piecewise,117,0.91796875,0.3444926258913611
profile_0035,piecewise,118,0.92578125,0.20683326280729014
profile_0035,piecewise,119,0.93359375,0.20683326280729014
profile_0035,piecewise,120,0.94140625,0.20683326280729014
profile_0035,piecewise,121,0.94921875,0.20683326280729014
profile_0035,piecewise,122,0.95703125,0.20683326280729014
profile_0035,piecewise,123,0.96484375,0.20683326280729014
profile_0035,piecewise,124,0.97265625,0.20683326280729014
profile_0035,piecewise,125,0.98046875,0.20683326280729014
profile_0035,piecewise,126,0.98828125,0.20683326280729014
profile_0035,piecewise,127,0.99609375,0.20683326280729014
profile_0036,high_frequency,0,0.00390625,0.42515376197764476
profile_0036,high_frequency,1,0.01171875,0.3905845897497559
profile_0036,high_frequency,2,0.01953125,0.349510345417046
profile_0036,high_frequency,3,0.02734375,0.30607721266399107
profile_0036,high_frequency,4,0.03515625,0.26466948995577283
profile_0036,high_frequency,5,0.04296875,0.22946702349755682
profile_0036,high_frequency,6,0.05078125,0.2040232783488607
profile_0036,high_frequency,7,0.05859375,0.19090663873004787
profile_0036,high_frequency,8,0.06640625,0.19144114597325237
profile_0036,high_frequency,9,0.07421875,0.20557284497237266
profile_0036,high_frequency,10,0.08203125,0.23187523060781443
profile_0036,high_frequency,11,0.08984375,0.2676932443640491
profile_0036,high_frequency,12,0.09765625,0.3094112855974349
profile_0036,high_frequency,13,0.10546875,0.3528181834216846
profile_0036,high_frequency,14,0.11328125,0.39353228762079406
profile_0036,high_frequency,15,0.12109375,0.42744376836585574
profile_0036,high_frequency,16,0.12890625,0.4511294773928947
profile_0036,high_frequency,17,0.13671875,0.46219849304483385
profile_0036,high_frequency,18,0.14453125,0.45953346860367816
profile_0036,high_frequency,19,0.15234375,0.4434034213340458
profile_0036,high_frequency,20,0.16015625,0.4154365769015742
profile_0036,high_frequency,21,0.16796875,0.3784560103494201
profile_0036,high_frequency,22,0.17578125,0.3361946746307583
profile_0036,high_frequency,23,0.18359375,0.2929185827541679
profile_0036,high_frequency,24,0.19140625,0.25299618090731735
profile_0036,high_frequency,25,0.19921875,0.22045738160281952
profile_0036,high_frequency,26,0.20703125,0.19858676964510694
profile_0036,high_frequency,27,0.21484375,0.18959204418827816
profile_0036,high_frequency,28,0.22265625,0.1943811655500778
profile_0036,high_frequency,29,0.23046875,0.21247070239352434
profile_0036,high_frequency,30,0.23828125,0.2420346310451816
profile_0036,high_frequency,31,0.24609375,0.28008866096931606
profile_0036,high_frequency,32,0.25390625,0.32279147991385176
profile_0036,high_frequency,33,0.26171875,0.3658325099469145
profile_0036,high_frequency,34,0.26953125,0.4048670328786677
profile_0036,high_frequency,35,0.27734375,0.43595476192501453
profile_0036,high_frequency,36,0.28515625,0.4559575885935553
profile_0036,high_frequency,37,0.29296875,0.46285635477380327
profile_0036,high_frequency,38,0.30078125,0.4559546739041978
profile_0036,high_frequency,39,0.30859375,0.4359492267656493
profile_0036,high_frequency,40,0.31640625,0.4048594359884222
profile_0036,high_frequency,41,0.32421875,0.36582361818353404
profile_0036,high_frequency,42,0.33203125,0.32278219084428733
profile_0036,high_frequency,43,0.33984375,0.280079912266051
profile_0036,high_frequency,44,0.34765625,0.24202730583415813
profile_0036,high_frequency,45,0.35546875,0.21246554010819824
profile_0036,high_frequency,46,0.36328125,0.1943786872903145
profile_0036,high_frequency,47,0.37109375,0.18959250011863604
profile_0036,high_frequency,48,0.37890625,0.19859011374231667
profile_0036,high_frequency,49,0.38671875,0.2204632763015404
profile_0036,high_frequency,50,0.39453125,0.2530040311752102
profile_0036,high_frequency,51,0.40234375,0.2929275961566265
profile_0036,high_frequency,52,0.41015625,0.3362039413221406
profile_0036,high_frequency,53,0.41796875,0.3784645949161775
profile_0036,high_frequency,54,0.42578125,0.41544361278630115
profile_0036,high_frequency,55,0.43359375,0.4434081983089353
profile_0036,high_frequency,56,0.44140625,0.45953550446350255
profile_0036,high_frequency,57,0.44921875,0.4621975822824943
profile_0036,high_frequency,58,0.45703125,0.4511257119440558
profile_0036,high_frequency,59,0.46484375,0.42743752832862525
profile_0036,high_frequency,60,0.47265625,0.3935242028872361
profile_0036,high_frequency,61,0.48046875,0.3528090700942233
profile_0036,high_frequency,62,0.48828125,0.30940206360850636
profile_0036,high_frequency,63,0.49609375,0.2676848446147724
profile_0036,high_frequency,64,0.50390625,0.2318685009994471
profile_0036,high_frequency,65,0.51171875,0.20556846481607072
profile_0036,high_frequency,66,0.51953125,0.19143955741793173
profile_0036,high_frequency,67,0.52734375,0.19090800213026293
profile_0036,high_frequency,68,0.53515625,0.2040274560780327
profile_0036,high_frequency,69,0.54296875,0.22947359384050103
profile_0036,high_frequency,70,0.55078125,0.2646777896781644
profile_0036,high_frequency,71,0.55859375,0.3060864039616503
profile_0036,high_frequency,72,0.56640625,0.3495195004869422
profile_0036,high_frequency,73,0.57421875,0.3905927844458197
profile_0036,high_frequency,74,0.58203125,0.42516016909743687
profile_0036,high_frequency,75,0.58984375,0.4497322968507781
profile_0036,high_frequency,76,0.59765625,0.4618287677170209
profile_0036,high_frequency,77,0.60546875,0.4602285199101198
profile_0036,high_frequency,78,0.61328125,0.4450930882667077
profile_0036,high_frequency,79,0.62109375,0.41795029833188957
profile_0036,high_frequency,80,0.62890625,0.3815400420892487
profile_0036,high_frequency,81,0.63671875,0.3395377032940639
profile_0036,high_frequency,82,0.64453125,0.2961831508630174
profile_0036,high_frequency,83,0.65234375,0.25585275107764727
profile_0036,high_frequency,84,0.66015625,0.22261760124710966
profile_0036,high_frequency,85,0.66796875,0.1998325783318254
profile_0036,high_frequency,86,0.67578125,0.18979768545532147
profile_0036,high_frequency,87,0.68359375,0.1935258812196603
profile_0036,high_frequency,88,0.69140625,0.21064082797817896
profile_0036,high_frequency,89,0.69921875,0.23941488072696565
profile_0036,high_frequency,90,0.70703125,0.2769434818781345
profile_0036,high_frequency,91,0.71484375,0.3194383578718893
profile_0036,high_frequency,92,0.72265625,0.36260992129447467
profile_0036,high_frequency,93,0.73046875,0.40210027744072824
profile_0036,high_frequency,94,0.73828125,0.43392312606318884
profile_0036,high_frequency,95,0.74609375,0.45486615302448125
profile_0036,high_frequency,96,0.75390625,0.46281529297535395
profile_0036,high_frequency,97,0.76171875,0.456968130803725
profile_0036,high_frequency,98,0.76953125,0.4379149003359337
profile_0036,high_frequency,99,0.77734375,0.4075789039865594
profile_0036,high_frequency,100,0.78515625,0.36902236761415297
profile_0036,high_frequency,101,0.79296875,0.3261373283002082
profile_0036,high_frequency,102,0.80078125,0.2832527579637522
profile_0036,high_frequency,103,0.80859375,0.2446975811835178
profile_0036,high_frequency,104,0.81640625,0.2143636977988177
profile_0036,high_frequency,105,0.82421875,0.19531312037785992
profile_0036,high_frequency,106,0.83203125,0.18946888352702226
profile_0036,high_frequency,107,0.83984375,0.1974209257801191
profile_0036,high_frequency,108,0.84765625,0.2183665390561204
profile_0036,high_frequency,109,0.85546875,0.25019139693375736
profile_0036,high_frequency,110,0.86328125,0.2896829824541262
profile_0036,high_frequency,111,0.87109375,0.3328548712722678
profile_0036,high_frequency,112,0.87890625,0.3753491358364096
profile_0036,high_frequency,113,0.88671875,0.4128762504527254
profile_0036,high_frequency,114,0.89453125,0.4416480916176576
profile_0036,high_frequency,115,0.90234375,0.4587603249886404
profile_0036,high_frequency,116,0.91015625,0.46248557946097446
profile_0036,high_frequency,117,0.91796875,0.4524478142927141
profile_0036,high_frequency,118,0.92578125,0.42966027802550366
profile_0036,high_frequency,119,0.93359375,0.3964232274897596
profile_0036,high_frequency,120,0.94140625,0.3560917315100023
profile_0036,high_frequency,121,0.94921875,0.31273699804923666
profile_0036,high_frequency,122,0.95703125,0.2707354116628021
profile_0036,high_frequency,123,0.96484375,0.23432676531650182
profile_0036,high_frequency,124,0.97265625,0.20718628025682026
profile_0036,high_frequency,125,0.98046875,0.1920536158048578
profile_0036,high_frequency,126,0.98828125,0.190456318175345
profile_0036,high_frequency,127,0.99609375,0.20255562440327374
profile_0037,low_frequency,0,0.00390625,0.800776110785054
profile_0037,low_frequency,1,0.01171875,0.8001286635643221
profile_0037,low_frequency,2,0.01953125,0.7988444860154669
profile_0037,low_frequency,3,0.02734375,0.7969448583579248
profile_0037,low_frequency,4,0.03515625,0.7944613191147427
profile_0037,low_frequency,5,0.04296875,0.7914352128195401
profile_0037,low_frequency,6,0.05078125,0.7879170966628855
profile_0037,low_frequency,7,0.05859375,0.7839660142233726
profile_0037,low_frequency,8,0.06640625,0.7796486462526064
profile_0037,low_frequency,9,0.07421875,0.7750383501699833
profile_0037,low_frequency,10,0.08203125,0.7702141014494881
profile_0037,low_frequency,11,0.08984375,0.7652593514257757
profile_0037,low_frequency,12,0.09765625,0.7602608171922651
profile_0037,low_frequency,13,0.10546875,0.755307220194219
profile_0037,low_frequency,14,0.11328125,0.7504879908222928
profile_0037,low_frequency,15,0.12109375,0.7458919567774003
profile_0037,low_frequency,16,0.12890625,0.7416060331999006
profile_0037,low_frequency,17,0.13671875,0.7377139325323487
profile_0037,low_frequency,18,0.14453125,0.7342949118161091
profile_0037,low_frequency,19,0.15234375,0.7314225746121026
profile_0037,low_frequency,20,0.16015625,0.7291637439923542
profile_0037,low_frequency,21,0.16796875,0.7275774220824274
profile_0037,low_frequency,22,0.17578125,0.7267138504591271
profile_0037,low_frequency,23,0.18359375,0.7266136843395303
profile_0037,low_frequency,24,0.19140625,0.7273072919557975
profile_0037,low_frequency,25,0.19921875,0.7288141888168642
profile_0037,low_frequency,26,0.20703125,0.73114261473664
profile_0037,low_frequency,27,0.21484375,0.734289259584127
profile_0037,low_frequency,28,0.22265625,0.7382391417105361
profile_0037,low_frequency,29,0.23046875,0.7429656409596697
profile_0037,low_frequency,30,0.23828125,0.7484306860988037
profile_0037,low_frequency,31,0.24609375,0.7545850944463572
profile_0037,low_frequency,32,0.25390625,0.7613690594479712
profile_0037,low_frequency,33,0.26171875,0.7687127799917763
profile_0037,low_frequency,34,0.26953125,0.77653722338311
profile_0037,low_frequency,35,0.27734375,0.7847550121439162
profile_0037,low_frequency,36,0.28515625,0.7932714231859834
profile_0037,low_frequency,37,0.29296875,0.8019854864514182
profile_0037,low_frequency,38,0.30078125,0.8107911688373894
profile_0037,low_frequency,39,0.30859375,0.8195786281416968
profile_0037,low_frequency,40,0.31640625,0.8282355208947738
profile_0037,low_frequency,41,0.32421875,0.8366483472930346
profile_0037,low_frequency,42,0.33203125,0.8447038160255573
profile_0037,low_frequency,43,0.33984375,0.8522902115953723
profile_0037,low_frequency,44,0.34765625,0.859298746779138
profile_0037,low_frequency,45,0.35546875,0.8656248831426971
profile_0037,low_frequency,46,0.36328125,0.8711696030294873
profile_0037,low_frequency,47,0.37109375,0.8758406171556938
profile_0037,low_frequency,48,0.37890625,0.8795534928689333
profile_0037,low_frequency,49,0.38671875,0.8822326892420063
profile_0037,low_frequency,50,0.39453125,0.8838124864631483
profile_0037,low_frequency,51,0.40234375,0.8842377984301546
profile_0037,low_frequency,52,0.41015625,0.8834648590367935
profile_0037,low_frequency,53,0.41796875,0.8814617743332405
profile_0037,low_frequency,54,0.42578125,0.8782089345237671
profile_0037,low_frequency,55,0.43359375,0.8736992816094826
profile_0037,low_frequency,56,0.44140625,0.8679384303657505
profile_0037,low_frequency,57,0.44921875,0.8609446422369404
profile_0037,low_frequency,58,0.45703125,0.8527486536094655
profile_0037,low_frequency,59,0.46484375,0.8433933617620655
profile_0037,low_frequency,60,0.47265625,0.8329333735654134
profile_0037,low_frequency,61,0.48046875,0.8214344236877662
profile_0037,low_frequency,62,0.48828125,0.808972670637595
profile_0037,low_frequency,63,0.49609375,0.7956338804176721
profile_0037,low_frequency,64,0.50390625,0.7815125088598125
profile_0037,low_frequency,65,0.51171875,0.766710694839531
profile_0037,low_frequency,66,0.51953125,0.7513371775219497
profile_0037,low_frequency,67,0.52734375,0.7355061515537129
profile_0037,low_frequency,68,0.53515625,0.7193360746826036
profile_0037,low_frequency,69,0.54296875,0.7029484426520232
profile_0037,low_frequency,70,0.55078125,0.6864665463794708
profile_0037,low_frequency,71,0.55859375,0.670014226387524
profile_0037,low_frequency,72,0.56640625,0.6537146392163329
profile_0037,low_frequency,73,0.57421875,0.63768905011485
profile_0037,low_frequency,74,0.58203125,0.6220556656931584
profile_0037,low_frequency,75,0.58984375,0.6069285194319982
profile_0037,low_frequency,76,0.59765625,0.5924164220019748
profile_0037,low_frequency,77,0.60546875,0.5786219872599823
profile_0037,low_frequency,78,0.61328125,0.5656407435819715
profile_0037,low_frequency,79,0.62109375,0.5535603388787
profile_0037,low_frequency,80,0.62890625,0.542459846245074
profile_0037,low_frequency,81,0.63671875,0.53240917573564
profile_0037,low_frequency,82,0.64453125,0.5234685962606587
profile_0037,low_frequency,83,0.65234375,0.5156883700812791
profile_0037,low_frequency,84,0.66015625,0.5091085008707357
profile_0037,low_frequency,85,0.66796875,0.5037585948228598
profile_0037,low_frequency,86,0.67578125,0.499657832850503
profile_0037,low_frequency,87,0.68359375,0.4968150505444753
profile_0037,low_frequency,88,0.69140625,0.49522892127686724
profile_0037,low_frequency,89,0.69921875,0.49488823664797255
profile_0037,low_frequency,90,0.70703125,0.49577227740849983
profile_0037,low_frequency,91,0.71484375,0.4978512670513391
profile_0037,low_frequency,92,0.72265625,0.5010868994705446
profile_0037,low_frequency,93,0.73046875,0.5054329314378501
profile_0037,low_frequency,94,0.73828125,0.5108358301548503
profile_0037,low_frequency,95,0.74609375,0.517235465805423
profile_0037,low_frequency,96,0.75390625,0.5245658388589314
profile_0037,low_frequency,97,0.76171875,0.5327558318586498
profile_0037,low_frequency,98,0.76953125,0.5417299755676703
profile_0037,low_frequency,99,0.77734375,0.5514092196298837
profile_0037,low_frequency,100,0.78515625,0.5617116983279387
profile_0037,low_frequency,101,0.79296875,0.5725534825726912
profile_0037,low_frequency,102,0.80078125,0.5838493099271642
profile_0037,low_frequency,103,0.80859375,0.5955132852382925
profile_0037,low_frequency,104,0.81640625,0.6074595453063347
profile_0037,low_frequency,105,0.82421875,0.6196028819482042
profile_0037,low_frequency,106,0.83203125,0.6318593187897377
profile_0037,low_frequency,107,0.83984375,0.6441466381351908
profile_0037,low_frequency,108,0.84765625,0.656384855291887
profile_0037,low_frequency,109,0.85546875,0.6684966387559061
profile_0037,low_frequency,110,0.86328125,0.68040767567327
profile_0037,low_frequency,111,0.87109375,0.6920469829632676
profile_0037,low_frequency,112,0.87890625,0.7033471654102121
profile_0037,low_frequency,113,0.88671875,0.7142446228821648
profile_0037,low_frequency,114,0.89453125,0.7246797096064612
profile_0037,low_frequency,115,0.90234375,0.7345968491103796
profile_0037,low_frequency,116,0.91015625,0.7439446090109612
profile_0037,low_frequency,117,0.91796875,0.7526757403027122
profile_0037,low_frequency,118,0.92578125,0.7607471861397124
profile_0037,low_frequency,119,0.93359375,0.7681200653356457
profile_0037,low_frequency,120,0.94140625,0.7747596359098803
profile_0037,low_frequency,121,0.94921875,0.7806352439904942
profile_0037,low_frequency,122,0.95703125,0.785720263248904
profile_0037,low_frequency,123,0.96484375,0.7899920297903815
profile_0037,low_frequency,124,0.97265625,0.7934317770672497
profile_0037,low_frequency,125,0.98046875,0.7960245749256991
profile_0037,low_frequency,126,0.98828125,0.797759276353653
profile_0037,low_frequency,127,0.99609375,0.7986284748779602
profile_0038,piecewise,0,0.00390625,0.36280060020786753
profile_0038,piecewise,1,0.01171875,0.7256012004157351
profile_0038,piecewise,2,0.01953125,0.7256012004157351
profile_0038,piecewise,3,0.02734375,0.7256012004157351
profile_0038,piecewise,4,0.03515625,0.7256012004157351
profile_0038,piecewise,5,0.04296875,0.7256012004157351
profile_0038,piecewise,6,0.05078125,0.7256012004157351
profile_0038,piecewise,7,0.05859375,0.7256012004157351
profile_0038,piecewise,8,0.06640625,0.7256012004157351
profile_0038,piecewise,9,0.07421875,0.7256012004157351
profile_0038,piecewise,10,0.08203125,0.7256012004157351
profile_0038,piecewise,11,0.08984375,0.7256012004157351
profile_0038,piecewise,12,0.09765625,0.7256012004157351
profile_0038,piecewise,13,0.10546875,0.7256012004157351
profile_0038,piecewise,14,0.11328125,0.7256012004157351
profile_0038,piecewise,15,0.12109375,0.7256012004157351
profile_0038,piecewise,16,0.12890625,0.7256012004157351
profile_0038,piecewise,17,0.13671875,0.7256012004157351
profile_0038,piecewise,18,0.14453125,0.7256012004157351
profile_0038,piecewise,19,0.15234375,0.7256012004157351
profile_0038,piecewise,20,0.16015625,0.7256012004157351
profile_0038,piecewise,21,0.16796875,0.8130743653093604
profile_0038,piecewise,22,0.17578125,0.9005475302029858
profile_0038,piecewise,23,0.18359375,0.9005475302029858
profile_0038,piecewise,24,0.19140625,0.9005475302029858
profile_0038,piecewise,25,0.19921875,0.9005475302029858
profile_0038,piecewise,26,0.20703125,0.9005475302029858
profile_0038,piecewise,27,0.21484375,0.9005475302029858
profile_0038,piecewise,28,0.22265625,0.9005475302029858
profile_0038,piecewise,29,0.23046875,0.9005475302029858
profile_0038,piecewise,30,0.23828125,0.9005475302029858
profile_0038,piecewise,31,0.24609375,0.9005475302029858
profile_0038,piecewise,32,0.25390625,0.9005475302029858
profile_0038,piecewise,33,0.26171875,0.9005475302029858
profile_0038,piecewise,34,0.26953125,0.9005475302029858
profile_0038,piecewise,35,0.27734375,0.9005475302029858
profile_0038,piecewise,36,0.28515625,0.9005475302029858
profile_0038,piecewise,37,0.29296875,0.9005475302029858
profile_0038,piecewise,38,0.30078125,0.9005475302029858
profile_0038,piecewise,39,0.30859375,0.9005475302029858
profile_0038,piecewise,40,0.31640625,0.9005475302029858
profile_0038,piecewise,41,0.32421875,0.9005475302029858
profile_0038,piecewise,42,0.33203125,0.9005475302029858
profile_0038,piecewise,43,0.33984375,0.76110328871162
profile_0038,piecewise,44,0.34765625,0.6216590472202542
profile_0038,piecewise,45,0.35546875,0.6216590472202542
profile_0038,piecewise,46,0.36328125,0.6216590472202542
profile_0038,piecewise,47,0.37109375,0.6216590472202542
profile_0038,piecewise,48,0.37890625,0.6216590472202542
profile_0038,piecewise,49,0.38671875,0.6216590472202542
profile_0038,piecewise,50,0.39453125,0.6216590472202542
profile_0038,piecewise,51,0.40234375,0.6216590472202542
profile_0038,piecewise,52,0.41015625,0.6216590472202542
profile_0038,piecewise,53,0.41796875,0.6216590472202542
profile_0038,piecewise,54,0.42578125,0.6216590472202542
profile_0038,piecewise,55,0.43359375,0.6216590472202542
profile_0038,piecewise,56,0.44140625,0.6216590472202542
profile_0038,piecewise,57,0.44921875,0.6216590472202542
profile_0038,piecewise,58,0.45703125,0.6216590472202542
profile_0038,piecewise,59,0.46484375,0.6216590472202542
profile_0038,piecewise,60,0.47265625,0.6216590472202542
profile_0038,piecewise,61,0.48046875,0.6216590472202542
profile_0038,piecewise,62,0.48828125,0.6216590472202542
profile_0038,piecewise,63,0.49609375,0.6216590472202542
profile_0038,piecewise,64,0.50390625,0.704734467741446
profile_0038,piecewise,65,0.51171875,0.7878098882626378
profile_0038,piecewise,66,0.51953125,0.7878098882626378
profile_0038,piecewise,67,0.52734375,0.7878098882626378
profile_0038,piecewise,68,0.53515625,0.7878098882626378
profile_0038,piecewise,69,0.54296875,0.7878098882626378
profile_0038,piecewise,70,0.55078125,0.7878098882626378
profile_0038,piecewise,71,0.55859375,0.7878098882626378
profile_0038,piecewise,72,0.56640625,0.7878098882626378
profile_0038,piecewise,73,0.57421875,0.7878098882626378
profile_0038,piecewise,74,0.58203125,0.7878098882626378
profile_0038,piecewise,75,0.58984375,0.7878098882626378
profile_0038,piecewise,76,0.59765625,0.7878098882626378
profile_0038,piecewise,77,0.60546875,0.7878098882626378
profile_0038,piecewise,78,0.61328125,0.7878098882626378
profile_0038,piecewise,79,0.62109375,0.7878098882626378
profile_0038,piecewise,80,0.62890625,0.7878098882626378
profile_0038,piecewise,81,0.63671875,0.7878098882626378
profile_0038,piecewise,82,0.64453125,0.7878098882626378
profile_0038,piecewise,83,0.65234375,0.7878098882626378
profile_0038,piecewise,84,0.66015625,0.7878098882626378
profile_0038,piecewise,85,0.66796875,0.69710097386814
profile_0038,piecewise,86,0.67578125,0.6063920594736423
profile_0038,piecewise,87,0.68359375,0.6063920594736423
profile_0038,piecewise,88,0.69140625,0.6063920594736423
profile_0038,piecewise,89,0.69921875,0.6063920594736423
profile_0038,piecewise,90,0.70703125,0.6063920594736423
profile_0038,piecewise,91,0.71484375,0.6063920594736423
profile_0038,piecewise,92,0.72265625,0.6063920594736423
profile_0038,piecewise,93,0.73046875,0.6063920594736423
profile_0038,piecewise,94,0.73828125,0.6063920594736423
profile_0038,piecewise,95,0.74609375,0.6063920594736423
profile_0038,piecewise,96,0.75390625,0.6063920594736423
profile_0038,piecewise,97,0.76171875,0.6063920594736423
profile_0038,piecewise,98,0.76953125,0.6063920594736423
profile_0038,piecewise,99,0.77734375,0.6063920594736423
profile_0038,piecewise,100,0.78515625,0.6063920594736423
profile_0038,piecewise,101,0.79296875,0.6063920594736423
profile_0038,piecewise,102,0.80078125,0.6063920594736423
profile_0038,piecewise,103,0.80859375,0.6063920594736423
profile_0038,piecewise,104,0.81640625,0.6063920594736423
profile_0038,piecewise,105,0.82421875,0.6063920594736423
profile_0038,piecewise,106,0.83203125,0.6063920594736423
profile_0038,piecewise,107,0.83984375,0.6842453826254977
profile_0038,piecewise,108,0.84765625,0.7620987057773533
profile_0038,piecewise,109,0.85546875,0.7620987057773533
profile_0038,piecewise,110,0.86328125,0.7620987057773533
profile_0038,piecewise,111,0.87109375,0.7620987057773533
profile_0038,piecewise,112,0.87890625,0.7620987057773533
profile_0038,piecewise,113,0.88671875,0.7620987057773533
profile_0038,piecewise,114,0.89453125,0.7620987057773533
profile_0038,piecewise,115,0.90234375,0.7620987057773533
profile_0038,piecewise,116,0.91015625,0.7620987057773533
profile_0038,piecewise,117,0.91796875,0.7620987057773533
profile_0038,piecewise,118,0.92578125,0.7620987057773533
profile_0038,piecewise,119,0.93359375,0.7620987057773533
profile_0038,piecewise,120,0.94140625,0.7620987057773533
profile_0038,piecewise,121,0.94921875,0.7620987057773533
profile_0038,piecewise,122,0.95703125,0.7620987057773533
profile_0038,piecewise,123,0.96484375,0.7620987057773533
profile_0038,piecewise,124,0.97265625,0.7620987057773533
profile_0038,piecewise,125,0.98046875,0.7620987057773533
profile_0038,piecewise,126,0.98828125,0.7620987057773533
profile_0038,piecewise,127,0.99609375,0.7620987057773533
profile_0039,high_frequency,0,0.00390625,0.2573125197174067
profile_0039,high_frequency,1,0.01171875,0.2918836358130185
profile_0039,high_frequency,2,0.01953125,0.362946194458613
profile_0039,high_frequency,3,0.02734375,0.43130877997527983
profile_0039,high_frequency,4,0.03515625,0.45926902761661775
profile_0039,high_frequency,5,0.04296875,0.4314066976856301
profile_0039,high_frequency,6,0.05078125,0.36308802769079396
profile_0039,high_frequency,7,0.05859375,0.29199116271201353
profile_0039,high_frequency,8,0.06640625,0.2573264385710976
profile_0039,high_frequency,9,0.07421875,0.27821165286912686
profile_0039,high_frequency,10,0.08203125,0.3431284880743706
profile_0039,high_frequency,11,0.08984375,0.41627493084001904
profile_0039,high_frequency,12,0.09765625,0.45731029123737
profile_0039,high_frequency,13,0.10546875,0.4436033286030087
profile_0039,high_frequency,14,0.11328125,0.3827135127975359
profile_0039,high_frequency,15,0.12109375,0.30822193247476554
profile_0039,high_frequency,16,0.12890625,0.2612111287738158
profile_0039,high_frequency,17,0.13671875,0.2676078342013522
profile_0039,high_frequency,18,0.14453125,0.32388422839508835
profile_0039,high_frequency,19,0.15234375,0.3990035516352321
profile_0039,high_frequency,20,0.16015625,0.4515370589014214
profile_0039,high_frequency,21,0.16796875,0.4525122144507716
profile_0039,high_frequency,22,0.17578125,0.4013912143086644
profile_0039,high_frequency,23,0.18359375,0.3263675882983485
profile_0039,high_frequency,24,0.19140625,0.26881730385963
profile_0039,high_frequency,25,0.19921875,0.2604796786144073
profile_0039,high_frequency,26,0.20703125,0.305952961527936
profile_0039,high_frequency,27,0.21484375,0.3801583717778583
profile_0039,high_frequency,28,0.22265625,0.4421711926897762
profile_0039,high_frequency,29,0.23046875,0.45779099174195015
profile_0039,high_frequency,30,0.23828125,0.4184033586296824
profile_0039,high_frequency,31,0.24609375,0.3457308028056637
profile_0039,high_frequency,32,0.25390625,0.2798526627855846
profile_0039,high_frequency,33,0.26171875,0.25710111712998257
profile_0039,high_frequency,34,0.26953125,0.2900237760026477
profile_0039,high_frequency,35,0.27734375,0.3604636009613175
profile_0039,high_frequency,36,0.28515625,0.42957261758850984
profile_0039,high_frequency,37,0.29296875,0.45923680002561656
profile_0039,high_frequency,38,0.30078125,0.433096178594854
profile_0039,high_frequency,39,0.30859375,0.3655674585222101
profile_0039,high_frequency,40,0.31640625,0.2938931228968563
profile_0039,high_frequency,41,0.32421875,0.2576019859712054
profile_0039,high_frequency,42,0.33203125,0.27670882148577014
profile_0039,high_frequency,43,0.33984375,0.3406760981831349
profile_0039,high_frequency,44,0.34765625,0.4142254897734016
profile_0039,high_frequency,45,0.35546875,0.45679407770024816
profile_0039,high_frequency,46,0.36328125,0.4449050373727454
profile_0039,high_frequency,47,0.37109375,0.38511524389332574
profile_0039,high_frequency,48,0.37890625,0.31039911718534813
profile_0039,high_frequency,49,0.38671875,0.26196303702939816
profile_0039,high_frequency,50,0.39453125,0.2665197842122746
profile_0039,high_frequency,51,0.40234375,0.3215562860781165
profile_0039,high_frequency,52,0.41015625,0.3967195907596177
profile_0039,high_frequency,53,0.41796875,0.45055669721491454
profile_0039,high_frequency,54,0.42578125,0.4533761271430068
profile_0039,high_frequency,55,0.43359375,0.4036229484897231
profile_0039,high_frequency,56,0.44140625,0.32873632954722376
profile_0039,high_frequency,57,0.44921875,0.2700166775580999
profile_0039,high_frequency,58,0.45703125,0.2598482231705036
profile_0039,high_frequency,59,0.46484375,0.30383892830294407
profile_0039,high_frequency,60,0.47265625,0.3777276624288358
profile_0039,high_frequency,61,0.48046875,0.44076435760370375
profile_0039,high_frequency,62,0.48828125,0.458183908676409
profile_0039,high_frequency,63,0.49609375,0.4203793316030028
profile_0039,high_frequency,64,0.50390625,0.34820007119504165
profile_0039,high_frequency,65,0.51171875,0.2814534106683264
profile_0039,high_frequency,66,0.51953125,0.25695052270983765
profile_0039,high_frequency,67,0.52734375,0.2882048929809087
profile_0039,high_frequency,68,0.53515625,0.3579795539360132
profile_0039,high_frequency,69,0.54296875,0.4277933729862673
profile_0039,high_frequency,70,0.55078125,0.4591436216248583
profile_0039,high_frequency,71,0.55859375,0.4347404548272095
profile_0039,high_frequency,72,0.56640625,0.3680423614526689
profile_0039,high_frequency,73,0.57421875,0.2958337291204455
profile_0039,high_frequency,74,0.58203125,0.2579380398339311
profile_0039,high_frequency,75,0.58984375,0.27525498732176784
profile_0039,high_frequency,76,0.59765625,0.33823417401566147
profile_0039,high_frequency,77,0.60546875,0.4121422110272413
profile_0039,high_frequency,78,0.61328125,0.45621838475795895
profile_0039,high_frequency,79,0.62109375,0.446154428250648
profile_0039,high_frequency,80,0.62890625,0.38750067223318946
profile_0039,high_frequency,81,0.63671875,0.31260500534091823
profile_0039,high_frequency,82,0.64453125,0.26277282481351094
profile_0039,high_frequency,83,0.65234375,0.2654868689376124
profile_0039,high_frequency,84,0.66015625,0.31925032654478386
profile_0039,high_frequency,85,0.66796875,0.39441233710343837
profile_0039,high_frequency,86,0.67578125,0.44952061328801385
profile_0039,high_frequency,87,0.68359375,0.4541826192756845
profile_0039,high_frequency,88,0.69140625,0.40582723156565437
profile_0039,high_frequency,89,0.69921875,0.33112272859003083
profile_0039,high_frequency,90,0.70703125,0.2712690795731907
profile_0039,high_frequency,91,0.71484375,0.2592759211399211
profile_0039,high_frequency,92,0.72265625,0.30175755013541916
profile_0039,high_frequency,93,0.73046875,0.37528510032672235
profile_0039,high_frequency,94,0.73828125,0.43930769881646003
profile_0039,high_frequency,95,0.74609375,0.45851650902348934
profile_0039,high_frequency,96,0.75390625,0.42231776005256977
profile_0039,high_frequency,97,0.76171875,0.35067527314817926
profile_0039,high_frequency,98,0.76953125,0.2831002978073104
profile_0039,high_frequency,99,0.77734375,0.2568608271694195
profile_0039,high_frequency,100,0.78515625,0.2864280823749206
profile_0039,high_frequency,101,0.79296875,0.35549554967974456
profile_0039,high_frequency,102,0.80078125,0.4259721179189707
profile_0039,high_frequency,103,0.80859375,0.45898954854152735
profile_0039,high_frequency,104,0.81640625,0.43633853593217853
profile_0039,high_frequency,105,0.82421875,0.3705112456931872
profile_0039,high_frequency,106,0.83203125,0.29781181243415633
profile_0039,high_frequency,107,0.83984375,0.25833439773299377
profile_0039,high_frequency,108,0.84765625,0.2738510261124582
profile_0039,high_frequency,109,0.85546875,0.3358041864957605
profile_0039,high_frequency,110,0.86328125,0.41002634949075634
profile_0039,high_frequency,111,0.87109375,0.4555835591864036
profile_0039,high_frequency,112,0.87890625,0.447350748650369
profile_0039,high_frequency,113,0.88671875,0.3898683609242916
profile_0039,high_frequency,114,0.89453125,0.3148382681969314
profile_0039,high_frequency,115,0.90234375,0.2636400043402735
profile_0039,high_frequency,116,0.91015625,0.264509710566904
profile_0039,high_frequency,117,0.91796875,0.31696773881888685
profile_0039,high_frequency,118,0.92578125,0.39208318047002344
profile_0039,high_frequency,119,0.93359375,0.4484294312189352
profile_0039,high_frequency,120,0.94140625,0.4549312050481011
profile_0039,high_frequency,121,0.94921875,0.40800273575875634
profile_0039,high_frequency,122,0.95703125,0.33352534794921995
profile_0039,high_frequency,123,0.96484375,0.27257375550475954
profile_0039,high_frequency,124,0.97265625,0.2587631172560034
profile_0039,high_frequency,125,0.98046875,0.2997100807697444
profile_0039,high_frequency,126,0.98828125,0.37283215677959347
profile_0039,high_frequency,127,0.99609375,0.4378020937648305
profile_0040,low_frequency,0,0.00390625,0.7111848659980837
profile_0040,low_frequency,1,0.01171875,0.7105828637608749
profile_0040,low_frequency,2,0.01953125,0.7093958429402369
profile_0040,low_frequency,3,0.02734375,0.7076569035933706
profile_0040,low_frequency,4,0.03515625,0.7054135711115217
profile_0040,low_frequency,5,0.04296875,0.7027253661982376
profile_0040,low_frequency,6,0.05078125,0.6996607582914789
profile_0040,low_frequency,7,0.05859375,0.6962936567086997
profile_0040,low_frequency,8,0.06640625,0.6926996185339811
profile_0040,low_frequency,9,0.07421875,0.6889519686769852
profile_0040,low_frequency,10,0.08203125,0.6851180347911541
profile_0040,low_frequency,11,0.08984375,0.6812556974193908
profile_0040,low_frequency,12,0.09765625,0.6774104438362778
profile_0040,low_frequency,13,0.10546875,0.6736130929971638
profile_0040,low_frequency,14,0.11328125,0.6698783296155617
profile_0040,low_frequency,15,0.12109375,0.6662041488771782
profile_0040,low_frequency,16,0.12890625,0.6625722711960296
profile_0040,low_frequency,17,0.13671875,0.6589495405259167
profile_0040,low_frequency,18,0.14453125,0.655290272051481
profile_0040,low_frequency,19,0.15234375,0.6515394676986812
profile_0040,low_frequency,20,0.16015625,0.6476367729473893
profile_0040,low_frequency,21,0.16796875,0.6435210079526112
profile_0040,low_frequency,22,0.17578125,0.6391350718824584
profile_0040,low_frequency,23,0.18359375,0.6344309933180148
profile_0040,low_frequency,24,0.19140625,0.6293748828777326
profile_0040,low_frequency,25,0.19921875,0.6239515378979261
profile_0040,low_frequency,26,0.20703125,0.6181684535718701
profile_0040,low_frequency,27,0.21484375,0.6120590105230206
profile_0040,low_frequency,28,0.22265625,0.6056846350009584
profile_0040,low_frequency,29,0.23046875,0.5991357639248207
profile_0040,low_frequency,30,0.23828125,0.5925314916120694
profile_0040,low_frequency,31,0.24609375,0.5860178265888765
profile_0040,low_frequency,32,0.25390625,0.5797645434252634
profile_0040,low_frequency,33,0.26171875,0.5739606738652274
profile_0040,low_frequency,34,0.26953125,0.5688087412554776
profile_0040,low_frequency,35,0.27734375,0.5645178999697245
profile_0040,low_frequency,36,0.28515625,0.5612961947575887
profile_0040,low_frequency,37,0.29296875,0.5593422014205518
profile_0040,low_frequency,38,0.30078125,0.558836347852548
profile_0040,low_frequency,39,0.30859375,0.5599322415060421
profile_0040,low_frequency,40,0.31640625,0.56274834436435
profile_0040,low_frequency,41,0.32421875,0.5673603385710471
profile_0040,low_frequency,42,0.33203125,0.5737945145319769
profile_0040,low_frequency,43,0.33984375,0.5820224886272141
profile_0040,low_frequency,44,0.34765625,0.5919575202373748
profile_0040,low_frequency,45,0.35546875,0.6034526487011165
profile_0040,low_frequency,46,0.36328125,0.616300811657317
profile_0040,low_frequency,47,0.37109375,0.6302370389909666
profile_0040,low_frequency,48,0.37890625,0.6449427436565296
profile_0040,low_frequency,49,0.38671875,0.6600520546273492
profile_0040,low_frequency,50,0.39453125,0.6751600609192481
profile_0040,low_frequency,51,0.40234375,0.6898327619342415
profile_0040,low_frequency,52,0.41015625,0.7036184510993215
profile_0040,low_frequency,53,0.41796875,0.7160601996190861
profile_0040,low_frequency,54,0.42578125,0.7267090575486588
profile_0040,low_frequency,55,0.43359375,0.735137552402717
profile_0040,low_frequency,56,0.44140625,0.7409530427897388
profile_0040,low_frequency,57,0.44921875,0.7438104772352869
profile_0040,low_frequency,58,0.45703125,0.7434241170162816
profile_0040,low_frequency,59,0.46484375,0.7395778064661456
profile_0040,low_frequency,60,0.47265625,0.7321334142307281
profile_0040,low_frequency,61,0.48046875,0.7210371231792483
profile_0040,low_frequency,62,0.48828125,0.7063233133814601
profile_0040,low_frequency,63,0.49609375,0.6881158595432941
profile_0040,low_frequency,64,0.50390625,0.6666267489291666
profile_0040,low_frequency,65,0.51171875,0.6421520151524536
profile_0040,low_frequency,66,0.51953125,0.6150650741359311
profile_0040,low_frequency,67,0.52734375,0.5858076377826662
profile_0040,low_frequency,68,0.53515625,0.5548784652272571
profile_0040,low_frequency,69,0.54296875,0.5228202878708845
profile_0040,low_frequency,70,0.55078125,0.49020530991129674
profile_0040,low_frequency,71,0.55859375,0.4576197382945706
profile_0040,low_frequency,72,0.56640625,0.4256478329316682
profile_0040,low_frequency,73,0.57421875,0.39485598816889667
profile_0040,low_frequency,74,0.58203125,0.3657773590027844
profile_0040,low_frequency,75,0.58984375,0.33889753014539437
profile_0040,low_frequency,76,0.59765625,0.3146416931821099
profile_0040,low_frequency,77,0.60546875,0.29336374776442076
profile_0040,low_frequency,78,0.61328125,0.27533767869343195
profile_0040,low_frequency,79,0.62109375,0.2607514840717209
profile_0040,low_frequency,80,0.62890625,0.2497038430988331
profile_0040,low_frequency,81,0.63671875,0.24220361860218254
profile_0040,low_frequency,82,0.64453125,0.23817219234017273
profile_0040,low_frequency,83,0.65234375,0.2374485339443685
profile_0040,low_frequency,84,0.66015625,0.23979681055966995
profile_0040,low_frequency,85,0.66796875,0.2449162571658604
profile_0040,low_frequency,86,0.67578125,0.25245295035987303
profile_0040,low_frequency,87,0.68359375,0.2620130638375323
profile_0040,low_frequency,88,0.69140625,0.27317713427712587
profile_0040,low_frequency,89,0.69921875,0.2855148335967448
profile_0040,low_frequency,90,0.70703125,0.298599728827738
profile_0040,low_frequency,91,0.71484375,0.31202351465977274
profile_0040,low_frequency,92,0.72265625,0.32540922593599353
profile_0040,low_frequency,93,0.73046875,0.33842297720493497
profile_0040,low_frequency,94,0.73828125,0.3507838324205167
profile_0040,low_frequency,95,0.74609375,0.3622714779818518
profile_0040,low_frequency,96,0.75390625,0.37273145396169405
profile_0040,low_frequency,97,0.76171875,0.382077788602078
profile_0040,low_frequency,98,0.76953125,0.39029297665828444
profile_0040,low_frequency,99,0.77734375,0.3974253394533397
profile_0040,low_frequency,100,0.78515625,0.40358390000459654
profile_0040,low_frequency,101,0.79296875,0.4089309968067889
profile_0040,low_frequency,102,0.80078125,0.4136729415021858
profile_0040,low_frequency,103,0.80859375,0.4180490957547768
profile_0040,low_frequency,104,0.81640625,0.42231979861591395
profile_0040,low_frequency,105,0.82421875,0.4267536154898357
profile_0040,low_frequency,106,0.83203125,0.431614402043224
profile_0040,low_frequency,107,0.83984375,0.43714868026890863
profile_0040,low_frequency,108,0.84765625,0.44357380930611745
profile_0040,low_frequency,109,0.85546875,0.45106740111900445
profile_0040,low_frequency,110,0.86328125,0.4597583819853893
profile_0040,low_frequency,111,0.87109375,0.46972003680955143
profile_0040,low_frequency,112,0.87890625,0.4809652969551095
profile_0040,low_frequency,113,0.88671875,0.4934444464632841
profile_0040,low_frequency,114,0.89453125,0.5070453293963497
profile_0040,low_frequency,115,0.90234375,0.5215960460755404
profile_0040,low_frequency,116,0.91015625,0.536870031719697
profile_0040,low_frequency,117,0.91796875,0.552593320958624
profile_0040,low_frequency,118,0.92578125,0.5684537192555275
profile_0040,low_frequency,119,0.93359375,0.5841115305017959
profile_0040,low_frequency,120,0.94140625,0.5992114316192212
profile_0040,low_frequency,121,0.94921875,0.6133950420931313
profile_0040,low_frequency,122,0.95703125,0.6263137105562073
profile_0040,low_frequency,123,0.96484375,0.6376410327969921
profile_0040,low_frequency,124,0.97265625,0.6470846261523884
profile_0040,low_frequency,125,0.98046875,0.6543967137459907
profile_0040,low_frequency,126,0.98828125,0.6593831173687688
profile_0040,low_frequency,127,0.99609375,0.6619103182497317
profile_0041,piecewise,0,0.00390625,0.07937977273476231
profile_0041,piecewise,1,0.01171875,0.15875954546952462
profile_0041,piecewise,2,0.01953125,0.15875954546952462
profile_0041,piecewise,3,0.02734375,0.15875954546952462
profile_0041,piecewise,4,0.03515625,0.15875954546952462
profile_0041,piecewise,5,0.04296875,0.15875954546952462
profile_0041,piecewise,6,0.05078125,0.15875954546952462
profile_0041,piecewise,7,0.05859375,0.15875954546952462
profile_0041,piecewise,8,0.06640625,0.15875954546952462
profile_0041,piecewise,9,0.07421875,0.15875954546952462
profile_0041,piecewise,10,0.08203125,0.15875954546952462
profile_0041,piecewise,11,0.08984375,0.21571037626453515
profile_0041,piecewise,12,0.09765625,0.2726612070595457
profile_0041,piecewise,13,0.10546875,0.2726612070595457
profile_0041,piecewise,14,0.11328125,0.2726612070595457
profile_0041,piecewise,15,0.12109375,0.2726612070595457
profile_0041,piecewise,16,0.12890625,0.2726612070595457
profile_0041,piecewise,17,0.13671875,0.2726612070595457
profile_0041,piecewise,18,0.14453125,0.2726612070595457
profile_0041,piecewise,19,0.15234375,0.2726612070595457
profile_0041,piecewise,20,0.16015625,0.2726612070595457
profile_0041,piecewise,21,0.16796875,0.3720591099856323
profile_0041,piecewise,22,0.17578125,0.4714570129117189
profile_0041,piecewise,23,0.18359375,0.4714570129117189
profile_0041,piecewise,24,0.19140625,0.4714570129117189
profile_0041,piecewise,25,0.19921875,0.4714570129117189
profile_0041,piecewise,26,0.20703125,0.4714570129117189
profile_0041,piecewise,27,0.21484375,0.4714570129117189
profile_0041,piecewise,28,0.22265625,0.4714570129117189
profile_0041,piecewise,29,0.23046875,0.4714570129117189
profile_0041,piecewise,30,0.23828125,0.4714570129117189
profile_0041,piecewise,31,0.24609375,0.4714570129117189
profile_0041,piecewise,32,0.25390625,0.590901599856001
profile_0041,piecewise,33,0.26171875,0.710346186800283
profile_0041,piecewise,34,0.26953125,0.710346186800283
profile_0041,piecewise,35,0.27734375,0.710346186800283
profile_0041,piecewise,36,0.28515625,0.710346186800283
profile_0041,piecewise,37,0.29296875,0.710346186800283
profile_0041,piecewise,38,0.30078125,0.710346186800283
profile_0041,piecewise,39,0.30859375,0.710346186800283
profile_0041,piecewise,40,0.31640625,0.710346186800283
profile_0041,piecewise,41,0.32421875,0.710346186800283
profile_0041,piecewise,42,0.33203125,0.710346186800283
profile_0041,piecewise,43,0.33984375,0.4901199335262283
profile_0041,piecewise,44,0.34765625,0.2698936802521735
profile_0041,piecewise,45,0.35546875,0.2698936802521735
profile_0041,piecewise,46,0.36328125,0.2698936802521735
profile_0041,piecewise,47,0.37109375,0.2698936802521735
profile_0041,piecewise,48,0.37890625,0.2698936802521735
profile_0041,piecewise,49,0.38671875,0.2698936802521735
profile_0041,piecewise,50,0.39453125,0.2698936802521735
profile_0041,piecewise,51,0.40234375,0.2698936802521735
profile_0041,piecewise,52,0.41015625,0.2698936802521735
profile_0041,piecewise,53,0.41796875,0.40795287597670515
profile_0041,piecewise,54,0.42578125,0.5460120717012368
profile_0041,piecewise,55,0.43359375,0.5460120717012368
profile_0041,piecewise,56,0.44140625,0.5460120717012368
profile_0041,piecewise,57,0.44921875,0.5460120717012368
profile_0041,piecewise,58,0.45703125,0.5460120717012368
profile_0041,piecewise,59,0.46484375,0.5460120717012368
profile_0041,piecewise,60,0.47265625,0.5460120717012368
profile_0041,piecewise,61,0.48046875,0.5460120717012368
profile_0041,piecewise,62,0.48828125,0.5460120717012368
profile_0041,piecewise,63,0.49609375,0.5460120717012368
profile_0041,piecewise,64,0.50390625,0.6556022645719848
profile_0041,piecewise,65,0.51171875,0.7651924574427327
profile_0041,piecewise,66,0.51953125,0.7651924574427327
profile_0041,piecewise,67,0.52734375,0.7651924574427327
profile_0041,piecewise,68,0.53515625,0.7651924574427327
profile_0041,piecewise,69,0.54296875,0.7651924574427327
profile_0041,piecewise,70,0.55078125,0.7651924574427327
profile_0041,piecewise,71,0.55859375,0.7651924574427327
profile_0041,piecewise,72,0.56640625,0.7651924574427327
profile_0041,piecewise,73,0.57421875,0.7651924574427327
profile_0041,piecewise,74,0.58203125,0.7651924574427327
profile_0041,piecewise,75,0.58984375,0.7333714215908607
profile_0041,piecewise,76,0.59765625,0.7015503857389888
profile_0041,piecewise,77,0.60546875,0.7015503857389888
profile_0041,piecewise,78,0.61328125,0.7015503857389888
profile_0041,piecewise,79,0.62109375,0.7015503857389888
profile_0041,piecewise,80,0.62890625,0.7015503857389888
profile_0041,piecewise,81,0.63671875,0.7015503857389888
profile_0041,piecewise,82,0.64453125,0.7015503857389888
profile_0041,piecewise,83,0.65234375,0.7015503857389888
profile_0041,piecewise,84,0.66015625,0.7015503857389888
profile_0041,piecewise,85,0.66796875,0.4602437048026282
profile_0041,piecewise,86,0.67578125,0.21893702386626768
profile_0041,piecewise,87,0.68359375,0.21893702386626768
profile_0041,piecewise,88,0.69140625,0.21893702386626768
profile_0041,piecewise,89,0.69921875,0.21893702386626768
profile_0041,piecewise,90,0.70703125,0.21893702386626768
profile_0041,piecewise,91,0.71484375,0.21893702386626768
profile_0041,piecewise,92,0.72265625,0.21893702386626768
profile_0041,piecewise,93,0.73046875,0.21893702386626768
profile_0041,piecewise,94,0.73828125,0.21893702386626768
profile_0041,piecewise,95,0.74609375,0.21893702386626768
profile_0041,piecewise,96,0.75390625,0.4431779640883628
profile_0041,piecewise,97,0.76171875,0.6674189043104579
profile_0041,piecewise,98,0.76953125,0.6674189043104579
profile_0041,piecewise,99,0.77734375,0.6674189043104579
profile_0041,piecewise,100,0.78515625,0.6674189043104579
profile_0041,piecewise,101,0.79296875,0.6674189043104579
profile_0041,piecewise,102,0.80078125,0.6674189043104579
profile_0041,piecewise,103,0.80859375,0.6674189043104579
profile_0041,piecewise,104,0.81640625,0.6674189043104579
profile_0041,piecewise,105,0.82421875,0.6674189043104579
profile_0041,piecewise,106,0.83203125,0.6674189043104579
profile_0041,piecewise,107,0.83984375,0.6536983506873646
profile_0041,piecewise,108,0.84765625,0.6399777970642713
profile_0041,piecewise,109,0.85546875,0.6399777970642713
profile_0041,piecewise,110,0.86328125,0.6399777970642713
profile_0041,piecewise,111,0.87109375,0.6399777970642713
profile_0041,piecewise,112,0.87890625,0.6399777970642713
profile_0041,piecewise,113,0.88671875,0.6399777970642713
profile_0041,piecewise,114,0.89453125,0.6399777970642713
profile_0041,piecewise,115,0.90234375,0.6399777970642713
profile_0041,piecewise,116,0.91015625,0.6399777970642713
profile_0041,piecewise,117,0.91796875,0.7350407643760167
profile_0041,piecewise,118,0.92578125,0.8301037316877622
profile_0041,piecewise,119,0.93359375,0.8301037316877622
profile_0041,piecewise,120,0.94140625,0.8301037316877622
profile_0041,piecewise,121,0.94921875,0.8301037316877622
profile_0041,piecewise,122,0.95703125,0.8301037316877622
profile_0041,piecewise,123,0.96484375,0.8301037316877622
profile_0041,piecewise,124,0.97265625,0.8301037316877622
profile_0041,piecewise,125,0.98046875,0.8301037316877622
profile_0041,piecewise,126,0.98828125,0.8301037316877622
profile_0041,piecewise,127,0.99609375,0.8301037316877622
profile_0042,high_frequency,0,0.00390625,0.7499207962563508
profile_0042,high_frequency,1,0.01171875,0.6384283213845506
profile_0042,high_frequency,2,0.01953125,0.5454050913893045
profile_0042,high_frequency,3,0.02734375,0.519046232362843
profile_0042,high_frequency,4,0.03515625,0.5730082098406303
profile_0042,high_frequency,5,0.04296875,0.6793334447441827
profile_0042,high_frequency,6,0.05078125,0.7829350721772307
profile_0042,high_frequency,7,0.05859375,0.8301373221439222
profile_0042,high_frequency,8,0.06640625,0.7964848151750868
profile_0042,high_frequency,9,0.07421875,0.6994128393892468
profile_0042,high_frequency,10,0.08203125,0.5892141669601871
profile_0042,high_frequency,11,0.08984375,0.5229824820481587
profile_0042,high_frequency,12,0.09765625,0.5350322715377733
profile_0042,high_frequency,13,0.10546875,0.6191205666150422
profile_0042,high_frequency,14,0.11328125,0.7316814108587921
profile_0042,high_frequency,15,0.12109375,0.8143972842081451
profile_0042,high_frequency,16,0.12890625,0.8244132788502375
profile_0042,high_frequency,17,0.13671875,0.7565401305040999
profile_0042,high_frequency,18,0.14453125,0.645942764565098
profile_0042,high_frequency,19,0.15234375,0.5499214274036404
profile_0042,high_frequency,20,0.16015625,0.518224557686902
profile_0042,high_frequency,21,0.16796875,0.5672742322746664
profile_0042,high_frequency,22,0.17578125,0.6716579251596017
profile_0042,high_frequency,23,0.18359375,0.7772946799954356
profile_0042,high_frequency,24,0.19140625,0.8294543318594148
profile_0042,high_frequency,25,0.19921875,0.801113082517057
profile_0042,high_frequency,26,0.20703125,0.7069544694647071
profile_0042,high_frequency,27,0.21484375,0.5957618582010633
profile_0042,high_frequency,28,0.22265625,0.5251438903595063
profile_0042,high_frequency,29,0.23046875,0.5316875761381863
profile_0042,high_frequency,30,0.23828125,0.6120026466631077
profile_0042,high_frequency,31,0.24609375,0.7244780446612343
profile_0042,high_frequency,32,0.25390625,0.8108405195792308
profile_0042,high_frequency,33,0.26171875,0.8263458675389621
profile_0042,high_frequency,34,0.26953125,0.7629608026605319
profile_0042,high_frequency,35,0.27734375,0.65352498439606
profile_0042,high_frequency,36,0.28515625,0.5547368638800887
profile_0042,high_frequency,37,0.29296875,0.5177783440085395
profile_0042,high_frequency,38,0.30078125,0.5617975507439548
profile_0042,high_frequency,39,0.30859375,0.6639882321511811
profile_0042,high_frequency,40,0.31640625,0.7714056261947152
profile_0042,high_frequency,41,0.32421875,0.8283970227859954
profile_0042,high_frequency,42,0.33203125,0.8054353076221816
profile_0042,high_frequency,43,0.33984375,0.7144168936494856
profile_0042,high_frequency,44,0.34765625,0.602498216291114
profile_0042,high_frequency,45,0.35546875,0.527664090389962
profile_0042,high_frequency,46,0.36328125,0.5286859081455069
profile_0042,high_frequency,47,0.37109375,0.6050342680784162
profile_0042,high_frequency,48,0.37890625,0.7171532567454607
profile_0042,high_frequency,49,0.38671875,0.8069542784655646
profile_0042,high_frequency,50,0.39453125,0.8279116260015922
profile_0042,high_frequency,51,0.40234375,0.7691673447640378
profile_0042,high_frequency,52,0.41015625,0.6611567146457418
profile_0042,high_frequency,53,0.41796875,0.5598398000103959
profile_0042,high_frequency,54,0.42578125,0.5177086662955901
profile_0042,high_frequency,55,0.43359375,0.5565913590540035
profile_0042,high_frequency,56,0.44140625,0.6563428426811644
profile_0042,high_frequency,57,0.44921875,0.7652820980214944
profile_0042,high_frequency,58,0.45703125,0.8269679420738312
profile_0042,high_frequency,59,0.46484375,0.8094410778716
profile_0042,high_frequency,60,0.47265625,0.7217821343100899
profile_0042,high_frequency,61,0.48046875,0.6094070127536653
profile_0042,high_frequency,62,0.48828125,0.5305370107569091
profile_0042,high_frequency,63,0.49609375,0.5260344988408449
profile_0042,high_frequency,64,0.50390625,0.5982322182953382
profile_0042,high_frequency,65,0.51171875,0.7097246931671382
profile_0042,high_frequency,66,0.51953125,0.8027479231623846
profile_0042,high_frequency,67,0.52734375,0.8291067821888467
profile_0042,high_frequency,68,0.53515625,0.7751448047110602
profile_0042,high_frequency,69,0.54296875,0.668819569807508
profile_0042,high_frequency,70,0.55078125,0.5652179423744599
profile_0042,high_frequency,71,0.55859375,0.5180156924077675
profile_0042,high_frequency,72,0.56640625,0.5516681993766018
profile_0042,high_frequency,73,0.57421875,0.6487401751624413
profile_0042,high_frequency,74,0.58203125,0.7589388475915011
profile_0042,high_frequency,75,0.58984375,0.8251705325035308
profile_0042,high_frequency,76,0.59765625,0.8131207430139167
profile_0042,high_frequency,77,0.60546875,0.7290324479366481
profile_0042,high_frequency,78,0.61328125,0.6164716036928982
profile_0042,high_frequency,79,0.62109375,0.533755730343545
profile_0042,high_frequency,80,0.62890625,0.5237397357014517
profile_0042,high_frequency,81,0.63671875,0.5916128840475886
profile_0042,high_frequency,82,0.64453125,0.7022102499865902
profile_0042,high_frequency,83,0.65234375,0.7982315871480483
profile_0042,high_frequency,84,0.66015625,0.8299284568647877
profile_0042,high_frequency,85,0.66796875,0.7808787822770237
profile_0042,high_frequency,86,0.67578125,0.6764950893920888
profile_0042,high_frequency,87,0.68359375,0.5708583345562538
profile_0042,high_frequency,88,0.69140625,0.5186986826922749
profile_0042,high_frequency,89,0.69921875,0.5470399320346324
profile_0042,high_frequency,90,0.70703125,0.641198545086981
profile_0042,high_frequency,91,0.71484375,0.752391156350626
profile_0042,high_frequency,92,0.72265625,0.8230091241921835
profile_0042,high_frequency,93,0.73046875,0.8164654384135037
profile_0042,high_frequency,94,0.73828125,0.7361503678885817
profile_0042,high_frequency,95,0.74609375,0.6236749698904561
profile_0042,high_frequency,96,0.75390625,0.5373124949724586
profile_0042,high_frequency,97,0.76171875,0.5218071470127272
profile_0042,high_frequency,98,0.76953125,0.5851922118911579
profile_0042,high_frequency,99,0.77734375,0.6946280301556282
profile_0042,high_frequency,100,0.78515625,0.7934161506716008
profile_0042,high_frequency,101,0.79296875,0.8303746705431501
profile_0042,high_frequency,102,0.80078125,0.786355463807735
profile_0042,high_frequency,103,0.80859375,0.6841647824005077
profile_0042,high_frequency,104,0.81640625,0.576747388356975
profile_0042,high_frequency,105,0.82421875,0.5197559917656941
profile_0042,high_frequency,106,0.83203125,0.5427177069295075
profile_0042,high_frequency,107,0.83984375,0.6337361209022043
profile_0042,high_frequency,108,0.84765625,0.7456547982605748
profile_0042,high_frequency,109,0.85546875,0.8204889241617277
profile_0042,high_frequency,110,0.86328125,0.819467106406183
profile_0042,high_frequency,111,0.87109375,0.7431187464732731
profile_0042,high_frequency,112,0.87890625,0.6309997578062275
profile_0042,high_frequency,113,0.88671875,0.5411987360861249
profile_0042,high_frequency,114,0.89453125,0.5202413885500976
profile_0042,high_frequency,115,0.90234375,0.578985669787652
profile_0042,high_frequency,116,0.91015625,0.6869962999059492
profile_0042,high_frequency,117,0.91796875,0.7883132145412931
profile_0042,high_frequency,118,0.92578125,0.8304443482560995
profile_0042,high_frequency,119,0.93359375,0.7915616554976866
profile_0042,high_frequency,120,0.94140625,0.691810171870525
profile_0042,high_frequency,121,0.94921875,0.5828709165301958
profile_0042,high_frequency,122,0.95703125,0.5211850724778584
profile_0042,high_frequency,123,0.96484375,0.5387119366800902
profile_0042,high_frequency,124,0.97265625,0.6263708802415999
profile_0042,high_frequency,125,0.98046875,0.7387460017980255
profile_0042,high_frequency,126,0.98828125,0.8176160037947806
profile_0042,high_frequency,127,0.99609375,0.8221185157108442
profile_0043,low_frequency,0,0.00390625,0.4340683131563001
profile_0043,low_frequency,1,0.01171875,0.43451507900640807
profile_0043,low_frequency,2,0.01953125,0.43538424185213254
profile_0043,low_frequency,3,0.02734375,0.4366279142623294
profile_0043,low_frequency,4,0.03515625,0.4381763643319232
profile_0043,low_frequency,5,0.04296875,0.43994046149080734
profile_0043,low_frequency,6,0.05078125,0.4418148177858219
profile_0043,low_frequency,7,0.05859375,0.4436815265585352
profile_0043,low_frequency,8,0.06640625,0.4454143815200192
profile_0043,low_frequency,9,0.07421875,0.4468834437919291
profile_0043,low_frequency,10,0.08203125,0.44795981300582377
profile_0043,low_frequency,11,0.08984375,0.44852045137902163
profile_0043,low_frequency,12,0.09765625,0.44845290703847906
profile_0043,low_frequency,13,0.10546875,0.4476597848347692
profile_0043,low_frequency,14,0.11328125,0.4460628194313542
profile_0043,low_frequency,15,0.12109375,0.4436064163908858
profile_0043,low_frequency,16,0.12890625,0.4402605420020096
profile_0043,low_frequency,17,0.13671875,0.43602286126853373
profile_0043,low_frequency,18,0.14453125,0.4309200452813071
profile_0043,low_frequency,19,0.15234375,0.4250081934826746
profile_0043,low_frequency,20,0.16015625,0.4183723424105521
profile_0043,low_frequency,21,0.16796875,0.41112505961657886
profile_0043,low_frequency,22,0.17578125,0.40340414880095643
profile_0043,low_frequency,23,0.18359375,0.3953695189967884
profile_0043,low_frequency,24,0.19140625,0.3871992960841649
profile_0043,low_frequency,25,0.19921875,0.37908527827080474
profile_0043,low_frequency,26,0.20703125,0.371227857752064
profile_0043,low_frequency,27,0.21484375,0.36383054794725567
profile_0043,low_frequency,28,0.22265625,0.3570942689864559
profile_0043,low_frequency,29,0.23046875,0.35121155308850005
profile_0043,low_frequency,30,0.23828125,0.3463608358459216
profile_0043,low_frequency,31,0.24609375,0.34270099906676177
profile_0043,low_frequency,32,0.25390625,0.3403663257028742
profile_0043,low_frequency,33,0.26171875,0.3394620176423834
profile_0043,low_frequency,34,0.26953125,0.34006041301620293
profile_0043,low_frequency,35,0.27734375,0.34219802154675305
profile_0043,low_frequency,36,0.28515625,0.34587347484810105
profile_0043,low_frequency,37,0.29296875,0.3510464640685378
profile_0043,low_frequency,38,0.30078125,0.3576377105309746
profile_0043,low_frequency,39,0.30859375,0.3655299868199151
profile_0043,low_frequency,40,0.31640625,0.3745701768759153
profile_0043,low_frequency,41,0.32421875,0.38457233489997333
profile_0043,low_frequency,42,0.33203125,0.3953216750495361
profile_0043,low_frequency,43,0.33984375,0.40657939780784935
profile_0043,low_frequency,44,0.34765625,0.41808823526475347
profile_0043,low_frequency,45,0.35546875,0.4295785770268603
profile_0043,low_frequency,46,0.36328125,0.44077502165808513
profile_0043,low_frequency,47,0.37109375,0.45140318591377815
profile_0043,low_frequency,48,0.37890625,0.4611965959319837
profile_0043,low_frequency,49,0.38671875,0.46990348121525627
profile_0043,low_frequency,50,0.39453125,0.47729329377381735
profile_0043,low_frequency,51,0.40234375,0.4831627811673006
profile_0043,low_frequency,52,0.41015625,0.4873414532044793
profile_0043,low_frequency,53,0.41796875,0.48969629743496523
profile_0043,low_frequency,54,0.42578125,0.4901356178695935
profile_0043,low_frequency,55,0.43359375,0.4886118940639369
profile_0043,low_frequency,56,0.44140625,0.4851235831654612
profile_0043,low_frequency,57,0.44921875,0.47971581505699457
profile_0043,low_frequency,58,0.45703125,0.4724799595695707
profile_0043,low_frequency,59,0.46484375,0.46355207409439103
profile_0043,low_frequency,60,0.47265625,0.45311026899306817
profile_0043,low_frequency,61,0.48046875,0.44137105619488337
profile_0043,low_frequency,62,0.48828125,0.4285847725202415
profile_0043,low_frequency,63,0.49609375,0.4150301928760589
profile_0043,low_frequency,64,0.50390625,0.4010084689007727
profile_0043,low_frequency,65,0.51171875,0.3868365453547924
profile_0043,low_frequency,66,0.51953125,0.37284021912346077
profile_0043,low_frequency,67,0.52734375,0.3593470138086394
profile_0043,low_frequency,68,0.53515625,0.346679046342522
profile_0043,low_frequency,69,0.54296875,0.3351460608043415
profile_0043,low_frequency,70,0.55078125,0.32503879872966535
profile_0043,low_frequency,71,0.55859375,0.31662286487376456
profile_0043,low_frequency,72,0.56640625,0.3101332329475974
profile_0043,low_frequency,73,0.57421875,0.3057695177215184
profile_0043,low_frequency,74,0.58203125,0.3036921186207616
profile_0043,low_frequency,75,0.58984375,0.3040193161335759
profile_0043,low_frequency,76,0.59765625,0.306825376697731
profile_0043,low_frequency,77,0.60546875,0.31213969494881333
profile_0043,low_frequency,78,0.61328125,0.3199469750528843
profile_0043,low_frequency,79,0.62109375,0.3301884260575181
profile_0043,low_frequency,80,0.62890625,0.34276392051072224
profile_0043,low_frequency,81,0.63671875,0.35753504170867445
profile_0043,low_frequency,82,0.64453125,0.37432892347344215
profile_0043,low_frequency,83,0.65234375,0.3929427678870686
profile_0043,low_frequency,84,0.66015625,0.41314891138321674
profile_0043,low_frequency,85,0.66796875,0.43470029838250246
profile_0043,low_frequency,86,0.67578125,0.4573362145001444
profile_0043,low_frequency,87,0.68359375,0.4807881283830726
profile_0043,low_frequency,88,0.69140625,0.5047854924553536
profile_0043,low_frequency,89,0.69921875,0.5290613581529233
profile_0043,low_frequency,90,0.70703125,0.5533576703831204
profile_0043,low_frequency,91,0.71484375,0.5774301186161868
profile_0043,low_frequency,92,0.72265625,0.601052437773465
profile_0043,low_frequency,93,0.73046875,0.6240200704070662
profile_0043,low_frequency,94,0.73828125,0.6461531219886634
profile_0043,low_frequency,95,0.74609375,0.6672985628130528
profile_0043,low_frequency,96,0.75390625,0.6873316524182882
profile_0043,low_frequency,97,0.76171875,0.7061565848623239
profile_0043,low_frequency,98,0.76953125,0.7237063750204911
profile_0043,low_frequency,99,0.77734375,0.7399420266528951
profile_0043,low_frequency,100,0.78515625,0.75485104175819
profile_0043,low_frequency,101,0.79296875,0.7684453471669124
profile_0043,low_frequency,102,0.80078125,0.7807587279996668
profile_0043,low_frequency,103,0.80859375,0.7918438681799231
profile_0043,low_frequency,104,0.81640625,0.8017691054052021
profile_0043,low_frequency,105,0.82421875,0.8106150117072466
profile_0043,low_frequency,106,0.83203125,0.8184709109435295
profile_0043,low_frequency,107,0.83984375,0.8254314413393242
profile_0043,low_frequency,108,0.84765625,0.8315932647261421
profile_0043,low_frequency,109,0.85546875,0.8370520146802556
profile_0043,low_frequency,110,0.86328125,0.8418995637232825
profile_0043,low_frequency,111,0.87109375,0.8462216755490637
profile_0043,low_frequency,112,0.87890625,0.8500960923909902
profile_0043,low_frequency,113,0.88671875,0.8535910906888806
profile_0043,low_frequency,114,0.89453125,0.8567645207276862
profile_0043,low_frequency,115,0.90234375,0.8596633284828017
profile_0043,low_frequency,116,0.91015625,0.8623235410889314
profile_0043,low_frequency,117,0.91796875,0.8647706816932537
profile_0043,low_frequency,118,0.92578125,0.8670205654555894
profile_0043,low_frequency,119,0.93359375,0.8690804165544193
profile_0043,low_frequency,120,0.94140625,0.8709502366098334
profile_0043,low_frequency,121,0.94921875,0.8726243482201004
profile_0043,low_frequency,122,0.95703125,0.8740930335115968
profile_0043,low_frequency,123,0.96484375,0.8753441868083818
profile_0043,low_frequency,124,0.97265625,0.8763649027233456
profile_0043,low_frequency,125,0.98046875,0.8771429260442143
profile_0043,low_frequency,126,0.98828125,0.8776678975262171
profile_0043,low_frequency,127,0.99609375,0.8779323398128429
profile_0044,piecewise,0,0.00390625,0.3638749172708866
profile_0044,piecewise,1,0.01171875,0.7277498345417732
profile_0044,piecewise,2,0.01953125,0.7277498345417732
profile_0044,piecewise,3,0.02734375,0.7277498345417732
profile_0044,piecewise,4,0.03515625,0.7277498345417732
profile_0044,piecewise,5,0.04296875,0.7277498345417732
profile_0044,piecewise,6,0.05078125,0.7277498345417732
profile_0044,piecewise,7,0.05859375,0.7277498345417732
profile_0044,piecewise,8,0.06640625,0.7277498345417732
profile_0044,piecewise,9,0.07421875,0.7277498345417732
profile_0044,piecewise,10,0.08203125,0.7277498345417732
profile_0044,piecewise,11,0.08984375,0.7277498345417732
profile_0044,piecewise,12,0.09765625,0.7277498345417732
profile_0044,piecewise,13,0.10546875,0.7277498345417732
profile_0044,piecewise,14,0.11328125,0.7277498345417732
profile_0044,piecewise,15,0.12109375,0.7277498345417732
profile_0044,piecewise,16,0.12890625,0.5702650204766875
profile_0044,piecewise,17,0.13671875,0.4127802064116016
profile_0044,piecewise,18,0.14453125,0.4127802064116016
profile_0044,piecewise,19,0.15234375,0.4127802064116016
profile_0044,piecewise,20,0.16015625,0.4127802064116016
profile_0044,piecewise,21,0.16796875,0.4127802064116016
profile_0044,piecewise,22,0.17578125,0.4127802064116016
profile_0044,piecewise,23,0.18359375,0.4127802064116016
profile_0044,piecewise,24,0.19140625,0.4127802064116016
profile_0044,piecewise,25,0.19921875,0.4127802064116016
profile_0044,piecewise,26,0.20703125,0.4127802064116016
profile_0044,piecewise,27,0.21484375,0.4127802064116016
profile_0044,piecewise,28,0.22265625,0.4127802064116016
profile_0044,piecewise,29,0.23046875,0.4127802064116016
profile_0044,piecewise,30,0.23828125,0.4127802064116016
profile_0044,piecewise,31,0.24609375,0.4127802064116016
profile_0044,piecewise,32,0.25390625,0.4840000045392423
profile_0044,piecewise,33,0.26171875,0.555219802666883
profile_0044,piecewise,34,0.26953125,0.555219802666883
profile_0044,piecewise,35,0.27734375,0.555219802666883
profile_0044,piecewise,36,0.28515625,0.555219802666883
profile_0044,piecewise,37,0.29296875,0.555219802666883
profile_0044,piecewise,38,0.30078125,0.555219802666883
profile_0044,piecewise,39,0.30859375,0.555219802666883
profile_0044,piecewise,40,0.31640625,0.555219802666883
profile_0044,piecewise,41,0.32421875,0.555219802666883
profile_0044,piecewise,42,0.33203125,0.555219802666883
profile_0044,piecewise,43,0.33984375,0.555219802666883
profile_0044,piecewise,44,0.34765625,0.555219802666883
profile_0044,piecewise,45,0.35546875,0.555219802666883
profile_0044,piecewise,46,0.36328125,0.555219802666883
profile_0044,piecewise,47,0.37109375,0.555219802666883
profile_0044,piecewise,48,0.37890625,0.3405385598672112
profile_0044,piecewise,49,0.38671875,0.12585731706753941
profile_0044,piecewise,50,0.39453125,0.12585731706753941
profile_0044,piecewise,51,0.40234375,0.12585731706753941
profile_0044,piecewise,52,0.41015625,0.12585731706753941
profile_0044,piecewise,53,0.41796875,0.12585731706753941
profile_0044,piecewise,54,0.42578125,0.12585731706753941
profile_0044,piecewise,55,0.43359375,0.12585731706753941
profile_0044,piecewise,56,0.44140625,0.12585731706753941
profile_0044,piecewise,57,0.44921875,0.12585731706753941
profile_0044,piecewise,58,0.45703125,0.12585731706753941
profile_0044,piecewise,59,0.46484375,0.12585731706753941
profile_0044,piecewise,60,0.47265625,0.12585731706753941
profile_0044,piecewise,61,0.48046875,0.12585731706753941
profile_0044,piecewise,62,0.48828125,0.12585731706753941
profile_0044,piecewise,63,0.49609375,0.12585731706753941
profile_0044,piecewise,64,0.50390625,0.21447685746278367
profile_0044,piecewise,65,0.51171875,0.3030963978580279
profile_0044,piecewise,66,0.51953125,0.3030963978580279
profile_0044,piecewise,67,0.52734375,0.3030963978580279
profile_0044,piecewise,68,0.53515625,0.3030963978580279
profile_0044,piecewise,69,0.54296875,0.3030963978580279
profile_0044,piecewise,70,0.55078125,0.3030963978580279
profile_0044,piecewise,71,0.55859375,0.3030963978580279
profile_0044,piecewise,72,0.56640625,0.3030963978580279
profile_0044,piecewise,73,0.57421875,0.3030963978580279
profile_0044,piecewise,74,0.58203125,0.3030963978580279
profile_0044,piecewise,75,0.58984375,0.3030963978580279
profile_0044,piecewise,76,0.59765625,0.3030963978580279
profile_0044,piecewise,77,0.60546875,0.3030963978580279
profile_0044,piecewise,78,0.61328125,0.3030963978580279
profile_0044,piecewise,79,0.62109375,0.3030963978580279
profile_0044,piecewise,80,0.62890625,0.25621919692539885
profile_0044,piecewise,81,0.63671875,0.20934199599276976
profile_0044,piecewise,82,0.64453125,0.20934199599276976
profile_0044,piecewise,83,0.65234375,0.20934199599276976
profile_0044,piecewise,84,0.66015625,0.20934199599276976
profile_0044,piecewise,85,0.66796875,0.20934199599276976
profile_0044,piecewise,86,0.67578125,0.20934199599276976
profile_0044,piecewise,87,0.68359375,0.20934199599276976
profile_0044,piecewise,88,0.69140625,0.20934199599276976
profile_0044,piecewise,89,0.69921875,0.20934199599276976
profile_0044,piecewise,90,0.70703125,0.20934199599276976
profile_0044,piecewise,91,0.71484375,0.20934199599276976
profile_0044,piecewise,92,0.72265625,0.20934199599276976
profile_0044,piecewise,93,0.73046875,0.20934199599276976
profile_0044,piecewise,94,0.73828125,0.20934199599276976
profile_0044,piecewise,95,0.74609375,0.20934199599276976
profile_0044,piecewise,96,0.75390625,0.41307512841626826
profile_0044,piecewise,97,0.76171875,0.6168082608397667
profile_0044,piecewise,98,0.76953125,0.6168082608397667
profile_0044,piecewise,99,0.77734375,0.6168082608397667
profile_0044,piecewise,100,0.78515625,0.6168082608397667
profile_0044,piecewise,101,0.79296875,0.6168082608397667
profile_0044,piecewise,102,0.80078125,0.6168082608397667
profile_0044,piecewise,103,0.80859375,0.6168082608397667
profile_0044,piecewise,104,0.81640625,0.6168082608397667
profile_0044,piecewise,105,0.82421875,0.6168082608397667
profile_0044,piecewise,106,0.83203125,0.6168082608397667
profile_0044,piecewise,107,0.83984375,0.6168082608397667
profile_0044,piecewise,108,0.84765625,0.6168082608397667
profile_0044,piecewise,109,0.85546875,0.6168082608397667
profile_0044,piecewise,110,0.86328125,0.6168082608397667
profile_0044,piecewise,111,0.87109375,0.6168082608397667
profile_0044,piecewise,112,0.87890625,0.4425835561715049
profile_0044,piecewise,113,0.88671875,0.26835885150324307
profile_0044,piecewise,114,0.89453125,0.26835885150324307
profile_0044,piecewise,115,0.90234375,0.26835885150324307
profile_0044,piecewise,116,0.91015625,0.26835885150324307
profile_0044,piecewise,117,0.91796875,0.26835885150324307
profile_0044,piecewise,118,0.92578125,0.26835885150324307
profile_0044,piecewise,119,0.93359375,0.26835885150324307
profile_0044,piecewise,120,0.94140625,0.26835885150324307
profile_0044,piecewise,121,0.94921875,0.26835885150324307
profile_0044,piecewise,122,0.95703125,0.26835885150324307
profile_0044,piecewise,123,0.96484375,0.26835885150324307
profile_0044,piecewise,124,0.97265625,0.26835885150324307
profile_0044,piecewise,125,0.98046875,0.26835885150324307
profile_0044,piecewise,126,0.98828125,0.26835885150324307
profile_0044,piecewise,127,0.99609375,0.26835885150324307
profile_0045,high_frequency,0,0.00390625,0.40587149926521787
profile_0045,high_frequency,1,0.01171875,0.3605501655167432
profile_0045,high_frequency,2,0.01953125,0.3249646187734533
profile_0045,high_frequency,3,0.02734375,0.30836090993627285
profile_0045,high_frequency,4,0.03515625,0.315053114552788
profile_0045,high_frequency,5,0.04296875,0.34330242374730335
profile_0045,high_frequency,6,0.05078125,0.38576893200669926
profile_0045,high_frequency,7,0.05859375,0.4314187356008059
profile_0045,high_frequency,8,0.06640625,0.46839082784920993
profile_0045,high_frequency,9,0.07421875,0.4870788972539182
profile_0045,high_frequency,10,0.08203125,0.48262729716146113
profile_0045,high_frequency,11,0.08984375,0.4561926690966223
profile_0045,high_frequency,12,0.09765625,0.41464341720105236
profile_0045,high_frequency,13,0.10546875,0.36877511813662256
profile_0045,high_frequency,14,0.11328125,0.33050554939170373
profile_0045,high_frequency,15,0.12109375,0.309778140615545
profile_0045,high_frequency,16,0.12890625,0.31197841188940717
profile_0045,high_frequency,17,0.13671875,0.33653467549016125
profile_0045,high_frequency,18,0.14453125,0.3770665752348042
profile_0045,high_frequency,19,0.15234375,0.4230428690195225
profile_0045,high_frequency,20,0.16015625,0.46251771951783127
profile_0045,high_frequency,21,0.16796875,0.4852345335221921
profile_0045,high_frequency,22,0.17578125,0.48529089171314455
profile_0045,high_frequency,23,0.18359375,0.4626721507663641
profile_0045,high_frequency,24,0.19140625,0.4232552480693082
profile_0045,high_frequency,25,0.19921875,0.37728172048307645
profile_0045,high_frequency,26,0.20703125,0.33669668660381674
profile_0045,high_frequency,27,0.21484375,0.3120451941659482
profile_0045,high_frequency,28,0.22265625,0.3097323422819995
profile_0045,high_frequency,29,0.23046875,0.3303590700466978
profile_0045,high_frequency,30,0.23828125,0.36856601692505647
profile_0045,high_frequency,31,0.24609375,0.4144260240580411
profile_0045,high_frequency,32,0.25390625,0.4560234684168073
profile_0045,high_frequency,33,0.26171875,0.48255025168368515
profile_0045,high_frequency,34,0.26953125,0.48711402539785986
profile_0045,high_frequency,35,0.27734375,0.46852900240911666
profile_0045,high_frequency,36,0.28515625,0.43162405523101866
profile_0045,high_frequency,37,0.29296875,0.3859880493253269
profile_0045,high_frequency,38,0.30078125,0.3434784063740197
profile_0045,high_frequency,39,0.30859375,0.31514023762249455
profile_0045,high_frequency,40,0.31640625,0.30833653660871074
profile_0045,high_frequency,41,0.32421875,0.324835081873263
profile_0045,high_frequency,42,0.33203125,0.3603491221008572
profile_0045,high_frequency,43,0.33984375,0.40565118564378727
profile_0045,high_frequency,44,0.34765625,0.4489706177343601
profile_0045,high_frequency,45,0.35546875,0.47905190283988
profile_0045,high_frequency,46,0.36328125,0.4880791404415969
profile_0045,high_frequency,47,0.37109375,0.47370681934187964
profile_0045,high_frequency,48,0.37890625,0.43966924249836054
profile_0045,high_frequency,49,0.38671875,0.3948102579572592
profile_0045,high_frequency,50,0.39453125,0.3507853970336604
profile_0045,high_frequency,51,0.40234375,0.3190334640247746
profile_0045,high_frequency,52,0.41015625,0.3078044372411999
profile_0045,high_frequency,53,0.41796875,0.3200159099956861
profile_0045,high_frequency,54,0.42578125,0.3524950239511749
profile_0045,high_frequency,55,0.43359375,0.396802860267505
profile_0045,high_frequency,56,0.44140625,0.44142709027804183
profile_0045,high_frequency,57,0.44921875,0.4747731780025344
profile_0045,high_frequency,58,0.45703125,0.48817694225889896
profile_0045,high_frequency,59,0.46484375,0.4781557363571078
profile_0045,high_frequency,60,0.47265625,0.44731333032000264
profile_0045,high_frequency,61,0.48046875,0.4036633836870382
profile_0045,high_frequency,62,0.48828125,0.3585472882682793
profile_0045,high_frequency,63,0.49609375,0.3236873794742804
profile_0045,high_frequency,64,0.50390625,0.308141168587251
profile_0045,high_frequency,65,0.51171875,0.3159479656735756
profile_0045,high_frequency,66,0.51953125,0.34507936173467774
profile_0045,high_frequency,67,0.52734375,0.38796626213955426
profile_0045,high_frequency,68,0.53515625,0.4334655343409687
profile_0045,high_frequency,69,0.54296875,0.469755283630821
profile_0045,high_frequency,70,0.55078125,0.48740648896480143
profile_0045,high_frequency,71,0.55859375,0.48183290795191913
profile_0045,high_frequency,72,0.56640625,0.45448270195153995
profile_0045,high_frequency,73,0.57421875,0.41246216607427494
profile_0045,high_frequency,74,0.58203125,0.3666893288222049
profile_0045,high_frequency,75,0.58984375,0.3290571642211445
profile_0045,high_frequency,76,0.59765625,0.3093434877399255
profile_0045,high_frequency,77,0.60546875,0.3126704254345176
profile_0045,high_frequency,78,0.61328125,0.33817355233232377
profile_0045,high_frequency,79,0.62109375,0.379226492530484
profile_0045,high_frequency,80,0.62890625,0.425162624059043
profile_0045,high_frequency,81,0.63671875,0.4640465447905997
profile_0045,high_frequency,82,0.64453125,0.48577520044569933
profile_0045,high_frequency,83,0.65234375,0.48470292095370915
profile_0045,high_frequency,84,0.66015625,0.4611083124249824
profile_0045,high_frequency,85,0.66796875,0.42112186803467766
profile_0045,high_frequency,86,0.67578125,0.37513310639401193
profile_0045,high_frequency,87,0.68359375,0.33509110430283096
profile_0045,high_frequency,88,0.69140625,0.31139981570852887
profile_0045,high_frequency,89,0.69921875,0.3102148537827005
profile_0045,high_frequency,90,0.70703125,0.33184410246375773
profile_0045,high_frequency,91,0.71484375,0.3706677201992724
profile_0045,high_frequency,92,0.72265625,0.41659832099711336
profile_0045,high_frequency,93,0.73046875,0.4577019397576152
profile_0045,high_frequency,94,0.73828125,0.48329878690178424
profile_0045,high_frequency,95,0.74609375,0.48673813556836165
profile_0045,high_frequency,96,0.75390625,0.46712635348954473
profile_0045,high_frequency,97,0.76171875,0.42955909190449176
profile_0045,high_frequency,98,0.76953125,0.3837973027898443
profile_0045,high_frequency,99,0.77734375,0.3417310895778668
profile_0045,high_frequency,100,0.78515625,0.31429034893061986
profile_0045,high_frequency,101,0.79296875,0.3086048992154828
profile_0045,high_frequency,102,0.80078125,0.32615196819124226
profile_0045,high_frequency,103,0.80859375,0.3623723708021711
profile_0045,high_frequency,104,0.81640625,0.4078551040753891
profile_0045,high_frequency,105,0.82421875,0.45078257054665
profile_0045,high_frequency,106,0.83203125,0.48000109754922987
profile_0045,high_frequency,107,0.83984375,0.48791895156657644
profile_0045,high_frequency,108,0.84765625,0.4724788681199784
profile_0045,high_frequency,109,0.85546875,0.4376925826055964
profile_0045,high_frequency,110,0.86328125,0.3925984770620799
profile_0045,high_frequency,111,0.87109375,0.34891317335826744
profile_0045,high_frequency,112,0.87890625,0.317987249991144
profile_0045,high_frequency,113,0.88671875,0.3078560664754379
profile_0045,high_frequency,114,0.89453125,0.32115196787945965
profile_0045,high_frequency,115,0.90234375,0.3544203330885723
profile_0045,high_frequency,116,0.91015625,0.3990171752523564
profile_0045,high_frequency,117,0.91796875,0.4433550744657167
profile_0045,high_frequency,118,0.92578125,0.4759138909392012
profile_0045,high_frequency,119,0.93359375,0.4882339970447908
profile_0045,high_frequency,120,0.94140625,0.47711430867441096
profile_0045,high_frequency,121,0.94921875,0.4454440101763205
profile_0045,high_frequency,122,0.95703125,0.40145186909126457
profile_0045,high_frequency,123,0.96484375,0.35656818825110215
profile_0045,high_frequency,124,0.97265625,0.32245491571195595
profile_0045,high_frequency,125,0.98046875,0.3079755672312058
profile_0045,high_frequency,126,0.98828125,0.3168922542646901
profile_0045,high_frequency,127,0.99609375,0.34688818952868505
profile_0046,low_frequency,0,0.00390625,0.4628712744157347
profile_0046,low_frequency,1,0.01171875,0.4625559333458126
profile_0046,low_frequency,2,0.01953125,0.4619274097948498
profile_0046,low_frequency,3,0.02734375,0.46099000925057076
profile_0046,low_frequency,4,0.03515625,0.45975016078213726
profile_0046,low_frequency,5,0.04296875,0.45821638222039085
profile_0046,low_frequency,6,0.05078125,0.4563992340224112
profile_0046,low_frequency,7,0.05859375,0.4543112620677261
profile_0046,low_frequency,8,0.06640625,0.4519669296928248
profile_0046,low_frequency,9,0.07421875,0.4493825393283084
profile_0046,low_frequency,10,0.08203125,0.4465761441587136
profile_0046,low_frequency,11,0.08984375,0.44356745027850186
profile_0046,low_frequency,12,0.09765625,0.44037770986860025
profile_0046,low_frequency,13,0.10546875,0.43702960596595564
profile_0046,low_frequency,14,0.11328125,0.4335471294435571
profile_0046,low_frequency,15,0.12109375,0.42995544886004566
profile_0046,low_frequency,16,0.12890625,0.42628077387615004
profile_0046,low_frequency,17,0.13671875,0.42255021296955064
profile_0046,low_frequency,18,0.14453125,0.4187916262101967
profile_0046,low_frequency,19,0.15234375,0.4150334738844307
profile_0046,low_frequency,20,0.16015625,0.41130466177834624
profile_0046,low_frequency,21,0.16796875,0.40763438394853235
profile_0046,low_frequency,22,0.17578125,0.40405196382161357
profile_0046,low_frequency,23,0.18359375,0.4005866944727332
profile_0046,low_frequency,24,0.19140625,0.39726767893729287
profile_0046,low_frequency,25,0.19921875,0.39412367140982196
profile_0046,low_frequency,26,0.20703125,0.3911829201788364
profile_0046,low_frequency,27,0.21484375,0.3884730131369525
profile_0046,low_frequency,28,0.22265625,0.3860207266914292
profile_0046,low_frequency,29,0.23046875,0.38385187888177974
profile_0046,low_frequency,30,0.23828125,0.38199118748823224
profile_0046,low_frequency,31,0.24609375,0.38046213388774586
profile_0046,low_frequency,32,0.25390625,0.37928683338316005
profile_0046,low_frequency,33,0.26171875,0.37848591269603027
profile_0046,low_frequency,34,0.26953125,0.37807839527497267
profile_0046,low_frequency,35,0.27734375,0.37808159502913075
profile_0046,low_frequency,36,0.28515625,0.37851101905088935
profile_0046,low_frequency,37,0.29296875,0.379380279843462
profile_0046,low_frequency,38,0.30078125,0.38070101751773144
profile_0046,low_frequency,39,0.30859375,0.3824828323689836
profile_0046,low_frequency,40,0.31640625,0.38473322818826805
profile_0046,low_frequency,41,0.32421875,0.3874575666053093
profile_0046,low_frequency,42,0.33203125,0.39065903270052704
profile_0046,low_frequency,43,0.33984375,0.39433861206309806
profile_0046,low_frequency,44,0.34765625,0.39849507941044915
profile_0046,low_frequency,45,0.35546875,0.40312499882243436
profile_0046,low_frequency,46,0.36328125,0.40822273558105915
profile_0046,low_frequency,47,0.37109375,0.41378047954431063
profile_0046,low_frequency,48,0.37890625,0.4197882799207602
profile_0046,low_frequency,49,0.38671875,0.42623409125047207
profile_0046,low_frequency,50,0.39453125,0.4331038303377004
profile_0046,low_frequency,51,0.40234375,0.440381443822208
profile_0046,low_frequency,52,0.41015625,0.44804898601912124
profile_0046,low_frequency,53,0.41796875,0.45608670660234196
profile_0046,low_frequency,54,0.42578125,0.46447314765397163
profile_0046,low_frequency,55,0.43359375,0.4731852495522423
profile_0046,low_frequency,56,0.44140625,0.48219846512337383
profile_0046,low_frequency,57,0.44921875,0.4914868814388259
profile_0046,low_frequency,58,0.45703125,0.5010233485988298
profile_0046,low_frequency,59,0.46484375,0.5107796148060946
profile_0046,low_frequency,60,0.47265625,0.5207264670003642
profile_0046,low_frequency,61,0.48046875,0.5308338762952556
profile_0046,low_frequency,62,0.48828125,0.5410711474336745
profile_0046,low_frequency,63,0.49609375,0.5514070714572257
profile_0046,low_frequency,64,0.50390625,0.5618100807685165
profile_0046,low_frequency,65,0.51171875,0.5722484057531905
profile_0046,low_frequency,66,0.51953125,0.5826902321209706
profile_0046,low_frequency,67,0.52734375,0.5931038581219972
profile_0046,low_frequency,68,0.53515625,0.6034578507963091
profile_0046,low_frequency,69,0.54296875,0.6137212004204462
profile_0046,low_frequency,70,0.55078125,0.6238634723257857
profile_0046,low_frequency,71,0.55859375,0.6338549552783423
profile_0046,low_frequency,72,0.56640625,0.6436668056292378
profile_0046,low_frequency,73,0.57421875,0.6532711864687952
profile_0046,low_frequency,74,0.58203125,0.6626414010451103
profile_0046,low_frequency,75,0.58984375,0.6717520197398257
profile_0046,low_frequency,76,0.59765625,0.6805789999295175
profile_0046,low_frequency,77,0.60546875,0.6890997981004086
profile_0046,low_frequency,78,0.61328125,0.6972934736268253
profile_0046,low_frequency,79,0.62109375,0.7051407836696855
profile_0046,low_frequency,80,0.62890625,0.7126242687000861
profile_0046,low_frequency,81,0.63671875,0.7197283282045059
profile_0046,low_frequency,82,0.64453125,0.726439286181936
profile_0046,low_frequency,83,0.65234375,0.7327454460991463
profile_0046,low_frequency,84,0.66015625,0.7386371350279433
profile_0046,low_frequency,85,0.66796875,0.7441067367474041
profile_0046,low_frequency,86,0.67578125,0.7491487136543107
profile_0046,low_frequency,87,0.68359375,0.7537596173860841
profile_0046,low_frequency,88,0.69140625,0.7579380881220579
profile_0046,low_frequency,89,0.69921875,0.7616848425906022
profile_0046,low_frequency,90,0.70703125,0.7650026508711205
profile_0046,low_frequency,91,0.71484375,0.7678963021408858
profile_0046,low_frequency,92,0.72265625,0.7703725595768052
profile_0046,low_frequency,93,0.73046875,0.7724401046811162
profile_0046,low_frequency,94,0.73828125,0.7741094713574401
profile_0046,low_frequency,95,0.74609375,0.7753929701192157
profile_0046,low_frequency,96,0.75390625,0.7763046028660336
profile_0046,low_frequency,97,0.76171875,0.7768599687144531
profile_0046,low_frequency,98,0.76953125,0.7770761614182868
profile_0046,low_frequency,99,0.77734375,0.7769716589587903
profile_0046,low_frequency,100,0.78515625,0.7765662059274279
profile_0046,low_frequency,101,0.79296875,0.7758806893627366
profile_0046,low_frequency,102,0.80078125,0.7749370087380001
profile_0046,low_frequency,103,0.80859375,0.7737579408278212
profile_0046,low_frequency,104,0.81640625,0.7723670002090701
profile_0046,low_frequency,105,0.82421875,0.770788296174922
profile_0046,low_frequency,106,0.83203125,0.769046386859692
profile_0046,low_frequency,107,0.83984375,0.7671661313867679
profile_0046,low_frequency,108,0.84765625,0.7651725408621295
profile_0046,low_frequency,109,0.85546875,0.7630906290415882
profile_0046,low_frequency,110,0.86328125,0.7609452635010396
profile_0046,low_frequency,111,0.87109375,0.7587610181356086
profile_0046,low_frequency,112,0.87890625,0.7565620278056642
profile_0046,low_frequency,113,0.88671875,0.7543718459353008
profile_0046,low_frequency,114,0.89453125,0.7522133058520906
profile_0046,low_frequency,115,0.90234375,0.7501083866358296
profile_0046,low_frequency,116,0.91015625,0.7480780842187067
profile_0046,low_frequency,117,0.91796875,0.7461422884499895
profile_0046,low_frequency,118,0.92578125,0.7443196668050802
profile_0046,low_frequency,119,0.93359375,0.7426275553818504
profile_0046,low_frequency,120,0.94140625,0.7410818577867131
profile_0046,low_frequency,121,0.94921875,0.7396969524691328
profile_0046,low_frequency,122,0.95703125,0.7384856090164886
profile_0046,low_frequency,123,0.96484375,0.7374589138716143
profile_0046,low_frequency,124,0.97265625,0.7366262058832236
profile_0046,low_frequency,125,0.98046875,0.7359950220450795
profile_0046,low_frequency,126,0.98828125,0.7355710537234781
profile_0046,low_frequency,127,0.99609375,0.7353581136146787
profile_0047,piecewise,0,0.00390625,0.3599670706074764
profile_0047,piecewise,1,0.01171875,0.7199341412149528
profile_0047,piecewise,2,0.01953125,0.7199341412149528
profile_0047,piecewise,3,0.02734375,0.7199341412149528
profile_0047,piecewise,4,0.03515625,0.7199341412149528
profile_0047,piecewise,5,0.04296875,0.7199341412149528
profile_0047,piecewise,6,0.05078125,0.7199341412149528
profile_0047,piecewise,7,0.05859375,0.7199341412149528
profile_0047,piecewise,8,0.06640625,0.7199341412149528
profile_0047,piecewise,9,0.07421875,0.7199341412149528
profile_0047,piecewise,10,0.08203125,0.7199341412149528
profile_0047,piecewise,11,0.08984375,0.7199341412149528
profile_0047,piecewise,12,0.09765625,0.7199341412149528
profile_0047,piecewise,13,0.10546875,0.7199341412149528
profile_0047,piecewise,14,0.11328125,0.7199341412149528
profile_0047,piecewise,15,0.12109375,0.7199341412149528
profile_0047,piecewise,16,0.12890625,0.7199341412149528
profile_0047,piecewise,17,0.13671875,0.7199341412149528
profile_0047,piecewise,18,0.14453125,0.7199341412149528
profile_0047,piecewise,19,0.15234375,0.7199341412149528
profile_0047,piecewise,20,0.16015625,0.7199341412149528
profile_0047,piecewise,21,0.16796875,0.7199341412149528
profile_0047,piecewise,22,0.17578125,0.7199341412149528
profile_0047,piecewise,23,0.18359375,0.7199341412149528
profile_0047,piecewise,24,0.19140625,0.7199341412149528
profile_0047,piecewise,25,0.19921875,0.7199341412149528
profile_0047,piecewise,26,0.20703125,0.7199341412149528
profile_0047,piecewise,27,0.21484375,0.7199341412149528
profile_0047,piecewise,28,0.22265625,0.7199341412149528
profile_0047,piecewise,29,0.23046875,0.7199341412149528
profile_0047,piecewise,30,0.23828125,0.7199341412149528
profile_0047,piecewise,31,0.24609375,0.7199341412149528
profile_0047,piecewise,32,0.25390625,0.7199341412149528
profile_0047,piecewise,33,0.26171875,0.7199341412149528
profile_0047,piecewise,34,0.26953125,0.7199341412149528
profile_0047,piecewise,35,0.27734375,0.7199341412149528
profile_0047,piecewise,36,0.28515625,0.7199341412149528
profile_0047,piecewise,37,0.29296875,0.7199341412149528
profile_0047,piecewise,38,0.30078125,0.7199341412149528
profile_0047,piecewise,39,0.30859375,0.7199341412149528
profile_0047,piecewise,40,0.31640625,0.7199341412149528
profile_0047,piecewise,41,0.32421875,0.7199341412149528
profile_0047,piecewise,42,0.33203125,0.7199341412149528
profile_0047,piecewise,43,0.33984375,0.6668641959651018
profile_0047,piecewise,44,0.34765625,0.6137942507152508
profile_0047,piecewise,45,0.35546875,0.6137942507152508
profile_0047,piecewise,46,0.36328125,0.6137942507152508
profile_0047,piecewise,47,0.37109375,0.6137942507152508
profile_0047,piecewise,48,0.37890625,0.6137942507152508
profile_0047,piecewise,49,0.38671875,0.6137942507152508
profile_0047,piecewise,50,0.39453125,0.6137942507152508
profile_0047,piecewise,51,0.40234375,0.6137942507152508
profile_0047,piecewise,52,0.41015625,0.6137942507152508
profile_0047,piecewise,53,0.41796875,0.6137942507152508
profile_0047,piecewise,54,0.42578125,0.6137942507152508
profile_0047,piecewise,55,0.43359375,0.6137942507152508
profile_0047,piecewise,56,0.44140625,0.6137942507152508
profile_0047,piecewise,57,0.44921875,0.6137942507152508
profile_0047,piecewise,58,0.45703125,0.6137942507152508
profile_0047,piecewise,59,0.46484375,0.6137942507152508
profile_0047,piecewise,60,0.47265625,0.6137942507152508
profile_0047,piecewise,61,0.48046875,0.6137942507152508
profile_0047,piecewise,62,0.48828125,0.6137942507152508
profile_0047,piecewise,63,0.49609375,0.6137942507152508
profile_0047,piecewise,64,0.50390625,0.6137942507152508
profile_0047,piecewise,65,0.51171875,0.6137942507152508
profile_0047,piecewise,66,0.51953125,0.6137942507152508
profile_0047,piecewise,67,0.52734375,0.6137942507152508
profile_0047,piecewise,68,0.53515625,0.6137942507152508
profile_0047,piecewise,69,0.54296875,0.6137942507152508
profile_0047,piecewise,70,0.55078125,0.6137942507152508
profile_0047,piecewise,71,0.55859375,0.6137942507152508
profile_0047,piecewise,72,0.56640625,0.6137942507152508
profile_0047,piecewise,73,0.57421875,0.6137942507152508
profile_0047,piecewise,74,0.58203125,0.6137942507152508
profile_0047,piecewise,75,0.58984375,0.6137942507152508
profile_0047,piecewise,76,0.59765625,0.6137942507152508
profile_0047,piecewise,77,0.60546875,0.6137942507152508
profile_0047,piecewise,78,0.61328125,0.6137942507152508
profile_0047,piecewise,79,0.62109375,0.6137942507152508
profile_0047,piecewise,80,0.62890625,0.6137942507152508
profile_0047,piecewise,81,0.63671875,0.6137942507152508
profile_0047,piecewise,82,0.64453125,0.6137942507152508
profile_0047,piecewise,83,0.65234375,0.6137942507152508
profile_0047,piecewise,84,0.66015625,0.6137942507152508
profile_0047,piecewise,85,0.66796875,0.753906436641776
profile_0047,piecewise,86,0.67578125,0.8940186225683013
profile_0047,piecewise,87,0.68359375,0.8940186225683013
profile_0047,piecewise,88,0.69140625,0.8940186225683013
profile_0047,piecewise,89,0.69921875,0.8940186225683013
profile_0047,piecewise,90,0.70703125,0.8940186225683013
profile_0047,piecewise,91,0.71484375,0.8940186225683013
profile_0047,piecewise,92,0.72265625,0.8940186225683013
profile_0047,piecewise,93,0.73046875,0.8940186225683013
profile_0047,piecewise,94,0.73828125,0.8940186225683013
profile_0047,piecewise,95,0.74609375,0.8940186225683013
profile_0047,piecewise,96,0.75390625,0.8940186225683013
profile_0047,piecewise,97,0.76171875,0.8940186225683013
profile_0047,piecewise,98,0.76953125,0.8940186225683013
profile_0047,piecewise,99,0.77734375,0.8940186225683013
profile_0047,piecewise,100,0.78515625,0.8940186225683013
profile_0047,piecewise,101,0.79296875,0.8940186225683013
profile_0047,piecewise,102,0.80078125,0.8940186225683013
profile_0047,piecewise,103,0.80859375,0.8940186225683013
profile_0047,piecewise,104,0.81640625,0.8940186225683013
profile_0047,piecewise,105,0.82421875,0.8940186225683013
profile_0047,piecewise,106,0.83203125,0.8940186225683013
profile_0047,piecewise,107,0.83984375,0.8940186225683013
profile_0047,piecewise,108,0.84765625,0.8940186225683013
profile_0047,piecewise,109,0.85546875,0.8940186225683013
profile_0047,piecewise,110,0.86328125,0.8940186225683013
profile_0047,piecewise,111,0.87109375,0.8940186225683013
profile_0047,piecewise,112,0.87890625,0.8940186225683013
profile_0047,piecewise,113,0.88671875,0.8940186225683013
profile_0047,piecewise,114,0.89453125,0.8940186225683013
profile_0047,piecewise,115,0.90234375,0.8940186225683013
profile_0047,piecewise,116,0.91015625,0.8940186225683013
profile_0047,piecewise,117,0.91796875,0.8940186225683013
profile_0047,piecewise,118,0.92578125,0.8940186225683013
profile_0047,piecewise,119,0.93359375,0.8940186225683013
profile_0047,piecewise,120,0.94140625,0.8940186225683013
profile_0047,piecewise,121,0.94921875,0.8940186225683013
profile_0047,piecewise,122,0.95703125,0.8940186225683013
profile_0047,piecewise,123,0.96484375,0.8940186225683013
profile_0047,piecewise,124,0.97265625,0.8940186225683013
profile_0047,piecewise,125,0.98046875,0.8940186225683013
profile_0047,piecewise,126,0.98828125,0.8940186225683013
profile_0047,piecewise,127,0.99609375,0.8940186225683013
profile_0048,high_frequency,0,0.00390625,0.7888300239666539
profile_0048,high_frequency,1,0.01171875,0.7795127656232668
profile_0048,high_frequency,2,0.01953125,0.7626029204199758
profile_0048,high_frequency,3,0.02734375,0.7391140220956148
profile_0048,high_frequency,4,0.03515625,0.7104539363434276
profile_0048,high_frequency,5,0.04296875,0.6783404768700739
profile_0048,high_frequency,6,0.05078125,0.6446984439475623
profile_0048,high_frequency,7,0.05859375,0.6115442567092437
profile_0048,high_frequency,8,0.06640625,0.5808650940408902
profile_0048,high_frequency,9,0.07421875,0.554499788058924
profile_0048,high_frequency,10,0.08203125,0.5340286091221891
profile_0048,high_frequency,11,0.08984375,0.5206785483874138
profile_0048,high_frequency,12,0.09765625,0.5152497750345941
profile_0048,high_frequency,13,0.10546875,0.5180676761318797
profile_0048,high_frequency,14,0.11328125,0.5289633537502557
profile_0048,high_frequency,15,0.12109375,0.5472837482820844
profile_0048,high_frequency,16,0.12890625,0.5719307811971647
profile_0048,high_frequency,17,0.13671875,0.6014271711176211
profile_0048,high_frequency,18,0.14453125,0.6340049783610513
profile_0048,high_frequency,19,0.15234375,0.6677115708139447
profile_0048,high_frequency,20,0.16015625,0.7005266598065104
profile_0048,high_frequency,21,0.16796875,0.7304833911519149
profile_0048,high_frequency,22,0.17578125,0.7557862334565393
profile_0048,high_frequency,23,0.18359375,0.7749185977714121
profile_0048,high_frequency,24,0.19140625,0.7867337381326492
profile_0048,high_frequency,25,0.19921875,0.7905234846403368
profile_0048,high_frequency,26,0.20703125,0.7860606893873834
profile_0048,high_frequency,27,0.21484375,0.7736128411357497
profile_0048,high_frequency,28,0.22265625,0.7539260327104875
profile_0048,high_frequency,29,0.23046875,0.7281802420658054
profile_0048,high_frequency,30,0.23828125,0.6979186073639768
profile_0048,high_frequency,31,0.24609375,0.6649549351415984
profile_0048,high_frequency,32,0.25390625,0.6312649852918912
profile_0048,high_frequency,33,0.26171875,0.5988680489687239
profile_0048,high_frequency,34,0.26953125,0.5697059173359792
profile_0048,high_frequency,35,0.27734375,0.5455264954720758
profile_0048,high_frequency,36,0.28515625,0.5277790373204966
profile_0048,high_frequency,37,0.29296875,0.517527281040812
profile_0048,high_frequency,38,0.30078125,0.5153856912095361
profile_0048,high_frequency,39,0.30859375,0.5214826293534983
profile_0048,high_frequency,40,0.31640625,0.5354526602816487
profile_0048,high_frequency,41,0.32421875,0.556458455354487
profile_0048,high_frequency,42,0.33203125,0.5832409798640429
profile_0048,high_frequency,43,0.33984375,0.6141949564186407
profile_0048,high_frequency,44,0.34765625,0.647465081246307
profile_0048,high_frequency,45,0.35546875,0.6810572264527492
profile_0048,high_frequency,46,0.36328125,0.7129579630492794
profile_0048,high_frequency,47,0.37109375,0.7412552408399598
profile_0048,high_frequency,48,0.37890625,0.7642529919180049
profile_0048,high_frequency,49,0.38671875,0.7805727887251095
profile_0048,high_frequency,50,0.39453125,0.789236463544416
profile_0048,high_frequency,51,0.40234375,0.7897247374217955
profile_0048,high_frequency,52,0.41015625,0.782008344444842
profile_0048,high_frequency,53,0.41796875,0.766549785868311
profile_0048,high_frequency,54,0.42578125,0.7442756089481173
profile_0048,high_frequency,55,0.43359375,0.716520872021103
profile_0048,high_frequency,56,0.44140625,0.6849491244545042
profile_0048,high_frequency,57,0.44921875,0.6514526976663788
profile_0048,high_frequency,58,0.45703125,0.6180392835233284
profile_0048,high_frequency,59,0.46484375,0.5867115983220711
profile_0048,high_frequency,60,0.47265625,0.5593473449942016
profile_0048,high_frequency,61,0.48046875,0.5375866682987267
profile_0048,high_frequency,62,0.48828125,0.5227338486560504
profile_0048,high_frequency,63,0.49609375,0.51567912684861
profile_0048,high_frequency,64,0.50390625,0.5168453452196653
profile_0048,high_frequency,65,0.51171875,0.5261626035630523
profile_0048,high_frequency,66,0.51953125,0.5430724487663433
profile_0048,high_frequency,67,0.52734375,0.5665613470907044
profile_0048,high_frequency,68,0.53515625,0.5952214328428913
profile_0048,high_frequency,69,0.54296875,0.6273348923162451
profile_0048,high_frequency,70,0.55078125,0.6609769252387568
profile_0048,high_frequency,71,0.55859375,0.6941311124770755
profile_0048,high_frequency,72,0.56640625,0.7248102751454287
profile_0048,high_frequency,73,0.57421875,0.7511755811273951
profile_0048,high_frequency,74,0.58203125,0.7716467600641301
profile_0048,high_frequency,75,0.58984375,0.7849968207989053
profile_0048,high_frequency,76,0.59765625,0.7904255941517251
profile_0048,high_frequency,77,0.60546875,0.7876076930544396
profile_0048,high_frequency,78,0.61328125,0.7767120154360635
profile_0048,high_frequency,79,0.62109375,0.7583916209042351
profile_0048,high_frequency,80,0.62890625,0.7337445879891548
profile_0048,high_frequency,81,0.63671875,0.7042481980686982
profile_0048,high_frequency,82,0.64453125,0.6716703908252679
profile_0048,high_frequency,83,0.65234375,0.6379637983723748
profile_0048,high_frequency,84,0.66015625,0.605148709379809
profile_0048,high_frequency,85,0.66796875,0.5751919780344044
profile_0048,high_frequency,86,0.67578125,0.5498891357297799
profile_0048,high_frequency,87,0.68359375,0.5307567714149072
profile_0048,high_frequency,88,0.69140625,0.5189416310536701
profile_0048,high_frequency,89,0.69921875,0.5151518845459824
profile_0048,high_frequency,90,0.70703125,0.5196146797989357
profile_0048,high_frequency,91,0.71484375,0.5320625280505694
profile_0048,high_frequency,92,0.72265625,0.5517493364758316
profile_0048,high_frequency,93,0.73046875,0.5774951271205138
profile_0048,high_frequency,94,0.73828125,0.607756761822342
profile_0048,high_frequency,95,0.74609375,0.6407204340447205
profile_0048,high_frequency,96,0.75390625,0.674410383894428
profile_0048,high_frequency,97,0.76171875,0.7068073202175955
profile_0048,high_frequency,98,0.76953125,0.7359694518503397
profile_0048,high_frequency,99,0.77734375,0.7601488737142433
profile_0048,high_frequency,100,0.78515625,0.7778963318658225
profile_0048,high_frequency,101,0.79296875,0.7881480881455072
profile_0048,high_frequency,102,0.80078125,0.7902896779767831
profile_0048,high_frequency,103,0.80859375,0.7841927398328209
profile_0048,high_frequency,104,0.81640625,0.7702227089046705
profile_0048,high_frequency,105,0.82421875,0.7492169138318324
profile_0048,high_frequency,106,0.83203125,0.7224343893222764
profile_0048,high_frequency,107,0.83984375,0.6914804127676785
profile_0048,high_frequency,108,0.84765625,0.6582102879400121
profile_0048,high_frequency,109,0.85546875,0.6246181427335703
profile_0048,high_frequency,110,0.86328125,0.5927174061370399
profile_0048,high_frequency,111,0.87109375,0.5644201283463596
profile_0048,high_frequency,112,0.87890625,0.5414223772683142
profile_0048,high_frequency,113,0.88671875,0.52510258046121
profile_0048,high_frequency,114,0.89453125,0.5164389056419032
profile_0048,high_frequency,115,0.90234375,0.5159506317645237
profile_0048,high_frequency,116,0.91015625,0.5236670247414772
profile_0048,high_frequency,117,0.91796875,0.5391255833180081
profile_0048,high_frequency,118,0.92578125,0.5613997602382019
profile_0048,high_frequency,119,0.93359375,0.5891544971652161
profile_0048,high_frequency,120,0.94140625,0.6207262447318147
profile_0048,high_frequency,121,0.94921875,0.6542226715199403
profile_0048,high_frequency,122,0.95703125,0.6876360856629907
profile_0048,high_frequency,123,0.96484375,0.7189637708642482
profile_0048,high_frequency,124,0.97265625,0.7463280241921174
profile_0048,high_frequency,125,0.98046875,0.7680887008875924
profile_0048,high_frequency,126,0.98828125,0.7829415205302687
profile_0048,high_frequency,127,0.99609375,0.7899962423377093
profile_0049,low_frequency,0,0.00390625,0.2766285878636102
profile_0049,low_frequency,1,0.01171875,0.2768935825253642
profile_0049,low_frequency,2,0.01953125,0.2774232371107336
profile_0049,low_frequency,3,0.02734375,0.27821688276694245
profile_0049,low_frequency,4,0.03515625,0.2792735177721901
profile_0049,low_frequency,5,0.04296875,0.2805918094005908
profile_0049,low_frequency,6,0.05078125,0.28217009640228263
profile_0049,low_frequency,7,0.05859375,0.2840063920931666
profile_0049,low_frequency,8,0.06640625,0.2860983880473853
profile_0049,low_frequency,9,0.07421875,0.2884434583843021
profile_0049,low_frequency,10,0.08203125,0.29103866464042183
profile_0049,low_frequency,11,0.08984375,0.293880761215392
profile_0049,low_frequency,12,0.09765625,0.296966201379948
profile_0049,low_frequency,13,0.10546875,0.3002911438324194
profile_0049,low_frequency,14,0.11328125,0.30385145978919936
profile_0049,low_frequency,15,0.12109375,0.3076427405934006
profile_0049,low_frequency,16,0.12890625,0.31166030582477255
profile_0049,low_frequency,17,0.13671875,0.3158992118928595
profile_0049,low_frequency,18,0.14453125,0.32035426109430987
profile_0049,low_frequency,19,0.15234375,0.3250200111142364
profile_0049,low_frequency,20,0.16015625,0.32989078495055757
profile_0049,low_frequency,21,0.16796875,0.3349606812393303
profile_0049,low_frequency,22,0.17578125,0.34022358495821725
profile_0049,low_frequency,23,0.18359375,0.34567317848442203
profile_0049,low_frequency,24,0.19140625,0.3513029529826619
profile_0049,low_frequency,25,0.19921875,0.3571062200980557
profile_0049,low_frequency,26,0.20703125,0.36307612392815525
profile_0049,low_frequency,27,0.21484375,0.36920565324777743
profile_0049,low_frequency,28,0.22265625,0.3754876539597668
profile_0049,low_frequency,29,0.23046875,0.38191484174437196
profile_0049,low_frequency,30,0.23828125,0.3884798148795223
profile_0049,low_frequency,31,0.24609375,0.39517506720396844
profile_0049,low_frequency,32,0.25390625,0.4019930011949897
profile_0049,low_frequency,33,0.26171875,0.4089259411321786
profile_0049,low_frequency,34,0.26953125,0.41596614631868445
profile_0049,low_frequency,35,0.27734375,0.4231058243312401
profile_0049,low_frequency,36,0.28515625,0.43033714427030345
profile_0049,low_frequency,37,0.29296875,0.4376522499817179
profile_0049,low_frequency,38,0.30078125,0.4450432732214413
profile_0049,low_frequency,39,0.30859375,0.45250234673509704
profile_0049,low_frequency,40,0.31640625,0.4600216172243774
profile_0049,low_frequency,41,0.32421875,0.46759325817266895
profile_0049,low_frequency,42,0.33203125,0.47520948250267037
profile_0049,low_frequency,43,0.33984375,0.48286255503924536
profile_0049,low_frequency,44,0.34765625,0.4905448047512764
profile_0049,low_frequency,45,0.35546875,0.49824863674688014
profile_0049,low_frequency,46,0.36328125,0.5059665439969947
profile_0049,low_frequency,47,0.37109375,0.5136911187630502
profile_0049,low_frequency,48,0.37890625,0.5214150637052091
profile_0049,low_frequency,49,0.38671875,0.529131202648468
profile_0049,low_frequency,50,0.39453125,0.5368324909847937
profile_0049,low_frequency,51,0.40234375,0.5445120256903779
profile_0049,low_frequency,52,0.41015625,0.5521630549380698
profile_0049,low_frequency,53,0.41796875,0.5597789872860535
profile_0049,low_frequency,54,0.42578125,0.5673534004248992
profile_0049,low_frequency,55,0.43359375,0.5748800494662138
profile_0049,low_frequency,56,0.44140625,0.582352874757242
profile_0049,low_frequency,57,0.44921875,0.5897660092069565
profile_0049,low_frequency,58,0.45703125,0.5971137851103632
profile_0049,low_frequency,59,0.46484375,0.6043907404589839
profile_0049,low_frequency,60,0.47265625,0.6115916247267403
profile_0049,low_frequency,61,0.48046875,0.6187114041217394
profile_0049,low_frequency,62,0.48828125,0.6257452662957657
profile_0049,low_frequency,63,0.49609375,0.6326886245045993
profile_0049,low_frequency,64,0.50390625,0.6395371212136214
profile_0049,low_frequency,65,0.51171875,0.6462866311444961
profile_0049,low_frequency,66,0.51953125,0.6529332637600849
profile_0049,low_frequency,67,0.52734375,0.6594733651860918
profile_0049,low_frequency,68,0.53515625,0.6659035195693028
profile_0049,low_frequency,69,0.54296875,0.6722205498736242
profile_0049,low_frequency,70,0.55078125,0.6784215181164888
profile_0049,low_frequency,71,0.55859375,0.6845037250495216
profile_0049,low_frequency,72,0.56640625,0.6904647092886913
profile_0049,low_frequency,73,0.57421875,0.6963022459004862
profile_0049,low_frequency,74,0.58203125,0.7020143444519431
profile_0049,low_frequency,75,0.58984375,0.7075992465336283
profile_0049,low_frequency,76,0.59765625,0.7130554227659214
profile_0049,low_frequency,77,0.60546875,0.7183815693001674
profile_0049,low_frequency,78,0.61328125,0.723576603827452
profile_0049,low_frequency,79,0.62109375,0.728639661108915
profile_0049,low_frequency,80,0.62890625,0.733570088042629
profile_0049,low_frequency,81,0.63671875,0.7383674382831567
profile_0049,low_frequency,82,0.64453125,0.7430314664309363
profile_0049,low_frequency,83,0.65234375,0.7475621218096444
profile_0049,low_frequency,84,0.66015625,0.7519595418506262
profile_0049,low_frequency,85,0.66796875,0.7562240451043931
profile_0049,low_frequency,86,0.67578125,0.7603561239000336
profile_0049,low_frequency,87,0.68359375,0.7643564366741784
profile_0049,low_frequency,88,0.69140625,0.7682257999919098
profile_0049,low_frequency,89,0.69921875,0.7719651802826841
profile_0049,low_frequency,90,0.70703125,0.7755756853149747
profile_0049,low_frequency,91,0.71484375,0.7790585554339005
profile_0049,low_frequency,92,0.72265625,0.782415154586626
profile_0049,low_frequency,93,0.73046875,0.7856469611607544
profile_0049,low_frequency,94,0.73828125,0.7887555586613277
profile_0049,low_frequency,95,0.74609375,0.7917426262523628
profile_0049,low_frequency,96,0.75390625,0.794609929189108
profile_0049,low_frequency,97,0.76171875,0.7973593091674003
profile_0049,low_frequency,98,0.76953125,0.7999926746166182
profile_0049,low_frequency,99,0.77734375,0.8025119909627962
profile_0049,low_frequency,100,0.78515625,0.8049192708884476
profile_0049,low_frequency,101,0.79296875,0.8072165646155811
profile_0049,low_frequency,102,0.80078125,0.8094059502382478
profile_0049,low_frequency,103,0.80859375,0.8114895241307603
profile_0049,low_frequency,104,0.81640625,0.8134693914574509
profile_0049,low_frequency,105,0.82421875,0.8153476568095093
profile_0049,low_frequency,106,0.83203125,0.8171264149940352
profile_0049,low_frequency,107,0.83984375,0.8188077419999997
profile_0049,low_frequency,108,0.84765625,0.8203936861652719
profile_0049,low_frequency,109,0.85546875,0.8218862595683025
profile_0049,low_frequency,110,0.86328125,0.8232874296674182
profile_0049,low_frequency,111,0.87109375,0.8245991112099769
profile_0049,low_frequency,112,0.87890625,0.8258231584329041
profile_0049,low_frequency,113,0.88671875,0.8269613575753096
profile_0049,low_frequency,114,0.89453125,0.8280154197230485
profile_0049,low_frequency,115,0.90234375,0.8289869740041815
profile_0049,low_frequency,116,0.91015625,0.8298775611533389
profile_0049,low_frequency,117,0.91796875,0.8306886274620107
profile_0049,low_frequency,118,0.92578125,0.8314215191307412
profile_0049,low_frequency,119,0.93359375,0.8320774770381383
profile_0049,low_frequency,120,0.94140625,0.8326576319404988
profile_0049,low_frequency,121,0.94921875,0.833163000114701
profile_0049,low_frequency,122,0.95703125,0.8335944794558507
profile_0049,low_frequency,123,0.96484375,0.8339528460399521
profile_0049,low_frequency,124,0.97265625,0.8342387511606542
profile_0049,low_frequency,125,0.98046875,0.8344527188478712
profile_0049,low_frequency,126,0.98828125,0.8345951438748032
profile_0049,low_frequency,127,0.99609375,0.834666290258598
profile_0050,piecewise,0,0.00390625,0.44666387899636173
profile_0050,piecewise,1,0.01171875,0.8933277579927235
profile_0050,piecewise,2,0.01953125,0.8933277579927235
profile_0050,piecewise,3,0.02734375,0.8933277579927235
profile_0050,piecewise,4,0.03515625,0.8933277579927235
profile_0050,piecewise,5,0.04296875,0.8933277579927235
profile_0050,piecewise,6,0.05078125,0.8933277579927235
profile_0050,piecewise,7,0.05859375,0.8933277579927235
profile_0050,piecewise,8,0.06640625,0.8933277579927235
profile_0050,piecewise,9,0.07421875,0.8933277579927235
profile_0050,piecewise,10,0.08203125,0.8933277579927235
profile_0050,piecewise,11,0.08984375,0.8933277579927235
profile_0050,piecewise,12,0.09765625,0.8933277579927235
profile_0050,piecewise,13,0.10546875,0.8933277579927235
profile_0050,piecewise,14,0.11328125,0.8933277579927235
profile_0050,piecewise,15,0.12109375,0.8933277579927235
profile_0050,piecewise,16,0.12890625,0.8933277579927235
profile_0050,piecewise,17,0.13671875,0.8933277579927235
profile_0050,piecewise,18,0.14453125,0.8530560609688294
profile_0050,piecewise,19,0.15234375,0.8127843639449354
profile_0050,piecewise,20,0.16015625,0.8127843639449354
profile_0050,piecewise,21,0.16796875,0.8127843639449354
profile_0050,piecewise,22,0.17578125,0.8127843639449354
profile_0050,piecewise,23,0.18359375,0.8127843639449354
profile_0050,piecewise,24,0.19140625,0.8127843639449354
profile_0050,piecewise,25,0.19921875,0.8127843639449354
profile_0050,piecewise,26,0.20703125,0.8127843639449354
profile_0050,piecewise,27,0.21484375,0.8127843639449354
profile_0050,piecewise,28,0.22265625,0.8127843639449354
profile_0050,piecewise,29,0.23046875,0.8127843639449354
profile_0050,piecewise,30,0.23828125,0.8127843639449354
profile_0050,piecewise,31,0.24609375,0.8127843639449354
profile_0050,piecewise,32,0.25390625,0.8127843639449354
profile_0050,piecewise,33,0.26171875,0.8127843639449354
profile_0050,piecewise,34,0.26953125,0.8127843639449354
profile_0050,piecewise,35,0.27734375,0.8127843639449354
profile_0050,piecewise,36,0.28515625,0.8127843639449354
profile_0050,piecewise,37,0.29296875,0.7529984131426863
profile_0050,piecewise,38,0.30078125,0.6932124623404372
profile_0050,piecewise,39,0.30859375,0.6932124623404372
profile_0050,piecewise,40,0.31640625,0.6932124623404372
profile_0050,piecewise,41,0.32421875,0.6932124623404372
profile_0050,piecewise,42,0.33203125,0.6932124623404372
profile_0050,piecewise,43,0.33984375,0.6932124623404372
profile_0050,piecewise,44,0.34765625,0.6932124623404372
profile_0050,piecewise,45,0.35546875,0.6932124623404372
profile_0050,piecewise,46,0.36328125,0.6932124623404372
profile_0050,piecewise,47,0.37109375,0.6932124623404372
profile_0050,piecewise,48,0.37890625,0.6932124623404372
profile_0050,piecewise,49,0.38671875,0.6932124623404372
profile_0050,piecewise,50,0.39453125,0.6932124623404372
profile_0050,piecewise,51,0.40234375,0.6932124623404372
profile_0050,piecewise,52,0.41015625,0.6932124623404372
profile_0050,piecewise,53,0.41796875,0.6932124623404372
profile_0050,piecewise,54,0.42578125,0.6932124623404372
profile_0050,piecewise,55,0.43359375,0.7264833450807983
profile_0050,piecewise,56,0.44140625,0.7597542278211593
profile_0050,piecewise,57,0.44921875,0.7597542278211593
profile_0050,piecewise,58,0.45703125,0.7597542278211593
profile_0050,piecewise,59,0.46484375,0.7597542278211593
profile_0050,piecewise,60,0.47265625,0.7597542278211593
profile_0050,piecewise,61,0.48046875,0.7597542278211593
profile_0050,piecewise,62,0.48828125,0.7597542278211593
profile_0050,piecewise,63,0.49609375,0.7597542278211593
profile_0050,piecewise,64,0.50390625,0.7597542278211593
profile_0050,piecewise,65,0.51171875,0.7597542278211593
profile_0050,piecewise,66,0.51953125,0.7597542278211593
profile_0050,piecewise,67,0.52734375,0.7597542278211593
profile_0050,piecewise,68,0.53515625,0.7597542278211593
profile_0050,piecewise,69,0.54296875,0.7597542278211593
profile_0050,piecewise,70,0.55078125,0.7597542278211593
profile_0050,piecewise,71,0.55859375,0.7597542278211593
profile_0050,piecewise,72,0.56640625,0.7597542278211593
profile_0050,piecewise,73,0.57421875,0.8124851258777828
profile_0050,piecewise,74,0.58203125,0.8652160239344062
profile_0050,piecewise,75,0.58984375,0.8652160239344062
profile_0050,piecewise,76,0.59765625,0.8652160239344062
profile_0050,piecewise,77,0.60546875,0.8652160239344062
profile_0050,piecewise,78,0.61328125,0.8652160239344062
profile_0050,piecewise,79,0.62109375,0.8652160239344062
profile_0050,piecewise,80,0.62890625,0.8652160239344062
profile_0050,piecewise,81,0.63671875,0.8652160239344062
profile_0050,piecewise,82,0.64453125,0.8652160239344062
profile_0050,piecewise,83,0.65234375,0.8652160239344062
profile_0050,piecewise,84,0.66015625,0.8652160239344062
profile_0050,piecewise,85,0.66796875,0.8652160239344062
profile_0050,piecewise,86,0.67578125,0.8652160239344062
profile_0050,piecewise,87,0.68359375,0.8652160239344062
profile_0050,piecewise,88,0.69140625,0.8652160239344062
profile_0050,piecewise,89,0.69921875,0.8652160239344062
profile_0050,piecewise,90,0.70703125,0.8652160239344062
profile_0050,piecewise,91,0.71484375,0.8451512083755142
profile_0050,piecewise,92,0.72265625,0.8250863928166222
profile_0050,piecewise,93,0.73046875,0.8250863928166222
profile_0050,piecewise,94,0.73828125,0.8250863928166222
profile_0050,piecewise,95,0.74609375,0.8250863928166222
profile_0050,piecewise,96,0.75390625,0.8250863928166222
profile_0050,piecewise,97,0.76171875,0.8250863928166222
profile_0050,piecewise,98,0.76953125,0.8250863928166222
profile_0050,piecewise,99,0.77734375,0.8250863928166222
profile_0050,piecewise,100,0.78515625,0.8250863928166222
profile_0050,piecewise,101,0.79296875,0.8250863928166222
profile_0050,piecewise,102,0.80078125,0.8250863928166222
profile_0050,piecewise,103,0.80859375,0.8250863928166222
profile_0050,piecewise,104,0.81640625,0.8250863928166222
profile_0050,piecewise,105,0.82421875,0.8250863928166222
profile_0050,piecewise,106,0.83203125,0.8250863928166222
profile_0050,piecewise,107,0.83984375,0.8250863928166222
profile_0050,piecewise,108,0.84765625,0.8250863928166222
profile_0050,piecewise,109,0.85546875,0.8250863928166222
profile_0050,piecewise,110,0.86328125,0.6333476630102179
profile_0050,piecewise,111,0.87109375,0.4416089332038138
profile_0050,piecewise,112,0.87890625,0.4416089332038138
profile_0050,piecewise,113,0.88671875,0.4416089332038138
profile_0050,piecewise,114,0.89453125,0.4416089332038138
profile_0050,piecewise,115,0.90234375,0.4416089332038138
profile_0050,piecewise,116,0.91015625,0.4416089332038138
profile_0050,piecewise,117,0.91796875,0.4416089332038138
profile_0050,piecewise,118,0.92578125,0.4416089332038138
profile_0050,piecewise,119,0.93359375,0.4416089332038138
profile_0050,piecewise,120,0.94140625,0.4416089332038138
profile_0050,piecewise,121,0.94921875,0.4416089332038138
profile_0050,piecewise,122,0.95703125,0.4416089332038138
profile_0050,piecewise,123,0.96484375,0.4416089332038138
profile_0050,piecewise,124,0.97265625,0.4416089332038138
profile_0050,piecewise,125,0.98046875,0.4416089332038138
profile_0050,piecewise,126,0.98828125,0.4416089332038138
profile_0050,piecewise,127,0.99609375,0.4416089332038138
profile_0051,high_frequency,0,0.00390625,0.31052249465481996
profile_0051,high_frequency,1,0.01171875,0.1740982805359093
profile_0051,high_frequency,2,0.01953125,0.19057815969929867
profile_0051,high_frequency,3,0.02734375,0.345980872649921
profile_0051,high_frequency,4,0.03515625,0.5084653036575804
profile_0051,high_frequency,5,0.04296875,0.5401823234111143
profile_0051,high_frequency,6,0.05078125,0.4142237319663475
profile_0051,high_frequency,7,0.05859375,0.237450734746113
profile_0051,high_frequency,8,0.06640625,0.15983464654908947
profile_0051,high_frequency,9,0.07421875,0.2472236850300117
profile_0051,high_frequency,10,0.08203125,0.4254784216219243
profile_0051,high_frequency,11,0.08984375,0.5433704581183088
profile_0051,high_frequency,12,0.09765625,0.5008821221614962
profile_0051,high_frequency,13,0.10546875,0.33405982189781913
profile_0051,high_frequency,14,0.11328125,0.1844328638486469
profile_0051,high_frequency,15,0.12109375,0.17894230790902838
profile_0051,high_frequency,16,0.12890625,0.32224625178726046
profile_0051,high_frequency,17,0.13671875,0.4927679772220167
profile_0051,high_frequency,18,0.14453125,0.5458396459838601
profile_0051,high_frequency,19,0.15234375,0.4364361237596719
profile_0051,high_frequency,20,0.16015625,0.25737356646452414
profile_0051,high_frequency,21,0.16796875,0.16056571415516613
profile_0051,high_frequency,22,0.17578125,0.22814276274371895
profile_0051,high_frequency,23,0.18359375,0.40277345131133824
profile_0051,high_frequency,24,0.19140625,0.5363039646231328
profile_0051,high_frequency,25,0.19921875,0.5154492027938355
profile_0051,high_frequency,26,0.20703125,0.3579020040992858
profile_0051,high_frequency,27,0.21484375,0.1973228308420698
profile_0051,high_frequency,28,0.22265625,0.16994442287139896
profile_0051,high_frequency,29,0.23046875,0.29899417297363096
profile_0051,high_frequency,30,0.23828125,0.47498838736288423
profile_0051,high_frequency,31,0.24609375,0.5486164578356127
profile_0051,high_frequency,32,0.25390625,0.4574135356393349
profile_0051,high_frequency,33,0.26171875,0.2787546858028835
profile_0051,high_frequency,34,0.26953125,0.16421114958892274
profile_0051,high_frequency,35,0.27734375,0.21095978657344394
profile_0051,high_frequency,36,0.28515625,0.3793398190140177
profile_0051,high_frequency,37,0.29296875,0.526500385930466
profile_0051,high_frequency,38,0.30078125,0.5275928732582623
profile_0051,high_frequency,39,0.30859375,0.38169043264654473
profile_0051,high_frequency,40,0.31640625,0.2125743044145826
profile_0051,high_frequency,41,0.32421875,0.16371984115263155
profile_0051,high_frequency,42,0.33203125,0.2765743691174865
profile_0051,high_frequency,43,0.33984375,0.4553939556609529
profile_0051,high_frequency,44,0.34765625,0.5484709931314581
profile_0051,high_frequency,45,0.35546875,0.4768404478048379
profile_0051,high_frequency,46,0.36328125,0.30127250082474144
profile_0051,high_frequency,47,0.37109375,0.1707161221082549
profile_0051,high_frequency,48,0.37890625,0.19593320447474485
profile_0051,high_frequency,49,0.38671875,0.35552998837179683
profile_0051,high_frequency,50,0.39453125,0.5141071769890411
profile_0051,high_frequency,51,0.40234375,0.537130481447632
profile_0051,high_frequency,52,0.41015625,0.4050673074319149
profile_0051,high_frequency,53,0.41796875,0.2299578882075438
profile_0051,high_frequency,54,0.42578125,0.16036218625563242
profile_0051,high_frequency,55,0.43359375,0.2553240549372315
profile_0051,high_frequency,56,0.44140625,0.4342794006075649
profile_0051,high_frequency,57,0.44921875,0.5454054397959455
profile_0051,high_frequency,58,0.45703125,0.49442466141459185
profile_0051,high_frequency,59,0.46484375,0.32458832263252896
profile_0051,high_frequency,60,0.47265625,0.1799827908716267
profile_0051,high_frequency,61,0.48046875,0.1832890302291674
profile_0051,high_frequency,62,0.48828125,0.3317020813997897
profile_0051,high_frequency,63,0.49609375,0.49931074319696966
profile_0051,high_frequency,64,0.50390625,0.543918572857146
profile_0051,high_frequency,65,0.51171875,0.4276810184993702
profile_0051,high_frequency,66,0.51953125,0.2492121169400237
profile_0051,high_frequency,67,0.52734375,0.15992196043536663
profile_0051,high_frequency,68,0.53515625,0.2355628549379874
profile_0051,high_frequency,69,0.54296875,0.41196230476420853
profile_0051,high_frequency,70,0.55078125,0.5394659066046661
profile_0051,high_frequency,71,0.55859375,0.5099016935284746
profile_0051,high_frequency,72,0.56640625,0.34835145956382974
profile_0051,high_frequency,73,0.57421875,0.19187177655539778
profile_0051,high_frequency,74,0.58203125,0.173217443986597
profile_0051,high_frequency,75,0.58984375,0.3082144919979326
profile_0051,high_frequency,76,0.59765625,0.48233363669104146
profile_0051,high_frequency,77,0.60546875,0.5478550482736325
profile_0051,high_frequency,78,0.61328125,0.4491914345855529
profile_0051,high_frequency,79,0.62109375,0.2700473890899978
profile_0051,high_frequency,80,0.62890625,0.1624057850979343
profile_0051,high_frequency,81,0.63671875,0.2175879959615175
profile_0051,high_frequency,82,0.64453125,0.38877833802517703
profile_0051,high_frequency,83,0.65234375,0.5307417296653496
profile_0051,high_frequency,84,0.66015625,0.5230387551774318
profile_0051,high_frequency,85,0.66796875,0.3722044919204079
profile_0051,high_frequency,86,0.67578125,0.20620425774858567
profile_0051,high_frequency,87,0.68359375,0.1658699317787777
profile_0051,high_frequency,88,0.69140625,0.285420495373133
profile_0051,high_frequency,89,0.69921875,0.4634312089554422
profile_0051,high_frequency,90,0.70703125,0.5488806994427456
profile_0051,high_frequency,91,0.71484375,0.46927501901057733
profile_0051,high_frequency,92,0.72265625,0.2921503227708066
profile_0051,high_frequency,93,0.73046875,0.1677763012084599
profile_0051,high_frequency,94,0.73828125,0.20166983661787305
profile_0051,high_frequency,95,0.74609375,0.3650762088299214
profile_0051,high_frequency,96,0.75390625,0.5193641287196497
profile_0051,high_frequency,97,0.76171875,0.5336382527262525
profile_0051,high_frequency,98,0.76953125,0.3957886478931565
profile_0051,high_frequency,99,0.77734375,0.2227646605933364
profile_0051,high_frequency,100,0.78515625,0.16135700702840086
profile_0051,high_frequency,101,0.79296875,0.26366293445134537
profile_0051,high_frequency,102,0.80078125,0.4428877700977429
profile_0051,high_frequency,103,0.80859375,0.5469800996162234
profile_0051,high_frequency,104,0.81640625,0.48762969597083905
profile_0051,high_frequency,105,0.82421875,0.3151884692864229
profile_0051,high_frequency,106,0.83203125,0.17595273120575092
profile_0051,high_frequency,107,0.83984375,0.18804780084024625
profile_0051,high_frequency,108,0.84765625,0.34121241926354146
profile_0051,high_frequency,109,0.85546875,0.50550423347609
profile_0051,high_frequency,110,0.86328125,0.5415407598657627
profile_0051,high_frequency,111,0.87109375,0.41874919982405473
profile_0051,high_frequency,112,0.87890625,0.2413039012163955
profile_0051,high_frequency,113,0.88671875,0.15974654832435303
profile_0051,high_frequency,114,0.89453125,0.2432690632008246
profile_0051,high_frequency,115,0.90234375,0.4210123125602491
profile_0051,high_frequency,116,0.91015625,0.54218183558454
profile_0051,high_frequency,117,0.91796875,0.5039793940402749
profile_0051,high_frequency,118,0.92578125,0.33881531346928573
profile_0051,high_frequency,119,0.93359375,0.18681209397200596
profile_0051,high_frequency,120,0.94140625,0.17692677672615856
profile_0051,high_frequency,121,0.94921875,0.31754590293359236
profile_0051,high_frequency,122,0.95703125,0.4893705096599578
profile_0051,high_frequency,123,0.96484375,0.5466274155329105
profile_0051,high_frequency,124,0.97265625,0.4407407996403156
profile_0051,high_frequency,125,0.98046875,0.26154313218242076
profile_0051,high_frequency,126,0.98828125,0.1610627784645623
profile_0051,high_frequency,127,0.99609375,0.22454562442784637
profile_0052,low_frequency,0,0.00390625,0.5322295846367455
profile_0052,low_frequency,1,0.01171875,0.5330022031285662
profile_0052,low_frequency,2,0.01953125,0.5345330164199891
profile_0052,low_frequency,3,0.02734375,0.5367934601069675
profile_0052,low_frequency,4,0.03515625,0.5397413894290795
profile_0052,low_frequency,5,0.04296875,0.543321905902511
profile_0052,low_frequency,6,0.05078125,0.5474684338647031
profile_0052,low_frequency,7,0.05859375,0.5521040256265719
profile_0052,low_frequency,8,0.06640625,0.5571428694194545
profile_0052,low_frequency,9,0.07421875,0.5624919703352775
profile_0052,low_frequency,10,0.08203125,0.5680529710697937
profile_0052,low_frequency,11,0.08984375,0.5737240765577143
profile_0052,low_frequency,12,0.09765625,0.5794020445891237
profile_0052,low_frequency,13,0.10546875,0.58498420325787
profile_0052,low_frequency,14,0.11328125,0.5903704556383031
profile_0052,low_frequency,15,0.12109375,0.5954652324243725
profile_0052,low_frequency,16,0.12890625,0.6001793543861729
profile_0052,low_frequency,17,0.13671875,0.6044317683790301
profile_0052,low_frequency,18,0.14453125,0.6081511232392658
profile_0052,low_frequency,19,0.15234375,0.6112771551644327
profile_0052,low_frequency,20,0.16015625,0.6137618560362001
profile_0052,low_frequency,21,0.16796875,0.6155704025213846
profile_0052,low_frequency,22,0.17578125,0.6166818285907365
profile_0052,low_frequency,23,0.18359375,0.6170894292274696
profile_0052,low_frequency,24,0.19140625,0.6168008884532366
profile_0052,low_frequency,25,0.19921875,0.6158381302692406
profile_0052,low_frequency,26,0.20703125,0.6142368965833824
profile_0052,low_frequency,27,0.21484375,0.6120460615601349
profile_0052,low_frequency,28,0.22265625,0.6093266969801983
profile_0052,low_frequency,29,0.23046875,0.6061509080287655
profile_0052,low_frequency,30,0.23828125,0.6026004633482409
profile_0052,low_frequency,31,0.24609375,0.598765247106253
profile_0052,low_frequency,32,0.25390625,0.5947415641662177
profile_0052,low_frequency,33,0.26171875,0.590630332141185
profile_0052,low_frequency,34,0.26953125,0.5865351961114333
profile_0052,low_frequency,35,0.27734375,0.5825606030558486
profile_0052,low_frequency,36,0.28515625,0.5788098735654124
profile_0052,low_frequency,37,0.29296875,0.5753833081684179
profile_0052,low_frequency,38,0.30078125,0.5723763646112912
profile_0052,low_frequency,39,0.30859375,0.5698779407312946
profile_0052,low_frequency,40,0.31640625,0.5679687951678227
profile_0052,low_frequency,41,0.32421875,0.5667201351411237
profile_0052,low_frequency,42,0.33203125,0.566192396947321
profile_0052,low_frequency,43,0.33984375,0.5664342407539449
profile_0052,low_frequency,44,0.34765625,0.5674817768176268
profile_0052,low_frequency,45,0.35546875,0.5693580354795926
profile_0052,low_frequency,46,0.36328125,0.572072688325099
profile_0052,low_frequency,47,0.37109375,0.5756220228234623
profile_0052,low_frequency,48,0.37890625,0.5799891677005689
profile_0052,low_frequency,49,0.38671875,0.58514456133956
profile_0052,low_frequency,50,0.39453125,0.5910466507585088
profile_0052,low_frequency,51,0.40234375,0.5976428042719382
profile_0052,low_frequency,52,0.41015625,0.6048704168944463
profile_0052,low_frequency,53,0.41796875,0.6126581839690348
profile_0052,low_frequency,54,0.42578125,0.6209275154689835
profile_0052,low_frequency,55,0.43359375,0.629594060987406
profile_0052,low_frequency,56,0.44140625,0.6385693136370159
profile_0052,low_frequency,57,0.44921875,0.6477622599644184
profile_0052,low_frequency,58,0.45703125,0.6570810425542657
profile_0052,low_frequency,59,0.46484375,0.6664346022601975
profile_0052,low_frequency,60,0.47265625,0.6757342679383758
profile_0052,low_frequency,61,0.48046875,0.6848952631483409
profile_0052,low_frequency,62,0.48828125,0.693838101484078
profile_0052,low_frequency,63,0.49609375,0.7024898449524466
profile_0052,low_frequency,64,0.50390625,0.7107852030620982
profile_0052,low_frequency,65,0.51171875,0.7186674539495457
profile_0052,low_frequency,66,0.51953125,0.7260891728679595
profile_0052,low_frequency,67,0.52734375,0.7330127576100551
profile_0052,low_frequency,68,0.53515625,0.7394107448363028
profile_0052,low_frequency,69,0.54296875,0.7452659157385391
profile_0052,low_frequency,70,0.55078125,0.7505711938915391
profile_0052,low_frequency,71,0.55859375,0.7553293424376317
profile_0052,low_frequency,72,0.56640625,0.7595524718223006
profile_0052,low_frequency,73,0.57421875,0.7632613730677598
profile_0052,low_frequency,74,0.58203125,0.7664846949601378
profile_0052,low_frequency,75,0.58984375,0.7692579864664801
profile_0052,low_frequency,76,0.59765625,0.7716226281331164
profile_0052,low_frequency,77,0.60546875,0.7736246781013287
profile_0052,low_frequency,78,0.61328125,0.7753136596764667
profile_0052,low_frequency,79,0.62109375,0.7767413180824869
profile_0052,low_frequency,80,0.62890625,0.7779603741184666
profile_0052,low_frequency,81,0.63671875,0.779023301913508
profile_0052,low_frequency,82,0.64453125,0.7799811568712154
profile_0052,low_frequency,83,0.65234375,0.7808824782368373
profile_0052,low_frequency,84,0.66015625,0.7817722885531397
profile_0052,low_frequency,85,0.66796875,0.782691209649764
profile_0052,low_frequency,86,0.67578125,0.783674711799236
profile_0052,low_frequency,87,0.68359375,0.7847525093428236
profile_0052,low_frequency,88,0.69140625,0.785948112519246
profile_0052,low_frequency,89,0.69921875,0.7872785415014003
profile_0052,low_frequency,90,0.70703125,0.7887542048459988
profile_0052,low_frequency,91,0.71484375,0.790378940774161
profile_0052,low_frequency,92,0.72265625,0.792150216012268
profile_0052,low_frequency,93,0.73046875,0.7940594734132875
profile_0052,low_frequency,94,0.73828125,0.7960926163260551
profile_0052,low_frequency,95,0.74609375,0.7982306147537397
profile_0052,low_frequency,96,0.75390625,0.8004502158050839
profile_0052,low_frequency,97,0.76171875,0.8027247388456549
profile_0052,low_frequency,98,0.76953125,0.8050249341435551
profile_0052,low_frequency,99,0.77734375,0.8073198827056935
profile_0052,low_frequency,100,0.78515625,0.8095779144357995
profile_0052,low_frequency,101,0.79296875,0.8117675217205249
profile_0052,low_frequency,102,0.80078125,0.8138582460595885
profile_0052,low_frequency,103,0.80859375,0.8158215163822176
profile_0052,low_frequency,104,0.81640625,0.817631419205707
profile_0052,low_frequency,105,0.82421875,0.8192653827525316
profile_0052,low_frequency,106,0.83203125,0.8207047594998897
profile_0052,low_frequency,107,0.83984375,0.8219352943310609
profile_0052,low_frequency,108,0.84765625,0.8229474684253228
profile_0052,low_frequency,109,0.85546875,0.8237367121905708
profile_0052,low_frequency,110,0.86328125,0.8243034838342629
profile_0052,low_frequency,111,0.87109375,0.8246532135056139
profile_0052,low_frequency,112,0.87890625,0.8247961162463429
profile_0052,low_frequency,113,0.88671875,0.824746880181257
profile_0052,low_frequency,114,0.89453125,0.8245242393891346
profile_0052,low_frequency,115,0.90234375,0.8241504436490894
profile_0052,low_frequency,116,0.91015625,0.8236506396945011
profile_0052,low_frequency,117,0.91796875,0.8230521806701616
profile_0052,low_frequency,118,0.92578125,0.822383882131839
profile_0052,low_frequency,119,0.93359375,0.8216752441145032
profile_0052,low_frequency,120,0.94140625,0.8209556595002732
profile_0052,low_frequency,121,0.94921875,0.8202536291253062
profile_0052,low_frequency,122,0.95703125,0.8195960037738472
profile_0052,low_frequency,123,0.96484375,0.8190072724263997
profile_0052,low_frequency,124,0.97265625,0.8185089148780804
profile_0052,low_frequency,125,0.98046875,0.8181188351541562
profile_0052,low_frequency,126,0.98828125,0.8178508900641617
profile_0052,low_frequency,127,0.99609375,0.8177145248049027
profile_0053,piecewise,0,0.00390625,0.262636575421178
profile_0053,piecewise,1,0.01171875,0.525273150842356
profile_0053,piecewise,2,0.01953125,0.525273150842356
profile_0053,piecewise,3,0.02734375,0.525273150842356
profile_0053,piecewise,4,0.03515625,0.525273150842356
profile_0053,piecewise,5,0.04296875,0.525273150842356
profile_0053,piecewise,6,0.05078125,0.525273150842356
profile_0053,piecewise,7,0.05859375,0.525273150842356
profile_0053,piecewise,8,0.06640625,0.525273150842356
profile_0053,piecewise,9,0.07421875,0.525273150842356
profile_0053,piecewise,10,0.08203125,0.525273150842356
profile_0053,piecewise,11,0.08984375,0.4686578261271749
profile_0053,piecewise,12,0.09765625,0.4120425014119937
profile_0053,piecewise,13,0.10546875,0.4120425014119937
profile_0053,piecewise,14,0.11328125,0.4120425014119937
profile_0053,piecewise,15,0.12109375,0.4120425014119937
profile_0053,piecewise,16,0.12890625,0.4120425014119937
profile_0053,piecewise,17,0.13671875,0.4120425014119937
profile_0053,piecewise,18,0.14453125,0.4120425014119937
profile_0053,piecewise,19,0.15234375,0.4120425014119937
profile_0053,piecewise,20,0.16015625,0.4120425014119937
profile_0053,piecewise,21,0.16796875,0.3270692876846232
profile_0053,piecewise,22,0.17578125,0.24209607395725263
profile_0053,piecewise,23,0.18359375,0.24209607395725263
profile_0053,piecewise,24,0.19140625,0.24209607395725263
profile_0053,piecewise,25,0.19921875,0.24209607395725263
profile_0053,piecewise,26,0.20703125,0.24209607395725263
profile_0053,piecewise,27,0.21484375,0.24209607395725263
profile_0053,piecewise,28,0.22265625,0.24209607395725263
profile_0053,piecewise,29,0.23046875,0.24209607395725263
profile_0053,piecewise,30,0.23828125,0.24209607395725263
profile_0053,piecewise,31,0.24609375,0.24209607395725263
profile_0053,piecewise,32,0.25390625,0.1883327006309453
profile_0053,piecewise,33,0.26171875,0.13456932730463794
profile_0053,piecewise,34,0.26953125,0.13456932730463794
profile_0053,piecewise,35,0.27734375,0.13456932730463794
profile_0053,piecewise,36,0.28515625,0.13456932730463794
profile_0053,piecewise,37,0.29296875,0.13456932730463794
profile_0053,piecewise,38,0.30078125,0.13456932730463794
profile_0053,piecewise,39,0.30859375,0.13456932730463794
profile_0053,piecewise,40,0.31640625,0.13456932730463794
profile_0053,piecewise,41,0.32421875,0.13456932730463794
profile_0053,piecewise,42,0.33203125,0.13456932730463794
profile_0053,piecewise,43,0.33984375,0.21355441788315221
profile_0053,piecewise,44,0.34765625,0.2925395084616665
profile_0053,piecewise,45,0.35546875,0.2925395084616665
profile_0053,piecewise,46,0.36328125,0.2925395084616665
profile_0053,piecewise,47,0.37109375,0.2925395084616665
profile_0053,piecewise,48,0.37890625,0.2925395084616665
profile_0053,piecewise,49,0.38671875,0.2925395084616665
profile_0053,piecewise,50,0.39453125,0.2925395084616665
profile_0053,piecewise,51,0.40234375,0.2925395084616665
profile_0053,piecewise,52,0.41015625,0.2925395084616665
profile_0053,piecewise,53,0.41796875,0.2523485996074356
profile_0053,piecewise,54,0.42578125,0.2121576907532048
profile_0053,piecewise,55,0.43359375,0.2121576907532048
profile_0053,piecewise,56,0.44140625,0.2121576907532048
profile_0053,piecewise,57,0.44921875,0.2121576907532048
profile_0053,piecewise,58,0.45703125,0.2121576907532048
profile_0053,piecewise,59,0.46484375,0.2121576907532048
profile_0053,piecewise,60,0.47265625,0.2121576907532048
profile_0053,piecewise,61,0.48046875,0.2121576907532048
profile_0053,piecewise,62,0.48828125,0.2121576907532048
profile_0053,piecewise,63,0.49609375,0.2121576907532048
profile_0053,piecewise,64,0.50390625,0.42467508212149946
profile_0053,piecewise,65,0.51171875,0.6371924734897941
profile_0053,piecewise,66,0.51953125,0.6371924734897941
profile_0053,piecewise,67,0.52734375,0.6371924734897941
profile_0053,piecewise,68,0.53515625,0.6371924734897941
profile_0053,piecewise,69,0.54296875,0.6371924734897941
profile_0053,piecewise,70,0.55078125,0.6371924734897941
profile_0053,piecewise,71,0.55859375,0.6371924734897941
profile_0053,piecewise,72,0.56640625,0.6371924734897941
profile_0053,piecewise,73,0.57421875,0.6371924734897941
profile_0053,piecewise,74,0.58203125,0.6371924734897941
profile_0053,piecewise,75,0.58984375,0.7220206380034422
profile_0053,piecewise,76,0.59765625,0.8068488025170901
profile_0053,piecewise,77,0.60546875,0.8068488025170901
profile_0053,piecewise,78,0.61328125,0.8068488025170901
profile_0053,piecewise,79,0.62109375,0.8068488025170901
profile_0053,piecewise,80,0.62890625,0.8068488025170901
profile_0053,piecewise,81,0.63671875,0.8068488025170901
profile_0053,piecewise,82,0.64453125,0.8068488025170901
profile_0053,piecewise,83,0.65234375,0.8068488025170901
profile_0053,piecewise,84,0.66015625,0.8068488025170901
profile_0053,piecewise,85,0.66796875,0.7259281707672998
profile_0053,piecewise,86,0.67578125,0.6450075390175093
profile_0053,piecewise,87,0.68359375,0.6450075390175093
profile_0053,piecewise,88,0.69140625,0.6450075390175093
profile_0053,piecewise,89,0.69921875,0.6450075390175093
profile_0053,piecewise,90,0.70703125,0.6450075390175093
profile_0053,piecewise,91,0.71484375,0.6450075390175093
profile_0053,piecewise,92,0.72265625,0.6450075390175093
profile_0053,piecewise,93,0.73046875,0.6450075390175093
profile_0053,piecewise,94,0.73828125,0.6450075390175093
profile_0053,piecewise,95,0.74609375,0.6450075390175093
profile_0053,piecewise,96,0.75390625,0.5046892032934236
profile_0053,piecewise,97,0.76171875,0.36437086756933784
profile_0053,piecewise,98,0.76953125,0.36437086756933784
profile_0053,piecewise,99,0.77734375,0.36437086756933784
profile_0053,piecewise,100,0.78515625,0.36437086756933784
profile_0053,piecewise,101,0.79296875,0.36437086756933784
profile_0053,piecewise,102,0.80078125,0.36437086756933784
profile_0053,piecewise,103,0.80859375,0.36437086756933784
profile_0053,piecewise,104,0.81640625,0.36437086756933784
profile_0053,piecewise,105,0.82421875,0.36437086756933784
profile_0053,piecewise,106,0.83203125,0.36437086756933784
profile_0053,piecewise,107,0.83984375,0.4455061022741871
profile_0053,piecewise,108,0.84765625,0.5266413369790363
profile_0053,piecewise,109,0.85546875,0.5266413369790363
profile_0053,piecewise,110,0.86328125,0.5266413369790363
profile_0053,piecewise,111,0.87109375,0.5266413369790363
profile_0053,piecewise,112,0.87890625,0.5266413369790363
profile_0053,piecewise,113,0.88671875,0.5266413369790363
profile_0053,piecewise,114,0.89453125,0.5266413369790363
profile_0053,piecewise,115,0.90234375,0.5266413369790363
profile_0053,piecewise,116,0.91015625,0.5266413369790363
profile_0053,piecewise,117,0.91796875,0.5707460673709294
profile_0053,piecewise,118,0.92578125,0.6148507977628225
profile_0053,piecewise,119,0.93359375,0.6148507977628225
profile_0053,piecewise,120,0.94140625,0.6148507977628225
profile_0053,piecewise,121,0.94921875,0.6148507977628225
profile_0053,piecewise,122,0.95703125,0.6148507977628225
profile_0053,piecewise,123,0.96484375,0.6148507977628225
profile_0053,piecewise,124,0.97265625,0.6148507977628225
profile_0053,piecewise,125,0.98046875,0.6148507977628225
profile_0053,piecewise,126,0.98828125,0.6148507977628225
profile_0053,piecewise,127,0.99609375,0.6148507977628225
profile_0054,high_frequency,0,0.00390625,0.4041659072931033
profile_0054,high_frequency,1,0.01171875,0.4898334993507116
profile_0054,high_frequency,2,0.01953125,0.5908691960488348
profile_0054,high_frequency,3,0.02734375,0.6759223411370214
profile_0054,high_frequency,4,0.03515625,0.7186015501658085
profile_0054,high_frequency,5,0.04296875,0.7056637688976384
profile_0054,high_frequency,6,0.05078125,0.6411234986071824
profile_0054,high_frequency,7,0.05859375,0.5450071249612096
profile_0054,high_frequency,8,0.06640625,0.4471388733443194
profile_0054,high_frequency,9,0.07421875,0.3778865643837218
profile_0054,high_frequency,10,0.08203125,0.3587386957463421
profile_0054,high_frequency,11,0.08984375,0.39563671453649285
profile_0054,high_frequency,12,0.09765625,0.47713142862489166
profile_0054,high_frequency,13,0.10546875,0.5779356093279197
profile_0054,high_frequency,14,0.11328125,0.6667704381575786
profile_0054,high_frequency,15,0.12109375,0.7160711011647201
profile_0054,high_frequency,16,0.12890625,0.710539954156577
profile_0054,high_frequency,17,0.13671875,0.6518932726099353
profile_0054,high_frequency,18,0.14453125,0.5583287036285901
profile_0054,high_frequency,19,0.15234375,0.4588786658053482
profile_0054,high_frequency,20,0.16015625,0.38440179674832464
profile_0054,high_frequency,21,0.16796875,0.35800773786864354
profile_0054,high_frequency,22,0.17578125,0.3878863774338479
profile_0054,high_frequency,23,0.18359375,0.4647665866364768
profile_0054,high_frequency,24,0.19140625,0.5647929847552419
profile_0054,high_frequency,25,0.19921875,0.6569280936920624
profile_0054,high_frequency,26,0.20703125,0.7125830461131839
profile_0054,high_frequency,27,0.21484375,0.7144885071299382
profile_0054,high_frequency,28,0.22265625,0.6620532257757146
profile_0054,high_frequency,29,0.23046875,0.5715474959649861
profile_0054,high_frequency,30,0.23828125,0.47105460030696833
profile_0054,high_frequency,31,0.24609375,0.3917567677598104
profile_0054,high_frequency,32,0.25390625,0.3582595503297467
profile_0054,high_frequency,33,0.26171875,0.38095689573343716
profile_0054,high_frequency,34,0.26953125,0.4528059795355244
profile_0054,high_frequency,35,0.27734375,0.5515125433520708
profile_0054,high_frequency,36,0.28515625,0.646448644257898
profile_0054,high_frequency,37,0.29296875,0.7081562870837388
profile_0054,high_frequency,38,0.30078125,0.7174880302670464
profile_0054,high_frequency,39,0.30859375,0.6715483004380294
profile_0054,high_frequency,40,0.31640625,0.5845918681894157
profile_0054,high_frequency,41,0.32421875,0.48360069440516057
profile_0054,high_frequency,42,0.33203125,0.39991162019301285
profile_0054,high_frequency,43,0.33984375,0.3594927685361071
profile_0054,high_frequency,44,0.34765625,0.37488582089698375
profile_0054,high_frequency,45,0.35546875,0.441314422888213
profile_0054,high_frequency,46,0.36328125,0.5381662529810248
profile_0054,high_frequency,47,0.37109375,0.6353888788995363
profile_0054,high_frequency,48,0.37890625,0.7028148130671112
profile_0054,high_frequency,49,0.38671875,0.7195222688921352
profile_0054,high_frequency,50,0.39453125,0.6803270419646065
profile_0054,high_frequency,51,0.40234375,0.597391131718596
profile_0054,high_frequency,52,0.41015625,0.49644895972897973
profile_0054,high_frequency,53,0.41796875,0.4088221621960383
profile_0054,high_frequency,54,0.42578125,0.3617007095714154
profile_0054,high_frequency,55,0.43359375,0.3697060526050403
profile_0054,high_frequency,56,0.44140625,0.43035419043567275
profile_0054,high_frequency,57,0.44921875,0.5248264383459801
profile_0054,high_frequency,58,0.45703125,0.6238087314437017
profile_0054,high_frequency,59,0.46484375,0.6965875699737972
profile_0054,high_frequency,60,0.47265625,0.7205801992898433
profile_0054,high_frequency,61,0.48046875,0.6883418775945007
profile_0054,high_frequency,62,0.48828125,0.6098759262344997
profile_0054,high_frequency,63,0.49609375,0.5095297704154299
profile_0054,high_frequency,64,0.50390625,0.4184401067697412
profile_0054,high_frequency,65,0.51171875,0.3648714084118993
profile_0054,high_frequency,66,0.51953125,0.3654456604707691
profile_0054,high_frequency,67,0.52734375,0.4199846766271883
profile_0054,high_frequency,68,0.53515625,0.5115653890582412
profile_0054,high_frequency,69,0.54296875,0.6117709557127906
profile_0054,high_frequency,70,0.55078125,0.6895083037736629
profile_0054,high_frequency,71,0.55859375,0.7206560884436838
profile_0054,high_frequency,72,0.56640625,0.695549374239007
profile_0054,high_frequency,73,0.57421875,0.6219785955539321
profile_0054,high_frequency,74,0.58203125,0.5227722404180449
profile_0054,high_frequency,75,0.58984375,0.4287133334391521
profile_0054,high_frequency,76,0.59765625,0.36898768276582417
profile_0054,high_frequency,77,0.60546875,0.36212773192827763
profile_0054,high_frequency,78,0.61328125,0.41026207475652765
profile_0054,high_frequency,79,0.62109375,0.4984549678928705
profile_0054,high_frequency,80,0.62890625,0.5993407854564738
profile_0054,high_frequency,81,0.63671875,0.6816153776236135
profile_0054,high_frequency,82,0.64453125,0.7197495251037568
profile_0054,high_frequency,83,0.65234375,0.7019104738493324
profile_0054,high_frequency,84,0.66015625,0.633633554263243
profile_0054,high_frequency,85,0.66796875,0.5361046076445184
profile_0054,high_frequency,86,0.67578125,0.43958617069885003
profile_0054,high_frequency,87,0.68359375,0.37402722618582207
profile_0054,high_frequency,88,0.69140625,0.35977024711981165
profile_0054,high_frequency,89,0.69921875,0.4012390724456206
profile_0054,high_frequency,90,0.70703125,0.48556622135808425
profile_0054,high_frequency,91,0.71484375,0.586585580844353
profile_0054,high_frequency,92,0.72265625,0.67295156397432
profile_0054,high_frequency,93,0.73046875,0.7178654220153482
profile_0054,high_frequency,94,0.73828125,0.7073907050755461
profile_0054,high_frequency,95,0.74609375,0.6447776431313704
profile_0054,high_frequency,96,0.75390625,0.5494546228416987
profile_0054,high_frequency,97,0.76171875,0.45099969770167364
profile_0054,high_frequency,98,0.76953125,0.3799627289494605
profile_0054,high_frequency,99,0.77734375,0.3583859814598069
profile_0054,high_frequency,100,0.78515625,0.3929645661257666
profile_0054,high_frequency,101,0.79296875,0.47296899468807047
profile_0054,high_frequency,102,0.80078125,0.5735744634353652
profile_0054,high_frequency,103,0.80859375,0.6635638127826033
profile_0054,high_frequency,104,0.81640625,0.715013989296338
profile_0054,high_frequency,105,0.82421875,0.7119603700698118
profile_0054,high_frequency,106,0.83203125,0.655350471375185
profile_0054,high_frequency,107,0.83984375,0.5627499411205533
profile_0054,high_frequency,108,0.84765625,0.46289206355589796
profile_0054,high_frequency,109,0.85546875,0.38676202605299637
profile_0054,high_frequency,110,0.86328125,0.3579824364038113
profile_0054,high_frequency,111,0.87109375,0.3854833960636377
profile_0054,high_frequency,112,0.87890625,0.4607315533456082
profile_0054,high_frequency,113,0.88671875,0.560377941602066
profile_0054,high_frequency,114,0.89453125,0.6535029970855499
profile_0054,high_frequency,115,0.90234375,0.711210679107686
profile_0054,high_frequency,116,0.91015625,0.7155947054215979
profile_0054,high_frequency,117,0.91796875,0.6652947439223778
profile_0054,high_frequency,118,0.92578125,0.5759185139993854
profile_0054,high_frequency,119,0.93359375,0.4751988225005709
profile_0054,high_frequency,120,0.94140625,0.3943882715163155
profile_0054,high_frequency,121,0.94921875,0.3585617987974475
profile_0054,high_frequency,122,0.95703125,0.3788361033679877
profile_0054,high_frequency,123,0.96484375,0.4489202130856153
profile_0054,high_frequency,124,0.97265625,0.5470675284396538
profile_0054,high_frequency,125,0.98046875,0.6428236373151194
profile_0054,high_frequency,126,0.98828125,0.7064761019168331
profile_0054,high_frequency,127,0.99609375,0.7182740163527445
profile_0055,low_frequency,0,0.00390625,0.19902526688252853
profile_0055,low_frequency,1,0.01171875,0.19807132225127788
profile_0055,low_frequency,2,0.01953125,0.19621546825421943
profile_0055,low_frequency,3,0.02734375,0.1935600196228524
profile_0055,low_frequency,4,0.03515625,0.19025411281831528
profile_0055,low_frequency,5,0.04296875,0.1864886524820495
profile_0055,low_frequency,6,0.05078125,0.18248981730524183
profile_0055,low_frequency,7,0.05859375,0.1785113250413377
profile_0055,low_frequency,8,0.06640625,0.17482569493830202
profile_0055,low_frequency,9,0.07421875,0.171714777328971
profile_0055,low_frequency,10,0.08203125,0.16945984354670496
profile_0055,low_frequency,11,0.08984375,0.16833154402384898
profile_0055,low_frequency,12,0.09765625,0.1685800479334959
profile_0055,low_frequency,13,0.10546875,0.1704256738723955
profile_0055,low_frequency,14,0.11328125,0.17405030795195797
profile_0055,low_frequency,15,0.12109375,0.1795898836356269
profile_0055,low_frequency,16,0.12890625,0.18712816736722027
profile_0055,low_frequency,17,0.13671875,0.1966920563528971
profile_0055,low_frequency,18,0.14453125,0.20824855088432592
profile_0055,low_frequency,19,0.15234375,0.22170351460395776
profile_0055,low_frequency,20,0.16015625,0.2369022835456469
profile_0055,low_frequency,21,0.16796875,0.25363213017299735
profile_0055,low_frequency,22,0.17578125,0.2716265335838375
profile_0055,low_frequency,23,0.18359375,0.29057115316769955
profile_0055,low_frequency,24,0.19140625,0.31011135187789773
profile_0055,low_frequency,25,0.19921875,0.32986106841645046
profile_0055,low_frequency,26,0.20703125,0.34941279641217227
profile_0055,low_frequency,27,0.21484375,0.368348394320565
profile_0055,low_frequency,28,0.22265625,0.38625042331096204
profile_0055,low_frequency,29,0.23046875,0.40271369262557055
profile_0055,low_frequency,30,0.23828125,0.41735668333862475
profile_0055,low_frequency,31,0.24609375,0.4298325223860542
profile_0055,low_frequency,32,0.25390625,0.43983918917514264
profile_0055,low_frequency,33,0.26171875,0.4471286567417847
profile_0055,low_frequency,34,0.26953125,0.45151469775415765
profile_0055,low_frequency,35,0.27734375,0.4528791218674614
profile_0055,low_frequency,36,0.28515625,0.45117625398713257
profile_0055,low_frequency,37,0.29296875,0.44643551167027573
profile_0055,low_frequency,38,0.30078125,0.43876199279575
profile_0055,low_frequency,39,0.30859375,0.42833504024753355
profile_0055,low_frequency,40,0.31640625,0.4154048070891876
profile_0055,low_frequency,41,0.32421875,0.40028690193157157
profile_0055,low_frequency,42,0.33203125,0.38335524829738854
profile_0055,low_frequency,43,0.33984375,0.36503334221126826
profile_0055,low_frequency,44,0.34765625,0.3457841375451748
profile_0055,low_frequency,45,0.35546875,0.32609882752577635
profile_0055,low_frequency,46,0.36328125,0.3064848221480502
profile_0055,low_frequency,47,0.37109375,0.2874532441402019
profile_0055,low_frequency,48,0.37890625,0.2695062799345602
profile_0055,low_frequency,49,0.38671875,0.2531247264251282
profile_0055,low_frequency,50,0.39453125,0.23875606901566826
profile_0055,low_frequency,51,0.40234375,0.2268034117397022
profile_0055,low_frequency,52,0.41015625,0.21761555649421505
profile_0055,low_frequency,53,0.41796875,0.21147849635952554
profile_0055,low_frequency,54,0.42578125,0.2086085485046607
profile_0055,low_frequency,55,0.43359375,0.2091473064379572
profile_0055,low_frequency,56,0.44140625,0.21315854067203466
profile_0055,low_frequency,57,0.44921875,0.22062712268607454
profile_0055,low_frequency,58,0.45703125,0.23145999093928127
profile_0055,low_frequency,59,0.46484375,0.24548912122263045
profile_0055,low_frequency,60,0.47265625,0.2624764084424327
profile_0055,low_frequency,61,0.48046875,0.28212031457887143
profile_0055,low_frequency,62,0.48828125,0.3040640895393433
profile_0055,low_frequency,63,0.49609375,0.3279053292848966
profile_0055,low_frequency,64,0.50390625,0.3532066001352734
profile_0055,low_frequency,65,0.51171875,0.3795068305389899
profile_0055,low_frequency,66,0.51953125,0.40633315258476554
profile_0055,low_frequency,67,0.52734375,0.43321286563349903
profile_0055,low_frequency,68,0.53515625,0.45968519390507045
profile_0055,low_frequency,69,0.54296875,0.4853125186295919
profile_0055,low_frequency,70,0.55078125,0.5096907831671871
profile_0055,low_frequency,71,0.55859375,0.5324587957531968
profile_0055,low_frequency,72,0.56640625,0.5533061884337145
profile_0055,low_frequency,73,0.57421875,0.5719798312982103
profile_0055,low_frequency,74,0.58203125,0.5882885470827497
profile_0055,low_frequency,75,0.58984375,0.6021060212481812
profile_0055,low_frequency,76,0.59765625,0.6133718552605094
profile_0055,low_frequency,77,0.60546875,0.6220907644751172
profile_0055,low_frequency,78,0.61328125,0.6283299751893925
profile_0055,low_frequency,79,0.62109375,0.6322149265393486
profile_0055,low_frequency,80,0.62890625,0.6339234305025379
profile_0055,low_frequency,81,0.63671875,0.6336784859701421
profile_0055,low_frequency,82,0.64453125,0.631739979453825
profile_0055,low_frequency,83,0.65234375,0.6283955344709775
profile_0055,low_frequency,84,0.66015625,0.6239507931929098
profile_0055,low_frequency,85,0.66796875,0.6187194269690497
profile_0055,low_frequency,86,0.67578125,0.6130131765342495
profile_0055,low_frequency,87,0.68359375,0.6071322180052385
profile_0055,low_frequency,88,0.69140625,0.601356137377687
profile_0055,low_frequency,89,0.69921875,0.5959357746039429
profile_0055,low_frequency,90,0.70703125,0.5910861691605227
profile_0055,low_frequency,91,0.71484375,0.5869808032199502
profile_0055,low_frequency,92,0.72265625,0.583747297230738
profile_0055,low_frequency,93,0.73046875,0.5814646671464989
profile_0055,low_frequency,94,0.73828125,0.5801622041142007
profile_0055,low_frequency,95,0.74609375,0.5798199875939027
profile_0055,low_frequency,96,0.75390625,0.5803709931336112
profile_0055,low_frequency,97,0.76171875,0.5817047078484656
profile_0055,low_frequency,98,0.76953125,0.5836721214841454
profile_0055,low_frequency,99,0.77734375,0.5860919201142678
profile_0055,low_frequency,100,0.78515625,0.5887576742286269
profile_0055,low_frequency,101,0.79296875,0.5914457842402681
profile_0055,low_frequency,102,0.80078125,0.5939239251002406
profile_0055,low_frequency,103,0.80859375,0.5959597183601311
profile_0055,low_frequency,104,0.81640625,0.5973293550227061
profile_0055,low_frequency,105,0.82421875,0.5978258959767613
profile_0055,low_frequency,106,0.83203125,0.5972669885759898
profile_0055,low_frequency,107,0.83984375,0.5955017575966499
profile_0055,low_frequency,108,0.84765625,0.5924166557621402
profile_0055,low_frequency,109,0.85546875,0.5879400924047484
profile_0055,low_frequency,110,0.86328125,0.5820456976059107
profile_0055,low_frequency,111,0.87109375,0.5747541221175876
profile_0055,low_frequency,112,0.87890625,0.5661333191979865
profile_0055,low_frequency,113,0.88671875,0.5562973017915902
profile_0055,low_frequency,114,0.89453125,0.545403415803213
profile_0055,low_frequency,115,0.90234375,0.5336482161191114
profile_0055,low_frequency,116,0.91015625,0.5212620751223493
profile_0055,low_frequency,117,0.91796875,0.5085026924306639
profile_0055,low_frequency,118,0.92578125,0.4956477082768076
profile_0055,low_frequency,119,0.93359375,0.4829866503402639
profile_0055,low_frequency,120,0.94140625,0.4708124641052511
profile_0055,low_frequency,121,0.94921875,0.4594128893601819
profile_0055,low_frequency,122,0.95703125,0.44906194990090775
profile_0055,low_frequency,123,0.96484375,0.4400118197327786
profile_0055,low_frequency,124,0.97265625,0.432485317212856
profile_0055,low_frequency,125,0.98046875,0.42666925900684016
profile_0055,low_frequency,126,0.98828125,0.4227088790623825
profile_0055,low_frequency,127,0.99609375,0.42070348484366016
profile_0056,piecewise,0,0.00390625,0.3696987432512769
profile_0056,piecewise,1,0.01171875,0.7393974865025538
profile_0056,piecewise,2,0.01953125,0.7393974865025538
profile_0056,piecewise,3,0.02734375,0.7393974865025538
profile_0056,piecewise,4,0.03515625,0.7393974865025538
profile_0056,piecewise,5,0.04296875,0.7393974865025538
profile_0056,piecewise,6,0.05078125,0.7393974865025538
profile_0056,piecewise,7,0.05859375,0.7393974865025538
profile_0056,piecewise,8,0.06640625,0.7393974865025538
profile_0056,piecewise,9,0.07421875,0.7393974865025538
profile_0056,piecewise,10,0.08203125,0.7393974865025538
profile_0056,piecewise,11,0.08984375,0.7393974865025538
profile_0056,piecewise,12,0.09765625,0.7393974865025538
profile_0056,piecewise,13,0.10546875,0.7393974865025538
profile_0056,piecewise,14,0.11328125,0.7393974865025538
profile_0056,piecewise,15,0.12109375,0.7393974865025538
profile_0056,piecewise,16,0.12890625,0.7393974865025538
profile_0056,piecewise,17,0.13671875,0.7393974865025538
profile_0056,piecewise,18,0.14453125,0.7393974865025538
profile_0056,piecewise,19,0.15234375,0.7393974865025538
profile_0056,piecewise,20,0.16015625,0.7393974865025538
profile_0056,piecewise,21,0.16796875,0.7393974865025538
profile_0056,piecewise,22,0.17578125,0.7393974865025538
profile_0056,piecewise,23,0.18359375,0.7393974865025538
profile_0056,piecewise,24,0.19140625,0.7393974865025538
profile_0056,piecewise,25,0.19921875,0.7393974865025538
profile_0056,piecewise,26,0.20703125,0.7393974865025538
profile_0056,piecewise,27,0.21484375,0.7393974865025538
profile_0056,piecewise,28,0.22265625,0.7393974865025538
profile_0056,piecewise,29,0.23046875,0.7393974865025538
profile_0056,piecewise,30,0.23828125,0.7393974865025538
profile_0056,piecewise,31,0.24609375,0.7393974865025538
profile_0056,piecewise,32,0.25390625,0.7393974865025538
profile_0056,piecewise,33,0.26171875,0.7393974865025538
profile_0056,piecewise,34,0.26953125,0.7393974865025538
profile_0056,piecewise,35,0.27734375,0.7393974865025538
profile_0056,piecewise,36,0.28515625,0.7393974865025538
profile_0056,piecewise,37,0.29296875,0.7393974865025538
profile_0056,piecewise,38,0.30078125,0.7393974865025538
profile_0056,piecewise,39,0.30859375,0.7393974865025538
profile_0056,piecewise,40,0.31640625,0.7393974865025538
profile_0056,piecewise,41,0.32421875,0.7393974865025538
profile_0056,piecewise,42,0.33203125,0.7393974865025538
profile_0056,piecewise,43,0.33984375,0.4255395101615536
profile_0056,piecewise,44,0.34765625,0.11168153382055349
profile_0056,piecewise,45,0.35546875,0.11168153382055349
profile_0056,piecewise,46,0.36328125,0.11168153382055349
profile_0056,piecewise,47,0.37109375,0.11168153382055349
profile_0056,piecewise,48,0.37890625,0.11168153382055349
profile_0056,piecewise,49,0.38671875,0.11168153382055349
profile_0056,piecewise,50,0.39453125,0.11168153382055349
profile_0056,piecewise,51,0.40234375,0.11168153382055349
profile_0056,piecewise,52,0.41015625,0.11168153382055349
profile_0056,piecewise,53,0.41796875,0.11168153382055349
profile_0056,piecewise,54,0.42578125,0.11168153382055349
profile_0056,piecewise,55,0.43359375,0.11168153382055349
profile_0056,piecewise,56,0.44140625,0.11168153382055349
profile_0056,piecewise,57,0.44921875,0.11168153382055349
profile_0056,piecewise,58,0.45703125,0.11168153382055349
profile_0056,piecewise,59,0.46484375,0.11168153382055349
profile_0056,piecewise,60,0.47265625,0.11168153382055349
profile_0056,piecewise,61,0.48046875,0.11168153382055349
profile_0056,piecewise,62,0.48828125,0.11168153382055349
profile_0056,piecewise,63,0.49609375,0.11168153382055349
profile_0056,piecewise,64,0.50390625,0.11168153382055349
profile_0056,piecewise,65,0.51171875,0.11168153382055349
profile_0056,piecewise,66,0.51953125,0.11168153382055349
profile_0056,piecewise,67,0.52734375,0.11168153382055349
profile_0056,piecewise,68,0.53515625,0.11168153382055349
profile_0056,piecewise,69,0.54296875,0.11168153382055349
profile_0056,piecewise,70,0.55078125,0.11168153382055349
profile_0056,piecewise,71,0.55859375,0.11168153382055349
profile_0056,piecewise,72,0.56640625,0.11168153382055349
profile_0056,piecewise,73,0.57421875,0.11168153382055349
profile_0056,piecewise,74,0.58203125,0.11168153382055349
profile_0056,piecewise,75,0.58984375,0.11168153382055349
profile_0056,piecewise,76,0.59765625,0.11168153382055349
profile_0056,piecewise,77,0.60546875,0.11168153382055349
profile_0056,piecewise,78,0.61328125,0.11168153382055349
profile_0056,piecewise,79,0.62109375,0.11168153382055349
profile_0056,piecewise,80,0.62890625,0.11168153382055349
profile_0056,piecewise,81,0.63671875,0.11168153382055349
profile_0056,piecewise,82,0.64453125,0.11168153382055349
profile_0056,piecewise,83,0.65234375,0.11168153382055349
profile_0056,piecewise,84,0.66015625,0.11168153382055349
profile_0056,piecewise,85,0.66796875,0.19960945561950988
profile_0056,piecewise,86,0.67578125,0.28753737741846624
profile_0056,piecewise,87,0.68359375,0.28753737741846624
profile_0056,piecewise,88,0.69140625,0.28753737741846624
profile_0056,piecewise,89,0.69921875,0.28753737741846624
profile_0056,piecewise,90,0.70703125,0.28753737741846624
profile_0056,piecewise,91,0.71484375,0.28753737741846624
profile_0056,piecewise,92,0.72265625,0.28753737741846624
profile_0056,piecewise,93,0.73046875,0.28753737741846624
profile_0056,piecewise,94,0.73828125,0.28753737741846624
profile_0056,piecewise,95,0.74609375,0.28753737741846624
profile_0056,piecewise,96,0.75390625,0.28753737741846624
profile_0056,piecewise,97,0.76171875,0.28753737741846624
profile_0056,piecewise,98,0.76953125,0.28753737741846624
profile_0056,piecewise,99,0.77734375,0.28753737741846624
profile_0056,piecewise,100,0.78515625,0.28753737741846624
profile_0056,piecewise,101,0.79296875,0.28753737741846624
profile_0056,piecewise,102,0.80078125,0.28753737741846624
profile_0056,piecewise,103,0.80859375,0.28753737741846624
profile_0056,piecewise,104,0.81640625,0.28753737741846624
profile_0056,piecewise,105,0.82421875,0.28753737741846624
profile_0056,piecewise,106,0.83203125,0.28753737741846624
profile_0056,piecewise,107,0.83984375,0.28753737741846624
profile_0056,piecewise,108,0.84765625,0.28753737741846624
profile_0056,piecewise,109,0.85546875,0.28753737741846624
profile_0056,piecewise,110,0.86328125,0.28753737741846624
profile_0056,piecewise,111,0.87109375,0.28753737741846624
profile_0056,piecewise,112,0.87890625,0.28753737741846624
profile_0056,piecewise,113,0.88671875,0.28753737741846624
profile_0056,piecewise,114,0.89453125,0.28753737741846624
profile_0056,piecewise,115,0.90234375,0.28753737741846624
profile_0056,piecewise,116,0.91015625,0.28753737741846624
profile_0056,piecewise,117,0.91796875,0.28753737741846624
profile_0056,piecewise,118,0.92578125,0.28753737741846624
profile_0056,piecewise,119,0.93359375,0.28753737741846624
profile_0056,piecewise,120,0.94140625,0.28753737741846624
profile_0056,piecewise,121,0.94921875,0.28753737741846624
profile_0056,piecewise,122,0.95703125,0.28753737741846624
profile_0056,piecewise,123,0.96484375,0.28753737741846624
profile_0056,piecewise,124,0.97265625,0.28753737741846624
profile_0056,piecewise,125,0.98046875,0.28753737741846624
profile_0056,piecewise,126,0.98828125,0.28753737741846624
profile_0056,piecewise,127,0.99609375,0.28753737741846624
profile_0057,high_frequency,0,0.00390625,0.24488588676742762
profile_0057,high_frequency,1,0.01171875,0.3261278373502937
profile_0057,high_frequency,2,0.01953125,0.4758101741271271
profile_0057,high_frequency,3,0.02734375,0.6009923036214904
profile_0057,high_frequency,4,0.03515625,0.6239462743704356
profile_0057,high_frequency,5,0.04296875,0.5304195318642853
profile_0057,high_frequency,6,0.05078125,0.3784845991649914
profile_0057,high_frequency,7,0.05859375,0.2624807491550203
profile_0057,high_frequency,8,0.06640625,0.25443696599936916
profile_0057,high_frequency,9,0.07421875,0.35934778677155127
profile_0057,high_frequency,10,0.08203125,0.5120720989353289
profile_0057,high_frequency,11,0.08984375,0.6177804889711569
profile_0057,high_frequency,12,0.09765625,0.6108366185045458
profile_0057,high_frequency,13,0.10546875,0.49555206802045637
profile_0057,high_frequency,14,0.11328125,0.34350919500593363
profile_0057,high_frequency,15,0.12109375,0.2491142945263777
profile_0057,high_frequency,16,0.12890625,0.27097894534675193
profile_0057,high_frequency,17,0.13671875,0.3955269723006411
profile_0057,high_frequency,18,0.14453125,0.5454241501836902
profile_0057,high_frequency,19,0.15234375,0.6275964866138544
profile_0057,high_frequency,20,0.16015625,0.5910216239795507
profile_0057,high_frequency,21,0.16796875,0.45840958614030475
profile_0057,high_frequency,22,0.17578125,0.31210169515387587
profile_0057,high_frequency,23,0.18359375,0.2429432872928948
profile_0057,high_frequency,24,0.19140625,0.29387612582010536
profile_0057,high_frequency,25,0.19921875,0.4332750481272021
profile_0057,high_frequency,26,0.20703125,0.5745846272467827
profile_0057,high_frequency,27,0.21484375,0.6300630732650485
profile_0057,high_frequency,28,0.22265625,0.5652627699226698
profile_0057,high_frequency,29,0.23046875,0.4204194509727421
profile_0057,high_frequency,30,0.23828125,0.28546907221460494
profile_0057,high_frequency,31,0.24609375,0.24420487580181385
profile_0057,high_frequency,32,0.25390625,0.3222485816147244
profile_0057,high_frequency,33,0.26171875,0.47114137686658303
profile_0057,high_frequency,34,0.26953125,0.5984329093444548
profile_0057,high_frequency,35,0.27734375,0.6250854593830117
profile_0057,high_frequency,36,0.28515625,0.5345499546495769
profile_0057,high_frequency,37,0.29296875,0.383041602107144
profile_0057,high_frequency,38,0.30078125,0.26463480295192937
profile_0057,high_frequency,39,0.30859375,0.25285057791424387
profile_0057,high_frequency,40,0.31640625,0.3550059751658788
profile_0057,high_frequency,41,0.32421875,0.5076707767410119
profile_0057,high_frequency,42,0.33203125,0.6160525203699642
profile_0057,high_frequency,43,0.33984375,0.6128549318777526
profile_0057,high_frequency,44,0.34765625,0.5000634544272715
profile_0057,high_frequency,45,0.35546875,0.34771244931367623
profile_0057,high_frequency,46,0.36328125,0.250399536649621
profile_0057,high_frequency,47,0.37109375,0.2685481441465698
profile_0057,high_frequency,48,0.37890625,0.3908894582099556
profile_0057,high_frequency,49,0.38671875,0.541459443399238
profile_0057,high_frequency,50,0.39453125,0.6267663485527921
profile_0057,high_frequency,51,0.40234375,0.5938415030623397
profile_0057,high_frequency,52,0.41015625,0.4631285661190449
profile_0057,high_frequency,53,0.41796875,0.3157896721213746
profile_0057,high_frequency,54,0.42578125,0.24331032660844826
profile_0057,high_frequency,55,0.43359375,0.2906943258317799
profile_0057,high_frequency,56,0.44140625,0.42852004861726006
profile_0057,high_frequency,57,0.44921875,0.5712088973304883
profile_0057,high_frequency,58,0.45703125,0.6301626674842568
profile_0057,high_frequency,59,0.46484375,0.5687758483432954
profile_0057,high_frequency,60,0.47265625,0.4251646767692581
profile_0057,high_frequency,61,0.48046875,0.2885000449552395
profile_0057,high_frequency,62,0.48828125,0.24363960719461855
profile_0057,high_frequency,63,0.49609375,0.31843805762743344
profile_0057,high_frequency,64,0.50390625,0.46645162390191774
profile_0057,high_frequency,65,0.51171875,0.5957758837038707
profile_0057,high_frequency,66,0.51953125,0.6261109585324994
profile_0057,high_frequency,67,0.52734375,0.5386212267744914
profile_0057,high_frequency,68,0.53515625,0.3876307173552291
profile_0057,high_frequency,69,0.54296875,0.2668922928830664
profile_0057,high_frequency,70,0.55078125,0.25137472433986807
profile_0057,high_frequency,71,0.55859375,0.35071316347948733
profile_0057,high_frequency,72,0.56640625,0.5032264948980117
profile_0057,high_frequency,73,0.57421875,0.6142163070103808
profile_0057,high_frequency,74,0.58203125,0.6147669266003117
profile_0057,high_frequency,75,0.58984375,0.5045364635519091
profile_0057,high_frequency,76,0.59765625,0.3519690968879507
profile_0057,high_frequency,77,0.60546875,0.2517967896992213
profile_0057,high_frequency,78,0.61328125,0.26621842183020916
profile_0057,high_frequency,79,0.62109375,0.38627932917013647
profile_0057,high_frequency,80,0.62890625,0.5374314239367486
profile_0057,high_frequency,81,0.63671875,0.6258215121238583
profile_0057,high_frequency,82,0.64453125,0.5965665164730403
profile_0057,high_frequency,83,0.65234375,0.46783141701123926
profile_0057,high_frequency,84,0.66015625,0.31955027144271586
profile_0057,high_frequency,85,0.66796875,0.2437936471254049
profile_0057,high_frequency,86,0.67578125,0.28760026469552846
profile_0057,high_frequency,87,0.68359375,0.42376976689762214
profile_0057,high_frequency,88,0.69140625,0.5677519347775124
profile_0057,high_frequency,89,0.69921875,0.6301455175200655
profile_0057,high_frequency,90,0.70703125,0.5722091597049699
profile_0057,high_frequency,91,0.71484375,0.4299166415066114
profile_0057,high_frequency,92,0.72265625,0.2916200783006968
profile_0057,high_frequency,93,0.73046875,0.24319042144251418
profile_0057,high_frequency,94,0.73828125,0.31469856070558777
profile_0057,high_frequency,95,0.74609375,0.461743740164958
profile_0057,high_frequency,96,0.75390625,0.5930228271926323
profile_0057,high_frequency,97,0.76171875,0.6270221540965568
profile_0057,high_frequency,98,0.76953125,0.5426308958569339
profile_0057,high_frequency,99,0.77734375,0.39224918059781727
profile_0057,high_frequency,100,0.78515625,0.26925185912090865
profile_0057,high_frequency,101,0.79296875,0.2500102942752498
profile_0057,high_frequency,102,0.80078125,0.34647193754162
profile_0057,high_frequency,103,0.80859375,0.49874193047553
profile_0057,high_frequency,104,0.81640625,0.612272954958675
profile_0057,high_frequency,105,0.82421875,0.6165714509580953
profile_0057,high_frequency,106,0.83203125,0.5089684010209309
profile_0057,high_frequency,107,0.83984375,0.3562765736834264
profile_0057,high_frequency,108,0.84765625,0.2533052120221887
profile_0057,high_frequency,109,0.85546875,0.2639911817352784
profile_0057,high_frequency,110,0.86328125,0.38169936215053146
profile_0057,high_frequency,111,0.87109375,0.5333425181245269
profile_0057,high_frequency,112,0.87890625,0.6247625464611875
profile_0057,high_frequency,113,0.88671875,0.5991950227654701
profile_0057,high_frequency,114,0.89453125,0.4725153059953639
profile_0057,high_frequency,115,0.90234375,0.3233812278734885
profile_0057,high_frequency,116,0.91015625,0.2443929577095581
profile_0057,high_frequency,117,0.91796875,0.2845958061580832
profile_0057,high_frequency,118,0.92578125,0.4190270643603691
profile_0057,high_frequency,119,0.93359375,0.5642158219328309
profile_0057,high_frequency,120,0.94140625,0.6300116337029718
profile_0057,high_frequency,121,0.94921875,0.5755606359093107
profile_0057,high_frequency,122,0.95703125,0.43467248277893417
profile_0057,high_frequency,123,0.96484375,0.2948272928595569
profile_0057,high_frequency,124,0.97265625,0.24285758911820143
profile_0057,high_frequency,125,0.98046875,0.31103234338230223
profile_0057,high_frequency,126,0.98828125,0.45702056150882525
profile_0057,high_frequency,127,0.99609375,0.5901753981490373
profile_0058,low_frequency,0,0.00390625,0.5815457196410567
profile_0058,low_frequency,1,0.01171875,0.5801467357955272
profile_0058,low_frequency,2,0.01953125,0.5773808874320823
profile_0058,low_frequency,3,0.02734375,0.5733117741655567
profile_0058,low_frequency,4,0.03515625,0.5680332106519621
profile_0058,low_frequency,5,0.04296875,0.5616673605432689
profile_0058,low_frequency,6,0.05078125,0.5543623071006574
profile_0058,low_frequency,7,0.05859375,0.5462891092077942
profile_0058,low_frequency,8,0.06640625,0.537638401811628
profile_0058,low_frequency,9,0.07421875,0.5286166088961688
profile_0058,low_frequency,10,0.08203125,0.5194418447799269
profile_0058,low_frequency,11,0.08984375,0.5103395856642452
profile_0058,low_frequency,12,0.09765625,0.5015381978239779
profile_0058,low_frequency,13,0.10546875,0.49326441153487766
profile_0058,low_frequency,14,0.11328125,0.4857388307212436
profile_0058,low_frequency,15,0.12109375,0.4791715673679894
profile_0058,low_frequency,16,0.12890625,0.47375808699634214
profile_0058,low_frequency,17,0.13671875,0.4696753470121632
profile_0058,low_frequency,18,0.14453125,0.4670783035967252
profile_0058,low_frequency,19,0.15234375,0.46609685515187027
profile_0058,low_frequency,20,0.16015625,0.4668332812962014
profile_0058,low_frequency,21,0.16796875,0.46936022622538753
profile_0058,low_frequency,22,0.17578125,0.4737192641105623
profile_0058,low_frequency,23,0.18359375,0.4799200723461976
profile_0058,low_frequency,24,0.19140625,0.487940226119038
profile_0058,low_frequency,25,0.19921875,0.4977256152081787
profile_0058,low_frequency,26,0.20703125,0.509191471402447
profile_0058,low_frequency,27,0.21484375,0.5222239826924935
profile_0058,low_frequency,28,0.22265625,0.5366824587120911
profile_0058,low_frequency,29,0.23046875,0.552402001004404
profile_0058,low_frequency,30,0.23828125,0.5691966217956497
profile_0058,low_frequency,31,0.24609375,0.5868627462700702
profile_0058,low_frequency,32,0.25390625,0.6051830260300242
profile_0058,low_frequency,33,0.26171875,0.623930385637478
profile_0058,low_frequency,34,0.26953125,0.6428722199800643
profile_0058,low_frequency,35,0.27734375,0.6617746577634667
profile_0058,low_frequency,36,0.28515625,0.680406805743444
profile_0058,low_frequency,37,0.29296875,0.6985448893797868
profile_0058,low_frequency,38,0.30078125,0.7159762083886809
profile_0058,low_frequency,39,0.30859375,0.7325028301211849
profile_0058,low_frequency,40,0.31640625,0.747944949701397
profile_0058,low_frequency,41,0.32421875,0.7621438532839182
profile_0058,low_frequency,42,0.33203125,0.7749644294729541
profile_0058,low_frequency,43,0.33984375,0.7862971836958779
profile_0058,low_frequency,44,0.34765625,0.7960597209319982
profile_0058,low_frequency,45,0.35546875,0.8041976734355103
profile_0058,low_frequency,46,0.36328125,0.8106850617210655
profile_0058,low_frequency,47,0.37109375,0.8155240888551272
profile_0058,low_frequency,48,0.37890625,0.8187443797688034
profile_0058,low_frequency,49,0.38671875,0.8204016886341736
profile_0058,low_frequency,50,0.39453125,0.8205761080912328
profile_0058,low_frequency,51,0.40234375,0.8193698240549747
profile_0058,low_frequency,52,0.41015625,0.8169044687688403
profile_0058,low_frequency,53,0.41796875,0.813318132521228
profile_0058,low_frequency,54,0.42578125,0.8087621008518111
profile_0058,low_frequency,55,0.43359375,0.8033973890191914
profile_0058,low_frequency,56,0.44140625,0.797391148888074
profile_0058,low_frequency,57,0.44921875,0.7909130251634418
profile_0058,low_frequency,58,0.45703125,0.7841315380267702
profile_0058,low_frequency,59,0.46484375,0.7772105677258241
profile_0058,low_frequency,60,0.47265625,0.7703060135804374
profile_0058,low_frequency,61,0.48046875,0.7635626952707515
profile_0058,low_frequency,62,0.48828125,0.7571115582822641
profile_0058,low_frequency,63,0.49609375,0.7510672381333001
profile_0058,low_frequency,64,0.50390625,0.7455260296706947
profile_0058,low_frequency,65,0.51171875,0.7405642984763885
profile_0058,low_frequency,66,0.51953125,0.7362373614869997
profile_0058,low_frequency,67,0.52734375,0.7325788535096884
profile_0058,low_frequency,68,0.53515625,0.7296005856487311
profile_0058,low_frequency,69,0.54296875,0.7272928909700744
profile_0058,low_frequency,70,0.55078125,0.7256254422562083
profile_0058,low_frequency,71,0.55859375,0.7245485166653807
profile_0058,low_frequency,72,0.56640625,0.7239946727206741
profile_0058,low_frequency,73,0.57421875,0.7238807965135297
profile_0058,low_frequency,74,0.58203125,0.7241104664907756
profile_0058,low_frequency,75,0.58984375,0.7245765798585553
profile_0058,low_frequency,76,0.59765625,0.7251641786083609
profile_0058,low_frequency,77,0.60546875,0.7257534095480396
profile_0058,low_frequency,78,0.61328125,0.726222550571151
profile_0058,low_frequency,79,0.62109375,0.7264510347558604
profile_0058,low_frequency,80,0.62890625,0.7263224047510044
profile_0058,low_frequency,81,0.63671875,0.7257271322503547
profile_0058,low_frequency,82,0.64453125,0.7245652411127304
profile_0058,low_frequency,83,0.65234375,0.7227486777611853
profile_0058,low_frequency,84,0.66015625,0.7202033787665116
profile_0058,low_frequency,85,0.66796875,0.7168709928407742
profile_0058,low_frequency,86,0.67578125,0.7127102226655435
profile_0058,low_frequency,87,0.68359375,0.7076977608686899
profile_0058,low_frequency,88,0.69140625,0.7018288038409137
profile_0058,low_frequency,89,0.69921875,0.6951171367370024
profile_0058,low_frequency,90,0.70703125,0.6875947927207653
profile_0058,low_frequency,91,0.71484375,0.6793112990704848
profile_0058,low_frequency,92,0.72265625,0.6703325319519813
profile_0058,low_frequency,93,0.73046875,0.6607392102871263
profile_0058,low_frequency,94,0.73828125,0.6506250670086291
profile_0058,low_frequency,95,0.74609375,0.6400947429270751
profile_0058,low_frequency,96,0.75390625,0.6292614542949226
profile_0058,low_frequency,97,0.76171875,0.6182444898107857
profile_0058,low_frequency,98,0.76953125,0.607166596169556
profile_0058,low_frequency,99,0.77734375,0.5961513132629241
profile_0058,low_frequency,100,0.78515625,0.5853203207346132
profile_0058,low_frequency,101,0.79296875,0.5747908567905533
profile_0058,low_frequency,102,0.80078125,0.5646732679831699
profile_0058,low_frequency,103,0.80859375,0.555068745188422
profile_0058,low_frequency,104,0.81640625,0.5460672962610587
profile_0058,low_frequency,105,0.82421875,0.5377460000017644
profile_0058,low_frequency,106,0.83203125,0.5301675792380509
profile_0058,low_frequency,107,0.83984375,0.5233793231689183
profile_0058,low_frequency,108,0.84765625,0.5174123808291704
profile_0058,low_frequency,109,0.85546875,0.5122814387842307
profile_0058,low_frequency,110,0.86328125,0.5079847871711802
profile_0058,low_frequency,111,0.87109375,0.5045047691621274
profile_0058,low_frequency,112,0.87890625,0.5018086000477822
profile_0058,low_frequency,113,0.88671875,0.4998495336237052
profile_0058,low_frequency,114,0.89453125,0.4985683456016903
profile_0058,low_frequency,115,0.90234375,0.4978950965434993
profile_0058,low_frequency,116,0.91015625,0.4977511304858868
profile_0058,low_frequency,117,0.91796875,0.4980512601359395
profile_0058,low_frequency,118,0.92578125,0.49870608538173866
profile_0058,low_frequency,119,0.93359375,0.4996243889762002
profile_0058,low_frequency,120,0.94140625,0.5007155516742299
profile_0058,low_frequency,121,0.94921875,0.5018919288676977
profile_0058,low_frequency,122,0.95703125,0.503071131871371
profile_0058,low_frequency,123,0.96484375,0.5041781594374843
profile_0058,low_frequency,124,0.97265625,0.5051473287588908
profile_0058,low_frequency,125,0.98046875,0.5059239600740526
profile_0058,low_frequency,126,0.98828125,0.5064657748983143
profile_0058,low_frequency,127,0.99609375,0.5067439747378932
profile_0059,piecewise,0,0.00390625,0.4387167330777638
profile_0059,piecewise,1,0.01171875,0.8774334661555276
profile_0059,piecewise,2,0.01953125,0.8774334661555276
profile_0059,piecewise,3,0.02734375,0.8774334661555276
profile_0059,piecewise,4,0.03515625,0.8774334661555276
profile_0059,piecewise,5,0.04296875,0.8774334661555276
profile_0059,piecewise,6,0.05078125,0.8774334661555276
profile_0059,piecewise,7,0.05859375,0.8774334661555276
profile_0059,piecewise,8,0.06640625,0.8774334661555276
profile_0059,piecewise,9,0.07421875,0.8774334661555276
profile_0059,piecewise,10,0.08203125,0.8774334661555276
profile_0059,piecewise,11,0.08984375,0.8774334661555276
profile_0059,piecewise,12,0.09765625,0.8774334661555276
profile_0059,piecewise,13,0.10546875,0.8774334661555276
profile_0059,piecewise,14,0.11328125,0.8774334661555276
profile_0059,piecewise,15,0.12109375,0.8774334661555276
profile_0059,piecewise,16,0.12890625,0.8971635793945725
profile_0059,piecewise,17,0.13671875,0.9168936926336173
profile_0059,piecewise,18,0.14453125,0.9168936926336173
profile_0059,piecewise,19,0.15234375,0.9168936926336173
profile_0059,piecewise,20,0.16015625,0.9168936926336173
profile_0059,piecewise,21,0.16796875,0.9168936926336173
profile_0059,piecewise,22,0.17578125,0.9168936926336173
profile_0059,piecewise,23,0.18359375,0.9168936926336173
profile_0059,piecewise,24,0.19140625,0.9168936926336173
profile_0059,piecewise,25,0.19921875,0.9168936926336173
profile_0059,piecewise,26,0.20703125,0.9168936926336173
profile_0059,piecewise,27,0.21484375,0.9168936926336173
profile_0059,piecewise,28,0.22265625,0.9168936926336173
profile_0059,piecewise,29,0.23046875,0.9168936926336173
profile_0059,piecewise,30,0.23828125,0.9168936926336173
profile_0059,piecewise,31,0.24609375,0.9168936926336173
profile_0059,piecewise,32,0.25390625,0.8523141163423907
profile_0059,piecewise,33,0.26171875,0.7877345400511642
profile_0059,piecewise,34,0.26953125,0.7877345400511642
profile_0059,piecewise,35,0.27734375,0.7877345400511642
profile_0059,piecewise,36,0.28515625,0.7877345400511642
profile_0059,piecewise,37,0.29296875,0.7877345400511642
profile_0059,piecewise,38,0.30078125,0.7877345400511642
profile_0059,piecewise,39,0.30859375,0.7877345400511642
profile_0059,piecewise,40,0.31640625,0.7877345400511642
profile_0059,piecewise,41,0.32421875,0.7877345400511642
profile_0059,piecewise,42,0.33203125,0.7877345400511642
profile_0059,piecewise,43,0.33984375,0.7877345400511642
profile_0059,piecewise,44,0.34765625,0.7877345400511642
profile_0059,piecewise,45,0.35546875,0.7877345400511642
profile_0059,piecewise,46,0.36328125,0.7877345400511642
profile_0059,piecewise,47,0.37109375,0.7877345400511642
profile_0059,piecewise,48,0.37890625,0.6974800318967721
profile_0059,piecewise,49,0.38671875,0.60722552374238
profile_0059,piecewise,50,0.39453125,0.60722552374238
profile_0059,piecewise,51,0.40234375,0.60722552374238
profile_0059,piecewise,52,0.41015625,0.60722552374238
profile_0059,piecewise,53,0.41796875,0.60722552374238
profile_0059,piecewise,54,0.42578125,0.60722552374238
profile_0059,piecewise,55,0.43359375,0.60722552374238
profile_0059,piecewise,56,0.44140625,0.60722552374238
profile_0059,piecewise,57,0.44921875,0.60722552374238
profile_0059,piecewise,58,0.45703125,0.60722552374238
profile_0059,piecewise,59,0.46484375,0.60722552374238
profile_0059,piecewise,60,0.47265625,0.60722552374238
profile_0059,piecewise,61,0.48046875,0.60722552374238
profile_0059,piecewise,62,0.48828125,0.60722552374238
profile_0059,piecewise,63,0.49609375,0.60722552374238
profile_0059,piecewise,64,0.50390625,0.4228712768623678
profile_0059,piecewise,65,0.51171875,0.23851702998235552
profile_0059,piecewise,66,0.51953125,0.23851702998235552
profile_0059,piecewise,67,0.52734375,0.23851702998235552
profile_0059,piecewise,68,0.53515625,0.23851702998235552
profile_0059,piecewise,69,0.54296875,0.23851702998235552
profile_0059,piecewise,70,0.55078125,0.23851702998235552
profile_0059,piecewise,71,0.55859375,0.23851702998235552
profile_0059,piecewise,72,0.56640625,0.23851702998235552
profile_0059,piecewise,73,0.57421875,0.23851702998235552
profile_0059,piecewise,74,0.58203125,0.23851702998235552
profile_0059,piecewise,75,0.58984375,0.23851702998235552
profile_0059,piecewise,76,0.59765625,0.23851702998235552
profile_0059,piecewise,77,0.60546875,0.23851702998235552
profile_0059,piecewise,78,0.61328125,0.23851702998235552
profile_0059,piecewise,79,0.62109375,0.23851702998235552
profile_0059,piecewise,80,0.62890625,0.39843560622033414
profile_0059,piecewise,81,0.63671875,0.5583541824583128
profile_0059,piecewise,82,0.64453125,0.5583541824583128
profile_0059,piecewise,83,0.65234375,0.5583541824583128
profile_0059,piecewise,84,0.66015625,0.5583541824583128
profile_0059,piecewise,85,0.66796875,0.5583541824583128
profile_0059,piecewise,86,0.67578125,0.5583541824583128
profile_0059,piecewise,87,0.68359375,0.5583541824583128
profile_0059,piecewise,88,0.69140625,0.5583541824583128
profile_0059,piecewise,89,0.69921875,0.5583541824583128
profile_0059,piecewise,90,0.70703125,0.5583541824583128
profile_0059,piecewise,91,0.71484375,0.5583541824583128
profile_0059,piecewise,92,0.72265625,0.5583541824583128
profile_0059,piecewise,93,0.73046875,0.5583541824583128
profile_0059,piecewise,94,0.73828125,0.5583541824583128
profile_0059,piecewise,95,0.74609375,0.5583541824583128
profile_0059,piecewise,96,0.75390625,0.7265476469921734
profile_0059,piecewise,97,0.76171875,0.894741111526034
profile_0059,piecewise,98,0.76953125,0.894741111526034
profile_0059,piecewise,99,0.77734375,0.894741111526034
profile_0059,piecewise,100,0.78515625,0.894741111526034
profile_0059,piecewise,101,0.79296875,0.894741111526034
profile_0059,piecewise,102,0.80078125,0.894741111526034
profile_0059,piecewise,103,0.80859375,0.894741111526034
profile_0059,piecewise,104,0.81640625,0.894741111526034
profile_0059,piecewise,105,0.82421875,0.894741111526034
profile_0059,piecewise,106,0.83203125,0.894741111526034
profile_0059,piecewise,107,0.83984375,0.894741111526034
profile_0059,piecewise,108,0.84765625,0.894741111526034
profile_0059,piecewise,109,0.85546875,0.894741111526034
profile_0059,piecewise,110,0.86328125,0.894741111526034
profile_0059,piecewise,111,0.87109375,0.894741111526034
profile_0059,piecewise,112,0.87890625,0.7377926021151806
profile_0059,piecewise,113,0.88671875,0.5808440927043271
profile_0059,piecewise,114,0.89453125,0.5808440927043271
profile_0059,piecewise,115,0.90234375,0.5808440927043271
profile_0059,piecewise,116,0.91015625,0.5808440927043271
profile_0059,piecewise,117,0.91796875,0.5808440927043271
profile_0059,piecewise,118,0.92578125,0.5808440927043271
profile_0059,piecewise,119,0.93359375,0.5808440927043271
profile_0059,piecewise,120,0.94140625,0.5808440927043271
profile_0059,piecewise,121,0.94921875,0.5808440927043271
profile_0059,piecewise,122,0.95703125,0.5808440927043271
profile_0059,piecewise,123,0.96484375,0.5808440927043271
profile_0059,piecewise,124,0.97265625,0.5808440927043271
profile_0059,piecewise,125,0.98046875,0.5808440927043271
profile_0059,piecewise,126,0.98828125,0.5808440927043271
profile_0059,piecewise,127,0.99609375,0.5808440927043271
profile_0060,high_frequency,0,0.00390625,0.5318128555686532
profile_0060,high_frequency,1,0.01171875,0.506912973787286
profile_0060,high_frequency,2,0.01953125,0.5157296033677212
profile_0060,high_frequency,3,0.02734375,0.5552910043072079
profile_0060,high_frequency,4,0.03515625,0.6122625801293735
profile_0060,high_frequency,5,0.04296875,0.6674414473121291
profile_0060,high_frequency,6,0.05078125,0.7022289740974423
profile_0060,high_frequency,7,0.05859375,0.7048996497329845
profile_0060,high_frequency,8,0.06640625,0.6745532942182113
profile_0060,high_frequency,9,0.07421875,0.6214184736733419
profile_0060,high_frequency,10,0.08203125,0.5634048519116991
profile_0060,high_frequency,11,0.08984375,0.5200665452677296
profile_0060,high_frequency,12,0.09765625,0.5060111969831518
profile_0060,high_frequency,13,0.10546875,0.5259763136492112
profile_0060,high_frequency,14,0.11328125,0.5732324375615958
profile_0060,high_frequency,15,0.12109375,0.6318513829522395
profile_0060,high_frequency,16,0.12890625,0.6820750026349401
profile_0060,high_frequency,17,0.13671875,0.7069748844163073
profile_0060,high_frequency,18,0.14453125,0.6981582548358719
profile_0060,high_frequency,19,0.15234375,0.6585968538963853
profile_0060,high_frequency,20,0.16015625,0.6016252780742197
profile_0060,high_frequency,21,0.16796875,0.5464464108914642
profile_0060,high_frequency,22,0.17578125,0.5116588841061509
profile_0060,high_frequency,23,0.18359375,0.5089882084706088
profile_0060,high_frequency,24,0.19140625,0.539334563985382
profile_0060,high_frequency,25,0.19921875,0.5924693845302513
profile_0060,high_frequency,26,0.20703125,0.6504830062918942
profile_0060,high_frequency,27,0.21484375,0.6938213129358637
profile_0060,high_frequency,28,0.22265625,0.7078766612204415
profile_0060,high_frequency,29,0.23046875,0.687911544554382
profile_0060,high_frequency,30,0.23828125,0.6406554206419974
profile_0060,high_frequency,31,0.24609375,0.5820364752513536
profile_0060,high_frequency,32,0.25390625,0.5318128555686533
profile_0060,high_frequency,33,0.26171875,0.506912973787286
profile_0060,high_frequency,34,0.26953125,0.5157296033677212
profile_0060,high_frequency,35,0.27734375,0.5552910043072078
profile_0060,high_frequency,36,0.28515625,0.6122625801293736
profile_0060,high_frequency,37,0.29296875,0.6674414473121291
profile_0060,high_frequency,38,0.30078125,0.7022289740974424
profile_0060,high_frequency,39,0.30859375,0.7048996497329845
profile_0060,high_frequency,40,0.31640625,0.6745532942182112
profile_0060,high_frequency,41,0.32421875,0.6214184736733419
profile_0060,high_frequency,42,0.33203125,0.5634048519116991
profile_0060,high_frequency,43,0.33984375,0.5200665452677297
profile_0060,high_frequency,44,0.34765625,0.5060111969831518
profile_0060,high_frequency,45,0.35546875,0.5259763136492112
profile_0060,high_frequency,46,0.36328125,0.5732324375615957
profile_0060,high_frequency,47,0.37109375,0.6318513829522396
profile_0060,high_frequency,48,0.37890625,0.6820750026349399
profile_0060,high_frequency,49,0.38671875,0.7069748844163073
profile_0060,high_frequency,50,0.39453125,0.698158254835872
profile_0060,high_frequency,51,0.40234375,0.6585968538963854
profile_0060,high_frequency,52,0.41015625,0.6016252780742201
profile_0060,high_frequency,53,0.41796875,0.5464464108914645
profile_0060,high_frequency,54,0.42578125,0.5116588841061508
profile_0060,high_frequency,55,0.43359375,0.5089882084706088
profile_0060,high_frequency,56,0.44140625,0.5393345639853817
profile_0060,high_frequency,57,0.44921875,0.5924693845302517
profile_0060,high_frequency,58,0.45703125,0.6504830062918942
profile_0060,high_frequency,59,0.46484375,0.6938213129358636
profile_0060,high_frequency,60,0.47265625,0.7078766612204415
profile_0060,high_frequency,61,0.48046875,0.6879115445543821
profile_0060,high_frequency,62,0.48828125,0.6406554206419975
profile_0060,high_frequency,63,0.49609375,0.582036475251354
profile_0060,high_frequency,64,0.50390625,0.5318128555686531
profile_0060,high_frequency,65,0.51171875,0.5069129737872861
profile_0060,high_frequency,66,0.51953125,0.5157296033677212
profile_0060,high_frequency,67,0.52734375,0.5552910043072075
profile_0060,high_frequency,68,0.53515625,0.6122625801293735
profile_0060,high_frequency,69,0.54296875,0.667441447312129
profile_0060,high_frequency,70,0.55078125,0.7022289740974422
profile_0060,high_frequency,71,0.55859375,0.7048996497329845
profile_0060,high_frequency,72,0.56640625,0.6745532942182113
profile_0060,high_frequency,73,0.57421875,0.621418473673342
profile_0060,high_frequency,74,0.58203125,0.5634048519116995
profile_0060,high_frequency,75,0.58984375,0.5200665452677294
profile_0060,high_frequency,76,0.59765625,0.5060111969831518
profile_0060,high_frequency,77,0.60546875,0.5259763136492109
profile_0060,high_frequency,78,0.61328125,0.573232437561596
profile_0060,high_frequency,79,0.62109375,0.6318513829522395
profile_0060,high_frequency,80,0.62890625,0.6820750026349399
profile_0060,high_frequency,81,0.63671875,0.7069748844163072
profile_0060,high_frequency,82,0.64453125,0.6981582548358719
profile_0060,high_frequency,83,0.65234375,0.6585968538963854
profile_0060,high_frequency,84,0.66015625,0.6016252780742201
profile_0060,high_frequency,85,0.66796875,0.5464464108914641
profile_0060,high_frequency,86,0.67578125,0.5116588841061509
profile_0060,high_frequency,87,0.68359375,0.5089882084706087
profile_0060,high_frequency,88,0.69140625,0.5393345639853817
profile_0060,high_frequency,89,0.69921875,0.5924693845302516
profile_0060,high_frequency,90,0.70703125,0.650483006291894
profile_0060,high_frequency,91,0.71484375,0.6938213129358636
profile_0060,high_frequency,92,0.72265625,0.7078766612204415
profile_0060,high_frequency,93,0.73046875,0.6879115445543821
profile_0060,high_frequency,94,0.73828125,0.6406554206419977
profile_0060,high_frequency,95,0.74609375,0.5820364752513542
profile_0060,high_frequency,96,0.75390625,0.5318128555686531
profile_0060,high_frequency,97,0.76171875,0.5069129737872861
profile_0060,high_frequency,98,0.76953125,0.5157296033677211
profile_0060,high_frequency,99,0.77734375,0.5552910043072075
profile_0060,high_frequency,100,0.78515625,0.6122625801293734
profile_0060,high_frequency,101,0.79296875,0.667441447312129
profile_0060,high_frequency,102,0.80078125,0.7022289740974422
profile_0060,high_frequency,103,0.80859375,0.7048996497329845
profile_0060,high_frequency,104,0.81640625,0.6745532942182113
profile_0060,high_frequency,105,0.82421875,0.6214184736733428
profile_0060,high_frequency,106,0.83203125,0.5634048519116995
profile_0060,high_frequency,107,0.83984375,0.5200665452677296
profile_0060,high_frequency,108,0.84765625,0.5060111969831517
profile_0060,high_frequency,109,0.85546875,0.5259763136492109
profile_0060,high_frequency,110,0.86328125,0.5732324375615946
profile_0060,high_frequency,111,0.87109375,0.6318513829522387
profile_0060,high_frequency,112,0.87890625,0.6820750026349398
profile_0060,high_frequency,113,0.88671875,0.7069748844163071
profile_0060,high_frequency,114,0.89453125,0.6981582548358722
profile_0060,high_frequency,115,0.90234375,0.6585968538963868
profile_0060,high_frequency,116,0.91015625,0.601625278074221
profile_0060,high_frequency,117,0.91796875,0.5464464108914646
profile_0060,high_frequency,118,0.92578125,0.5116588841061513
profile_0060,high_frequency,119,0.93359375,0.5089882084706085
profile_0060,high_frequency,120,0.94140625,0.5393345639853816
profile_0060,high_frequency,121,0.94921875,0.59246938453025
profile_0060,high_frequency,122,0.95703125,0.6504830062918934
profile_0060,high_frequency,123,0.96484375,0.6938213129358635
profile_0060,high_frequency,124,0.97265625,0.7078766612204416
profile_0060,high_frequency,125,0.98046875,0.6879115445543826
profile_0060,high_frequency,126,0.98828125,0.6406554206419977
profile_0060,high_frequency,127,0.99609375,0.5820364752513549
profile_0061,low_frequency,0,0.00390625,1.0
profile_0061,low_frequency,1,0.01171875,1.0
profile_0061,low_frequency,2,0.01953125,1.0
profile_0061,low_frequency,3,0.02734375,1.0
profile_0061,low_frequency,4,0.03515625,1.0
profile_0061,low_frequency,5,0.04296875,1.0
profile_0061,low_frequency,6,0.05078125,1.0
profile_0061,low_frequency,7,0.05859375,1.0
profile_0061,low_frequency,8,0.06640625,1.0
profile_0061,low_frequency,9,0.07421875,1.0
profile_0061,low_frequency,10,0.08203125,1.0
profile_0061,low_frequency,11,0.08984375,1.0
profile_0061,low_frequency,12,0.09765625,0.9912251129060259
profile_0061,low_frequency,13,0.10546875,0.9796246396106283
profile_0061,low_frequency,14,0.11328125,0.9676604096757013
profile_0061,low_frequency,15,0.12109375,0.9554331370421982
profile_0061,low_frequency,16,0.12890625,0.9430451576373433
profile_0061,low_frequency,17,0.13671875,0.9305994661213881
profile_0061,low_frequency,18,0.14453125,0.9181987466522066
profile_0061,low_frequency,19,0.15234375,0.9059444068131948
profile_0061,low_frequency,20,0.16015625,0.8939356238162008
profile_0061,low_frequency,21,0.16796875,0.8822684119710884
profile_0061,low_frequency,22,0.17578125,0.8710347202081623
profile_0061,low_frequency,23,0.18359375,0.860321568151122
profile_0061,low_frequency,24,0.19140625,0.8502102288691522
profile_0061,low_frequency,25,0.19921875,0.8407754659908586
profile_0061,low_frequency,26,0.20703125,0.832084832344214
profile_0061,low_frequency,27,0.21484375,0.8241980367005164
profile_0061,low_frequency,28,0.22265625,0.8171663845521902
profile_0061,low_frequency,29,0.23046875,0.8110322981502605
profile_0061,low_frequency,30,0.23828125,0.805828920274275
profile_0061,low_frequency,31,0.24609375,0.8015798054125192
profile_0061,low_frequency,32,0.25390625,0.7982987012011482
profile_0061,low_frequency,33,0.26171875,0.7959894221153081
profile_0061,low_frequency,34,0.26953125,0.7946458165315511
profile_0061,low_frequency,35,0.27734375,0.7942518273972476
profile_0061,low_frequency,36,0.28515625,0.7947816458576473
profile_0061,low_frequency,37,0.29296875,0.7961999563132058
profile_0061,low_frequency,38,0.30078125,0.7984622705171025
profile_0061,low_frequency,39,0.30859375,0.801515347483766
profile_0061,low_frequency,40,0.31640625,0.8052976951716366
profile_0061,low_frequency,41,0.32421875,0.8097401491350413
profile_0061,low_frequency,42,0.33203125,0.8147665226181728
profile_0061,low_frequency,43,0.33984375,0.8202943218956475
profile_0061,low_frequency,44,0.34765625,0.8262355200552278
profile_0061,low_frequency,45,0.35546875,0.8324973818748349
profile_0061,low_frequency,46,0.36328125,0.8389833319730218
profile_0061,low_frequency,47,0.37109375,0.8455938580141011
profile_0061,low_frequency,48,0.37890625,0.8522274404297958
profile_0061,low_frequency,49,0.38671875,0.8587814998816272
profile_0061,low_frequency,50,0.39453125,0.8651533535343865
profile_0061,low_frequency,51,0.40234375,0.8712411711423749
profile_0061,low_frequency,52,0.41015625,0.8769449219671779
profile_0061,low_frequency,53,0.41796875,0.8821673036482904
profile_0061,low_frequency,54,0.42578125,0.8868146443348737
profile_0061,low_frequency,55,0.43359375,0.8907977696563734
profile_0061,low_frequency,56,0.44140625,0.8940328264590172
profile_0061,low_frequency,57,0.44921875,0.8964420556608805
profile_0061,low_frequency,58,0.45703125,0.8979545070760728
profile_0061,low_frequency,59,0.46484375,0.8985066896238427
profile_0061,low_frequency,60,0.47265625,0.8980431509654694
profile_0061,low_frequency,61,0.48046875,0.896516981294663
profile_0061,low_frequency,62,0.48828125,0.8938902367391865
profile_0061,low_frequency,63,0.49609375,0.8901342786054722
profile_0061,low_frequency,64,0.50390625,0.8852300255066683
profile_0061,low_frequency,65,0.51171875,0.8791681162499747
profile_0061,low_frequency,66,0.51953125,0.8719489822133255
profile_0061,low_frequency,67,0.52734375,0.8635828288061576
profile_0061,low_frequency,68,0.53515625,0.8540895264759092
profile_0061,low_frequency,69,0.54296875,0.843498412582681
profile_0061,low_frequency,70,0.55078125,0.8318480063108755
profile_0061,low_frequency,71,0.55859375,0.819185639610561
profile_0061,low_frequency,72,0.56640625,0.8055670079548358
profile_0061,low_frequency,73,0.57421875,0.7910556454550601
profile_0061,low_frequency,74,0.58203125,0.7757223295862441
profile_0061,low_frequency,75,0.58984375,0.7596444214333729
profile_0061,low_frequency,76,0.59765625,0.7429051479697564
profile_0061,low_frequency,77,0.60546875,0.7255928334149209
profile_0061,low_frequency,78,0.61328125,0.7078000871870331
profile_0061,low_frequency,79,0.62109375,0.6896229563590004
profile_0061,low_frequency,80,0.62890625,0.6711600508444868
profile_0061,low_frequency,81,0.63671875,0.6525116497772325
profile_0061,low_frequency,82,0.64453125,0.6337787977020775
profile_0061,low_frequency,83,0.65234375,0.6150623992675996
profile_0061,low_frequency,84,0.66015625,0.5964623210977353
profile_0061,low_frequency,85,0.66796875,0.5780765094233866
profile_0061,low_frequency,86,0.67578125,0.5600001318759387
profile_0061,low_frequency,87,0.68359375,0.542324751584601
profile_0061,low_frequency,88,0.69140625,0.5251375413812742
profile_0061,low_frequency,89,0.69921875,0.5085205455035418
profile_0061,low_frequency,90,0.70703125,0.49254999570256575
profile_0061,low_frequency,91,0.71484375,0.477295688112894
profile_0061,low_frequency,92,0.72265625,0.46282042663088585
profile_0061,low_frequency,93,0.73046875,0.4491795378836574
profile_0061,low_frequency,94,0.73828125,0.43642046215766184
profile_0061,low_frequency,95,0.74609375,0.42458242390221634
profile_0061,low_frequency,96,0.75390625,0.41369618463588775
profile_0061,low_frequency,97,0.76171875,0.4037838802703003
profile_0061,low_frequency,98,0.76953125,0.3948589440346073
profile_0061,low_frequency,99,0.77734375,0.3869261153426544
profile_0061,low_frequency,100,0.78515625,0.3799815341019743
profile_0061,low_frequency,101,0.79296875,0.374012919127358
profile_0061,low_frequency,102,0.80078125,0.368999828500026
profile_0061,low_frequency,103,0.80859375,0.36491399891430687
profile_0061,low_frequency,104,0.81640625,0.3617197602850154
profile_0061,low_frequency,105,0.82421875,0.3593745211578382
profile_0061,low_frequency,106,0.83203125,0.3578293197790754
profile_0061,low_frequency,107,0.83984375,0.3570294350466797
profile_0061,low_frequency,108,0.84765625,0.3569150509878225
profile_0061,low_frequency,109,0.85546875,0.3574219678947559
profile_0061,low_frequency,110,0.86328125,0.35848235280548113
profile_0061,low_frequency,111,0.87109375,0.36002552164296475
profile_0061,low_frequency,112,0.87890625,0.3619787450299182
profile_0061,low_frequency,113,0.88671875,0.3642680695783238
profile_0061,low_frequency,114,0.89453125,0.36681914631599843
profile_0061,low_frequency,115,0.90234375,0.36955805785780627
profile_0061,low_frequency,116,0.91015625,0.3724121359571366
profile_0061,low_frequency,117,0.91796875,0.37531076118362183
profile_0061,low_frequency,118,0.92578125,0.37818613666462175
profile_0061,low_frequency,119,0.93359375,0.3809740280988543
profile_0061,low_frequency,120,0.94140625,0.38361446259796717
profile_0061,low_frequency,121,0.94921875,0.38605237933240255
profile_0061,low_frequency,122,0.95703125,0.3882382254474436
profile_0061,low_frequency,123,0.96484375,0.3901284912690073
profile_0061,low_frequency,124,0.97265625,0.3916861794311337
profile_0061,low_frequency,125,0.98046875,0.3928812032221669
profile_0061,low_frequency,126,0.98828125,0.39369071015781876
profile_0061,low_frequency,127,0.99609375,0.3940993275396518
profile_0062,piecewise,0,0.00390625,0.21595259054021465
profile_0062,piecewise,1,0.01171875,0.4319051810804293
profile_0062,piecewise,2,0.01953125,0.4319051810804293
profile_0062,piecewise,3,0.02734375,0.4319051810804293
profile_0062,piecewise,4,0.03515625,0.4319051810804293
profile_0062,piecewise,5,0.04296875,0.4319051810804293
profile_0062,piecewise,6,0.05078125,0.4319051810804293
profile_0062,piecewise,7,0.05859375,0.4319051810804293
profile_0062,piecewise,8,0.06640625,0.4319051810804293
profile_0062,piecewise,9,0.07421875,0.4319051810804293
profile_0062,piecewise,10,0.08203125,0.4319051810804293
profile_0062,piecewise,11,0.08984375,0.4319051810804293
profile_0062,piecewise,12,0.09765625,0.4319051810804293
profile_0062,piecewise,13,0.10546875,0.4319051810804293
profile_0062,piecewise,14,0.11328125,0.4319051810804293
profile_0062,piecewise,15,0.12109375,0.4319051810804293
profile_0062,piecewise,16,0.12890625,0.4319051810804293
profile_0062,piecewise,17,0.13671875,0.4319051810804293
profile_0062,piecewise,18,0.14453125,0.4319051810804293
profile_0062,piecewise,19,0.15234375,0.4319051810804293
profile_0062,piecewise,20,0.16015625,0.4319051810804293
profile_0062,piecewise,21,0.16796875,0.4319051810804293
profile_0062,piecewise,22,0.17578125,0.4319051810804293
profile_0062,piecewise,23,0.18359375,0.4319051810804293
profile_0062,piecewise,24,0.19140625,0.4319051810804293
profile_0062,piecewise,25,0.19921875,0.4319051810804293
profile_0062,piecewise,26,0.20703125,0.4319051810804293
profile_0062,piecewise,27,0.21484375,0.4319051810804293
profile_0062,piecewise,28,0.22265625,0.4319051810804293
profile_0062,piecewise,29,0.23046875,0.4319051810804293
profile_0062,piecewise,30,0.23828125,0.4319051810804293
profile_0062,piecewise,31,0.24609375,0.4319051810804293
profile_0062,piecewise,32,0.25390625,0.3101605938975027
profile_0062,piecewise,33,0.26171875,0.18841600671457617
profile_0062,piecewise,34,0.26953125,0.18841600671457617
profile_0062,piecewise,35,0.27734375,0.18841600671457617
profile_0062,piecewise,36,0.28515625,0.18841600671457617
profile_0062,piecewise,37,0.29296875,0.18841600671457617
profile_0062,piecewise,38,0.30078125,0.18841600671457617
profile_0062,piecewise,39,0.30859375,0.18841600671457617
profile_0062,piecewise,40,0.31640625,0.18841600671457617
profile_0062,piecewise,41,0.32421875,0.18841600671457617
profile_0062,piecewise,42,0.33203125,0.18841600671457617
profile_0062,piecewise,43,0.33984375,0.18841600671457617
profile_0062,piecewise,44,0.34765625,0.18841600671457617
profile_0062,piecewise,45,0.35546875,0.18841600671457617
profile_0062,piecewise,46,0.36328125,0.18841600671457617
profile_0062,piecewise,47,0.37109375,0.18841600671457617
profile_0062,piecewise,48,0.37890625,0.18841600671457617
profile_0062,piecewise,49,0.38671875,0.18841600671457617
profile_0062,piecewise,50,0.39453125,0.18841600671457617
profile_0062,piecewise,51,0.40234375,0.18841600671457617
profile_0062,piecewise,52,0.41015625,0.18841600671457617
profile_0062,piecewise,53,0.41796875,0.18841600671457617
profile_0062,piecewise,54,0.42578125,0.18841600671457617
profile_0062,piecewise,55,0.43359375,0.18841600671457617
profile_0062,piecewise,56,0.44140625,0.18841600671457617
profile_0062,piecewise,57,0.44921875,0.18841600671457617
profile_0062,piecewise,58,0.45703125,0.18841600671457617
profile_0062,piecewise,59,0.46484375,0.18841600671457617
profile_0062,piecewise,60,0.47265625,0.18841600671457617
profile_0062,piecewise,61,0.48046875,0.18841600671457617
profile_0062,piecewise,62,0.48828125,0.18841600671457617
profile_0062,piecewise,63,0.49609375,0.18841600671457617
profile_0062,piecewise,64,0.50390625,0.16571204972219616
profile_0062,piecewise,65,0.51171875,0.14300809272981618
profile_0062,piecewise,66,0.51953125,0.14300809272981618
profile_0062,piecewise,67,0.52734375,0.14300809272981618
profile_0062,piecewise,68,0.53515625,0.14300809272981618
profile_0062,piecewise,69,0.54296875,0.14300809272981618
profile_0062,piecewise,70,0.55078125,0.14300809272981618
profile_0062,piecewise,71,0.55859375,0.14300809272981618
profile_0062,piecewise,72,0.56640625,0.14300809272981618
profile_0062,piecewise,73,0.57421875,0.14300809272981618
profile_0062,piecewise,74,0.58203125,0.14300809272981618
profile_0062,piecewise,75,0.58984375,0.14300809272981618
profile_0062,piecewise,76,0.59765625,0.14300809272981618
profile_0062,piecewise,77,0.60546875,0.14300809272981618
profile_0062,piecewise,78,0.61328125,0.14300809272981618
profile_0062,piecewise,79,0.62109375,0.14300809272981618
profile_0062,piecewise,80,0.62890625,0.14300809272981618
profile_0062,piecewise,81,0.63671875,0.14300809272981618
profile_0062,piecewise,82,0.64453125,0.14300809272981618
profile_0062,piecewise,83,0.65234375,0.14300809272981618
profile_0062,piecewise,84,0.66015625,0.14300809272981618
profile_0062,piecewise,85,0.66796875,0.14300809272981618
profile_0062,piecewise,86,0.67578125,0.14300809272981618
profile_0062,piecewise,87,0.68359375,0.14300809272981618
profile_0062,piecewise,88,0.69140625,0.14300809272981618
profile_0062,piecewise,89,0.69921875,0.14300809272981618
profile_0062,piecewise,90,0.70703125,0.14300809272981618
profile_0062,piecewise,91,0.71484375,0.14300809272981618
profile_0062,piecewise,92,0.72265625,0.14300809272981618
profile_0062,piecewise,93,0.73046875,0.14300809272981618
profile_0062,piecewise,94,0.73828125,0.14300809272981618
profile_0062,piecewise,95,0.74609375,0.14300809272981618
profile_0062,piecewise,96,0.75390625,0.28721233594640894
profile_0062,piecewise,97,0.76171875,0.43141657916300175
profile_0062,piecewise,98,0.76953125,0.43141657916300175
profile_0062,piecewise,99,0.77734375,0.43141657916300175
profile_0062,piecewise,100,0.78515625,0.43141657916300175
profile_0062,piecewise,101,0.79296875,0.43141657916300175
profile_0062,piecewise,102,0.80078125,0.43141657916300175
profile_0062,piecewise,103,0.80859375,0.43141657916300175
profile_0062,piecewise,104,0.81640625,0.43141657916300175
profile_0062,piecewise,105,0.82421875,0.43141657916300175
profile_0062,piecewise,106,0.83203125,0.43141657916300175
profile_0062,piecewise,107,0.83984375,0.43141657916300175
profile_0062,piecewise,108,0.84765625,0.43141657916300175
profile_0062,piecewise,109,0.85546875,0.43141657916300175
profile_0062,piecewise,110,0.86328125,0.43141657916300175
profile_0062,piecewise,111,0.87109375,0.43141657916300175
profile_0062,piecewise,112,0.87890625,0.43141657916300175
profile_0062,piecewise,113,0.88671875,0.43141657916300175
profile_0062,piecewise,114,0.89453125,0.43141657916300175
profile_0062,piecewise,115,0.90234375,0.43141657916300175
profile_0062,piecewise,116,0.91015625,0.43141657916300175
profile_0062,piecewise,117,0.91796875,0.43141657916300175
profile_0062,piecewise,118,0.92578125,0.43141657916300175
profile_0062,piecewise,119,0.93359375,0.43141657916300175
profile_0062,piecewise,120,0.94140625,0.43141657916300175
profile_0062,piecewise,121,0.94921875,0.43141657916300175
profile_0062,piecewise,122,0.95703125,0.43141657916300175
profile_0062,piecewise,123,0.96484375,0.43141657916300175
profile_0062,piecewise,124,0.97265625,0.43141657916300175
profile_0062,piecewise,125,0.98046875,0.43141657916300175
profile_0062,piecewise,126,0.98828125,0.43141657916300175
profile_0062,piecewise,127,0.99609375,0.43141657916300175
profile_0063,high_frequency,0,0.00390625,0.44810341474260823
profile_0063,high_frequency,1,0.01171875,0.5121235159915354
profile_0063,high_frequency,2,0.01953125,0.6031177123540227
profile_0063,high_frequency,3,0.02734375,0.6579674869658557
profile_0063,high_frequency,4,0.03515625,0.6386260570405381
profile_0063,high_frequency,5,0.04296875,0.5585096888864832
profile_0063,high_frequency,6,0.05078125,0.47319144690316983
profile_0063,high_frequency,7,0.05859375,0.4418526977131066
profile_0063,high_frequency,8,0.06640625,0.48623169989024195
profile_0063,high_frequency,9,0.07421875,0.5755447671192881
profile_0063,high_frequency,10,0.08203125,0.6478395050119883
profile_0063,high_frequency,11,0.08984375,0.6529683567428884
profile_0063,high_frequency,12,0.09765625,0.5873736721825091
profile_0063,high_frequency,13,0.10546875,0.4965554872576907
profile_0063,high_frequency,14,0.11328125,0.44351022773957904
profile_0063,high_frequency,15,0.12109375,0.4650329667350656
profile_0063,high_frequency,16,0.12890625,0.5461943634888456
profile_0063,high_frequency,17,0.13671875,0.6306964650048905
profile_0063,high_frequency,18,0.14453125,0.6599240240167183
profile_0063,high_frequency,19,0.15234375,0.613603218125383
profile_0063,high_frequency,20,0.16015625,0.5238646741696479
profile_0063,high_frequency,21,0.16796875,0.4529559203047836
profile_0063,high_frequency,22,0.17578125,0.4500631195560724
profile_0063,high_frequency,23,0.18359375,0.5171928756426677
profile_0063,high_frequency,24,0.19140625,0.6077803436511293
profile_0063,high_frequency,25,0.19921875,0.658989135594676
profile_0063,high_frequency,26,0.20703125,0.6352980520222042
profile_0063,high_frequency,27,0.21484375,0.5531405152592841
profile_0063,high_frequency,28,0.22265625,0.4695054551167232
profile_0063,high_frequency,29,0.23046875,0.4424066918717907
profile_0063,high_frequency,30,0.23828125,0.4906413995559036
profile_0063,high_frequency,31,0.24609375,0.580751365094989
profile_0063,high_frequency,32,0.25390625,0.6502314221501385
profile_0063,high_frequency,33,0.26171875,0.6508864294016584
profile_0063,high_frequency,34,0.26953125,0.5822620382437703
profile_0063,high_frequency,35,0.27734375,0.49195985365511
profile_0063,high_frequency,36,0.28515625,0.4426183755475753
profile_0063,high_frequency,37,0.29296875,0.4684635330741548
profile_0063,high_frequency,38,0.30078125,0.5515677212181378
profile_0063,high_frequency,39,0.30859375,0.6342853613543009
profile_0063,high_frequency,40,0.31640625,0.6592390055506471
profile_0063,high_frequency,41,0.32421875,0.6091194508580537
profile_0063,high_frequency,42,0.33203125,0.5186923426094304
profile_0063,high_frequency,43,0.33984375,0.45068283455233865
profile_0063,high_frequency,44,0.34765625,0.4522660153498861
profile_0063,high_frequency,45,0.35546875,0.5223437048118649
profile_0063,high_frequency,46,0.36328125,0.6123062113213434
profile_0063,high_frequency,47,0.37109375,0.6597506541314512
profile_0063,high_frequency,48,0.37890625,0.6317669908072453
profile_0063,high_frequency,49,0.38671875,0.5477662101376718
profile_0063,high_frequency,50,0.39453125,0.46601581602131287
profile_0063,high_frequency,51,0.40234375,0.4432223220157397
profile_0063,high_frequency,52,0.41015625,0.49519653357115756
profile_0063,high_frequency,53,0.41796875,0.5858863146205984
profile_0063,high_frequency,54,0.42578125,0.6523843072950168
profile_0063,high_frequency,55,0.43359375,0.6485638920973156
profile_0063,high_frequency,56,0.44140625,0.5770751165110045
profile_0063,high_frequency,57,0.44921875,0.4875064781307142
profile_0063,high_frequency,58,0.45703125,0.4419876493763203
profile_0063,high_frequency,59,0.46484375,0.4720929621857426
profile_0063,high_frequency,60,0.47265625,0.5569397364516236
profile_0063,high_frequency,61,0.48046875,0.6376736411676059
profile_0063,high_frequency,62,0.48828125,0.6582932550339208
profile_0063,high_frequency,63,0.49609375,0.6044956939372783
profile_0063,high_frequency,64,0.50390625,0.5135978682200159
profile_0063,high_frequency,65,0.51171875,0.4486514468325368
profile_0063,high_frequency,66,0.51953125,0.4547067951551312
profile_0063,high_frequency,67,0.52734375,0.5275635947004989
profile_0063,high_frequency,68,0.53515625,0.6166844121530279
profile_0063,high_frequency,69,0.54296875,0.660250208011325
profile_0063,high_frequency,70,0.55078125,0.6280413800314124
profile_0063,high_frequency,71,0.55859375,0.5423997206934171
profile_0063,high_frequency,72,0.56640625,0.46273093646317587
profile_0063,high_frequency,73,0.57421875,0.444297623220496
profile_0063,high_frequency,74,0.58203125,0.4998861282191794
profile_0063,high_frequency,75,0.58984375,0.5909372451529388
profile_0063,high_frequency,76,0.59765625,0.6542929739577383
profile_0063,high_frequency,77,0.60546875,0.6460063400256559
profile_0063,high_frequency,78,0.61328125,0.571825402732987
profile_0063,high_frequency,79,0.62109375,0.48320608925621067
profile_0063,high_frequency,80,0.62890625,0.4416195687004054
profile_0063,high_frequency,81,0.63671875,0.4759125104571988
profile_0063,high_frequency,82,0.64453125,0.562297467534071
profile_0063,high_frequency,83,0.65234375,0.6408531417819572
profile_0063,high_frequency,84,0.66015625,0.6570890508623721
profile_0063,high_frequency,85,0.66796875,0.5997430863984716
profile_0063,high_frequency,86,0.67578125,0.5085935240364342
profile_0063,high_frequency,87,0.68359375,0.4468666509363235
profile_0063,high_frequency,88,0.69140625,0.4573795789194701
profile_0063,high_frequency,89,0.69921875,0.5328399701366197
profile_0063,high_frequency,90,0.70703125,0.6209043986768943
profile_0063,high_frequency,91,0.71484375,0.6604865937652451
profile_0063,high_frequency,92,0.72265625,0.6241301950173895
profile_0063,high_frequency,93,0.73046875,0.537053975269642
profile_0063,high_frequency,94,0.73828125,0.4596587300048901
profile_0063,high_frequency,95,0.74609375,0.4456300049912721
profile_0063,high_frequency,96,0.75390625,0.5046988858557004
profile_0063,high_frequency,97,0.76171875,0.5958919885579507
profile_0063,high_frequency,98,0.76953125,0.6559528239931334
profile_0063,high_frequency,99,0.77734375,0.6432199345536359
profile_0063,high_frequency,100,0.78515625,0.5665255439300293
profile_0063,high_frequency,101,0.79296875,0.4790690470450679
profile_0063,high_frequency,102,0.80078125,0.4415150202584192
profile_0063,high_frequency,103,0.80859375,0.47991297626218454
profile_0063,high_frequency,104,0.81640625,0.567628007222021
profile_0063,high_frequency,105,0.82421875,0.6438162035018848
profile_0063,high_frequency,106,0.83203125,0.6556292940693264
profile_0063,high_frequency,107,0.83984375,0.5948730776894752
profile_0063,high_frequency,108,0.84765625,0.5036913659621488
profile_0063,high_frequency,109,0.85546875,0.44533274659334227
profile_0063,high_frequency,110,0.86328125,0.4602779276727057
profile_0063,high_frequency,111,0.87109375,0.5381601198696456
profile_0063,high_frequency,112,0.87890625,0.6249560045757795
profile_0063,high_frequency,113,0.88671875,0.6604592419192253
profile_0063,high_frequency,114,0.89453125,0.6200428581524549
profile_0063,high_frequency,115,0.90234375,0.5317418522353033
profile_0063,high_frequency,116,0.91015625,0.45680659786090644
profile_0063,high_frequency,117,0.91796875,0.4472162575036793
profile_0063,high_frequency,118,0.92578125,0.5096232121260273
profile_0063,high_frequency,119,0.93359375,0.6007386084247877
profile_0063,high_frequency,120,0.94140625,0.657359858677081
profile_0063,high_frequency,121,0.94921875,0.6402113883760975
profile_0063,high_frequency,122,0.95703125,0.5611883079262009
profile_0063,high_frequency,123,0.96484375,0.4751053179943345
profile_0063,high_frequency,124,0.97265625,0.44167425591671566
profile_0063,high_frequency,125,0.98046875,0.4840847221281761
profile_0063,high_frequency,126,0.98828125,0.5729185137784654
profile_0063,high_frequency,127,0.99609375,0.6465556880521699
