profile_id,family,node_index,t,h
profile_0000,constant,0,0.00390625,0.05
profile_0000,constant,1,0.01171875,0.05
profile_0000,constant,2,0.01953125,0.05
profile_0000,constant,3,0.02734375,0.05
profile_0000,constant,4,0.03515625,0.05
profile_0000,constant,5,0.04296875,0.05
profile_0000,constant,6,0.05078125,0.05
profile_0000,constant,7,0.05859375,0.05
profile_0000,constant,8,0.06640625,0.05
profile_0000,constant,9,0.07421875,0.05
profile_0000,constant,10,0.08203125,0.05
profile_0000,constant,11,0.08984375,0.05
profile_0000,constant,12,0.09765625,0.05
profile_0000,constant,13,0.10546875,0.05
profile_0000,constant,14,0.11328125,0.05
profile_0000,constant,15,0.12109375,0.05
profile_0000,constant,16,0.12890625,0.05
profile_0000,constant,17,0.13671875,0.05
profile_0000,constant,18,0.14453125,0.05
profile_0000,constant,19,0.15234375,0.05
profile_0000,constant,20,0.16015625,0.05
profile_0000,constant,21,0.16796875,0.05
profile_0000,constant,22,0.17578125,0.05
profile_0000,constant,23,0.18359375,0.05
profile_0000,constant,24,0.19140625,0.05
profile_0000,constant,25,0.19921875,0.05
profile_0000,constant,26,0.20703125,0.05
profile_0000,constant,27,0.21484375,0.05
profile_0000,constant,28,0.22265625,0.05
profile_0000,constant,29,0.23046875,0.05
profile_0000,constant,30,0.23828125,0.05
profile_0000,constant,31,0.24609375,0.05
profile_0000,constant,32,0.25390625,0.05
profile_0000,constant,33,0.26171875,0.05
profile_0000,constant,34,0.26953125,0.05
profile_0000,constant,35,0.27734375,0.05
profile_0000,constant,36,0.28515625,0.05
profile_0000,constant,37,0.29296875,0.05
profile_0000,constant,38,0.30078125,0.05
profile_0000,constant,39,0.30859375,0.05
profile_0000,constant,40,0.31640625,0.05
profile_0000,constant,41,0.32421875,0.05
profile_0000,constant,42,0.33203125,0.05
profile_0000,constant,43,0.33984375,0.05
profile_0000,constant,44,0.34765625,0.05
profile_0000,constant,45,0.35546875,0.05
profile_0000,constant,46,0.36328125,0.05
profile_0000,constant,47,0.37109375,0.05
profile_0000,constant,48,0.37890625,0.05
profile_0000,constant,49,0.38671875,0.05
profile_0000,constant,50,0.39453125,0.05
profile_0000,constant,51,0.40234375,0.05
profile_0000,constant,52,0.41015625,0.05
profile_0000,constant,53,0.41796875,0.05
profile_0000,constant,54,0.42578125,0.05
profile_0000,constant,55,0.43359375,0.05
profile_0000,constant,56,0.44140625,0.05
profile_0000,constant,57,0.44921875,0.05
profile_0000,constant,58,0.45703125,0.05
profile_0000,constant,59,0.46484375,0.05
profile_0000,constant,60,0.47265625,0.05
profile_0000,constant,61,0.48046875,0.05
profile_0000,constant,62,0.48828125,0.05
profile_0000,constant,63,0.49609375,0.05
profile_0000,constant,64,0.50390625,0.05
profile_0000,constant,65,0.51171875,0.05
profile_0000,constant,66,0.51953125,0.05
profile_0000,constant,67,0.52734375,0.05
profile_0000,constant,68,0.53515625,0.05
profile_0000,constant,69,0.54296875,0.05
profile_0000,constant,70,0.55078125,0.05
profile_0000,constant,71,0.55859375,0.05
profile_0000,constant,72,0.56640625,0.05
profile_0000,constant,73,0.57421875,0.05
profile_0000,constant,74,0.58203125,0.05
profile_0000,constant,75,0.58984375,0.05
profile_0000,constant,76,0.59765625,0.05
profile_0000,constant,77,0.60546875,0.05
profile_0000,constant,78,0.61328125,0.05
profile_0000,constant,79,0.62109375,0.05
profile_0000,constant,80,0.62890625,0.05
profile_0000,constant,81,0.63671875,0.05
profile_0000,constant,82,0.64453125,0.05
profile_0000,constant,83,0.65234375,0.05
profile_0000,constant,84,0.66015625,0.05
profile_0000,constant,85,0.66796875,0.05
profile_0000,constant,86,0.67578125,0.05
profile_0000,constant,87,0.68359375,0.05
profile_0000,constant,88,0.69140625,0.05
profile_0000,constant,89,0.69921875,0.05
profile_0000,constant,90,0.70703125,0.05
profile_0000,constant,91,0.71484375,0.05
profile_0000,constant,92,0.72265625,0.05
profile_0000,constant,93,0.73046875,0.05
profile_0000,constant,94,0.73828125,0.05
profile_0000,constant,95,0.74609375,0.05
profile_0000,constant,96,0.75390625,0.05
profile_0000,constant,97,0.76171875,0.05
profile_0000,constant,98,0.76953125,0.05
profile_0000,constant,99,0.77734375,0.05
profile_0000,constant,100,0.78515625,0.05
profile_0000,constant,101,0.79296875,0.05
profile_0000,constant,102,0.80078125,0.05
profile_0000,constant,103,0.80859375,0.05
profile_0000,constant,104,0.81640625,0.05
profile_0000,constant,105,0.82421875,0.05
profile_0000,constant,106,0.83203125,0.05
profile_0000,constant,107,0.83984375,0.05
profile_0000,constant,108,0.84765625,0.05
profile_0000,constant,109,0.85546875,0.05
profile_0000,constant,110,0.86328125,0.05
profile_0000,constant,111,0.87109375,0.05
profile_0000,constant,112,0.87890625,0.05
profile_0000,constant,113,0.88671875,0.05
profile_0000,constant,114,0.89453125,0.05
profile_0000,constant,115,0.90234375,0.05
profile_0000,constant,116,0.91015625,0.05
profile_0000,constant,117,0.91796875,0.05
profile_0000,constant,118,0.92578125,0.05
profile_0000,constant,119,0.93359375,0.05
profile_0000,constant,120,0.94140625,0.05
profile_0000,constant,121,0.94921875,0.05
profile_0000,constant,122,0.95703125,0.05
profile_0000,constant,123,0.96484375,0.05
profile_0000,constant,124,0.97265625,0.05
profile_0000,constant,125,0.98046875,0.05
profile_0000,constant,126,0.98828125,0.05
profile_0000,constant,127,0.99609375,0.05
profile_0001,constant,0,0.00390625,0.15
profile_0001,constant,1,0.01171875,0.15
profile_0001,constant,2,0.01953125,0.15
profile_0001,constant,3,0.02734375,0.15
profile_0001,constant,4,0.03515625,0.15
profile_0001,constant,5,0.04296875,0.15
profile_0001,constant,6,0.05078125,0.15
profile_0001,constant,7,0.05859375,0.15
profile_0001,constant,8,0.06640625,0.15
profile_0001,constant,9,0.07421875,0.15
profile_0001,constant,10,0.08203125,0.15
profile_0001,constant,11,0.08984375,0.15
profile_0001,constant,12,0.09765625,0.15
profile_0001,constant,13,0.10546875,0.15
profile_0001,constant,14,0.11328125,0.15
profile_0001,constant,15,0.12109375,0.15
profile_0001,constant,16,0.12890625,0.15
profile_0001,constant,17,0.13671875,0.15
profile_0001,constant,18,0.14453125,0.15
profile_0001,constant,19,0.15234375,0.15
profile_0001,constant,20,0.16015625,0.15
profile_0001,constant,21,0.16796875,0.15
profile_0001,constant,22,0.17578125,0.15
profile_0001,constant,23,0.18359375,0.15
profile_0001,constant,24,0.19140625,0.15
profile_0001,constant,25,0.19921875,0.15
profile_0001,constant,26,0.20703125,0.15
profile_0001,constant,27,0.21484375,0.15
profile_0001,constant,28,0.22265625,0.15
profile_0001,constant,29,0.23046875,0.15
profile_0001,constant,30,0.23828125,0.15
profile_0001,constant,31,0.24609375,0.15
profile_0001,constant,32,0.25390625,0.15
profile_0001,constant,33,0.26171875,0.15
profile_0001,constant,34,0.26953125,0.15
profile_0001,constant,35,0.27734375,0.15
profile_0001,constant,36,0.28515625,0.15
profile_0001,constant,37,0.29296875,0.15
profile_0001,constant,38,0.30078125,0.15
profile_0001,constant,39,0.30859375,0.15
profile_0001,constant,40,0.31640625,0.15
profile_0001,constant,41,0.32421875,0.15
profile_0001,constant,42,0.33203125,0.15
profile_0001,constant,43,0.33984375,0.15
profile_0001,constant,44,0.34765625,0.15
profile_0001,constant,45,0.35546875,0.15
profile_0001,constant,46,0.36328125,0.15
profile_0001,constant,47,0.37109375,0.15
profile_0001,constant,48,0.37890625,0.15
profile_0001,constant,49,0.38671875,0.15
profile_0001,constant,50,0.39453125,0.15
profile_0001,constant,51,0.40234375,0.15
profile_0001,constant,52,0.41015625,0.15
profile_0001,constant,53,0.41796875,0.15
profile_0001,constant,54,0.42578125,0.15
profile_0001,constant,55,0.43359375,0.15
profile_0001,constant,56,0.44140625,0.15
profile_0001,constant,57,0.44921875,0.15
profile_0001,constant,58,0.45703125,0.15
profile_0001,constant,59,0.46484375,0.15
profile_0001,constant,60,0.47265625,0.15
profile_0001,constant,61,0.48046875,0.15
profile_0001,constant,62,0.48828125,0.15
profile_0001,constant,63,0.49609375,0.15
profile_0001,constant,64,0.50390625,0.15
profile_0001,constant,65,0.51171875,0.15
profile_0001,constant,66,0.51953125,0.15
profile_0001,constant,67,0.52734375,0.15
profile_0001,constant,68,0.53515625,0.15
profile_0001,constant,69,0.54296875,0.15
profile_0001,constant,70,0.55078125,0.15
profile_0001,constant,71,0.55859375,0.15
profile_0001,constant,72,0.56640625,0.15
profile_0001,constant,73,0.57421875,0.15
profile_0001,constant,74,0.58203125,0.15
profile_0001,constant,75,0.58984375,0.15
profile_0001,constant,76,0.59765625,0.15
profile_0001,constant,77,0.60546875,0.15
profile_0001,constant,78,0.61328125,0.15
profile_0001,constant,79,0.62109375,0.15
profile_0001,constant,80,0.62890625,0.15
profile_0001,constant,81,0.63671875,0.15
profile_0001,constant,82,0.64453125,0.15
profile_0001,constant,83,0.65234375,0.15
profile_0001,constant,84,0.66015625,0.15
profile_0001,constant,85,0.66796875,0.15
profile_0001,constant,86,0.67578125,0.15
profile_0001,constant,87,0.68359375,0.15
profile_0001,constant,88,0.69140625,0.15
profile_0001,constant,89,0.69921875,0.15
profile_0001,constant,90,0.70703125,0.15
profile_0001,constant,91,0.71484375,0.15
profile_0001,constant,92,0.72265625,0.15
profile_0001,constant,93,0.73046875,0.15
profile_0001,constant,94,0.73828125,0.15
profile_0001,constant,95,0.74609375,0.15
profile_0001,constant,96,0.75390625,0.15
profile_0001,constant,97,0.76171875,0.15
profile_0001,constant,98,0.76953125,0.15
profile_0001,constant,99,0.77734375,0.15
profile_0001,constant,100,0.78515625,0.15
profile_0001,constant,101,0.79296875,0.15
profile_0001,constant,102,0.80078125,0.15
profile_0001,constant,103,0.80859375,0.15
profile_0001,constant,104,0.81640625,0.15
profile_0001,constant,105,0.82421875,0.15
profile_0001,constant,106,0.83203125,0.15
profile_0001,constant,107,0.83984375,0.15
profile_0001,constant,108,0.84765625,0.15
profile_0001,constant,109,0.85546875,0.15
profile_0001,constant,110,0.86328125,0.15
profile_0001,constant,111,0.87109375,0.15
profile_0001,constant,112,0.87890625,0.15
profile_0001,constant,113,0.88671875,0.15
profile_0001,constant,114,0.89453125,0.15
profile_0001,constant,115,0.90234375,0.15
profile_0001,constant,116,0.91015625,0.15
profile_0001,constant,117,0.91796875,0.15
profile_0001,constant,118,0.92578125,0.15
profile_0001,constant,119,0.93359375,0.15
profile_0001,constant,120,0.94140625,0.15
profile_0001,constant,121,0.94921875,0.15
profile_0001,constant,122,0.95703125,0.15
profile_0001,constant,123,0.96484375,0.15
profile_0001,constant,124,0.97265625,0.15
profile_0001,constant,125,0.98046875,0.15
profile_0001,constant,126,0.98828125,0.15
profile_0001,constant,127,0.99609375,0.15
profile_0002,constant,0,0.00390625,0.25
profile_0002,constant,1,0.01171875,0.25
profile_0002,constant,2,0.01953125,0.25
profile_0002,constant,3,0.02734375,0.25
profile_0002,constant,4,0.03515625,0.25
profile_0002,constant,5,0.04296875,0.25
profile_0002,constant,6,0.05078125,0.25
profile_0002,constant,7,0.05859375,0.25
profile_0002,constant,8,0.06640625,0.25
profile_0002,constant,9,0.07421875,0.25
profile_0002,constant,10,0.08203125,0.25
profile_0002,constant,11,0.08984375,0.25
profile_0002,constant,12,0.09765625,0.25
profile_0002,constant,13,0.10546875,0.25
profile_0002,constant,14,0.11328125,0.25
profile_0002,constant,15,0.12109375,0.25
profile_0002,constant,16,0.12890625,0.25
profile_0002,constant,17,0.13671875,0.25
profile_0002,constant,18,0.14453125,0.25
profile_0002,constant,19,0.15234375,0.25
profile_0002,constant,20,0.16015625,0.25
profile_0002,constant,21,0.16796875,0.25
profile_0002,constant,22,0.17578125,0.25
profile_0002,constant,23,0.18359375,0.25
profile_0002,constant,24,0.19140625,0.25
profile_0002,constant,25,0.19921875,0.25
profile_0002,constant,26,0.20703125,0.25
profile_0002,constant,27,0.21484375,0.25
profile_0002,constant,28,0.22265625,0.25
profile_0002,constant,29,0.23046875,0.25
profile_0002,constant,30,0.23828125,0.25
profile_0002,constant,31,0.24609375,0.25
profile_0002,constant,32,0.25390625,0.25
profile_0002,constant,33,0.26171875,0.25
profile_0002,constant,34,0.26953125,0.25
profile_0002,constant,35,0.27734375,0.25
profile_0002,constant,36,0.28515625,0.25
profile_0002,constant,37,0.29296875,0.25
profile_0002,constant,38,0.30078125,0.25
profile_0002,constant,39,0.30859375,0.25
profile_0002,constant,40,0.31640625,0.25
profile_0002,constant,41,0.32421875,0.25
profile_0002,constant,42,0.33203125,0.25
profile_0002,constant,43,0.33984375,0.25
profile_0002,constant,44,0.34765625,0.25
profile_0002,constant,45,0.35546875,0.25
profile_0002,constant,46,0.36328125,0.25
profile_0002,constant,47,0.37109375,0.25
profile_0002,constant,48,0.37890625,0.25
profile_0002,constant,49,0.38671875,0.25
profile_0002,constant,50,0.39453125,0.25
profile_0002,constant,51,0.40234375,0.25
profile_0002,constant,52,0.41015625,0.25
profile_0002,constant,53,0.41796875,0.25
profile_0002,constant,54,0.42578125,0.25
profile_0002,constant,55,0.43359375,0.25
profile_0002,constant,56,0.44140625,0.25
profile_0002,constant,57,0.44921875,0.25
profile_0002,constant,58,0.45703125,0.25
profile_0002,constant,59,0.46484375,0.25
profile_0002,constant,60,0.47265625,0.25
profile_0002,constant,61,0.48046875,0.25
profile_0002,constant,62,0.48828125,0.25
profile_0002,constant,63,0.49609375,0.25
profile_0002,constant,64,0.50390625,0.25
profile_0002,constant,65,0.51171875,0.25
profile_0002,constant,66,0.51953125,0.25
profile_0002,constant,67,0.52734375,0.25
profile_0002,constant,68,0.53515625,0.25
profile_0002,constant,69,0.54296875,0.25
profile_0002,constant,70,0.55078125,0.25
profile_0002,constant,71,0.55859375,0.25
profile_0002,constant,72,0.56640625,0.25
profile_0002,constant,73,0.57421875,0.25
profile_0002,constant,74,0.58203125,0.25
profile_0002,constant,75,0.58984375,0.25
profile_0002,constant,76,0.59765625,0.25
profile_0002,constant,77,0.60546875,0.25
profile_0002,constant,78,0.61328125,0.25
profile_0002,constant,79,0.62109375,0.25
profile_0002,constant,80,0.62890625,0.25
profile_0002,constant,81,0.63671875,0.25
profile_0002,constant,82,0.64453125,0.25
profile_0002,constant,83,0.65234375,0.25
profile_0002,constant,84,0.66015625,0.25
profile_0002,constant,85,0.66796875,0.25
profile_0002,constant,86,0.67578125,0.25
profile_0002,constant,87,0.68359375,0.25
profile_0002,constant,88,0.69140625,0.25
profile_0002,constant,89,0.69921875,0.25
profile_0002,constant,90,0.70703125,0.25
profile_0002,constant,91,0.71484375,0.25
profile_0002,constant,92,0.72265625,0.25
profile_0002,constant,93,0.73046875,0.25
profile_0002,constant,94,0.73828125,0.25
profile_0002,constant,95,0.74609375,0.25
profile_0002,constant,96,0.75390625,0.25
profile_0002,constant,97,0.76171875,0.25
profile_0002,constant,98,0.76953125,0.25
profile_0002,constant,99,0.77734375,0.25
profile_0002,constant,100,0.78515625,0.25
profile_0002,constant,101,0.79296875,0.25
profile_0002,constant,102,0.80078125,0.25
profile_0002,constant,103,0.80859375,0.25
profile_0002,constant,104,0.81640625,0.25
profile_0002,constant,105,0.82421875,0.25
profile_0002,constant,106,0.83203125,0.25
profile_0002,constant,107,0.83984375,0.25
profile_0002,constant,108,0.84765625,0.25
profile_0002,constant,109,0.85546875,0.25
profile_0002,constant,110,0.86328125,0.25
profile_0002,constant,111,0.87109375,0.25
profile_0002,constant,112,0.87890625,0.25
profile_0002,constant,113,0.88671875,0.25
profile_0002,constant,114,0.89453125,0.25
profile_0002,constant,115,0.90234375,0.25
profile_0002,constant,116,0.91015625,0.25
profile_0002,constant,117,0.91796875,0.25
profile_0002,constant,118,0.92578125,0.25
profile_0002,constant,119,0.93359375,0.25
profile_0002,constant,120,0.94140625,0.25
profile_0002,constant,121,0.94921875,0.25
profile_0002,constant,122,0.95703125,0.25
profile_0002,constant,123,0.96484375,0.25
profile_0002,constant,124,0.97265625,0.25
profile_0002,constant,125,0.98046875,0.25
profile_0002,constant,126,0.98828125,0.25
profile_0002,constant,127,0.99609375,0.25
profile_0003,constant,0,0.00390625,0.35
profile_0003,constant,1,0.01171875,0.35
profile_0003,constant,2,0.01953125,0.35
profile_0003,constant,3,0.02734375,0.35
profile_0003,constant,4,0.03515625,0.35
profile_0003,constant,5,0.04296875,0.35
profile_0003,constant,6,0.05078125,0.35
profile_0003,constant,7,0.05859375,0.35
profile_0003,constant,8,0.06640625,0.35
profile_0003,constant,9,0.07421875,0.35
profile_0003,constant,10,0.08203125,0.35
profile_0003,constant,11,0.08984375,0.35
profile_0003,constant,12,0.09765625,0.35
profile_0003,constant,13,0.10546875,0.35
profile_0003,constant,14,0.11328125,0.35
profile_0003,constant,15,0.12109375,0.35
profile_0003,constant,16,0.12890625,0.35
profile_0003,constant,17,0.13671875,0.35
profile_0003,constant,18,0.14453125,0.35
profile_0003,constant,19,0.15234375,0.35
profile_0003,constant,20,0.16015625,0.35
profile_0003,constant,21,0.16796875,0.35
profile_0003,constant,22,0.17578125,0.35
profile_0003,constant,23,0.18359375,0.35
profile_0003,constant,24,0.19140625,0.35
profile_0003,constant,25,0.19921875,0.35
profile_0003,constant,26,0.20703125,0.35
profile_0003,constant,27,0.21484375,0.35
profile_0003,constant,28,0.22265625,0.35
profile_0003,constant,29,0.23046875,0.35
profile_0003,constant,30,0.23828125,0.35
profile_0003,constant,31,0.24609375,0.35
profile_0003,constant,32,0.25390625,0.35
profile_0003,constant,33,0.26171875,0.35
profile_0003,constant,34,0.26953125,0.35
profile_0003,constant,35,0.27734375,0.35
profile_0003,constant,36,0.28515625,0.35
profile_0003,constant,37,0.29296875,0.35
profile_0003,constant,38,0.30078125,0.35
profile_0003,constant,39,0.30859375,0.35
profile_0003,constant,40,0.31640625,0.35
profile_0003,constant,41,0.32421875,0.35
profile_0003,constant,42,0.33203125,0.35
profile_0003,constant,43,0.33984375,0.35
profile_0003,constant,44,0.34765625,0.35
profile_0003,constant,45,0.35546875,0.35
profile_0003,constant,46,0.36328125,0.35
profile_0003,constant,47,0.37109375,0.35
profile_0003,constant,48,0.37890625,0.35
profile_0003,constant,49,0.38671875,0.35
profile_0003,constant,50,0.39453125,0.35
profile_0003,constant,51,0.40234375,0.35
profile_0003,constant,52,0.41015625,0.35
profile_0003,constant,53,0.41796875,0.35
profile_0003,constant,54,0.42578125,0.35
profile_0003,constant,55,0.43359375,0.35
profile_0003,constant,56,0.44140625,0.35
profile_0003,constant,57,0.44921875,0.35
profile_0003,constant,58,0.45703125,0.35
profile_0003,constant,59,0.46484375,0.35
profile_0003,constant,60,0.47265625,0.35
profile_0003,constant,61,0.48046875,0.35
profile_0003,constant,62,0.48828125,0.35
profile_0003,constant,63,0.49609375,0.35
profile_0003,constant,64,0.50390625,0.35
profile_0003,constant,65,0.51171875,0.35
profile_0003,constant,66,0.51953125,0.35
profile_0003,constant,67,0.52734375,0.35
profile_0003,constant,68,0.53515625,0.35
profile_0003,constant,69,0.54296875,0.35
profile_0003,constant,70,0.55078125,0.35
profile_0003,constant,71,0.55859375,0.35
profile_0003,constant,72,0.56640625,0.35
profile_0003,constant,73,0.57421875,0.35
profile_0003,constant,74,0.58203125,0.35
profile_0003,constant,75,0.58984375,0.35
profile_0003,constant,76,0.59765625,0.35
profile_0003,constant,77,0.60546875,0.35
profile_0003,constant,78,0.61328125,0.35
profile_0003,constant,79,0.62109375,0.35
profile_0003,constant,80,0.62890625,0.35
profile_0003,constant,81,0.63671875,0.35
profile_0003,constant,82,0.64453125,0.35
profile_0003,constant,83,0.65234375,0.35
profile_0003,constant,84,0.66015625,0.35
profile_0003,constant,85,0.66796875,0.35
profile_0003,constant,86,0.67578125,0.35
profile_0003,constant,87,0.68359375,0.35
profile_0003,constant,88,0.69140625,0.35
profile_0003,constant,89,0.69921875,0.35
profile_0003,constant,90,0.70703125,0.35
profile_0003,constant,91,0.71484375,0.35
profile_0003,constant,92,0.72265625,0.35
profile_0003,constant,93,0.73046875,0.35
profile_0003,constant,94,0.73828125,0.35
profile_0003,constant,95,0.74609375,0.35
profile_0003,constant,96,0.75390625,0.35
profile_0003,constant,97,0.76171875,0.35
profile_0003,constant,98,0.76953125,0.35
profile_0003,constant,99,0.77734375,0.35
profile_0003,constant,100,0.78515625,0.35
profile_0003,constant,101,0.79296875,0.35
profile_0003,constant,102,0.80078125,0.35
profile_0003,constant,103,0.80859375,0.35
profile_0003,constant,104,0.81640625,0.35
profile_0003,constant,105,0.82421875,0.35
profile_0003,constant,106,0.83203125,0.35
profile_0003,constant,107,0.83984375,0.35
profile_0003,constant,108,0.84765625,0.35
profile_0003,constant,109,0.85546875,0.35
profile_0003,constant,110,0.86328125,0.35
profile_0003,constant,111,0.87109375,0.35
profile_0003,constant,112,0.87890625,0.35
profile_0003,constant,113,0.88671875,0.35
profile_0003,constant,114,0.89453125,0.35
profile_0003,constant,115,0.90234375,0.35
profile_0003,constant,116,0.91015625,0.35
profile_0003,constant,117,0.91796875,0.35
profile_0003,constant,118,0.92578125,0.35
profile_0003,constant,119,0.93359375,0.35
profile_0003,constant,120,0.94140625,0.35
profile_0003,constant,121,0.94921875,0.35
profile_0003,constant,122,0.95703125,0.35
profile_0003,constant,123,0.96484375,0.35
profile_0003,constant,124,0.97265625,0.35
profile_0003,constant,125,0.98046875,0.35
profile_0003,constant,126,0.98828125,0.35
profile_0003,constant,127,0.99609375,0.35
profile_0004,constant,0,0.00390625,0.44999999999999996
profile_0004,constant,1,0.01171875,0.44999999999999996
profile_0004,constant,2,0.01953125,0.44999999999999996
profile_0004,constant,3,0.02734375,0.44999999999999996
profile_0004,constant,4,0.03515625,0.44999999999999996
profile_0004,constant,5,0.04296875,0.44999999999999996
profile_0004,constant,6,0.05078125,0.44999999999999996
profile_0004,constant,7,0.05859375,0.44999999999999996
profile_0004,constant,8,0.06640625,0.44999999999999996
profile_0004,constant,9,0.07421875,0.44999999999999996
profile_0004,constant,10,0.08203125,0.44999999999999996
profile_0004,constant,11,0.08984375,0.44999999999999996
profile_0004,constant,12,0.09765625,0.44999999999999996
profile_0004,constant,13,0.10546875,0.44999999999999996
profile_0004,constant,14,0.11328125,0.44999999999999996
profile_0004,constant,15,0.12109375,0.44999999999999996
profile_0004,constant,16,0.12890625,0.44999999999999996
profile_0004,constant,17,0.13671875,0.44999999999999996
profile_0004,constant,18,0.14453125,0.44999999999999996
profile_0004,constant,19,0.15234375,0.44999999999999996
profile_0004,constant,20,0.16015625,0.44999999999999996
profile_0004,constant,21,0.16796875,0.44999999999999996
profile_0004,constant,22,0.17578125,0.44999999999999996
profile_0004,constant,23,0.18359375,0.44999999999999996
profile_0004,constant,24,0.19140625,0.44999999999999996
profile_0004,constant,25,0.19921875,0.44999999999999996
profile_0004,constant,26,0.20703125,0.44999999999999996
profile_0004,constant,27,0.21484375,0.44999999999999996
profile_0004,constant,28,0.22265625,0.44999999999999996
profile_0004,constant,29,0.23046875,0.44999999999999996
profile_0004,constant,30,0.23828125,0.44999999999999996
profile_0004,constant,31,0.24609375,0.44999999999999996
profile_0004,constant,32,0.25390625,0.44999999999999996
profile_0004,constant,33,0.26171875,0.44999999999999996
profile_0004,constant,34,0.26953125,0.44999999999999996
profile_0004,constant,35,0.27734375,0.44999999999999996
profile_0004,constant,36,0.28515625,0.44999999999999996
profile_0004,constant,37,0.29296875,0.44999999999999996
profile_0004,constant,38,0.30078125,0.44999999999999996
profile_0004,constant,39,0.30859375,0.44999999999999996
profile_0004,constant,40,0.31640625,0.44999999999999996
profile_0004,constant,41,0.32421875,0.44999999999999996
profile_0004,constant,42,0.33203125,0.44999999999999996
profile_0004,constant,43,0.33984375,0.44999999999999996
profile_0004,constant,44,0.34765625,0.44999999999999996
profile_0004,constant,45,0.35546875,0.44999999999999996
profile_0004,constant,46,0.36328125,0.44999999999999996
profile_0004,constant,47,0.37109375,0.44999999999999996
profile_0004,constant,48,0.37890625,0.44999999999999996
profile_0004,constant,49,0.38671875,0.44999999999999996
profile_0004,constant,50,0.39453125,0.44999999999999996
profile_0004,constant,51,0.40234375,0.44999999999999996
profile_0004,constant,52,0.41015625,0.44999999999999996
profile_0004,constant,53,0.41796875,0.44999999999999996
profile_0004,constant,54,0.42578125,0.44999999999999996
profile_0004,constant,55,0.43359375,0.44999999999999996
profile_0004,constant,56,0.44140625,0.44999999999999996
profile_0004,constant,57,0.44921875,0.44999999999999996
profile_0004,constant,58,0.45703125,0.44999999999999996
profile_0004,constant,59,0.46484375,0.44999999999999996
profile_0004,constant,60,0.47265625,0.44999999999999996
profile_0004,constant,61,0.48046875,0.44999999999999996
profile_0004,constant,62,0.48828125,0.44999999999999996
profile_0004,constant,63,0.49609375,0.44999999999999996
profile_0004,constant,64,0.50390625,0.44999999999999996
profile_0004,constant,65,0.51171875,0.44999999999999996
profile_0004,constant,66,0.51953125,0.44999999999999996
profile_0004,constant,67,0.52734375,0.44999999999999996
profile_0004,constant,68,0.53515625,0.44999999999999996
profile_0004,constant,69,0.54296875,0.44999999999999996
profile_0004,constant,70,0.55078125,0.44999999999999996
profile_0004,constant,71,0.55859375,0.44999999999999996
profile_0004,constant,72,0.56640625,0.44999999999999996
profile_0004,constant,73,0.57421875,0.44999999999999996
profile_0004,constant,74,0.58203125,0.44999999999999996
profile_0004,constant,75,0.58984375,0.44999999999999996
profile_0004,constant,76,0.59765625,0.44999999999999996
profile_0004,constant,77,0.60546875,0.44999999999999996
profile_0004,constant,78,0.61328125,0.44999999999999996
profile_0004,constant,79,0.62109375,0.44999999999999996
profile_0004,constant,80,0.62890625,0.44999999999999996
profile_0004,constant,81,0.63671875,0.44999999999999996
profile_0004,constant,82,0.64453125,0.44999999999999996
profile_0004,constant,83,0.65234375,0.44999999999999996
profile_0004,constant,84,0.66015625,0.44999999999999996
profile_0004,constant,85,0.66796875,0.44999999999999996
profile_0004,constant,86,0.67578125,0.44999999999999996
profile_0004,constant,87,0.68359375,0.44999999999999996
profile_0004,constant,88,0.69140625,0.44999999999999996
profile_0004,constant,89,0.69921875,0.44999999999999996
profile_0004,constant,90,0.70703125,0.44999999999999996
profile_0004,constant,91,0.71484375,0.44999999999999996
profile_0004,constant,92,0.72265625,0.44999999999999996
profile_0004,constant,93,0.73046875,0.44999999999999996
profile_0004,constant,94,0.73828125,0.44999999999999996
profile_0004,constant,95,0.74609375,0.44999999999999996
profile_0004,constant,96,0.75390625,0.44999999999999996
profile_0004,constant,97,0.76171875,0.44999999999999996
profile_0004,constant,98,0.76953125,0.44999999999999996
profile_0004,constant,99,0.77734375,0.44999999999999996
profile_0004,constant,100,0.78515625,0.44999999999999996
profile_0004,constant,101,0.79296875,0.44999999999999996
profile_0004,constant,102,0.80078125,0.44999999999999996
profile_0004,constant,103,0.80859375,0.44999999999999996
profile_0004,constant,104,0.81640625,0.44999999999999996
profile_0004,constant,105,0.82421875,0.44999999999999996
profile_0004,constant,106,0.83203125,0.44999999999999996
profile_0004,constant,107,0.83984375,0.44999999999999996
profile_0004,constant,108,0.84765625,0.44999999999999996
profile_0004,constant,109,0.85546875,0.44999999999999996
profile_0004,constant,110,0.86328125,0.44999999999999996
profile_0004,constant,111,0.87109375,0.44999999999999996
profile_0004,constant,112,0.87890625,0.44999999999999996
profile_0004,constant,113,0.88671875,0.44999999999999996
profile_0004,constant,114,0.89453125,0.44999999999999996
profile_0004,constant,115,0.90234375,0.44999999999999996
profile_0004,constant,116,0.91015625,0.44999999999999996
profile_0004,constant,117,0.91796875,0.44999999999999996
profile_0004,constant,118,0.92578125,0.44999999999999996
profile_0004,constant,119,0.93359375,0.44999999999999996
profile_0004,constant,120,0.94140625,0.44999999999999996
profile_0004,constant,121,0.94921875,0.44999999999999996
profile_0004,constant,122,0.95703125,0.44999999999999996
profile_0004,constant,123,0.96484375,0.44999999999999996
profile_0004,constant,124,0.97265625,0.44999999999999996
profile_0004,constant,125,0.98046875,0.44999999999999996
profile_0004,constant,126,0.98828125,0.44999999999999996
profile_0004,constant,127,0.99609375,0.44999999999999996
profile_0005,constant,0,0.00390625,0.5499999999999999
profile_0005,constant,1,0.01171875,0.5499999999999999
profile_0005,constant,2,0.01953125,0.5499999999999999
profile_0005,constant,3,0.02734375,0.5499999999999999
profile_0005,constant,4,0.03515625,0.5499999999999999
profile_0005,constant,5,0.04296875,0.5499999999999999
profile_0005,constant,6,0.05078125,0.5499999999999999
profile_0005,constant,7,0.05859375,0.5499999999999999
profile_0005,constant,8,0.06640625,0.5499999999999999
profile_0005,constant,9,0.07421875,0.5499999999999999
profile_0005,constant,10,0.08203125,0.5499999999999999
profile_0005,constant,11,0.08984375,0.5499999999999999
profile_0005,constant,12,0.09765625,0.5499999999999999
profile_0005,constant,13,0.10546875,0.5499999999999999
profile_0005,constant,14,0.11328125,0.5499999999999999
profile_0005,constant,15,0.12109375,0.5499999999999999
profile_0005,constant,16,0.12890625,0.5499999999999999
profile_0005,constant,17,0.13671875,0.5499999999999999
profile_0005,constant,18,0.14453125,0.5499999999999999
profile_0005,constant,19,0.15234375,0.5499999999999999
profile_0005,constant,20,0.16015625,0.5499999999999999
profile_0005,constant,21,0.16796875,0.5499999999999999
profile_0005,constant,22,0.17578125,0.5499999999999999
profile_0005,constant,23,0.18359375,0.5499999999999999
profile_0005,constant,24,0.19140625,0.5499999999999999
profile_0005,constant,25,0.19921875,0.5499999999999999
profile_0005,constant,26,0.20703125,0.5499999999999999
profile_0005,constant,27,0.21484375,0.5499999999999999
profile_0005,constant,28,0.22265625,0.5499999999999999
profile_0005,constant,29,0.23046875,0.5499999999999999
profile_0005,constant,30,0.23828125,0.5499999999999999
profile_0005,constant,31,0.24609375,0.5499999999999999
profile_0005,constant,32,0.25390625,0.5499999999999999
profile_0005,constant,33,0.26171875,0.5499999999999999
profile_0005,constant,34,0.26953125,0.5499999999999999
profile_0005,constant,35,0.27734375,0.5499999999999999
profile_0005,constant,36,0.28515625,0.5499999999999999
profile_0005,constant,37,0.29296875,0.5499999999999999
profile_0005,constant,38,0.30078125,0.5499999999999999
profile_0005,constant,39,0.30859375,0.5499999999999999
profile_0005,constant,40,0.31640625,0.5499999999999999
profile_0005,constant,41,0.32421875,0.5499999999999999
profile_0005,constant,42,0.33203125,0.5499999999999999
profile_0005,constant,43,0.33984375,0.5499999999999999
profile_0005,constant,44,0.34765625,0.5499999999999999
profile_0005,constant,45,0.35546875,0.5499999999999999
profile_0005,constant,46,0.36328125,0.5499999999999999
profile_0005,constant,47,0.37109375,0.5499999999999999
profile_0005,constant,48,0.37890625,0.5499999999999999
profile_0005,constant,49,0.38671875,0.5499999999999999
profile_0005,constant,50,0.39453125,0.5499999999999999
profile_0005,constant,51,0.40234375,0.5499999999999999
profile_0005,constant,52,0.41015625,0.5499999999999999
profile_0005,constant,53,0.41796875,0.5499999999999999
profile_0005,constant,54,0.42578125,0.5499999999999999
profile_0005,constant,55,0.43359375,0.5499999999999999
profile_0005,constant,56,0.44140625,0.5499999999999999
profile_0005,constant,57,0.44921875,0.5499999999999999
profile_0005,constant,58,0.45703125,0.5499999999999999
profile_0005,constant,59,0.46484375,0.5499999999999999
profile_0005,constant,60,0.47265625,0.5499999999999999
profile_0005,constant,61,0.48046875,0.5499999999999999
profile_0005,constant,62,0.48828125,0.5499999999999999
profile_0005,constant,63,0.49609375,0.5499999999999999
profile_0005,constant,64,0.50390625,0.5499999999999999
profile_0005,constant,65,0.51171875,0.5499999999999999
profile_0005,constant,66,0.51953125,0.5499999999999999
profile_0005,constant,67,0.52734375,0.5499999999999999
profile_0005,constant,68,0.53515625,0.5499999999999999
profile_0005,constant,69,0.54296875,0.5499999999999999
profile_0005,constant,70,0.55078125,0.5499999999999999
profile_0005,constant,71,0.55859375,0.5499999999999999
profile_0005,constant,72,0.56640625,0.5499999999999999
profile_0005,constant,73,0.57421875,0.5499999999999999
profile_0005,constant,74,0.58203125,0.5499999999999999
profile_0005,constant,75,0.58984375,0.5499999999999999
profile_0005,constant,76,0.59765625,0.5499999999999999
profile_0005,constant,77,0.60546875,0.5499999999999999
profile_0005,constant,78,0.61328125,0.5499999999999999
profile_0005,constant,79,0.62109375,0.5499999999999999
profile_0005,constant,80,0.62890625,0.5499999999999999
profile_0005,constant,81,0.63671875,0.5499999999999999
profile_0005,constant,82,0.64453125,0.5499999999999999
profile_0005,constant,83,0.65234375,0.5499999999999999
profile_0005,constant,84,0.66015625,0.5499999999999999
profile_0005,constant,85,0.66796875,0.5499999999999999
profile_0005,constant,86,0.67578125,0.5499999999999999
profile_0005,constant,87,0.68359375,0.5499999999999999
profile_0005,constant,88,0.69140625,0.5499999999999999
profile_0005,constant,89,0.69921875,0.5499999999999999
profile_0005,constant,90,0.70703125,0.5499999999999999
profile_0005,constant,91,0.71484375,0.5499999999999999
profile_0005,constant,92,0.72265625,0.5499999999999999
profile_0005,constant,93,0.73046875,0.5499999999999999
profile_0005,constant,94,0.73828125,0.5499999999999999
profile_0005,constant,95,0.74609375,0.5499999999999999
profile_0005,constant,96,0.75390625,0.5499999999999999
profile_0005,constant,97,0.76171875,0.5499999999999999
profile_0005,constant,98,0.76953125,0.5499999999999999
profile_0005,constant,99,0.77734375,0.5499999999999999
profile_0005,constant,100,0.78515625,0.5499999999999999
profile_0005,constant,101,0.79296875,0.5499999999999999
profile_0005,constant,102,0.80078125,0.5499999999999999
profile_0005,constant,103,0.80859375,0.5499999999999999
profile_0005,constant,104,0.81640625,0.5499999999999999
profile_0005,constant,105,0.82421875,0.5499999999999999
profile_0005,constant,106,0.83203125,0.5499999999999999
profile_0005,constant,107,0.83984375,0.5499999999999999
profile_0005,constant,108,0.84765625,0.5499999999999999
profile_0005,constant,109,0.85546875,0.5499999999999999
profile_0005,constant,110,0.86328125,0.5499999999999999
profile_0005,constant,111,0.87109375,0.5499999999999999
profile_0005,constant,112,0.87890625,0.5499999999999999
profile_0005,constant,113,0.88671875,0.5499999999999999
profile_0005,constant,114,0.89453125,0.5499999999999999
profile_0005,constant,115,0.90234375,0.5499999999999999
profile_0005,constant,116,0.91015625,0.5499999999999999
profile_0005,constant,117,0.91796875,0.5499999999999999
profile_0005,constant,118,0.92578125,0.5499999999999999
profile_0005,constant,119,0.93359375,0.5499999999999999
profile_0005,constant,120,0.94140625,0.5499999999999999
profile_0005,constant,121,0.94921875,0.5499999999999999
profile_0005,constant,122,0.95703125,0.5499999999999999
profile_0005,constant,123,0.96484375,0.5499999999999999
profile_0005,constant,124,0.97265625,0.5499999999999999
profile_0005,constant,125,0.98046875,0.5499999999999999
profile_0005,constant,126,0.98828125,0.5499999999999999
profile_0005,constant,127,0.99609375,0.5499999999999999
profile_0006,constant,0,0.00390625,0.65
profile_0006,constant,1,0.01171875,0.65
profile_0006,constant,2,0.01953125,0.65
profile_0006,constant,3,0.02734375,0.65
profile_0006,constant,4,0.03515625,0.65
profile_0006,constant,5,0.04296875,0.65
profile_0006,constant,6,0.05078125,0.65
profile_0006,constant,7,0.05859375,0.65
profile_0006,constant,8,0.06640625,0.65
profile_0006,constant,9,0.07421875,0.65
profile_0006,constant,10,0.08203125,0.65
profile_0006,constant,11,0.08984375,0.65
profile_0006,constant,12,0.09765625,0.65
profile_0006,constant,13,0.10546875,0.65
profile_0006,constant,14,0.11328125,0.65
profile_0006,constant,15,0.12109375,0.65
profile_0006,constant,16,0.12890625,0.65
profile_0006,constant,17,0.13671875,0.65
profile_0006,constant,18,0.14453125,0.65
profile_0006,constant,19,0.15234375,0.65
profile_0006,constant,20,0.16015625,0.65
profile_0006,constant,21,0.16796875,0.65
profile_0006,constant,22,0.17578125,0.65
profile_0006,constant,23,0.18359375,0.65
profile_0006,constant,24,0.19140625,0.65
profile_0006,constant,25,0.19921875,0.65
profile_0006,constant,26,0.20703125,0.65
profile_0006,constant,27,0.21484375,0.65
profile_0006,constant,28,0.22265625,0.65
profile_0006,constant,29,0.23046875,0.65
profile_0006,constant,30,0.23828125,0.65
profile_0006,constant,31,0.24609375,0.65
profile_0006,constant,32,0.25390625,0.65
profile_0006,constant,33,0.26171875,0.65
profile_0006,constant,34,0.26953125,0.65
profile_0006,constant,35,0.27734375,0.65
profile_0006,constant,36,0.28515625,0.65
profile_0006,constant,37,0.29296875,0.65
profile_0006,constant,38,0.30078125,0.65
profile_0006,constant,39,0.30859375,0.65
profile_0006,constant,40,0.31640625,0.65
profile_0006,constant,41,0.32421875,0.65
profile_0006,constant,42,0.33203125,0.65
profile_0006,constant,43,0.33984375,0.65
profile_0006,constant,44,0.34765625,0.65
profile_0006,constant,45,0.35546875,0.65
profile_0006,constant,46,0.36328125,0.65
profile_0006,constant,47,0.37109375,0.65
profile_0006,constant,48,0.37890625,0.65
profile_0006,constant,49,0.38671875,0.65
profile_0006,constant,50,0.39453125,0.65
profile_0006,constant,51,0.40234375,0.65
profile_0006,constant,52,0.41015625,0.65
profile_0006,constant,53,0.41796875,0.65
profile_0006,constant,54,0.42578125,0.65
profile_0006,constant,55,0.43359375,0.65
profile_0006,constant,56,0.44140625,0.65
profile_0006,constant,57,0.44921875,0.65
profile_0006,constant,58,0.45703125,0.65
profile_0006,constant,59,0.46484375,0.65
profile_0006,constant,60,0.47265625,0.65
profile_0006,constant,61,0.48046875,0.65
profile_0006,constant,62,0.48828125,0.65
profile_0006,constant,63,0.49609375,0.65
profile_0006,constant,64,0.50390625,0.65
profile_0006,constant,65,0.51171875,0.65
profile_0006,constant,66,0.51953125,0.65
profile_0006,constant,67,0.52734375,0.65
profile_0006,constant,68,0.53515625,0.65
profile_0006,constant,69,0.54296875,0.65
profile_0006,constant,70,0.55078125,0.65
profile_0006,constant,71,0.55859375,0.65
profile_0006,constant,72,0.56640625,0.65
profile_0006,constant,73,0.57421875,0.65
profile_0006,constant,74,0.58203125,0.65
profile_0006,constant,75,0.58984375,0.65
profile_0006,constant,76,0.59765625,0.65
profile_0006,constant,77,0.60546875,0.65
profile_0006,constant,78,0.61328125,0.65
profile_0006,constant,79,0.62109375,0.65
profile_0006,constant,80,0.62890625,0.65
profile_0006,constant,81,0.63671875,0.65
profile_0006,constant,82,0.64453125,0.65
profile_0006,constant,83,0.65234375,0.65
profile_0006,constant,84,0.66015625,0.65
profile_0006,constant,85,0.66796875,0.65
profile_0006,constant,86,0.67578125,0.65
profile_0006,constant,87,0.68359375,0.65
profile_0006,constant,88,0.69140625,0.65
profile_0006,constant,89,0.69921875,0.65
profile_0006,constant,90,0.70703125,0.65
profile_0006,constant,91,0.71484375,0.65
profile_0006,constant,92,0.72265625,0.65
profile_0006,constant,93,0.73046875,0.65
profile_0006,constant,94,0.73828125,0.65
profile_0006,constant,95,0.74609375,0.65
profile_0006,constant,96,0.75390625,0.65
profile_0006,constant,97,0.76171875,0.65
profile_0006,constant,98,0.76953125,0.65
profile_0006,constant,99,0.77734375,0.65
profile_0006,constant,100,0.78515625,0.65
profile_0006,constant,101,0.79296875,0.65
profile_0006,constant,102,0.80078125,0.65
profile_0006,constant,103,0.80859375,0.65
profile_0006,constant,104,0.81640625,0.65
profile_0006,constant,105,0.82421875,0.65
profile_0006,constant,106,0.83203125,0.65
profile_0006,constant,107,0.83984375,0.65
profile_0006,constant,108,0.84765625,0.65
profile_0006,constant,109,0.85546875,0.65
profile_0006,constant,110,0.86328125,0.65
profile_0006,constant,111,0.87109375,0.65
profile_0006,constant,112,0.87890625,0.65
profile_0006,constant,113,0.88671875,0.65
profile_0006,constant,114,0.89453125,0.65
profile_0006,constant,115,0.90234375,0.65
profile_0006,constant,116,0.91015625,0.65
profile_0006,constant,117,0.91796875,0.65
profile_0006,constant,118,0.92578125,0.65
profile_0006,constant,119,0.93359375,0.65
profile_0006,constant,120,0.94140625,0.65
profile_0006,constant,121,0.94921875,0.65
profile_0006,constant,122,0.95703125,0.65
profile_0006,constant,123,0.96484375,0.65
profile_0006,constant,124,0.97265625,0.65
profile_0006,constant,125,0.98046875,0.65
profile_0006,constant,126,0.98828125,0.65
profile_0006,constant,127,0.99609375,0.65
profile_0007,constant,0,0.00390625,0.75
profile_0007,constant,1,0.01171875,0.75
profile_0007,constant,2,0.01953125,0.75
profile_0007,constant,3,0.02734375,0.75
profile_0007,constant,4,0.03515625,0.75
profile_0007,constant,5,0.04296875,0.75
profile_0007,constant,6,0.05078125,0.75
profile_0007,constant,7,0.05859375,0.75
profile_0007,constant,8,0.06640625,0.75
profile_0007,constant,9,0.07421875,0.75
profile_0007,constant,10,0.08203125,0.75
profile_0007,constant,11,0.08984375,0.75
profile_0007,constant,12,0.09765625,0.75
profile_0007,constant,13,0.10546875,0.75
profile_0007,constant,14,0.11328125,0.75
profile_0007,constant,15,0.12109375,0.75
profile_0007,constant,16,0.12890625,0.75
profile_0007,constant,17,0.13671875,0.75
profile_0007,constant,18,0.14453125,0.75
profile_0007,constant,19,0.15234375,0.75
profile_0007,constant,20,0.16015625,0.75
profile_0007,constant,21,0.16796875,0.75
profile_0007,constant,22,0.17578125,0.75
profile_0007,constant,23,0.18359375,0.75
profile_0007,constant,24,0.19140625,0.75
profile_0007,constant,25,0.19921875,0.75
profile_0007,constant,26,0.20703125,0.75
profile_0007,constant,27,0.21484375,0.75
profile_0007,constant,28,0.22265625,0.75
profile_0007,constant,29,0.23046875,0.75
profile_0007,constant,30,0.23828125,0.75
profile_0007,constant,31,0.24609375,0.75
profile_0007,constant,32,0.25390625,0.75
profile_0007,constant,33,0.26171875,0.75
profile_0007,constant,34,0.26953125,0.75
profile_0007,constant,35,0.27734375,0.75
profile_0007,constant,36,0.28515625,0.75
profile_0007,constant,37,0.29296875,0.75
profile_0007,constant,38,0.30078125,0.75
profile_0007,constant,39,0.30859375,0.75
profile_0007,constant,40,0.31640625,0.75
profile_0007,constant,41,0.32421875,0.75
profile_0007,constant,42,0.33203125,0.75
profile_0007,constant,43,0.33984375,0.75
profile_0007,constant,44,0.34765625,0.75
profile_0007,constant,45,0.35546875,0.75
profile_0007,constant,46,0.36328125,0.75
profile_0007,constant,47,0.37109375,0.75
profile_0007,constant,48,0.37890625,0.75
profile_0007,constant,49,0.38671875,0.75
profile_0007,constant,50,0.39453125,0.75
profile_0007,constant,51,0.40234375,0.75
profile_0007,constant,52,0.41015625,0.75
profile_0007,constant,53,0.41796875,0.75
profile_0007,constant,54,0.42578125,0.75
profile_0007,constant,55,0.43359375,0.75
profile_0007,constant,56,0.44140625,0.75
profile_0007,constant,57,0.44921875,0.75
profile_0007,constant,58,0.45703125,0.75
profile_0007,constant,59,0.46484375,0.75
profile_0007,constant,60,0.47265625,0.75
profile_0007,constant,61,0.48046875,0.75
profile_0007,constant,62,0.48828125,0.75
profile_0007,constant,63,0.49609375,0.75
profile_0007,constant,64,0.50390625,0.75
profile_0007,constant,65,0.51171875,0.75
profile_0007,constant,66,0.51953125,0.75
profile_0007,constant,67,0.52734375,0.75
profile_0007,constant,68,0.53515625,0.75
profile_0007,constant,69,0.54296875,0.75
profile_0007,constant,70,0.55078125,0.75
profile_0007,constant,71,0.55859375,0.75
profile_0007,constant,72,0.56640625,0.75
profile_0007,constant,73,0.57421875,0.75
profile_0007,constant,74,0.58203125,0.75
profile_0007,constant,75,0.58984375,0.75
profile_0007,constant,76,0.59765625,0.75
profile_0007,constant,77,0.60546875,0.75
profile_0007,constant,78,0.61328125,0.75
profile_0007,constant,79,0.62109375,0.75
profile_0007,constant,80,0.62890625,0.75
profile_0007,constant,81,0.63671875,0.75
profile_0007,constant,82,0.64453125,0.75
profile_0007,constant,83,0.65234375,0.75
profile_0007,constant,84,0.66015625,0.75
profile_0007,constant,85,0.66796875,0.75
profile_0007,constant,86,0.67578125,0.75
profile_0007,constant,87,0.68359375,0.75
profile_0007,constant,88,0.69140625,0.75
profile_0007,constant,89,0.69921875,0.75
profile_0007,constant,90,0.70703125,0.75
profile_0007,constant,91,0.71484375,0.75
profile_0007,constant,92,0.72265625,0.75
profile_0007,constant,93,0.73046875,0.75
profile_0007,constant,94,0.73828125,0.75
profile_0007,constant,95,0.74609375,0.75
profile_0007,constant,96,0.75390625,0.75
profile_0007,constant,97,0.76171875,0.75
profile_0007,constant,98,0.76953125,0.75
profile_0007,constant,99,0.77734375,0.75
profile_0007,constant,100,0.78515625,0.75
profile_0007,constant,101,0.79296875,0.75
profile_0007,constant,102,0.80078125,0.75
profile_0007,constant,103,0.80859375,0.75
profile_0007,constant,104,0.81640625,0.75
profile_0007,constant,105,0.82421875,0.75
profile_0007,constant,106,0.83203125,0.75
profile_0007,constant,107,0.83984375,0.75
profile_0007,constant,108,0.84765625,0.75
profile_0007,constant,109,0.85546875,0.75
profile_0007,constant,110,0.86328125,0.75
profile_0007,constant,111,0.87109375,0.75
profile_0007,constant,112,0.87890625,0.75
profile_0007,constant,113,0.88671875,0.75
profile_0007,constant,114,0.89453125,0.75
profile_0007,constant,115,0.90234375,0.75
profile_0007,constant,116,0.91015625,0.75
profile_0007,constant,117,0.91796875,0.75
profile_0007,constant,118,0.92578125,0.75
profile_0007,constant,119,0.93359375,0.75
profile_0007,constant,120,0.94140625,0.75
profile_0007,constant,121,0.94921875,0.75
profile_0007,constant,122,0.95703125,0.75
profile_0007,constant,123,0.96484375,0.75
profile_0007,constant,124,0.97265625,0.75
profile_0007,constant,125,0.98046875,0.75
profile_0007,constant,126,0.98828125,0.75
profile_0007,constant,127,0.99609375,0.75
profile_0008,constant,0,0.00390625,0.85
profile_0008,constant,1,0.01171875,0.85
profile_0008,constant,2,0.01953125,0.85
profile_0008,constant,3,0.02734375,0.85
profile_0008,constant,4,0.03515625,0.85
profile_0008,constant,5,0.04296875,0.85
profile_0008,constant,6,0.05078125,0.85
profile_0008,constant,7,0.05859375,0.85
profile_0008,constant,8,0.06640625,0.85
profile_0008,constant,9,0.07421875,0.85
profile_0008,constant,10,0.08203125,0.85
profile_0008,constant,11,0.08984375,0.85
profile_0008,constant,12,0.09765625,0.85
profile_0008,constant,13,0.10546875,0.85
profile_0008,constant,14,0.11328125,0.85
profile_0008,constant,15,0.12109375,0.85
profile_0008,constant,16,0.12890625,0.85
profile_0008,constant,17,0.13671875,0.85
profile_0008,constant,18,0.14453125,0.85
profile_0008,constant,19,0.15234375,0.85
profile_0008,constant,20,0.16015625,0.85
profile_0008,constant,21,0.16796875,0.85
profile_0008,constant,22,0.17578125,0.85
profile_0008,constant,23,0.18359375,0.85
profile_0008,constant,24,0.19140625,0.85
profile_0008,constant,25,0.19921875,0.85
profile_0008,constant,26,0.20703125,0.85
profile_0008,constant,27,0.21484375,0.85
profile_0008,constant,28,0.22265625,0.85
profile_0008,constant,29,0.23046875,0.85
profile_0008,constant,30,0.23828125,0.85
profile_0008,constant,31,0.24609375,0.85
profile_0008,constant,32,0.25390625,0.85
profile_0008,constant,33,0.26171875,0.85
profile_0008,constant,34,0.26953125,0.85
profile_0008,constant,35,0.27734375,0.85
profile_0008,constant,36,0.28515625,0.85
profile_0008,constant,37,0.29296875,0.85
profile_0008,constant,38,0.30078125,0.85
profile_0008,constant,39,0.30859375,0.85
profile_0008,constant,40,0.31640625,0.85
profile_0008,constant,41,0.32421875,0.85
profile_0008,constant,42,0.33203125,0.85
profile_0008,constant,43,0.33984375,0.85
profile_0008,constant,44,0.34765625,0.85
profile_0008,constant,45,0.35546875,0.85
profile_0008,constant,46,0.36328125,0.85
profile_0008,constant,47,0.37109375,0.85
profile_0008,constant,48,0.37890625,0.85
profile_0008,constant,49,0.38671875,0.85
profile_0008,constant,50,0.39453125,0.85
profile_0008,constant,51,0.40234375,0.85
profile_0008,constant,52,0.41015625,0.85
profile_0008,constant,53,0.41796875,0.85
profile_0008,constant,54,0.42578125,0.85
profile_0008,constant,55,0.43359375,0.85
profile_0008,constant,56,0.44140625,0.85
profile_0008,constant,57,0.44921875,0.85
profile_0008,constant,58,0.45703125,0.85
profile_0008,constant,59,0.46484375,0.85
profile_0008,constant,60,0.47265625,0.85
profile_0008,constant,61,0.48046875,0.85
profile_0008,constant,62,0.48828125,0.85
profile_0008,constant,63,0.49609375,0.85
profile_0008,constant,64,0.50390625,0.85
profile_0008,constant,65,0.51171875,0.85
profile_0008,constant,66,0.51953125,0.85
profile_0008,constant,67,0.52734375,0.85
profile_0008,constant,68,0.53515625,0.85
profile_0008,constant,69,0.54296875,0.85
profile_0008,constant,70,0.55078125,0.85
profile_0008,constant,71,0.55859375,0.85
profile_0008,constant,72,0.56640625,0.85
profile_0008,constant,73,0.57421875,0.85
profile_0008,constant,74,0.58203125,0.85
profile_0008,constant,75,0.58984375,0.85
profile_0008,constant,76,0.59765625,0.85
profile_0008,constant,77,0.60546875,0.85
profile_0008,constant,78,0.61328125,0.85
profile_0008,constant,79,0.62109375,0.85
profile_0008,constant,80,0.62890625,0.85
profile_0008,constant,81,0.63671875,0.85
profile_0008,constant,82,0.64453125,0.85
profile_0008,constant,83,0.65234375,0.85
profile_0008,constant,84,0.66015625,0.85
profile_0008,constant,85,0.66796875,0.85
profile_0008,constant,86,0.67578125,0.85
profile_0008,constant,87,0.68359375,0.85
profile_0008,constant,88,0.69140625,0.85
profile_0008,constant,89,0.69921875,0.85
profile_0008,constant,90,0.70703125,0.85
profile_0008,constant,91,0.71484375,0.85
profile_0008,constant,92,0.72265625,0.85
profile_0008,constant,93,0.73046875,0.85
profile_0008,constant,94,0.73828125,0.85
profile_0008,constant,95,0.74609375,0.85
profile_0008,constant,96,0.75390625,0.85
profile_0008,constant,97,0.76171875,0.85
profile_0008,constant,98,0.76953125,0.85
profile_0008,constant,99,0.77734375,0.85
profile_0008,constant,100,0.78515625,0.85
profile_0008,constant,101,0.79296875,0.85
profile_0008,constant,102,0.80078125,0.85
profile_0008,constant,103,0.80859375,0.85
profile_0008,constant,104,0.81640625,0.85
profile_0008,constant,105,0.82421875,0.85
profile_0008,constant,106,0.83203125,0.85
profile_0008,constant,107,0.83984375,0.85
profile_0008,constant,108,0.84765625,0.85
profile_0008,constant,109,0.85546875,0.85
profile_0008,constant,110,0.86328125,0.85
profile_0008,constant,111,0.87109375,0.85
profile_0008,constant,112,0.87890625,0.85
profile_0008,constant,113,0.88671875,0.85
profile_0008,constant,114,0.89453125,0.85
profile_0008,constant,115,0.90234375,0.85
profile_0008,constant,116,0.91015625,0.85
profile_0008,constant,117,0.91796875,0.85
profile_0008,constant,118,0.92578125,0.85
profile_0008,constant,119,0.93359375,0.85
profile_0008,constant,120,0.94140625,0.85
profile_0008,constant,121,0.94921875,0.85
profile_0008,constant,122,0.95703125,0.85
profile_0008,constant,123,0.96484375,0.85
profile_0008,constant,124,0.97265625,0.85
profile_0008,constant,125,0.98046875,0.85
profile_0008,constant,126,0.98828125,0.85
profile_0008,constant,127,0.99609375,0.85
profile_0009,constant,0,0.00390625,0.95
profile_0009,constant,1,0.01171875,0.95
profile_0009,constant,2,0.01953125,0.95
profile_0009,constant,3,0.02734375,0.95
profile_0009,constant,4,0.03515625,0.95
profile_0009,constant,5,0.04296875,0.95
profile_0009,constant,6,0.05078125,0.95
profile_0009,constant,7,0.05859375,0.95
profile_0009,constant,8,0.06640625,0.95
profile_0009,constant,9,0.07421875,0.95
profile_0009,constant,10,0.08203125,0.95
profile_0009,constant,11,0.08984375,0.95
profile_0009,constant,12,0.09765625,0.95
profile_0009,constant,13,0.10546875,0.95
profile_0009,constant,14,0.11328125,0.95
profile_0009,constant,15,0.12109375,0.95
profile_0009,constant,16,0.12890625,0.95
profile_0009,constant,17,0.13671875,0.95
profile_0009,constant,18,0.14453125,0.95
profile_0009,constant,19,0.15234375,0.95
profile_0009,constant,20,0.16015625,0.95
profile_0009,constant,21,0.16796875,0.95
profile_0009,constant,22,0.17578125,0.95
profile_0009,constant,23,0.18359375,0.95
profile_0009,constant,24,0.19140625,0.95
profile_0009,constant,25,0.19921875,0.95
profile_0009,constant,26,0.20703125,0.95
profile_0009,constant,27,0.21484375,0.95
profile_0009,constant,28,0.22265625,0.95
profile_0009,constant,29,0.23046875,0.95
profile_0009,constant,30,0.23828125,0.95
profile_0009,constant,31,0.24609375,0.95
profile_0009,constant,32,0.25390625,0.95
profile_0009,constant,33,0.26171875,0.95
profile_0009,constant,34,0.26953125,0.95
profile_0009,constant,35,0.27734375,0.95
profile_0009,constant,36,0.28515625,0.95
profile_0009,constant,37,0.29296875,0.95
profile_0009,constant,38,0.30078125,0.95
profile_0009,constant,39,0.30859375,0.95
profile_0009,constant,40,0.31640625,0.95
profile_0009,constant,41,0.32421875,0.95
profile_0009,constant,42,0.33203125,0.95
profile_0009,constant,43,0.33984375,0.95
profile_0009,constant,44,0.34765625,0.95
profile_0009,constant,45,0.35546875,0.95
profile_0009,constant,46,0.36328125,0.95
profile_0009,constant,47,0.37109375,0.95
profile_0009,constant,48,0.37890625,0.95
profile_0009,constant,49,0.38671875,0.95
profile_0009,constant,50,0.39453125,0.95
profile_0009,constant,51,0.40234375,0.95
profile_0009,constant,52,0.41015625,0.95
profile_0009,constant,53,0.41796875,0.95
profile_0009,constant,54,0.42578125,0.95
profile_0009,constant,55,0.43359375,0.95
profile_0009,constant,56,0.44140625,0.95
profile_0009,constant,57,0.44921875,0.95
profile_0009,constant,58,0.45703125,0.95
profile_0009,constant,59,0.46484375,0.95
profile_0009,constant,60,0.47265625,0.95
profile_0009,constant,61,0.48046875,0.95
profile_0009,constant,62,0.48828125,0.95
profile_0009,constant,63,0.49609375,0.95
profile_0009,constant,64,0.50390625,0.95
profile_0009,constant,65,0.51171875,0.95
profile_0009,constant,66,0.51953125,0.95
profile_0009,constant,67,0.52734375,0.95
profile_0009,constant,68,0.53515625,0.95
profile_0009,constant,69,0.54296875,0.95
profile_0009,constant,70,0.55078125,0.95
profile_0009,constant,71,0.55859375,0.95
profile_0009,constant,72,0.56640625,0.95
profile_0009,constant,73,0.57421875,0.95
profile_0009,constant,74,0.58203125,0.95
profile_0009,constant,75,0.58984375,0.95
profile_0009,constant,76,0.59765625,0.95
profile_0009,constant,77,0.60546875,0.95
profile_0009,constant,78,0.61328125,0.95
profile_0009,constant,79,0.62109375,0.95
profile_0009,constant,80,0.62890625,0.95
profile_0009,constant,81,0.63671875,0.95
profile_0009,constant,82,0.64453125,0.95
profile_0009,constant,83,0.65234375,0.95
profile_0009,constant,84,0.66015625,0.95
profile_0009,constant,85,0.66796875,0.95
profile_0009,constant,86,0.67578125,0.95
profile_0009,constant,87,0.68359375,0.95
profile_0009,constant,88,0.69140625,0.95
profile_0009,constant,89,0.69921875,0.95
profile_0009,constant,90,0.70703125,0.95
profile_0009,constant,91,0.71484375,0.95
profile_0009,constant,92,0.72265625,0.95
profile_0009,constant,93,0.73046875,0.95
profile_0009,constant,94,0.73828125,0.95
profile_0009,constant,95,0.74609375,0.95
profile_0009,constant,96,0.75390625,0.95
profile_0009,constant,97,0.76171875,0.95
profile_0009,constant,98,0.76953125,0.95
profile_0009,constant,99,0.77734375,0.95
profile_0009,constant,100,0.78515625,0.95
profile_0009,constant,101,0.79296875,0.95
profile_0009,constant,102,0.80078125,0.95
profile_0009,constant,103,0.80859375,0.95
profile_0009,constant,104,0.81640625,0.95
profile_0009,constant,105,0.82421875,0.95
profile_0009,constant,106,0.83203125,0.95
profile_0009,constant,107,0.83984375,0.95
profile_0009,constant,108,0.84765625,0.95
profile_0009,constant,109,0.85546875,0.95
profile_0009,constant,110,0.86328125,0.95
profile_0009,constant,111,0.87109375,0.95
profile_0009,constant,112,0.87890625,0.95
profile_0009,constant,113,0.88671875,0.95
profile_0009,constant,114,0.89453125,0.95
profile_0009,constant,115,0.90234375,0.95
profile_0009,constant,116,0.91015625,0.95
profile_0009,constant,117,0.91796875,0.95
profile_0009,constant,118,0.92578125,0.95
profile_0009,constant,119,0.93359375,0.95
profile_0009,constant,120,0.94140625,0.95
profile_0009,constant,121,0.94921875,0.95
profile_0009,constant,122,0.95703125,0.95
profile_0009,constant,123,0.96484375,0.95
profile_0009,constant,124,0.97265625,0.95
profile_0009,constant,125,0.98046875,0.95
profile_0009,constant,126,0.98828125,0.95
profile_0009,constant,127,0.99609375,0.95
profile_0010,ramp,0,0.00390625,0.05
profile_0010,ramp,1,0.01171875,0.05708661417322835
profile_0010,ramp,2,0.01953125,0.0641732283464567
profile_0010,ramp,3,0.02734375,0.07125984251968503
profile_0010,ramp,4,0.03515625,0.07834645669291339
profile_0010,ramp,5,0.04296875,0.08543307086614173
profile_0010,ramp,6,0.05078125,0.09251968503937008
profile_0010,ramp,7,0.05859375,0.09960629921259842
profile_0010,ramp,8,0.06640625,0.10669291338582676
profile_0010,ramp,9,0.07421875,0.11377952755905511
profile_0010,ramp,10,0.08203125,0.12086614173228345
profile_0010,ramp,11,0.08984375,0.1279527559055118
profile_0010,ramp,12,0.09765625,0.13503937007874015
profile_0010,ramp,13,0.10546875,0.14212598425196848
profile_0010,ramp,14,0.11328125,0.14921259842519685
profile_0010,ramp,15,0.12109375,0.1562992125984252
profile_0010,ramp,16,0.12890625,0.16338582677165353
profile_0010,ramp,17,0.13671875,0.17047244094488187
profile_0010,ramp,18,0.14453125,0.1775590551181102
profile_0010,ramp,19,0.15234375,0.18464566929133858
profile_0010,ramp,20,0.16015625,0.1917322834645669
profile_0010,ramp,21,0.16796875,0.19881889763779526
profile_0010,ramp,22,0.17578125,0.20590551181102362
profile_0010,ramp,23,0.18359375,0.21299212598425193
profile_0010,ramp,24,0.19140625,0.2200787401574803
profile_0010,ramp,25,0.19921875,0.2271653543307086
profile_0010,ramp,26,0.20703125,0.23425196850393698
profile_0010,ramp,27,0.21484375,0.24133858267716535
profile_0010,ramp,28,0.22265625,0.24842519685039366
profile_0010,ramp,29,0.23046875,0.255511811023622
profile_0010,ramp,30,0.23828125,0.2625984251968504
profile_0010,ramp,31,0.24609375,0.2696850393700787
profile_0010,ramp,32,0.25390625,0.2767716535433071
profile_0010,ramp,33,0.26171875,0.2838582677165354
profile_0010,ramp,34,0.26953125,0.29094488188976375
profile_0010,ramp,35,0.27734375,0.2980314960629921
profile_0010,ramp,36,0.28515625,0.30511811023622043
profile_0010,ramp,37,0.29296875,0.3122047244094488
profile_0010,ramp,38,0.30078125,0.3192913385826771
profile_0010,ramp,39,0.30859375,0.3263779527559055
profile_0010,ramp,40,0.31640625,0.3334645669291338
profile_0010,ramp,41,0.32421875,0.34055118110236215
profile_0010,ramp,42,0.33203125,0.3476377952755905
profile_0010,ramp,43,0.33984375,0.35472440944881883
profile_0010,ramp,44,0.34765625,0.3618110236220472
profile_0010,ramp,45,0.35546875,0.3688976377952755
profile_0010,ramp,46,0.36328125,0.3759842519685039
profile_0010,ramp,47,0.37109375,0.38307086614173225
profile_0010,ramp,48,0.37890625,0.39015748031496056
profile_0010,ramp,49,0.38671875,0.3972440944881889
profile_0010,ramp,50,0.39453125,0.40433070866141724
profile_0010,ramp,51,0.40234375,0.4114173228346456
profile_0010,ramp,52,0.41015625,0.41850393700787397
profile_0010,ramp,53,0.41796875,0.4255905511811023
profile_0010,ramp,54,0.42578125,0.43267716535433065
profile_0010,ramp,55,0.43359375,0.439763779527559
profile_0010,ramp,56,0.44140625,0.44685039370078733
profile_0010,ramp,57,0.44921875,0.4539370078740157
profile_0010,ramp,58,0.45703125,0.461023622047244
profile_0010,ramp,59,0.46484375,0.4681102362204724
profile_0010,ramp,60,0.47265625,0.47519685039370074
profile_0010,ramp,61,0.48046875,0.48228346456692905
profile_0010,ramp,62,0.48828125,0.4893700787401574
profile_0010,ramp,63,0.49609375,0.49645669291338573
profile_0010,ramp,64,0.50390625,0.5035433070866141
profile_0010,ramp,65,0.51171875,0.5106299212598425
profile_0010,ramp,66,0.51953125,0.5177165354330708
profile_0010,ramp,67,0.52734375,0.5248031496062991
profile_0010,ramp,68,0.53515625,0.5318897637795275
profile_0010,ramp,69,0.54296875,0.5389763779527559
profile_0010,ramp,70,0.55078125,0.5460629921259842
profile_0010,ramp,71,0.55859375,0.5531496062992126
profile_0010,ramp,72,0.56640625,0.5602362204724409
profile_0010,ramp,73,0.57421875,0.5673228346456692
profile_0010,ramp,74,0.58203125,0.5744094488188977
profile_0010,ramp,75,0.58984375,0.581496062992126
profile_0010,ramp,76,0.59765625,0.5885826771653543
profile_0010,ramp,77,0.60546875,0.5956692913385826
profile_0010,ramp,78,0.61328125,0.602755905511811
profile_0010,ramp,79,0.62109375,0.6098425196850393
profile_0010,ramp,80,0.62890625,0.6169291338582676
profile_0010,ramp,81,0.63671875,0.6240157480314961
profile_0010,ramp,82,0.64453125,0.6311023622047244
profile_0010,ramp,83,0.65234375,0.6381889763779527
profile_0010,ramp,84,0.66015625,0.6452755905511811
profile_0010,ramp,85,0.66796875,0.6523622047244094
profile_0010,ramp,86,0.67578125,0.6594488188976377
profile_0010,ramp,87,0.68359375,0.6665354330708662
profile_0010,ramp,88,0.69140625,0.6736220472440945
profile_0010,ramp,89,0.69921875,0.6807086614173228
profile_0010,ramp,90,0.70703125,0.6877952755905511
profile_0010,ramp,91,0.71484375,0.6948818897637795
profile_0010,ramp,92,0.72265625,0.7019685039370078
profile_0010,ramp,93,0.73046875,0.7090551181102361
profile_0010,ramp,94,0.73828125,0.7161417322834646
profile_0010,ramp,95,0.74609375,0.7232283464566929
profile_0010,ramp,96,0.75390625,0.7303149606299212
profile_0010,ramp,97,0.76171875,0.7374015748031496
profile_0010,ramp,98,0.76953125,0.7444881889763779
profile_0010,ramp,99,0.77734375,0.7515748031496062
profile_0010,ramp,100,0.78515625,0.7586614173228345
profile_0010,ramp,101,0.79296875,0.765748031496063
profile_0010,ramp,102,0.80078125,0.7728346456692913
profile_0010,ramp,103,0.80859375,0.7799212598425196
profile_0010,ramp,104,0.81640625,0.787007874015748
profile_0010,ramp,105,0.82421875,0.7940944881889763
profile_0010,ramp,106,0.83203125,0.8011811023622046
profile_0010,ramp,107,0.83984375,0.8082677165354331
profile_0010,ramp,108,0.84765625,0.8153543307086614
profile_0010,ramp,109,0.85546875,0.8224409448818897
profile_0010,ramp,110,0.86328125,0.8295275590551181
profile_0010,ramp,111,0.87109375,0.8366141732283464
profile_0010,ramp,112,0.87890625,0.8437007874015747
profile_0010,ramp,113,0.88671875,0.850787401574803
profile_0010,ramp,114,0.89453125,0.8578740157480315
profile_0010,ramp,115,0.90234375,0.8649606299212598
profile_0010,ramp,116,0.91015625,0.8720472440944881
profile_0010,ramp,117,0.91796875,0.8791338582677165
profile_0010,ramp,118,0.92578125,0.8862204724409448
profile_0010,ramp,119,0.93359375,0.8933070866141731
profile_0010,ramp,120,0.94140625,0.9003937007874016
profile_0010,ramp,121,0.94921875,0.9074803149606299
profile_0010,ramp,122,0.95703125,0.9145669291338582
profile_0010,ramp,123,0.96484375,0.9216535433070865
profile_0010,ramp,124,0.97265625,0.9287401574803149
profile_0010,ramp,125,0.98046875,0.9358267716535432
profile_0010,ramp,126,0.98828125,0.9429133858267715
profile_0010,ramp,127,0.99609375,0.95
profile_0011,ramp,0,0.00390625,0.95
profile_0011,ramp,1,0.01171875,0.9429133858267716
profile_0011,ramp,2,0.01953125,0.9358267716535432
profile_0011,ramp,3,0.02734375,0.9287401574803149
profile_0011,ramp,4,0.03515625,0.9216535433070866
profile_0011,ramp,5,0.04296875,0.9145669291338583
profile_0011,ramp,6,0.05078125,0.9074803149606299
profile_0011,ramp,7,0.05859375,0.9003937007874016
profile_0011,ramp,8,0.06640625,0.8933070866141732
profile_0011,ramp,9,0.07421875,0.8862204724409448
profile_0011,ramp,10,0.08203125,0.8791338582677165
profile_0011,ramp,11,0.08984375,0.8720472440944882
profile_0011,ramp,12,0.09765625,0.8649606299212598
profile_0011,ramp,13,0.10546875,0.8578740157480315
profile_0011,ramp,14,0.11328125,0.8507874015748031
profile_0011,ramp,15,0.12109375,0.8437007874015747
profile_0011,ramp,16,0.12890625,0.8366141732283464
profile_0011,ramp,17,0.13671875,0.8295275590551181
profile_0011,ramp,18,0.14453125,0.8224409448818897
profile_0011,ramp,19,0.15234375,0.8153543307086614
profile_0011,ramp,20,0.16015625,0.8082677165354331
profile_0011,ramp,21,0.16796875,0.8011811023622046
profile_0011,ramp,22,0.17578125,0.7940944881889763
profile_0011,ramp,23,0.18359375,0.787007874015748
profile_0011,ramp,24,0.19140625,0.7799212598425197
profile_0011,ramp,25,0.19921875,0.7728346456692914
profile_0011,ramp,26,0.20703125,0.765748031496063
profile_0011,ramp,27,0.21484375,0.7586614173228347
profile_0011,ramp,28,0.22265625,0.7515748031496063
profile_0011,ramp,29,0.23046875,0.7444881889763779
profile_0011,ramp,30,0.23828125,0.7374015748031496
profile_0011,ramp,31,0.24609375,0.7303149606299213
profile_0011,ramp,32,0.25390625,0.7232283464566929
profile_0011,ramp,33,0.26171875,0.7161417322834646
profile_0011,ramp,34,0.26953125,0.7090551181102362
profile_0011,ramp,35,0.27734375,0.7019685039370078
profile_0011,ramp,36,0.28515625,0.6948818897637795
profile_0011,ramp,37,0.29296875,0.6877952755905512
profile_0011,ramp,38,0.30078125,0.6807086614173228
profile_0011,ramp,39,0.30859375,0.6736220472440945
profile_0011,ramp,40,0.31640625,0.6665354330708662
profile_0011,ramp,41,0.32421875,0.6594488188976377
profile_0011,ramp,42,0.33203125,0.6523622047244094
profile_0011,ramp,43,0.33984375,0.6452755905511811
profile_0011,ramp,44,0.34765625,0.6381889763779527
profile_0011,ramp,45,0.35546875,0.6311023622047245
profile_0011,ramp,46,0.36328125,0.6240157480314961
profile_0011,ramp,47,0.37109375,0.6169291338582676
profile_0011,ramp,48,0.37890625,0.6098425196850394
profile_0011,ramp,49,0.38671875,0.602755905511811
profile_0011,ramp,50,0.39453125,0.5956692913385827
profile_0011,ramp,51,0.40234375,0.5885826771653544
profile_0011,ramp,52,0.41015625,0.581496062992126
profile_0011,ramp,53,0.41796875,0.5744094488188977
profile_0011,ramp,54,0.42578125,0.5673228346456693
profile_0011,ramp,55,0.43359375,0.5602362204724409
profile_0011,ramp,56,0.44140625,0.5531496062992126
profile_0011,ramp,57,0.44921875,0.5460629921259843
profile_0011,ramp,58,0.45703125,0.5389763779527559
profile_0011,ramp,59,0.46484375,0.5318897637795276
profile_0011,ramp,60,0.47265625,0.5248031496062993
profile_0011,ramp,61,0.48046875,0.5177165354330708
profile_0011,ramp,62,0.48828125,0.5106299212598425
profile_0011,ramp,63,0.49609375,0.5035433070866142
profile_0011,ramp,64,0.50390625,0.49645669291338584
profile_0011,ramp,65,0.51171875,0.4893700787401575
profile_0011,ramp,66,0.51953125,0.48228346456692917
profile_0011,ramp,67,0.52734375,0.4751968503937008
profile_0011,ramp,68,0.53515625,0.4681102362204725
profile_0011,ramp,69,0.54296875,0.4610236220472441
profile_0011,ramp,70,0.55078125,0.45393700787401575
profile_0011,ramp,71,0.55859375,0.4468503937007874
profile_0011,ramp,72,0.56640625,0.4397637795275591
profile_0011,ramp,73,0.57421875,0.43267716535433076
profile_0011,ramp,74,0.58203125,0.42559055118110234
profile_0011,ramp,75,0.58984375,0.418503937007874
profile_0011,ramp,76,0.59765625,0.4114173228346457
profile_0011,ramp,77,0.60546875,0.4043307086614174
profile_0011,ramp,78,0.61328125,0.397244094488189
profile_0011,ramp,79,0.62109375,0.39015748031496067
profile_0011,ramp,80,0.62890625,0.38307086614173236
profile_0011,ramp,81,0.63671875,0.37598425196850394
profile_0011,ramp,82,0.64453125,0.3688976377952756
profile_0011,ramp,83,0.65234375,0.3618110236220473
profile_0011,ramp,84,0.66015625,0.3547244094488189
profile_0011,ramp,85,0.66796875,0.3476377952755906
profile_0011,ramp,86,0.67578125,0.34055118110236227
profile_0011,ramp,87,0.68359375,0.33346456692913384
profile_0011,ramp,88,0.69140625,0.32637795275590553
profile_0011,ramp,89,0.69921875,0.3192913385826772
profile_0011,ramp,90,0.70703125,0.3122047244094489
profile_0011,ramp,91,0.71484375,0.3051181102362205
profile_0011,ramp,92,0.72265625,0.2980314960629922
profile_0011,ramp,93,0.73046875,0.29094488188976386
profile_0011,ramp,94,0.73828125,0.28385826771653544
profile_0011,ramp,95,0.74609375,0.27677165354330713
profile_0011,ramp,96,0.75390625,0.2696850393700788
profile_0011,ramp,97,0.76171875,0.2625984251968504
profile_0011,ramp,98,0.76953125,0.2555118110236221
profile_0011,ramp,99,0.77734375,0.24842519685039377
profile_0011,ramp,100,0.78515625,0.24133858267716546
profile_0011,ramp,101,0.79296875,0.23425196850393704
profile_0011,ramp,102,0.80078125,0.22716535433070872
profile_0011,ramp,103,0.80859375,0.2200787401574804
profile_0011,ramp,104,0.81640625,0.212992125984252
profile_0011,ramp,105,0.82421875,0.20590551181102368
profile_0011,ramp,106,0.83203125,0.19881889763779537
profile_0011,ramp,107,0.83984375,0.19173228346456694
profile_0011,ramp,108,0.84765625,0.18464566929133863
profile_0011,ramp,109,0.85546875,0.17755905511811032
profile_0011,ramp,110,0.86328125,0.1704724409448819
profile_0011,ramp,111,0.87109375,0.1633858267716536
profile_0011,ramp,112,0.87890625,0.15629921259842527
profile_0011,ramp,113,0.88671875,0.14921259842519696
profile_0011,ramp,114,0.89453125,0.14212598425196854
profile_0011,ramp,115,0.90234375,0.13503937007874023
profile_0011,ramp,116,0.91015625,0.12795275590551192
profile_0011,ramp,117,0.91796875,0.1208661417322835
profile_0011,ramp,118,0.92578125,0.11377952755905518
profile_0011,ramp,119,0.93359375,0.10669291338582687
profile_0011,ramp,120,0.94140625,0.09960629921259845
profile_0011,ramp,121,0.94921875,0.09251968503937014
profile_0011,ramp,122,0.95703125,0.08543307086614182
profile_0011,ramp,123,0.96484375,0.07834645669291351
profile_0011,ramp,124,0.97265625,0.07125984251968509
profile_0011,ramp,125,0.98046875,0.06417322834645678
profile_0011,ramp,126,0.98828125,0.05708661417322847
profile_0011,ramp,127,0.99609375,0.05
profile_0012,ramp,0,0.00390625,0.2
profile_0012,ramp,1,0.01171875,0.20472440944881892
profile_0012,ramp,2,0.01953125,0.2094488188976378
profile_0012,ramp,3,0.02734375,0.21417322834645672
profile_0012,ramp,4,0.03515625,0.2188976377952756
profile_0012,ramp,5,0.04296875,0.2236220472440945
profile_0012,ramp,6,0.05078125,0.2283464566929134
profile_0012,ramp,7,0.05859375,0.2330708661417323
profile_0012,ramp,8,0.06640625,0.2377952755905512
profile_0012,ramp,9,0.07421875,0.2425196850393701
profile_0012,ramp,10,0.08203125,0.247244094488189
profile_0012,ramp,11,0.08984375,0.25196850393700787
profile_0012,ramp,12,0.09765625,0.2566929133858268
profile_0012,ramp,13,0.10546875,0.2614173228346457
profile_0012,ramp,14,0.11328125,0.2661417322834646
profile_0012,ramp,15,0.12109375,0.2708661417322835
profile_0012,ramp,16,0.12890625,0.2755905511811024
profile_0012,ramp,17,0.13671875,0.2803149606299213
profile_0012,ramp,18,0.14453125,0.2850393700787402
profile_0012,ramp,19,0.15234375,0.28976377952755905
profile_0012,ramp,20,0.16015625,0.29448818897637796
profile_0012,ramp,21,0.16796875,0.2992125984251969
profile_0012,ramp,22,0.17578125,0.3039370078740158
profile_0012,ramp,23,0.18359375,0.3086614173228347
profile_0012,ramp,24,0.19140625,0.3133858267716536
profile_0012,ramp,25,0.19921875,0.31811023622047246
profile_0012,ramp,26,0.20703125,0.3228346456692914
profile_0012,ramp,27,0.21484375,0.32755905511811023
profile_0012,ramp,28,0.22265625,0.33228346456692914
profile_0012,ramp,29,0.23046875,0.33700787401574805
profile_0012,ramp,30,0.23828125,0.34173228346456697
profile_0012,ramp,31,0.24609375,0.3464566929133859
profile_0012,ramp,32,0.25390625,0.3511811023622048
profile_0012,ramp,33,0.26171875,0.3559055118110237
profile_0012,ramp,34,0.26953125,0.36062992125984256
profile_0012,ramp,35,0.27734375,0.36535433070866147
profile_0012,ramp,36,0.28515625,0.3700787401574803
profile_0012,ramp,37,0.29296875,0.37480314960629924
profile_0012,ramp,38,0.30078125,0.37952755905511815
profile_0012,ramp,39,0.30859375,0.38425196850393706
profile_0012,ramp,40,0.31640625,0.38897637795275597
profile_0012,ramp,41,0.32421875,0.3937007874015749
profile_0012,ramp,42,0.33203125,0.39842519685039374
profile_0012,ramp,43,0.33984375,0.40314960629921265
profile_0012,ramp,44,0.34765625,0.4078740157480315
profile_0012,ramp,45,0.35546875,0.4125984251968504
profile_0012,ramp,46,0.36328125,0.4173228346456693
profile_0012,ramp,47,0.37109375,0.42204724409448824
profile_0012,ramp,48,0.37890625,0.42677165354330715
profile_0012,ramp,49,0.38671875,0.43149606299212606
profile_0012,ramp,50,0.39453125,0.436220472440945
profile_0012,ramp,51,0.40234375,0.44094488188976383
profile_0012,ramp,52,0.41015625,0.44566929133858274
profile_0012,ramp,53,0.41796875,0.45039370078740165
profile_0012,ramp,54,0.42578125,0.4551181102362205
profile_0012,ramp,55,0.43359375,0.4598425196850394
profile_0012,ramp,56,0.44140625,0.46456692913385833
profile_0012,ramp,57,0.44921875,0.46929133858267724
profile_0012,ramp,58,0.45703125,0.4740157480314961
profile_0012,ramp,59,0.46484375,0.478740157480315
profile_0012,ramp,60,0.47265625,0.4834645669291339
profile_0012,ramp,61,0.48046875,0.48818897637795283
profile_0012,ramp,62,0.48828125,0.4929133858267717
profile_0012,ramp,63,0.49609375,0.4976377952755906
profile_0012,ramp,64,0.50390625,0.5023622047244095
profile_0012,ramp,65,0.51171875,0.5070866141732284
profile_0012,ramp,66,0.51953125,0.5118110236220473
profile_0012,ramp,67,0.52734375,0.5165354330708662
profile_0012,ramp,68,0.53515625,0.521259842519685
profile_0012,ramp,69,0.54296875,0.5259842519685041
profile_0012,ramp,70,0.55078125,0.5307086614173229
profile_0012,ramp,71,0.55859375,0.5354330708661418
profile_0012,ramp,72,0.56640625,0.5401574803149607
profile_0012,ramp,73,0.57421875,0.5448818897637796
profile_0012,ramp,74,0.58203125,0.5496062992125985
profile_0012,ramp,75,0.58984375,0.5543307086614173
profile_0012,ramp,76,0.59765625,0.5590551181102363
profile_0012,ramp,77,0.60546875,0.5637795275590551
profile_0012,ramp,78,0.61328125,0.5685039370078742
profile_0012,ramp,79,0.62109375,0.573228346456693
profile_0012,ramp,80,0.62890625,0.5779527559055119
profile_0012,ramp,81,0.63671875,0.5826771653543308
profile_0012,ramp,82,0.64453125,0.5874015748031497
profile_0012,ramp,83,0.65234375,0.5921259842519686
profile_0012,ramp,84,0.66015625,0.5968503937007874
profile_0012,ramp,85,0.66796875,0.6015748031496064
profile_0012,ramp,86,0.67578125,0.6062992125984252
profile_0012,ramp,87,0.68359375,0.6110236220472443
profile_0012,ramp,88,0.69140625,0.615748031496063
profile_0012,ramp,89,0.69921875,0.620472440944882
profile_0012,ramp,90,0.70703125,0.6251968503937009
profile_0012,ramp,91,0.71484375,0.6299212598425198
profile_0012,ramp,92,0.72265625,0.6346456692913387
profile_0012,ramp,93,0.73046875,0.6393700787401575
profile_0012,ramp,94,0.73828125,0.6440944881889765
profile_0012,ramp,95,0.74609375,0.6488188976377953
profile_0012,ramp,96,0.75390625,0.6535433070866143
profile_0012,ramp,97,0.76171875,0.6582677165354331
profile_0012,ramp,98,0.76953125,0.6629921259842521
profile_0012,ramp,99,0.77734375,0.667716535433071
profile_0012,ramp,100,0.78515625,0.6724409448818899
profile_0012,ramp,101,0.79296875,0.6771653543307088
profile_0012,ramp,102,0.80078125,0.6818897637795276
profile_0012,ramp,103,0.80859375,0.6866141732283466
profile_0012,ramp,104,0.81640625,0.6913385826771654
profile_0012,ramp,105,0.82421875,0.6960629921259843
profile_0012,ramp,106,0.83203125,0.7007874015748032
profile_0012,ramp,107,0.83984375,0.705511811023622
profile_0012,ramp,108,0.84765625,0.7102362204724411
profile_0012,ramp,109,0.85546875,0.7149606299212599
profile_0012,ramp,110,0.86328125,0.7196850393700789
profile_0012,ramp,111,0.87109375,0.7244094488188977
profile_0012,ramp,112,0.87890625,0.7291338582677167
profile_0012,ramp,113,0.88671875,0.7338582677165355
profile_0012,ramp,114,0.89453125,0.7385826771653545
profile_0012,ramp,115,0.90234375,0.7433070866141733
profile_0012,ramp,116,0.91015625,0.7480314960629921
profile_0012,ramp,117,0.91796875,0.7527559055118112
profile_0012,ramp,118,0.92578125,0.75748031496063
profile_0012,ramp,119,0.93359375,0.762204724409449
profile_0012,ramp,120,0.94140625,0.7669291338582678
profile_0012,ramp,121,0.94921875,0.7716535433070868
profile_0012,ramp,122,0.95703125,0.7763779527559056
profile_0012,ramp,123,0.96484375,0.7811023622047246
profile_0012,ramp,124,0.97265625,0.7858267716535434
profile_0012,ramp,125,0.98046875,0.7905511811023622
profile_0012,ramp,126,0.98828125,0.7952755905511812
profile_0012,ramp,127,0.99609375,0.8
profile_0013,ramp,0,0.00390625,0.8
profile_0013,ramp,1,0.01171875,0.7952755905511811
profile_0013,ramp,2,0.01953125,0.7905511811023622
profile_0013,ramp,3,0.02734375,0.7858267716535433
profile_0013,ramp,4,0.03515625,0.7811023622047244
profile_0013,ramp,5,0.04296875,0.7763779527559056
profile_0013,ramp,6,0.05078125,0.7716535433070867
profile_0013,ramp,7,0.05859375,0.7669291338582678
profile_0013,ramp,8,0.06640625,0.7622047244094489
profile_0013,ramp,9,0.07421875,0.75748031496063
profile_0013,ramp,10,0.08203125,0.752755905511811
profile_0013,ramp,11,0.08984375,0.7480314960629921
profile_0013,ramp,12,0.09765625,0.7433070866141732
profile_0013,ramp,13,0.10546875,0.7385826771653543
profile_0013,ramp,14,0.11328125,0.7338582677165355
profile_0013,ramp,15,0.12109375,0.7291338582677166
profile_0013,ramp,16,0.12890625,0.7244094488188977
profile_0013,ramp,17,0.13671875,0.7196850393700788
profile_0013,ramp,18,0.14453125,0.7149606299212599
profile_0013,ramp,19,0.15234375,0.710236220472441
profile_0013,ramp,20,0.16015625,0.705511811023622
profile_0013,ramp,21,0.16796875,0.7007874015748032
profile_0013,ramp,22,0.17578125,0.6960629921259843
profile_0013,ramp,23,0.18359375,0.6913385826771654
profile_0013,ramp,24,0.19140625,0.6866141732283465
profile_0013,ramp,25,0.19921875,0.6818897637795276
profile_0013,ramp,26,0.20703125,0.6771653543307087
profile_0013,ramp,27,0.21484375,0.6724409448818898
profile_0013,ramp,28,0.22265625,0.6677165354330709
profile_0013,ramp,29,0.23046875,0.662992125984252
profile_0013,ramp,30,0.23828125,0.6582677165354331
profile_0013,ramp,31,0.24609375,0.6535433070866142
profile_0013,ramp,32,0.25390625,0.6488188976377953
profile_0013,ramp,33,0.26171875,0.6440944881889764
profile_0013,ramp,34,0.26953125,0.6393700787401575
profile_0013,ramp,35,0.27734375,0.6346456692913386
profile_0013,ramp,36,0.28515625,0.6299212598425197
profile_0013,ramp,37,0.29296875,0.6251968503937008
profile_0013,ramp,38,0.30078125,0.6204724409448819
profile_0013,ramp,39,0.30859375,0.615748031496063
profile_0013,ramp,40,0.31640625,0.6110236220472441
profile_0013,ramp,41,0.32421875,0.6062992125984252
profile_0013,ramp,42,0.33203125,0.6015748031496063
profile_0013,ramp,43,0.33984375,0.5968503937007874
profile_0013,ramp,44,0.34765625,0.5921259842519685
profile_0013,ramp,45,0.35546875,0.5874015748031496
profile_0013,ramp,46,0.36328125,0.5826771653543308
profile_0013,ramp,47,0.37109375,0.5779527559055118
profile_0013,ramp,48,0.37890625,0.573228346456693
profile_0013,ramp,49,0.38671875,0.568503937007874
profile_0013,ramp,50,0.39453125,0.5637795275590551
profile_0013,ramp,51,0.40234375,0.5590551181102362
profile_0013,ramp,52,0.41015625,0.5543307086614173
profile_0013,ramp,53,0.41796875,0.5496062992125984
profile_0013,ramp,54,0.42578125,0.5448818897637795
profile_0013,ramp,55,0.43359375,0.5401574803149607
profile_0013,ramp,56,0.44140625,0.5354330708661417
profile_0013,ramp,57,0.44921875,0.5307086614173229
profile_0013,ramp,58,0.45703125,0.525984251968504
profile_0013,ramp,59,0.46484375,0.521259842519685
profile_0013,ramp,60,0.47265625,0.5165354330708661
profile_0013,ramp,61,0.48046875,0.5118110236220472
profile_0013,ramp,62,0.48828125,0.5070866141732284
profile_0013,ramp,63,0.49609375,0.5023622047244094
profile_0013,ramp,64,0.50390625,0.49763779527559054
profile_0013,ramp,65,0.51171875,0.49291338582677163
profile_0013,ramp,66,0.51953125,0.4881889763779527
profile_0013,ramp,67,0.52734375,0.48346456692913387
profile_0013,ramp,68,0.53515625,0.47874015748031495
profile_0013,ramp,69,0.54296875,0.47401574803149604
profile_0013,ramp,70,0.55078125,0.46929133858267713
profile_0013,ramp,71,0.55859375,0.4645669291338583
profile_0013,ramp,72,0.56640625,0.45984251968503936
profile_0013,ramp,73,0.57421875,0.45511811023622045
profile_0013,ramp,74,0.58203125,0.45039370078740154
profile_0013,ramp,75,0.58984375,0.4456692913385827
profile_0013,ramp,76,0.59765625,0.4409448818897638
profile_0013,ramp,77,0.60546875,0.43622047244094486
profile_0013,ramp,78,0.61328125,0.43149606299212595
profile_0013,ramp,79,0.62109375,0.4267716535433071
profile_0013,ramp,80,0.62890625,0.4220472440944882
profile_0013,ramp,81,0.63671875,0.41732283464566927
profile_0013,ramp,82,0.64453125,0.41259842519685036
profile_0013,ramp,83,0.65234375,0.40787401574803145
profile_0013,ramp,84,0.66015625,0.4031496062992126
profile_0013,ramp,85,0.66796875,0.3984251968503937
profile_0013,ramp,86,0.67578125,0.39370078740157477
profile_0013,ramp,87,0.68359375,0.38897637795275586
profile_0013,ramp,88,0.69140625,0.384251968503937
profile_0013,ramp,89,0.69921875,0.3795275590551181
profile_0013,ramp,90,0.70703125,0.3748031496062992
profile_0013,ramp,91,0.71484375,0.37007874015748027
profile_0013,ramp,92,0.72265625,0.3653543307086614
profile_0013,ramp,93,0.73046875,0.3606299212598425
profile_0013,ramp,94,0.73828125,0.3559055118110236
profile_0013,ramp,95,0.74609375,0.3511811023622047
profile_0013,ramp,96,0.75390625,0.34645669291338577
profile_0013,ramp,97,0.76171875,0.3417322834645669
profile_0013,ramp,98,0.76953125,0.337007874015748
profile_0013,ramp,99,0.77734375,0.3322834645669291
profile_0013,ramp,100,0.78515625,0.3275590551181102
profile_0013,ramp,101,0.79296875,0.3228346456692913
profile_0013,ramp,102,0.80078125,0.3181102362204724
profile_0013,ramp,103,0.80859375,0.3133858267716535
profile_0013,ramp,104,0.81640625,0.3086614173228346
profile_0013,ramp,105,0.82421875,0.30393700787401573
profile_0013,ramp,106,0.83203125,0.29921259842519676
profile_0013,ramp,107,0.83984375,0.29448818897637796
profile_0013,ramp,108,0.84765625,0.28976377952755905
profile_0013,ramp,109,0.85546875,0.28503937007874014
profile_0013,ramp,110,0.86328125,0.28031496062992123
profile_0013,ramp,111,0.87109375,0.2755905511811023
profile_0013,ramp,112,0.87890625,0.2708661417322834
profile_0013,ramp,113,0.88671875,0.2661417322834645
profile_0013,ramp,114,0.89453125,0.2614173228346456
profile_0013,ramp,115,0.90234375,0.25669291338582667
profile_0013,ramp,116,0.91015625,0.25196850393700787
profile_0013,ramp,117,0.91796875,0.24724409448818896
profile_0013,ramp,118,0.92578125,0.24251968503937005
profile_0013,ramp,119,0.93359375,0.23779527559055114
profile_0013,ramp,120,0.94140625,0.23307086614173222
profile_0013,ramp,121,0.94921875,0.2283464566929133
profile_0013,ramp,122,0.95703125,0.2236220472440944
profile_0013,ramp,123,0.96484375,0.2188976377952755
profile_0013,ramp,124,0.97265625,0.2141732283464567
profile_0013,ramp,125,0.98046875,0.20944881889763778
profile_0013,ramp,126,0.98828125,0.20472440944881887
profile_0013,ramp,127,0.99609375,0.2
profile_0014,ramp,0,0.00390625,0.35
profile_0014,ramp,1,0.01171875,0.35236220472440943
profile_0014,ramp,2,0.01953125,0.3547244094488189
profile_0014,ramp,3,0.02734375,0.35708661417322834
profile_0014,ramp,4,0.03515625,0.3594488188976378
profile_0014,ramp,5,0.04296875,0.3618110236220472
profile_0014,ramp,6,0.05078125,0.36417322834645666
profile_0014,ramp,7,0.05859375,0.3665354330708661
profile_0014,ramp,8,0.06640625,0.36889763779527557
profile_0014,ramp,9,0.07421875,0.371259842519685
profile_0014,ramp,10,0.08203125,0.3736220472440945
profile_0014,ramp,11,0.08984375,0.37598425196850394
profile_0014,ramp,12,0.09765625,0.3783464566929134
profile_0014,ramp,13,0.10546875,0.38070866141732285
profile_0014,ramp,14,0.11328125,0.38307086614173225
profile_0014,ramp,15,0.12109375,0.3854330708661417
profile_0014,ramp,16,0.12890625,0.38779527559055116
profile_0014,ramp,17,0.13671875,0.3901574803149606
profile_0014,ramp,18,0.14453125,0.39251968503937007
profile_0014,ramp,19,0.15234375,0.3948818897637795
profile_0014,ramp,20,0.16015625,0.397244094488189
profile_0014,ramp,21,0.16796875,0.3996062992125984
profile_0014,ramp,22,0.17578125,0.40196850393700784
profile_0014,ramp,23,0.18359375,0.4043307086614173
profile_0014,ramp,24,0.19140625,0.40669291338582675
profile_0014,ramp,25,0.19921875,0.4090551181102362
profile_0014,ramp,26,0.20703125,0.41141732283464566
profile_0014,ramp,27,0.21484375,0.4137795275590551
profile_0014,ramp,28,0.22265625,0.41614173228346457
profile_0014,ramp,29,0.23046875,0.418503937007874
profile_0014,ramp,30,0.23828125,0.4208661417322834
profile_0014,ramp,31,0.24609375,0.4232283464566929
profile_0014,ramp,32,0.25390625,0.42559055118110234
profile_0014,ramp,33,0.26171875,0.4279527559055118
profile_0014,ramp,34,0.26953125,0.43031496062992125
profile_0014,ramp,35,0.27734375,0.4326771653543307
profile_0014,ramp,36,0.28515625,0.43503937007874016
profile_0014,ramp,37,0.29296875,0.4374015748031496
profile_0014,ramp,38,0.30078125,0.4397637795275591
profile_0014,ramp,39,0.30859375,0.4421259842519685
profile_0014,ramp,40,0.31640625,0.44448818897637793
profile_0014,ramp,41,0.32421875,0.4468503937007874
profile_0014,ramp,42,0.33203125,0.44921259842519684
profile_0014,ramp,43,0.33984375,0.4515748031496063
profile_0014,ramp,44,0.34765625,0.45393700787401575
profile_0014,ramp,45,0.35546875,0.4562992125984252
profile_0014,ramp,46,0.36328125,0.4586614173228346
profile_0014,ramp,47,0.37109375,0.4610236220472441
profile_0014,ramp,48,0.37890625,0.4633858267716535
profile_0014,ramp,49,0.38671875,0.465748031496063
profile_0014,ramp,50,0.39453125,0.46811023622047243
profile_0014,ramp,51,0.40234375,0.4704724409448819
profile_0014,ramp,52,0.41015625,0.47283464566929134
profile_0014,ramp,53,0.41796875,0.4751968503937008
profile_0014,ramp,54,0.42578125,0.47755905511811025
profile_0014,ramp,55,0.43359375,0.47992125984251965
profile_0014,ramp,56,0.44140625,0.48228346456692917
profile_0014,ramp,57,0.44921875,0.48464566929133857
profile_0014,ramp,58,0.45703125,0.487007874015748
profile_0014,ramp,59,0.46484375,0.4893700787401575
profile_0014,ramp,60,0.47265625,0.49173228346456693
profile_0014,ramp,61,0.48046875,0.4940944881889764
profile_0014,ramp,62,0.48828125,0.4964566929133858
profile_0014,ramp,63,0.49609375,0.4988188976377953
profile_0014,ramp,64,0.50390625,0.5011811023622047
profile_0014,ramp,65,0.51171875,0.5035433070866142
profile_0014,ramp,66,0.51953125,0.5059055118110236
profile_0014,ramp,67,0.52734375,0.508267716535433
profile_0014,ramp,68,0.53515625,0.5106299212598425
profile_0014,ramp,69,0.54296875,0.512992125984252
profile_0014,ramp,70,0.55078125,0.5153543307086614
profile_0014,ramp,71,0.55859375,0.5177165354330708
profile_0014,ramp,72,0.56640625,0.5200787401574803
profile_0014,ramp,73,0.57421875,0.5224409448818897
profile_0014,ramp,74,0.58203125,0.5248031496062993
profile_0014,ramp,75,0.58984375,0.5271653543307087
profile_0014,ramp,76,0.59765625,0.5295275590551181
profile_0014,ramp,77,0.60546875,0.5318897637795276
profile_0014,ramp,78,0.61328125,0.5342519685039371
profile_0014,ramp,79,0.62109375,0.5366141732283465
profile_0014,ramp,80,0.62890625,0.5389763779527559
profile_0014,ramp,81,0.63671875,0.5413385826771654
profile_0014,ramp,82,0.64453125,0.5437007874015748
profile_0014,ramp,83,0.65234375,0.5460629921259843
profile_0014,ramp,84,0.66015625,0.5484251968503937
profile_0014,ramp,85,0.66796875,0.5507874015748031
profile_0014,ramp,86,0.67578125,0.5531496062992126
profile_0014,ramp,87,0.68359375,0.5555118110236221
profile_0014,ramp,88,0.69140625,0.5578740157480315
profile_0014,ramp,89,0.69921875,0.5602362204724409
profile_0014,ramp,90,0.70703125,0.5625984251968504
profile_0014,ramp,91,0.71484375,0.5649606299212598
profile_0014,ramp,92,0.72265625,0.5673228346456693
profile_0014,ramp,93,0.73046875,0.5696850393700787
profile_0014,ramp,94,0.73828125,0.5720472440944881
profile_0014,ramp,95,0.74609375,0.5744094488188977
profile_0014,ramp,96,0.75390625,0.5767716535433072
profile_0014,ramp,97,0.76171875,0.5791338582677166
profile_0014,ramp,98,0.76953125,0.581496062992126
profile_0014,ramp,99,0.77734375,0.5838582677165355
profile_0014,ramp,100,0.78515625,0.5862204724409449
profile_0014,ramp,101,0.79296875,0.5885826771653544
profile_0014,ramp,102,0.80078125,0.5909448818897638
profile_0014,ramp,103,0.80859375,0.5933070866141732
profile_0014,ramp,104,0.81640625,0.5956692913385827
profile_0014,ramp,105,0.82421875,0.5980314960629921
profile_0014,ramp,106,0.83203125,0.6003937007874016
profile_0014,ramp,107,0.83984375,0.602755905511811
profile_0014,ramp,108,0.84765625,0.6051181102362204
profile_0014,ramp,109,0.85546875,0.6074803149606299
profile_0014,ramp,110,0.86328125,0.6098425196850394
profile_0014,ramp,111,0.87109375,0.6122047244094488
profile_0014,ramp,112,0.87890625,0.6145669291338582
profile_0014,ramp,113,0.88671875,0.6169291338582678
profile_0014,ramp,114,0.89453125,0.6192913385826773
profile_0014,ramp,115,0.90234375,0.6216535433070867
profile_0014,ramp,116,0.91015625,0.6240157480314961
profile_0014,ramp,117,0.91796875,0.6263779527559055
profile_0014,ramp,118,0.92578125,0.628740157480315
profile_0014,ramp,119,0.93359375,0.6311023622047245
profile_0014,ramp,120,0.94140625,0.6334645669291339
profile_0014,ramp,121,0.94921875,0.6358267716535433
profile_0014,ramp,122,0.95703125,0.6381889763779528
profile_0014,ramp,123,0.96484375,0.6405511811023623
profile_0014,ramp,124,0.97265625,0.6429133858267717
profile_0014,ramp,125,0.98046875,0.6452755905511811
profile_0014,ramp,126,0.98828125,0.6476377952755905
profile_0014,ramp,127,0.99609375,0.65
profile_0015,ramp,0,0.00390625,0.65
profile_0015,ramp,1,0.01171875,0.6476377952755906
profile_0015,ramp,2,0.01953125,0.6452755905511811
profile_0015,ramp,3,0.02734375,0.6429133858267717
profile_0015,ramp,4,0.03515625,0.6405511811023622
profile_0015,ramp,5,0.04296875,0.6381889763779528
profile_0015,ramp,6,0.05078125,0.6358267716535433
profile_0015,ramp,7,0.05859375,0.6334645669291339
profile_0015,ramp,8,0.06640625,0.6311023622047244
profile_0015,ramp,9,0.07421875,0.628740157480315
profile_0015,ramp,10,0.08203125,0.6263779527559056
profile_0015,ramp,11,0.08984375,0.6240157480314961
profile_0015,ramp,12,0.09765625,0.6216535433070867
profile_0015,ramp,13,0.10546875,0.6192913385826772
profile_0015,ramp,14,0.11328125,0.6169291338582678
profile_0015,ramp,15,0.12109375,0.6145669291338582
profile_0015,ramp,16,0.12890625,0.6122047244094488
profile_0015,ramp,17,0.13671875,0.6098425196850394
profile_0015,ramp,18,0.14453125,0.6074803149606299
profile_0015,ramp,19,0.15234375,0.6051181102362205
profile_0015,ramp,20,0.16015625,0.602755905511811
profile_0015,ramp,21,0.16796875,0.6003937007874016
profile_0015,ramp,22,0.17578125,0.5980314960629921
profile_0015,ramp,23,0.18359375,0.5956692913385827
profile_0015,ramp,24,0.19140625,0.5933070866141732
profile_0015,ramp,25,0.19921875,0.5909448818897638
profile_0015,ramp,26,0.20703125,0.5885826771653544
profile_0015,ramp,27,0.21484375,0.5862204724409449
profile_0015,ramp,28,0.22265625,0.5838582677165355
profile_0015,ramp,29,0.23046875,0.581496062992126
profile_0015,ramp,30,0.23828125,0.5791338582677166
profile_0015,ramp,31,0.24609375,0.5767716535433071
profile_0015,ramp,32,0.25390625,0.5744094488188977
profile_0015,ramp,33,0.26171875,0.5720472440944881
profile_0015,ramp,34,0.26953125,0.5696850393700787
profile_0015,ramp,35,0.27734375,0.5673228346456693
profile_0015,ramp,36,0.28515625,0.5649606299212598
profile_0015,ramp,37,0.29296875,0.5625984251968504
profile_0015,ramp,38,0.30078125,0.5602362204724409
profile_0015,ramp,39,0.30859375,0.5578740157480315
profile_0015,ramp,40,0.31640625,0.555511811023622
profile_0015,ramp,41,0.32421875,0.5531496062992126
profile_0015,ramp,42,0.33203125,0.5507874015748031
profile_0015,ramp,43,0.33984375,0.5484251968503937
profile_0015,ramp,44,0.34765625,0.5460629921259843
profile_0015,ramp,45,0.35546875,0.5437007874015748
profile_0015,ramp,46,0.36328125,0.5413385826771654
profile_0015,ramp,47,0.37109375,0.5389763779527559
profile_0015,ramp,48,0.37890625,0.5366141732283465
profile_0015,ramp,49,0.38671875,0.534251968503937
profile_0015,ramp,50,0.39453125,0.5318897637795276
profile_0015,ramp,51,0.40234375,0.5295275590551181
profile_0015,ramp,52,0.41015625,0.5271653543307087
profile_0015,ramp,53,0.41796875,0.5248031496062993
profile_0015,ramp,54,0.42578125,0.5224409448818897
profile_0015,ramp,55,0.43359375,0.5200787401574803
profile_0015,ramp,56,0.44140625,0.5177165354330708
profile_0015,ramp,57,0.44921875,0.5153543307086614
profile_0015,ramp,58,0.45703125,0.512992125984252
profile_0015,ramp,59,0.46484375,0.5106299212598425
profile_0015,ramp,60,0.47265625,0.508267716535433
profile_0015,ramp,61,0.48046875,0.5059055118110236
profile_0015,ramp,62,0.48828125,0.5035433070866142
profile_0015,ramp,63,0.49609375,0.5011811023622047
profile_0015,ramp,64,0.50390625,0.4988188976377953
profile_0015,ramp,65,0.51171875,0.4964566929133858
profile_0015,ramp,66,0.51953125,0.4940944881889764
profile_0015,ramp,67,0.52734375,0.49173228346456693
profile_0015,ramp,68,0.53515625,0.4893700787401575
profile_0015,ramp,69,0.54296875,0.487007874015748
profile_0015,ramp,70,0.55078125,0.48464566929133857
profile_0015,ramp,71,0.55859375,0.48228346456692917
profile_0015,ramp,72,0.56640625,0.47992125984251965
profile_0015,ramp,73,0.57421875,0.47755905511811025
profile_0015,ramp,74,0.58203125,0.47519685039370074
profile_0015,ramp,75,0.58984375,0.47283464566929134
profile_0015,ramp,76,0.59765625,0.4704724409448819
profile_0015,ramp,77,0.60546875,0.46811023622047243
profile_0015,ramp,78,0.61328125,0.465748031496063
profile_0015,ramp,79,0.62109375,0.4633858267716535
profile_0015,ramp,80,0.62890625,0.4610236220472441
profile_0015,ramp,81,0.63671875,0.4586614173228346
profile_0015,ramp,82,0.64453125,0.4562992125984252
profile_0015,ramp,83,0.65234375,0.4539370078740157
profile_0015,ramp,84,0.66015625,0.4515748031496063
profile_0015,ramp,85,0.66796875,0.44921259842519684
profile_0015,ramp,86,0.67578125,0.4468503937007874
profile_0015,ramp,87,0.68359375,0.44448818897637793
profile_0015,ramp,88,0.69140625,0.4421259842519685
profile_0015,ramp,89,0.69921875,0.4397637795275591
profile_0015,ramp,90,0.70703125,0.43740157480314956
profile_0015,ramp,91,0.71484375,0.43503937007874016
profile_0015,ramp,92,0.72265625,0.4326771653543307
profile_0015,ramp,93,0.73046875,0.43031496062992125
profile_0015,ramp,94,0.73828125,0.4279527559055118
profile_0015,ramp,95,0.74609375,0.42559055118110234
profile_0015,ramp,96,0.75390625,0.4232283464566929
profile_0015,ramp,97,0.76171875,0.4208661417322834
profile_0015,ramp,98,0.76953125,0.418503937007874
profile_0015,ramp,99,0.77734375,0.4161417322834645
profile_0015,ramp,100,0.78515625,0.4137795275590551
profile_0015,ramp,101,0.79296875,0.41141732283464566
profile_0015,ramp,102,0.80078125,0.4090551181102362
profile_0015,ramp,103,0.80859375,0.40669291338582675
profile_0015,ramp,104,0.81640625,0.4043307086614173
profile_0015,ramp,105,0.82421875,0.4019685039370079
profile_0015,ramp,106,0.83203125,0.3996062992125984
profile_0015,ramp,107,0.83984375,0.397244094488189
profile_0015,ramp,108,0.84765625,0.3948818897637795
profile_0015,ramp,109,0.85546875,0.39251968503937007
profile_0015,ramp,110,0.86328125,0.3901574803149606
profile_0015,ramp,111,0.87109375,0.38779527559055116
profile_0015,ramp,112,0.87890625,0.3854330708661417
profile_0015,ramp,113,0.88671875,0.38307086614173225
profile_0015,ramp,114,0.89453125,0.3807086614173228
profile_0015,ramp,115,0.90234375,0.37834645669291334
profile_0015,ramp,116,0.91015625,0.37598425196850394
profile_0015,ramp,117,0.91796875,0.3736220472440945
profile_0015,ramp,118,0.92578125,0.371259842519685
profile_0015,ramp,119,0.93359375,0.36889763779527557
profile_0015,ramp,120,0.94140625,0.3665354330708661
profile_0015,ramp,121,0.94921875,0.36417322834645666
profile_0015,ramp,122,0.95703125,0.3618110236220472
profile_0015,ramp,123,0.96484375,0.35944881889763775
profile_0015,ramp,124,0.97265625,0.35708661417322834
profile_0015,ramp,125,0.98046875,0.3547244094488189
profile_0015,ramp,126,0.98828125,0.35236220472440943
profile_0015,ramp,127,0.99609375,0.35
profile_0016,low_frequency,0,0.00390625,0.22719031299628356
profile_0016,low_frequency,1,0.01171875,0.22720070170830275
profile_0016,low_frequency,2,0.01953125,0.22722082181458236
profile_0016,low_frequency,3,0.02734375,0.22724941402251453
profile_0016,low_frequency,4,0.03515625,0.22728472602063476
profile_0016,low_frequency,5,0.04296875,0.22732467163200198
profile_0016,low_frequency,6,0.05078125,0.2273670351502799
profile_0016,low_frequency,7,0.05859375,0.2274097143725835
profile_0016,low_frequency,8,0.06640625,0.22745099453752138
profile_0016,low_frequency,9,0.07421875,0.22748984427077135
profile_0016,low_frequency,10,0.08203125,0.22752622376322418
profile_0016,low_frequency,11,0.08984375,0.2275613947819981
profile_0016,low_frequency,12,0.09765625,0.22759822176030353
profile_0016,low_frequency,13,0.10546875,0.22764145313957584
profile_0016,low_frequency,14,0.11328125,0.22769797235114386
profile_0016,low_frequency,15,0.12109375,0.22777700832275627
profile_0016,low_frequency,16,0.12890625,0.22789029616845302
profile_0016,low_frequency,17,0.13671875,0.22805217975283276
profile_0016,low_frequency,18,0.14453125,0.22827964909063148
profile_0016,low_frequency,19,0.15234375,0.2285923070217677
profile_0016,low_frequency,20,0.16015625,0.229012261257436
profile_0016,low_frequency,21,0.16796875,0.22956393968674804
profile_0016,low_frequency,22,0.17578125,0.23027382872448754
profile_0016,low_frequency,23,0.18359375,0.23117013642465367
profile_0016,low_frequency,24,0.19140625,0.2322823840358268
profile_0016,low_frequency,25,0.19921875,0.23364093158646482
profile_0016,low_frequency,26,0.20703125,0.23527644491495492
profile_0016,low_frequency,27,0.21484375,0.23721931325586576
profile_0016,low_frequency,28,0.22265625,0.23949902801824274
profile_0016,low_frequency,29,0.23046875,0.24214353470518712
profile_0016,low_frequency,30,0.23828125,0.2451785709920682
profile_0016,low_frequency,31,0.24609375,0.2486270047743857
profile_0016,low_frequency,32,0.25390625,0.2525081864923471
profile_0016,low_frequency,33,0.26171875,0.25683733022093347
profile_0016,low_frequency,34,0.26953125,0.2616249378718636
profile_0016,low_frequency,35,0.27734375,0.2668762803848943
profile_0016,low_frequency,36,0.28515625,0.27259094899513825
profile_0016,low_frequency,37,0.29296875,0.27876248856271046
profile_0016,low_frequency,38,0.30078125,0.28537812356027437
profile_0016,low_frequency,39,0.30859375,0.2924185856589925
profile_0016,low_frequency,40,0.31640625,0.2998580499662429
profile_0016,low_frequency,41,0.32421875,0.3076641848870989
profile_0016,low_frequency,42,0.33203125,0.3157983183486177
profile_0016,low_frequency,43,0.33984375,0.3242157207879981
profile_0016,low_frequency,44,0.34765625,0.3328660029120669
profile_0016,low_frequency,45,0.35546875,0.3416936238376378
profile_0016,low_frequency,46,0.36328125,0.3506385028720733
profile_0016,low_frequency,47,0.37109375,0.3596367259424045
profile_0016,low_frequency,48,0.37890625,0.36862133557976673
profile_0016,low_frequency,49,0.38671875,0.3775231914609769
profile_0016,low_frequency,50,0.39453125,0.3862718868445434
profile_0016,low_frequency,51,0.40234375,0.3947967048531602
profile_0016,low_frequency,52,0.41015625,0.40302759748216355
profile_0016,low_frequency,53,0.41796875,0.4108961694804656
profile_0016,low_frequency,54,0.42578125,0.41833664887705857
profile_0016,low_frequency,55,0.43359375,0.42528682592471245
profile_0016,low_frequency,56,0.44140625,0.4316889426075228
profile_0016,low_frequency,57,0.44921875,0.43749051560701524
profile_0016,low_frequency,58,0.45703125,0.44264507673110853
profile_0016,low_frequency,59,0.46484375,0.44711281626200927
profile_0016,low_frequency,60,0.47265625,0.45086111644626103
profile_0016,low_frequency,61,0.48046875,0.4538649643988977
profile_0016,low_frequency,62,0.48828125,0.4561072359838223
profile_0016,low_frequency,63,0.49609375,0.45757884471858823
profile_0016,low_frequency,64,0.50390625,0.45827875238350657
profile_0016,low_frequency,65,0.51171875,0.45821384073876636
profile_0016,low_frequency,66,0.51953125,0.4573986465129418
profile_0016,low_frequency,67,0.52734375,0.45585496456456664
profile_0016,low_frequency,68,0.53515625,0.4536113267780377
profile_0016,low_frequency,69,0.54296875,0.4507023667798764
profile_0016,low_frequency,70,0.55078125,0.44716808289761945
profile_0016,low_frequency,71,0.55859375,0.4430530138811877
profile_0016,low_frequency,72,0.56640625,0.43840534372007145
profile_0016,low_frequency,73,0.57421875,0.4332759533792021
profile_0016,low_frequency,74,0.58203125,0.42771743840875165
profile_0016,low_frequency,75,0.58984375,0.42178311213227704
profile_0016,low_frequency,76,0.59765625,0.4155260144655253
profile_0016,low_frequency,77,0.60546875,0.4089979463550566
profile_0016,low_frequency,78,0.61328125,0.4022485493503718
profile_0016,low_frequency,79,0.62109375,0.39532444894290153
profile_0016,low_frequency,80,0.62890625,0.3882684790359634
profile_0016,low_frequency,81,0.63671875,0.3811190032758234
profile_0016,low_frequency,82,0.64453125,0.3739093470073105
profile_0016,low_frequency,83,0.65234375,0.3666673513571268
profile_0016,low_frequency,84,0.66015625,0.359415058439605
profile_0016,low_frequency,85,0.66796875,0.3521685339740519
profile_0016,low_frequency,86,0.67578125,0.34493783075536766
profile_0016,low_frequency,87,0.68359375,0.33772709348881325
profile_0016,low_frequency,88,0.69140625,0.3305348025462933
profile_0016,low_frequency,89,0.69921875,0.323354151286563
profile_0016,low_frequency,90,0.70703125,0.3161735487662971
profile_0016,low_frequency,91,0.71484375,0.30897723701188795
profile_0016,low_frequency,92,0.72265625,0.3017460095792157
profile_0016,low_frequency,93,0.73046875,0.2944580159521417
profile_0016,low_frequency,94,0.73828125,0.28708963446652924
profile_0016,low_frequency,95,0.74609375,0.2796163949352304
profile_0016,low_frequency,96,0.75390625,0.27201393102356886
profile_0016,low_frequency,97,0.76171875,0.2642589417093173
profile_0016,low_frequency,98,0.76953125,0.2563301408724905
profile_0016,low_frequency,99,0.77734375,0.24820917420610344
profile_0016,low_frequency,100,0.78515625,0.2398814832179469
profile_0016,low_frequency,101,0.79296875,0.23133709709500438
profile_0016,low_frequency,102,0.80078125,0.22257133460709966
profile_0016,low_frequency,103,0.80859375,0.21358540000697168
profile_0016,low_frequency,104,0.81640625,0.20438685900459208
profile_0016,low_frequency,105,0.82421875,0.194989983311314
profile_0016,low_frequency,106,0.83203125,0.18541595491524632
profile_0016,low_frequency,107,0.83984375,0.17569292410859638
profile_0016,low_frequency,108,0.84765625,0.16585591828202295
profile_0016,low_frequency,109,0.85546875,0.15594660156867168
profile_0016,low_frequency,110,0.86328125,0.14601288849826322
profile_0016,low_frequency,111,0.87109375,0.13610841784571115
profile_0016,low_frequency,112,0.87890625,0.12629189576660838
profile_0016,low_frequency,113,0.88671875,0.11662632004308016
profile_0016,low_frequency,114,0.89453125,0.10717809976113835
profile_0016,low_frequency,115,0.90234375,0.09801608695259223
profile_0016,low_frequency,116,0.91015625,0.08921053861449113
profile_0016,low_frequency,117,0.91796875,0.08083202902745956
profile_0016,low_frequency,118,0.92578125,0.07295033339926571
profile_0016,low_frequency,119,0.93359375,0.06563330453795757
profile_0016,low_frequency,120,0.94140625,0.058945764495186626
profile_0016,low_frequency,121,0.94921875,0.05294843290924889
profile_0016,low_frequency,122,0.95703125,0.04769691312261126
profile_0016,low_frequency,123,0.96484375,0.04324075606304467
profile_0016,low_frequency,124,0.97265625,0.03962262038276665
profile_0016,low_frequency,125,0.98046875,0.03687754547646016
profile_0016,low_frequency,126,0.98828125,0.035032351784825666
profile_0016,low_frequency,127,0.99609375,0.0341051802806549
profile_0017,piecewise,0,0.00390625,0.05063462134592766
profile_0017,piecewise,1,0.01171875,0.10126924269185532
profile_0017,piecewise,2,0.01953125,0.10126924269185532
profile_0017,piecewise,3,0.02734375,0.10126924269185532
profile_0017,piecewise,4,0.03515625,0.10126924269185532
profile_0017,piecewise,5,0.04296875,0.10126924269185532
profile_0017,piecewise,6,0.05078125,0.10126924269185532
profile_0017,piecewise,7,0.05859375,0.10126924269185532
profile_0017,piecewise,8,0.06640625,0.10126924269185532
profile_0017,piecewise,9,0.07421875,0.10126924269185532
profile_0017,piecewise,10,0.08203125,0.10126924269185532
profile_0017,piecewise,11,0.08984375,0.10126924269185532
profile_0017,piecewise,12,0.09765625,0.10126924269185532
profile_0017,piecewise,13,0.10546875,0.10126924269185532
profile_0017,piecewise,14,0.11328125,0.10126924269185532
profile_0017,piecewise,15,0.12109375,0.10126924269185532
profile_0017,piecewise,16,0.12890625,0.32737373961260086
profile_0017,piecewise,17,0.13671875,0.5534782365333464
profile_0017,piecewise,18,0.14453125,0.5534782365333464
profile_0017,piecewise,19,0.15234375,0.5534782365333464
profile_0017,piecewise,20,0.16015625,0.5534782365333464
profile_0017,piecewise,21,0.16796875,0.5534782365333464
profile_0017,piecewise,22,0.17578125,0.5534782365333464
profile_0017,piecewise,23,0.18359375,0.5534782365333464
profile_0017,piecewise,24,0.19140625,0.5534782365333464
profile_0017,piecewise,25,0.19921875,0.5534782365333464
profile_0017,piecewise,26,0.20703125,0.5534782365333464
profile_0017,piecewise,27,0.21484375,0.5534782365333464
profile_0017,piecewise,28,0.22265625,0.5534782365333464
profile_0017,piecewise,29,0.23046875,0.5534782365333464
profile_0017,piecewise,30,0.23828125,0.5534782365333464
profile_0017,piecewise,31,0.24609375,0.5534782365333464
profile_0017,piecewise,32,0.25390625,0.7218539813240326
profile_0017,piecewise,33,0.26171875,0.8902297261147187
profile_0017,piecewise,34,0.26953125,0.8902297261147187
profile_0017,piecewise,35,0.27734375,0.8902297261147187
profile_0017,piecewise,36,0.28515625,0.8902297261147187
profile_0017,piecewise,37,0.29296875,0.8902297261147187
profile_0017,piecewise,38,0.30078125,0.8902297261147187
profile_0017,piecewise,39,0.30859375,0.8902297261147187
profile_0017,piecewise,40,0.31640625,0.8902297261147187
profile_0017,piecewise,41,0.32421875,0.8902297261147187
profile_0017,piecewise,42,0.33203125,0.8902297261147187
profile_0017,piecewise,43,0.33984375,0.8902297261147187
profile_0017,piecewise,44,0.34765625,0.8902297261147187
profile_0017,piecewise,45,0.35546875,0.8902297261147187
profile_0017,piecewise,46,0.36328125,0.8902297261147187
profile_0017,piecewise,47,0.37109375,0.8902297261147187
profile_0017,piecewise,48,0.37890625,0.9020250160981303
profile_0017,piecewise,49,0.38671875,0.913820306081542
profile_0017,piecewise,50,0.39453125,0.913820306081542
profile_0017,piecewise,51,0.40234375,0.913820306081542
profile_0017,piecewise,52,0.41015625,0.913820306081542
profile_0017,piecewise,53,0.41796875,0.913820306081542
profile_0017,piecewise,54,0.42578125,0.913820306081542
profile_0017,piecewise,55,0.43359375,0.913820306081542
profile_0017,piecewise,56,0.44140625,0.913820306081542
profile_0017,piecewise,57,0.44921875,0.913820306081542
profile_0017,piecewise,58,0.45703125,0.913820306081542
profile_0017,piecewise,59,0.46484375,0.913820306081542
profile_0017,piecewise,60,0.47265625,0.913820306081542
profile_0017,piecewise,61,0.48046875,0.913820306081542
profile_0017,piecewise,62,0.48828125,0.913820306081542
profile_0017,piecewise,63,0.49609375,0.913820306081542
profile_0017,piecewise,64,0.50390625,0.5235079419465043
profile_0017,piecewise,65,0.51171875,0.13319557781146651
profile_0017,piecewise,66,0.51953125,0.13319557781146651
profile_0017,piecewise,67,0.52734375,0.13319557781146651
profile_0017,piecewise,68,0.53515625,0.13319557781146651
profile_0017,piecewise,69,0.54296875,0.13319557781146651
profile_0017,piecewise,70,0.55078125,0.13319557781146651
profile_0017,piecewise,71,0.55859375,0.13319557781146651
profile_0017,piecewise,72,0.56640625,0.13319557781146651
profile_0017,piecewise,73,0.57421875,0.13319557781146651
profile_0017,piecewise,74,0.58203125,0.13319557781146651
profile_0017,piecewise,75,0.58984375,0.13319557781146651
profile_0017,piecewise,76,0.59765625,0.13319557781146651
profile_0017,piecewise,77,0.60546875,0.13319557781146651
profile_0017,piecewise,78,0.61328125,0.13319557781146651
profile_0017,piecewise,79,0.62109375,0.13319557781146651
profile_0017,piecewise,80,0.62890625,0.21501935952348858
profile_0017,piecewise,81,0.63671875,0.29684314123551064
profile_0017,piecewise,82,0.64453125,0.29684314123551064
profile_0017,piecewise,83,0.65234375,0.29684314123551064
profile_0017,piecewise,84,0.66015625,0.29684314123551064
profile_0017,piecewise,85,0.66796875,0.29684314123551064
profile_0017,piecewise,86,0.67578125,0.29684314123551064
profile_0017,piecewise,87,0.68359375,0.29684314123551064
profile_0017,piecewise,88,0.69140625,0.29684314123551064
profile_0017,piecewise,89,0.69921875,0.29684314123551064
profile_0017,piecewise,90,0.70703125,0.29684314123551064
profile_0017,piecewise,91,0.71484375,0.29684314123551064
profile_0017,piecewise,92,0.72265625,0.29684314123551064
profile_0017,piecewise,93,0.73046875,0.29684314123551064
profile_0017,piecewise,94,0.73828125,0.29684314123551064
profile_0017,piecewise,95,0.74609375,0.29684314123551064
profile_0017,piecewise,96,0.75390625,0.4551968311839737
profile_0017,piecewise,97,0.76171875,0.6135505211324367
profile_0017,piecewise,98,0.76953125,0.6135505211324367
profile_0017,piecewise,99,0.77734375,0.6135505211324367
profile_0017,piecewise,100,0.78515625,0.6135505211324367
profile_0017,piecewise,101,0.79296875,0.6135505211324367
profile_0017,piecewise,102,0.80078125,0.6135505211324367
profile_0017,piecewise,103,0.80859375,0.6135505211324367
profile_0017,piecewise,104,0.81640625,0.6135505211324367
profile_0017,piecewise,105,0.82421875,0.6135505211324367
profile_0017,piecewise,106,0.83203125,0.6135505211324367
profile_0017,piecewise,107,0.83984375,0.6135505211324367
profile_0017,piecewise,108,0.84765625,0.6135505211324367
profile_0017,piecewise,109,0.85546875,0.6135505211324367
profile_0017,piecewise,110,0.86328125,0.6135505211324367
profile_0017,piecewise,111,0.87109375,0.6135505211324367
profile_0017,piecewise,112,0.87890625,0.5566402976694326
profile_0017,piecewise,113,0.88671875,0.49973007420642845
profile_0017,piecewise,114,0.89453125,0.49973007420642845
profile_0017,piecewise,115,0.90234375,0.49973007420642845
profile_0017,piecewise,116,0.91015625,0.49973007420642845
profile_0017,piecewise,117,0.91796875,0.49973007420642845
profile_0017,piecewise,118,0.92578125,0.49973007420642845
profile_0017,piecewise,119,0.93359375,0.49973007420642845
profile_0017,piecewise,120,0.94140625,0.49973007420642845
profile_0017,piecewise,121,0.94921875,0.49973007420642845
profile_0017,piecewise,122,0.95703125,0.49973007420642845
profile_0017,piecewise,123,0.96484375,0.49973007420642845
profile_0017,piecewise,124,0.97265625,0.49973007420642845
profile_0017,piecewise,125,0.98046875,0.49973007420642845
profile_0017,piecewise,126,0.98828125,0.49973007420642845
profile_0017,piecewise,127,0.99609375,0.49973007420642845
profile_0018,high_frequency,0,0.00390625,0.6745909858833714
profile_0018,high_frequency,1,0.01171875,0.6880119252667595
profile_0018,high_frequency,2,0.01953125,0.6890928727133343
profile_0018,high_frequency,3,0.02734375,0.6777407377548145
profile_0018,high_frequency,4,0.03515625,0.6549331586312732
profile_0018,high_frequency,5,0.04296875,0.6226343087423519
profile_0018,high_frequency,6,0.05078125,0.5836257433529562
profile_0018,high_frequency,7,0.05859375,0.541266853921557
profile_0018,high_frequency,8,0.06640625,0.4992055595634994
profile_0018,high_frequency,9,0.07421875,0.461064150706237
profile_0018,high_frequency,10,0.08203125,0.4301273398699581
profile_0018,high_frequency,11,0.08984375,0.40905938443091555
profile_0018,high_frequency,12,0.09765625,0.3996746425651371
profile_0018,high_frequency,13,0.10546875,0.4027813219405835
profile_0018,high_frequency,14,0.11328125,0.41811187741546585
profile_0018,high_frequency,15,0.12109375,0.4443460518462098
profile_0018,high_frequency,16,0.12890625,0.47922457574615474
profile_0018,high_frequency,17,0.13671875,0.5197437340567245
profile_0018,high_frequency,18,0.14453125,0.562414044071386
profile_0018,high_frequency,19,0.15234375,0.6035607673432719
profile_0018,high_frequency,20,0.16015625,0.6396403756927677
profile_0018,high_frequency,21,0.16796875,0.6675457174749877
profile_0018,high_frequency,22,0.17578125,0.6848736033930918
profile_0018,high_frequency,23,0.18359375,0.6901317675468713
profile_0018,high_frequency,24,0.19140625,0.6828673803700729
profile_0018,high_frequency,25,0.19921875,0.6637060460085852
profile_0018,high_frequency,26,0.20703125,0.6342979257114649
profile_0018,high_frequency,27,0.21484375,0.5971756270521941
profile_0018,high_frequency,28,0.22265625,0.555536097465006
profile_0018,high_frequency,29,0.23046875,0.5129653052784872
profile_0018,high_frequency,30,0.23828125,0.4731294185309684
profile_0018,high_frequency,31,0.24609375,0.43945907704076526
profile_0018,high_frequency,32,0.25390625,0.4148539480085781
profile_0018,high_frequency,33,0.26171875,0.40143300862518994
profile_0018,high_frequency,34,0.26953125,0.4003520611786151
profile_0018,high_frequency,35,0.27734375,0.4117041961371349
profile_0018,high_frequency,36,0.28515625,0.4345117752606764
profile_0018,high_frequency,37,0.29296875,0.46681062514959715
profile_0018,high_frequency,38,0.30078125,0.5058191905389933
profile_0018,high_frequency,39,0.30859375,0.5481780799703924
profile_0018,high_frequency,40,0.31640625,0.5902393743284498
profile_0018,high_frequency,41,0.32421875,0.6283807831857126
profile_0018,high_frequency,42,0.33203125,0.6593175940219913
profile_0018,high_frequency,43,0.33984375,0.6803855494610338
profile_0018,high_frequency,44,0.34765625,0.6897702913268123
profile_0018,high_frequency,45,0.35546875,0.6866636119513659
profile_0018,high_frequency,46,0.36328125,0.6713330564764836
profile_0018,high_frequency,47,0.37109375,0.6450988820457393
profile_0018,high_frequency,48,0.37890625,0.6102203581457951
profile_0018,high_frequency,49,0.38671875,0.569701199835225
profile_0018,high_frequency,50,0.39453125,0.5270308898205635
profile_0018,high_frequency,51,0.40234375,0.48588416654867783
profile_0018,high_frequency,52,0.41015625,0.4498045581991818
profile_0018,high_frequency,53,0.41796875,0.4218992164169617
profile_0018,high_frequency,54,0.42578125,0.4045713304988577
profile_0018,high_frequency,55,0.43359375,0.3993131663450781
profile_0018,high_frequency,56,0.44140625,0.4065775535218763
profile_0018,high_frequency,57,0.44921875,0.4257388878833642
profile_0018,high_frequency,58,0.45703125,0.45514700818048465
profile_0018,high_frequency,59,0.46484375,0.492269306839755
profile_0018,high_frequency,60,0.47265625,0.5339088364269433
profile_0018,high_frequency,61,0.48046875,0.5764796286134625
profile_0018,high_frequency,62,0.48828125,0.6163155153609807
profile_0018,high_frequency,63,0.49609375,0.6499858568511842
profile_0018,high_frequency,64,0.50390625,0.6745909858833715
profile_0018,high_frequency,65,0.51171875,0.6880119252667594
profile_0018,high_frequency,66,0.51953125,0.6890928727133343
profile_0018,high_frequency,67,0.52734375,0.6777407377548148
profile_0018,high_frequency,68,0.53515625,0.6549331586312734
profile_0018,high_frequency,69,0.54296875,0.6226343087423518
profile_0018,high_frequency,70,0.55078125,0.5836257433529567
profile_0018,high_frequency,71,0.55859375,0.5412668539215572
profile_0018,high_frequency,72,0.56640625,0.4992055595634992
profile_0018,high_frequency,73,0.57421875,0.46106415070623735
profile_0018,high_frequency,74,0.58203125,0.43012733986995816
profile_0018,high_frequency,75,0.58984375,0.4090593844309154
profile_0018,high_frequency,76,0.59765625,0.3996746425651372
profile_0018,high_frequency,77,0.60546875,0.40278132194058347
profile_0018,high_frequency,78,0.61328125,0.41811187741546607
profile_0018,high_frequency,79,0.62109375,0.44434605184620973
profile_0018,high_frequency,80,0.62890625,0.4792245757461547
profile_0018,high_frequency,81,0.63671875,0.5197437340567238
profile_0018,high_frequency,82,0.64453125,0.5624140440713858
profile_0018,high_frequency,83,0.65234375,0.603560767343272
profile_0018,high_frequency,84,0.66015625,0.6396403756927672
profile_0018,high_frequency,85,0.66796875,0.6675457174749877
profile_0018,high_frequency,86,0.67578125,0.6848736033930918
profile_0018,high_frequency,87,0.68359375,0.6901317675468713
profile_0018,high_frequency,88,0.69140625,0.682867380370073
profile_0018,high_frequency,89,0.69921875,0.663706046008585
profile_0018,high_frequency,90,0.70703125,0.6342979257114651
profile_0018,high_frequency,91,0.71484375,0.597175627052194
profile_0018,high_frequency,92,0.72265625,0.5555360974650057
profile_0018,high_frequency,93,0.73046875,0.5129653052784875
profile_0018,high_frequency,94,0.73828125,0.4731294185309683
profile_0018,high_frequency,95,0.74609375,0.4394590770407657
profile_0018,high_frequency,96,0.75390625,0.4148539480085781
profile_0018,high_frequency,97,0.76171875,0.40143300862518994
profile_0018,high_frequency,98,0.76953125,0.4003520611786151
profile_0018,high_frequency,99,0.77734375,0.4117041961371348
profile_0018,high_frequency,100,0.78515625,0.4345117752606763
profile_0018,high_frequency,101,0.79296875,0.4668106251495971
profile_0018,high_frequency,102,0.80078125,0.5058191905389932
profile_0018,high_frequency,103,0.80859375,0.5481780799703927
profile_0018,high_frequency,104,0.81640625,0.5902393743284496
profile_0018,high_frequency,105,0.82421875,0.6283807831857124
profile_0018,high_frequency,106,0.83203125,0.6593175940219909
profile_0018,high_frequency,107,0.83984375,0.6803855494610338
profile_0018,high_frequency,108,0.84765625,0.6897702913268123
profile_0018,high_frequency,109,0.85546875,0.6866636119513658
profile_0018,high_frequency,110,0.86328125,0.6713330564764837
profile_0018,high_frequency,111,0.87109375,0.6450988820457393
profile_0018,high_frequency,112,0.87890625,0.6102203581457943
profile_0018,high_frequency,113,0.88671875,0.5697011998352252
profile_0018,high_frequency,114,0.89453125,0.5270308898205631
profile_0018,high_frequency,115,0.90234375,0.4858841665486779
profile_0018,high_frequency,116,0.91015625,0.44980455819918186
profile_0018,high_frequency,117,0.91796875,0.4218992164169615
profile_0018,high_frequency,118,0.92578125,0.40457133049885774
profile_0018,high_frequency,119,0.93359375,0.3993131663450781
profile_0018,high_frequency,120,0.94140625,0.4065775535218766
profile_0018,high_frequency,121,0.94921875,0.4257388878833641
profile_0018,high_frequency,122,0.95703125,0.4551470081804846
profile_0018,high_frequency,123,0.96484375,0.4922693068397559
profile_0018,high_frequency,124,0.97265625,0.5339088364269432
profile_0018,high_frequency,125,0.98046875,0.5764796286134624
profile_0018,high_frequency,126,0.98828125,0.6163155153609815
profile_0018,high_frequency,127,0.99609375,0.649985856851184
profile_0019,low_frequency,0,0.00390625,0.4052005415148576
profile_0019,low_frequency,1,0.01171875,0.40770475546401763
profile_0019,low_frequency,2,0.01953125,0.412559254820859
profile_0019,low_frequency,3,0.02734375,0.4194623558842796
profile_0019,low_frequency,4,0.03515625,0.42797673733983377
profile_0019,low_frequency,5,0.04296875,0.43754705192371657
profile_0019,low_frequency,6,0.05078125,0.44752237779706716
profile_0019,low_frequency,7,0.05859375,0.45718267480764596
profile_0019,low_frequency,8,0.06640625,0.46576826094395574
profile_0019,low_frequency,9,0.07421875,0.472511210437377
profile_0019,low_frequency,10,0.08203125,0.47666750129985225
profile_0019,low_frequency,11,0.08984375,0.4775487092856414
profile_0019,low_frequency,12,0.09765625,0.47455205845435056
profile_0019,low_frequency,13,0.10546875,0.46718769519916714
profile_0019,low_frequency,14,0.11328125,0.4551021507105564
profile_0019,low_frequency,15,0.12109375,0.43809709278241415
profile_0019,low_frequency,16,0.12890625,0.41614263666842444
profile_0019,low_frequency,17,0.13671875,0.3893846802012768
profile_0019,low_frequency,18,0.14453125,0.3581459434707659
profile_0019,low_frequency,19,0.15234375,0.3229206201894319
profile_0019,low_frequency,20,0.16015625,0.2843627782116751
profile_0019,low_frequency,21,0.16796875,0.2432688721565015
profile_0019,low_frequency,22,0.17578125,0.20055494355050496
profile_0019,low_frequency,23,0.18359375,0.1572292756827115
profile_0019,low_frequency,24,0.19140625,0.11436143454325931
profile_0019,low_frequency,25,0.19921875,0.07304875792082677
profile_0019,low_frequency,26,0.20703125,0.03438144730906223
profile_0019,low_frequency,27,0.21484375,0.0
profile_0019,low_frequency,28,0.22265625,0.0
profile_0019,low_frequency,29,0.23046875,0.0
profile_0019,low_frequency,30,0.23828125,0.0
profile_0019,low_frequency,31,0.24609375,0.0
profile_0019,low_frequency,32,0.25390625,0.0
profile_0019,low_frequency,33,0.26171875,0.0
profile_0019,low_frequency,34,0.26953125,0.0
profile_0019,low_frequency,35,0.27734375,0.0
profile_0019,low_frequency,36,0.28515625,0.0
profile_0019,low_frequency,37,0.29296875,0.0
profile_0019,low_frequency,38,0.30078125,0.03076511291414774
profile_0019,low_frequency,39,0.30859375,0.07114851302024561
profile_0019,low_frequency,40,0.31640625,0.11504954109733867
profile_0019,low_frequency,41,0.32421875,0.16137117402538048
profile_0019,low_frequency,42,0.33203125,0.20896560747064985
profile_0019,low_frequency,43,0.33984375,0.25666887497605373
profile_0019,low_frequency,44,0.34765625,0.3033355674221532
profile_0019,low_frequency,45,0.35546875,0.3478724973333249
profile_0019,low_frequency,46,0.36328125,0.38927020207844687
profile_0019,low_frequency,47,0.37109375,0.42663126800667217
profile_0019,low_frequency,48,0.37890625,0.4591945804099602
profile_0019,low_frequency,49,0.38671875,0.4863547571264242
profile_0019,low_frequency,50,0.39453125,0.5076762007581641
profile_0019,low_frequency,51,0.40234375,0.5229013992185194
profile_0019,low_frequency,52,0.41015625,0.5319533094220255
profile_0019,low_frequency,53,0.41796875,0.5349318668638139
profile_0019,low_frequency,54,0.42578125,0.5321048670643338
profile_0019,low_frequency,55,0.43359375,0.5238936561015815
profile_0019,low_frequency,56,0.44140625,0.5108542399647635
profile_0019,low_frequency,57,0.44921875,0.4936545702595312
profile_0019,low_frequency,58,0.45703125,0.47304888187812333
profile_0019,low_frequency,59,0.46484375,0.449850042778158
profile_0019,low_frequency,60,0.47265625,0.42490092443833816
profile_0019,low_frequency,61,0.48046875,0.3990458126914789
profile_0019,low_frequency,62,0.48828125,0.37310285268279086
profile_0019,low_frequency,63,0.49609375,0.3478384602416882
profile_0019,low_frequency,64,0.50390625,0.32394453785962485
profile_0019,low_frequency,65,0.51171875,0.3020192107760069
profile_0019,low_frequency,66,0.51953125,0.2825516524342404
profile_0019,low_frequency,67,0.52734375,0.26591140462745266
profile_0019,low_frequency,68,0.53515625,0.2523424224267574
profile_0019,low_frequency,69,0.54296875,0.24196189421490422
profile_0019,low_frequency,70,0.55078125,0.23476370963936533
profile_0019,low_frequency,71,0.55859375,0.23062627966179416
profile_0019,low_frequency,72,0.56640625,0.2293242592841871
profile_0019,low_frequency,73,0.57421875,0.23054359047514228
profile_0019,low_frequency,74,0.58203125,0.2338991749323498
profile_0019,low_frequency,75,0.58984375,0.23895440719630745
profile_0019,low_frequency,76,0.59765625,0.2452417507156044
profile_0019,low_frequency,77,0.60546875,0.2522835239629575
profile_0019,low_frequency,78,0.61328125,0.25961208055853735
profile_0019,low_frequency,79,0.62109375,0.26678861527577036
profile_0019,low_frequency,80,0.62890625,0.27341990431293106
profile_0019,low_frequency,81,0.63671875,0.2791723897768221
profile_0019,low_frequency,82,0.64453125,0.2837831404969757
profile_0019,low_frequency,83,0.65234375,0.28706735889814294
profile_0019,low_frequency,84,0.66015625,0.28892225101831626
profile_0019,low_frequency,85,0.66796875,0.28932722789508936
profile_0019,low_frequency,86,0.67578125,0.2883405554309122
profile_0019,low_frequency,87,0.68359375,0.28609271064964714
profile_0019,low_frequency,88,0.69140625,0.2827768295468054
profile_0019,low_frequency,89,0.69921875,0.2786367407070609
profile_0019,low_frequency,90,0.70703125,0.2739531655081362
profile_0019,low_frequency,91,0.71484375,0.2690287269900118
profile_0019,low_frequency,92,0.72265625,0.26417244333813383
profile_0019,low_frequency,93,0.73046875,0.2596843875255058
profile_0019,low_frequency,94,0.73828125,0.2558411722396168
profile_0019,low_frequency,95,0.74609375,0.2528828701617949
profile_0019,low_frequency,96,0.75390625,0.25100190639324005
profile_0019,low_frequency,97,0.76171875,0.25033436569768663
profile_0019,low_frequency,98,0.76953125,0.25095404641352004
profile_0019,low_frequency,99,0.77734375,0.25286947015495254
profile_0019,low_frequency,100,0.78515625,0.25602392696957166
profile_0019,low_frequency,101,0.79296875,0.2602985048522677
profile_0019,low_frequency,102,0.80078125,0.2655179258249145
profile_0019,low_frequency,103,0.80859375,0.2714588933395896
profile_0019,low_frequency,104,0.81640625,0.27786055227777917
profile_0019,low_frequency,105,0.82421875,0.28443657740447104
profile_0019,low_frequency,106,0.83203125,0.290888342117936
profile_0019,low_frequency,107,0.83984375,0.29691857912789144
profile_0019,low_frequency,108,0.84765625,0.3022449297121599
profile_0019,low_frequency,109,0.85546875,0.3066127888125234
profile_0019,low_frequency,110,0.86328125,0.30980688874769036
profile_0019,low_frequency,111,0.87109375,0.3116611230406412
profile_0019,low_frequency,112,0.87890625,0.3120661911337339
profile_0019,low_frequency,113,0.88671875,0.3109747411263746
profile_0019,low_frequency,114,0.89453125,0.308403796966352
profile_0019,low_frequency,115,0.90234375,0.30443437410193774
profile_0019,low_frequency,116,0.91015625,0.29920830849085434
profile_0019,low_frequency,117,0.91796875,0.29292244299126224
profile_0019,low_frequency,118,0.92578125,0.2858204275578917
profile_0019,low_frequency,119,0.93359375,0.27818249066753997
profile_0019,low_frequency,120,0.94140625,0.2703136248315041
profile_0019,low_frequency,121,0.94921875,0.26253069541142227
profile_0019,low_frequency,122,0.95703125,0.25514902653804694
profile_0019,low_frequency,123,0.96484375,0.2484690389516755
profile_0019,low_frequency,124,0.97265625,0.24276351123412487
profile_0019,low_frequency,125,0.98046875,0.23826600839506007
profile_0019,low_frequency,126,0.98828125,0.2351609713225885
profile_0019,low_frequency,127,0.99609375,0.23357588937223883
profile_0020,piecewise,0,0.00390625,0.4411925451720765
profile_0020,piecewise,1,0.01171875,0.882385090344153
profile_0020,piecewise,2,0.01953125,0.882385090344153
profile_0020,piecewise,3,0.02734375,0.882385090344153
profile_0020,piecewise,4,0.03515625,0.882385090344153
profile_0020,piecewise,5,0.04296875,0.882385090344153
profile_0020,piecewise,6,0.05078125,0.882385090344153
profile_0020,piecewise,7,0.05859375,0.882385090344153
profile_0020,piecewise,8,0.06640625,0.882385090344153
profile_0020,piecewise,9,0.07421875,0.882385090344153
profile_0020,piecewise,10,0.08203125,0.882385090344153
profile_0020,piecewise,11,0.08984375,0.882385090344153
profile_0020,piecewise,12,0.09765625,0.882385090344153
profile_0020,piecewise,13,0.10546875,0.882385090344153
profile_0020,piecewise,14,0.11328125,0.882385090344153
profile_0020,piecewise,15,0.12109375,0.882385090344153
profile_0020,piecewise,16,0.12890625,0.882385090344153
profile_0020,piecewise,17,0.13671875,0.882385090344153
profile_0020,piecewise,18,0.14453125,0.7985387889919164
profile_0020,piecewise,19,0.15234375,0.71469248763968
profile_0020,piecewise,20,0.16015625,0.71469248763968
profile_0020,piecewise,21,0.16796875,0.71469248763968
profile_0020,piecewise,22,0.17578125,0.71469248763968
profile_0020,piecewise,23,0.18359375,0.71469248763968
profile_0020,piecewise,24,0.19140625,0.71469248763968
profile_0020,piecewise,25,0.19921875,0.71469248763968
profile_0020,piecewise,26,0.20703125,0.71469248763968
profile_0020,piecewise,27,0.21484375,0.71469248763968
profile_0020,piecewise,28,0.22265625,0.71469248763968
profile_0020,piecewise,29,0.23046875,0.71469248763968
profile_0020,piecewise,30,0.23828125,0.71469248763968
profile_0020,piecewise,31,0.24609375,0.71469248763968
profile_0020,piecewise,32,0.25390625,0.71469248763968
profile_0020,piecewise,33,0.26171875,0.71469248763968
profile_0020,piecewise,34,0.26953125,0.71469248763968
profile_0020,piecewise,35,0.27734375,0.71469248763968
profile_0020,piecewise,36,0.28515625,0.71469248763968
profile_0020,piecewise,37,0.29296875,0.6683990846218997
profile_0020,piecewise,38,0.30078125,0.6221056816041194
profile_0020,piecewise,39,0.30859375,0.6221056816041194
profile_0020,piecewise,40,0.31640625,0.6221056816041194
profile_0020,piecewise,41,0.32421875,0.6221056816041194
profile_0020,piecewise,42,0.33203125,0.6221056816041194
profile_0020,piecewise,43,0.33984375,0.6221056816041194
profile_0020,piecewise,44,0.34765625,0.6221056816041194
profile_0020,piecewise,45,0.35546875,0.6221056816041194
profile_0020,piecewise,46,0.36328125,0.6221056816041194
profile_0020,piecewise,47,0.37109375,0.6221056816041194
profile_0020,piecewise,48,0.37890625,0.6221056816041194
profile_0020,piecewise,49,0.38671875,0.6221056816041194
profile_0020,piecewise,50,0.39453125,0.6221056816041194
profile_0020,piecewise,51,0.40234375,0.6221056816041194
profile_0020,piecewise,52,0.41015625,0.6221056816041194
profile_0020,piecewise,53,0.41796875,0.6221056816041194
profile_0020,piecewise,54,0.42578125,0.6221056816041194
profile_0020,piecewise,55,0.43359375,0.6160763452227656
profile_0020,piecewise,56,0.44140625,0.6100470088414117
profile_0020,piecewise,57,0.44921875,0.6100470088414117
profile_0020,piecewise,58,0.45703125,0.6100470088414117
profile_0020,piecewise,59,0.46484375,0.6100470088414117
profile_0020,piecewise,60,0.47265625,0.6100470088414117
profile_0020,piecewise,61,0.48046875,0.6100470088414117
profile_0020,piecewise,62,0.48828125,0.6100470088414117
profile_0020,piecewise,63,0.49609375,0.6100470088414117
profile_0020,piecewise,64,0.50390625,0.6100470088414117
profile_0020,piecewise,65,0.51171875,0.6100470088414117
profile_0020,piecewise,66,0.51953125,0.6100470088414117
profile_0020,piecewise,67,0.52734375,0.6100470088414117
profile_0020,piecewise,68,0.53515625,0.6100470088414117
profile_0020,piecewise,69,0.54296875,0.6100470088414117
profile_0020,piecewise,70,0.55078125,0.6100470088414117
profile_0020,piecewise,71,0.55859375,0.6100470088414117
profile_0020,piecewise,72,0.56640625,0.6100470088414117
profile_0020,piecewise,73,0.57421875,0.5689732747069753
profile_0020,piecewise,74,0.58203125,0.5278995405725391
profile_0020,piecewise,75,0.58984375,0.5278995405725391
profile_0020,piecewise,76,0.59765625,0.5278995405725391
profile_0020,piecewise,77,0.60546875,0.5278995405725391
profile_0020,piecewise,78,0.61328125,0.5278995405725391
profile_0020,piecewise,79,0.62109375,0.5278995405725391
profile_0020,piecewise,80,0.62890625,0.5278995405725391
profile_0020,piecewise,81,0.63671875,0.5278995405725391
profile_0020,piecewise,82,0.64453125,0.5278995405725391
profile_0020,piecewise,83,0.65234375,0.5278995405725391
profile_0020,piecewise,84,0.66015625,0.5278995405725391
profile_0020,piecewise,85,0.66796875,0.5278995405725391
profile_0020,piecewise,86,0.67578125,0.5278995405725391
profile_0020,piecewise,87,0.68359375,0.5278995405725391
profile_0020,piecewise,88,0.69140625,0.5278995405725391
profile_0020,piecewise,89,0.69921875,0.5278995405725391
profile_0020,piecewise,90,0.70703125,0.5278995405725391
profile_0020,piecewise,91,0.71484375,0.551408261073987
profile_0020,piecewise,92,0.72265625,0.5749169815754348
profile_0020,piecewise,93,0.73046875,0.5749169815754348
profile_0020,piecewise,94,0.73828125,0.5749169815754348
profile_0020,piecewise,95,0.74609375,0.5749169815754348
profile_0020,piecewise,96,0.75390625,0.5749169815754348
profile_0020,piecewise,97,0.76171875,0.5749169815754348
profile_0020,piecewise,98,0.76953125,0.5749169815754348
profile_0020,piecewise,99,0.77734375,0.5749169815754348
profile_0020,piecewise,100,0.78515625,0.5749169815754348
profile_0020,piecewise,101,0.79296875,0.5749169815754348
profile_0020,piecewise,102,0.80078125,0.5749169815754348
profile_0020,piecewise,103,0.80859375,0.5749169815754348
profile_0020,piecewise,104,0.81640625,0.5749169815754348
profile_0020,piecewise,105,0.82421875,0.5749169815754348
profile_0020,piecewise,106,0.83203125,0.5749169815754348
profile_0020,piecewise,107,0.83984375,0.5749169815754348
profile_0020,piecewise,108,0.84765625,0.5749169815754348
profile_0020,piecewise,109,0.85546875,0.5749169815754348
profile_0020,piecewise,110,0.86328125,0.6021993578257472
profile_0020,piecewise,111,0.87109375,0.6294817340760597
profile_0020,piecewise,112,0.87890625,0.6294817340760597
profile_0020,piecewise,113,0.88671875,0.6294817340760597
profile_0020,piecewise,114,0.89453125,0.6294817340760597
profile_0020,piecewise,115,0.90234375,0.6294817340760597
profile_0020,piecewise,116,0.91015625,0.6294817340760597
profile_0020,piecewise,117,0.91796875,0.6294817340760597
profile_0020,piecewise,118,0.92578125,0.6294817340760597
profile_0020,piecewise,119,0.93359375,0.6294817340760597
profile_0020,piecewise,120,0.94140625,0.6294817340760597
profile_0020,piecewise,121,0.94921875,0.6294817340760597
profile_0020,piecewise,122,0.95703125,0.6294817340760597
profile_0020,piecewise,123,0.96484375,0.6294817340760597
profile_0020,piecewise,124,0.97265625,0.6294817340760597
profile_0020,piecewise,125,0.98046875,0.6294817340760597
profile_0020,piecewise,126,0.98828125,0.6294817340760597
profile_0020,piecewise,127,0.99609375,0.6294817340760597
profile_0021,high_frequency,0,0.00390625,0.7147479162487697
profile_0021,high_frequency,1,0.01171875,0.7740037635081749
profile_0021,high_frequency,2,0.01953125,0.7642209094555119
profile_0021,high_frequency,3,0.02734375,0.6918255357100518
profile_0021,high_frequency,4,0.03515625,0.6043728667061943
profile_0021,high_frequency,5,0.04296875,0.5593089944620284
profile_0021,high_frequency,6,0.05078125,0.586235569574583
profile_0021,high_frequency,7,0.05859375,0.6674650070991425
profile_0021,high_frequency,8,0.06640625,0.7496391443201967
profile_0021,high_frequency,9,0.07421875,0.7787792622108904
profile_0021,high_frequency,10,0.08203125,0.7357437392194226
profile_0021,high_frequency,11,0.08984375,0.648801839645839
profile_0021,high_frequency,12,0.09765625,0.5750641402172061
profile_0021,high_frequency,13,0.10546875,0.5629676150685575
profile_0021,high_frequency,14,0.11328125,0.6204582549249757
profile_0021,high_frequency,15,0.12109375,0.70977148810455
profile_0021,high_frequency,16,0.12890625,0.772239051304297
profile_0021,high_frequency,17,0.13671875,0.7668271210332476
profile_0021,high_frequency,18,0.14453125,0.6970906973604384
profile_0021,high_frequency,19,0.15234375,0.6088383880385271
profile_0021,high_frequency,20,0.16015625,0.5600415544892188
profile_0021,high_frequency,21,0.16796875,0.5827539627346953
profile_0021,high_frequency,22,0.17578125,0.662056238570786
profile_0021,high_frequency,23,0.18359375,0.7458561372802591
profile_0021,high_frequency,24,0.19140625,0.7791070062314083
profile_0021,high_frequency,25,0.19921875,0.739966945123113
profile_0021,high_frequency,26,0.20703125,0.654146359110893
profile_0021,high_frequency,27,0.21484375,0.5780192541257386
profile_0021,high_frequency,28,0.22265625,0.5615921620192392
profile_0021,high_frequency,29,0.23046875,0.6156557453919609
profile_0021,high_frequency,30,0.23828125,0.7046966045885992
profile_0021,high_frequency,31,0.24609375,0.7702253938974277
profile_0021,high_frequency,32,0.25390625,0.769197425222044
profile_0021,high_frequency,33,0.26171875,0.7022879527747029
profile_0021,high_frequency,34,0.26953125,0.6134486106778838
profile_0021,high_frequency,35,0.27734375,0.5610363716695509
profile_0021,high_frequency,36,0.28515625,0.5794798968671144
profile_0021,high_frequency,37,0.29296875,0.6566639648861875
profile_0021,high_frequency,38,0.30078125,0.7418877437880845
profile_0021,high_frequency,39,0.30859375,0.7791692595439534
profile_0021,high_frequency,40,0.31640625,0.7440189521543048
profile_0021,high_frequency,41,0.32421875,0.6595264290121478
profile_0021,high_frequency,42,0.33203125,0.581193315334328
profile_0021,high_frequency,43,0.33984375,0.5604752305737057
profile_0021,high_frequency,44,0.34765625,0.6109815135549752
profile_0021,high_frequency,45,0.35546875,0.6995354915398149
profile_0021,high_frequency,46,0.36328125,0.767967642364636
profile_0021,high_frequency,47,0.37109375,0.7713261117514963
profile_0021,high_frequency,48,0.37890625,0.7074047813093272
profile_0021,high_frequency,49,0.38671875,0.6181924281941179
profile_0021,high_frequency,50,0.39453125,0.5622910494013016
profile_0021,high_frequency,51,0.40234375,0.5764212594832887
profile_0021,high_frequency,52,0.41015625,0.6513011765049611
profile_0021,high_frequency,53,0.41796875,0.7377435240511857
profile_0021,high_frequency,54,0.42578125,0.7789658721748435
profile_0021,high_frequency,55,0.43359375,0.7478899986731465
profile_0021,high_frequency,56,0.44140625,0.6649290882899727
profile_0021,high_frequency,57,0.44921875,0.5845786772515078
profile_0021,high_frequency,58,0.45703125,0.5596195115176409
profile_0021,high_frequency,59,0.46484375,0.6064468200479285
profile_0021,high_frequency,60,0.47265625,0.6943005825315919
profile_0021,high_frequency,61,0.48046875,0.7654712358271198
profile_0021,high_frequency,62,0.48828125,0.773208052429304
profile_0021,high_frequency,63,0.49609375,0.7124288560761886
profile_0021,high_frequency,64,0.50390625,0.6230584123153237
profile_0021,high_frequency,65,0.51171875,0.5638025650559186
profile_0021,high_frequency,66,0.51953125,0.5735854191085816
profile_0021,high_frequency,67,0.52734375,0.6459807928540419
profile_0021,high_frequency,68,0.53515625,0.733433461857899
profile_0021,high_frequency,69,0.54296875,0.7784973341020651
profile_0021,high_frequency,70,0.55078125,0.7515707589895104
profile_0021,high_frequency,71,0.55859375,0.6703413214649513
profile_0021,high_frequency,72,0.56640625,0.5881671842438968
profile_0021,high_frequency,73,0.57421875,0.5590270663532031
profile_0021,high_frequency,74,0.58203125,0.6020625893446714
profile_0021,high_frequency,75,0.58984375,0.6890044889182554
profile_0021,high_frequency,76,0.59765625,0.7627421883468879
profile_0021,high_frequency,77,0.60546875,0.7748387134955357
profile_0021,high_frequency,78,0.61328125,0.7173480736391162
profile_0021,high_frequency,79,0.62109375,0.6280348404595434
profile_0021,high_frequency,80,0.62890625,0.5655672772597963
profile_0021,high_frequency,81,0.63671875,0.5709792075308463
profile_0021,high_frequency,82,0.64453125,0.640715631203656
profile_0021,high_frequency,83,0.65234375,0.7289679405255676
profile_0021,high_frequency,84,0.66015625,0.7777647740748748
profile_0021,high_frequency,85,0.66796875,0.7550523658293979
profile_0021,high_frequency,86,0.67578125,0.675750089993307
profile_0021,high_frequency,87,0.68359375,0.5919501912838337
profile_0021,high_frequency,88,0.69140625,0.5586993223326854
profile_0021,high_frequency,89,0.69921875,0.5978393834409819
profile_0021,high_frequency,90,0.70703125,0.6836599694532006
profile_0021,high_frequency,91,0.71484375,0.7597870744383552
profile_0021,high_frequency,92,0.72265625,0.7762141665448542
profile_0021,high_frequency,93,0.73046875,0.7221505831721319
profile_0021,high_frequency,94,0.73828125,0.633109723975493
profile_0021,high_frequency,95,0.74609375,0.567580934666665
profile_0021,high_frequency,96,0.75390625,0.5686089033420495
profile_0021,high_frequency,97,0.76171875,0.6355183757893909
profile_0021,high_frequency,98,0.76953125,0.7243577178862105
profile_0021,high_frequency,99,0.77734375,0.7767699568945429
profile_0021,high_frequency,100,0.78515625,0.7583264316969786
profile_0021,high_frequency,101,0.79296875,0.6811423636779044
profile_0021,high_frequency,102,0.80078125,0.5959185847760089
profile_0021,high_frequency,103,0.80859375,0.5586370690201401
profile_0021,high_frequency,104,0.81640625,0.5937873764097894
profile_0021,high_frequency,105,0.82421875,0.6782798995519467
profile_0021,high_frequency,106,0.83203125,0.7566130132297665
profile_0021,high_frequency,107,0.83984375,0.7773310979903876
profile_0021,high_frequency,108,0.84765625,0.7268248150091182
profile_0021,high_frequency,109,0.85546875,0.6382708370242778
profile_0021,high_frequency,110,0.86328125,0.5698386861994571
profile_0021,high_frequency,111,0.87109375,0.5664802168125975
profile_0021,high_frequency,112,0.87890625,0.630401547254768
profile_0021,high_frequency,113,0.88671875,0.7196139003699757
profile_0021,high_frequency,114,0.89453125,0.775515279162792
profile_0021,high_frequency,115,0.90234375,0.7613850690808044
profile_0021,high_frequency,116,0.91015625,0.6865051520591314
profile_0021,high_frequency,117,0.91796875,0.600062804512907
profile_0021,high_frequency,118,0.92578125,0.55884045638925
profile_0021,high_frequency,119,0.93359375,0.5899163298909471
profile_0021,high_frequency,120,0.94140625,0.672877240274121
profile_0021,high_frequency,121,0.94921875,0.7532276513125864
profile_0021,high_frequency,122,0.95703125,0.7781868170464525
profile_0021,high_frequency,123,0.96484375,0.7313595085161644
profile_0021,high_frequency,124,0.97265625,0.6435057460325
profile_0021,high_frequency,125,0.98046875,0.5723350927369736
profile_0021,high_frequency,126,0.98828125,0.5645982761347895
profile_0021,high_frequency,127,0.99609375,0.6253774724879059
profile_0022,low_frequency,0,0.00390625,0.4517511267471176
profile_0022,low_frequency,1,0.01171875,0.45299535848059336
profile_0022,low_frequency,2,0.01953125,0.4554720661381313
profile_0022,low_frequency,3,0.02734375,0.45915784642956525
profile_0022,low_frequency,4,0.03515625,0.46401786423160585
profile_0022,low_frequency,5,0.04296875,0.4700061735445751
profile_0022,low_frequency,6,0.05078125,0.47706614076717746
profile_0022,low_frequency,7,0.05859375,0.4851309663452511
profile_0022,low_frequency,8,0.06640625,0.4941242999346488
profile_0022,low_frequency,9,0.07421875,0.5039609433484507
profile_0022,low_frequency,10,0.08203125,0.5145476347427893
profile_0022,low_frequency,11,0.08984375,0.5257839067413581
profile_0022,low_frequency,12,0.09765625,0.5375630105132818
profile_0022,low_frequency,13,0.10546875,0.5497728972088822
profile_0022,low_frequency,14,0.11328125,0.5622972476287045
profile_0022,low_frequency,15,0.12109375,0.5750165405579393
profile_0022,low_frequency,16,0.12890625,0.5878091498452163
profile_0022,low_frequency,17,0.13671875,0.6005524600449461
profile_0022,low_frequency,18,0.14453125,0.6131239902783365
profile_0022,low_frequency,19,0.15234375,0.6254025159014143
profile_0022,low_frequency,20,0.16015625,0.637269177599374
profile_0022,low_frequency,21,0.16796875,0.6486085676550415
profile_0022,low_frequency,22,0.17578125,0.6593097833638257
profile_0022,low_frequency,23,0.18359375,0.6692674378861041
profile_0022,low_frequency,24,0.19140625,0.6783826192374205
profile_0022,low_frequency,25,0.19921875,0.6865637886132112
profile_0022,low_frequency,26,0.20703125,0.6937276098232887
profile_0022,low_frequency,27,0.21484375,0.6997997022663984
profile_0022,low_frequency,28,0.22265625,0.7047153106005979
profile_0022,low_frequency,29,0.23046875,0.7084198850540355
profile_0022,low_frequency,30,0.23828125,0.7108695671653966
profile_0022,low_frequency,31,0.24609375,0.7120315766357934
profile_0022,low_frequency,32,0.25390625,0.7118844959057005
profile_0022,low_frequency,33,0.26171875,0.7104184500328099
profile_0022,low_frequency,34,0.26953125,0.7076351804302536
profile_0022,low_frequency,35,0.27734375,0.7035480120201789
profile_0022,low_frequency,36,0.28515625,0.6981817143557207
profile_0022,low_frequency,37,0.29296875,0.6915722582555301
profile_0022,low_frequency,38,0.30078125,0.6837664704698176
profile_0022,low_frequency,39,0.30859375,0.6748215898461369
profile_0022,low_frequency,40,0.31640625,0.6648047293778849
profile_0022,low_frequency,41,0.32421875,0.6537922493901569
profile_0022,low_frequency,42,0.33203125,0.6418690479379043
profile_0022,low_frequency,43,0.33984375,0.629127775252635
profile_0022,low_frequency,44,0.34765625,0.6156679797690487
profile_0022,low_frequency,45,0.35546875,0.6015951938854749
profile_0022,low_frequency,46,0.36328125,0.5870199681560342
profile_0022,low_frequency,47,0.37109375,0.5720568630730289
profile_0022,low_frequency,48,0.37890625,0.556823407970922
profile_0022,low_frequency,49,0.38671875,0.5414390368650543
profile_0022,low_frequency,50,0.39453125,0.5260240112263994
profile_0022,low_frequency,51,0.40234375,0.5106983397865983
profile_0022,low_frequency,52,0.41015625,0.4955807054645116
profile_0022,low_frequency,53,0.41796875,0.4807874094068082
profile_0022,low_frequency,54,0.42578125,0.46643134194177693
profile_0022,low_frequency,55,0.43359375,0.4526209899596727
profile_0022,low_frequency,56,0.44140625,0.4394594898573444
profile_0022,low_frequency,57,0.44921875,0.4270437347234617
profile_0022,low_frequency,58,0.45703125,0.41546354389788986
profile_0022,low_frequency,59,0.46484375,0.4048009024200493
profile_0022,low_frequency,60,0.47265625,0.3951292771924799
profile_0022,low_frequency,61,0.48046875,0.38651301593406007
profile_0022,low_frequency,62,0.48828125,0.3790068341897157
profile_0022,low_frequency,63,0.49609375,0.3726553948078619
profile_0022,low_frequency,64,0.50390625,0.3674929834015257
profile_0022,low_frequency,65,0.51171875,0.36354328238278344
profile_0022,low_frequency,66,0.51953125,0.3608192452117469
profile_0022,low_frequency,67,0.52734375,0.3593230715399941
profile_0022,low_frequency,68,0.53515625,0.35904628296332675
profile_0022,low_frequency,69,0.54296875,0.3599698981393
profile_0022,low_frequency,70,0.55078125,0.36206470508034094
profile_0022,low_frequency,71,0.55859375,0.3652916275124718
profile_0022,low_frequency,72,0.56640625,0.3696021813015059
profile_0022,low_frequency,73,0.57421875,0.37493901610153935
profile_0022,low_frequency,74,0.58203125,0.3812365365827036
profile_0022,low_frequency,75,0.58984375,0.388421596854033
profile_0022,low_frequency,76,0.59765625,0.39641426101995525
profile_0022,low_frequency,77,0.60546875,0.4051286222017252
profile_0022,low_frequency,78,0.61328125,0.41447367182379036
profile_0022,low_frequency,79,0.62109375,0.42435421051455435
profile_0022,low_frequency,80,0.62890625,0.43467179160547076
profile_0022,low_frequency,81,0.63671875,0.44532568793519756
profile_0022,low_frequency,82,0.64453125,0.45621387247913603
profile_0022,low_frequency,83,0.65234375,0.4672340032307005
profile_0022,low_frequency,84,0.66015625,0.47828440275978734
profile_0022,low_frequency,85,0.66796875,0.4892650229659681
profile_0022,low_frequency,86,0.67578125,0.5000783857277864
profile_0022,low_frequency,87,0.68359375,0.5106304904232537
profile_0022,low_frequency,88,0.69140625,0.5208316796573207
profile_0022,low_frequency,89,0.69921875,0.5305974549760797
profile_0022,low_frequency,90,0.70703125,0.5398492348702444
profile_0022,low_frequency,91,0.71484375,0.5485150479667702
profile_0022,low_frequency,92,0.72265625,0.5565301549714203
profile_0022,low_frequency,93,0.73046875,0.5638375936499846
profile_0022,low_frequency,94,0.73828125,0.5703886419145889
profile_0022,low_frequency,95,0.74609375,0.5761431949063565
profile_0022,low_frequency,96,0.75390625,0.5810700528284727
profile_0022,low_frequency,97,0.76171875,0.5851471171759921
profile_0022,low_frequency,98,0.76953125,0.588361493921693
profile_0022,low_frequency,99,0.77734375,0.5907095031420271
profile_0022,low_frequency,100,0.78515625,0.5921965954946296
profile_0022,low_frequency,101,0.79296875,0.5928371768798919
profile_0022,low_frequency,102,0.80078125,0.5926543435247522
profile_0022,low_frequency,103,0.80859375,0.5916795306082836
profile_0022,low_frequency,104,0.81640625,0.5899520783972685
profile_0022,low_frequency,105,0.82421875,0.5875187206674766
profile_0022,low_frequency,106,0.83203125,0.5844330009449541
profile_0022,low_frequency,107,0.83984375,0.5807546228039437
profile_0022,low_frequency,108,0.84765625,0.5765487410972288
profile_0022,low_frequency,109,0.85546875,0.5718852015646183
profile_0022,low_frequency,110,0.86328125,0.5668377367603876
profile_0022,low_frequency,111,0.87109375,0.561483126656058
profile_0022,low_frequency,112,0.87890625,0.555900332606915
profile_0022,low_frequency,113,0.88671875,0.550169613615989
profile_0022,low_frequency,114,0.89453125,0.5443716339855311
profile_0022,low_frequency,115,0.90234375,0.5385865715118765
profile_0022,low_frequency,116,0.91015625,0.5328932353544618
profile_0022,low_frequency,117,0.91796875,0.527368202593935
profile_0022,low_frequency,118,0.92578125,0.5220849822890916
profile_0022,low_frequency,119,0.93359375,0.5171132155497655
profile_0022,low_frequency,120,0.94140625,0.5125179197658754
profile_0022,low_frequency,121,0.94921875,0.5083587846752633
profile_0022,low_frequency,122,0.95703125,0.5046895274193839
profile_0022,low_frequency,123,0.96484375,0.5015573131316029
profile_0022,low_frequency,124,0.97265625,0.49900224693384054
profile_0022,low_frequency,125,0.98046875,0.4970569424901994
profile_0022,low_frequency,126,0.98828125,0.495746171488224
profile_0022,low_frequency,127,0.99609375,0.495086597597276
profile_0023,piecewise,0,0.00390625,0.18766288382684682
profile_0023,piecewise,1,0.01171875,0.37532576765369363
profile_0023,piecewise,2,0.01953125,0.37532576765369363
profile_0023,piecewise,3,0.02734375,0.37532576765369363
profile_0023,piecewise,4,0.03515625,0.37532576765369363
profile_0023,piecewise,5,0.04296875,0.37532576765369363
profile_0023,piecewise,6,0.05078125,0.37532576765369363
profile_0023,piecewise,7,0.05859375,0.37532576765369363
profile_0023,piecewise,8,0.06640625,0.37532576765369363
profile_0023,piecewise,9,0.07421875,0.37532576765369363
profile_0023,piecewise,10,0.08203125,0.37532576765369363
profile_0023,piecewise,11,0.08984375,0.4932503909866848
profile_0023,piecewise,12,0.09765625,0.6111750143196759
profile_0023,piecewise,13,0.10546875,0.6111750143196759
profile_0023,piecewise,14,0.11328125,0.6111750143196759
profile_0023,piecewise,15,0.12109375,0.6111750143196759
profile_0023,piecewise,16,0.12890625,0.6111750143196759
profile_0023,piecewise,17,0.13671875,0.6111750143196759
profile_0023,piecewise,18,0.14453125,0.6111750143196759
profile_0023,piecewise,19,0.15234375,0.6111750143196759
profile_0023,piecewise,20,0.16015625,0.6111750143196759
profile_0023,piecewise,21,0.16796875,0.5523677644748344
profile_0023,piecewise,22,0.17578125,0.49356051462999284
profile_0023,piecewise,23,0.18359375,0.49356051462999284
profile_0023,piecewise,24,0.19140625,0.49356051462999284
profile_0023,piecewise,25,0.19921875,0.49356051462999284
profile_0023,piecewise,26,0.20703125,0.49356051462999284
profile_0023,piecewise,27,0.21484375,0.49356051462999284
profile_0023,piecewise,28,0.22265625,0.49356051462999284
profile_0023,piecewise,29,0.23046875,0.49356051462999284
profile_0023,piecewise,30,0.23828125,0.49356051462999284
profile_0023,piecewise,31,0.24609375,0.49356051462999284
profile_0023,piecewise,32,0.25390625,0.4637488543764967
profile_0023,piecewise,33,0.26171875,0.43393719412300064
profile_0023,piecewise,34,0.26953125,0.43393719412300064
profile_0023,piecewise,35,0.27734375,0.43393719412300064
profile_0023,piecewise,36,0.28515625,0.43393719412300064
profile_0023,piecewise,37,0.29296875,0.43393719412300064
profile_0023,piecewise,38,0.30078125,0.43393719412300064
profile_0023,piecewise,39,0.30859375,0.43393719412300064
profile_0023,piecewise,40,0.31640625,0.43393719412300064
profile_0023,piecewise,41,0.32421875,0.43393719412300064
profile_0023,piecewise,42,0.33203125,0.43393719412300064
profile_0023,piecewise,43,0.33984375,0.369998348967264
profile_0023,piecewise,44,0.34765625,0.3060595038115274
profile_0023,piecewise,45,0.35546875,0.3060595038115274
profile_0023,piecewise,46,0.36328125,0.3060595038115274
profile_0023,piecewise,47,0.37109375,0.3060595038115274
profile_0023,piecewise,48,0.37890625,0.3060595038115274
profile_0023,piecewise,49,0.38671875,0.3060595038115274
profile_0023,piecewise,50,0.39453125,0.3060595038115274
profile_0023,piecewise,51,0.40234375,0.3060595038115274
profile_0023,piecewise,52,0.41015625,0.3060595038115274
profile_0023,piecewise,53,0.41796875,0.29397087317315224
profile_0023,piecewise,54,0.42578125,0.28188224253477706
profile_0023,piecewise,55,0.43359375,0.28188224253477706
profile_0023,piecewise,56,0.44140625,0.28188224253477706
profile_0023,piecewise,57,0.44921875,0.28188224253477706
profile_0023,piecewise,58,0.45703125,0.28188224253477706
profile_0023,piecewise,59,0.46484375,0.28188224253477706
profile_0023,piecewise,60,0.47265625,0.28188224253477706
profile_0023,piecewise,61,0.48046875,0.28188224253477706
profile_0023,piecewise,62,0.48828125,0.28188224253477706
profile_0023,piecewise,63,0.49609375,0.28188224253477706
profile_0023,piecewise,64,0.50390625,0.2791847853234467
profile_0023,piecewise,65,0.51171875,0.2764873281121164
profile_0023,piecewise,66,0.51953125,0.2764873281121164
profile_0023,piecewise,67,0.52734375,0.2764873281121164
profile_0023,piecewise,68,0.53515625,0.2764873281121164
profile_0023,piecewise,69,0.54296875,0.2764873281121164
profile_0023,piecewise,70,0.55078125,0.2764873281121164
profile_0023,piecewise,71,0.55859375,0.2764873281121164
profile_0023,piecewise,72,0.56640625,0.2764873281121164
profile_0023,piecewise,73,0.57421875,0.2764873281121164
profile_0023,piecewise,74,0.58203125,0.2764873281121164
profile_0023,piecewise,75,0.58984375,0.5898065083956134
profile_0023,piecewise,76,0.59765625,0.9031256886791106
profile_0023,piecewise,77,0.60546875,0.9031256886791106
profile_0023,piecewise,78,0.61328125,0.9031256886791106
profile_0023,piecewise,79,0.62109375,0.9031256886791106
profile_0023,piecewise,80,0.62890625,0.9031256886791106
profile_0023,piecewise,81,0.63671875,0.9031256886791106
profile_0023,piecewise,82,0.64453125,0.9031256886791106
profile_0023,piecewise,83,0.65234375,0.9031256886791106
profile_0023,piecewise,84,0.66015625,0.9031256886791106
profile_0023,piecewise,85,0.66796875,0.632123537035137
profile_0023,piecewise,86,0.67578125,0.36112138539116345
profile_0023,piecewise,87,0.68359375,0.36112138539116345
profile_0023,piecewise,88,0.69140625,0.36112138539116345
profile_0023,piecewise,89,0.69921875,0.36112138539116345
profile_0023,piecewise,90,0.70703125,0.36112138539116345
profile_0023,piecewise,91,0.71484375,0.36112138539116345
profile_0023,piecewise,92,0.72265625,0.36112138539116345
profile_0023,piecewise,93,0.73046875,0.36112138539116345
profile_0023,piecewise,94,0.73828125,0.36112138539116345
profile_0023,piecewise,95,0.74609375,0.36112138539116345
profile_0023,piecewise,96,0.75390625,0.3008915171144654
profile_0023,piecewise,97,0.76171875,0.24066164883776736
profile_0023,piecewise,98,0.76953125,0.24066164883776736
profile_0023,piecewise,99,0.77734375,0.24066164883776736
profile_0023,piecewise,100,0.78515625,0.24066164883776736
profile_0023,piecewise,101,0.79296875,0.24066164883776736
profile_0023,piecewise,102,0.80078125,0.24066164883776736
profile_0023,piecewise,103,0.80859375,0.24066164883776736
profile_0023,piecewise,104,0.81640625,0.24066164883776736
profile_0023,piecewise,105,0.82421875,0.24066164883776736
profile_0023,piecewise,106,0.83203125,0.24066164883776736
profile_0023,piecewise,107,0.83984375,0.3357221653960273
profile_0023,piecewise,108,0.84765625,0.4307826819542872
profile_0023,piecewise,109,0.85546875,0.4307826819542872
profile_0023,piecewise,110,0.86328125,0.4307826819542872
profile_0023,piecewise,111,0.87109375,0.4307826819542872
profile_0023,piecewise,112,0.87890625,0.4307826819542872
profile_0023,piecewise,113,0.88671875,0.4307826819542872
profile_0023,piecewise,114,0.89453125,0.4307826819542872
profile_0023,piecewise,115,0.90234375,0.4307826819542872
profile_0023,piecewise,116,0.91015625,0.4307826819542872
profile_0023,piecewise,117,0.91796875,0.36758199473883846
profile_0023,piecewise,118,0.92578125,0.3043813075233897
profile_0023,piecewise,119,0.93359375,0.3043813075233897
profile_0023,piecewise,120,0.94140625,0.3043813075233897
profile_0023,piecewise,121,0.94921875,0.3043813075233897
profile_0023,piecewise,122,0.95703125,0.3043813075233897
profile_0023,piecewise,123,0.96484375,0.3043813075233897
profile_0023,piecewise,124,0.97265625,0.3043813075233897
profile_0023,piecewise,125,0.98046875,0.3043813075233897
profile_0023,piecewise,126,0.98828125,0.3043813075233897
profile_0023,piecewise,127,0.99609375,0.3043813075233897
profile_0024,high_frequency,0,0.00390625,0.2809571334684246
profile_0024,high_frequency,1,0.01171875,0.23614095764839022
profile_0024,high_frequency,2,0.01953125,0.22918678055424607
profile_0024,high_frequency,3,0.02734375,0.2630383550357779
profile_0024,high_frequency,4,0.03515625,0.32336606775402527
profile_0024,high_frequency,5,0.04296875,0.3846327668891223
profile_0024,high_frequency,6,0.05078125,0.42090382096213075
profile_0024,high_frequency,7,0.05859375,0.41682543363644897
profile_0024,high_frequency,8,0.06640625,0.37412401540608287
profile_0024,high_frequency,9,0.07421875,0.3108753816987672
profile_0024,high_frequency,10,0.08203125,0.253853131058281
profile_0024,high_frequency,11,0.08984375,0.22719518959028423
profile_0024,high_frequency,12,0.09765625,0.24218605438242158
profile_0024,high_frequency,13,0.10546875,0.2924799852622483
profile_0024,high_frequency,14,0.11328125,0.3567872019509326
profile_0024,high_frequency,15,0.12109375,0.4078860001653746
profile_0024,high_frequency,16,0.12890625,0.4241458935334266
profile_0024,high_frequency,17,0.13671875,0.39868395301957127
profile_0024,high_frequency,18,0.14453125,0.3422783999624413
profile_0024,high_frequency,19,0.15234375,0.2788061079745138
profile_0024,high_frequency,20,0.16015625,0.23513535174773276
profile_0024,high_frequency,21,0.16796875,0.22975227440938978
profile_0024,high_frequency,22,0.17578125,0.2649355710575302
profile_0024,high_frequency,23,0.18359375,0.32579190084525006
profile_0024,high_frequency,24,0.19140625,0.38656034457034105
profile_0024,high_frequency,25,0.19921875,0.42151718582882924
profile_0024,high_frequency,26,0.20703125,0.415864943958217
profile_0024,high_frequency,27,0.21484375,0.3719962533261717
profile_0024,high_frequency,28,0.22265625,0.3084810441079241
profile_0024,high_frequency,29,0.23046875,0.25220575816564605
profile_0024,high_frequency,30,0.23828125,0.22699212611137187
profile_0024,high_frequency,31,0.24609375,0.2435132585386926
profile_0024,high_frequency,32,0.25390625,0.2947756420518154
profile_0024,high_frequency,33,0.26171875,0.35907954345288584
profile_0024,high_frequency,34,0.26953125,0.40920466184373727
profile_0024,high_frequency,35,0.27734375,0.4239326764782442
profile_0024,high_frequency,36,0.28515625,0.39702911353368425
profile_0024,high_frequency,37,0.29296875,0.33988244342363494
profile_0024,high_frequency,38,0.30078125,0.2766832599041676
profile_0024,high_frequency,39,0.30859375,0.2341842289012359
profile_0024,high_frequency,40,0.31640625,0.23037549388319656
profile_0024,high_frequency,41,0.32421875,0.26686931959563276
profile_0024,high_frequency,42,0.33203125,0.328217608875326
profile_0024,high_frequency,43,0.33984375,0.3884511925521895
profile_0024,high_frequency,44,0.34765625,0.4220727643021037
profile_0024,high_frequency,45,0.35546875,0.41485007258571294
profile_0024,high_frequency,46,0.36328125,0.36984053441086895
profile_0024,high_frequency,47,0.37109375,0.30609700886873586
profile_0024,high_frequency,48,0.37890625,0.25060258575264915
profile_0024,high_frequency,49,0.38671875,0.22684845086124877
profile_0024,high_frequency,50,0.39453125,0.24488989921134352
profile_0024,high_frequency,51,0.40234375,0.2970898568147588
profile_0024,high_frequency,52,0.41015625,0.3613517086624886
profile_0024,high_frequency,53,0.41796875,0.4104729537327298
profile_0024,high_frequency,54,0.42578125,0.4236602180283915
profile_0024,high_frequency,55,0.43359375,0.3953312383534559
profile_0024,high_frequency,56,0.44140625,0.337477874207709
profile_0024,high_frequency,57,0.44921875,0.2745898679816843
profile_0024,high_frequency,58,0.45703125,0.23328816202973773
profile_0024,high_frequency,59,0.46484375,0.23105606357155922
profile_0024,high_frequency,60,0.47265625,0.268838435832274
profile_0024,high_frequency,61,0.48046875,0.3306417306884395
profile_0024,high_frequency,62,0.48828125,0.39030417185854716
profile_0024,high_frequency,63,0.49609375,0.42257022172225633
profile_0024,high_frequency,64,0.50390625,0.41378143083950286
profile_0024,high_frequency,65,0.51171875,0.3676581571846417
profile_0024,high_frequency,66,0.51953125,0.30372471203488666
profile_0024,high_frequency,67,0.52734375,0.24904457951040548
profile_0024,high_frequency,68,0.53515625,0.22676425038451326
profile_0024,high_frequency,69,0.54296875,0.24631514716350933
profile_0024,high_frequency,70,0.55078125,0.2994212355546378
profile_0024,high_frequency,71,0.55859375,0.3636023289123796
profile_0024,high_frequency,72,0.56640625,0.4116901118607425
profile_0024,high_frequency,73,0.57421875,0.42332868230265086
profile_0024,high_frequency,74,0.58203125,0.3935913502154068
profile_0024,high_frequency,75,0.58984375,0.3350661407372485
profile_0024,high_frequency,76,0.59765625,0.2725271931880827
profile_0024,high_frequency,77,0.60546875,0.23244769089041556
profile_0024,high_frequency,78,0.61328125,0.2317935735247456
profile_0024,high_frequency,79,0.62109375,0.27084173364546327
profile_0024,high_frequency,80,0.62890625,0.33306280608425226
profile_0024,high_frequency,81,0.63671875,0.3921181663239659
profile_0024,high_frequency,82,0.64453125,0.4230092584395382
profile_0024,high_frequency,83,0.65234375,0.4126596624294158
profile_0024,high_frequency,84,0.66015625,0.36545043622992673
profile_0024,high_frequency,85,0.66796875,0.3013655825892819
profile_0024,high_frequency,86,0.67578125,0.24753267792361833
profile_0024,high_frequency,87,0.68359375,0.22673957540038403
profile_0024,high_frequency,88,0.69140625,0.2477881438791169
profile_0024,high_frequency,89,0.69921875,0.30176837393607686
profile_0024,high_frequency,90,0.70703125,0.36583004851307765
profile_0024,high_frequency,91,0.71484375,0.41285540305723123
profile_0024,high_frequency,92,0.72265625,0.4229382690057467
profile_0024,high_frequency,93,0.73046875,0.3918104971630929
profile_0024,high_frequency,94,0.73828125,0.33264869575031425
profile_0024,high_frequency,95,0.74609375,0.2704964780015292
profile_0024,high_frequency,96,0.75390625,0.23166332175165688
profile_0024,high_frequency,97,0.76171875,0.23258757949433662
profile_0024,high_frequency,98,0.76953125,0.2728780063235045
profile_0024,high_frequency,99,0.77734375,0.3354793766974762
profile_0024,high_frequency,100,0.78515625,0.3938920832660097
profile_0024,high_frequency,101,0.79296875,0.42338960999464753
profile_0024,high_frequency,102,0.80078125,0.41148544306679674
profile_0024,high_frequency,103,0.80859375,0.363218701395276
profile_0024,high_frequency,104,0.81640625,0.29902104158328746
profile_0024,high_frequency,105,0.82421875,0.24606779170526943
profile_0024,high_frequency,106,0.83203125,0.22677444077214887
profile_0024,high_frequency,107,0.83984375,0.24930800208002274
profile_0024,high_frequency,108,0.84765625,0.3041298581306783
profile_0024,high_frequency,109,0.85546875,0.36803352556959323
profile_0024,high_frequency,110,0.86328125,0.41396812539435235
profile_0024,high_frequency,111,0.87109375,0.42248921330805067
profile_0024,high_frequency,112,0.87890625,0.3899897519158031
profile_0024,high_frequency,113,0.88671875,0.3302269954253717
profile_0024,high_frequency,114,0.89453125,0.2684989456489182
profile_0024,high_frequency,115,0.90234375,0.23093552708810056
profile_0024,high_frequency,116,0.91015625,0.23343760320082696
profile_0024,high_frequency,117,0.91796875,0.27494602729187995
profile_0024,high_frequency,118,0.92578125,0.3378899868763373
profile_0024,high_frequency,119,0.93359375,0.3956248541434452
profile_0024,high_frequency,120,0.94140625,0.4237110472780296
profile_0024,high_frequency,121,0.94921875,0.4102594800574828
profile_0024,high_frequency,122,0.95703125,0.3609642969943039
profile_0024,high_frequency,123,0.96484375,0.29669250128073593
profile_0024,high_frequency,124,0.97265625,0.2446508032480407
profile_0024,high_frequency,125,0.98046875,0.22686882549821158
profile_0024,high_frequency,126,0.98828125,0.25087380626047956
profile_0024,high_frequency,127,0.99609375,0.3065042656686675
profile_0025,low_frequency,0,0.00390625,0.5917500818589787
profile_0025,low_frequency,1,0.01171875,0.5911829888683682
profile_0025,low_frequency,2,0.01953125,0.5900381230309812
profile_0025,low_frequency,3,0.02734375,0.5882947347743328
profile_0025,low_frequency,4,0.03515625,0.5859232021513254
profile_0025,low_frequency,5,0.04296875,0.5828867702814866
profile_0025,low_frequency,6,0.05078125,0.5791437671474646
profile_0025,low_frequency,7,0.05859375,0.5746502115829049
profile_0025,low_frequency,8,0.06640625,0.5693627137189141
profile_0025,low_frequency,9,0.07421875,0.5632415559748603
profile_0025,low_frequency,10,0.08203125,0.5562538343126673
profile_0025,low_frequency,11,0.08984375,0.5483765352263688
profile_0025,low_frequency,12,0.09765625,0.5395994239813904
profile_0025,low_frequency,13,0.10546875,0.5299276239823907
profile_0025,low_frequency,14,0.11328125,0.5193837757252076
profile_0025,low_frequency,15,0.12109375,0.5080096763300708
profile_0025,low_frequency,16,0.12890625,0.4958673167815313
profile_0025,low_frequency,17,0.13671875,0.4830392532177472
profile_0025,low_frequency,18,0.14453125,0.46962827031587606
profile_0025,low_frequency,19,0.15234375,0.4557563183235651
profile_0025,low_frequency,20,0.16015625,0.4415627298367397
profile_0025,low_frequency,21,0.16796875,0.42720174722799165
profile_0025,low_frequency,22,0.17578125,0.41283941587870254
profile_0025,low_frequency,23,0.18359375,0.3986499212619894
profile_0025,low_frequency,24,0.19140625,0.38481146869791405
profile_0025,low_frequency,25,0.19921875,0.37150182255183584
profile_0025,low_frequency,26,0.20703125,0.35889363614818404
profile_0025,low_frequency,27,0.21484375,0.3471497142047093
profile_0025,low_frequency,28,0.22265625,0.336418355755812
profile_0025,low_frequency,29,0.23046875,0.32682892706083755
profile_0025,low_frequency,30,0.23828125,0.318487810760556
profile_0025,low_frequency,31,0.24609375,0.3114748695774414
profile_0025,low_frequency,32,0.25390625,0.3058405503270727
profile_0025,low_frequency,33,0.26171875,0.3016037372389182
profile_0025,low_frequency,34,0.26953125,0.29875044303179277
profile_0025,low_frequency,35,0.27734375,0.29723340243371377
profile_0025,low_frequency,36,0.28515625,0.29697260656672153
profile_0025,low_frequency,37,0.29296875,0.2978567886109924
profile_0025,low_frequency,38,0.30078125,0.29974584226044465
profile_0025,low_frequency,39,0.30859375,0.3024741255643886
profile_0025,low_frequency,40,0.31640625,0.3058545747098804
profile_0025,low_frequency,41,0.32421875,0.3096835260157833
profile_0025,low_frequency,42,0.33203125,0.31374612071908503
profile_0025,low_frequency,43,0.33984375,0.31782214680579823
profile_0025,low_frequency,44,0.34765625,0.3216921558498296
profile_0025,low_frequency,45,0.35546875,0.3251436811367143
profile_0025,low_frequency,46,0.36328125,0.32797737669599636
profile_0025,low_frequency,47,0.37109375,0.3300128955302516
profile_0025,low_frequency,48,0.37890625,0.3310943294369323
profile_0025,low_frequency,49,0.38671875,0.33109504233503406
profile_0025,low_frequency,50,0.39453125,0.32992174373182026
profile_0025,low_frequency,51,0.40234375,0.32751766853554876
profile_0025,low_frequency,52,0.41015625,0.32386475332756537
profile_0025,low_frequency,53,0.41796875,0.31898472680322143
profile_0025,low_frequency,54,0.42578125,0.3129390626084275
profile_0025,low_frequency,55,0.43359375,0.30582777537194183
profile_0025,low_frequency,56,0.44140625,0.29778707442434027
profile_0025,low_frequency,57,0.44921875,0.2889859235186253
profile_0025,low_frequency,58,0.45703125,0.2796215878231094
profile_0025,low_frequency,59,0.46484375,0.2699142805555045
profile_0025,low_frequency,60,0.47265625,0.26010104992103456
profile_0025,low_frequency,61,0.48046875,0.25042907163040007
profile_0025,low_frequency,62,0.48828125,0.241148532426523
profile_0025,low_frequency,63,0.49609375,0.2325053050846635
profile_0025,low_frequency,64,0.50390625,0.2247336247535402
profile_0025,low_frequency,65,0.51171875,0.21804897991951422
profile_0025,low_frequency,66,0.51953125,0.2126414285171374
profile_0025,low_frequency,67,0.52734375,0.20866954077158884
profile_0025,low_frequency,68,0.53515625,0.20625515541691963
profile_0025,low_frequency,69,0.54296875,0.2054791153414528
profile_0025,low_frequency,70,0.55078125,0.2063781229905154
profile_0025,low_frequency,71,0.55859375,0.20894282568513212
profile_0025,low_frequency,72,0.56640625,0.21311720720949645
profile_0025,low_frequency,73,0.57421875,0.21879932551149073
profile_0025,low_frequency,74,0.58203125,0.22584339817038246
profile_0025,low_frequency,75,0.58984375,0.2340631984959749
profile_0025,low_frequency,76,0.59765625,0.24323668684581057
profile_0025,low_frequency,77,0.60546875,0.2531117650914403
profile_0025,low_frequency,78,0.61328125,0.26341300820698166
profile_0025,low_frequency,79,0.62109375,0.27384919670331853
profile_0025,low_frequency,80,0.62890625,0.2841214480039025
profile_0025,low_frequency,81,0.63671875,0.2939317246449409
profile_0025,low_frequency,82,0.64453125,0.3029914830286885
profile_0025,low_frequency,83,0.65234375,0.3110302188415639
profile_0025,low_frequency,84,0.66015625,0.3178036644647513
profile_0025,low_frequency,85,0.66796875,0.3231013998572344
profile_0025,low_frequency,86,0.67578125,0.3267536513861474
profile_0025,low_frequency,87,0.68359375,0.3286370726270007
profile_0025,low_frequency,88,0.69140625,0.3286793267771052
profile_0025,low_frequency,89,0.69921875,0.32686232136214133
profile_0025,low_frequency,90,0.70703125,0.3232239815505974
profile_0025,low_frequency,91,0.71484375,0.31785848766764324
profile_0025,low_frequency,92,0.72265625,0.31091494435042244
profile_0025,low_frequency,93,0.73046875,0.30259449205941524
profile_0025,low_frequency,94,0.73828125,0.2931459151533361
profile_0025,low_frequency,95,0.74609375,0.28285984322883106
profile_0025,low_frequency,96,0.75390625,0.2720616827193143
profile_0025,low_frequency,97,0.76171875,0.26110345268955415
profile_0025,low_frequency,98,0.76953125,0.25035473128858143
profile_0025,low_frequency,99,0.77734375,0.24019294648300926
profile_0025,low_frequency,100,0.78515625,0.23099326567878387
profile_0025,low_frequency,101,0.79296875,0.22311835301142757
profile_0025,low_frequency,102,0.80078125,0.21690826998862345
profile_0025,low_frequency,103,0.80859375,0.21267079455025373
profile_0025,low_frequency,104,0.81640625,0.21067242542384157
profile_0025,low_frequency,105,0.82421875,0.2111303230629623
profile_0025,low_frequency,106,0.83203125,0.21420541583543673
profile_0025,low_frequency,107,0.83984375,0.21999687104823518
profile_0025,low_frequency,108,0.84765625,0.22853809561177152
profile_0025,low_frequency,109,0.85546875,0.23979439157573523
profile_0025,low_frequency,110,0.86328125,0.25366234846836455
profile_0025,low_frequency,111,0.87109375,0.269971008507255
profile_0025,low_frequency,112,0.87890625,0.2884847935661141
profile_0025,low_frequency,113,0.88671875,0.30890813556510377
profile_0025,low_frequency,114,0.89453125,0.3308917059967107
profile_0025,low_frequency,115,0.90234375,0.354040096869896
profile_0025,low_frequency,116,0.91015625,0.3779207656539427
profile_0025,low_frequency,117,0.91796875,0.4020740219333572
profile_0025,low_frequency,118,0.92578125,0.4260238044210014
profile_0025,low_frequency,119,0.93359375,0.44928897453631134
profile_0025,low_frequency,120,0.94140625,0.4713948375773376
profile_0025,low_frequency,121,0.94921875,0.49188459503972526
profile_0025,low_frequency,122,0.95703125,0.5103304320921256
profile_0025,low_frequency,123,0.96484375,0.5263439526177687
profile_0025,low_frequency,124,0.97265625,0.5395856903694622
profile_0025,low_frequency,125,0.98046875,0.549773448240231
profile_0025,low_frequency,126,0.98828125,0.5566892478026066
profile_0025,low_frequency,127,0.99609375,0.5601847073095341
profile_0026,piecewise,0,0.00390625,0.10571746086093853
profile_0026,piecewise,1,0.01171875,0.21143492172187706
profile_0026,piecewise,2,0.01953125,0.21143492172187706
profile_0026,piecewise,3,0.02734375,0.21143492172187706
profile_0026,piecewise,4,0.03515625,0.21143492172187706
profile_0026,piecewise,5,0.04296875,0.21143492172187706
profile_0026,piecewise,6,0.05078125,0.21143492172187706
profile_0026,piecewise,7,0.05859375,0.21143492172187706
profile_0026,piecewise,8,0.06640625,0.21143492172187706
profile_0026,piecewise,9,0.07421875,0.21143492172187706
profile_0026,piecewise,10,0.08203125,0.21143492172187706
profile_0026,piecewise,11,0.08984375,0.21143492172187706
profile_0026,piecewise,12,0.09765625,0.21143492172187706
profile_0026,piecewise,13,0.10546875,0.21143492172187706
profile_0026,piecewise,14,0.11328125,0.40563143546080754
profile_0026,piecewise,15,0.12109375,0.599827949199738
profile_0026,piecewise,16,0.12890625,0.599827949199738
profile_0026,piecewise,17,0.13671875,0.599827949199738
profile_0026,piecewise,18,0.14453125,0.599827949199738
profile_0026,piecewise,19,0.15234375,0.599827949199738
profile_0026,piecewise,20,0.16015625,0.599827949199738
profile_0026,piecewise,21,0.16796875,0.599827949199738
profile_0026,piecewise,22,0.17578125,0.599827949199738
profile_0026,piecewise,23,0.18359375,0.599827949199738
profile_0026,piecewise,24,0.19140625,0.599827949199738
profile_0026,piecewise,25,0.19921875,0.599827949199738
profile_0026,piecewise,26,0.20703125,0.599827949199738
profile_0026,piecewise,27,0.21484375,0.599827949199738
profile_0026,piecewise,28,0.22265625,0.3851314926263638
profile_0026,piecewise,29,0.23046875,0.17043503605298954
profile_0026,piecewise,30,0.23828125,0.17043503605298954
profile_0026,piecewise,31,0.24609375,0.17043503605298954
profile_0026,piecewise,32,0.25390625,0.17043503605298954
profile_0026,piecewise,33,0.26171875,0.17043503605298954
profile_0026,piecewise,34,0.26953125,0.17043503605298954
profile_0026,piecewise,35,0.27734375,0.17043503605298954
profile_0026,piecewise,36,0.28515625,0.17043503605298954
profile_0026,piecewise,37,0.29296875,0.17043503605298954
profile_0026,piecewise,38,0.30078125,0.17043503605298954
profile_0026,piecewise,39,0.30859375,0.17043503605298954
profile_0026,piecewise,40,0.31640625,0.17043503605298954
profile_0026,piecewise,41,0.32421875,0.17043503605298954
profile_0026,piecewise,42,0.33203125,0.17043503605298954
profile_0026,piecewise,43,0.33984375,0.27671049057619335
profile_0026,piecewise,44,0.34765625,0.3829859450993971
profile_0026,piecewise,45,0.35546875,0.3829859450993971
profile_0026,piecewise,46,0.36328125,0.3829859450993971
profile_0026,piecewise,47,0.37109375,0.3829859450993971
profile_0026,piecewise,48,0.37890625,0.3829859450993971
profile_0026,piecewise,49,0.38671875,0.3829859450993971
profile_0026,piecewise,50,0.39453125,0.3829859450993971
profile_0026,piecewise,51,0.40234375,0.3829859450993971
profile_0026,piecewise,52,0.41015625,0.3829859450993971
profile_0026,piecewise,53,0.41796875,0.3829859450993971
profile_0026,piecewise,54,0.42578125,0.3829859450993971
profile_0026,piecewise,55,0.43359375,0.3829859450993971
profile_0026,piecewise,56,0.44140625,0.3829859450993971
profile_0026,piecewise,57,0.44921875,0.5322922373385175
profile_0026,piecewise,58,0.45703125,0.6815985295776379
profile_0026,piecewise,59,0.46484375,0.6815985295776379
profile_0026,piecewise,60,0.47265625,0.6815985295776379
profile_0026,piecewise,61,0.48046875,0.6815985295776379
profile_0026,piecewise,62,0.48828125,0.6815985295776379
profile_0026,piecewise,63,0.49609375,0.6815985295776379
profile_0026,piecewise,64,0.50390625,0.6815985295776379
profile_0026,piecewise,65,0.51171875,0.6815985295776379
profile_0026,piecewise,66,0.51953125,0.6815985295776379
profile_0026,piecewise,67,0.52734375,0.6815985295776379
profile_0026,piecewise,68,0.53515625,0.6815985295776379
profile_0026,piecewise,69,0.54296875,0.6815985295776379
profile_0026,piecewise,70,0.55078125,0.6815985295776379
profile_0026,piecewise,71,0.55859375,0.542991494573222
profile_0026,piecewise,72,0.56640625,0.40438445956880625
profile_0026,piecewise,73,0.57421875,0.40438445956880625
profile_0026,piecewise,74,0.58203125,0.40438445956880625
profile_0026,piecewise,75,0.58984375,0.40438445956880625
profile_0026,piecewise,76,0.59765625,0.40438445956880625
profile_0026,piecewise,77,0.60546875,0.40438445956880625
profile_0026,piecewise,78,0.61328125,0.40438445956880625
profile_0026,piecewise,79,0.62109375,0.40438445956880625
profile_0026,piecewise,80,0.62890625,0.40438445956880625
profile_0026,piecewise,81,0.63671875,0.40438445956880625
profile_0026,piecewise,82,0.64453125,0.40438445956880625
profile_0026,piecewise,83,0.65234375,0.40438445956880625
profile_0026,piecewise,84,0.66015625,0.40438445956880625
profile_0026,piecewise,85,0.66796875,0.608190105220456
profile_0026,piecewise,86,0.67578125,0.8119957508721057
profile_0026,piecewise,87,0.68359375,0.8119957508721057
profile_0026,piecewise,88,0.69140625,0.8119957508721057
profile_0026,piecewise,89,0.69921875,0.8119957508721057
profile_0026,piecewise,90,0.70703125,0.8119957508721057
profile_0026,piecewise,91,0.71484375,0.8119957508721057
profile_0026,piecewise,92,0.72265625,0.8119957508721057
profile_0026,piecewise,93,0.73046875,0.8119957508721057
profile_0026,piecewise,94,0.73828125,0.8119957508721057
profile_0026,piecewise,95,0.74609375,0.8119957508721057
profile_0026,piecewise,96,0.75390625,0.8119957508721057
profile_0026,piecewise,97,0.76171875,0.8119957508721057
profile_0026,piecewise,98,0.76953125,0.8119957508721057
profile_0026,piecewise,99,0.77734375,0.8119957508721057
profile_0026,piecewise,100,0.78515625,0.7955603965076252
profile_0026,piecewise,101,0.79296875,0.7791250421431446
profile_0026,piecewise,102,0.80078125,0.7791250421431446
profile_0026,piecewise,103,0.80859375,0.7791250421431446
profile_0026,piecewise,104,0.81640625,0.7791250421431446
profile_0026,piecewise,105,0.82421875,0.7791250421431446
profile_0026,piecewise,106,0.83203125,0.7791250421431446
profile_0026,piecewise,107,0.83984375,0.7791250421431446
profile_0026,piecewise,108,0.84765625,0.7791250421431446
profile_0026,piecewise,109,0.85546875,0.7791250421431446
profile_0026,piecewise,110,0.86328125,0.7791250421431446
profile_0026,piecewise,111,0.87109375,0.7791250421431446
profile_0026,piecewise,112,0.87890625,0.7791250421431446
profile_0026,piecewise,113,0.88671875,0.7791250421431446
profile_0026,piecewise,114,0.89453125,0.7567636984043489
profile_0026,piecewise,115,0.90234375,0.7344023546655533
profile_0026,piecewise,116,0.91015625,0.7344023546655533
profile_0026,piecewise,117,0.91796875,0.7344023546655533
profile_0026,piecewise,118,0.92578125,0.7344023546655533
profile_0026,piecewise,119,0.93359375,0.7344023546655533
profile_0026,piecewise,120,0.94140625,0.7344023546655533
profile_0026,piecewise,121,0.94921875,0.7344023546655533
profile_0026,piecewise,122,0.95703125,0.7344023546655533
profile_0026,piecewise,123,0.96484375,0.7344023546655533
profile_0026,piecewise,124,0.97265625,0.7344023546655533
profile_0026,piecewise,125,0.98046875,0.7344023546655533
profile_0026,piecewise,126,0.98828125,0.7344023546655533
profile_0026,piecewise,127,0.99609375,0.7344023546655533
profile_0027,high_frequency,0,0.00390625,0.4627488686097107
profile_0027,high_frequency,1,0.01171875,0.6293080202360278
profile_0027,high_frequency,2,0.01953125,0.7885739132766786
profile_0027,high_frequency,3,0.02734375,0.8359276349966741
profile_0027,high_frequency,4,0.03515625,0.740263373688817
profile_0027,high_frequency,5,0.04296875,0.5644212692885882
profile_0027,high_frequency,6,0.05078125,0.42390885089820973
profile_0027,high_frequency,7,0.05859375,0.411026209623899
profile_0027,high_frequency,8,0.06640625,0.5342357217945877
profile_0027,high_frequency,9,0.07421875,0.7126032655100151
profile_0027,high_frequency,10,0.08203125,0.8289623958116517
profile_0027,high_frequency,11,0.08984375,0.8068788839607741
profile_0027,high_frequency,12,0.09765625,0.6608589933832834
profile_0027,high_frequency,13,0.10546875,0.4868205750279698
profile_0027,high_frequency,14,0.11328125,0.39908634893761513
profile_0027,high_frequency,15,0.12109375,0.45528735693782785
profile_0027,high_frequency,16,0.12890625,0.6185061634161257
profile_0027,high_frequency,17,0.13671875,0.7815272575958007
profile_0027,high_frequency,18,0.14453125,0.8372650023681414
profile_0027,high_frequency,19,0.15234375,0.7491062714381529
profile_0027,high_frequency,20,0.16015625,0.5749609562578473
profile_0027,high_frequency,21,0.16796875,0.4292219954798544
profile_0027,high_frequency,22,0.17578125,0.4076227022990408
profile_0027,high_frequency,23,0.18359375,0.5243512655691509
profile_0027,high_frequency,24,0.19140625,0.7027307826509026
profile_0027,high_frequency,25,0.19921875,0.8255869434958669
profile_0027,high_frequency,26,0.20703125,0.812217736361238
profile_0027,high_frequency,27,0.21484375,0.6714051539753441
profile_0027,high_frequency,28,0.22265625,0.4956464597972121
profile_0027,high_frequency,29,0.23046875,0.4003943922480195
profile_0027,high_frequency,30,0.23828125,0.4482183285654452
profile_0027,high_frequency,31,0.24609375,0.6077035814946389
profile_0027,high_frequency,32,0.25390625,0.7740871447184974
profile_0027,high_frequency,33,0.26171875,0.838074635433977
profile_0027,high_frequency,34,0.26953125,0.7576338169864609
profile_0027,high_frequency,35,0.27734375,0.5856048223436753
profile_0027,high_frequency,36,0.28515625,0.4349904170998078
profile_0027,high_frequency,37,0.29296875,0.4047265066016378
profile_0027,high_frequency,38,0.30078125,0.5146929116380374
profile_0027,high_frequency,39,0.30859375,0.6926546702052624
profile_0027,high_frequency,40,0.31640625,0.821711890341151
profile_0027,high_frequency,41,0.32421875,0.8170891955137621
profile_0027,high_frequency,42,0.33203125,0.6818231511641589
profile_0027,high_frequency,43,0.33984375,0.5047675992521263
profile_0027,high_frequency,44,0.34765625,0.4022271608179175
profile_0027,high_frequency,45,0.35546875,0.44155881340108494
profile_0027,high_frequency,46,0.36328125,0.5969262988376102
profile_0027,high_frequency,47,0.37109375,0.766271498528367
profile_0027,high_frequency,48,0.37890625,0.8383545837172096
profile_0027,high_frequency,49,0.38671875,0.7658254667295892
profile_0027,high_frequency,50,0.39453125,0.5963272255403788
profile_0027,high_frequency,51,0.40234375,0.44120021912513263
profile_0027,high_frequency,52,0.41015625,0.40234459972080233
profile_0027,high_frequency,53,0.41796875,0.5052839278218391
profile_0027,high_frequency,54,0.42578125,0.6823992024105405
profile_0027,high_frequency,55,0.43359375,0.8173465716899679
profile_0027,high_frequency,56,0.44140625,0.8214815256465586
profile_0027,high_frequency,57,0.44921875,0.6920878870819898
profile_0027,high_frequency,58,0.45703125,0.514162019768848
profile_0027,high_frequency,59,0.46484375,0.4045802393472927
profile_0027,high_frequency,60,0.47265625,0.43532485480008354
profile_0027,high_frequency,61,0.48046875,0.5862002788629388
profile_0027,high_frequency,62,0.48828125,0.7580991476016513
profile_0027,high_frequency,63,0.49609375,0.8381041727979044
profile_0027,high_frequency,64,0.50390625,0.7736614862658031
profile_0027,high_frequency,65,0.51171875,0.6071023346394868
profile_0027,high_frequency,66,0.51953125,0.44783644159883573
profile_0027,high_frequency,67,0.52734375,0.40048271987884054
profile_0027,high_frequency,68,0.53515625,0.4961469811866974
profile_0027,high_frequency,69,0.54296875,0.6719890855869266
profile_0027,high_frequency,70,0.55078125,0.8125015039773054
profile_0027,high_frequency,71,0.55859375,0.8253841452516155
profile_0027,high_frequency,72,0.56640625,0.7021746330809266
profile_0027,high_frequency,73,0.57421875,0.5238070893654985
profile_0027,high_frequency,74,0.58203125,0.40744795906386333
profile_0027,high_frequency,75,0.58984375,0.42953147091474
profile_0027,high_frequency,76,0.59765625,0.5755513614922307
profile_0027,high_frequency,77,0.60546875,0.7495897798475449
profile_0027,high_frequency,78,0.61328125,0.8373240059378995
profile_0027,high_frequency,79,0.62109375,0.781122997937688
profile_0027,high_frequency,80,0.62890625,0.61790419145939
profile_0027,high_frequency,81,0.63671875,0.45488309727971477
profile_0027,high_frequency,82,0.64453125,0.39914535250737304
profile_0027,high_frequency,83,0.65234375,0.4873040834373613
profile_0027,high_frequency,84,0.66015625,0.6614493986176645
profile_0027,high_frequency,85,0.66796875,0.8071883593956591
profile_0027,high_frequency,86,0.67578125,0.8287876525764744
profile_0027,high_frequency,87,0.68359375,0.7120590893063647
profile_0027,high_frequency,88,0.69140625,0.5336795722246124
profile_0027,high_frequency,89,0.69921875,0.4108234113796475
profile_0027,high_frequency,90,0.70703125,0.4241926185142753
profile_0027,high_frequency,91,0.71484375,0.5650052009001685
profile_0027,high_frequency,92,0.72265625,0.7407638950783013
profile_0027,high_frequency,93,0.73046875,0.8360159626274949
profile_0027,high_frequency,94,0.73828125,0.7881920263100697
profile_0027,high_frequency,95,0.74609375,0.6287067733808753
profile_0027,high_frequency,96,0.75390625,0.46232321015701916
profile_0027,high_frequency,97,0.76171875,0.3983357194415375
profile_0027,high_frequency,98,0.76953125,0.4787765378890526
profile_0027,high_frequency,99,0.77734375,0.650805532531838
profile_0027,high_frequency,100,0.78515625,0.801419937775707
profile_0027,high_frequency,101,0.79296875,0.8316838482738766
profile_0027,high_frequency,102,0.80078125,0.7217174432374797
profile_0027,high_frequency,103,0.80859375,0.5437556846702534
profile_0027,high_frequency,104,0.81640625,0.414698464534364
profile_0027,high_frequency,105,0.82421875,0.4193211593617519
profile_0027,high_frequency,106,0.83203125,0.5545872037113558
profile_0027,high_frequency,107,0.83984375,0.7316427556233885
profile_0027,high_frequency,108,0.84765625,0.8341831940575966
profile_0027,high_frequency,109,0.85546875,0.7948515414744304
profile_0027,high_frequency,110,0.86328125,0.6394840560379056
profile_0027,high_frequency,111,0.87109375,0.4701388563471485
profile_0027,high_frequency,112,0.87890625,0.3980557711583049
profile_0027,high_frequency,113,0.88671875,0.47058488814592325
profile_0027,high_frequency,114,0.89453125,0.640083129335133
profile_0027,high_frequency,115,0.90234375,0.7952101357503812
profile_0027,high_frequency,116,0.91015625,0.8340657551547125
profile_0027,high_frequency,117,0.91796875,0.7311264270536766
profile_0027,high_frequency,118,0.92578125,0.5540111524649738
profile_0027,high_frequency,119,0.93359375,0.41906378318554777
profile_0027,high_frequency,120,0.94140625,0.4149288292289548
profile_0027,high_frequency,121,0.94921875,0.5443224677935236
profile_0027,high_frequency,122,0.95703125,0.7222483351066654
profile_0027,high_frequency,123,0.96484375,0.8318301155282216
profile_0027,high_frequency,124,0.97265625,0.8010855000754308
profile_0027,high_frequency,125,0.98046875,0.6502100760125785
profile_0027,high_frequency,126,0.98828125,0.47831120727386545
profile_0027,high_frequency,127,0.99609375,0.3983061820776102
profile_0028,low_frequency,0,0.00390625,0.30801029729118445
profile_0028,low_frequency,1,0.01171875,0.3096614419617756
profile_0028,low_frequency,2,0.01953125,0.3129495628726886
profile_0028,low_frequency,3,0.02734375,0.31784651930457153
profile_0028,low_frequency,4,0.03515625,0.3243105867309728
profile_0028,low_frequency,5,0.04296875,0.33228703012499095
profile_0028,low_frequency,6,0.05078125,0.3417088510260857
profile_0028,low_frequency,7,0.05859375,0.35249769400036934
profile_0028,low_frequency,8,0.06640625,0.3645648951449634
profile_0028,low_frequency,9,0.07421875,0.37781265268952613
profile_0028,low_frequency,10,0.08203125,0.3921352975928777
profile_0028,low_frequency,11,0.08984375,0.407420640366568
profile_0028,low_frequency,12,0.09765625,0.42355136921586456
profile_0028,low_frequency,13,0.10546875,0.4404064739954703
profile_0028,low_frequency,14,0.11328125,0.45786267044323714
profile_0028,low_frequency,15,0.12109375,0.47579579967823793
profile_0028,low_frequency,16,0.12890625,0.49408217901500473
profile_0028,low_frequency,17,0.13671875,0.5125998817262485
profile_0028,low_frequency,18,0.14453125,0.5312299254427986
profile_0028,low_frequency,19,0.15234375,0.5498573513616947
profile_0028,low_frequency,20,0.16015625,0.5683721792814476
profile_0028,low_frequency,21,0.16796875,0.5866702266290296
profile_0028,low_frequency,22,0.17578125,0.6046537830110275
profile_0028,low_frequency,23,0.18359375,0.6222321353311995
profile_0028,low_frequency,24,0.19140625,0.6393219420849108
profile_0028,low_frequency,25,0.19921875,0.6558474589826877
profile_0028,low_frequency,26,0.20703125,0.6717406214862518
profile_0028,low_frequency,27,0.21484375,0.6869409930793231
profile_0028,low_frequency,28,0.22265625,0.7013955910652419
profile_0028,low_frequency,29,0.23046875,0.7150586043134441
profile_0028,low_frequency,30,0.23828125,0.7278910196044726
profile_0028,low_frequency,31,0.24609375,0.7398601749955287
profile_0028,low_frequency,32,0.25390625,0.7509392599033413
profile_0028,low_frequency,33,0.26171875,0.7611067823480708
profile_0028,low_frequency,34,0.26953125,0.7703460240033317
profile_0028,low_frequency,35,0.27734375,0.7786445033486271
profile_0028,low_frequency,36,0.28515625,0.785993466330204
profile_0028,low_frequency,37,0.29296875,0.7923874225263647
profile_0028,low_frequency,38,0.30078125,0.7978237429181467
profile_0028,low_frequency,39,0.30859375,0.8023023330324606
profile_0028,low_frequency,40,0.31640625,0.8058253925097443
profile_0028,low_frequency,41,0.32421875,0.8083972691190286
profile_0028,low_frequency,42,0.33203125,0.8100244119753366
profile_0028,low_frequency,43,0.33984375,0.8107154252892976
profile_0028,low_frequency,44,0.34765625,0.810481220483068
profile_0028,low_frequency,45,0.35546875,0.8093352610290749
profile_0028,low_frequency,46,0.36328125,0.8072938909981593
profile_0028,low_frequency,47,0.37109375,0.8043767351292865
profile_0028,low_frequency,48,0.37890625,0.8006071553383332
profile_0028,low_frequency,49,0.38671875,0.7960127460470774
profile_0028,low_frequency,50,0.39453125,0.7906258486064004
profile_0028,low_frequency,51,0.40234375,0.7844840634714454
profile_0028,low_frequency,52,0.41015625,0.7776307377118488
profile_0028,low_frequency,53,0.41796875,0.7701154049456505
profile_0028,low_frequency,54,0.42578125,0.761994154896402
profile_0028,low_frequency,55,0.43359375,0.7533299105005129
profile_0028,low_frequency,56,0.44140625,0.7441925918327768
profile_0028,low_frequency,57,0.44921875,0.7346591480544116
profile_0028,low_frequency,58,0.45703125,0.7248134410875091
profile_0028,low_frequency,59,0.46484375,0.7147459677363852
profile_0028,low_frequency,60,0.47265625,0.7045534104506417
profile_0028,low_frequency,61,0.48046875,0.6943380107857675
profile_0028,low_frequency,62,0.48828125,0.6842067637831462
profile_0028,low_frequency,63,0.49609375,0.6742704358721632
profile_0028,low_frequency,64,0.50390625,0.6646424133954245
profile_0028,low_frequency,65,0.51171875,0.6554373933720079
profile_0028,low_frequency,66,0.51953125,0.6467699325386169
profile_0028,low_frequency,67,0.52734375,0.6387528749396836
profile_0028,low_frequency,68,0.53515625,0.6314956822722326
profile_0028,low_frequency,69,0.54296875,0.6251026947313398
profile_0028,low_frequency,70,0.55078125,0.6196713531557207
profile_0028,low_frequency,71,0.55859375,0.6152904157575498
profile_0028,low_frequency,72,0.56640625,0.6120382045640602
profile_0028,low_frequency,73,0.57421875,0.609980917841344
profile_0028,low_frequency,74,0.58203125,0.6091710451677301
profile_0028,low_frequency,75,0.58984375,0.6096459214451011
profile_0028,low_frequency,76,0.59765625,0.6114264549677015
profile_0028,low_frequency,77,0.60546875,0.6145160627124073
profile_0028,low_frequency,78,0.61328125,0.6188998432920474
profile_0028,low_frequency,79,0.62109375,0.6245440145611276
profile_0028,low_frequency,80,0.62890625,0.6313956387344808
profile_0028,low_frequency,81,0.63671875,0.6393826531427242
profile_0028,low_frequency,82,0.64453125,0.6484142194870826
profile_0028,low_frequency,83,0.65234375,0.6583813987659495
profile_0028,low_frequency,84,0.66015625,0.6691581530333801
profile_0028,low_frequency,85,0.66796875,0.6806026689311753
profile_0028,low_frequency,86,0.67578125,0.6925589916336443
profile_0028,low_frequency,87,0.68359375,0.7048589515838812
profile_0028,low_frequency,88,0.69140625,0.7173243603103872
profile_0028,low_frequency,89,0.69921875,0.7297694458199793
profile_0028,low_frequency,90,0.70703125,0.7420034926901793
profile_0028,low_frequency,91,0.71484375,0.7538336471484157
profile_0028,low_frequency,92,0.72265625,0.7650678432342484
profile_0028,low_frequency,93,0.73046875,0.7755178026911014
profile_0028,low_frequency,94,0.73828125,0.785002058608917
profile_0028,low_frequency,95,0.74609375,0.7933489511068417
profile_0028,low_frequency,96,0.75390625,0.8003995425566903
profile_0028,low_frequency,97,0.76171875,0.806010400036665
profile_0028,low_frequency,98,0.76953125,0.810056193884733
profile_0028,low_frequency,99,0.77734375,0.8124320633867761
profile_0028,low_frequency,100,0.78515625,0.813055703761083
profile_0028,low_frequency,101,0.79296875,0.8118691326434586
profile_0028,low_frequency,102,0.80078125,0.8088400991730778
profile_0028,low_frequency,103,0.80859375,0.8039631044473325
profile_0028,low_frequency,104,0.81640625,0.797260008457352
profile_0028,low_frequency,105,0.82421875,0.7887802055230506
profile_0028,low_frequency,106,0.83203125,0.7786003575936928
profile_0028,low_frequency,107,0.83984375,0.7668236824331249
profile_0028,low_frequency,108,0.84765625,0.7535788015267015
profile_0028,low_frequency,109,0.85546875,0.7390181603834689
profile_0028,low_frequency,110,0.86328125,0.7233160416144604
profile_0028,low_frequency,111,0.87109375,0.7066661985991256
profile_0028,low_frequency,112,0.87890625,0.6892791445641193
profile_0028,low_frequency,113,0.88671875,0.6713791383557617
profile_0028,low_frequency,114,0.89453125,0.653200913963013
profile_0028,low_frequency,115,0.90234375,0.6349862058272906
profile_0028,low_frequency,116,0.91015625,0.6169801260589476
profile_0028,low_frequency,117,0.91796875,0.5994274527842236
profile_0028,low_frequency,118,0.92578125,0.582568890905693
profile_0028,low_frequency,119,0.93359375,0.5666373675280021
profile_0028,low_frequency,120,0.94140625,0.5518544241539289
profile_0028,low_frequency,121,0.94921875,0.5384267664896067
profile_0028,low_frequency,122,0.95703125,0.526543030329621
profile_0028,low_frequency,123,0.96484375,0.5163708185610996
profile_0028,low_frequency,124,0.97265625,0.508054059889925
profile_0028,low_frequency,125,0.98046875,0.5017107345300329
profile_0028,low_frequency,126,0.98828125,0.49743100590466094
profile_0028,low_frequency,127,0.99609375,0.4952757904985414
profile_0029,piecewise,0,0.00390625,0.44703748503345514
profile_0029,piecewise,1,0.01171875,0.8940749700669103
profile_0029,piecewise,2,0.01953125,0.8940749700669103
profile_0029,piecewise,3,0.02734375,0.8940749700669103
profile_0029,piecewise,4,0.03515625,0.8940749700669103
profile_0029,piecewise,5,0.04296875,0.8940749700669103
profile_0029,piecewise,6,0.05078125,0.8940749700669103
profile_0029,piecewise,7,0.05859375,0.8940749700669103
profile_0029,piecewise,8,0.06640625,0.8940749700669103
profile_0029,piecewise,9,0.07421875,0.8940749700669103
profile_0029,piecewise,10,0.08203125,0.8940749700669103
profile_0029,piecewise,11,0.08984375,0.8940749700669103
profile_0029,piecewise,12,0.09765625,0.8940749700669103
profile_0029,piecewise,13,0.10546875,0.8940749700669103
profile_0029,piecewise,14,0.11328125,0.8940749700669103
profile_0029,piecewise,15,0.12109375,0.8940749700669103
profile_0029,piecewise,16,0.12890625,0.8634856231458542
profile_0029,piecewise,17,0.13671875,0.8328962762247981
profile_0029,piecewise,18,0.14453125,0.8328962762247981
profile_0029,piecewise,19,0.15234375,0.8328962762247981
profile_0029,piecewise,20,0.16015625,0.8328962762247981
profile_0029,piecewise,21,0.16796875,0.8328962762247981
profile_0029,piecewise,22,0.17578125,0.8328962762247981
profile_0029,piecewise,23,0.18359375,0.8328962762247981
profile_0029,piecewise,24,0.19140625,0.8328962762247981
profile_0029,piecewise,25,0.19921875,0.8328962762247981
profile_0029,piecewise,26,0.20703125,0.8328962762247981
profile_0029,piecewise,27,0.21484375,0.8328962762247981
profile_0029,piecewise,28,0.22265625,0.8328962762247981
profile_0029,piecewise,29,0.23046875,0.8328962762247981
profile_0029,piecewise,30,0.23828125,0.8328962762247981
profile_0029,piecewise,31,0.24609375,0.8328962762247981
profile_0029,piecewise,32,0.25390625,0.7545302845404233
profile_0029,piecewise,33,0.26171875,0.6761642928560484
profile_0029,piecewise,34,0.26953125,0.6761642928560484
profile_0029,piecewise,35,0.27734375,0.6761642928560484
profile_0029,piecewise,36,0.28515625,0.6761642928560484
profile_0029,piecewise,37,0.29296875,0.6761642928560484
profile_0029,piecewise,38,0.30078125,0.6761642928560484
profile_0029,piecewise,39,0.30859375,0.6761642928560484
profile_0029,piecewise,40,0.31640625,0.6761642928560484
profile_0029,piecewise,41,0.32421875,0.6761642928560484
profile_0029,piecewise,42,0.33203125,0.6761642928560484
profile_0029,piecewise,43,0.33984375,0.6761642928560484
profile_0029,piecewise,44,0.34765625,0.6761642928560484
profile_0029,piecewise,45,0.35546875,0.6761642928560484
profile_0029,piecewise,46,0.36328125,0.6761642928560484
profile_0029,piecewise,47,0.37109375,0.6761642928560484
profile_0029,piecewise,48,0.37890625,0.6578077249412697
profile_0029,piecewise,49,0.38671875,0.6394511570264911
profile_0029,piecewise,50,0.39453125,0.6394511570264911
profile_0029,piecewise,51,0.40234375,0.6394511570264911
profile_0029,piecewise,52,0.41015625,0.6394511570264911
profile_0029,piecewise,53,0.41796875,0.6394511570264911
profile_0029,piecewise,54,0.42578125,0.6394511570264911
profile_0029,piecewise,55,0.43359375,0.6394511570264911
profile_0029,piecewise,56,0.44140625,0.6394511570264911
profile_0029,piecewise,57,0.44921875,0.6394511570264911
profile_0029,piecewise,58,0.45703125,0.6394511570264911
profile_0029,piecewise,59,0.46484375,0.6394511570264911
profile_0029,piecewise,60,0.47265625,0.6394511570264911
profile_0029,piecewise,61,0.48046875,0.6394511570264911
profile_0029,piecewise,62,0.48828125,0.6394511570264911
profile_0029,piecewise,63,0.49609375,0.6394511570264911
profile_0029,piecewise,64,0.50390625,0.6185571164964909
profile_0029,piecewise,65,0.51171875,0.5976630759664906
profile_0029,piecewise,66,0.51953125,0.5976630759664906
profile_0029,piecewise,67,0.52734375,0.5976630759664906
profile_0029,piecewise,68,0.53515625,0.5976630759664906
profile_0029,piecewise,69,0.54296875,0.5976630759664906
profile_0029,piecewise,70,0.55078125,0.5976630759664906
profile_0029,piecewise,71,0.55859375,0.5976630759664906
profile_0029,piecewise,72,0.56640625,0.5976630759664906
profile_0029,piecewise,73,0.57421875,0.5976630759664906
profile_0029,piecewise,74,0.58203125,0.5976630759664906
profile_0029,piecewise,75,0.58984375,0.5976630759664906
profile_0029,piecewise,76,0.59765625,0.5976630759664906
profile_0029,piecewise,77,0.60546875,0.5976630759664906
profile_0029,piecewise,78,0.61328125,0.5976630759664906
profile_0029,piecewise,79,0.62109375,0.5976630759664906
profile_0029,piecewise,80,0.62890625,0.5823606450761608
profile_0029,piecewise,81,0.63671875,0.567058214185831
profile_0029,piecewise,82,0.64453125,0.567058214185831
profile_0029,piecewise,83,0.65234375,0.567058214185831
profile_0029,piecewise,84,0.66015625,0.567058214185831
profile_0029,piecewise,85,0.66796875,0.567058214185831
profile_0029,piecewise,86,0.67578125,0.567058214185831
profile_0029,piecewise,87,0.68359375,0.567058214185831
profile_0029,piecewise,88,0.69140625,0.567058214185831
profile_0029,piecewise,89,0.69921875,0.567058214185831
profile_0029,piecewise,90,0.70703125,0.567058214185831
profile_0029,piecewise,91,0.71484375,0.567058214185831
profile_0029,piecewise,92,0.72265625,0.567058214185831
profile_0029,piecewise,93,0.73046875,0.567058214185831
profile_0029,piecewise,94,0.73828125,0.567058214185831
profile_0029,piecewise,95,0.74609375,0.567058214185831
profile_0029,piecewise,96,0.75390625,0.41501463044851317
profile_0029,piecewise,97,0.76171875,0.2629710467111953
profile_0029,piecewise,98,0.76953125,0.2629710467111953
profile_0029,piecewise,99,0.77734375,0.2629710467111953
profile_0029,piecewise,100,0.78515625,0.2629710467111953
profile_0029,piecewise,101,0.79296875,0.2629710467111953
profile_0029,piecewise,102,0.80078125,0.2629710467111953
profile_0029,piecewise,103,0.80859375,0.2629710467111953
profile_0029,piecewise,104,0.81640625,0.2629710467111953
profile_0029,piecewise,105,0.82421875,0.2629710467111953
profile_0029,piecewise,106,0.83203125,0.2629710467111953
profile_0029,piecewise,107,0.83984375,0.2629710467111953
profile_0029,piecewise,108,0.84765625,0.2629710467111953
profile_0029,piecewise,109,0.85546875,0.2629710467111953
profile_0029,piecewise,110,0.86328125,0.2629710467111953
profile_0029,piecewise,111,0.87109375,0.2629710467111953
profile_0029,piecewise,112,0.87890625,0.44487646799801167
profile_0029,piecewise,113,0.88671875,0.626781889284828
profile_0029,piecewise,114,0.89453125,0.626781889284828
profile_0029,piecewise,115,0.90234375,0.626781889284828
profile_0029,piecewise,116,0.91015625,0.626781889284828
profile_0029,piecewise,117,0.91796875,0.626781889284828
profile_0029,piecewise,118,0.92578125,0.626781889284828
profile_0029,piecewise,119,0.93359375,0.626781889284828
profile_0029,piecewise,120,0.94140625,0.626781889284828
profile_0029,piecewise,121,0.94921875,0.626781889284828
profile_0029,piecewise,122,0.95703125,0.626781889284828
profile_0029,piecewise,123,0.96484375,0.626781889284828
profile_0029,piecewise,124,0.97265625,0.626781889284828
profile_0029,piecewise,125,0.98046875,0.626781889284828
profile_0029,piecewise,126,0.98828125,0.626781889284828
profile_0029,piecewise,127,0.99609375,0.626781889284828
profile_0030,high_frequency,0,0.00390625,0.39157089390581656
profile_0030,high_frequency,1,0.01171875,0.4292977773656473
profile_0030,high_frequency,2,0.01953125,0.46699768374537454
profile_0030,high_frequency,3,0.02734375,0.4982020446884566
profile_0030,high_frequency,4,0.03515625,0.5175568006980491
profile_0030,high_frequency,5,0.04296875,0.5217410532814291
profile_0030,high_frequency,6,0.05078125,0.5100368663359439
profile_0030,high_frequency,7,0.05859375,0.484452449976283
profile_0030,high_frequency,8,0.06640625,0.44937759086180207
profile_0030,high_frequency,9,0.07421875,0.4108304504566925
profile_0030,high_frequency,10,0.08203125,0.3754249659455232
profile_0030,high_frequency,11,0.08984375,0.3492360276595909
profile_0030,high_frequency,12,0.09765625,0.3367571464257256
profile_0030,high_frequency,13,0.10546875,0.3401294547831274
profile_0030,high_frequency,14,0.11328125,0.35877433041614726
profile_0030,high_frequency,15,0.12109375,0.38949267645391716
profile_0030,high_frequency,16,0.12890625,0.42701382407450933
profile_0030,high_frequency,17,0.13671875,0.46489987643661496
profile_0030,high_frequency,18,0.14453125,0.49665032616508636
profile_0030,high_frequency,19,0.15234375,0.5168174155824667
profile_0030,high_frequency,20,0.16015625,0.5219408656330244
profile_0030,high_frequency,21,0.16796875,0.5111415922538034
profile_0030,high_frequency,22,0.17578125,0.4862725400476589
profile_0030,high_frequency,23,0.18359375,0.45160075314296494
profile_0030,high_frequency,24,0.19140625,0.41307523367721855
profile_0030,high_frequency,25,0.19921875,0.37730620910364987
profile_0030,high_frequency,26,0.20703125,0.35043094613508413
profile_0030,high_frequency,27,0.21484375,0.3370607155227318
profile_0030,high_frequency,28,0.22265625,0.33948958796766054
profile_0030,high_frequency,29,0.23046875,0.35730081634903965
profile_0030,high_frequency,30,0.23828125,0.38743834139875155
profile_0030,high_frequency,31,0.24609375,0.42473115184378457
profile_0030,high_frequency,32,0.25390625,0.46278052904697653
profile_0030,high_frequency,33,0.26171875,0.4950579422771465
profile_0030,high_frequency,34,0.26953125,0.5160252172017455
profile_0030,high_frequency,35,0.27734375,0.5220847785447489
profile_0030,high_frequency,36,0.28515625,0.5121969238102647
profile_0030,high_frequency,37,0.29296875,0.4880582159447723
profile_0030,high_frequency,38,0.30078125,0.4538103862378345
profile_0030,high_frequency,39,0.30859375,0.41532969404381603
profile_0030,high_frequency,40,0.31640625,0.3792186753307605
profile_0030,high_frequency,41,0.32421875,0.351673276333043
profile_0030,high_frequency,42,0.33203125,0.33741975006917957
profile_0030,high_frequency,43,0.33984375,0.3389037235396958
profile_0030,high_frequency,44,0.34765625,0.35587057585146176
profile_0030,high_frequency,45,0.35546875,0.38540912619494017
profile_0030,high_frequency,46,0.36328125,0.42245113566987036
profile_0030,high_frequency,47,0.37109375,0.4606409181920792
profile_0030,high_frequency,48,0.37890625,0.49342585221714785
profile_0030,high_frequency,49,0.38671875,0.5151806827465683
profile_0030,high_frequency,50,0.39453125,0.5221727053288456
profile_0030,high_frequency,51,0.40234375,0.5132022253130599
profile_0030,high_frequency,52,0.41015625,0.4898084020432328
profile_0030,high_frequency,53,0.41796875,0.4560051591460581
profile_0030,high_frequency,54,0.42578125,0.4175924735538592
profile_0030,high_frequency,55,0.43359375,0.3811612126287119
profile_0030,high_frequency,56,0.44140625,0.3529622699202101
profile_0030,high_frequency,57,0.44921875,0.33783403379608307
profile_0030,high_frequency,58,0.45703125,0.3383722144020575
profile_0030,high_frequency,59,0.46484375,0.3544844704468093
profile_0030,high_frequency,60,0.47265625,0.3834062531658451
profile_0030,high_frequency,61,0.48046875,0.4201751489492544
profile_0030,high_frequency,62,0.48828125,0.45848233269349675
profile_0030,high_frequency,63,0.49609375,0.49175503909511525
profile_0030,high_frequency,64,0.50390625,0.5142843209329114
profile_0030,high_frequency,65,0.51171875,0.5222045930215077
profile_0030,high_frequency,66,0.51953125,0.5141568912061539
profile_0030,high_frequency,67,0.52734375,0.4915220440963785
profile_0030,high_frequency,68,0.53515625,0.458183749818504
profile_0030,high_frequency,69,0.54296875,0.4198622091935822
profile_0030,high_frequency,70,0.55078125,0.38313265088567183
profile_0030,high_frequency,71,0.55859375,0.35429715045504706
profile_0030,high_frequency,72,0.56640625,0.33830331715441636
profile_0030,high_frequency,73,0.57421875,0.33789538071597597
profile_0030,high_frequency,74,0.58203125,0.353143335073148
profile_0030,high_frequency,75,0.58984375,0.38143092876728657
profile_0030,high_frequency,76,0.59765625,0.41790456265123266
profile_0030,high_frequency,77,0.60546875,0.45630607280241875
profile_0030,high_frequency,78,0.61328125,0.4900465093463977
profile_0030,high_frequency,79,0.62109375,0.5133366716956141
profile_0030,high_frequency,80,0.62890625,0.5221804224147815
profile_0030,high_frequency,81,0.63671875,0.5150603464345104
profile_0030,high_frequency,82,0.64453125,0.4931981098703144
profile_0030,high_frequency,83,0.65234375,0.46034484595361297
profile_0030,high_frequency,84,0.66015625,0.422137533759107
profile_0030,high_frequency,85,0.66796875,0.3851318025809516
profile_0030,high_frequency,86,0.67578125,0.3556771138554342
profile_0030,high_frequency,87,0.68359375,0.33882731746543215
profile_0030,high_frequency,88,0.69140625,0.3374735097082335
profile_0030,high_frequency,89,0.69921875,0.3518479775802793
profile_0030,high_frequency,90,0.70703125,0.37948434286081983
profile_0030,high_frequency,91,0.71484375,0.41564074449208793
profile_0030,high_frequency,92,0.72265625,0.45411344941642773
profile_0030,high_frequency,93,0.73046875,0.488301292125429
profile_0030,high_frequency,94,0.73828125,0.5123383058631427
profile_0030,high_frequency,95,0.74609375,0.5221002080681367
profile_0030,high_frequency,96,0.75390625,0.515912046790482
profile_0030,high_frequency,97,0.76171875,0.4948355897656901
profile_0030,high_frequency,98,0.76953125,0.46248714578788297
profile_0030,high_frequency,99,0.77734375,0.42441707667999407
profile_0030,high_frequency,100,0.78515625,0.387157463500322
profile_0030,high_frequency,101,0.79296875,0.3571013288830188
profile_0030,high_frequency,102,0.80078125,0.33940571909093664
profile_0030,high_frequency,103,0.80859375,0.3371068554981505
profile_0030,high_frequency,104,0.81640625,0.3505991782431195
profile_0030,high_frequency,105,0.82421875,0.3775676679970082
profile_0030,high_frequency,106,0.83203125,0.4133850581112307
profile_0030,high_frequency,107,0.83984375,0.45190578328986486
profile_0030,high_frequency,108,0.84765625,0.4865204386858057
profile_0030,high_frequency,109,0.85546875,0.5112898248137425
profile_0030,high_frequency,110,0.86328125,0.5219639982996963
profile_0030,high_frequency,111,0.87109375,0.5167114792416211
profile_0030,high_frequency,112,0.87890625,0.4964334974258453
profile_0030,high_frequency,113,0.88671875,0.464609358879999
profile_0030,high_frequency,114,0.89453125,0.4266994648448269
profile_0030,high_frequency,115,0.90234375,0.38920841346139085
profile_0030,high_frequency,116,0.91015625,0.3585689376439238
profile_0030,high_frequency,117,0.91796875,0.3400381736234183
profile_0030,high_frequency,118,0.92578125,0.33679563894451314
profile_0030,high_frequency,119,0.93359375,0.3493976892916941
profile_0030,high_frequency,120,0.94140625,0.3756820587091195
profile_0030,high_frequency,121,0.94921875,0.41113886224979
profile_0030,high_frequency,122,0.95703125,0.44968440423825357
profile_0030,high_frequency,123,0.96484375,0.4847050217470499
profile_0030,high_frequency,124,0.97265625,0.5101918601131933
profile_0030,high_frequency,125,0.98046875,0.5217718751571315
profile_0030,high_frequency,126,0.98828125,0.5174581622397124
profile_0030,high_frequency,127,0.99609375,0.4979908703309561
profile_0031,low_frequency,0,0.00390625,0.4378210385236967
profile_0031,low_frequency,1,0.01171875,0.43780871715259617
profile_0031,low_frequency,2,0.01953125,0.43778403995801285
profile_0031,low_frequency,3,0.02734375,0.43774693815681387
profile_0031,low_frequency,4,0.03515625,0.437697308878063
profile_0031,low_frequency,5,0.04296875,0.4376350155266512
profile_0031,low_frequency,6,0.05078125,0.4375598882666658
profile_0031,low_frequency,7,0.05859375,0.4374717246232386
profile_0031,low_frequency,8,0.06640625,0.43737029020131035
profile_0031,low_frequency,9,0.07421875,0.4372553195194372
profile_0031,low_frequency,10,0.08203125,0.4371265169564712
profile_0031,low_frequency,11,0.08984375,0.4369835578086477
profile_0031,low_frequency,12,0.09765625,0.43682608945432555
profile_0031,low_frequency,13,0.10546875,0.43665373262334384
profile_0031,low_frequency,14,0.11328125,0.43646608276768495
profile_0031,low_frequency,15,0.12109375,0.4362627115298645
profile_0031,low_frequency,16,0.12890625,0.4360431683052167
profile_0031,low_frequency,17,0.13671875,0.4358069818939879
profile_0031,low_frequency,18,0.14453125,0.43555366223892056
profile_0031,low_frequency,19,0.15234375,0.4352827022437765
profile_0031,low_frequency,20,0.16015625,0.434993579668036
profile_0031,low_frequency,21,0.16796875,0.4346857590928004
profile_0031,low_frequency,22,0.17578125,0.4343586939527382
profile_0031,low_frequency,23,0.18359375,0.4340118286287321
profile_0031,low_frequency,24,0.19140625,0.4336446005957161
profile_0031,low_frequency,25,0.19921875,0.4332564426200436
profile_0031,low_frequency,26,0.20703125,0.4328467850005846
profile_0031,low_frequency,27,0.21484375,0.4324150578476248
profile_0031,low_frequency,28,0.22265625,0.43196069339353294
profile_0031,low_frequency,29,0.23046875,0.431483128329063
profile_0031,low_frequency,30,0.23828125,0.4309818061590801
profile_0031,low_frequency,31,0.24609375,0.4304561795714341
profile_0031,low_frequency,32,0.25390625,0.42990571281265333
profile_0031,low_frequency,33,0.26171875,0.42932988406409955
profile_0031,low_frequency,34,0.26953125,0.4287281878122057
profile_0031,low_frequency,35,0.27734375,0.42810013720641515
profile_0031,low_frequency,36,0.28515625,0.42744526639845637
profile_0031,low_frequency,37,0.29296875,0.4267631328566134
profile_0031,low_frequency,38,0.30078125,0.4260533196487002
profile_0031,low_frequency,39,0.30859375,0.42531543768750557
profile_0031,low_frequency,40,0.31640625,0.4245491279325513
profile_0031,low_frequency,41,0.32421875,0.42375406354209744
profile_0031,low_frequency,42,0.33203125,0.4229299519694366
profile_0031,low_frequency,43,0.33984375,0.4220765369976365
profile_0031,low_frequency,44,0.34765625,0.4211936007070288
profile_0031,low_frequency,45,0.35546875,0.4202809653698931
profile_0031,low_frequency,46,0.36328125,0.41933849526694156
profile_0031,low_frequency,47,0.37109375,0.41836609842039674
profile_0031,low_frequency,48,0.37890625,0.417363728238639
profile_0031,low_frequency,49,0.38671875,0.4163313850676016
profile_0031,low_frequency,50,0.39453125,0.4152691176443142
profile_0031,low_frequency,51,0.40234375,0.4141770244482109
profile_0031,low_frequency,52,0.41015625,0.41305525494606943
profile_0031,low_frequency,53,0.41796875,0.4119040107266828
profile_0031,low_frequency,54,0.42578125,0.4107235465216347
profile_0031,low_frequency,55,0.43359375,0.4095141711088096
profile_0031,low_frequency,56,0.44140625,0.40827624809554686
profile_0031,low_frequency,57,0.44921875,0.40701019657863413
profile_0031,low_frequency,58,0.45703125,0.4057164916786231
profile_0031,low_frequency,59,0.46484375,0.40439566494625034
profile_0031,low_frequency,60,0.47265625,0.4030483046390523
profile_0031,low_frequency,61,0.48046875,0.40167505586656604
profile_0031,low_frequency,62,0.48828125,0.4002766206028293
profile_0031,low_frequency,63,0.49609375,0.3988537575652019
profile_0031,low_frequency,64,0.50390625,0.39740728195885777
profile_0031,low_frequency,65,0.51171875,0.3959380650866152
profile_0031,low_frequency,66,0.51953125,0.39444703382409574
profile_0031,low_frequency,67,0.52734375,0.3929351699605311
profile_0031,low_frequency,68,0.53515625,0.3914035094058541
profile_0031,low_frequency,69,0.54296875,0.38985314126504145
profile_0031,low_frequency,70,0.55078125,0.3882852067809873
profile_0031,low_frequency,71,0.55859375,0.3867008981475164
profile_0031,low_frequency,72,0.56640625,0.3851014571944499
profile_0031,low_frequency,73,0.57421875,0.3834881739469578
profile_0031,low_frequency,74,0.58203125,0.3818623850617313
profile_0031,low_frequency,75,0.58984375,0.3802254721428152
profile_0031,low_frequency,76,0.59765625,0.37857885994023
profile_0031,low_frequency,77,0.60546875,0.37692401443480517
profile_0031,low_frequency,78,0.61328125,0.37526244081292215
profile_0031,low_frequency,79,0.62109375,0.3735956813351411
profile_0031,low_frequency,80,0.62890625,0.37192531310294275
profile_0031,low_frequency,81,0.63671875,0.37025294572807355
profile_0031,low_frequency,82,0.64453125,0.36858021890922665
profile_0031,low_frequency,83,0.65234375,0.3669087999210163
profile_0031,low_frequency,84,0.66015625,0.3652403810204319
profile_0031,low_frequency,85,0.66796875,0.3635766767761601
profile_0031,low_frequency,86,0.67578125,0.36191942132636323
profile_0031,low_frequency,87,0.68359375,0.36027036557068404
profile_0031,low_frequency,88,0.69140625,0.35863127430241426
profile_0031,low_frequency,89,0.69921875,0.35700392328692665
profile_0031,low_frequency,90,0.70703125,0.35539009629260265
profile_0031,low_frequency,91,0.71484375,0.353791582080625
profile_0031,low_frequency,92,0.72265625,0.35221017136010757
profile_0031,low_frequency,93,0.73046875,0.35064765371513884
profile_0031,low_frequency,94,0.73828125,0.34910581451039446
profile_0031,low_frequency,95,0.74609375,0.3475864317820381
profile_0031,low_frequency,96,0.75390625,0.3460912731206852
profile_0031,low_frequency,97,0.76171875,0.3446220925532365
profile_0031,low_frequency,98,0.76953125,0.3431806274304031
profile_0031,low_frequency,99,0.77734375,0.34176859532675496
profile_0031,low_frequency,100,0.78515625,0.34038769096010446
profile_0031,low_frequency,101,0.79296875,0.33903958313701
profile_0031,low_frequency,102,0.80078125,0.3377259117311402
profile_0031,low_frequency,103,0.80859375,0.3364482847011747
profile_0031,low_frequency,104,0.81640625,0.3352082751548432
profile_0031,low_frequency,105,0.82421875,0.33400741846561166
profile_0031,low_frequency,106,0.83203125,0.3328472094484136
profile_0031,low_frequency,107,0.83984375,0.3317290996007064
profile_0031,low_frequency,108,0.84765625,0.33065449441498895
profile_0031,low_frequency,109,0.85546875,0.3296247507687703
profile_0031,low_frequency,110,0.86328125,0.3286411743978077
profile_0031,low_frequency,111,0.87109375,0.3277050174582543
profile_0031,low_frequency,112,0.87890625,0.3268174761831659
profile_0031,low_frequency,113,0.88671875,0.32597968863860194
profile_0031,low_frequency,114,0.89453125,0.32519273258434755
profile_0031,low_frequency,115,0.90234375,0.32445762344404416
profile_0031,low_frequency,116,0.91015625,0.32377531238927826
profile_0031,low_frequency,117,0.91796875,0.3231466845419253
profile_0031,low_frequency,118,0.92578125,0.322572557298781
profile_0031,low_frequency,119,0.93359375,0.3220536787822409
profile_0031,low_frequency,120,0.94140625,0.3215907264205089
profile_0031,low_frequency,121,0.94921875,0.3211843056605235
profile_0031,low_frequency,122,0.95703125,0.320834948816495
profile_0031,low_frequency,123,0.96484375,0.32054311405664304
profile_0031,low_frequency,124,0.97265625,0.32030918453041346
profile_0031,low_frequency,125,0.98046875,0.3201334676381359
profile_0031,low_frequency,126,0.98828125,0.3200161944447699
profile_0031,low_frequency,127,0.99609375,0.31995751923905424
profile_0032,piecewise,0,0.00390625,0.13774049713591616
profile_0032,piecewise,1,0.01171875,0.2754809942718323
profile_0032,piecewise,2,0.01953125,0.2754809942718323
profile_0032,piecewise,3,0.02734375,0.2754809942718323
profile_0032,piecewise,4,0.03515625,0.2754809942718323
profile_0032,piecewise,5,0.04296875,0.2754809942718323
profile_0032,piecewise,6,0.05078125,0.2754809942718323
profile_0032,piecewise,7,0.05859375,0.2754809942718323
profile_0032,piecewise,8,0.06640625,0.2754809942718323
profile_0032,piecewise,9,0.07421875,0.2754809942718323
profile_0032,piecewise,10,0.08203125,0.2754809942718323
profile_0032,piecewise,11,0.08984375,0.2754809942718323
profile_0032,piecewise,12,0.09765625,0.2754809942718323
profile_0032,piecewise,13,0.10546875,0.2754809942718323
profile_0032,piecewise,14,0.11328125,0.2754809942718323
profile_0032,piecewise,15,0.12109375,0.2754809942718323
profile_0032,piecewise,16,0.12890625,0.2754809942718323
profile_0032,piecewise,17,0.13671875,0.2754809942718323
profile_0032,piecewise,18,0.14453125,0.2754809942718323
profile_0032,piecewise,19,0.15234375,0.2754809942718323
profile_0032,piecewise,20,0.16015625,0.2754809942718323
profile_0032,piecewise,21,0.16796875,0.2754809942718323
profile_0032,piecewise,22,0.17578125,0.2754809942718323
profile_0032,piecewise,23,0.18359375,0.2754809942718323
profile_0032,piecewise,24,0.19140625,0.2754809942718323
profile_0032,piecewise,25,0.19921875,0.2754809942718323
profile_0032,piecewise,26,0.20703125,0.4808485264390203
profile_0032,piecewise,27,0.21484375,0.6862160586062084
profile_0032,piecewise,28,0.22265625,0.6862160586062084
profile_0032,piecewise,29,0.23046875,0.6862160586062084
profile_0032,piecewise,30,0.23828125,0.6862160586062084
profile_0032,piecewise,31,0.24609375,0.6862160586062084
profile_0032,piecewise,32,0.25390625,0.6862160586062084
profile_0032,piecewise,33,0.26171875,0.6862160586062084
profile_0032,piecewise,34,0.26953125,0.6862160586062084
profile_0032,piecewise,35,0.27734375,0.6862160586062084
profile_0032,piecewise,36,0.28515625,0.6862160586062084
profile_0032,piecewise,37,0.29296875,0.6862160586062084
profile_0032,piecewise,38,0.30078125,0.6862160586062084
profile_0032,piecewise,39,0.30859375,0.6862160586062084
profile_0032,piecewise,40,0.31640625,0.6862160586062084
profile_0032,piecewise,41,0.32421875,0.6862160586062084
profile_0032,piecewise,42,0.33203125,0.6862160586062084
profile_0032,piecewise,43,0.33984375,0.6862160586062084
profile_0032,piecewise,44,0.34765625,0.6862160586062084
profile_0032,piecewise,45,0.35546875,0.6862160586062084
profile_0032,piecewise,46,0.36328125,0.6862160586062084
profile_0032,piecewise,47,0.37109375,0.6862160586062084
profile_0032,piecewise,48,0.37890625,0.6862160586062084
profile_0032,piecewise,49,0.38671875,0.6862160586062084
profile_0032,piecewise,50,0.39453125,0.6862160586062084
profile_0032,piecewise,51,0.40234375,0.7114211435160038
profile_0032,piecewise,52,0.41015625,0.7366262284257993
profile_0032,piecewise,53,0.41796875,0.7366262284257993
profile_0032,piecewise,54,0.42578125,0.7366262284257993
profile_0032,piecewise,55,0.43359375,0.7366262284257993
profile_0032,piecewise,56,0.44140625,0.7366262284257993
profile_0032,piecewise,57,0.44921875,0.7366262284257993
profile_0032,piecewise,58,0.45703125,0.7366262284257993
profile_0032,piecewise,59,0.46484375,0.7366262284257993
profile_0032,piecewise,60,0.47265625,0.7366262284257993
profile_0032,piecewise,61,0.48046875,0.7366262284257993
profile_0032,piecewise,62,0.48828125,0.7366262284257993
profile_0032,piecewise,63,0.49609375,0.7366262284257993
profile_0032,piecewise,64,0.50390625,0.7366262284257993
profile_0032,piecewise,65,0.51171875,0.7366262284257993
profile_0032,piecewise,66,0.51953125,0.7366262284257993
profile_0032,piecewise,67,0.52734375,0.7366262284257993
profile_0032,piecewise,68,0.53515625,0.7366262284257993
profile_0032,piecewise,69,0.54296875,0.7366262284257993
profile_0032,piecewise,70,0.55078125,0.7366262284257993
profile_0032,piecewise,71,0.55859375,0.7366262284257993
profile_0032,piecewise,72,0.56640625,0.7366262284257993
profile_0032,piecewise,73,0.57421875,0.7366262284257993
profile_0032,piecewise,74,0.58203125,0.7366262284257993
profile_0032,piecewise,75,0.58984375,0.7366262284257993
profile_0032,piecewise,76,0.59765625,0.7366262284257993
profile_0032,piecewise,77,0.60546875,0.44510568161313185
profile_0032,piecewise,78,0.61328125,0.15358513480046446
profile_0032,piecewise,79,0.62109375,0.15358513480046446
profile_0032,piecewise,80,0.62890625,0.15358513480046446
profile_0032,piecewise,81,0.63671875,0.15358513480046446
profile_0032,piecewise,82,0.64453125,0.15358513480046446
profile_0032,piecewise,83,0.65234375,0.15358513480046446
profile_0032,piecewise,84,0.66015625,0.15358513480046446
profile_0032,piecewise,85,0.66796875,0.15358513480046446
profile_0032,piecewise,86,0.67578125,0.15358513480046446
profile_0032,piecewise,87,0.68359375,0.15358513480046446
profile_0032,piecewise,88,0.69140625,0.15358513480046446
profile_0032,piecewise,89,0.69921875,0.15358513480046446
profile_0032,piecewise,90,0.70703125,0.15358513480046446
profile_0032,piecewise,91,0.71484375,0.15358513480046446
profile_0032,piecewise,92,0.72265625,0.15358513480046446
profile_0032,piecewise,93,0.73046875,0.15358513480046446
profile_0032,piecewise,94,0.73828125,0.15358513480046446
profile_0032,piecewise,95,0.74609375,0.15358513480046446
profile_0032,piecewise,96,0.75390625,0.15358513480046446
profile_0032,piecewise,97,0.76171875,0.15358513480046446
profile_0032,piecewise,98,0.76953125,0.15358513480046446
profile_0032,piecewise,99,0.77734375,0.15358513480046446
profile_0032,piecewise,100,0.78515625,0.15358513480046446
profile_0032,piecewise,101,0.79296875,0.15358513480046446
profile_0032,piecewise,102,0.80078125,0.35058565175259193
profile_0032,piecewise,103,0.80859375,0.5475861687047194
profile_0032,piecewise,104,0.81640625,0.5475861687047194
profile_0032,piecewise,105,0.82421875,0.5475861687047194
profile_0032,piecewise,106,0.83203125,0.5475861687047194
profile_0032,piecewise,107,0.83984375,0.5475861687047194
profile_0032,piecewise,108,0.84765625,0.5475861687047194
profile_0032,piecewise,109,0.85546875,0.5475861687047194
profile_0032,piecewise,110,0.86328125,0.5475861687047194
profile_0032,piecewise,111,0.87109375,0.5475861687047194
profile_0032,piecewise,112,0.87890625,0.5475861687047194
profile_0032,piecewise,113,0.88671875,0.5475861687047194
profile_0032,piecewise,114,0.89453125,0.5475861687047194
profile_0032,piecewise,115,0.90234375,0.5475861687047194
profile_0032,piecewise,116,0.91015625,0.5475861687047194
profile_0032,piecewise,117,0.91796875,0.5475861687047194
profile_0032,piecewise,118,0.92578125,0.5475861687047194
profile_0032,piecewise,119,0.93359375,0.5475861687047194
profile_0032,piecewise,120,0.94140625,0.5475861687047194
profile_0032,piecewise,121,0.94921875,0.5475861687047194
profile_0032,piecewise,122,0.95703125,0.5475861687047194
profile_0032,piecewise,123,0.96484375,0.5475861687047194
profile_0032,piecewise,124,0.97265625,0.5475861687047194
profile_0032,piecewise,125,0.98046875,0.5475861687047194
profile_0032,piecewise,126,0.98828125,0.5475861687047194
profile_0032,piecewise,127,0.99609375,0.5475861687047194
profile_0033,high_frequency,0,0.00390625,0.5320855519019109
profile_0033,high_frequency,1,0.01171875,0.5109696074058976
profile_0033,high_frequency,2,0.01953125,0.44367503900032523
profile_0033,high_frequency,3,0.02734375,0.35668797515414813
profile_0033,high_frequency,4,0.03515625,0.28424521391444607
profile_0033,high_frequency,5,0.04296875,0.25485913490265755
profile_0033,high_frequency,6,0.05078125,0.280095656176452
profile_0033,high_frequency,7,0.05859375,0.3500220630992071
profile_0033,high_frequency,8,0.06640625,0.43711637520488666
profile_0033,high_frequency,9,0.07421875,0.5070995831469473
profile_0033,high_frequency,10,0.08203125,0.532427350433746
profile_0033,high_frequency,11,0.08984375,0.5031310493723772
profile_0033,high_frequency,12,0.09765625,0.4307412627715466
profile_0033,high_frequency,13,0.10546875,0.34374952023278793
profile_0033,high_frequency,14,0.11328125,0.2763944612661058
profile_0033,high_frequency,15,0.12109375,0.25518602251414113
profile_0033,high_frequency,16,0.12890625,0.2884715260077748
profile_0033,high_frequency,17,0.13671875,0.3631502989501632
profile_0033,high_frequency,18,0.14453125,0.4498299011946484
profile_0033,high_frequency,19,0.15234375,0.5143945469492942
profile_0033,high_frequency,20,0.16015625,0.5314325641798318
profile_0033,high_frequency,21,0.16796875,0.4942380459473155
profile_0033,high_frequency,22,0.17578125,0.4174501943684751
profile_0033,high_frequency,23,0.18359375,0.33129155117230685
profile_0033,high_frequency,24,0.19140625,0.2696728605165151
profile_0033,high_frequency,25,0.19921875,0.25684631088326737
profile_0033,high_frequency,26,0.20703125,0.2978602390023893
profile_0033,high_frequency,27,0.21484375,0.3765721805574061
profile_0033,high_frequency,28,0.22265625,0.46200230098719197
profile_0033,high_frequency,29,0.23046875,0.5205265917211802
profile_0033,high_frequency,30,0.23828125,0.5291107734755989
profile_0033,high_frequency,31,0.24609375,0.48437624161510634
profile_0033,high_frequency,32,0.25390625,0.4039298340454701
profile_0033,high_frequency,33,0.26171875,0.31943404502497685
profile_0033,high_frequency,34,0.26953125,0.264145144355293
profile_0033,high_frequency,35,0.27734375,0.2598240105254356
profile_0033,high_frequency,36,0.28515625,0.30817137672176487
profile_0033,high_frequency,37,0.29296875,0.39015844786391124
profile_0033,high_frequency,38,0.30078125,0.4735163477184047
profile_0033,high_frequency,39,0.30859375,0.5254366625193354
profile_0033,high_frequency,40,0.31640625,0.5254843384347488
profile_0033,high_frequency,41,0.32421875,0.4736406109424789
profile_0033,high_frequency,42,0.33203125,0.39031039026342224
profile_0033,high_frequency,43,0.33984375,0.3082911960569684
profile_0033,high_frequency,44,0.34765625,0.2598645477108289
profile_0033,high_frequency,45,0.35546875,0.2640904445653155
profile_0033,high_frequency,46,0.36328125,0.31930563727302325
profile_0033,high_frequency,47,0.37109375,0.40377825768850767
profile_0033,high_frequency,48,0.37890625,0.484261154824047
profile_0033,high_frequency,49,0.38671875,0.529077472677856
profile_0033,high_frequency,50,0.39453125,0.5205881836091364
profile_0033,high_frequency,51,0.40234375,0.4621345439215037
profile_0033,high_frequency,52,0.41015625,0.37672302571109817
profile_0033,high_frequency,53,0.41796875,0.29797031599514395
profile_0033,high_frequency,54,0.42578125,0.25687229506882137
profile_0033,high_frequency,55,0.43359375,0.26960452491083325
profile_0033,high_frequency,56,0.44140625,0.33115579164044934
profile_0033,high_frequency,57,0.44921875,0.4173004438172397
profile_0033,high_frequency,58,0.45703125,0.49413324393798225
profile_0033,high_frequency,59,0.46484375,0.5314139592046455
profile_0033,high_frequency,60,0.47265625,0.5144694616462423
profile_0033,high_frequency,61,0.48046875,0.4499688502674488
profile_0033,high_frequency,62,0.48828125,0.3632985941367469
profile_0033,high_frequency,63,0.49609375,0.2885708005564663
profile_0033,high_frequency,64,0.50390625,0.2551972034579447
profile_0033,high_frequency,65,0.51171875,0.2763131479539584
profile_0033,high_frequency,66,0.51953125,0.34360771635953063
profile_0033,high_frequency,67,0.52734375,0.43059478020570824
profile_0033,high_frequency,68,0.53515625,0.5030375414454102
profile_0033,high_frequency,69,0.54296875,0.532423620457198
profile_0033,high_frequency,70,0.55078125,0.507187099183403
profile_0033,high_frequency,71,0.55859375,0.4372606922606483
profile_0033,high_frequency,72,0.56640625,0.3501663801549682
profile_0033,high_frequency,73,0.57421875,0.2801831722129082
profile_0033,high_frequency,74,0.58203125,0.2548554049261096
profile_0033,high_frequency,75,0.58984375,0.28415170598747863
profile_0033,high_frequency,76,0.59765625,0.3565414925883097
profile_0033,high_frequency,77,0.60546875,0.4435332351270688
profile_0033,high_frequency,78,0.61328125,0.5108882940937499
profile_0033,high_frequency,79,0.62109375,0.5320967328457145
profile_0033,high_frequency,80,0.62890625,0.4988112293520806
profile_0033,high_frequency,81,0.63671875,0.4241324564096916
profile_0033,high_frequency,82,0.64453125,0.337452854165207
profile_0033,high_frequency,83,0.65234375,0.27288820841056105
profile_0033,high_frequency,84,0.66015625,0.255850191180024
profile_0033,high_frequency,85,0.66796875,0.29304470941254057
profile_0033,high_frequency,86,0.67578125,0.3698325609913813
profile_0033,high_frequency,87,0.68359375,0.45599120418754896
profile_0033,high_frequency,88,0.69140625,0.5176098948433409
profile_0033,high_frequency,89,0.69921875,0.5304364444765881
profile_0033,high_frequency,90,0.70703125,0.48942251635746575
profile_0033,high_frequency,91,0.71484375,0.41071057480245016
profile_0033,high_frequency,92,0.72265625,0.32528045437266295
profile_0033,high_frequency,93,0.73046875,0.26675616363867527
profile_0033,high_frequency,94,0.73828125,0.25817198188425666
profile_0033,high_frequency,95,0.74609375,0.3029065137447502
profile_0033,high_frequency,96,0.75390625,0.3833529213143857
profile_0033,high_frequency,97,0.76171875,0.46784871033487857
profile_0033,high_frequency,98,0.76953125,0.5231376110045624
profile_0033,high_frequency,99,0.77734375,0.5274587448344198
profile_0033,high_frequency,100,0.78515625,0.4791113786380905
profile_0033,high_frequency,101,0.79296875,0.3971243074959446
profile_0033,high_frequency,102,0.80078125,0.31376640764145153
profile_0033,high_frequency,103,0.80859375,0.26184609284051996
profile_0033,high_frequency,104,0.81640625,0.26179841692510664
profile_0033,high_frequency,105,0.82421875,0.3136421444173761
profile_0033,high_frequency,106,0.83203125,0.3969723650964317
profile_0033,high_frequency,107,0.83984375,0.4789915593028874
profile_0033,high_frequency,108,0.84765625,0.5274182076490266
profile_0033,high_frequency,109,0.85546875,0.5231923107945403
profile_0033,high_frequency,110,0.86328125,0.4679771180868321
profile_0033,high_frequency,111,0.87109375,0.38350449767134764
profile_0033,high_frequency,112,0.87890625,0.3030216005358091
profile_0033,high_frequency,113,0.88671875,0.25820528268200005
profile_0033,high_frequency,114,0.89453125,0.2666945717507193
profile_0033,high_frequency,115,0.90234375,0.32514821143835126
profile_0033,high_frequency,116,0.91015625,0.4105597296487557
profile_0033,high_frequency,117,0.91796875,0.4893124393647118
profile_0033,high_frequency,118,0.92578125,0.5304104602910341
profile_0033,high_frequency,119,0.93359375,0.5176782304490226
profile_0033,high_frequency,120,0.94140625,0.4561269637194078
profile_0033,high_frequency,121,0.94921875,0.3699823115426156
profile_0033,high_frequency,122,0.95703125,0.29314951142187384
profile_0033,high_frequency,123,0.96484375,0.2558687961552102
profile_0033,high_frequency,124,0.97265625,0.2728132937136134
profile_0033,high_frequency,125,0.98046875,0.33731390509240616
profile_0033,high_frequency,126,0.98828125,0.423984161223108
profile_0033,high_frequency,127,0.99609375,0.4987119548033882
profile_0034,low_frequency,0,0.00390625,0.6234031615359568
profile_0034,low_frequency,1,0.01171875,0.622972334757228
profile_0034,low_frequency,2,0.01953125,0.6221110034099242
profile_0034,low_frequency,3,0.02734375,0.6208199136958177
profile_0034,low_frequency,4,0.03515625,0.6191004358961474
profile_0034,low_frequency,5,0.04296875,0.6169548559060221
profile_0034,low_frequency,6,0.05078125,0.6143867481493075
profile_0034,low_frequency,7,0.05859375,0.6114014168641755
profile_0034,low_frequency,8,0.06640625,0.6080063901459103
profile_0034,low_frequency,9,0.07421875,0.6042119489398301
profile_0034,low_frequency,10,0.08203125,0.6000316714531526
profile_0034,low_frequency,11,0.08984375,0.5954829722489698
profile_0034,low_frequency,12,0.09765625,0.5905876146345386
profile_0034,low_frequency,13,0.10546875,0.5853721748827336
profile_0034,low_frequency,14,0.11328125,0.5798684373389058
profile_0034,low_frequency,15,0.12109375,0.5741137005603361
profile_0034,low_frequency,16,0.12890625,0.5681509762927819
profile_0034,low_frequency,17,0.13671875,0.562029065275131
profile_0034,low_frequency,18,0.14453125,0.5558024965328336
profile_0034,low_frequency,19,0.15234375,0.5495313199152685
profile_0034,low_frequency,20,0.16015625,0.5432807450824175
profile_0034,low_frequency,21,0.16796875,0.5371206238738091
profile_0034,low_frequency,22,0.17578125,0.531124776911648
profile_0034,low_frequency,23,0.18359375,0.5253701693088373
profile_0034,low_frequency,24,0.19140625,0.5199359443760738
profile_0034,low_frequency,25,0.19921875,0.5149023281538592
profile_0034,low_frequency,26,0.20703125,0.5103494213394444
profile_0034,low_frequency,27,0.21484375,0.5063558986427688
profile_0034,low_frequency,28,0.22265625,0.5029976387019288
profile_0034,low_frequency,29,0.23046875,0.5003463103374071
profile_0034,low_frequency,30,0.23828125,0.49846794305415343
profile_0034,low_frequency,31,0.24609375,0.4974215112514415
profile_0034,low_frequency,32,0.25390625,0.49725756252436115
profile_0034,low_frequency,33,0.26171875,0.4980169207035351
profile_0034,low_frequency,34,0.26953125,0.4997294938613146
profile_0034,low_frequency,35,0.27734375,0.5024132164085517
profile_0034,low_frequency,36,0.28515625,0.506073152626612
profile_0034,low_frequency,37,0.29296875,0.5107007865504143
profile_0034,low_frequency,38,0.30078125,0.516273520080675
profile_0034,low_frequency,39,0.30859375,0.5227543976119655
profile_0034,low_frequency,40,0.31640625,0.5300920713855772
profile_0034,low_frequency,41,0.32421875,0.5382210172920214
profile_0034,low_frequency,42,0.33203125,0.5470620060469877
profile_0034,low_frequency,43,0.33984375,0.5565228296444711
profile_0034,low_frequency,44,0.34765625,0.5664992778556237
profile_0034,low_frequency,45,0.35546875,0.5768763543995479
profile_0034,low_frequency,46,0.36328125,0.587529717372266
profile_0034,low_frequency,47,0.37109375,0.59832732369129
profile_0034,low_frequency,48,0.37890625,0.6091312528011898
profile_0034,low_frequency,49,0.38671875,0.6197996807906088
profile_0034,low_frequency,50,0.39453125,0.6301889724858278
profile_0034,low_frequency,51,0.40234375,0.6401558560930922
profile_0034,low_frequency,52,0.41015625,0.6495596426327235
profile_0034,low_frequency,53,0.41796875,0.6582644508005289
profile_0034,low_frequency,54,0.42578125,0.6661413970495704
profile_0034,low_frequency,55,0.43359375,0.6730707106356484
profile_0034,low_frequency,56,0.44140625,0.6789437341242479
profile_0034,low_frequency,57,0.44921875,0.6836647714096518
profile_0034,low_frequency,58,0.45703125,0.6871527476261801
profile_0034,low_frequency,59,0.46484375,0.6893426483983252
profile_0034,low_frequency,60,0.47265625,0.6901867096263432
profile_0034,low_frequency,61,0.48046875,0.689655333367353
profile_0034,low_frequency,62,0.48828125,0.6877377102665105
profile_0034,low_frequency,63,0.49609375,0.6844421343239084
profile_0034,low_frequency,64,0.50390625,0.6797960014462343
profile_0034,low_frequency,65,0.51171875,0.6738454891159389
profile_0034,low_frequency,66,0.51953125,0.6666549204972971
profile_0034,low_frequency,67,0.52734375,0.6583058222679701
profile_0034,low_frequency,68,0.53515625,0.6488956912956558
profile_0034,low_frequency,69,0.54296875,0.6385364908534021
profile_0034,low_frequency,70,0.55078125,0.6273529022700006
profile_0034,low_frequency,71,0.55859375,0.6154803626363621
profile_0034,low_frequency,72,0.56640625,0.6030629233370046
profile_0034,low_frequency,73,0.57421875,0.5902509676612109
profile_0034,low_frequency,74,0.58203125,0.5771988284976739
profile_0034,low_frequency,75,0.58984375,0.5640623490710919
profile_0034,low_frequency,76,0.59765625,0.5509964307967419
profile_0034,low_frequency,77,0.60546875,0.5381526125842244
profile_0034,low_frequency,78,0.61328125,0.5256767253066397
profile_0034,low_frequency,79,0.62109375,0.5137066636765639
profile_0034,low_frequency,80,0.62890625,0.5023703154632624
profile_0034,low_frequency,81,0.63671875,0.4917836848916657
profile_0034,low_frequency,82,0.64453125,0.4820492432441543
profile_0034,low_frequency,83,0.65234375,0.47325453521758143
profile_0034,low_frequency,84,0.66015625,0.46547106456020293
profile_0034,low_frequency,85,0.66796875,0.4587534770279036
profile_0034,low_frequency,86,0.67578125,0.4531390528675284
profile_0034,low_frequency,87,0.68359375,0.44864751497571875
profile_0034,low_frequency,88,0.69140625,0.44528115271770874
profile_0034,low_frequency,89,0.69921875,0.44302525524760306
profile_0034,low_frequency,90,0.70703125,0.44184884217486364
profile_0034,low_frequency,91,0.71484375,0.44170567369329117
profile_0034,low_frequency,92,0.72265625,0.4425355169452674
profile_0034,low_frequency,93,0.73046875,0.444265640544111
profile_0034,low_frequency,94,0.73828125,0.4468125049194065
profile_0034,low_frequency,95,0.74609375,0.4500836125701473
profile_0034,low_frequency,96,0.75390625,0.45397947948036155
profile_0034,low_frequency,97,0.76171875,0.4583956869277839
profile_0034,low_frequency,98,0.76953125,0.463224971737494
profile_0034,low_frequency,99,0.77734375,0.46835931272096976
profile_0034,low_frequency,100,0.78515625,0.4736919716003163
profile_0034,low_frequency,101,0.79296875,0.47911944813288776
profile_0034,low_frequency,102,0.80078125,0.48454331139067763
profile_0034,low_frequency,103,0.80859375,0.4898718721619548
profile_0034,low_frequency,104,0.81640625,0.4950216651638828
profile_0034,low_frequency,105,0.82421875,0.49991871410362543
profile_0034,low_frequency,106,0.83203125,0.5044995575080966
profile_0034,low_frequency,107,0.83984375,0.5087120185543008
profile_0034,low_frequency,108,0.84765625,0.5125157077595923
profile_0034,low_frequency,109,0.85546875,0.5158822532141127
profile_0034,low_frequency,110,0.86328125,0.5187952589322298
profile_0034,low_frequency,111,0.87109375,0.5212499977408098
profile_0034,low_frequency,112,0.87890625,0.5232528507857446
profile_0034,low_frequency,113,0.88671875,0.5248205111045321
profile_0034,low_frequency,114,0.89453125,0.5259789736685438
profile_0034,low_frequency,115,0.90234375,0.5267623387395395
profile_0034,low_frequency,116,0.91015625,0.527211459217801
profile_0034,low_frequency,117,0.91796875,0.5273724658038264
profile_0034,low_frequency,118,0.92578125,0.5272952061865435
profile_0034,low_frequency,119,0.93359375,0.5270316360593994
profile_0034,low_frequency,120,0.94140625,0.5266342005194897
profile_0034,low_frequency,121,0.94921875,0.5261542443102039
profile_0034,low_frequency,122,0.95703125,0.5256404884287642
profile_0034,low_frequency,123,0.96484375,0.525137608858862
profile_0034,low_frequency,124,0.97265625,0.5246849506451299
profile_0034,low_frequency,125,0.98046875,0.5243154072570775
profile_0034,low_frequency,126,0.98828125,0.5240544912674214
profile_0034,low_frequency,127,0.99609375,0.5239196178795673
profile_0035,piecewise,0,0.00390625,0.3645051598766203
profile_0035,piecewise,1,0.01171875,0.7290103197532406
profile_0035,piecewise,2,0.01953125,0.7290103197532406
profile_0035,piecewise,3,0.02734375,0.7290103197532406
profile_0035,piecewise,4,0.03515625,0.7290103197532406
profile_0035,piecewise,5,0.04296875,0.7290103197532406
profile_0035,piecewise,6,0.05078125,0.7290103197532406
profile_0035,piecewise,7,0.05859375,0.7290103197532406
profile_0035,piecewise,8,0.06640625,0.7290103197532406
profile_0035,piecewise,9,0.07421875,0.7290103197532406
profile_0035,piecewise,10,0.08203125,0.7290103197532406
profile_0035,piecewise,11,0.08984375,0.7290103197532406
profile_0035,piecewise,12,0.09765625,0.7290103197532406
profile_0035,piecewise,13,0.10546875,0.7290103197532406
profile_0035,piecewise,14,0.11328125,0.7290103197532406
profile_0035,piecewise,15,0.12109375,0.7290103197532406
profile_0035,piecewise,16,0.12890625,0.7290103197532406
profile_0035,piecewise,17,0.13671875,0.7290103197532406
profile_0035,piecewise,18,0.14453125,0.7290103197532406
profile_0035,piecewise,19,0.15234375,0.7290103197532406
profile_0035,piecewise,20,0.16015625,0.7290103197532406
profile_0035,piecewise,21,0.16796875,0.7290103197532406
profile_0035,piecewise,22,0.17578125,0.7290103197532406
profile_0035,piecewise,23,0.18359375,0.7290103197532406
profile_0035,piecewise,24,0.19140625,0.7290103197532406
profile_0035,piecewise,25,0.19921875,0.7290103197532406
profile_0035,piecewise,26,0.20703125,0.7290103197532406
profile_0035,piecewise,27,0.21484375,0.7290103197532406
profile_0035,piecewise,28,0.22265625,0.7290103197532406
profile_0035,piecewise,29,0.23046875,0.7290103197532406
profile_0035,piecewise,30,0.23828125,0.7290103197532406
profile_0035,piecewise,31,0.24609375,0.7290103197532406
profile_0035,piecewise,32,0.25390625,0.4751210047205112
profile_0035,piecewise,33,0.26171875,0.22123168968778184
profile_0035,piecewise,34,0.26953125,0.22123168968778184
profile_0035,piecewise,35,0.27734375,0.22123168968778184
profile_0035,piecewise,36,0.28515625,0.22123168968778184
profile_0035,piecewise,37,0.29296875,0.22123168968778184
profile_0035,piecewise,38,0.30078125,0.22123168968778184
profile_0035,piecewise,39,0.30859375,0.22123168968778184
profile_0035,piecewise,40,0.31640625,0.22123168968778184
profile_0035,piecewise,41,0.32421875,0.22123168968778184
profile_0035,piecewise,42,0.33203125,0.22123168968778184
profile_0035,piecewise,43,0.33984375,0.22123168968778184
profile_0035,piecewise,44,0.34765625,0.22123168968778184
profile_0035,piecewise,45,0.35546875,0.22123168968778184
profile_0035,piecewise,46,0.36328125,0.22123168968778184
profile_0035,piecewise,47,0.37109375,0.22123168968778184
profile_0035,piecewise,48,0.37890625,0.22123168968778184
profile_0035,piecewise,49,0.38671875,0.22123168968778184
profile_0035,piecewise,50,0.39453125,0.22123168968778184
profile_0035,piecewise,51,0.40234375,0.22123168968778184
profile_0035,piecewise,52,0.41015625,0.22123168968778184
profile_0035,piecewise,53,0.41796875,0.22123168968778184
profile_0035,piecewise,54,0.42578125,0.22123168968778184
profile_0035,piecewise,55,0.43359375,0.22123168968778184
profile_0035,piecewise,56,0.44140625,0.22123168968778184
profile_0035,piecewise,57,0.44921875,0.22123168968778184
profile_0035,piecewise,58,0.45703125,0.22123168968778184
profile_0035,piecewise,59,0.46484375,0.22123168968778184
profile_0035,piecewise,60,0.47265625,0.22123168968778184
profile_0035,piecewise,61,0.48046875,0.22123168968778184
profile_0035,piecewise,62,0.48828125,0.22123168968778184
profile_0035,piecewise,63,0.49609375,0.22123168968778184
profile_0035,piecewise,64,0.50390625,0.5555309450144328
profile_0035,piecewise,65,0.51171875,0.8898302003410836
profile_0035,piecewise,66,0.51953125,0.8898302003410836
profile_0035,piecewise,67,0.52734375,0.8898302003410836
profile_0035,piecewise,68,0.53515625,0.8898302003410836
profile_0035,piecewise,69,0.54296875,0.8898302003410836
profile_0035,piecewise,70,0.55078125,0.8898302003410836
profile_0035,piecewise,71,0.55859375,0.8898302003410836
profile_0035,piecewise,72,0.56640625,0.8898302003410836
profile_0035,piecewise,73,0.57421875,0.8898302003410836
profile_0035,piecewise,74,0.58203125,0.8898302003410836
profile_0035,piecewise,75,0.58984375,0.8898302003410836
profile_0035,piecewise,76,0.59765625,0.8898302003410836
profile_0035,piecewise,77,0.60546875,0.8898302003410836
profile_0035,piecewise,78,0.61328125,0.8898302003410836
profile_0035,piecewise,79,0.62109375,0.8898302003410836
profile_0035,piecewise,80,0.62890625,0.8898302003410836
profile_0035,piecewise,81,0.63671875,0.8898302003410836
profile_0035,piecewise,82,0.64453125,0.8898302003410836
profile_0035,piecewise,83,0.65234375,0.8898302003410836
profile_0035,piecewise,84,0.66015625,0.8898302003410836
profile_0035,piecewise,85,0.66796875,0.8898302003410836
profile_0035,piecewise,86,0.67578125,0.8898302003410836
profile_0035,piecewise,87,0.68359375,0.8898302003410836
profile_0035,piecewise,88,0.69140625,0.8898302003410836
profile_0035,piecewise,89,0.69921875,0.8898302003410836
profile_0035,piecewise,90,0.70703125,0.8898302003410836
profile_0035,piecewise,91,0.71484375,0.8898302003410836
profile_0035,piecewise,92,0.72265625,0.8898302003410836
profile_0035,piecewise,93,0.73046875,0.8898302003410836
profile_0035,piecewise,94,0.73828125,0.8898302003410836
profile_0035,piecewise,95,0.74609375,0.8898302003410836
profile_0035,piecewise,96,0.75390625,0.48854152096964065
profile_0035,piecewise,97,0.76171875,0.08725284159819766
profile_0035,piecewise,98,0.76953125,0.08725284159819766
profile_0035,piecewise,99,0.77734375,0.08725284159819766
profile_0035,piecewise,100,0.78515625,0.08725284159819766
profile_0035,piecewise,101,0.79296875,0.08725284159819766
profile_0035,piecewise,102,0.80078125,0.08725284159819766
profile_0035,piecewise,103,0.80859375,0.08725284159819766
profile_0035,piecewise,104,0.81640625,0.08725284159819766
profile_0035,piecewise,105,0.82421875,0.08725284159819766
profile_0035,piecewise,106,0.83203125,0.08725284159819766
profile_0035,piecewise,107,0.83984375,0.08725284159819766
profile_0035,piecewise,108,0.84765625,0.08725284159819766
profile_0035,piecewise,109,0.85546875,0.08725284159819766
profile_0035,piecewise,110,0.86328125,0.08725284159819766
profile_0035,piecewise,111,0.87109375,0.08725284159819766
profile_0035,piecewise,112,0.87890625,0.08725284159819766
profile_0035,piecewise,113,0.88671875,0.08725284159819766
profile_0035,piecewise,114,0.89453125,0.08725284159819766
profile_0035,piecewise,115,0.90234375,0.08725284159819766
profile_0035,piecewise,116,0.91015625,0.08725284159819766
profile_0035,piecewise,117,0.91796875,0.08725284159819766
profile_0035,piecewise,118,0.92578125,0.08725284159819766
profile_0035,piecewise,119,0.93359375,0.08725284159819766
profile_0035,piecewise,120,0.94140625,0.08725284159819766
profile_0035,piecewise,121,0.94921875,0.08725284159819766
profile_0035,piecewise,122,0.95703125,0.08725284159819766
profile_0035,piecewise,123,0.96484375,0.08725284159819766
profile_0035,piecewise,124,0.97265625,0.08725284159819766
profile_0035,piecewise,125,0.98046875,0.08725284159819766
profile_0035,piecewise,126,0.98828125,0.08725284159819766
profile_0035,piecewise,127,0.99609375,0.08725284159819766
profile_0036,high_frequency,0,0.00390625,0.6511078170066672
profile_0036,high_frequency,1,0.01171875,0.6939926566340165
profile_0036,high_frequency,2,0.01953125,0.7381245757307184
profile_0036,high_frequency,3,0.02734375,0.7720369535007743
profile_0036,high_frequency,4,0.03515625,0.7869184718746518
profile_0036,high_frequency,5,0.04296875,0.7789025251947082
profile_0036,high_frequency,6,0.05078125,0.7500718649655508
profile_0036,high_frequency,7,0.05859375,0.7079174468245638
profile_0036,high_frequency,8,0.06640625,0.663392085369262
profile_0036,high_frequency,9,0.07421875,0.6280646279569058
profile_0036,high_frequency,10,0.08203125,0.6111140671653316
profile_0036,high_frequency,11,0.08984375,0.6169445997041955
profile_0036,high_frequency,12,0.09765625,0.6440413015223727
profile_0036,high_frequency,13,0.10546875,0.6853637444914046
profile_0036,high_frequency,14,0.11328125,0.7301752828095996
profile_0036,high_frequency,15,0.12109375,0.7668327129250299
profile_0036,high_frequency,16,0.12890625,0.7858114807486601
profile_0036,high_frequency,17,0.13671875,0.7821804086144564
profile_0036,high_frequency,18,0.14453125,0.7568829435353299
profile_0036,high_frequency,19,0.15234375,0.7164920251227843
profile_0036,high_frequency,20,0.16015625,0.671502264862532
profile_0036,high_frequency,21,0.16796875,0.633603173003987
profile_0036,high_frequency,22,0.17578125,0.6126419196623316
profile_0036,high_frequency,23,0.18359375,0.6140647838210596
profile_0036,high_frequency,24,0.19140625,0.6375020683519632
profile_0036,high_frequency,25,0.19921875,0.6768641569477406
profile_0036,high_frequency,26,0.20703125,0.7219237548769458
profile_0036,high_frequency,27,0.21484375,0.7609732062467494
profile_0036,high_frequency,28,0.22265625,0.783866447611141
profile_0036,high_frequency,29,0.23046875,0.7846552192322753
profile_0036,high_frequency,30,0.23828125,0.763134577720893
profile_0036,high_frequency,31,0.24609375,0.7248961456610231
profile_0036,high_frequency,32,0.25390625,0.6798752625810314
profile_0036,high_frequency,33,0.26171875,0.6397695252486467
profile_0036,high_frequency,34,0.26953125,0.6149994476851768
profile_0036,high_frequency,35,0.27734375,0.6120009405041038
profile_0036,high_frequency,36,0.28515625,0.631553093885578
profile_0036,high_frequency,37,0.29296875,0.6685757496774172
profile_0036,high_frequency,38,0.30078125,0.7134494586574925
profile_0036,high_frequency,39,0.30859375,0.7545148637183768
profile_0036,high_frequency,40,0.31640625,0.7811021041944718
profile_0036,high_frequency,41,0.32421875,0.7863031232690463
profile_0036,high_frequency,42,0.33203125,0.7687665608675421
profile_0036,high_frequency,43,0.33984375,0.7330488721643379
profile_0036,high_frequency,44,0.34765625,0.6884304419795851
profile_0036,high_frequency,45,0.35546875,0.6465042993478975
profile_0036,high_frequency,46,0.36328125,0.6181639469502513
profile_0036,high_frequency,47,0.37109375,0.6107729456926816
profile_0036,high_frequency,48,0.37890625,0.6262516699993688
profile_0036,high_frequency,49,0.38671875,0.660578344573352
profile_0036,high_frequency,50,0.39453125,0.7048340062563547
profile_0036,high_frequency,51,0.40234375,0.7475198827089493
profile_0036,high_frequency,52,0.41015625,0.777545072636899
profile_0036,high_frequency,53,0.41796875,0.7871082505080592
profile_0036,high_frequency,54,0.42578125,0.7737246538988198
profile_0036,high_frequency,55,0.43359375,0.7408716894197682
profile_0036,high_frequency,56,0.44140625,0.6970854120038487
profile_0036,high_frequency,57,0.44921875,0.653742635745562
profile_0036,high_frequency,58,0.45703125,0.6221049415997413
profile_0036,high_frequency,59,0.46484375,0.6103926256481174
profile_0036,high_frequency,60,0.47265625,0.6216488523034126
profile_0036,high_frequency,61,0.48046875,0.6529489610185231
profile_0036,high_frequency,62,0.48828125,0.6961603691898399
profile_0036,high_frequency,63,0.49609375,0.7400556287094332
profile_0036,high_frequency,64,0.50390625,0.773229609096793
profile_0036,high_frequency,65,0.51171875,0.7870628471338752
profile_0036,high_frequency,66,0.51953125,0.7779611076684658
profile_0036,high_frequency,67,0.52734375,0.7482892594207571
profile_0036,high_frequency,68,0.53515625,0.7057568205611993
profile_0036,high_frequency,69,0.54296875,0.6614148253052534
profile_0036,high_frequency,70,0.55078125,0.6267844777008051
profile_0036,high_frequency,71,0.55859375,0.6108636430603445
profile_0036,high_frequency,72,0.56640625,0.6177889684482777
profile_0036,high_frequency,73,0.57421875,0.6457610741472095
profile_0036,high_frequency,74,0.58203125,0.6875120793243927
profile_0036,high_frequency,75,0.58984375,0.7321939865662201
profile_0036,high_frequency,76,0.59765625,0.768197273847118
profile_0036,high_frequency,77,0.60546875,0.7861673504058074
profile_0036,high_frequency,78,0.61328125,0.7814351228107969
profile_0036,high_frequency,79,0.62109375,0.7552301469133381
profile_0036,high_frequency,80,0.62890625,0.7143611572469571
profile_0036,high_frequency,81,0.63671875,0.6694469806474659
profile_0036,high_frequency,82,0.64453125,0.6321574887626947
profile_0036,high_frequency,83,0.65234375,0.6121814617741987
profile_0036,high_frequency,84,0.66015625,0.6147091912255165
profile_0036,high_frequency,85,0.66796875,0.6390839072392799
profile_0036,high_frequency,86,0.67578125,0.6789724244190518
profile_0036,high_frequency,87,0.68359375,0.7240106681907609
profile_0036,high_frequency,88,0.69140625,0.7624965310272818
profile_0036,high_frequency,89,0.69921875,0.7844303844468756
profile_0036,high_frequency,90,0.70703125,0.7841132426609023
profile_0036,high_frequency,91,0.71484375,0.7616275073566838
profile_0036,high_frequency,92,0.72265625,0.722815557595228
profile_0036,high_frequency,93,0.73046875,0.6777617477254321
profile_0036,high_frequency,94,0.73828125,0.6381722297516981
profile_0036,high_frequency,95,0.74609375,0.6143333904750727
profile_0036,high_frequency,96,0.75390625,0.6124391805733611
profile_0036,high_frequency,97,0.76171875,0.6329817650621692
profile_0036,high_frequency,98,0.76953125,0.6706236460188073
profile_0036,high_frequency,99,0.77734375,0.7155844834124666
profile_0036,high_frequency,100,0.78515625,0.7561822819069832
profile_0036,high_frequency,101,0.79296875,0.7818686771887864
profile_0036,high_frequency,102,0.80078125,0.7859696754606168
profile_0036,high_frequency,103,0.80859375,0.767419730672571
profile_0036,high_frequency,104,0.81640625,0.7310386011090141
profile_0036,high_frequency,105,0.82421875,0.6862790507868762
profile_0036,high_frequency,106,0.83203125,0.6447707754240984
profile_0036,high_frequency,107,0.83984375,0.6172987049132134
profile_0036,high_frequency,108,0.84765625,0.6110007979353063
profile_0036,high_frequency,109,0.85546875,0.6275134145808121
profile_0036,high_frequency,110,0.86328125,0.6625461474235587
profile_0036,high_frequency,111,0.87109375,0.7069965809969747
profile_0036,high_frequency,112,0.87890625,0.7493153361569697
profile_0036,high_frequency,113,0.88671875,0.7785068992728071
profile_0036,high_frequency,114,0.89453125,0.7869865427472494
profile_0036,high_frequency,115,0.90234375,0.7725510345841169
profile_0036,high_frequency,116,0.91015625,0.7389510953841034
profile_0036,high_frequency,117,0.91796875,0.6949168635472855
profile_0036,high_frequency,118,0.92578125,0.651889578177939
profile_0036,high_frequency,119,0.93359375,0.6210488474895751
profile_0036,high_frequency,120,0.94140625,0.6104078957224562
profile_0036,high_frequency,121,0.94921875,0.62273151899965
profile_0036,high_frequency,122,0.95703125,0.6548177193603898
profile_0036,high_frequency,123,0.96484375,0.6983296671391708
profile_0036,high_frequency,124,0.97265625,0.7419618262186691
profile_0036,high_frequency,125,0.98046875,0.7743774264580028
profile_0036,high_frequency,126,0.98828125,0.7871540515329539
profile_0036,high_frequency,127,0.99609375,0.776972001829597
profile_0037,low_frequency,0,0.00390625,0.5866058496023911
profile_0037,low_frequency,1,0.01171875,0.5841211439451377
profile_0037,low_frequency,2,0.01953125,0.579227935846055
profile_0037,low_frequency,3,0.02734375,0.5720757905798552
profile_0037,low_frequency,4,0.03515625,0.5628820622229798
profile_0037,low_frequency,5,0.04296875,0.5519238021987087
profile_0037,low_frequency,6,0.05078125,0.5395274601301401
profile_0037,low_frequency,7,0.05859375,0.5260567721349656
profile_0037,low_frequency,8,0.06640625,0.5118993010905561
profile_0037,low_frequency,9,0.07421875,0.4974521448852792
profile_0037,low_frequency,10,0.08203125,0.48310736027076917
profile_0037,low_frequency,11,0.08984375,0.46923766042692483
profile_0037,low_frequency,12,0.09765625,0.45618293334854987
profile_0037,low_frequency,13,0.10546875,0.44423809609183706
profile_0037,low_frequency,14,0.11328125,0.43364274802574654
profile_0037,low_frequency,15,0.12109375,0.4245730165282575
profile_0037,low_frequency,16,0.12890625,0.4171359037481144
profile_0037,low_frequency,17,0.13671875,0.411366346399445
profile_0037,low_frequency,18,0.14453125,0.4072270958055956
profile_0037,low_frequency,19,0.15234375,0.4046114166069734
profile_0037,low_frequency,20,0.16015625,0.40334849389743244
profile_0037,low_frequency,21,0.16796875,0.4032113342485866
profile_0037,low_frequency,22,0.17578125,0.40392685014501084
profile_0037,low_frequency,23,0.18359375,0.40518773348341475
profile_0037,low_frequency,24,0.19140625,0.40666565521463394
profile_0037,low_frequency,25,0.19921875,0.40802527756427664
profile_0037,low_frequency,26,0.20703125,0.4089385344964195
profile_0037,low_frequency,27,0.21484375,0.40909862635515304
profile_0037,low_frequency,28,0.22265625,0.4082331862862647
profile_0037,low_frequency,29,0.23046875,0.40611610863278147
profile_0037,low_frequency,30,0.23828125,0.4025775817306414
profile_0037,low_frequency,31,0.24609375,0.3975119373620257
profile_0037,low_frequency,32,0.25390625,0.39088301383147395
profile_0037,low_frequency,33,0.26171875,0.38272682591726204
profile_0037,low_frequency,34,0.26953125,0.3731514390751711
profile_0037,low_frequency,35,0.27734375,0.36233405319064826
profile_0037,low_frequency,36,0.28515625,0.3505154087019412
profile_0037,low_frequency,37,0.29296875,0.33799173088369294
profile_0037,low_frequency,38,0.30078125,0.3251045225013304
profile_0037,low_frequency,39,0.30859375,0.31222859727078034
profile_0037,low_frequency,40,0.31640625,0.2997588134125777
profile_0037,low_frequency,41,0.32421875,0.2880960155020149
profile_0037,low_frequency,42,0.33203125,0.27763272191588917
profile_0037,low_frequency,43,0.33984375,0.26873910336310636
profile_0037,low_frequency,44,0.34765625,0.2617497849779896
profile_0037,low_frequency,45,0.35546875,0.2569519707952115
profile_0037,low_frequency,46,0.36328125,0.2545753364624196
profile_0037,low_frequency,47,0.37109375,0.2547840658817839
profile_0037,low_frequency,48,0.37890625,0.2576713228759947
profile_0037,low_frequency,49,0.38671875,0.263256353280781
profile_0037,low_frequency,50,0.39453125,0.27148430983974303
profile_0037,low_frequency,51,0.40234375,0.2822287859677801
profile_0037,low_frequency,52,0.41015625,0.2952969390327016
profile_0037,low_frequency,53,0.41796875,0.31043698341979975
profile_0037,low_frequency,54,0.42578125,0.32734774223140584
profile_0037,low_frequency,55,0.43359375,0.34568986761951304
profile_0037,low_frequency,56,0.44140625,0.36509827654716
profile_0037,low_frequency,57,0.44921875,0.3851953037003988
profile_0037,low_frequency,58,0.45703125,0.40560404809095685
profile_0037,low_frequency,59,0.46484375,0.42596138558048147
profile_0037,low_frequency,60,0.47265625,0.4459301362781358
profile_0037,low_frequency,61,0.48046875,0.46520991284197466
profile_0037,low_frequency,62,0.48828125,0.4835462316738308
profile_0037,low_frequency,63,0.49609375,0.5007375416121551
profile_0037,low_frequency,64,0.50390625,0.5166399111101998
profile_0037,low_frequency,65,0.51171875,0.5311692116011326
profile_0037,low_frequency,66,0.51953125,0.5443007379443463
profile_0037,low_frequency,67,0.52734375,0.5560663124003944
profile_0037,low_frequency,68,0.53515625,0.5665490222738159
profile_0037,low_frequency,69,0.54296875,0.5758758390337899
profile_0037,low_frequency,70,0.55078125,0.5842084544382917
profile_0037,low_frequency,71,0.55859375,0.5917327433959891
profile_0037,low_frequency,72,0.56640625,0.5986473209721259
profile_0037,low_frequency,73,0.57421875,0.6051516996947708
profile_0037,low_frequency,74,0.58203125,0.6114345715012646
profile_0037,low_frequency,75,0.58984375,0.6176627354452116
profile_0037,low_frequency,76,0.59765625,0.6239711676706596
profile_0037,low_frequency,77,0.60546875,0.6304546850097914
profile_0037,low_frequency,78,0.61328125,0.637161589550375
profile_0037,low_frequency,79,0.62109375,0.6440896010842792
profile_0037,low_frequency,80,0.62890625,0.6511842905897094
profile_0037,low_frequency,81,0.63671875,0.6583401244675384
profile_0037,low_frequency,82,0.64453125,0.6654041202049967
profile_0037,low_frequency,83,0.65234375,0.6721820037895008
profile_0037,low_frequency,84,0.66015625,0.678446651938402
profile_0037,low_frequency,85,0.66796875,0.6839485023579874
profile_0037,low_frequency,86,0.67578125,0.6884275268535078
profile_0037,low_frequency,87,0.68359375,0.6916262888230773
profile_0037,low_frequency,88,0.69140625,0.6933035515640684
profile_0037,low_frequency,89,0.69921875,0.6932478692998978
profile_0037,low_frequency,90,0.70703125,0.6912905805146585
profile_0037,low_frequency,91,0.71484375,0.6873176338293163
profile_0037,low_frequency,92,0.72265625,0.681279710145783
profile_0037,low_frequency,93,0.73046875,0.6732001601145958
profile_0037,low_frequency,94,0.73828125,0.6631803512816181
profile_0037,low_frequency,95,0.74609375,0.6514021118803983
profile_0037,low_frequency,96,0.75390625,0.6381270648047934
profile_0037,low_frequency,97,0.76171875,0.6236927618935035
profile_0037,low_frequency,98,0.76953125,0.6085056509297431
profile_0037,low_frequency,99,0.77734375,0.5930310310872118
profile_0037,low_frequency,100,0.78515625,0.5777802722305321
profile_0037,low_frequency,101,0.79296875,0.5632956848866768
profile_0037,low_frequency,102,0.80078125,0.5501335264922644
profile_0037,low_frequency,103,0.80859375,0.5388457117724936
profile_0037,low_frequency,104,0.81640625,0.5299608574893535
profile_0037,low_frequency,105,0.82421875,0.523965331694936
profile_0037,low_frequency,106,0.83203125,0.5212849932467181
profile_0037,low_frequency,107,0.83984375,0.522268297787194
profile_0037,low_frequency,108,0.84765625,0.5271714116976995
profile_0037,low_frequency,109,0.85546875,0.5361459166840814
profile_0037,low_frequency,110,0.86328125,0.5492296065296696
profile_0037,low_frequency,111,0.87109375,0.5663407768948758
profile_0037,low_frequency,112,0.87890625,0.5872762923386707
profile_0037,low_frequency,113,0.88671875,0.6117135860955727
profile_0037,low_frequency,114,0.89453125,0.639216612148112
profile_0037,low_frequency,115,0.90234375,0.6692456306814982
profile_0037,low_frequency,116,0.91015625,0.7011705721138428
profile_0037,low_frequency,117,0.91796875,0.7342875965222655
profile_0037,low_frequency,118,0.92578125,0.7678383491498704
profile_0037,low_frequency,119,0.93359375,0.8010313130790607
profile_0037,low_frequency,120,0.94140625,0.8330645808110209
profile_0037,low_frequency,121,0.94921875,0.8631493103973957
profile_0037,low_frequency,122,0.95703125,0.8905331010926081
profile_0037,low_frequency,123,0.96484375,0.9145225194817561
profile_0037,low_frequency,124,0.97265625,0.9345040299718474
profile_0037,low_frequency,125,0.98046875,0.9499626327167554
profile_0037,low_frequency,126,0.98828125,0.9604975858261176
profile_0037,low_frequency,127,0.99609375,0.9658346845356687
profile_0038,piecewise,0,0.00390625,0.18239442134167486
profile_0038,piecewise,1,0.01171875,0.3647888426833497
profile_0038,piecewise,2,0.01953125,0.3647888426833497
profile_0038,piecewise,3,0.02734375,0.3647888426833497
profile_0038,piecewise,4,0.03515625,0.3647888426833497
profile_0038,piecewise,5,0.04296875,0.3647888426833497
profile_0038,piecewise,6,0.05078125,0.3647888426833497
profile_0038,piecewise,7,0.05859375,0.3647888426833497
profile_0038,piecewise,8,0.06640625,0.3647888426833497
profile_0038,piecewise,9,0.07421875,0.3647888426833497
profile_0038,piecewise,10,0.08203125,0.3647888426833497
profile_0038,piecewise,11,0.08984375,0.3647888426833497
profile_0038,piecewise,12,0.09765625,0.3647888426833497
profile_0038,piecewise,13,0.10546875,0.3647888426833497
profile_0038,piecewise,14,0.11328125,0.29460962008102265
profile_0038,piecewise,15,0.12109375,0.2244303974786956
profile_0038,piecewise,16,0.12890625,0.2244303974786956
profile_0038,piecewise,17,0.13671875,0.2244303974786956
profile_0038,piecewise,18,0.14453125,0.2244303974786956
profile_0038,piecewise,19,0.15234375,0.2244303974786956
profile_0038,piecewise,20,0.16015625,0.2244303974786956
profile_0038,piecewise,21,0.16796875,0.2244303974786956
profile_0038,piecewise,22,0.17578125,0.2244303974786956
profile_0038,piecewise,23,0.18359375,0.2244303974786956
profile_0038,piecewise,24,0.19140625,0.2244303974786956
profile_0038,piecewise,25,0.19921875,0.2244303974786956
profile_0038,piecewise,26,0.20703125,0.2244303974786956
profile_0038,piecewise,27,0.21484375,0.2244303974786956
profile_0038,piecewise,28,0.22265625,0.26299212015207674
profile_0038,piecewise,29,0.23046875,0.3015538428254579
profile_0038,piecewise,30,0.23828125,0.3015538428254579
profile_0038,piecewise,31,0.24609375,0.3015538428254579
profile_0038,piecewise,32,0.25390625,0.3015538428254579
profile_0038,piecewise,33,0.26171875,0.3015538428254579
profile_0038,piecewise,34,0.26953125,0.3015538428254579
profile_0038,piecewise,35,0.27734375,0.3015538428254579
profile_0038,piecewise,36,0.28515625,0.3015538428254579
profile_0038,piecewise,37,0.29296875,0.3015538428254579
profile_0038,piecewise,38,0.30078125,0.3015538428254579
profile_0038,piecewise,39,0.30859375,0.3015538428254579
profile_0038,piecewise,40,0.31640625,0.3015538428254579
profile_0038,piecewise,41,0.32421875,0.3015538428254579
profile_0038,piecewise,42,0.33203125,0.3015538428254579
profile_0038,piecewise,43,0.33984375,0.5708500346810264
profile_0038,piecewise,44,0.34765625,0.8401462265365949
profile_0038,piecewise,45,0.35546875,0.8401462265365949
profile_0038,piecewise,46,0.36328125,0.8401462265365949
profile_0038,piecewise,47,0.37109375,0.8401462265365949
profile_0038,piecewise,48,0.37890625,0.8401462265365949
profile_0038,piecewise,49,0.38671875,0.8401462265365949
profile_0038,piecewise,50,0.39453125,0.8401462265365949
profile_0038,piecewise,51,0.40234375,0.8401462265365949
profile_0038,piecewise,52,0.41015625,0.8401462265365949
profile_0038,piecewise,53,0.41796875,0.8401462265365949
profile_0038,piecewise,54,0.42578125,0.8401462265365949
profile_0038,piecewise,55,0.43359375,0.8401462265365949
profile_0038,piecewise,56,0.44140625,0.8401462265365949
profile_0038,piecewise,57,0.44921875,0.7452214323970863
profile_0038,piecewise,58,0.45703125,0.6502966382575777
profile_0038,piecewise,59,0.46484375,0.6502966382575777
profile_0038,piecewise,60,0.47265625,0.6502966382575777
profile_0038,piecewise,61,0.48046875,0.6502966382575777
profile_0038,piecewise,62,0.48828125,0.6502966382575777
profile_0038,piecewise,63,0.49609375,0.6502966382575777
profile_0038,piecewise,64,0.50390625,0.6502966382575777
profile_0038,piecewise,65,0.51171875,0.6502966382575777
profile_0038,piecewise,66,0.51953125,0.6502966382575777
profile_0038,piecewise,67,0.52734375,0.6502966382575777
profile_0038,piecewise,68,0.53515625,0.6502966382575777
profile_0038,piecewise,69,0.54296875,0.6502966382575777
profile_0038,piecewise,70,0.55078125,0.6502966382575777
profile_0038,piecewise,71,0.55859375,0.6839336115103258
profile_0038,piecewise,72,0.56640625,0.717570584763074
profile_0038,piecewise,73,0.57421875,0.717570584763074
profile_0038,piecewise,74,0.58203125,0.717570584763074
profile_0038,piecewise,75,0.58984375,0.717570584763074
profile_0038,piecewise,76,0.59765625,0.717570584763074
profile_0038,piecewise,77,0.60546875,0.717570584763074
profile_0038,piecewise,78,0.61328125,0.717570584763074
profile_0038,piecewise,79,0.62109375,0.717570584763074
profile_0038,piecewise,80,0.62890625,0.717570584763074
profile_0038,piecewise,81,0.63671875,0.717570584763074
profile_0038,piecewise,82,0.64453125,0.717570584763074
profile_0038,piecewise,83,0.65234375,0.717570584763074
profile_0038,piecewise,84,0.66015625,0.717570584763074
profile_0038,piecewise,85,0.66796875,0.45808378443469133
profile_0038,piecewise,86,0.67578125,0.19859698410630872
profile_0038,piecewise,87,0.68359375,0.19859698410630872
profile_0038,piecewise,88,0.69140625,0.19859698410630872
profile_0038,piecewise,89,0.69921875,0.19859698410630872
profile_0038,piecewise,90,0.70703125,0.19859698410630872
profile_0038,piecewise,91,0.71484375,0.19859698410630872
profile_0038,piecewise,92,0.72265625,0.19859698410630872
profile_0038,piecewise,93,0.73046875,0.19859698410630872
profile_0038,piecewise,94,0.73828125,0.19859698410630872
profile_0038,piecewise,95,0.74609375,0.19859698410630872
profile_0038,piecewise,96,0.75390625,0.19859698410630872
profile_0038,piecewise,97,0.76171875,0.19859698410630872
profile_0038,piecewise,98,0.76953125,0.19859698410630872
profile_0038,piecewise,99,0.77734375,0.19859698410630872
profile_0038,piecewise,100,0.78515625,0.38713781983473294
profile_0038,piecewise,101,0.79296875,0.5756786555631572
profile_0038,piecewise,102,0.80078125,0.5756786555631572
profile_0038,piecewise,103,0.80859375,0.5756786555631572
profile_0038,piecewise,104,0.81640625,0.5756786555631572
profile_0038,piecewise,105,0.82421875,0.5756786555631572
profile_0038,piecewise,106,0.83203125,0.5756786555631572
profile_0038,piecewise,107,0.83984375,0.5756786555631572
profile_0038,piecewise,108,0.84765625,0.5756786555631572
profile_0038,piecewise,109,0.85546875,0.5756786555631572
profile_0038,piecewise,110,0.86328125,0.5756786555631572
profile_0038,piecewise,111,0.87109375,0.5756786555631572
profile_0038,piecewise,112,0.87890625,0.5756786555631572
profile_0038,piecewise,113,0.88671875,0.5756786555631572
profile_0038,piecewise,114,0.89453125,0.5750933586055191
profile_0038,piecewise,115,0.90234375,0.5745080616478809
profile_0038,piecewise,116,0.91015625,0.5745080616478809
profile_0038,piecewise,117,0.91796875,0.5745080616478809
profile_0038,piecewise,118,0.92578125,0.5745080616478809
profile_0038,piecewise,119,0.93359375,0.5745080616478809
profile_0038,piecewise,120,0.94140625,0.5745080616478809
profile_0038,piecewise,121,0.94921875,0.5745080616478809
profile_0038,piecewise,122,0.95703125,0.5745080616478809
profile_0038,piecewise,123,0.96484375,0.5745080616478809
profile_0038,piecewise,124,0.97265625,0.5745080616478809
profile_0038,piecewise,125,0.98046875,0.5745080616478809
profile_0038,piecewise,126,0.98828125,0.5745080616478809
profile_0038,piecewise,127,0.99609375,0.5745080616478809
profile_0039,high_frequency,0,0.00390625,0.5553579275902879
profile_0039,high_frequency,1,0.01171875,0.48550452284854906
profile_0039,high_frequency,2,0.01953125,0.4120853266887523
profile_0039,high_frequency,3,0.02734375,0.3436839146009619
profile_0039,high_frequency,4,0.03515625,0.28829722355796406
profile_0039,high_frequency,5,0.04296875,0.2524006151624344
profile_0039,high_frequency,6,0.05078125,0.2401908290154122
profile_0039,high_frequency,7,0.05859375,0.2530953340431765
profile_0039,high_frequency,8,0.06640625,0.28960544043623077
profile_0039,high_frequency,9,0.07421875,0.3454526833956281
profile_0039,high_frequency,10,0.08203125,0.41410785733308375
profile_0039,high_frequency,11,0.08984375,0.48754435750352476
profile_0039,high_frequency,12,0.09765625,0.5571765853726505
profile_0039,high_frequency,13,0.10546875,0.6148637069935039
profile_0039,high_frequency,14,0.11328125,0.6538614131235891
profile_0039,high_frequency,15,0.12109375,0.6696104090278023
profile_0039,high_frequency,16,0.12890625,0.6602694501501244
profile_0039,high_frequency,17,0.13671875,0.6269306054571187
profile_0039,high_frequency,18,0.14453125,0.5734915816132806
profile_0039,high_frequency,19,0.15234375,0.5062000348076067
profile_0039,high_frequency,20,0.16015625,0.4329231455877097
profile_0039,high_frequency,21,0.16796875,0.3622278520732483
profile_0039,high_frequency,22,0.17578125,0.30237927320331903
profile_0039,high_frequency,23,0.18359375,0.26037441822854124
profile_0039,high_frequency,24,0.19140625,0.24112415327771936
profile_0039,high_frequency,25,0.19921875,0.24687906281720304
profile_0039,high_frequency,26,0.20703125,0.27696632961315704
profile_0039,high_frequency,27,0.21484375,0.32786839505229054
profile_0039,high_frequency,28,0.22265625,0.39363420349588407
profile_0039,high_frequency,29,0.23046875,0.466574951320809
profile_0039,high_frequency,30,0.23828125,0.5381629993263538
profile_0039,high_frequency,31,0.24609375,0.6000288549767445
profile_0039,high_frequency,32,0.25390625,0.6449396654213899
profile_0039,high_frequency,33,0.26171875,0.6676448238444297
profile_0039,high_frequency,34,0.26953125,0.6654898277242914
profile_0039,high_frequency,35,0.27734375,0.6387266216864341
profile_0039,high_frequency,36,0.28515625,0.5904841421861429
profile_0039,high_frequency,37,0.29296875,0.526402507697574
profile_0039,high_frequency,38,0.30078125,0.45397362191798657
profile_0039,high_frequency,39,0.30859375,0.38166528129937677
profile_0039,high_frequency,40,0.31640625,0.3179311891335947
profile_0039,high_frequency,41,0.32421875,0.2702226172951654
profile_0039,high_frequency,42,0.33203125,0.24411726411528564
profile_0039,high_frequency,43,0.33984375,0.24266715524166985
profile_0039,high_frequency,44,0.34765625,0.2660418256139053
profile_0039,high_frequency,45,0.35546875,0.31150849881669607
profile_0039,high_frequency,46,0.36328125,0.3737515810798684
profile_0039,high_frequency,47,0.37109375,0.44549411728425425
profile_0039,high_frequency,48,0.37890625,0.5183485533899169
profile_0039,high_frequency,49,0.38671875,0.5837973410606149
profile_0039,high_frequency,50,0.39453125,0.6341887401644922
profile_0039,high_frequency,51,0.40234375,0.663631398018843
profile_0039,high_frequency,52,0.41015625,0.668683118446922
profile_0039,high_frequency,53,0.41796875,0.6487532953686144
profile_0039,high_frequency,54,0.42578125,0.6061719616614794
profile_0039,high_frequency,55,0.43359375,0.545917380660726
profile_0039,high_frequency,56,0.44140625,0.47503402808516215
profile_0039,high_frequency,57,0.44921875,0.40180900921032053
profile_0039,high_frequency,58,0.45703125,0.3348031978968409
profile_0039,high_frequency,59,0.46484375,0.28185036882172226
profile_0039,high_frequency,60,0.47265625,0.24914133623454435
profile_0039,high_frequency,61,0.48046875,0.24050017428899212
profile_0039,high_frequency,62,0.48828125,0.2569371373839297
profile_0039,high_frequency,63,0.49609375,0.2965305494328238
profile_0039,high_frequency,64,0.50390625,0.3546514706078505
profile_0039,high_frequency,65,0.51171875,0.42450487534958947
profile_0039,high_frequency,66,0.51953125,0.4979240715093864
profile_0039,high_frequency,67,0.52734375,0.5663254835971763
profile_0039,high_frequency,68,0.53515625,0.6217121746401744
profile_0039,high_frequency,69,0.54296875,0.6576087830357042
profile_0039,high_frequency,70,0.55078125,0.6698185691827266
profile_0039,high_frequency,71,0.55859375,0.6569140641549625
profile_0039,high_frequency,72,0.56640625,0.6204039577619083
profile_0039,high_frequency,73,0.57421875,0.5645567148025114
profile_0039,high_frequency,74,0.58203125,0.4959015408650559
profile_0039,high_frequency,75,0.58984375,0.42246504069461466
profile_0039,high_frequency,76,0.59765625,0.3528328128254887
profile_0039,high_frequency,77,0.60546875,0.29514569120463524
profile_0039,high_frequency,78,0.61328125,0.25614798507454983
profile_0039,high_frequency,79,0.62109375,0.24039898917033659
profile_0039,high_frequency,80,0.62890625,0.24973994804801422
profile_0039,high_frequency,81,0.63671875,0.2830787927410199
profile_0039,high_frequency,82,0.64453125,0.336517816584858
profile_0039,high_frequency,83,0.65234375,0.4038093633905318
profile_0039,high_frequency,84,0.66015625,0.4770862526104282
profile_0039,high_frequency,85,0.66796875,0.54778154612489
profile_0039,high_frequency,86,0.67578125,0.6076301249948194
profile_0039,high_frequency,87,0.68359375,0.6496349799695974
profile_0039,high_frequency,88,0.69140625,0.6688852449204195
profile_0039,high_frequency,89,0.69921875,0.6631303353809359
profile_0039,high_frequency,90,0.70703125,0.6330430685849819
profile_0039,high_frequency,91,0.71484375,0.5821410031458485
profile_0039,high_frequency,92,0.72265625,0.5163751947022546
profile_0039,high_frequency,93,0.73046875,0.4434344468773312
profile_0039,high_frequency,94,0.73828125,0.3718463988717862
profile_0039,high_frequency,95,0.74609375,0.309980543221395
profile_0039,high_frequency,96,0.75390625,0.2650697327767494
profile_0039,high_frequency,97,0.76171875,0.2423645743537092
profile_0039,high_frequency,98,0.76953125,0.24451957047384734
profile_0039,high_frequency,99,0.77734375,0.2712827765117045
profile_0039,high_frequency,100,0.78515625,0.3195252560119959
profile_0039,high_frequency,101,0.79296875,0.3836068905005646
profile_0039,high_frequency,102,0.80078125,0.4560357762801521
profile_0039,high_frequency,103,0.80859375,0.5283441168987623
profile_0039,high_frequency,104,0.81640625,0.5920782090645443
profile_0039,high_frequency,105,0.82421875,0.6397867809029728
profile_0039,high_frequency,106,0.83203125,0.665892134082853
profile_0039,high_frequency,107,0.83984375,0.6673422429564692
profile_0039,high_frequency,108,0.84765625,0.643967572584234
profile_0039,high_frequency,109,0.85546875,0.5985008993814429
profile_0039,high_frequency,110,0.86328125,0.5362578171182706
profile_0039,high_frequency,111,0.87109375,0.4645152809138848
profile_0039,high_frequency,112,0.87890625,0.39166084480822216
profile_0039,high_frequency,113,0.88671875,0.32621205713752355
profile_0039,high_frequency,114,0.89453125,0.2758206580336463
profile_0039,high_frequency,115,0.90234375,0.2463780001792958
profile_0039,high_frequency,116,0.91015625,0.24132627975121684
profile_0039,high_frequency,117,0.91796875,0.26125610282952405
profile_0039,high_frequency,118,0.92578125,0.3038374365366589
profile_0039,high_frequency,119,0.93359375,0.3640920175374127
profile_0039,high_frequency,120,0.94140625,0.43497537011297654
profile_0039,high_frequency,121,0.94921875,0.5082003889878182
profile_0039,high_frequency,122,0.95703125,0.5752062003012979
profile_0039,high_frequency,123,0.96484375,0.6281590293764165
profile_0039,high_frequency,124,0.97265625,0.6608680619635945
profile_0039,high_frequency,125,0.98046875,0.6695092239091467
profile_0039,high_frequency,126,0.98828125,0.653072260814209
profile_0039,high_frequency,127,0.99609375,0.6134788487653147
profile_0040,low_frequency,0,0.00390625,0.18551781921881716
profile_0040,low_frequency,1,0.01171875,0.18749753549638215
profile_0040,low_frequency,2,0.01953125,0.19141481416771855
profile_0040,low_frequency,3,0.02734375,0.19718667552583313
profile_0040,low_frequency,4,0.03515625,0.20469192828514593
profile_0040,low_frequency,5,0.04296875,0.21377498754250812
profile_0040,low_frequency,6,0.05078125,0.22425077592825526
profile_0040,low_frequency,7,0.05859375,0.23591055306482878
profile_0040,low_frequency,8,0.06640625,0.24852848885567203
profile_0040,low_frequency,9,0.07421875,0.2618687722084696
profile_0040,low_frequency,10,0.08203125,0.27569302929778905
profile_0040,low_frequency,11,0.08984375,0.2897678149422691
profile_0040,low_frequency,12,0.09765625,0.30387193744930574
profile_0040,low_frequency,13,0.10546875,0.3178033814830852
profile_0040,low_frequency,14,0.11328125,0.33138560503205927
profile_0040,low_frequency,15,0.12109375,0.3444730050595094
profile_0040,low_frequency,16,0.12890625,0.35695537137305167
profile_0040,low_frequency,17,0.13671875,0.36876117890630256
profile_0040,low_frequency,18,0.14453125,0.37985960405412345
profile_0040,low_frequency,19,0.15234375,0.39026118987972014
profile_0040,low_frequency,20,0.16015625,0.4000171267390724
profile_0040,low_frequency,21,0.16796875,0.40921715788625
profile_0040,low_frequency,22,0.17578125,0.41798616262927846
profile_0040,low_frequency,23,0.18359375,0.4264795112929476
profile_0040,low_frequency,24,0.19140625,0.43487732533966084
profile_0040,low_frequency,25,0.19921875,0.4433778113024116
profile_0040,low_frequency,26,0.20703125,0.45218986760465163
profile_0040,low_frequency,27,0.21484375,0.4615251879317265
profile_0040,low_frequency,28,0.22265625,0.47159010280014124
profile_0040,low_frequency,29,0.23046875,0.4825774117613648
profile_0040,low_frequency,30,0.23828125,0.4946584619061871
profile_0040,low_frequency,31,0.24609375,0.5079757238583704
profile_0040,low_frequency,32,0.25390625,0.5226361043467458
profile_0040,low_frequency,33,0.26171875,0.5387052150353411
profile_0040,low_frequency,34,0.26953125,0.5562027911034269
profile_0040,low_frequency,35,0.27734375,0.5750994208379925
profile_0040,low_frequency,36,0.28515625,0.5953147101500269
profile_0040,low_frequency,37,0.29296875,0.6167169645297954
profile_0040,low_frequency,38,0.30078125,0.6391244267173812
profile_0040,low_frequency,39,0.30859375,0.6623080625756932
profile_0040,low_frequency,40,0.31640625,0.6859958416591088
profile_0040,low_frequency,41,0.32421875,0.7098784141298635
profile_0040,low_frequency,42,0.33203125,0.7336160433171357
profile_0040,low_frequency,43,0.33984375,0.7568466146047585
profile_0040,low_frequency,44,0.34765625,0.7791945076328761
profile_0040,low_frequency,45,0.35546875,0.8002800910282537
profile_0040,low_frequency,46,0.36328125,0.8197295778897025
profile_0040,low_frequency,47,0.37109375,0.8371849667067002
profile_0040,low_frequency,48,0.37890625,0.8523137867233461
profile_0040,low_frequency,49,0.38671875,0.8648183691901596
profile_0040,low_frequency,50,0.39453125,0.8744443764511041
profile_0040,low_frequency,51,0.40234375,0.8809883391348414
profile_0040,low_frequency,52,0.41015625,0.8843039773706778
profile_0040,low_frequency,53,0.41796875,0.8843071142284149
profile_0040,low_frequency,54,0.42578125,0.8809790275890075
profile_0040,low_frequency,55,0.43359375,0.874368129320974
profile_0040,low_frequency,56,0.44140625,0.8645899067579057
profile_0040,low_frequency,57,0.44921875,0.8518251097324216
profile_0040,low_frequency,58,0.45703125,0.8363162154421024
profile_0040,low_frequency,59,0.46484375,0.8183622517971618
profile_0040,low_frequency,60,0.47265625,0.7983121062358993
profile_0040,low_frequency,61,0.48046875,0.776556489954976
profile_0040,low_frequency,62,0.48828125,0.7535187658436957
profile_0040,low_frequency,63,0.49609375,0.7296448810210652
profile_0040,low_frequency,64,0.50390625,0.7053926708005922
profile_0040,low_frequency,65,0.51171875,0.6812208193901028
profile_0040,low_frequency,66,0.51953125,0.6575777731249253
profile_0040,low_frequency,67,0.52734375,0.6348909042144579
profile_0040,low_frequency,68,0.53515625,0.6135562167749611
profile_0040,low_frequency,69,0.54296875,0.5939288724875365
profile_0040,low_frequency,70,0.55078125,0.5763147909587438
profile_0040,low_frequency,71,0.55859375,0.560963550397108
profile_0040,low_frequency,72,0.56640625,0.5480627783846304
profile_0040,low_frequency,73,0.57421875,0.5377341813351533
profile_0040,low_frequency,74,0.58203125,0.5300313158623644
profile_0040,low_frequency,75,0.58984375,0.5249391570216637
profile_0040,low_frequency,76,0.59765625,0.5223754686176667
profile_0040,low_frequency,77,0.60546875,0.5221939309021881
profile_0040,low_frequency,78,0.61328125,0.5241889324479825
profile_0040,low_frequency,79,0.62109375,0.5281018871546652
profile_0040,low_frequency,80,0.62890625,0.5336288955296848
profile_0040,low_frequency,81,0.63671875,0.5404295327771846
profile_0040,low_frequency,82,0.64453125,0.5481365158584381
profile_0040,low_frequency,83,0.65234375,0.5563659784158088
profile_0040,low_frequency,84,0.66015625,0.5647280669289301
profile_0040,low_frequency,85,0.66796875,0.5728375641237462
profile_0040,low_frequency,86,0.67578125,0.5803242466725311
profile_0040,low_frequency,87,0.68359375,0.5868426935545195
profile_0040,low_frequency,88,0.69140625,0.5920812788009
profile_0040,low_frequency,89,0.69921875,0.5957701072018409
profile_0040,low_frequency,90,0.70703125,0.5976876831683648
profile_0040,low_frequency,91,0.71484375,0.5976661403856738
profile_0040,low_frequency,92,0.72265625,0.5955949020675373
profile_0040,low_frequency,93,0.73046875,0.5914226872899437
profile_0040,low_frequency,94,0.73828125,0.5851578267142181
profile_0040,low_frequency,95,0.74609375,0.5768668996138315
profile_0040,low_frequency,96,0.75390625,0.566671752084998
profile_0040,low_frequency,97,0.76171875,0.5547450022611666
profile_0040,low_frequency,98,0.76953125,0.5413041809408363
profile_0040,low_frequency,99,0.77734375,0.5266046940533846
profile_0040,low_frequency,100,0.78515625,0.5109318257424276
profile_0040,low_frequency,101,0.79296875,0.4945920266227426
profile_0040,low_frequency,102,0.80078125,0.4779037502421293
profile_0040,low_frequency,103,0.80859375,0.4611881114466412
profile_0040,low_frequency,104,0.81640625,0.4447596429295737
profile_0040,low_frequency,105,0.82421875,0.42891742070236183
profile_0040,low_frequency,106,0.83203125,0.4139368157586585
profile_0040,low_frequency,107,0.83984375,0.4000621082429966
profile_0040,low_frequency,108,0.84765625,0.3875001726332554
profile_0040,low_frequency,109,0.85546875,0.37641540865185374
profile_0040,low_frequency,110,0.86328125,0.3669260538583281
profile_0040,low_frequency,111,0.87109375,0.35910197131352173
profile_0040,low_frequency,112,0.87890625,0.3529639606196163
profile_0040,low_frequency,113,0.88671875,0.3484845943783762
profile_0040,low_frequency,114,0.89453125,0.34559053605104895
profile_0040,low_frequency,115,0.90234375,0.34416625071662066
profile_0040,low_frequency,116,0.91015625,0.3440589786297268
profile_0040,low_frequency,117,0.91796875,0.34508480400573616
profile_0040,low_frequency,118,0.92578125,0.34703561921342985
profile_0040,low_frequency,119,0.93359375,0.34968675848266906
profile_0040,low_frequency,120,0.94140625,0.35280505609735724
profile_0040,low_frequency,121,0.94921875,0.3561570723969113
profile_0040,low_frequency,122,0.95703125,0.35951722708239364
profile_0040,low_frequency,123,0.96484375,0.36267558341297146
profile_0040,low_frequency,124,0.97265625,0.36544503874484957
profile_0040,low_frequency,125,0.98046875,0.3676676961369043
profile_0040,low_frequency,126,0.98828125,0.36922021783300196
profile_0040,low_frequency,127,0.99609375,0.3700179935356749
profile_0041,piecewise,0,0.00390625,0.27675373780925566
profile_0041,piecewise,1,0.01171875,0.5535074756185113
profile_0041,piecewise,2,0.01953125,0.5535074756185113
profile_0041,piecewise,3,0.02734375,0.5535074756185113
profile_0041,piecewise,4,0.03515625,0.5535074756185113
profile_0041,piecewise,5,0.04296875,0.5535074756185113
profile_0041,piecewise,6,0.05078125,0.5535074756185113
profile_0041,piecewise,7,0.05859375,0.5535074756185113
profile_0041,piecewise,8,0.06640625,0.5535074756185113
profile_0041,piecewise,9,0.07421875,0.5535074756185113
profile_0041,piecewise,10,0.08203125,0.5535074756185113
profile_0041,piecewise,11,0.08984375,0.5535074756185113
profile_0041,piecewise,12,0.09765625,0.5535074756185113
profile_0041,piecewise,13,0.10546875,0.5535074756185113
profile_0041,piecewise,14,0.11328125,0.5535074756185113
profile_0041,piecewise,15,0.12109375,0.5535074756185113
profile_0041,piecewise,16,0.12890625,0.5535074756185113
profile_0041,piecewise,17,0.13671875,0.5535074756185113
profile_0041,piecewise,18,0.14453125,0.6158266983276988
profile_0041,piecewise,19,0.15234375,0.6781459210368862
profile_0041,piecewise,20,0.16015625,0.6781459210368862
profile_0041,piecewise,21,0.16796875,0.6781459210368862
profile_0041,piecewise,22,0.17578125,0.6781459210368862
profile_0041,piecewise,23,0.18359375,0.6781459210368862
profile_0041,piecewise,24,0.19140625,0.6781459210368862
profile_0041,piecewise,25,0.19921875,0.6781459210368862
profile_0041,piecewise,26,0.20703125,0.6781459210368862
profile_0041,piecewise,27,0.21484375,0.6781459210368862
profile_0041,piecewise,28,0.22265625,0.6781459210368862
profile_0041,piecewise,29,0.23046875,0.6781459210368862
profile_0041,piecewise,30,0.23828125,0.6781459210368862
profile_0041,piecewise,31,0.24609375,0.6781459210368862
profile_0041,piecewise,32,0.25390625,0.6781459210368862
profile_0041,piecewise,33,0.26171875,0.6781459210368862
profile_0041,piecewise,34,0.26953125,0.6781459210368862
profile_0041,piecewise,35,0.27734375,0.6781459210368862
profile_0041,piecewise,36,0.28515625,0.6781459210368862
profile_0041,piecewise,37,0.29296875,0.4527004401038076
profile_0041,piecewise,38,0.30078125,0.22725495917072902
profile_0041,piecewise,39,0.30859375,0.22725495917072902
profile_0041,piecewise,40,0.31640625,0.22725495917072902
profile_0041,piecewise,41,0.32421875,0.22725495917072902
profile_0041,piecewise,42,0.33203125,0.22725495917072902
profile_0041,piecewise,43,0.33984375,0.22725495917072902
profile_0041,piecewise,44,0.34765625,0.22725495917072902
profile_0041,piecewise,45,0.35546875,0.22725495917072902
profile_0041,piecewise,46,0.36328125,0.22725495917072902
profile_0041,piecewise,47,0.37109375,0.22725495917072902
profile_0041,piecewise,48,0.37890625,0.22725495917072902
profile_0041,piecewise,49,0.38671875,0.22725495917072902
profile_0041,piecewise,50,0.39453125,0.22725495917072902
profile_0041,piecewise,51,0.40234375,0.22725495917072902
profile_0041,piecewise,52,0.41015625,0.22725495917072902
profile_0041,piecewise,53,0.41796875,0.22725495917072902
profile_0041,piecewise,54,0.42578125,0.22725495917072902
profile_0041,piecewise,55,0.43359375,0.19850560371893924
profile_0041,piecewise,56,0.44140625,0.16975624826714947
profile_0041,piecewise,57,0.44921875,0.16975624826714947
profile_0041,piecewise,58,0.45703125,0.16975624826714947
profile_0041,piecewise,59,0.46484375,0.16975624826714947
profile_0041,piecewise,60,0.47265625,0.16975624826714947
profile_0041,piecewise,61,0.48046875,0.16975624826714947
profile_0041,piecewise,62,0.48828125,0.16975624826714947
profile_0041,piecewise,63,0.49609375,0.16975624826714947
profile_0041,piecewise,64,0.50390625,0.16975624826714947
profile_0041,piecewise,65,0.51171875,0.16975624826714947
profile_0041,piecewise,66,0.51953125,0.16975624826714947
profile_0041,piecewise,67,0.52734375,0.16975624826714947
profile_0041,piecewise,68,0.53515625,0.16975624826714947
profile_0041,piecewise,69,0.54296875,0.16975624826714947
profile_0041,piecewise,70,0.55078125,0.16975624826714947
profile_0041,piecewise,71,0.55859375,0.16975624826714947
profile_0041,piecewise,72,0.56640625,0.16975624826714947
profile_0041,piecewise,73,0.57421875,0.4319301064581742
profile_0041,piecewise,74,0.58203125,0.6941039646491989
profile_0041,piecewise,75,0.58984375,0.6941039646491989
profile_0041,piecewise,76,0.59765625,0.6941039646491989
profile_0041,piecewise,77,0.60546875,0.6941039646491989
profile_0041,piecewise,78,0.61328125,0.6941039646491989
profile_0041,piecewise,79,0.62109375,0.6941039646491989
profile_0041,piecewise,80,0.62890625,0.6941039646491989
profile_0041,piecewise,81,0.63671875,0.6941039646491989
profile_0041,piecewise,82,0.64453125,0.6941039646491989
profile_0041,piecewise,83,0.65234375,0.6941039646491989
profile_0041,piecewise,84,0.66015625,0.6941039646491989
profile_0041,piecewise,85,0.66796875,0.6941039646491989
profile_0041,piecewise,86,0.67578125,0.6941039646491989
profile_0041,piecewise,87,0.68359375,0.6941039646491989
profile_0041,piecewise,88,0.69140625,0.6941039646491989
profile_0041,piecewise,89,0.69921875,0.6941039646491989
profile_0041,piecewise,90,0.70703125,0.6941039646491989
profile_0041,piecewise,91,0.71484375,0.5947156115049943
profile_0041,piecewise,92,0.72265625,0.4953272583607897
profile_0041,piecewise,93,0.73046875,0.4953272583607897
profile_0041,piecewise,94,0.73828125,0.4953272583607897
profile_0041,piecewise,95,0.74609375,0.4953272583607897
profile_0041,piecewise,96,0.75390625,0.4953272583607897
profile_0041,piecewise,97,0.76171875,0.4953272583607897
profile_0041,piecewise,98,0.76953125,0.4953272583607897
profile_0041,piecewise,99,0.77734375,0.4953272583607897
profile_0041,piecewise,100,0.78515625,0.4953272583607897
profile_0041,piecewise,101,0.79296875,0.4953272583607897
profile_0041,piecewise,102,0.80078125,0.4953272583607897
profile_0041,piecewise,103,0.80859375,0.4953272583607897
profile_0041,piecewise,104,0.81640625,0.4953272583607897
profile_0041,piecewise,105,0.82421875,0.4953272583607897
profile_0041,piecewise,106,0.83203125,0.4953272583607897
profile_0041,piecewise,107,0.83984375,0.4953272583607897
profile_0041,piecewise,108,0.84765625,0.4953272583607897
profile_0041,piecewise,109,0.85546875,0.4953272583607897
profile_0041,piecewise,110,0.86328125,0.3835775691642027
profile_0041,piecewise,111,0.87109375,0.27182787996761576
profile_0041,piecewise,112,0.87890625,0.27182787996761576
profile_0041,piecewise,113,0.88671875,0.27182787996761576
profile_0041,piecewise,114,0.89453125,0.27182787996761576
profile_0041,piecewise,115,0.90234375,0.27182787996761576
profile_0041,piecewise,116,0.91015625,0.27182787996761576
profile_0041,piecewise,117,0.91796875,0.27182787996761576
profile_0041,piecewise,118,0.92578125,0.27182787996761576
profile_0041,piecewise,119,0.93359375,0.27182787996761576
profile_0041,piecewise,120,0.94140625,0.27182787996761576
profile_0041,piecewise,121,0.94921875,0.27182787996761576
profile_0041,piecewise,122,0.95703125,0.27182787996761576
profile_0041,piecewise,123,0.96484375,0.27182787996761576
profile_0041,piecewise,124,0.97265625,0.27182787996761576
profile_0041,piecewise,125,0.98046875,0.27182787996761576
profile_0041,piecewise,126,0.98828125,0.27182787996761576
profile_0041,piecewise,127,0.99609375,0.27182787996761576
profile_0042,high_frequency,0,0.00390625,0.7012337949065048
profile_0042,high_frequency,1,0.01171875,0.5699519112416622
profile_0042,high_frequency,2,0.01953125,0.503050470742135
profile_0042,high_frequency,3,0.02734375,0.5374260081529102
profile_0042,high_frequency,4,0.03515625,0.6541202140417234
profile_0042,high_frequency,5,0.04296875,0.7887755530555696
profile_0042,high_frequency,6,0.05078125,0.8671288201359948
profile_0042,high_frequency,7,0.05859375,0.8459677313675787
profile_0042,high_frequency,8,0.06640625,0.7369627506619486
profile_0042,high_frequency,9,0.07421875,0.6002307608238977
profile_0042,high_frequency,10,0.08203125,0.5111802519568118
profile_0042,high_frequency,11,0.08984375,0.5189230992302014
profile_0042,high_frequency,12,0.09765625,0.6191890772002695
profile_0042,high_frequency,13,0.10546875,0.7566809140550755
profile_0042,high_frequency,14,0.11328125,0.8555710596284722
profile_0042,high_frequency,15,0.12109375,0.8613210217020228
profile_0042,high_frequency,16,0.12890625,0.7707596626463278
profile_0042,high_frequency,17,0.13671875,0.6338321003243617
profile_0042,high_frequency,18,0.14453125,0.5260546842053785
profile_0042,high_frequency,19,0.15234375,0.5068672880629047
profile_0042,high_frequency,20,0.16015625,0.5868518728106461
profile_0042,high_frequency,21,0.16796875,0.7218964733223924
profile_0042,high_frequency,22,0.17578125,0.8375232045526071
profile_0042,high_frequency,23,0.18359375,0.8699632496502541
profile_0042,high_frequency,24,0.19140625,0.801325734485609
profile_0042,high_frequency,25,0.19921875,0.6694646491098994
profile_0042,high_frequency,26,0.20703125,0.5471021513982
profile_0042,high_frequency,27,0.21484375,0.5017218727132027
profile_0042,high_frequency,28,0.22265625,0.5583513015026338
profile_0042,high_frequency,29,0.23046875,0.6857589774075374
profile_0042,high_frequency,30,0.23828125,0.8136788238576118
profile_0042,high_frequency,31,0.24609375,0.8715622992388392
profile_0042,high_frequency,32,0.25390625,0.8274863291806592
profile_0042,high_frequency,33,0.26171875,0.705759068313646
profile_0042,high_frequency,34,0.26953125,0.573513811174612
profile_0042,high_frequency,35,0.27734375,0.503684588607402
profile_0042,high_frequency,36,0.28515625,0.5347826242482945
profile_0042,high_frequency,37,0.29296875,0.6496571700123785
profile_0042,high_frequency,38,0.30078125,0.784954243721512
profile_0042,high_frequency,39,0.30859375,0.8660567198888462
profile_0042,high_frequency,40,0.31640625,0.8482361097483789
profile_0042,high_frequency,41,0.32421875,0.7413205837597464
profile_0042,high_frequency,42,0.33203125,0.6042746782612363
profile_0042,high_frequency,43,0.33984375,0.5126800096743922
profile_0042,high_frequency,44,0.34765625,0.5170515720970463
profile_0042,high_frequency,45,0.35546875,0.6149784233489842
profile_0042,high_frequency,46,0.36328125,0.7524533336500079
profile_0042,high_frequency,47,0.37109375,0.8536580879271312
profile_0042,high_frequency,48,0.37890625,0.8627776737581603
profile_0042,high_frequency,49,0.38671875,0.7747825863527348
profile_0042,high_frequency,50,0.39453125,0.6382026297868268
profile_0042,high_frequency,51,0.40234375,0.5283624469272593
profile_0042,high_frequency,52,0.41015625,0.5058395394393725
profile_0042,high_frequency,53,0.41796875,0.5830554222035635
profile_0042,high_frequency,54,0.42578125,0.717425085390427
profile_0042,high_frequency,55,0.43359375,0.8348428758267494
profile_0042,high_frequency,56,0.44140625,0.8705521970601121
profile_0042,high_frequency,57,0.44921875,0.8048591500986698
profile_0042,high_frequency,58,0.45703125,0.67399383360127
profile_0042,high_frequency,59,0.46484375,0.5501292330971879
profile_0042,high_frequency,60,0.47265625,0.5015773984025276
profile_0042,high_frequency,61,0.48046875,0.5551149496075097
profile_0042,high_frequency,62,0.48828125,0.6812156148793171
profile_0042,high_frequency,63,0.49609375,0.8103341416370263
profile_0042,high_frequency,64,0.50390625,0.8712609090837421
profile_0042,high_frequency,65,0.51171875,0.8303944495199265
profile_0042,high_frequency,66,0.51953125,0.7102728538139147
profile_0042,high_frequency,67,0.52734375,0.5771438827986216
profile_0042,high_frequency,68,0.53515625,0.5044289406763213
profile_0042,high_frequency,69,0.54296875,0.5322307422534915
profile_0042,high_frequency,70,0.55078125,0.6452164317619151
profile_0042,high_frequency,71,0.55859375,0.7810737422682164
profile_0042,high_frequency,72,0.56640625,0.8648765744234328
profile_0042,high_frequency,73,0.57421875,0.8504071773801067
profile_0042,high_frequency,74,0.58203125,0.745645508023498
profile_0042,high_frequency,75,0.58984375,0.6083682381935258
profile_0042,high_frequency,76,0.59765625,0.5142845830903349
profile_0042,high_frequency,77,0.60546875,0.5152822273965126
profile_0042,high_frequency,78,0.61328125,0.6108109644568483
profile_0042,high_frequency,79,0.62109375,0.7481861384586408
profile_0042,high_frequency,80,0.62890625,0.8516445394798039
profile_0042,high_frequency,81,0.63671875,0.864128255770811
profile_0042,high_frequency,82,0.64453125,0.7787524449659589
profile_0042,high_frequency,83,0.65234375,0.6426023648148937
profile_0042,high_frequency,84,0.66015625,0.5307655788337059
profile_0042,high_frequency,85,0.66796875,0.5049207269576897
profile_0042,high_frequency,86,0.67578125,0.57932139577784
profile_0042,high_frequency,87,0.68359375,0.7129351823791231
profile_0042,high_frequency,88,0.69140625,0.8320733039351275
profile_0042,high_frequency,89,0.69921875,0.871030391344354
profile_0042,high_frequency,90,0.70703125,0.8083213836211834
profile_0042,high_frequency,91,0.71484375,0.6785306643753839
profile_0042,high_frequency,92,0.72265625,0.5532385724826672
profile_0042,high_frequency,93,0.73046875,0.5015444275880913
profile_0042,high_frequency,94,0.73828125,0.5519578521896753
profile_0042,high_frequency,95,0.74609375,0.6766755485028343
profile_0042,high_frequency,96,0.75390625,0.8069149793957114
profile_0042,high_frequency,97,0.76171875,0.870848338901406
profile_0042,high_frequency,98,0.76953125,0.8332160062591012
profile_0042,high_frequency,99,0.77734375,0.7147724324717106
profile_0042,high_frequency,100,0.78515625,0.5808399394942859
profile_0042,high_frequency,101,0.79296875,0.5052830785790398
profile_0042,high_frequency,102,0.80078125,0.529771899326793
profile_0042,high_frequency,103,0.80859375,0.6408006742250031
profile_0042,high_frequency,104,0.81640625,0.7771363861646541
profile_0042,high_frequency,105,0.82421875,0.8635890946152539
profile_0042,high_frequency,106,0.83203125,0.8524796264928034
profile_0042,high_frequency,107,0.83984375,0.7499349182805497
profile_0042,high_frequency,108,0.84765625,0.6125089748133321
profile_0042,high_frequency,109,0.85546875,0.5159930056696127
profile_0042,high_frequency,110,0.86328125,0.5136161309156879
profile_0042,high_frequency,111,0.87109375,0.6066892108452628
profile_0042,high_frequency,112,0.87890625,0.7438818988797974
profile_0042,high_frequency,113,0.88671875,0.8495316271727834
profile_0042,high_frequency,114,0.89453125,0.8653719541998715
profile_0042,high_frequency,115,0.90234375,0.7826668471916167
profile_0042,high_frequency,116,0.91015625,0.6470286551726944
profile_0042,high_frequency,117,0.91796875,0.5332626323679159
profile_0042,high_frequency,118,0.92578125,0.5041114040761396
profile_0042,high_frequency,119,0.93359375,0.5756520427713728
profile_0042,high_frequency,120,0.94140625,0.7084294688381673
profile_0042,high_frequency,121,0.94921875,0.8292161571642901
profile_0042,high_frequency,122,0.95703125,0.8713975444566237
profile_0042,high_frequency,123,0.96484375,0.8117103495331365
profile_0042,high_frequency,124,0.97265625,0.6830724086150222
profile_0042,high_frequency,125,0.98046875,0.5564282966048515
profile_0042,high_frequency,126,0.98828125,0.5016229801302796
profile_0042,high_frequency,127,0.99609375,0.5488819109665657
profile_0043,low_frequency,0,0.00390625,0.4033132789700118
profile_0043,low_frequency,1,0.01171875,0.40426537031216236
profile_0043,low_frequency,2,0.01953125,0.4061606032673609
profile_0043,low_frequency,3,0.02734375,0.40898115725789697
profile_0043,low_frequency,4,0.03515625,0.4127004979025445
profile_0043,low_frequency,5,0.04296875,0.41728361080111875
profile_0043,low_frequency,6,0.05078125,0.4226873099373598
profile_0043,low_frequency,7,0.05859375,0.42886061790272645
profile_0043,low_frequency,8,0.06640625,0.43574521449338155
profile_0043,low_frequency,9,0.07421875,0.44327594961438554
profile_0043,low_frequency,10,0.08203125,0.45138141584459723
profile_0043,low_frequency,11,0.08984375,0.4599845754784069
profile_0043,low_frequency,12,0.09765625,0.46900343637115505
profile_0043,low_frequency,13,0.10546875,0.478351770478443
profile_0043,low_frequency,14,0.11328125,0.48793986859952787
profile_0043,low_frequency,15,0.12109375,0.4976753245151293
profile_0043,low_frequency,16,0.12890625,0.5074638414531445
profile_0043,low_frequency,17,0.13671875,0.5172100536243269
profile_0043,low_frequency,18,0.14453125,0.5268183554456338
profile_0043,low_frequency,19,0.15234375,0.5361937310127711
profile_0043,low_frequency,20,0.16015625,0.545242576395895
profile_0043,low_frequency,21,0.16796875,0.5538735074132961
profile_0043,low_frequency,22,0.17578125,0.5619981456862928
profile_0043,low_frequency,23,0.18359375,0.569531875993079
profile_0043,low_frequency,24,0.19140625,0.5763945682177618
profile_0043,low_frequency,25,0.19921875,0.5825112575306213
profile_0043,low_frequency,26,0.20703125,0.5878127768334425
profile_0043,low_frequency,27,0.21484375,0.5922363359558034
profile_0043,low_frequency,28,0.22265625,0.5957260425901405
profile_0043,low_frequency,29,0.23046875,0.5982333605004841
profile_0043,low_frequency,30,0.23828125,0.5997175011267344
profile_0043,low_frequency,31,0.24609375,0.6001457453277319
profile_0043,low_frequency,32,0.25390625,0.5994936926562098
profile_0043,low_frequency,33,0.26171875,0.597745436230932
profile_0043,low_frequency,34,0.26953125,0.5948936619595502
profile_0043,low_frequency,35,0.27734375,0.5909396715634769
profile_0043,low_frequency,36,0.28515625,0.5858933295568249
profile_0043,low_frequency,37,0.29296875,0.579772935028648
profile_0043,low_frequency,38,0.30078125,0.5726050197647687
profile_0043,low_frequency,39,0.30859375,0.5644240749160345
profile_0043,low_frequency,40,0.31640625,0.5552722090675952
profile_0043,low_frequency,41,0.32421875,0.5451987411827828
profile_0043,low_frequency,42,0.33203125,0.5342597324796068
profile_0043,low_frequency,43,0.33984375,0.5225174618424016
profile_0043,low_frequency,44,0.34765625,0.5100398498707404
profile_0043,low_frequency,45,0.35546875,0.49689983711780394
profile_0043,low_frequency,46,0.36328125,0.4831747224668568
profile_0043,low_frequency,47,0.37109375,0.4689454679337881
profile_0043,low_frequency,48,0.37890625,0.454295976462755
profile_0043,low_frequency,49,0.38671875,0.4393123494984037
profile_0043,low_frequency,50,0.39453125,0.4240821312700902
profile_0043,low_frequency,51,0.40234375,0.4086935468097145
profile_0043,low_frequency,52,0.41015625,0.3932347407446708
profile_0043,low_frequency,53,0.41796875,0.37779302386096836
profile_0043,low_frequency,54,0.42578125,0.362454134319505
profile_0043,low_frequency,55,0.43359375,0.3473015202320222
profile_0043,low_frequency,56,0.44140625,0.3324156500643525
profile_0043,low_frequency,57,0.44921875,0.31787335703565167
profile_0043,low_frequency,58,0.45703125,0.3037472233264519
profile_0043,low_frequency,59,0.46484375,0.2901050094991424
profile_0043,low_frequency,60,0.47265625,0.27700913407598193
profile_0043,low_frequency,61,0.48046875,0.2645162077165011
profile_0043,low_frequency,62,0.48828125,0.25267662589312323
profile_0043,low_frequency,63,0.49609375,0.2415342233863449
profile_0043,low_frequency,64,0.50390625,0.23112599331451378
profile_0043,low_frequency,65,0.51171875,0.22148187278400822
profile_0043,low_frequency,66,0.51953125,0.212624596599591
profile_0043,low_frequency,67,0.52734375,0.2045696198180844
profile_0043,low_frequency,68,0.53515625,0.19732510926767222
profile_0043,low_frequency,69,0.54296875,0.19089200349639768
profile_0043,low_frequency,70,0.55078125,0.1852641399631183
profile_0043,low_frequency,71,0.55859375,0.18042844764853527
profile_0043,low_frequency,72,0.56640625,0.17636520264895938
profile_0043,low_frequency,73,0.57421875,0.17304834372708733
profile_0043,low_frequency,74,0.58203125,0.17044584423778453
profile_0043,low_frequency,75,0.58984375,0.16852013632795937
profile_0043,low_frequency,76,0.59765625,0.16722858283293984
profile_0043,low_frequency,77,0.60546875,0.1665239918617616
profile_0043,low_frequency,78,0.61328125,0.16635516868445266
profile_0043,low_frequency,79,0.62109375,0.16666749920921053
profile_0043,low_frequency,80,0.62890625,0.16740355906928384
profile_0043,low_frequency,81,0.63671875,0.16850374213076713
profile_0043,low_frequency,82,0.64453125,0.16990690208520365
profile_0043,low_frequency,83,0.65234375,0.17155100070607587
profile_0043,low_frequency,84,0.66015625,0.17337375632652874
profile_0043,low_frequency,85,0.66796875,0.17531328613702124
profile_0043,low_frequency,86,0.67578125,0.1773087360053749
profile_0043,low_frequency,87,0.68359375,0.1793008916866794
profile_0043,low_frequency,88,0.69140625,0.18123276551486645
profile_0043,low_frequency,89,0.69921875,0.18305015294908622
profile_0043,low_frequency,90,0.70703125,0.1847021536833655
profile_0043,low_frequency,91,0.71484375,0.186141652413905
profile_0043,low_frequency,92,0.72265625,0.18732575479084823
profile_0043,low_frequency,93,0.73046875,0.18821617455601558
profile_0043,low_frequency,94,0.73828125,0.1887795683801341
profile_0043,low_frequency,95,0.74609375,0.1889878154573692
profile_0043,low_frequency,96,0.75390625,0.18881823948599652
profile_0043,low_frequency,97,0.76171875,0.18825377125614917
profile_0043,low_frequency,98,0.76953125,0.1872830506728269
profile_0043,low_frequency,99,0.77734375,0.1859004676587156
profile_0043,low_frequency,100,0.78515625,0.18410614200074593
profile_0043,low_frequency,101,0.79296875,0.18190584282055644
profile_0043,low_frequency,102,0.80078125,0.17931084895606697
profile_0043,low_frequency,103,0.80859375,0.1763377521332017
profile_0043,low_frequency,104,0.81640625,0.1730082053776214
profile_0043,low_frequency,105,0.82421875,0.16934861966052372
profile_0043,low_frequency,106,0.83203125,0.16538981228481964
profile_0043,low_frequency,107,0.83984375,0.1611666109932759
profile_0043,low_frequency,108,0.84765625,0.15671741821392215
profile_0043,low_frequency,109,0.85546875,0.15208374024589832
profile_0043,low_frequency,110,0.86328125,0.14730968652726062
profile_0043,low_frequency,111,0.87109375,0.14244144441175743
profile_0043,low_frequency,112,0.87890625,0.13752673511154634
profile_0043,low_frequency,113,0.88671875,0.13261425663501947
profile_0043,low_frequency,114,0.89453125,0.12775311966178027
profile_0043,low_frequency,115,0.90234375,0.12299228234929616
profile_0043,low_frequency,116,0.91015625,0.11837999005747712
profile_0043,low_frequency,117,0.91796875,0.11396322590852137
profile_0043,low_frequency,118,0.92578125,0.10978717797066251
profile_0043,low_frequency,119,0.93359375,0.10589472866727667
profile_0043,low_frequency,120,0.94140625,0.10232597176913649
profile_0043,low_frequency,121,0.94921875,0.09911776202994216
profile_0043,low_frequency,122,0.95703125,0.09630330217663441
profile_0043,low_frequency,123,0.96484375,0.09391177156997665
profile_0043,low_frequency,124,0.97265625,0.09196800041147057
profile_0043,low_frequency,125,0.98046875,0.09049219289428545
profile_0043,low_frequency,126,0.98828125,0.08949970218337189
profile_0043,low_frequency,127,0.99609375,0.08900085956843684
profile_0044,piecewise,0,0.00390625,0.2404084708200124
profile_0044,piecewise,1,0.01171875,0.4808169416400248
profile_0044,piecewise,2,0.01953125,0.4808169416400248
profile_0044,piecewise,3,0.02734375,0.4808169416400248
profile_0044,piecewise,4,0.03515625,0.4808169416400248
profile_0044,piecewise,5,0.04296875,0.4808169416400248
profile_0044,piecewise,6,0.05078125,0.4808169416400248
profile_0044,piecewise,7,0.05859375,0.4808169416400248
profile_0044,piecewise,8,0.06640625,0.4808169416400248
profile_0044,piecewise,9,0.07421875,0.4808169416400248
profile_0044,piecewise,10,0.08203125,0.4808169416400248
profile_0044,piecewise,11,0.08984375,0.4808169416400248
profile_0044,piecewise,12,0.09765625,0.4808169416400248
profile_0044,piecewise,13,0.10546875,0.32202575706059433
profile_0044,piecewise,14,0.11328125,0.16323457248116385
profile_0044,piecewise,15,0.12109375,0.16323457248116385
profile_0044,piecewise,16,0.12890625,0.16323457248116385
profile_0044,piecewise,17,0.13671875,0.16323457248116385
profile_0044,piecewise,18,0.14453125,0.16323457248116385
profile_0044,piecewise,19,0.15234375,0.16323457248116385
profile_0044,piecewise,20,0.16015625,0.16323457248116385
profile_0044,piecewise,21,0.16796875,0.16323457248116385
profile_0044,piecewise,22,0.17578125,0.16323457248116385
profile_0044,piecewise,23,0.18359375,0.16323457248116385
profile_0044,piecewise,24,0.19140625,0.16323457248116385
profile_0044,piecewise,25,0.19921875,0.16323457248116385
profile_0044,piecewise,26,0.20703125,0.12885203849694862
profile_0044,piecewise,27,0.21484375,0.09446950451273341
profile_0044,piecewise,28,0.22265625,0.09446950451273341
profile_0044,piecewise,29,0.23046875,0.09446950451273341
profile_0044,piecewise,30,0.23828125,0.09446950451273341
profile_0044,piecewise,31,0.24609375,0.09446950451273341
profile_0044,piecewise,32,0.25390625,0.09446950451273341
profile_0044,piecewise,33,0.26171875,0.09446950451273341
profile_0044,piecewise,34,0.26953125,0.09446950451273341
profile_0044,piecewise,35,0.27734375,0.09446950451273341
profile_0044,piecewise,36,0.28515625,0.09446950451273341
profile_0044,piecewise,37,0.29296875,0.09446950451273341
profile_0044,piecewise,38,0.30078125,0.240974977183463
profile_0044,piecewise,39,0.30859375,0.3874804498541926
profile_0044,piecewise,40,0.31640625,0.3874804498541926
profile_0044,piecewise,41,0.32421875,0.3874804498541926
profile_0044,piecewise,42,0.33203125,0.3874804498541926
profile_0044,piecewise,43,0.33984375,0.3874804498541926
profile_0044,piecewise,44,0.34765625,0.3874804498541926
profile_0044,piecewise,45,0.35546875,0.3874804498541926
profile_0044,piecewise,46,0.36328125,0.3874804498541926
profile_0044,piecewise,47,0.37109375,0.3874804498541926
profile_0044,piecewise,48,0.37890625,0.3874804498541926
profile_0044,piecewise,49,0.38671875,0.3874804498541926
profile_0044,piecewise,50,0.39453125,0.3874804498541926
profile_0044,piecewise,51,0.40234375,0.5149990775931335
profile_0044,piecewise,52,0.41015625,0.6425177053320743
profile_0044,piecewise,53,0.41796875,0.6425177053320743
profile_0044,piecewise,54,0.42578125,0.6425177053320743
profile_0044,piecewise,55,0.43359375,0.6425177053320743
profile_0044,piecewise,56,0.44140625,0.6425177053320743
profile_0044,piecewise,57,0.44921875,0.6425177053320743
profile_0044,piecewise,58,0.45703125,0.6425177053320743
profile_0044,piecewise,59,0.46484375,0.6425177053320743
profile_0044,piecewise,60,0.47265625,0.6425177053320743
profile_0044,piecewise,61,0.48046875,0.6425177053320743
profile_0044,piecewise,62,0.48828125,0.6425177053320743
profile_0044,piecewise,63,0.49609375,0.6425177053320743
profile_0044,piecewise,64,0.50390625,0.6989618839934948
profile_0044,piecewise,65,0.51171875,0.7554060626549152
profile_0044,piecewise,66,0.51953125,0.7554060626549152
profile_0044,piecewise,67,0.52734375,0.7554060626549152
profile_0044,piecewise,68,0.53515625,0.7554060626549152
profile_0044,piecewise,69,0.54296875,0.7554060626549152
profile_0044,piecewise,70,0.55078125,0.7554060626549152
profile_0044,piecewise,71,0.55859375,0.7554060626549152
profile_0044,piecewise,72,0.56640625,0.7554060626549152
profile_0044,piecewise,73,0.57421875,0.7554060626549152
profile_0044,piecewise,74,0.58203125,0.7554060626549152
profile_0044,piecewise,75,0.58984375,0.7554060626549152
profile_0044,piecewise,76,0.59765625,0.7554060626549152
profile_0044,piecewise,77,0.60546875,0.5404934166030742
profile_0044,piecewise,78,0.61328125,0.3255807705512332
profile_0044,piecewise,79,0.62109375,0.3255807705512332
profile_0044,piecewise,80,0.62890625,0.3255807705512332
profile_0044,piecewise,81,0.63671875,0.3255807705512332
profile_0044,piecewise,82,0.64453125,0.3255807705512332
profile_0044,piecewise,83,0.65234375,0.3255807705512332
profile_0044,piecewise,84,0.66015625,0.3255807705512332
profile_0044,piecewise,85,0.66796875,0.3255807705512332
profile_0044,piecewise,86,0.67578125,0.3255807705512332
profile_0044,piecewise,87,0.68359375,0.3255807705512332
profile_0044,piecewise,88,0.69140625,0.3255807705512332
profile_0044,piecewise,89,0.69921875,0.3255807705512332
profile_0044,piecewise,90,0.70703125,0.20447407400931997
profile_0044,piecewise,91,0.71484375,0.08336737746740673
profile_0044,piecewise,92,0.72265625,0.08336737746740673
profile_0044,piecewise,93,0.73046875,0.08336737746740673
profile_0044,piecewise,94,0.73828125,0.08336737746740673
profile_0044,piecewise,95,0.74609375,0.08336737746740673
profile_0044,piecewise,96,0.75390625,0.08336737746740673
profile_0044,piecewise,97,0.76171875,0.08336737746740673
profile_0044,piecewise,98,0.76953125,0.08336737746740673
profile_0044,piecewise,99,0.77734375,0.08336737746740673
profile_0044,piecewise,100,0.78515625,0.08336737746740673
profile_0044,piecewise,101,0.79296875,0.08336737746740673
profile_0044,piecewise,102,0.80078125,0.4417987496723085
profile_0044,piecewise,103,0.80859375,0.8002301218772102
profile_0044,piecewise,104,0.81640625,0.8002301218772102
profile_0044,piecewise,105,0.82421875,0.8002301218772102
profile_0044,piecewise,106,0.83203125,0.8002301218772102
profile_0044,piecewise,107,0.83984375,0.8002301218772102
profile_0044,piecewise,108,0.84765625,0.8002301218772102
profile_0044,piecewise,109,0.85546875,0.8002301218772102
profile_0044,piecewise,110,0.86328125,0.8002301218772102
profile_0044,piecewise,111,0.87109375,0.8002301218772102
profile_0044,piecewise,112,0.87890625,0.8002301218772102
profile_0044,piecewise,113,0.88671875,0.8002301218772102
profile_0044,piecewise,114,0.89453125,0.8002301218772102
profile_0044,piecewise,115,0.90234375,0.7679829054985035
profile_0044,piecewise,116,0.91015625,0.7357356891197968
profile_0044,piecewise,117,0.91796875,0.7357356891197968
profile_0044,piecewise,118,0.92578125,0.7357356891197968
profile_0044,piecewise,119,0.93359375,0.7357356891197968
profile_0044,piecewise,120,0.94140625,0.7357356891197968
profile_0044,piecewise,121,0.94921875,0.7357356891197968
profile_0044,piecewise,122,0.95703125,0.7357356891197968
profile_0044,piecewise,123,0.96484375,0.7357356891197968
profile_0044,piecewise,124,0.97265625,0.7357356891197968
profile_0044,piecewise,125,0.98046875,0.7357356891197968
profile_0044,piecewise,126,0.98828125,0.7357356891197968
profile_0044,piecewise,127,0.99609375,0.7357356891197968
profile_0045,high_frequency,0,0.00390625,0.571611975193925
profile_0045,high_frequency,1,0.01171875,0.4612573827439057
profile_0045,high_frequency,2,0.01953125,0.2641051562849098
profile_0045,high_frequency,3,0.02734375,0.12431565188793528
profile_0045,high_frequency,4,0.03515625,0.14410483277492064
profile_0045,high_frequency,5,0.04296875,0.3090025840795017
profile_0045,high_frequency,6,0.05078125,0.49843345519514276
profile_0045,high_frequency,7,0.05859375,0.5738830487886251
profile_0045,high_frequency,8,0.06640625,0.4801816086101474
profile_0045,high_frequency,9,0.07421875,0.2858448862852897
profile_0045,high_frequency,10,0.08203125,0.1329745034452369
profile_0045,high_frequency,11,0.08984375,0.1333513373275853
profile_0045,high_frequency,12,0.09765625,0.28669984193605236
profile_0045,high_frequency,13,0.10546875,0.48088953097400255
profile_0045,high_frequency,14,0.11328125,0.5739262955245398
profile_0045,high_frequency,15,0.12109375,0.4977804037089406
profile_0045,high_frequency,16,0.12890625,0.3081307543894676
profile_0045,high_frequency,17,0.13671875,0.14365171846053842
profile_0045,high_frequency,18,0.14453125,0.12461257622196448
profile_0045,high_frequency,19,0.15234375,0.26493500420611815
profile_0045,high_frequency,20,0.16015625,0.46201335830605983
profile_0045,high_frequency,21,0.16796875,0.5717412989119617
profile_0045,high_frequency,22,0.17578125,0.5138842820230034
profile_0045,high_frequency,23,0.18359375,0.3307481355049058
profile_0045,high_frequency,24,0.19140625,0.156244469516483
profile_0045,high_frequency,25,0.19921875,0.11797270850459798
profile_0045,high_frequency,26,0.20703125,0.24391767817490906
profile_0045,high_frequency,27,0.21484375,0.4419867250528727
profile_0045,high_frequency,28,0.22265625,0.5673491016627102
profile_0045,high_frequency,29,0.23046875,0.5283381544008967
profile_0045,high_frequency,30,0.23828125,0.3534792118875454
profile_0045,high_frequency,31,0.24609375,0.17063148153650445
profile_0045,high_frequency,32,0.25390625,0.11349567973132493
profile_0045,high_frequency,33,0.26171875,0.2238502721813439
profile_0045,high_frequency,34,0.26953125,0.42100249864033973
profile_0045,high_frequency,35,0.27734375,0.5607920030373148
profile_0045,high_frequency,36,0.28515625,0.5410028221503296
profile_0045,high_frequency,37,0.29296875,0.3761050708457487
profile_0045,high_frequency,38,0.30078125,0.18667419973010882
profile_0045,high_frequency,39,0.30859375,0.11122460613662505
profile_0045,high_frequency,40,0.31640625,0.20492604631510158
profile_0045,high_frequency,41,0.32421875,0.3992627686399594
profile_0045,high_frequency,42,0.33203125,0.5521331514800127
profile_0045,high_frequency,43,0.33984375,0.5517563175976653
profile_0045,high_frequency,44,0.34765625,0.39840781298919886
profile_0045,high_frequency,45,0.35546875,0.20421812395124853
profile_0045,high_frequency,46,0.36328125,0.11118135940071036
profile_0045,high_frequency,47,0.37109375,0.1873272512163093
profile_0045,high_frequency,48,0.37890625,0.37697690053578237
profile_0045,high_frequency,49,0.38671875,0.5414559364647116
profile_0045,high_frequency,50,0.39453125,0.5604950787032859
profile_0045,high_frequency,51,0.40234375,0.4201726507191338
profile_0045,high_frequency,52,0.41015625,0.22309429661919195
profile_0045,high_frequency,53,0.41796875,0.11336635601328879
profile_0045,high_frequency,54,0.42578125,0.171223372902246
profile_0045,high_frequency,55,0.43359375,0.3543595194203433
profile_0045,high_frequency,56,0.44140625,0.5288631854087665
profile_0045,high_frequency,57,0.44921875,0.5671349464206524
profile_0045,high_frequency,58,0.45703125,0.4411899767503421
profile_0045,high_frequency,59,0.46484375,0.2431209298723785
profile_0045,high_frequency,60,0.47265625,0.1177585532625402
profile_0045,high_frequency,61,0.48046875,0.15676950052435376
profile_0045,high_frequency,62,0.48828125,0.33162844303770533
profile_0045,high_frequency,63,0.49609375,0.5144761733887461
profile_0045,high_frequency,64,0.50390625,0.5716119751939254
profile_0045,high_frequency,65,0.51171875,0.46125738274390715
profile_0045,high_frequency,66,0.51953125,0.26410515628490994
profile_0045,high_frequency,67,0.52734375,0.12431565188793572
profile_0045,high_frequency,68,0.53515625,0.1441048327749208
profile_0045,high_frequency,69,0.54296875,0.30900258407950043
profile_0045,high_frequency,70,0.55078125,0.498433455195143
profile_0045,high_frequency,71,0.55859375,0.5738830487886251
profile_0045,high_frequency,72,0.56640625,0.4801816086101468
profile_0045,high_frequency,73,0.57421875,0.2858448862852902
profile_0045,high_frequency,74,0.58203125,0.13297450344523642
profile_0045,high_frequency,75,0.58984375,0.13335133732758508
profile_0045,high_frequency,76,0.59765625,0.28669984193605347
profile_0045,high_frequency,77,0.60546875,0.4808895309740021
profile_0045,high_frequency,78,0.61328125,0.5739262955245399
profile_0045,high_frequency,79,0.62109375,0.4977804037089404
profile_0045,high_frequency,80,0.62890625,0.30813075438946563
profile_0045,high_frequency,81,0.63671875,0.14365171846053826
profile_0045,high_frequency,82,0.64453125,0.12461257622196514
profile_0045,high_frequency,83,0.65234375,0.2649350042061185
profile_0045,high_frequency,84,0.66015625,0.4620133583060587
profile_0045,high_frequency,85,0.66796875,0.5717412989119617
profile_0045,high_frequency,86,0.67578125,0.5138842820230037
profile_0045,high_frequency,87,0.68359375,0.3307481355049047
profile_0045,high_frequency,88,0.69140625,0.1562444695164833
profile_0045,high_frequency,89,0.69921875,0.11797270850459826
profile_0045,high_frequency,90,0.70703125,0.24391767817490861
profile_0045,high_frequency,91,0.71484375,0.4419867250528737
profile_0045,high_frequency,92,0.72265625,0.5673491016627101
profile_0045,high_frequency,93,0.73046875,0.528338154400895
profile_0045,high_frequency,94,0.73828125,0.3534792118875442
profile_0045,high_frequency,95,0.74609375,0.1706314815365026
profile_0045,high_frequency,96,0.75390625,0.1134956797313251
profile_0045,high_frequency,97,0.76171875,0.22385027218134348
profile_0045,high_frequency,98,0.76953125,0.4210024986403408
profile_0045,high_frequency,99,0.77734375,0.5607920030373146
profile_0045,high_frequency,100,0.78515625,0.5410028221503291
profile_0045,high_frequency,101,0.79296875,0.3761050708457492
profile_0045,high_frequency,102,0.80078125,0.18667419973010677
profile_0045,high_frequency,103,0.80859375,0.1112246061366251
profile_0045,high_frequency,104,0.81640625,0.2049260463151038
profile_0045,high_frequency,105,0.82421875,0.3992627686399605
profile_0045,high_frequency,106,0.83203125,0.552133151480014
profile_0045,high_frequency,107,0.83984375,0.5517563175976649
profile_0045,high_frequency,108,0.84765625,0.39840781298919614
profile_0045,high_frequency,109,0.85546875,0.2042181239512476
profile_0045,high_frequency,110,0.86328125,0.11118135940071039
profile_0045,high_frequency,111,0.87109375,0.18732725121631016
profile_0045,high_frequency,112,0.87890625,0.37697690053578187
profile_0045,high_frequency,113,0.88671875,0.5414559364647122
profile_0045,high_frequency,114,0.89453125,0.560495078703286
profile_0045,high_frequency,115,0.90234375,0.4201726507191311
profile_0045,high_frequency,116,0.91015625,0.22309429661919097
profile_0045,high_frequency,117,0.91796875,0.11336635601328837
profile_0045,high_frequency,118,0.92578125,0.1712233729022468
profile_0045,high_frequency,119,0.93359375,0.3543595194203461
profile_0045,high_frequency,120,0.94140625,0.5288631854087672
profile_0045,high_frequency,121,0.94921875,0.5671349464206518
profile_0045,high_frequency,122,0.95703125,0.44118997675034105
profile_0045,high_frequency,123,0.96484375,0.24312092987237893
profile_0045,high_frequency,124,0.97265625,0.11775855326253992
profile_0045,high_frequency,125,0.98046875,0.15676950052435346
profile_0045,high_frequency,126,0.98828125,0.3316284430377065
profile_0045,high_frequency,127,0.99609375,0.5144761733887457
profile_0046,low_frequency,0,0.00390625,0.3561969667526351
profile_0046,low_frequency,1,0.01171875,0.35791141856636755
profile_0046,low_frequency,2,0.01953125,0.36131765294972273
profile_0046,low_frequency,3,0.02734375,0.36637067679411495
profile_0046,low_frequency,4,0.03515625,0.373003859363619
profile_0046,low_frequency,5,0.04296875,0.3811299503649982
profile_0046,low_frequency,6,0.05078125,0.39064241636467556
profile_0046,low_frequency,7,0.05859375,0.40141707767150947
profile_0046,low_frequency,8,0.06640625,0.41331402350527435
profile_0046,low_frequency,9,0.07421875,0.42617977910433624
profile_0046,low_frequency,10,0.08203125,0.439849694435577
profile_0046,low_frequency,11,0.08984375,0.45415052040606274
profile_0046,low_frequency,12,0.09765625,0.46890313499752145
profile_0046,low_frequency,13,0.10546875,0.48392537861642226
profile_0046,low_frequency,14,0.11328125,0.4990349552448854
profile_0046,low_frequency,15,0.12109375,0.5140523537653587
profile_0046,low_frequency,16,0.12890625,0.5288037421912557
profile_0046,low_frequency,17,0.13671875,0.5431237865421754
profile_0046,low_frequency,18,0.14453125,0.5568583458279011
profile_0046,low_frequency,19,0.15234375,0.5698669951154589
profile_0046,low_frequency,20,0.16015625,0.582025330003566
profile_0046,low_frequency,21,0.16796875,0.5932270080612556
profile_0046,low_frequency,22,0.17578125,0.6033854859286416
profile_0046,low_frequency,23,0.18359375,0.6124354148351261
profile_0046,low_frequency,24,0.19140625,0.6203336622500104
profile_0046,low_frequency,25,0.19921875,0.6270599332054134
profile_0046,low_frequency,26,0.20703125,0.6326169714601728
profile_0046,low_frequency,27,0.21484375,0.6370303280195346
profile_0046,low_frequency,28,0.22265625,0.6403476924776095
profile_0046,low_frequency,29,0.23046875,0.6426377910727317
profile_0046,low_frequency,30,0.23828125,0.6439888640829725
profile_0046,low_frequency,31,0.24609375,0.6445067440638563
profile_0046,low_frequency,32,0.25390625,0.6443125652507744
profile_0046,low_frequency,33,0.26171875,0.6435401430110277
profile_0046,low_frequency,34,0.26953125,0.6423330703245185
profile_0046,low_frequency,35,0.27734375,0.6408415856860374
profile_0046,low_frequency,36,0.28515625,0.6392192733484234
profile_0046,low_frequency,37,0.29296875,0.6376196622674224
profile_0046,low_frequency,38,0.30078125,0.6361927942849008
profile_0046,low_frequency,39,0.30859375,0.6350818348383798
profile_0046,low_frequency,40,0.31640625,0.6344198006804593
profile_0046,low_frequency,41,0.32421875,0.634326478633161
profile_0046,low_frequency,42,0.33203125,0.6349056072280677
profile_0046,low_frequency,43,0.33984375,0.6362423891725508
profile_0046,low_frequency,44,0.34765625,0.6384013969576325
profile_0046,low_frequency,45,0.35546875,0.6414249266509375
profile_0046,low_frequency,46,0.36328125,0.6453318461104898
profile_0046,low_frequency,47,0.37109375,0.6501169736673071
profile_0046,low_frequency,48,0.37890625,0.6557510119540457
profile_0046,low_frequency,49,0.38671875,0.6621810492386482
profile_0046,low_frequency,50,0.39453125,0.6693316276248165
profile_0046,low_frequency,51,0.40234375,0.6771063641015367
profile_0046,low_frequency,52,0.41015625,0.6853900969791245
profile_0046,low_frequency,53,0.41796875,0.6940515170697938
profile_0046,low_frequency,54,0.42578125,0.7029462303920768
profile_0046,low_frequency,55,0.43359375,0.7119201875323133
profile_0046,low_frequency,56,0.44140625,0.7208134044020378
profile_0046,low_frequency,57,0.44921875,0.7294638902851174
profile_0046,low_frequency,58,0.45703125,0.7377116920406259
profile_0046,low_frequency,59,0.46484375,0.7454029583462636
profile_0046,low_frequency,60,0.47265625,0.752393925116905
profile_0046,low_frequency,61,0.48046875,0.758554722846323
profile_0046,low_frequency,62,0.48828125,0.7637729086732534
profile_0046,low_frequency,63,0.49609375,0.7679566304814955
profile_0046,low_frequency,64,0.50390625,0.7710373372608583
profile_0046,low_frequency,65,0.51171875,0.7729719591715947
profile_0046,low_frequency,66,0.51953125,0.7737444920977274
profile_0046,low_frequency,67,0.52734375,0.7733669347134611
profile_0046,low_frequency,68,0.53515625,0.7718795409360342
profile_0046,low_frequency,69,0.54296875,0.7693503667638075
profile_0046,low_frequency,70,0.55078125,0.7658741075246489
profile_0046,low_frequency,71,0.55859375,0.7615702390791759
profile_0046,low_frequency,72,0.56640625,0.7565804941058776
profile_0046,low_frequency,73,0.57421875,0.7510657217985512
profile_0046,low_frequency,74,0.58203125,0.7452021956882078
profile_0046,low_frequency,75,0.58984375,0.7391774494298984
profile_0046,low_frequency,76,0.59765625,0.7331857338604437
profile_0046,low_frequency,77,0.60546875,0.7274232000600072
profile_0046,low_frequency,78,0.61328125,0.7220829222070297
profile_0046,low_frequency,79,0.62109375,0.7173498804239755
profile_0046,low_frequency,80,0.62890625,0.7133960273542179
profile_0046,low_frequency,81,0.63671875,0.7103755627406185
profile_0046,low_frequency,82,0.64453125,0.7084205377200954
profile_0046,low_frequency,83,0.65234375,0.7076369049093039
profile_0046,low_frequency,84,0.66015625,0.7081011217165649
profile_0046,low_frequency,85,0.66796875,0.70985740283444
profile_0046,low_frequency,86,0.67578125,0.7129157037812042
profile_0046,low_frequency,87,0.68359375,0.7172505009736647
profile_0046,low_frequency,88,0.69140625,0.722800415498013
profile_0046,low_frequency,89,0.69921875,0.7294687079245672
profile_0046,low_frequency,90,0.70703125,0.7371246506568678
profile_0046,low_frequency,91,0.71484375,0.7456057629198325
profile_0046,low_frequency,92,0.72265625,0.7547208721015761
profile_0046,low_frequency,93,0.73046875,0.7642539443032659
profile_0046,low_frequency,94,0.73828125,0.7739686071501519
profile_0046,low_frequency,95,0.74609375,0.7836132696848959
profile_0046,low_frequency,96,0.75390625,0.7929267279795895
profile_0046,low_frequency,97,0.76171875,0.8016441313986329
profile_0046,low_frequency,98,0.76953125,0.809503173597518
profile_0046,low_frequency,99,0.77734375,0.8162503646623498
profile_0046,low_frequency,100,0.78515625,0.8216472365156402
profile_0046,low_frequency,101,0.79296875,0.8254763329870576
profile_0046,low_frequency,102,0.80078125,0.8275468388374823
profile_0046,low_frequency,103,0.80859375,0.8276997085048974
profile_0046,low_frequency,104,0.81640625,0.8258121652949799
profile_0046,low_frequency,105,0.82421875,0.8218014549629264
profile_0046,low_frequency,106,0.83203125,0.8156277538371206
profile_0046,low_frequency,107,0.83984375,0.8072961504531841
profile_0046,low_frequency,108,0.84765625,0.7968576406631049
profile_0046,low_frequency,109,0.85546875,0.7844090988642125
profile_0046,low_frequency,110,0.86328125,0.77009221181588
profile_0046,low_frequency,111,0.87109375,0.7540913859036391
profile_0046,low_frequency,112,0.87890625,0.7366306630776713
profile_0046,low_frequency,113,0.88671875,0.7179697044377444
profile_0046,low_frequency,114,0.89453125,0.6983989229730789
profile_0046,low_frequency,115,0.90234375,0.67823386773247
profile_0046,low_frequency,116,0.91015625,0.6578089801765208
profile_0046,low_frequency,117,0.91796875,0.6374708591830092
profile_0046,low_frequency,118,0.92578125,0.6175711837365743
profile_0046,low_frequency,119,0.93359375,0.5984594514097761
profile_0046,low_frequency,120,0.94140625,0.5804756960934472
profile_0046,low_frequency,121,0.94921875,0.5639433499106661
profile_0046,low_frequency,122,0.95703125,0.5491624117965195
profile_0046,low_frequency,123,0.96484375,0.536403078888124
profile_0046,low_frequency,124,0.97265625,0.5258999867854179
profile_0046,low_frequency,125,0.98046875,0.5178471911456644
profile_0046,low_frequency,126,0.98828125,0.5123940062834709
profile_0046,low_frequency,127,0.99609375,0.5096417968633662
profile_0047,piecewise,0,0.00390625,0.15276840151165474
profile_0047,piecewise,1,0.01171875,0.3055368030233095
profile_0047,piecewise,2,0.01953125,0.3055368030233095
profile_0047,piecewise,3,0.02734375,0.3055368030233095
profile_0047,piecewise,4,0.03515625,0.3055368030233095
profile_0047,piecewise,5,0.04296875,0.3055368030233095
profile_0047,piecewise,6,0.05078125,0.3055368030233095
profile_0047,piecewise,7,0.05859375,0.3055368030233095
profile_0047,piecewise,8,0.06640625,0.3055368030233095
profile_0047,piecewise,9,0.07421875,0.3055368030233095
profile_0047,piecewise,10,0.08203125,0.3055368030233095
profile_0047,piecewise,11,0.08984375,0.3055368030233095
profile_0047,piecewise,12,0.09765625,0.3055368030233095
profile_0047,piecewise,13,0.10546875,0.3055368030233095
profile_0047,piecewise,14,0.11328125,0.3055368030233095
profile_0047,piecewise,15,0.12109375,0.3055368030233095
profile_0047,piecewise,16,0.12890625,0.3055368030233095
profile_0047,piecewise,17,0.13671875,0.3055368030233095
profile_0047,piecewise,18,0.14453125,0.3055368030233095
profile_0047,piecewise,19,0.15234375,0.3055368030233095
profile_0047,piecewise,20,0.16015625,0.3055368030233095
profile_0047,piecewise,21,0.16796875,0.3055368030233095
profile_0047,piecewise,22,0.17578125,0.3055368030233095
profile_0047,piecewise,23,0.18359375,0.3055368030233095
profile_0047,piecewise,24,0.19140625,0.3055368030233095
profile_0047,piecewise,25,0.19921875,0.3055368030233095
profile_0047,piecewise,26,0.20703125,0.5024392072191001
profile_0047,piecewise,27,0.21484375,0.6993416114148906
profile_0047,piecewise,28,0.22265625,0.6993416114148906
profile_0047,piecewise,29,0.23046875,0.6993416114148906
profile_0047,piecewise,30,0.23828125,0.6993416114148906
profile_0047,piecewise,31,0.24609375,0.6993416114148906
profile_0047,piecewise,32,0.25390625,0.6993416114148906
profile_0047,piecewise,33,0.26171875,0.6993416114148906
profile_0047,piecewise,34,0.26953125,0.6993416114148906
profile_0047,piecewise,35,0.27734375,0.6993416114148906
profile_0047,piecewise,36,0.28515625,0.6993416114148906
profile_0047,piecewise,37,0.29296875,0.6993416114148906
profile_0047,piecewise,38,0.30078125,0.6993416114148906
profile_0047,piecewise,39,0.30859375,0.6993416114148906
profile_0047,piecewise,40,0.31640625,0.6993416114148906
profile_0047,piecewise,41,0.32421875,0.6993416114148906
profile_0047,piecewise,42,0.33203125,0.6993416114148906
profile_0047,piecewise,43,0.33984375,0.6993416114148906
profile_0047,piecewise,44,0.34765625,0.6993416114148906
profile_0047,piecewise,45,0.35546875,0.6993416114148906
profile_0047,piecewise,46,0.36328125,0.6993416114148906
profile_0047,piecewise,47,0.37109375,0.6993416114148906
profile_0047,piecewise,48,0.37890625,0.6993416114148906
profile_0047,piecewise,49,0.38671875,0.6993416114148906
profile_0047,piecewise,50,0.39453125,0.6993416114148906
profile_0047,piecewise,51,0.40234375,0.7748211421823595
profile_0047,piecewise,52,0.41015625,0.8503006729498285
profile_0047,piecewise,53,0.41796875,0.8503006729498285
profile_0047,piecewise,54,0.42578125,0.8503006729498285
profile_0047,piecewise,55,0.43359375,0.8503006729498285
profile_0047,piecewise,56,0.44140625,0.8503006729498285
profile_0047,piecewise,57,0.44921875,0.8503006729498285
profile_0047,piecewise,58,0.45703125,0.8503006729498285
profile_0047,piecewise,59,0.46484375,0.8503006729498285
profile_0047,piecewise,60,0.47265625,0.8503006729498285
profile_0047,piecewise,61,0.48046875,0.8503006729498285
profile_0047,piecewise,62,0.48828125,0.8503006729498285
profile_0047,piecewise,63,0.49609375,0.8503006729498285
profile_0047,piecewise,64,0.50390625,0.8503006729498285
profile_0047,piecewise,65,0.51171875,0.8503006729498285
profile_0047,piecewise,66,0.51953125,0.8503006729498285
profile_0047,piecewise,67,0.52734375,0.8503006729498285
profile_0047,piecewise,68,0.53515625,0.8503006729498285
profile_0047,piecewise,69,0.54296875,0.8503006729498285
profile_0047,piecewise,70,0.55078125,0.8503006729498285
profile_0047,piecewise,71,0.55859375,0.8503006729498285
profile_0047,piecewise,72,0.56640625,0.8503006729498285
profile_0047,piecewise,73,0.57421875,0.8503006729498285
profile_0047,piecewise,74,0.58203125,0.8503006729498285
profile_0047,piecewise,75,0.58984375,0.8503006729498285
profile_0047,piecewise,76,0.59765625,0.8503006729498285
profile_0047,piecewise,77,0.60546875,0.5790806047811909
profile_0047,piecewise,78,0.61328125,0.30786053661255336
profile_0047,piecewise,79,0.62109375,0.30786053661255336
profile_0047,piecewise,80,0.62890625,0.30786053661255336
profile_0047,piecewise,81,0.63671875,0.30786053661255336
profile_0047,piecewise,82,0.64453125,0.30786053661255336
profile_0047,piecewise,83,0.65234375,0.30786053661255336
profile_0047,piecewise,84,0.66015625,0.30786053661255336
profile_0047,piecewise,85,0.66796875,0.30786053661255336
profile_0047,piecewise,86,0.67578125,0.30786053661255336
profile_0047,piecewise,87,0.68359375,0.30786053661255336
profile_0047,piecewise,88,0.69140625,0.30786053661255336
profile_0047,piecewise,89,0.69921875,0.30786053661255336
profile_0047,piecewise,90,0.70703125,0.30786053661255336
profile_0047,piecewise,91,0.71484375,0.30786053661255336
profile_0047,piecewise,92,0.72265625,0.30786053661255336
profile_0047,piecewise,93,0.73046875,0.30786053661255336
profile_0047,piecewise,94,0.73828125,0.30786053661255336
profile_0047,piecewise,95,0.74609375,0.30786053661255336
profile_0047,piecewise,96,0.75390625,0.30786053661255336
profile_0047,piecewise,97,0.76171875,0.30786053661255336
profile_0047,piecewise,98,0.76953125,0.30786053661255336
profile_0047,piecewise,99,0.77734375,0.30786053661255336
profile_0047,piecewise,100,0.78515625,0.30786053661255336
profile_0047,piecewise,101,0.79296875,0.30786053661255336
profile_0047,piecewise,102,0.80078125,0.5307650288265066
profile_0047,piecewise,103,0.80859375,0.7536695210404598
profile_0047,piecewise,104,0.81640625,0.7536695210404598
profile_0047,piecewise,105,0.82421875,0.7536695210404598
profile_0047,piecewise,106,0.83203125,0.7536695210404598
profile_0047,piecewise,107,0.83984375,0.7536695210404598
profile_0047,piecewise,108,0.84765625,0.7536695210404598
profile_0047,piecewise,109,0.85546875,0.7536695210404598
profile_0047,piecewise,110,0.86328125,0.7536695210404598
profile_0047,piecewise,111,0.87109375,0.7536695210404598
profile_0047,piecewise,112,0.87890625,0.7536695210404598
profile_0047,piecewise,113,0.88671875,0.7536695210404598
profile_0047,piecewise,114,0.89453125,0.7536695210404598
profile_0047,piecewise,115,0.90234375,0.7536695210404598
profile_0047,piecewise,116,0.91015625,0.7536695210404598
profile_0047,piecewise,117,0.91796875,0.7536695210404598
profile_0047,piecewise,118,0.92578125,0.7536695210404598
profile_0047,piecewise,119,0.93359375,0.7536695210404598
profile_0047,piecewise,120,0.94140625,0.7536695210404598
profile_0047,piecewise,121,0.94921875,0.7536695210404598
profile_0047,piecewise,122,0.95703125,0.7536695210404598
profile_0047,piecewise,123,0.96484375,0.7536695210404598
profile_0047,piecewise,124,0.97265625,0.7536695210404598
profile_0047,piecewise,125,0.98046875,0.7536695210404598
profile_0047,piecewise,126,0.98828125,0.7536695210404598
profile_0047,piecewise,127,0.99609375,0.7536695210404598
profile_0048,high_frequency,0,0.00390625,0.5905717368685698
profile_0048,high_frequency,1,0.01171875,0.6231776170778377
profile_0048,high_frequency,2,0.01953125,0.6461727006931993
profile_0048,high_frequency,3,0.02734375,0.6578910429228323
profile_0048,high_frequency,4,0.03515625,0.6574836748509111
profile_0048,high_frequency,5,0.04296875,0.6449801094259044
profile_0048,high_frequency,6,0.05078125,0.6212862033103679
profile_0048,high_frequency,7,0.05859375,0.588118529496658
profile_0048,high_frequency,8,0.06640625,0.5478800152526669
profile_0048,high_frequency,9,0.07421875,0.503485855163322
profile_0048,high_frequency,10,0.08203125,0.45815231149690927
profile_0048,high_frequency,11,0.08984375,0.41516370285949245
profile_0048,high_frequency,12,0.09765625,0.377634462312726
profile_0048,high_frequency,13,0.10546875,0.34828350333723646
profile_0048,high_frequency,14,0.11328125,0.32923724034656143
profile_0048,high_frequency,15,0.12109375,0.32187553449553497
profile_0048,high_frequency,16,0.12890625,0.3267317256809188
profile_0048,high_frequency,17,0.13671875,0.3434539932027447
profile_0048,high_frequency,18,0.14453125,0.3708308444240894
profile_0048,high_frequency,19,0.15234375,0.40687888483021284
profile_0048,high_frequency,20,0.16015625,0.44898651073336543
profile_0048,high_frequency,21,0.16796875,0.4941031143930952
profile_0048,high_frequency,22,0.17578125,0.5389600940443956
profile_0048,high_frequency,23,0.18359375,0.5803076571282586
profile_0048,high_frequency,24,0.19140625,0.6151502608353469
profile_0048,high_frequency,25,0.19921875,0.6409636327972579
profile_0048,high_frequency,26,0.20703125,0.6558776492388996
profile_0048,high_frequency,27,0.21484375,0.6588118214596564
profile_0048,high_frequency,28,0.22265625,0.6495535749365894
profile_0048,high_frequency,29,0.23046875,0.6287736498955008
profile_0048,high_frequency,30,0.23828125,0.5979775076113187
profile_0048,high_frequency,31,0.24609375,0.5593962629477562
profile_0048,high_frequency,32,0.25390625,0.5158250448412591
profile_0048,high_frequency,33,0.26171875,0.47042049516763207
profile_0048,high_frequency,34,0.26953125,0.42647207676680526
profile_0048,high_frequency,35,0.27734375,0.3871637588718708
profile_0048,high_frequency,36,0.28515625,0.3553433453250648
profile_0048,high_frequency,37,0.29296875,0.33331615725974995
profile_0048,high_frequency,38,0.30078125,0.3226780174983052
profile_0048,high_frequency,39,0.30859375,0.3241996365902855
profile_0048,high_frequency,40,0.31640625,0.33777077647594633
profile_0048,high_frequency,41,0.32421875,0.36240823699868946
profile_0048,high_frequency,42,0.33203125,0.3963270866606284
profile_0048,high_frequency,43,0.33984375,0.43706997710486617
profile_0048,high_frequency,44,0.34765625,0.48168517276589146
profile_0048,high_frequency,45,0.35546875,0.5269403978194072
profile_0048,high_frequency,46,0.36328125,0.5695570076759111
profile_0048,high_frequency,47,0.37109375,0.6064475197924765
profile_0048,high_frequency,48,0.37890625,0.6349392952017372
profile_0048,high_frequency,49,0.38671875,0.652968165508101
profile_0048,high_frequency,50,0.39453125,0.6592279774880473
profile_0048,high_frequency,51,0.40234375,0.6532652211069871
profile_0048,high_frequency,52,0.41015625,0.6355118853545713
profile_0048,high_frequency,53,0.41796875,0.6072541615632135
profile_0048,high_frequency,54,0.42578125,0.5705392615876915
profile_0048,high_frequency,55,0.43359375,0.5280271016700859
profile_0048,high_frequency,56,0.44140625,0.4827975971778949
profile_0048,high_frequency,57,0.44921875,0.4381275293007783
profile_0048,high_frequency,58,0.45703125,0.39725314923812405
profile_0048,high_frequency,59,0.46484375,0.36313571869801564
profile_0048,high_frequency,60,0.47265625,0.3382469727986802
profile_0048,high_frequency,61,0.48046875,0.32439004812790084
profile_0048,high_frequency,62,0.48828125,0.3225688493407811
profile_0048,high_frequency,63,0.49609375,0.3329153184073973
profile_0048,high_frequency,64,0.50390625,0.35467987569831194
profile_0048,high_frequency,65,0.51171875,0.38628572543093037
profile_0048,high_frequency,66,0.51953125,0.4254430911628653
profile_0048,high_frequency,67,0.52734375,0.46931510521432157
profile_0048,high_frequency,68,0.53515625,0.5147233336844564
profile_0048,high_frequency,69,0.54296875,0.558378047212374
profile_0048,high_frequency,70,0.55078125,0.5971165548569662
profile_0048,high_frequency,71,0.55859375,0.6281323343140318
profile_0048,high_frequency,72,0.56640625,0.6491783584748589
profile_0048,high_frequency,73,0.57421875,0.6587298877505089
profile_0048,high_frequency,74,0.58203125,0.6560949342049134
profile_0048,high_frequency,75,0.58984375,0.6414643946058081
profile_0048,high_frequency,76,0.59765625,0.6158982203608233
profile_0048,high_frequency,77,0.60546875,0.5812486262973843
profile_0048,high_frequency,78,0.61328125,0.5400259016466286
profile_0048,high_frequency,79,0.62109375,0.4952165449395195
profile_0048,high_frequency,80,0.62890625,0.45006689855427096
profile_0048,high_frequency,81,0.63671875,0.40784795813091984
profile_0048,high_frequency,82,0.64453125,0.37161839590962953
profile_0048,high_frequency,83,0.65234375,0.34400296644672806
profile_0048,high_frequency,84,0.66015625,0.3270023487420052
profile_0048,high_frequency,85,0.66796875,0.3218482013098063
profile_0048,high_frequency,86,0.67578125,0.3289139311450606
profile_0048,high_frequency,87,0.68359375,0.3476876411824492
profile_0048,high_frequency,88,0.69140625,0.3768092161476324
profile_0048,high_frequency,89,0.69921875,0.41416886000966624
profile_0048,high_frequency,90,0.70703125,0.45705994620622253
profile_0048,high_frequency,91,0.71484375,0.5023751069686089
profile_0048,high_frequency,92,0.72265625,0.5468313554929739
profile_0048,high_frequency,93,0.73046875,0.587207931336261
profile_0048,high_frequency,94,0.73828125,0.6205796376449653
profile_0048,high_frequency,95,0.74609375,0.6445287654318455
profile_0048,high_frequency,96,0.75390625,0.6573202514384847
profile_0048,high_frequency,97,0.76171875,0.6580273797699169
profile_0048,high_frequency,98,0.76953125,0.646598920485838
profile_0048,high_frequency,99,0.77734375,0.62386284110058
profile_0048,high_frequency,100,0.78515625,0.5914663221015853
profile_0048,high_frequency,101,0.79296875,0.5517564222342068
profile_0048,high_frequency,102,0.80078125,0.5076100390985755
profile_0048,high_frequency,103,0.80859375,0.46222548405084035
profile_0048,high_frequency,104,0.81640625,0.41889077136290603
profile_0048,high_frequency,105,0.82421875,0.3807454085971351
profile_0048,high_frequency,106,0.83203125,0.3505529459756004
profile_0048,high_frequency,107,0.83984375,0.33050076305725395
profile_0048,high_frequency,108,0.84765625,0.3220415977514798
profile_0048,high_frequency,109,0.85546875,0.3257882985532017
profile_0048,high_frequency,110,0.86328125,0.34146942497576815
profile_0048,high_frequency,111,0.87109375,0.36794891283561026
profile_0048,high_frequency,112,0.87890625,0.4033083796807173
profile_0048,high_frequency,113,0.88671875,0.44498610751007833
profile_0048,high_frequency,114,0.89453125,0.48996263378232063
profile_0048,high_frequency,115,0.90234375,0.5349795050405735
profile_0048,high_frequency,116,0.91015625,0.5767753449197287
profile_0048,high_frequency,117,0.91796875,0.6123221339121725
profile_0048,high_frequency,118,0.92578125,0.6390445829266136
profile_0048,high_frequency,119,0.93359375,0.6550067074932844
profile_0048,high_frequency,120,0.94140625,0.6590520857120485
profile_0048,high_frequency,121,0.94921875,0.6508876385540482
profile_0048,high_frequency,122,0.95703125,0.6311048628126192
profile_0048,high_frequency,123,0.96484375,0.6011369784214438
profile_0048,high_frequency,124,0.97265625,0.5631550947253934
profile_0048,high_frequency,125,0.98046875,0.5199109182364102
profile_0048,high_frequency,126,0.98828125,0.47453739736222883
profile_0048,high_frequency,127,0.99609375,0.43032174697240033
profile_0049,low_frequency,0,0.00390625,0.5444994177646225
profile_0049,low_frequency,1,0.01171875,0.54270256608783
profile_0049,low_frequency,2,0.01953125,0.5391864637003381
profile_0049,low_frequency,3,0.02734375,0.5341032230856517
profile_0049,low_frequency,4,0.03515625,0.527673410800038
profile_0049,low_frequency,5,0.04296875,0.5201772601971246
profile_0049,low_frequency,6,0.05078125,0.5119434999032424
profile_0049,low_frequency,7,0.05859375,0.5033362375502726
profile_0049,low_frequency,8,0.06640625,0.4947404150365524
profile_0049,low_frequency,9,0.07421875,0.48654640818525996
profile_0049,low_frequency,10,0.08203125,0.4791343778841268
profile_0049,low_frequency,11,0.08984375,0.47285899027126876
profile_0049,low_frequency,12,0.09765625,0.46803510985346186
profile_0049,low_frequency,13,0.10546875,0.4649250321196565
profile_0049,low_frequency,14,0.11328125,0.4637277626788494
profile_0049,low_frequency,15,0.12109375,0.46457077050804785
profile_0049,low_frequency,16,0.12890625,0.46750454661999563
profile_0049,low_frequency,17,0.13671875,0.4725001900862945
profile_0049,low_frequency,18,0.14453125,0.4794501251272959
profile_0049,low_frequency,19,0.15234375,0.4881719305019867
profile_0049,low_frequency,20,0.16015625,0.49841514046566804
profile_0049,low_frequency,21,0.16796875,0.5098707598626413
profile_0049,low_frequency,22,0.17578125,0.5221831290383805
profile_0049,low_frequency,23,0.18359375,0.5349636813678398
profile_0049,low_frequency,24,0.19140625,0.5478060609421982
profile_0049,low_frequency,25,0.19921875,0.5603020132937906
profile_0049,low_frequency,26,0.20703125,0.5720574301307755
profile_0049,low_frequency,27,0.21484375,0.5827079211811323
profile_0049,low_frequency,28,0.22265625,0.5919333027604492
profile_0049,low_frequency,29,0.23046875,0.5994704329840115
profile_0049,low_frequency,30,0.23828125,0.6051238861210919
profile_0049,low_frequency,31,0.24609375,0.6087740410516096
profile_0049,low_frequency,32,0.25390625,0.6103822579707785
profile_0049,low_frequency,33,0.26171875,0.6099929295805189
profile_0049,low_frequency,34,0.26953125,0.6077323136847732
profile_0049,low_frequency,35,0.27734375,0.6038041787068489
profile_0049,low_frequency,36,0.28515625,0.5984824173476244
profile_0049,low_frequency,37,0.29296875,0.5921009016074312
profile_0049,low_frequency,38,0.30078125,0.5850409601171951
profile_0049,low_frequency,39,0.30859375,0.5777169519713317
profile_0049,low_frequency,40,0.31640625,0.5705604863840248
profile_0049,low_frequency,41,0.32421875,0.564003891554421
profile_0049,low_frequency,42,0.33203125,0.5584635669871802
profile_0049,low_frequency,43,0.33984375,0.554323859928471
profile_0049,low_frequency,44,0.34765625,0.551922088242923
profile_0049,low_frequency,45,0.35546875,0.5515352896295234
profile_0049,low_frequency,46,0.36328125,0.5533692121420013
profile_0049,low_frequency,47,0.37109375,0.5575499760026617
profile_0049,low_frequency,48,0.37890625,0.5641187349179839
profile_0049,low_frequency,49,0.38671875,0.5730295504150744
profile_0049,low_frequency,50,0.39453125,0.5841505695218179
profile_0049,low_frequency,51,0.40234375,0.5972684691489252
profile_0049,low_frequency,52,0.41015625,0.6120960046922335
profile_0049,low_frequency,53,0.41796875,0.6282823805179545
profile_0049,low_frequency,54,0.42578125,0.6454260507597858
profile_0049,low_frequency,55,0.43359375,0.6630894644818301
profile_0049,low_frequency,56,0.44140625,0.6808151934169953
profile_0049,low_frequency,57,0.44921875,0.6981428261410767
profile_0049,low_frequency,58,0.45703125,0.7146259818290768
profile_0049,low_frequency,59,0.46484375,0.7298487908960509
profile_0049,low_frequency,60,0.47265625,0.7434412091271481
profile_0049,low_frequency,61,0.48046875,0.7550925756587208
profile_0049,low_frequency,62,0.48828125,0.7645628917487994
profile_0049,low_frequency,63,0.49609375,0.7716913841523838
profile_0049,low_frequency,64,0.50390625,0.7764020207892726
profile_0049,low_frequency,65,0.51171875,0.7787057632924472
profile_0049,low_frequency,66,0.51953125,0.7786994664764535
profile_0049,low_frequency,67,0.52734375,0.7765614639524818
profile_0049,low_frequency,68,0.53515625,0.7725440070710543
profile_0049,low_frequency,69,0.54296875,0.7669628461627722
profile_0049,low_frequency,70,0.55078125,0.7601843539681585
profile_0049,low_frequency,71,0.55859375,0.7526106869034945
profile_0049,low_frequency,72,0.56640625,0.7446635566797735
profile_0049,low_frequency,73,0.57421875,0.7367672397743261
profile_0049,low_frequency,74,0.58203125,0.7293314831829831
profile_0049,low_frequency,75,0.58984375,0.7227349705090993
profile_0049,low_frequency,76,0.59765625,0.7173099924988624
profile_0049,low_frequency,77,0.60546875,0.7133289213173153
profile_0049,low_frequency,78,0.61328125,0.7109930198410681
profile_0049,low_frequency,79,0.62109375,0.7104240285817909
profile_0049,low_frequency,80,0.62890625,0.7116588669078543
profile_0049,low_frequency,81,0.63671875,0.7146476660300176
profile_0049,low_frequency,82,0.64453125,0.7192552233085041
profile_0049,low_frequency,83,0.65234375,0.7252658357153976
profile_0049,low_frequency,84,0.66015625,0.7323913397972337
profile_0049,low_frequency,85,0.66796875,0.7402820612410963
profile_0049,low_frequency,86,0.67578125,0.7485402639380032
profile_0049,low_frequency,87,0.68359375,0.756735590631918
profile_0049,low_frequency,88,0.69140625,0.7644219086325172
profile_0049,low_frequency,89,0.69921875,0.7711549177187806
profile_0049,low_frequency,90,0.70703125,0.7765098454862698
profile_0049,low_frequency,91,0.71484375,0.7800985492787664
profile_0049,low_frequency,92,0.72265625,0.7815853637961925
profile_0049,low_frequency,93,0.73046875,0.7807010787899065
profile_0049,low_frequency,94,0.73828125,0.7772545002757263
profile_0049,low_frequency,95,0.74609375,0.7711411388363612
profile_0049,low_frequency,96,0.75390625,0.7623486764570249
profile_0049,low_frequency,97,0.76171875,0.7509589848645681
profile_0049,low_frequency,98,0.76953125,0.7371465989147614
profile_0049,low_frequency,99,0.77734375,0.7211736832324629
profile_0049,low_frequency,100,0.78515625,0.7033816639271553
profile_0049,low_frequency,101,0.79296875,0.6841798246829174
profile_0049,low_frequency,102,0.80078125,0.6640312829827746
profile_0049,low_frequency,103,0.80859375,0.6434368632085818
profile_0049,low_frequency,104,0.81640625,0.6229174649770184
profile_0049,low_frequency,105,0.82421875,0.6029955841785417
profile_0049,low_frequency,106,0.83203125,0.584176678480071
profile_0049,low_frequency,107,0.83984375,0.5669310771757847
profile_0049,low_frequency,108,0.84765625,0.5516771168599477
profile_0049,low_frequency,109,0.85546875,0.5387661400970953
profile_0049,low_frequency,110,0.86328125,0.5284699257104395
profile_0049,low_frequency,111,0.87109375,0.5209710290568095
profile_0049,low_frequency,112,0.87890625,0.51635640209283
profile_0049,low_frequency,113,0.88671875,0.5146145402506601
profile_0049,low_frequency,114,0.89453125,0.5156362707672568
profile_0049,low_frequency,115,0.90234375,0.519219160154101
profile_0049,low_frequency,116,0.91015625,0.5250753821405758
profile_0049,low_frequency,117,0.91796875,0.5328427568429026
profile_0049,low_frequency,118,0.92578125,0.5420985520576704
profile_0049,low_frequency,119,0.93359375,0.5523755330083733
profile_0049,low_frequency,120,0.94140625,0.5631796615633102
profile_0049,low_frequency,121,0.94921875,0.5740087831446248
profile_0049,low_frequency,122,0.95703125,0.584371601660709
profile_0049,low_frequency,123,0.96484375,0.5938062312738759
profile_0049,low_frequency,124,0.97265625,0.6018976291191906
profile_0049,low_frequency,125,0.98046875,0.6082932546586026
profile_0049,low_frequency,126,0.98828125,0.6127163676306449
profile_0049,low_frequency,127,0.99609375,0.614976465046005
profile_0050,piecewise,0,0.00390625,0.381444735243797
profile_0050,piecewise,1,0.01171875,0.762889470487594
profile_0050,piecewise,2,0.01953125,0.762889470487594
profile_0050,piecewise,3,0.02734375,0.762889470487594
profile_0050,piecewise,4,0.03515625,0.762889470487594
profile_0050,piecewise,5,0.04296875,0.762889470487594
profile_0050,piecewise,6,0.05078125,0.762889470487594
profile_0050,piecewise,7,0.05859375,0.762889470487594
profile_0050,piecewise,8,0.06640625,0.762889470487594
profile_0050,piecewise,9,0.07421875,0.762889470487594
profile_0050,piecewise,10,0.08203125,0.762889470487594
profile_0050,piecewise,11,0.08984375,0.762889470487594
profile_0050,piecewise,12,0.09765625,0.762889470487594
profile_0050,piecewise,13,0.10546875,0.762889470487594
profile_0050,piecewise,14,0.11328125,0.762889470487594
profile_0050,piecewise,15,0.12109375,0.762889470487594
profile_0050,piecewise,16,0.12890625,0.5069370538163657
profile_0050,piecewise,17,0.13671875,0.25098463714513736
profile_0050,piecewise,18,0.14453125,0.25098463714513736
profile_0050,piecewise,19,0.15234375,0.25098463714513736
profile_0050,piecewise,20,0.16015625,0.25098463714513736
profile_0050,piecewise,21,0.16796875,0.25098463714513736
profile_0050,piecewise,22,0.17578125,0.25098463714513736
profile_0050,piecewise,23,0.18359375,0.25098463714513736
profile_0050,piecewise,24,0.19140625,0.25098463714513736
profile_0050,piecewise,25,0.19921875,0.25098463714513736
profile_0050,piecewise,26,0.20703125,0.25098463714513736
profile_0050,piecewise,27,0.21484375,0.25098463714513736
profile_0050,piecewise,28,0.22265625,0.25098463714513736
profile_0050,piecewise,29,0.23046875,0.25098463714513736
profile_0050,piecewise,30,0.23828125,0.25098463714513736
profile_0050,piecewise,31,0.24609375,0.25098463714513736
profile_0050,piecewise,32,0.25390625,0.3711871455102418
profile_0050,piecewise,33,0.26171875,0.4913896538753463
profile_0050,piecewise,34,0.26953125,0.4913896538753463
profile_0050,piecewise,35,0.27734375,0.4913896538753463
profile_0050,piecewise,36,0.28515625,0.4913896538753463
profile_0050,piecewise,37,0.29296875,0.4913896538753463
profile_0050,piecewise,38,0.30078125,0.4913896538753463
profile_0050,piecewise,39,0.30859375,0.4913896538753463
profile_0050,piecewise,40,0.31640625,0.4913896538753463
profile_0050,piecewise,41,0.32421875,0.4913896538753463
profile_0050,piecewise,42,0.33203125,0.4913896538753463
profile_0050,piecewise,43,0.33984375,0.4913896538753463
profile_0050,piecewise,44,0.34765625,0.4913896538753463
profile_0050,piecewise,45,0.35546875,0.4913896538753463
profile_0050,piecewise,46,0.36328125,0.4913896538753463
profile_0050,piecewise,47,0.37109375,0.4913896538753463
profile_0050,piecewise,48,0.37890625,0.5605986891423095
profile_0050,piecewise,49,0.38671875,0.6298077244092727
profile_0050,piecewise,50,0.39453125,0.6298077244092727
profile_0050,piecewise,51,0.40234375,0.6298077244092727
profile_0050,piecewise,52,0.41015625,0.6298077244092727
profile_0050,piecewise,53,0.41796875,0.6298077244092727
profile_0050,piecewise,54,0.42578125,0.6298077244092727
profile_0050,piecewise,55,0.43359375,0.6298077244092727
profile_0050,piecewise,56,0.44140625,0.6298077244092727
profile_0050,piecewise,57,0.44921875,0.6298077244092727
profile_0050,piecewise,58,0.45703125,0.6298077244092727
profile_0050,piecewise,59,0.46484375,0.6298077244092727
profile_0050,piecewise,60,0.47265625,0.6298077244092727
profile_0050,piecewise,61,0.48046875,0.6298077244092727
profile_0050,piecewise,62,0.48828125,0.6298077244092727
profile_0050,piecewise,63,0.49609375,0.6298077244092727
profile_0050,piecewise,64,0.50390625,0.502759009052011
profile_0050,piecewise,65,0.51171875,0.37571029369474934
profile_0050,piecewise,66,0.51953125,0.37571029369474934
profile_0050,piecewise,67,0.52734375,0.37571029369474934
profile_0050,piecewise,68,0.53515625,0.37571029369474934
profile_0050,piecewise,69,0.54296875,0.37571029369474934
profile_0050,piecewise,70,0.55078125,0.37571029369474934
profile_0050,piecewise,71,0.55859375,0.37571029369474934
profile_0050,piecewise,72,0.56640625,0.37571029369474934
profile_0050,piecewise,73,0.57421875,0.37571029369474934
profile_0050,piecewise,74,0.58203125,0.37571029369474934
profile_0050,piecewise,75,0.58984375,0.37571029369474934
profile_0050,piecewise,76,0.59765625,0.37571029369474934
profile_0050,piecewise,77,0.60546875,0.37571029369474934
profile_0050,piecewise,78,0.61328125,0.37571029369474934
profile_0050,piecewise,79,0.62109375,0.37571029369474934
profile_0050,piecewise,80,0.62890625,0.5609889258170707
profile_0050,piecewise,81,0.63671875,0.746267557939392
profile_0050,piecewise,82,0.64453125,0.746267557939392
profile_0050,piecewise,83,0.65234375,0.746267557939392
profile_0050,piecewise,84,0.66015625,0.746267557939392
profile_0050,piecewise,85,0.66796875,0.746267557939392
profile_0050,piecewise,86,0.67578125,0.746267557939392
profile_0050,piecewise,87,0.68359375,0.746267557939392
profile_0050,piecewise,88,0.69140625,0.746267557939392
profile_0050,piecewise,89,0.69921875,0.746267557939392
profile_0050,piecewise,90,0.70703125,0.746267557939392
profile_0050,piecewise,91,0.71484375,0.746267557939392
profile_0050,piecewise,92,0.72265625,0.746267557939392
profile_0050,piecewise,93,0.73046875,0.746267557939392
profile_0050,piecewise,94,0.73828125,0.746267557939392
profile_0050,piecewise,95,0.74609375,0.746267557939392
profile_0050,piecewise,96,0.75390625,0.49490969274254937
profile_0050,piecewise,97,0.76171875,0.24355182754570665
profile_0050,piecewise,98,0.76953125,0.24355182754570665
profile_0050,piecewise,99,0.77734375,0.24355182754570665
profile_0050,piecewise,100,0.78515625,0.24355182754570665
profile_0050,piecewise,101,0.79296875,0.24355182754570665
profile_0050,piecewise,102,0.80078125,0.24355182754570665
profile_0050,piecewise,103,0.80859375,0.24355182754570665
profile_0050,piecewise,104,0.81640625,0.24355182754570665
profile_0050,piecewise,105,0.82421875,0.24355182754570665
profile_0050,piecewise,106,0.83203125,0.24355182754570665
profile_0050,piecewise,107,0.83984375,0.24355182754570665
profile_0050,piecewise,108,0.84765625,0.24355182754570665
profile_0050,piecewise,109,0.85546875,0.24355182754570665
profile_0050,piecewise,110,0.86328125,0.24355182754570665
profile_0050,piecewise,111,0.87109375,0.24355182754570665
profile_0050,piecewise,112,0.87890625,0.3239783575693755
profile_0050,piecewise,113,0.88671875,0.4044048875930443
profile_0050,piecewise,114,0.89453125,0.4044048875930443
profile_0050,piecewise,115,0.90234375,0.4044048875930443
profile_0050,piecewise,116,0.91015625,0.4044048875930443
profile_0050,piecewise,117,0.91796875,0.4044048875930443
profile_0050,piecewise,118,0.92578125,0.4044048875930443
profile_0050,piecewise,119,0.93359375,0.4044048875930443
profile_0050,piecewise,120,0.94140625,0.4044048875930443
profile_0050,piecewise,121,0.94921875,0.4044048875930443
profile_0050,piecewise,122,0.95703125,0.4044048875930443
profile_0050,piecewise,123,0.96484375,0.4044048875930443
profile_0050,piecewise,124,0.97265625,0.4044048875930443
profile_0050,piecewise,125,0.98046875,0.4044048875930443
profile_0050,piecewise,126,0.98828125,0.4044048875930443
profile_0050,piecewise,127,0.99609375,0.4044048875930443
profile_0051,high_frequency,0,0.00390625,0.5186848533509404
profile_0051,high_frequency,1,0.01171875,0.605523407958781
profile_0051,high_frequency,2,0.01953125,0.697533262593583
profile_0051,high_frequency,3,0.02734375,0.7708078631288324
profile_0051,high_frequency,4,0.03515625,0.806308561902846
profile_0051,high_frequency,5,0.04296875,0.7948113537246732
profile_0051,high_frequency,6,0.05078125,0.7393035124108659
profile_0051,high_frequency,7,0.05859375,0.6542074193256976
profile_0051,high_frequency,8,0.06640625,0.5616332534643432
profile_0051,high_frequency,9,0.07421875,0.48563419169210287
profile_0051,high_frequency,10,0.08203125,0.44595676758446884
profile_0051,high_frequency,11,0.08984375,0.4529102082431987
profile_0051,high_frequency,12,0.09765625,0.5046878288720473
profile_0051,high_frequency,13,0.10546875,0.5878364564927632
profile_0051,high_frequency,14,0.11328125,0.6807519143065702
profile_0051,high_frequency,15,0.12109375,0.7592923489192616
profile_0051,high_frequency,16,0.12890625,0.8030509119705086
profile_0051,high_frequency,17,0.13671875,0.800657990278818
profile_0051,high_frequency,18,0.14453125,0.7527353271582073
profile_0051,high_frequency,19,0.15234375,0.6717344773288408
profile_0051,high_frequency,20,0.16015625,0.5787015690388873
profile_0051,high_frequency,21,0.16796875,0.49780897237205757
profile_0051,high_frequency,22,0.17578125,0.4500746885883853
profile_0051,high_frequency,23,0.18359375,0.4479013265550861
profile_0051,high_frequency,24,0.19140625,0.49185358227447196
profile_0051,high_frequency,25,0.19921875,0.5705115161704127
profile_0051,high_frequency,26,0.20703125,0.6634377505117218
profile_0051,high_frequency,27,0.21484375,0.7464876318819659
profile_0051,high_frequency,28,0.22265625,0.7980826403273988
profile_0051,high_frequency,29,0.23046875,0.8048170502661856
profile_0051,high_frequency,30,0.23828125,0.7649410867818157
profile_0051,high_frequency,31,0.24609375,0.6888155626716763
profile_0051,high_frequency,32,0.25390625,0.5962198697169173
profile_0051,high_frequency,33,0.26171875,0.5112127780817908
profile_0051,high_frequency,34,0.26953125,0.4558813418691308
profile_0051,high_frequency,35,0.27734375,0.4446021078082637
profile_0051,high_frequency,36,0.28515625,0.4803057143688618
profile_0051,high_frequency,37,0.29296875,0.5537154356378094
profile_0051,high_frequency,38,0.30078125,0.6457575160712667
profile_0051,high_frequency,39,0.30859375,0.7325170284417848
profile_0051,high_frequency,40,0.31640625,0.7914515941453735
profile_0051,high_frequency,41,0.32421875,0.8072484796655242
profile_0051,high_frequency,42,0.33203125,0.7758032431441685
profile_0051,high_frequency,43,0.33984375,0.7052861751648816
profile_0051,high_frequency,44,0.34765625,0.6140194446864254
profile_0051,high_frequency,45,0.35546875,0.525716522845052
profile_0051,high_frequency,46,0.36328125,0.46332080618137217
profile_0051,high_frequency,47,0.37109375,0.4430443252827999
profile_0051,high_frequency,48,0.37890625,0.4701554374358554
profile_0051,high_frequency,49,0.38671875,0.5376099703321537
profile_0051,high_frequency,50,0.39453125,0.6278814813078658
profile_0051,high_frequency,51,0.40234375,0.7175150831469561
profile_0051,high_frequency,52,0.41015625,0.7832216340240642
profile_0051,high_frequency,53,0.41796875,0.8079288624825637
profile_0051,high_frequency,54,0.42578125,0.7852171877416376
profile_0051,high_frequency,55,0.43359375,0.7209876938063942
profile_0051,high_frequency,56,0.44140625,0.6319288743102184
profile_0051,high_frequency,57,0.44921875,0.5411805276712173
profile_0051,high_frequency,58,0.45703125,0.4723214354169577
profile_0051,high_frequency,59,0.46484375,0.4432429812759854
profile_0051,high_frequency,60,0.47265625,0.46150050419102323
profile_0051,high_frequency,61,0.48046875,0.5223502246884821
profile_0051,high_frequency,62,0.48828125,0.6099818022083247
profile_0051,high_frequency,63,0.49609375,0.7016262729315662
profile_0051,high_frequency,64,0.50390625,0.7734720189783929
profile_0051,high_frequency,65,0.51171875,0.806851646258841
profile_0051,high_frequency,66,0.51953125,0.793092259141564
profile_0051,high_frequency,67,0.52734375,0.7357689043883738
profile_0051,high_frequency,68,0.53515625,0.6497756809907284
profile_0051,high_frequency,69,0.54296875,0.5574558657403273
profile_0051,high_frequency,70,0.55078125,0.4827965485961046
profile_0051,high_frequency,71,0.55859375,0.44519616262200945
profile_0051,high_frequency,72,0.56640625,0.45442426637278
profile_0051,high_frequency,73,0.57421875,0.5080831583991691
profile_0051,high_frequency,74,0.58203125,0.5922308624673336
profile_0051,high_frequency,75,0.58984375,0.6850036157236962
profile_0051,high_frequency,76,0.59765625,0.7622966431309317
profile_0051,high_frequency,77,0.60546875,0.8040272051754566
profile_0051,high_frequency,78,0.61328125,0.7993526161014145
profile_0051,high_frequency,79,0.62109375,0.7494874557726829
profile_0051,high_frequency,80,0.62890625,0.667387990223567
profile_0051,high_frequency,81,0.63671875,0.5743857966497696
profile_0051,high_frequency,82,0.64453125,0.49464526465261716
profile_0051,high_frequency,83,0.65234375,0.4488850591167925
profile_0051,high_frequency,84,0.66015625,0.4489948720195813
profile_0051,high_frequency,85,0.66796875,0.49494617111175104
profile_0051,high_frequency,86,0.67578125,0.5747996133382467
profile_0051,high_frequency,87,0.68359375,0.6678071967991283
profile_0051,high_frequency,88,0.69140625,0.7498031314601721
profile_0051,high_frequency,89,0.69921875,0.7994827401440404
profile_0051,high_frequency,90,0.70703125,0.803937967961406
profile_0051,high_frequency,91,0.71484375,0.7620112308101694
profile_0051,high_frequency,92,0.72265625,0.6845961858429519
profile_0051,high_frequency,93,0.73046875,0.5918072759100468
profile_0051,high_frequency,94,0.73828125,0.5077534739737058
profile_0051,high_frequency,95,0.74609375,0.4542741446705333
profile_0051,high_frequency,96,0.75390625,0.4452646091670568
profile_0051,high_frequency,97,0.76171875,0.48306577919521543
profile_0051,high_frequency,98,0.76953125,0.5578559272790694
profile_0051,high_frequency,99,0.77734375,0.6502026270726223
profile_0051,high_frequency,100,0.78515625,0.7361118033131534
profile_0051,high_frequency,101,0.79296875,0.7932620168471017
profile_0051,high_frequency,102,0.80078125,0.806804155276519
profile_0051,high_frequency,103,0.80859375,0.7732196187010287
profile_0051,high_frequency,104,0.81640625,0.7012345435181144
profile_0051,high_frequency,105,0.82421875,0.6095525251523307
profile_0051,high_frequency,106,0.83203125,0.5219949373379305
profile_0051,high_frequency,107,0.83984375,0.46131151944337623
profile_0051,high_frequency,108,0.84765625,0.4432694022856458
profile_0051,high_frequency,109,0.85546875,0.47255639731819954
profile_0051,high_frequency,110,0.86328125,0.5415629812489104
profile_0051,high_frequency,111,0.87109375,0.632359448174284
profile_0051,high_frequency,112,0.87890625,0.721354513664371
profile_0051,high_frequency,113,0.88671875,0.7854249442505842
profile_0051,high_frequency,114,0.89453125,0.8079235750960914
profile_0051,high_frequency,115,0.90234375,0.7830046765427453
profile_0051,high_frequency,116,0.91015625,0.7171428267691887
profile_0051,high_frequency,117,0.91796875,0.6274506479258795
profile_0051,high_frequency,118,0.92578125,0.5372325016679188
profile_0051,high_frequency,119,0.93359375,0.46992940966923746
profile_0051,high_frequency,120,0.94140625,0.443028466308307
profile_0051,high_frequency,121,0.94921875,0.4635192365731938
profile_0051,high_frequency,122,0.95703125,0.5260776852246737
profile_0051,high_frequency,123,0.96484375,0.6144494996709768
profile_0051,high_frequency,124,0.97265625,0.7056733832802996
profile_0051,high_frequency,125,0.98046875,0.7760469976477707
profile_0051,high_frequency,126,0.98828125,0.8072854467953235
profile_0051,high_frequency,127,0.99609375,0.791272168879246
profile_0052,low_frequency,0,0.00390625,0.5534563875003695
profile_0052,low_frequency,1,0.01171875,0.5535614759683956
profile_0052,low_frequency,2,0.01953125,0.5537721161544533
profile_0052,low_frequency,3,0.02734375,0.5540892298839031
profile_0052,low_frequency,4,0.03515625,0.5545141882385076
profile_0052,low_frequency,5,0.04296875,0.5550487976537062
profile_0052,low_frequency,6,0.05078125,0.5556952815224645
profile_0052,low_frequency,7,0.05859375,0.5564562574253435
profile_0052,low_frequency,8,0.06640625,0.5573347101350401
profile_0052,low_frequency,9,0.07421875,0.5583339605713813
profile_0052,low_frequency,10,0.08203125,0.5594576309094779
profile_0052,low_frequency,11,0.08984375,0.5607096060692665
profile_0052,low_frequency,12,0.09765625,0.5620939918388854
profile_0052,low_frequency,13,0.10546875,0.5636150699070459
profile_0052,low_frequency,14,0.11328125,0.5652772501006995
profile_0052,low_frequency,15,0.12109375,0.5670850201436848
profile_0052,low_frequency,16,0.12890625,0.5690428932695912
profile_0052,low_frequency,17,0.13671875,0.5711553540376717
profile_0052,low_frequency,18,0.14453125,0.573426802714184
profile_0052,low_frequency,19,0.15234375,0.575861498592972
profile_0052,low_frequency,20,0.16015625,0.5784635026383125
profile_0052,low_frequency,21,0.16796875,0.5812366198400294
profile_0052,low_frequency,22,0.17578125,0.5841843416755441
profile_0052,low_frequency,23,0.18359375,0.5873097890758534
profile_0052,low_frequency,24,0.19140625,0.5906156562924161
profile_0052,low_frequency,25,0.19921875,0.5941041560595348
profile_0052,low_frequency,26,0.20703125,0.5977769664420922
profile_0052,low_frequency,27,0.21484375,0.6016351797514194
profile_0052,low_frequency,28,0.22265625,0.605679253902716
profile_0052,low_frequency,29,0.23046875,0.6099089665758084
profile_0052,low_frequency,30,0.23828125,0.6143233725272172
profile_0052,low_frequency,31,0.24609375,0.6189207643855679
profile_0052,low_frequency,32,0.25390625,0.6236986372443916
profile_0052,low_frequency,33,0.26171875,0.6286536573464478
profile_0052,low_frequency,34,0.26953125,0.6337816351319359
profile_0052,low_frequency,35,0.27734375,0.6390775028994806
profile_0052,low_frequency,36,0.28515625,0.6445352973037108
profile_0052,low_frequency,37,0.29296875,0.6501481468867136
profile_0052,low_frequency,38,0.30078125,0.6559082648128016
profile_0052,low_frequency,39,0.30859375,0.6618069469470431
profile_0052,low_frequency,40,0.31640625,0.6678345753879777
profile_0052,low_frequency,41,0.32421875,0.6739806275341265
profile_0052,low_frequency,42,0.33203125,0.6802336907323803
profile_0052,low_frequency,43,0.33984375,0.6865814825243683
profile_0052,low_frequency,44,0.34765625,0.6930108764745944
profile_0052,low_frequency,45,0.35546875,0.699507933531683
profile_0052,low_frequency,46,0.36328125,0.7060579388416977
profile_0052,low_frequency,47,0.37109375,0.7126454439003069
profile_0052,low_frequency,48,0.37890625,0.7192543138988383
profile_0052,low_frequency,49,0.38671875,0.7258677800880831
profile_0052,low_frequency,50,0.39453125,0.7324684969533171
profile_0052,low_frequency,51,0.40234375,0.7390386039645369
profile_0052,low_frequency,52,0.41015625,0.7455597916375578
profile_0052,low_frequency,53,0.41796875,0.7520133716145201
profile_0052,low_frequency,54,0.42578125,0.758380350446693
profile_0052,low_frequency,55,0.43359375,0.7646415067383652
profile_0052,low_frequency,56,0.44140625,0.7707774712882283
profile_0052,low_frequency,57,0.44921875,0.7767688098441248
profile_0052,low_frequency,58,0.45703125,0.782596108068452
profile_0052,low_frequency,59,0.46484375,0.788240058295026
profile_0052,low_frequency,60,0.47265625,0.7936815476438819
profile_0052,low_frequency,61,0.48046875,0.798901747048435
profile_0052,low_frequency,62,0.48828125,0.8038822007397226
profile_0052,low_frequency,63,0.49609375,0.8086049157251298
profile_0052,low_frequency,64,0.50390625,0.8130524507941668
profile_0052,low_frequency,65,0.51171875,0.8172080045815044
profile_0052,low_frequency,66,0.51953125,0.8210555022176564
profile_0052,low_frequency,67,0.52734375,0.82457968010038
profile_0052,low_frequency,68,0.53515625,0.8277661683251125
profile_0052,low_frequency,69,0.54296875,0.8306015703204919
profile_0052,low_frequency,70,0.55078125,0.833073539245242
profile_0052,low_frequency,71,0.55859375,0.8351708507153539
profile_0052,low_frequency,72,0.56640625,0.8368834714455509
profile_0052,low_frequency,73,0.57421875,0.8382026234063764
profile_0052,low_frequency,74,0.58203125,0.8391208431178234
profile_0052,low_frequency,75,0.58984375,0.8396320357221572
profile_0052,low_frequency,76,0.59765625,0.8397315235023193
profile_0052,low_frequency,77,0.60546875,0.8394160885379667
profile_0052,low_frequency,78,0.61328125,0.8386840092186358
profile_0052,low_frequency,79,0.62109375,0.8375350903626093
profile_0052,low_frequency,80,0.62890625,0.8359706867206409
profile_0052,low_frequency,81,0.63671875,0.8339937196756171
profile_0052,low_frequency,82,0.64453125,0.8316086869823214
profile_0052,low_frequency,83,0.65234375,0.8288216654255898
profile_0052,low_frequency,84,0.66015625,0.8256403063100548
profile_0052,low_frequency,85,0.66796875,0.8220738237302803
profile_0052,low_frequency,86,0.67578125,0.8181329756061184
profile_0052,low_frequency,87,0.68359375,0.8138300375044558
profile_0052,low_frequency,88,0.69140625,0.8091787693049133
profile_0052,low_frequency,89,0.69921875,0.8041943748033802
profile_0052,low_frequency,90,0.70703125,0.7988934543832564
profile_0052,low_frequency,91,0.71484375,0.7932939509198187
profile_0052,low_frequency,92,0.72265625,0.787415089117955
profile_0052,low_frequency,93,0.73046875,0.7812773085175264
profile_0052,low_frequency,94,0.73828125,0.7749021904335496
profile_0052,low_frequency,95,0.74609375,0.7683123791301512
profile_0052,low_frequency,96,0.75390625,0.761531497557594
profile_0052,low_frequency,97,0.76171875,0.7545840580104901
profile_0052,low_frequency,98,0.76953125,0.7474953680924339
profile_0052,low_frequency,99,0.77734375,0.7402914323975529
profile_0052,low_frequency,100,0.78515625,0.7329988503427556
profile_0052,low_frequency,101,0.79296875,0.7256447106056423
profile_0052,low_frequency,102,0.80078125,0.7182564826419879
profile_0052,low_frequency,103,0.80859375,0.7108619057733321
profile_0052,low_frequency,104,0.81640625,0.7034888763494176
profile_0052,low_frequency,105,0.82421875,0.6961653335019156
profile_0052,low_frequency,106,0.83203125,0.6889191440150146
profile_0052,low_frequency,107,0.83984375,0.6817779868449689
profile_0052,low_frequency,108,0.84765625,0.6747692378245485
profile_0052,low_frequency,109,0.85546875,0.667919855089516
profile_0052,low_frequency,110,0.86328125,0.6612562657627183
profile_0052,low_frequency,111,0.87109375,0.6548042544271653
profile_0052,low_frequency,112,0.87890625,0.6485888539125724
profile_0052,low_frequency,113,0.88671875,0.6426342389102861
profile_0052,low_frequency,114,0.89453125,0.6369636229193749
profile_0052,low_frequency,115,0.90234375,0.631599159011963
profile_0052,low_frequency,116,0.91015625,0.6265618448887231
profile_0052,low_frequency,117,0.91796875,0.6218714326758832
profile_0052,low_frequency,118,0.92578125,0.6175463438932538
profile_0052,low_frequency,119,0.93359375,0.6136035899987484
profile_0052,low_frequency,120,0.94140625,0.6100586988887788
profile_0052,low_frequency,121,0.94921875,0.6069256477058733
profile_0052,low_frequency,122,0.95703125,0.6042168022750545
profile_0052,low_frequency,123,0.96484375,0.6019428634590587
profile_0052,low_frequency,124,0.97265625,0.6001128206895396
profile_0052,low_frequency,125,0.98046875,0.5987339128971598
profile_0052,low_frequency,126,0.98828125,0.5978115970280822
profile_0052,low_frequency,127,0.99609375,0.5973495242980384
profile_0053,piecewise,0,0.00390625,0.11134800382107765
profile_0053,piecewise,1,0.01171875,0.2226960076421553
profile_0053,piecewise,2,0.01953125,0.2226960076421553
profile_0053,piecewise,3,0.02734375,0.2226960076421553
profile_0053,piecewise,4,0.03515625,0.2226960076421553
profile_0053,piecewise,5,0.04296875,0.2226960076421553
profile_0053,piecewise,6,0.05078125,0.2226960076421553
profile_0053,piecewise,7,0.05859375,0.2226960076421553
profile_0053,piecewise,8,0.06640625,0.2226960076421553
profile_0053,piecewise,9,0.07421875,0.2226960076421553
profile_0053,piecewise,10,0.08203125,0.2226960076421553
profile_0053,piecewise,11,0.08984375,0.2226960076421553
profile_0053,piecewise,12,0.09765625,0.2226960076421553
profile_0053,piecewise,13,0.10546875,0.2226960076421553
profile_0053,piecewise,14,0.11328125,0.2226960076421553
profile_0053,piecewise,15,0.12109375,0.2226960076421553
profile_0053,piecewise,16,0.12890625,0.2226960076421553
profile_0053,piecewise,17,0.13671875,0.2226960076421553
profile_0053,piecewise,18,0.14453125,0.2226960076421553
profile_0053,piecewise,19,0.15234375,0.2226960076421553
profile_0053,piecewise,20,0.16015625,0.2226960076421553
profile_0053,piecewise,21,0.16796875,0.418126719771145
profile_0053,piecewise,22,0.17578125,0.6135574319001348
profile_0053,piecewise,23,0.18359375,0.6135574319001348
profile_0053,piecewise,24,0.19140625,0.6135574319001348
profile_0053,piecewise,25,0.19921875,0.6135574319001348
profile_0053,piecewise,26,0.20703125,0.6135574319001348
profile_0053,piecewise,27,0.21484375,0.6135574319001348
profile_0053,piecewise,28,0.22265625,0.6135574319001348
profile_0053,piecewise,29,0.23046875,0.6135574319001348
profile_0053,piecewise,30,0.23828125,0.6135574319001348
profile_0053,piecewise,31,0.24609375,0.6135574319001348
profile_0053,piecewise,32,0.25390625,0.6135574319001348
profile_0053,piecewise,33,0.26171875,0.6135574319001348
profile_0053,piecewise,34,0.26953125,0.6135574319001348
profile_0053,piecewise,35,0.27734375,0.6135574319001348
profile_0053,piecewise,36,0.28515625,0.6135574319001348
profile_0053,piecewise,37,0.29296875,0.6135574319001348
profile_0053,piecewise,38,0.30078125,0.6135574319001348
profile_0053,piecewise,39,0.30859375,0.6135574319001348
profile_0053,piecewise,40,0.31640625,0.6135574319001348
profile_0053,piecewise,41,0.32421875,0.6135574319001348
profile_0053,piecewise,42,0.33203125,0.6135574319001348
profile_0053,piecewise,43,0.33984375,0.527199676887347
profile_0053,piecewise,44,0.34765625,0.44084192187455923
profile_0053,piecewise,45,0.35546875,0.44084192187455923
profile_0053,piecewise,46,0.36328125,0.44084192187455923
profile_0053,piecewise,47,0.37109375,0.44084192187455923
profile_0053,piecewise,48,0.37890625,0.44084192187455923
profile_0053,piecewise,49,0.38671875,0.44084192187455923
profile_0053,piecewise,50,0.39453125,0.44084192187455923
profile_0053,piecewise,51,0.40234375,0.44084192187455923
profile_0053,piecewise,52,0.41015625,0.44084192187455923
profile_0053,piecewise,53,0.41796875,0.44084192187455923
profile_0053,piecewise,54,0.42578125,0.44084192187455923
profile_0053,piecewise,55,0.43359375,0.44084192187455923
profile_0053,piecewise,56,0.44140625,0.44084192187455923
profile_0053,piecewise,57,0.44921875,0.44084192187455923
profile_0053,piecewise,58,0.45703125,0.44084192187455923
profile_0053,piecewise,59,0.46484375,0.44084192187455923
profile_0053,piecewise,60,0.47265625,0.44084192187455923
profile_0053,piecewise,61,0.48046875,0.44084192187455923
profile_0053,piecewise,62,0.48828125,0.44084192187455923
profile_0053,piecewise,63,0.49609375,0.44084192187455923
profile_0053,piecewise,64,0.50390625,0.5273001805636822
profile_0053,piecewise,65,0.51171875,0.6137584392528052
profile_0053,piecewise,66,0.51953125,0.6137584392528052
profile_0053,piecewise,67,0.52734375,0.6137584392528052
profile_0053,piecewise,68,0.53515625,0.6137584392528052
profile_0053,piecewise,69,0.54296875,0.6137584392528052
profile_0053,piecewise,70,0.55078125,0.6137584392528052
profile_0053,piecewise,71,0.55859375,0.6137584392528052
profile_0053,piecewise,72,0.56640625,0.6137584392528052
profile_0053,piecewise,73,0.57421875,0.6137584392528052
profile_0053,piecewise,74,0.58203125,0.6137584392528052
profile_0053,piecewise,75,0.58984375,0.6137584392528052
profile_0053,piecewise,76,0.59765625,0.6137584392528052
profile_0053,piecewise,77,0.60546875,0.6137584392528052
profile_0053,piecewise,78,0.61328125,0.6137584392528052
profile_0053,piecewise,79,0.62109375,0.6137584392528052
profile_0053,piecewise,80,0.62890625,0.6137584392528052
profile_0053,piecewise,81,0.63671875,0.6137584392528052
profile_0053,piecewise,82,0.64453125,0.6137584392528052
profile_0053,piecewise,83,0.65234375,0.6137584392528052
profile_0053,piecewise,84,0.66015625,0.6137584392528052
profile_0053,piecewise,85,0.66796875,0.6818735019930264
profile_0053,piecewise,86,0.67578125,0.7499885647332477
profile_0053,piecewise,87,0.68359375,0.7499885647332477
profile_0053,piecewise,88,0.69140625,0.7499885647332477
profile_0053,piecewise,89,0.69921875,0.7499885647332477
profile_0053,piecewise,90,0.70703125,0.7499885647332477
profile_0053,piecewise,91,0.71484375,0.7499885647332477
profile_0053,piecewise,92,0.72265625,0.7499885647332477
profile_0053,piecewise,93,0.73046875,0.7499885647332477
profile_0053,piecewise,94,0.73828125,0.7499885647332477
profile_0053,piecewise,95,0.74609375,0.7499885647332477
profile_0053,piecewise,96,0.75390625,0.7499885647332477
profile_0053,piecewise,97,0.76171875,0.7499885647332477
profile_0053,piecewise,98,0.76953125,0.7499885647332477
profile_0053,piecewise,99,0.77734375,0.7499885647332477
profile_0053,piecewise,100,0.78515625,0.7499885647332477
profile_0053,piecewise,101,0.79296875,0.7499885647332477
profile_0053,piecewise,102,0.80078125,0.7499885647332477
profile_0053,piecewise,103,0.80859375,0.7499885647332477
profile_0053,piecewise,104,0.81640625,0.7499885647332477
profile_0053,piecewise,105,0.82421875,0.7499885647332477
profile_0053,piecewise,106,0.83203125,0.7499885647332477
profile_0053,piecewise,107,0.83984375,0.7793644800706838
profile_0053,piecewise,108,0.84765625,0.8087403954081199
profile_0053,piecewise,109,0.85546875,0.8087403954081199
profile_0053,piecewise,110,0.86328125,0.8087403954081199
profile_0053,piecewise,111,0.87109375,0.8087403954081199
profile_0053,piecewise,112,0.87890625,0.8087403954081199
profile_0053,piecewise,113,0.88671875,0.8087403954081199
profile_0053,piecewise,114,0.89453125,0.8087403954081199
profile_0053,piecewise,115,0.90234375,0.8087403954081199
profile_0053,piecewise,116,0.91015625,0.8087403954081199
profile_0053,piecewise,117,0.91796875,0.8087403954081199
profile_0053,piecewise,118,0.92578125,0.8087403954081199
profile_0053,piecewise,119,0.93359375,0.8087403954081199
profile_0053,piecewise,120,0.94140625,0.8087403954081199
profile_0053,piecewise,121,0.94921875,0.8087403954081199
profile_0053,piecewise,122,0.95703125,0.8087403954081199
profile_0053,piecewise,123,0.96484375,0.8087403954081199
profile_0053,piecewise,124,0.97265625,0.8087403954081199
profile_0053,piecewise,125,0.98046875,0.8087403954081199
profile_0053,piecewise,126,0.98828125,0.8087403954081199
profile_0053,piecewise,127,0.99609375,0.8087403954081199
profile_0054,high_frequency,0,0.00390625,0.618739743529295
profile_0054,high_frequency,1,0.01171875,0.6357644974140527
profile_0054,high_frequency,2,0.01953125,0.6399206213524826
profile_0054,high_frequency,3,0.02734375,0.6309070130244012
profile_0054,high_frequency,4,0.03515625,0.6093766891398529
profile_0054,high_frequency,5,0.04296875,0.5768894757704309
profile_0054,high_frequency,6,0.05078125,0.5357990022753023
profile_0054,high_frequency,7,0.05859375,0.4890821858711106
profile_0054,high_frequency,8,0.06640625,0.4401235603251996
profile_0054,high_frequency,9,0.07421875,0.39247007369861114
profile_0054,high_frequency,10,0.08203125,0.34957411951970374
profile_0054,high_frequency,11,0.08984375,0.3145434182321146
profile_0054,high_frequency,12,0.09765625,0.2899158694730063
profile_0054,high_frequency,13,0.10546875,0.2774756866541178
profile_0054,high_frequency,14,0.11328125,0.27812413450329737
profile_0054,high_frequency,15,0.12109375,0.2918142343560975
profile_0054,high_frequency,16,0.12890625,0.31755416765987476
profile_0054,high_frequency,17,0.13671875,0.35347913111377766
profile_0054,high_frequency,18,0.14453125,0.3969864376928953
profile_0054,high_frequency,19,0.15234375,0.44492407577534854
profile_0054,high_frequency,20,0.16015625,0.49381906566549577
profile_0054,high_frequency,21,0.16796875,0.5401290695699104
profile_0054,high_frequency,22,0.17578125,0.5804990264196994
profile_0054,high_frequency,23,0.18359375,0.6120042188933275
profile_0054,high_frequency,24,0.19140625,0.6323621629522613
profile_0054,high_frequency,25,0.19921875,0.640097968944239
profile_0054,high_frequency,26,0.20703125,0.634651194214715
profile_0054,high_frequency,27,0.21484375,0.6164164459825484
profile_0054,high_frequency,28,0.22265625,0.5867147928881364
profile_0054,high_frequency,29,0.23046875,0.5476980563863963
profile_0054,high_frequency,30,0.23828125,0.5021929158691596
profile_0054,high_frequency,31,0.24609375,0.45349612176855747
profile_0054,high_frequency,32,0.25390625,0.40513565301553645
profile_0054,high_frequency,33,0.26171875,0.36061512248651867
profile_0054,high_frequency,34,0.26953125,0.32315994771877476
profile_0054,high_frequency,35,0.27734375,0.29548367628511873
profile_0054,high_frequency,36,0.28515625,0.2795913950564312
profile_0054,high_frequency,37,0.29296875,0.2766344659318889
profile_0054,high_frequency,38,0.30078125,0.2868271121236018
profile_0054,high_frequency,39,0.30859375,0.30943089814153185
profile_0054,high_frequency,40,0.31640625,0.3428082278707042
profile_0054,high_frequency,41,0.32421875,0.384540984919052
profile_0054,high_frequency,42,0.33203125,0.43160571999558667
profile_0054,high_frequency,43,0.33984375,0.4805926933667734
profile_0054,high_frequency,44,0.34765625,0.5279529032320553
profile_0054,high_frequency,45,0.35546875,0.5702552033392843
profile_0054,high_frequency,46,0.36328125,0.6044348822168883
profile_0054,high_frequency,47,0.37109375,0.6280156949872773
profile_0054,high_frequency,48,0.37890625,0.6392892620298816
profile_0054,high_frequency,49,0.38671875,0.6374388374430973
profile_0054,high_frequency,50,0.39453125,0.6225984805438889
profile_0054,high_frequency,51,0.40234375,0.5958433435560344
profile_0054,high_frequency,52,0.41015625,0.559111779123298
profile_0054,high_frequency,53,0.41796875,0.5150649107921638
profile_0054,high_frequency,54,0.42578125,0.4668938402833194
profile_0054,high_frequency,55,0.43359375,0.41808845897411623
profile_0054,high_frequency,56,0.44140625,0.3721846127073003
profile_0054,high_frequency,57,0.44921875,0.3325079372966824
profile_0054,high_frequency,58,0.45703125,0.3019329233013224
profile_0054,high_frequency,59,0.46484375,0.282674665311763
profile_0054,high_frequency,60,0.47265625,0.27612838306862075
profile_0054,high_frequency,61,0.48046875,0.2827683407664159
profile_0054,high_frequency,62,0.48828125,0.30211348762361634
profile_0054,high_frequency,63,0.49609375,0.3327623089863565
profile_0054,high_frequency,64,0.50390625,0.37249436307765404
profile_0054,high_frequency,65,0.51171875,0.4184311472710785
profile_0054,high_frequency,66,0.51953125,0.4672446394702465
profile_0054,high_frequency,67,0.52734375,0.5153984062157232
profile_0054,high_frequency,68,0.53515625,0.5594038097509287
profile_0054,high_frequency,69,0.54296875,0.5960727523912543
profile_0054,high_frequency,70,0.55078125,0.6227486474055922
profile_0054,high_frequency,71,0.55859375,0.6374988830622479
profile_0054,high_frequency,72,0.56640625,0.6392548362293646
profile_0054,high_frequency,73,0.57421875,0.6278892918429586
profile_0054,high_frequency,74,0.58203125,0.604225659367134
profile_0054,high_frequency,75,0.58984375,0.5699783185335813
profile_0054,high_frequency,76,0.59765625,0.527628416184372
profile_0054,high_frequency,77,0.60546875,0.4802441124720406
profile_0054,high_frequency,78,0.61328125,0.431258299196596
profile_0054,high_frequency,79,0.62109375,0.38421989411213125
profile_0054,high_frequency,80,0.62890625,0.3425367294003806
profile_0054,high_frequency,81,0.63671875,0.3092286614932567
profile_0054,high_frequency,82,0.64453125,0.2867087889114568
profile_0054,high_frequency,83,0.65234375,0.27660862842037737
profile_0054,high_frequency,84,0.66015625,0.279659915118187
profile_0054,high_frequency,85,0.66796875,0.2956415897877245
profile_0054,high_frequency,86,0.67578125,0.3233958141655736
profile_0054,high_frequency,87,0.68359375,0.36091185385621083
profile_0054,high_frequency,88,0.69140625,0.4054717517528976
profile_0054,high_frequency,89,0.69921875,0.45384723823649087
profile_0054,high_frequency,90,0.70703125,0.502533612428
profile_0054,high_frequency,91,0.71484375,0.5480036502966815
profile_0054,high_frequency,92,0.72265625,0.5869631445224675
profile_0054,high_frequency,93,0.73046875,0.616589562794402
profile_0054,high_frequency,94,0.73828125,0.6347365342600867
profile_0054,high_frequency,95,0.74609375,0.6400893495187514
profile_0054,high_frequency,96,0.75390625,0.6322602085149182
profile_0054,high_frequency,97,0.76171875,0.6118163158257891
profile_0054,high_frequency,98,0.76953125,0.5802387878986764
profile_0054,high_frequency,99,0.77734375,0.5398153493215289
profile_0054,high_frequency,100,0.78515625,0.4934745920530278
profile_0054,high_frequency,101,0.79296875,0.4445738051777406
profile_0054,high_frequency,102,0.80078125,0.3966557464683104
profile_0054,high_frequency,103,0.80859375,0.35319197713653866
profile_0054,high_frequency,104,0.81640625,0.31733135462353784
profile_0054,high_frequency,105,0.82421875,0.2916719045901989
profile_0054,high_frequency,106,0.83203125,0.2780725994959877
profile_0054,high_frequency,107,0.83984375,0.27751868000682506
profile_0054,high_frequency,108,0.84765625,0.2900502764089711
profile_0054,high_frequency,109,0.85546875,0.3147595012553269
profile_0054,high_frequency,110,0.86328125,0.34985622387573245
profile_0054,high_frequency,111,0.87109375,0.392797761528193
profile_0054,high_frequency,112,0.87890625,0.440473091343578
profile_0054,high_frequency,113,0.88671875,0.4894282373010609
profile_0054,high_frequency,114,0.89453125,0.5361165034283648
profile_0054,high_frequency,115,0.90234375,0.5771554243648487
profile_0054,high_frequency,116,0.91015625,0.609571817766854
profile_0054,high_frequency,117,0.91796875,0.6310171850308939
profile_0054,high_frequency,118,0.92578125,0.6399378550114381
profile_0054,high_frequency,119,0.93359375,0.6356875441836147
profile_0054,high_frequency,120,0.94140625,0.618574178506976
profile_0054,high_frequency,121,0.94921875,0.5898375848461
profile_0054,high_frequency,122,0.95703125,0.5515596681570565
profile_0054,high_frequency,123,0.96484375,0.5065135819111083
profile_0054,high_frequency,124,0.97265625,0.45796281903694797
profile_0054,high_frequency,125,0.98046875,0.4094247788144449
profile_0054,high_frequency,126,0.98828125,0.36441593879447565
profile_0054,high_frequency,127,0.99609375,0.32619709349605414
profile_0055,low_frequency,0,0.00390625,0.12062975754844807
profile_0055,low_frequency,1,0.01171875,0.12082199346979183
profile_0055,low_frequency,2,0.01953125,0.12120614192331325
profile_0055,low_frequency,3,0.02734375,0.12178155682558844
profile_0055,low_frequency,4,0.03515625,0.12254727078712879
profile_0055,low_frequency,5,0.04296875,0.12350199719061672
profile_0055,low_frequency,6,0.05078125,0.1246441329543273
profile_0055,low_frequency,7,0.05859375,0.1259717619742844
profile_0055,low_frequency,8,0.06640625,0.12748265923710755
profile_0055,low_frequency,9,0.07421875,0.12917429559394822
profile_0055,low_frequency,10,0.08203125,0.1310438431843658
profile_0055,low_frequency,11,0.08984375,0.13308818149747959
profile_0055,low_frequency,12,0.09765625,0.1353039040562488
profile_0055,low_frequency,13,0.10546875,0.13768732570927922
profile_0055,low_frequency,14,0.11328125,0.14023449051313897
profile_0055,low_frequency,15,0.12109375,0.14294118018679702
profile_0055,low_frequency,16,0.12890625,0.145802923118463
profile_0055,low_frequency,17,0.13671875,0.14881500390382563
profile_0055,low_frequency,18,0.14453125,0.15197247339345643
profile_0055,low_frequency,19,0.15234375,0.15527015922596266
profile_0055,low_frequency,20,0.16015625,0.15870267682235262
profile_0055,low_frequency,21,0.16796875,0.16226444081600888
profile_0055,low_frequency,22,0.17578125,0.1659496768916635
profile_0055,low_frequency,23,0.18359375,0.1697524340058275
profile_0055,low_frequency,24,0.19140625,0.17366659696025244
profile_0055,low_frequency,25,0.19921875,0.17768589929919654
profile_0055,low_frequency,26,0.20703125,0.1818039365005284
profile_0055,low_frequency,27,0.21484375,0.18601417943003917
profile_0055,low_frequency,28,0.22265625,0.19030998802773902
profile_0055,low_frequency,29,0.23046875,0.19468462519439655
profile_0055,low_frequency,30,0.23828125,0.19913127084614046
profile_0055,low_frequency,31,0.24609375,0.20364303610457157
profile_0055,low_frequency,32,0.25390625,0.20821297758955337
profile_0055,low_frequency,33,0.26171875,0.2128341117816338
profile_0055,low_frequency,34,0.26953125,0.21749942942092015
profile_0055,low_frequency,35,0.27734375,0.22220190990918498
profile_0055,low_frequency,36,0.28515625,0.2269345356819984
profile_0055,low_frequency,37,0.29296875,0.23169030651779687
profile_0055,low_frequency,38,0.30078125,0.23646225375097796
profile_0055,low_frequency,39,0.30859375,0.24124345435638128
profile_0055,low_frequency,40,0.31640625,0.24602704487284865
profile_0055,low_frequency,41,0.32421875,0.25080623513398503
profile_0055,low_frequency,42,0.33203125,0.2555743217747255
profile_0055,low_frequency,43,0.33984375,0.260324701482891
profile_0055,low_frequency,44,0.34765625,0.2650508839655523
profile_0055,low_frequency,45,0.35546875,0.2697465046007379
profile_0055,low_frequency,46,0.36328125,0.2744053367458028
profile_0055,low_frequency,47,0.37109375,0.2790213036746305
profile_0055,low_frequency,48,0.37890625,0.2835884901167527
profile_0055,low_frequency,49,0.38671875,0.28810115337245834
profile_0055,low_frequency,50,0.39453125,0.2925537339790004
profile_0055,low_frequency,51,0.40234375,0.29694086590411684
profile_0055,low_frequency,52,0.41015625,0.3012573862442314
profile_0055,low_frequency,53,0.41796875,0.30549834440591994
profile_0055,low_frequency,54,0.42578125,0.3096590107504821
profile_0055,low_frequency,55,0.43359375,0.3137348846827701
profile_0055,low_frequency,56,0.44140625,0.3177217021667802
profile_0055,low_frequency,57,0.44921875,0.32161544265190334
profile_0055,low_frequency,58,0.45703125,0.32541233539516545
profile_0055,low_frequency,59,0.46484375,0.3291088651662535
profile_0055,low_frequency,60,0.47265625,0.33270177732361694
profile_0055,low_frequency,61,0.48046875,0.33618808225146035
profile_0055,low_frequency,62,0.48828125,0.33956505914898916
profile_0055,low_frequency,63,0.49609375,0.3428302591648339
profile_0055,low_frequency,64,0.50390625,0.34598150787116344
profile_0055,low_frequency,65,0.51171875,0.3490169070735898
profile_0055,low_frequency,66,0.51953125,0.35193483595456965
profile_0055,low_frequency,67,0.52734375,0.35473395154961307
profile_0055,low_frequency,68,0.53515625,0.35741318855721893
profile_0055,low_frequency,69,0.54296875,0.35997175848505614
profile_0055,low_frequency,70,0.55078125,0.36240914813651015
profile_0055,low_frequency,71,0.55859375,0.36472511744329417
profile_0055,low_frequency,72,0.56640625,0.36691969665139945
profile_0055,low_frequency,73,0.57421875,0.3689931828692051
profile_0055,low_frequency,74,0.58203125,0.3709461359880999
profile_0055,low_frequency,75,0.58984375,0.37277937398746963
profile_0055,low_frequency,76,0.59765625,0.3744939676373764
profile_0055,low_frequency,77,0.60546875,0.3760912346136944
profile_0055,low_frequency,78,0.61328125,0.37757273304187267
profile_0055,low_frequency,79,0.62109375,0.37894025448685265
profile_0055,low_frequency,80,0.62890625,0.38019581640799127
profile_0055,low_frequency,81,0.63671875,0.3813416540991127
profile_0055,low_frequency,82,0.64453125,0.3823802121350297
profile_0055,low_frequency,83,0.65234375,0.38331413534705305
profile_0055,low_frequency,84,0.66015625,0.3841462593511161
profile_0055,low_frequency,85,0.66796875,0.3848796006532015
profile_0055,low_frequency,86,0.67578125,0.38551734635775137
profile_0055,low_frequency,87,0.68359375,0.386062843505677
profile_0055,low_frequency,88,0.69140625,0.38651958806945086
profile_0055,low_frequency,89,0.69921875,0.3868912136335648
profile_0055,low_frequency,90,0.70703125,0.3871814797893687
profile_0055,low_frequency,91,0.71484375,0.38739426027396584
profile_0055,low_frequency,92,0.72265625,0.38753353088342934
profile_0055,low_frequency,93,0.73046875,0.38760335719111416
profile_0055,low_frequency,94,0.73828125,0.38760788210228425
profile_0055,low_frequency,95,0.74609375,0.3875513132766314
profile_0055,low_frequency,96,0.75390625,0.3874379104505511
profile_0055,low_frequency,97,0.76171875,0.3872719726912489
profile_0055,low_frequency,98,0.76953125,0.38705782561487645
profile_0055,low_frequency,99,0.77734375,0.3867998086009541
profile_0055,low_frequency,100,0.78515625,0.3865022620353039
profile_0055,low_frequency,101,0.79296875,0.3861695146136136
profile_0055,low_frequency,102,0.80078125,0.385805870737568
profile_0055,low_frequency,103,0.80859375,0.38541559803522285
profile_0055,low_frequency,104,0.81640625,0.3850029150369543
profile_0055,low_frequency,105,0.82421875,0.3845719790379074
profile_0055,low_frequency,106,0.83203125,0.38412687417737146
profile_0055,low_frequency,107,0.83984375,0.3836715997649477
profile_0055,low_frequency,108,0.84765625,0.3832100588827394
profile_0055,low_frequency,109,0.85546875,0.3827460472920835
profile_0055,low_frequency,110,0.86328125,0.3822832426725662
profile_0055,low_frequency,111,0.87109375,0.38182519422022265
profile_0055,low_frequency,112,0.87890625,0.3813753126309051
profile_0055,low_frequency,113,0.88671875,0.38093686049383746
profile_0055,low_frequency,114,0.89453125,0.38051294311933326
profile_0055,low_frequency,115,0.90234375,0.38010649982356537
profile_0055,low_frequency,116,0.91015625,0.37972029569212684
profile_0055,low_frequency,117,0.91796875,0.3793569138429217
profile_0055,low_frequency,118,0.92578125,0.379018748207672
profile_0055,low_frequency,119,0.93359375,0.3787079968500303
profile_0055,low_frequency,120,0.94140625,0.3784266558369487
profile_0055,low_frequency,121,0.94921875,0.37817651367856664
profile_0055,low_frequency,122,0.95703125,0.3779591463504691
profile_0055,low_frequency,123,0.96484375,0.3777759129107062
profile_0055,low_frequency,124,0.97265625,0.377627951722489
profile_0055,low_frequency,125,0.98046875,0.3775161772919642
profile_0055,low_frequency,126,0.98828125,0.37744127772893665
profile_0055,low_frequency,127,0.99609375,0.3774037128368619
profile_0056,piecewise,0,0.00390625,0.15441531092403987
profile_0056,piecewise,1,0.01171875,0.30883062184807974
profile_0056,piecewise,2,0.01953125,0.30883062184807974
profile_0056,piecewise,3,0.02734375,0.30883062184807974
profile_0056,piecewise,4,0.03515625,0.30883062184807974
profile_0056,piecewise,5,0.04296875,0.30883062184807974
profile_0056,piecewise,6,0.05078125,0.30883062184807974
profile_0056,piecewise,7,0.05859375,0.30883062184807974
profile_0056,piecewise,8,0.06640625,0.30883062184807974
profile_0056,piecewise,9,0.07421875,0.30883062184807974
profile_0056,piecewise,10,0.08203125,0.30883062184807974
profile_0056,piecewise,11,0.08984375,0.30883062184807974
profile_0056,piecewise,12,0.09765625,0.30883062184807974
profile_0056,piecewise,13,0.10546875,0.30883062184807974
profile_0056,piecewise,14,0.11328125,0.30883062184807974
profile_0056,piecewise,15,0.12109375,0.30883062184807974
profile_0056,piecewise,16,0.12890625,0.39651480917690723
profile_0056,piecewise,17,0.13671875,0.4841989965057347
profile_0056,piecewise,18,0.14453125,0.4841989965057347
profile_0056,piecewise,19,0.15234375,0.4841989965057347
profile_0056,piecewise,20,0.16015625,0.4841989965057347
profile_0056,piecewise,21,0.16796875,0.4841989965057347
profile_0056,piecewise,22,0.17578125,0.4841989965057347
profile_0056,piecewise,23,0.18359375,0.4841989965057347
profile_0056,piecewise,24,0.19140625,0.4841989965057347
profile_0056,piecewise,25,0.19921875,0.4841989965057347
profile_0056,piecewise,26,0.20703125,0.4841989965057347
profile_0056,piecewise,27,0.21484375,0.4841989965057347
profile_0056,piecewise,28,0.22265625,0.4841989965057347
profile_0056,piecewise,29,0.23046875,0.4841989965057347
profile_0056,piecewise,30,0.23828125,0.4841989965057347
profile_0056,piecewise,31,0.24609375,0.4841989965057347
profile_0056,piecewise,32,0.25390625,0.5826759443573857
profile_0056,piecewise,33,0.26171875,0.6811528922090367
profile_0056,piecewise,34,0.26953125,0.6811528922090367
profile_0056,piecewise,35,0.27734375,0.6811528922090367
profile_0056,piecewise,36,0.28515625,0.6811528922090367
profile_0056,piecewise,37,0.29296875,0.6811528922090367
profile_0056,piecewise,38,0.30078125,0.6811528922090367
profile_0056,piecewise,39,0.30859375,0.6811528922090367
profile_0056,piecewise,40,0.31640625,0.6811528922090367
profile_0056,piecewise,41,0.32421875,0.6811528922090367
profile_0056,piecewise,42,0.33203125,0.6811528922090367
profile_0056,piecewise,43,0.33984375,0.6811528922090367
profile_0056,piecewise,44,0.34765625,0.6811528922090367
profile_0056,piecewise,45,0.35546875,0.6811528922090367
profile_0056,piecewise,46,0.36328125,0.6811528922090367
profile_0056,piecewise,47,0.37109375,0.6811528922090367
profile_0056,piecewise,48,0.37890625,0.641567442654587
profile_0056,piecewise,49,0.38671875,0.6019819931001372
profile_0056,piecewise,50,0.39453125,0.6019819931001372
profile_0056,piecewise,51,0.40234375,0.6019819931001372
profile_0056,piecewise,52,0.41015625,0.6019819931001372
profile_0056,piecewise,53,0.41796875,0.6019819931001372
profile_0056,piecewise,54,0.42578125,0.6019819931001372
profile_0056,piecewise,55,0.43359375,0.6019819931001372
profile_0056,piecewise,56,0.44140625,0.6019819931001372
profile_0056,piecewise,57,0.44921875,0.6019819931001372
profile_0056,piecewise,58,0.45703125,0.6019819931001372
profile_0056,piecewise,59,0.46484375,0.6019819931001372
profile_0056,piecewise,60,0.47265625,0.6019819931001372
profile_0056,piecewise,61,0.48046875,0.6019819931001372
profile_0056,piecewise,62,0.48828125,0.6019819931001372
profile_0056,piecewise,63,0.49609375,0.6019819931001372
profile_0056,piecewise,64,0.50390625,0.644102681775556
profile_0056,piecewise,65,0.51171875,0.6862233704509748
profile_0056,piecewise,66,0.51953125,0.6862233704509748
profile_0056,piecewise,67,0.52734375,0.6862233704509748
profile_0056,piecewise,68,0.53515625,0.6862233704509748
profile_0056,piecewise,69,0.54296875,0.6862233704509748
profile_0056,piecewise,70,0.55078125,0.6862233704509748
profile_0056,piecewise,71,0.55859375,0.6862233704509748
profile_0056,piecewise,72,0.56640625,0.6862233704509748
profile_0056,piecewise,73,0.57421875,0.6862233704509748
profile_0056,piecewise,74,0.58203125,0.6862233704509748
profile_0056,piecewise,75,0.58984375,0.6862233704509748
profile_0056,piecewise,76,0.59765625,0.6862233704509748
profile_0056,piecewise,77,0.60546875,0.6862233704509748
profile_0056,piecewise,78,0.61328125,0.6862233704509748
profile_0056,piecewise,79,0.62109375,0.6862233704509748
profile_0056,piecewise,80,0.62890625,0.43909180523742264
profile_0056,piecewise,81,0.63671875,0.19196024002387044
profile_0056,piecewise,82,0.64453125,0.19196024002387044
profile_0056,piecewise,83,0.65234375,0.19196024002387044
profile_0056,piecewise,84,0.66015625,0.19196024002387044
profile_0056,piecewise,85,0.66796875,0.19196024002387044
profile_0056,piecewise,86,0.67578125,0.19196024002387044
profile_0056,piecewise,87,0.68359375,0.19196024002387044
profile_0056,piecewise,88,0.69140625,0.19196024002387044
profile_0056,piecewise,89,0.69921875,0.19196024002387044
profile_0056,piecewise,90,0.70703125,0.19196024002387044
profile_0056,piecewise,91,0.71484375,0.19196024002387044
profile_0056,piecewise,92,0.72265625,0.19196024002387044
profile_0056,piecewise,93,0.73046875,0.19196024002387044
profile_0056,piecewise,94,0.73828125,0.19196024002387044
profile_0056,piecewise,95,0.74609375,0.19196024002387044
profile_0056,piecewise,96,0.75390625,0.1955778425119365
profile_0056,piecewise,97,0.76171875,0.19919544500000252
profile_0056,piecewise,98,0.76953125,0.19919544500000252
profile_0056,piecewise,99,0.77734375,0.19919544500000252
profile_0056,piecewise,100,0.78515625,0.19919544500000252
profile_0056,piecewise,101,0.79296875,0.19919544500000252
profile_0056,piecewise,102,0.80078125,0.19919544500000252
profile_0056,piecewise,103,0.80859375,0.19919544500000252
profile_0056,piecewise,104,0.81640625,0.19919544500000252
profile_0056,piecewise,105,0.82421875,0.19919544500000252
profile_0056,piecewise,106,0.83203125,0.19919544500000252
profile_0056,piecewise,107,0.83984375,0.19919544500000252
profile_0056,piecewise,108,0.84765625,0.19919544500000252
profile_0056,piecewise,109,0.85546875,0.19919544500000252
profile_0056,piecewise,110,0.86328125,0.19919544500000252
profile_0056,piecewise,111,0.87109375,0.19919544500000252
profile_0056,piecewise,112,0.87890625,0.18695583423867077
profile_0056,piecewise,113,0.88671875,0.174716223477339
profile_0056,piecewise,114,0.89453125,0.174716223477339
profile_0056,piecewise,115,0.90234375,0.174716223477339
profile_0056,piecewise,116,0.91015625,0.174716223477339
profile_0056,piecewise,117,0.91796875,0.174716223477339
profile_0056,piecewise,118,0.92578125,0.174716223477339
profile_0056,piecewise,119,0.93359375,0.174716223477339
profile_0056,piecewise,120,0.94140625,0.174716223477339
profile_0056,piecewise,121,0.94921875,0.174716223477339
profile_0056,piecewise,122,0.95703125,0.174716223477339
profile_0056,piecewise,123,0.96484375,0.174716223477339
profile_0056,piecewise,124,0.97265625,0.174716223477339
profile_0056,piecewise,125,0.98046875,0.174716223477339
profile_0056,piecewise,126,0.98828125,0.174716223477339
profile_0056,piecewise,127,0.99609375,0.174716223477339
profile_0057,high_frequency,0,0.00390625,0.5329223275733813
profile_0057,high_frequency,1,0.01171875,0.4553838043567191
profile_0057,high_frequency,2,0.01953125,0.4563806548139719
profile_0057,high_frequency,3,0.02734375,0.5354603296784259
profile_0057,high_frequency,4,0.03515625,0.6567223098586721
profile_0057,high_frequency,5,0.04296875,0.7651161915438085
profile_0057,high_frequency,6,0.05078125,0.8114334186099108
profile_0057,high_frequency,7,0.05859375,0.7746469383105195
profile_0057,high_frequency,8,0.06640625,0.6714570436167135
profile_0057,high_frequency,9,0.07421875,0.5487097893566807
profile_0057,high_frequency,10,0.08203125,0.4621298627213283
profile_0057,high_frequency,11,0.08984375,0.45102274030034883
profile_0057,high_frequency,12,0.09765625,0.5204308234593076
profile_0057,high_frequency,13,0.10546875,0.6388442935397778
profile_0057,high_frequency,14,0.11328125,0.7525059107631367
profile_0057,high_frequency,15,0.12109375,0.8098156772022084
profile_0057,high_frequency,16,0.12890625,0.7847561570532077
profile_0057,high_frequency,17,0.13671875,0.6887038485512732
profile_0057,high_frequency,18,0.14453125,0.5652644916170374
profile_0057,high_frequency,19,0.15234375,0.4704769735858958
profile_0057,high_frequency,20,0.16015625,0.4473728459473688
profile_0057,high_frequency,21,0.16796875,0.5064408996176937
profile_0057,high_frequency,22,0.17578125,0.6208654731501256
profile_0057,high_frequency,23,0.18359375,0.738700202404086
profile_0057,high_frequency,24,0.19140625,0.8064505838366136
profile_0057,high_frequency,25,0.19921875,0.7933593607159659
profile_0057,high_frequency,26,0.20703125,0.7053696746443089
profile_0057,high_frequency,27,0.21484375,0.5824270035219635
profile_0057,high_frequency,28,0.22265625,0.4803447497098011
profile_0057,high_frequency,29,0.23046875,0.44546612223288623
profile_0057,high_frequency,30,0.23828125,0.4936252887678494
profile_0057,high_frequency,31,0.24609375,0.6029589945582904
profile_0057,high_frequency,32,0.25390625,0.723832022985122
profile_0057,high_frequency,33,0.26171875,0.8013705462017842
profile_0057,high_frequency,34,0.26953125,0.8003736957445318
profile_0057,high_frequency,35,0.27734375,0.7212940208800778
profile_0057,high_frequency,36,0.28515625,0.6000320406998321
profile_0057,high_frequency,37,0.29296875,0.4916381590146953
profile_0057,high_frequency,38,0.30078125,0.44532093194859274
profile_0057,high_frequency,39,0.30859375,0.4821074122479836
profile_0057,high_frequency,40,0.31640625,0.5852973069417896
profile_0057,high_frequency,41,0.32421875,0.7080445612018227
profile_0057,high_frequency,42,0.33203125,0.7946244878371749
profile_0057,high_frequency,43,0.33984375,0.8057316102581547
profile_0057,high_frequency,44,0.34765625,0.736323527099196
profile_0057,high_frequency,45,0.35546875,0.6179100570187259
profile_0057,high_frequency,46,0.36328125,0.5042484397953665
profile_0057,high_frequency,47,0.37109375,0.446938673356295
profile_0057,high_frequency,48,0.37890625,0.4719981935052961
profile_0057,high_frequency,49,0.38671875,0.5680505020072302
profile_0057,high_frequency,50,0.39453125,0.691489858941466
profile_0057,high_frequency,51,0.40234375,0.7862773769726077
profile_0057,high_frequency,52,0.41015625,0.8093815046111346
profile_0057,high_frequency,53,0.41796875,0.7503134509408094
profile_0057,high_frequency,54,0.42578125,0.6358888774083774
profile_0057,high_frequency,55,0.43359375,0.5180541481544176
profile_0057,high_frequency,56,0.44140625,0.4503037667218899
profile_0057,high_frequency,57,0.44921875,0.4633949898425378
profile_0057,high_frequency,58,0.45703125,0.551384675914195
profile_0057,high_frequency,59,0.46484375,0.6743273470365404
profile_0057,high_frequency,60,0.47265625,0.776409600848703
profile_0057,high_frequency,61,0.48046875,0.8112882283256173
profile_0057,high_frequency,62,0.48828125,0.7631290617906542
profile_0057,high_frequency,63,0.49609375,0.6537953560002127
profile_0057,high_frequency,64,0.50390625,0.5329223275733811
profile_0057,high_frequency,65,0.51171875,0.4553838043567189
profile_0057,high_frequency,66,0.51953125,0.45638065481397216
profile_0057,high_frequency,67,0.52734375,0.5354603296784256
profile_0057,high_frequency,68,0.53515625,0.6567223098586719
profile_0057,high_frequency,69,0.54296875,0.7651161915438085
profile_0057,high_frequency,70,0.55078125,0.8114334186099108
profile_0057,high_frequency,71,0.55859375,0.7746469383105192
profile_0057,high_frequency,72,0.56640625,0.6714570436167128
profile_0057,high_frequency,73,0.57421875,0.5487097893566809
profile_0057,high_frequency,74,0.58203125,0.4621298627213284
profile_0057,high_frequency,75,0.58984375,0.4510227403003489
profile_0057,high_frequency,76,0.59765625,0.5204308234593078
profile_0057,high_frequency,77,0.60546875,0.6388442935397781
profile_0057,high_frequency,78,0.61328125,0.7525059107631373
profile_0057,high_frequency,79,0.62109375,0.8098156772022083
profile_0057,high_frequency,80,0.62890625,0.7847561570532078
profile_0057,high_frequency,81,0.63671875,0.6887038485512729
profile_0057,high_frequency,82,0.64453125,0.5652644916170371
profile_0057,high_frequency,83,0.65234375,0.4704769735858956
profile_0057,high_frequency,84,0.66015625,0.44737284594736876
profile_0057,high_frequency,85,0.66796875,0.5064408996176935
profile_0057,high_frequency,86,0.67578125,0.6208654731501253
profile_0057,high_frequency,87,0.68359375,0.7387002024040863
profile_0057,high_frequency,88,0.69140625,0.8064505838366137
profile_0057,high_frequency,89,0.69921875,0.7933593607159655
profile_0057,high_frequency,90,0.70703125,0.7053696746443092
profile_0057,high_frequency,91,0.71484375,0.5824270035219652
profile_0057,high_frequency,92,0.72265625,0.4803447497098017
profile_0057,high_frequency,93,0.73046875,0.4454661222328862
profile_0057,high_frequency,94,0.73828125,0.4936252887678487
profile_0057,high_frequency,95,0.74609375,0.60295899455829
profile_0057,high_frequency,96,0.75390625,0.7238320229851216
profile_0057,high_frequency,97,0.76171875,0.8013705462017844
profile_0057,high_frequency,98,0.76953125,0.8003736957445315
profile_0057,high_frequency,99,0.77734375,0.7212940208800774
profile_0057,high_frequency,100,0.78515625,0.6000320406998311
profile_0057,high_frequency,101,0.79296875,0.49163815901469465
profile_0057,high_frequency,102,0.80078125,0.4453209319485927
profile_0057,high_frequency,103,0.80859375,0.4821074122479846
profile_0057,high_frequency,104,0.81640625,0.5852973069417912
profile_0057,high_frequency,105,0.82421875,0.7080445612018218
profile_0057,high_frequency,106,0.83203125,0.7946244878371748
profile_0057,high_frequency,107,0.83984375,0.8057316102581548
profile_0057,high_frequency,108,0.84765625,0.7363235270991962
profile_0057,high_frequency,109,0.85546875,0.6179100570187261
profile_0057,high_frequency,110,0.86328125,0.5042484397953667
profile_0057,high_frequency,111,0.87109375,0.4469386733562951
profile_0057,high_frequency,112,0.87890625,0.4719981935052959
profile_0057,high_frequency,113,0.88671875,0.5680505020072311
profile_0057,high_frequency,114,0.89453125,0.6914898589414669
profile_0057,high_frequency,115,0.90234375,0.7862773769726081
profile_0057,high_frequency,116,0.91015625,0.8093815046111348
profile_0057,high_frequency,117,0.91796875,0.7503134509408106
profile_0057,high_frequency,118,0.92578125,0.635888877408379
profile_0057,high_frequency,119,0.93359375,0.5180541481544179
profile_0057,high_frequency,120,0.94140625,0.45030376672189
profile_0057,high_frequency,121,0.94921875,0.46339498984253763
profile_0057,high_frequency,122,0.95703125,0.5513846759141947
profile_0057,high_frequency,123,0.96484375,0.6743273470365401
profile_0057,high_frequency,124,0.97265625,0.7764096008487029
profile_0057,high_frequency,125,0.98046875,0.8112882283256172
profile_0057,high_frequency,126,0.98828125,0.7631290617906535
profile_0057,high_frequency,127,0.99609375,0.6537953560002117
profile_0058,low_frequency,0,0.00390625,0.13392513150936614
profile_0058,low_frequency,1,0.01171875,0.13554062960014246
profile_0058,low_frequency,2,0.01953125,0.13875688299362254
profile_0058,low_frequency,3,0.02734375,0.14354454198398248
profile_0058,low_frequency,4,0.03515625,0.14985992042467222
profile_0058,low_frequency,5,0.04296875,0.15764539829680846
profile_0058,low_frequency,6,0.05078125,0.1668299526255448
profile_0058,low_frequency,7,0.05859375,0.17732981180821383
profile_0058,low_frequency,8,0.06640625,0.1890492272716553
profile_0058,low_frequency,9,0.07421875,0.20188135528701046
profile_0058,low_frequency,10,0.08203125,0.2157092407485759
profile_0058,low_frequency,11,0.08984375,0.23040689377869739
profile_0058,low_frequency,12,0.09765625,0.2458404491619901
profile_0058,low_frequency,13,0.10546875,0.2618693978474449
profile_0058,low_frequency,14,0.11328125,0.2783478790934002
profile_0058,low_frequency,15,0.12109375,0.2951260212740845
profile_0058,low_frequency,16,0.12890625,0.31205131892268023
profile_0058,low_frequency,17,0.13671875,0.3289700332587193
profile_0058,low_frequency,18,0.14453125,0.3457286032401028
profile_0058,low_frequency,19,0.15234375,0.3621750540940163
profile_0058,low_frequency,20,0.16015625,0.3781603903172126
profile_0058,low_frequency,21,0.16796875,0.39353996029411564
profile_0058,low_frequency,22,0.17578125,0.40817477995937224
profile_0058,low_frequency,23,0.18359375,0.42193280332712835
profile_0058,low_frequency,24,0.19140625,0.4346901282185849
profile_0058,low_frequency,25,0.19921875,0.4463321261373938
profile_0058,low_frequency,26,0.20703125,0.4567544859632515
profile_0058,low_frequency,27,0.21484375,0.4658641619507331
profile_0058,low_frequency,28,0.22265625,0.4735802174251744
profile_0058,low_frequency,29,0.23046875,0.4798345565516269
profile_0058,low_frequency,30,0.23828125,0.4845725376071941
profile_0058,low_frequency,31,0.24609375,0.48775346230138017
profile_0058,low_frequency,32,0.25390625,0.48935093685284725
profile_0058,low_frequency,33,0.26171875,0.4893531017331476
profile_0058,low_frequency,34,0.26953125,0.4877627282171364
profile_0058,low_frequency,35,0.27734375,0.48459718112428707
profile_0058,low_frequency,36,0.28515625,0.47988824838319033
profile_0058,low_frequency,37,0.29296875,0.4736818392913651
profile_0058,low_frequency,38,0.30078125,0.4660375545624096
profile_0058,low_frequency,39,0.30859375,0.45702813244100327
profile_0058,low_frequency,40,0.31640625,0.44673877631210757
profile_0058,low_frequency,41,0.32421875,0.4352663703231747
profile_0058,low_frequency,42,0.33203125,0.4227185905669988
profile_0058,low_frequency,43,0.33984375,0.40921292032838674
profile_0058,low_frequency,44,0.34765625,0.3948755787712077
profile_0058,low_frequency,45,0.35546875,0.37984037322544983
profile_0058,low_frequency,46,0.36328125,0.3642474859194168
profile_0058,low_frequency,47,0.37109375,0.3482422065838564
profile_0058,low_frequency,48,0.37890625,0.3319736228272716
profile_0058,low_frequency,49,0.38671875,0.31559328054069
profile_0058,low_frequency,50,0.39453125,0.29925382683256907
profile_0058,low_frequency,51,0.40234375,0.2831076481182274
profile_0058,low_frequency,52,0.41015625,0.2673055159923077
profile_0058,low_frequency,53,0.41796875,0.25199525339748485
profile_0058,low_frequency,54,0.42578125,0.23732043336932152
profile_0058,low_frequency,55,0.43359375,0.22341912228829164
profile_0058,low_frequency,56,0.44140625,0.2104226791091388
profile_0058,low_frequency,57,0.44921875,0.19845462146955062
profile_0058,low_frequency,58,0.45703125,0.1876295689102625
profile_0058,low_frequency,59,0.46484375,0.17805227267379098
profile_0058,low_frequency,60,0.47265625,0.16981674069654296
profile_0058,low_frequency,61,0.48046875,0.1630054654774138
profile_0058,low_frequency,62,0.48828125,0.15768876150422995
profile_0058,low_frequency,63,0.49609375,0.15392421785729904
profile_0058,low_frequency,64,0.50390625,0.15175627049714224
profile_0058,low_frequency,65,0.51171875,0.1512158975920207
profile_0058,low_frequency,66,0.51953125,0.15232044006120038
profile_0058,low_frequency,67,0.52734375,0.15507354831342657
profile_0058,low_frequency,68,0.53515625,0.159465254958284
profile_0058,low_frequency,69,0.54296875,0.16547217207255738
profile_0058,low_frequency,70,0.55078125,0.17305781042580948
profile_0058,low_frequency,71,0.55859375,0.18217301692044496
profile_0058,low_frequency,72,0.56640625,0.19275652539246646
profile_0058,low_frequency,73,0.57421875,0.20473561486052616
profile_0058,low_frequency,74,0.58203125,0.2180268683127662
profile_0058,low_frequency,75,0.58984375,0.23253702419279243
profile_0058,low_frequency,76,0.59765625,0.24816391189665477
profile_0058,low_frequency,77,0.60546875,0.26479746182993513
profile_0058,low_frequency,78,0.61328125,0.2823207799050651
profile_0058,low_frequency,79,0.62109375,0.30061127579002256
profile_0058,low_frequency,80,0.62890625,0.31954183375583134
profile_0058,low_frequency,81,0.63671875,0.33898201461599453
profile_0058,low_frequency,82,0.64453125,0.3587992770092765
profile_0058,low_frequency,83,0.65234375,0.37886020615015026
profile_0058,low_frequency,84,0.66015625,0.39903173815966697
profile_0058,low_frequency,85,0.66796875,0.41918236819330623
profile_0058,low_frequency,86,0.67578125,0.43918333080019134
profile_0058,low_frequency,87,0.68359375,0.4589097412775278
profile_0058,low_frequency,88,0.69140625,0.47824168722172655
profile_0058,low_frequency,89,0.69921875,0.4970652600188772
profile_0058,low_frequency,90,0.70703125,0.5152735166565423
profile_0058,low_frequency,91,0.71484375,0.5327673629697172
profile_0058,low_frequency,92,0.72265625,0.5494563502489658
profile_0058,low_frequency,93,0.73046875,0.5652593780299868
profile_0058,low_frequency,94,0.73828125,0.5801052968423304
profile_0058,low_frequency,95,0.74609375,0.5939334057111543
profile_0058,low_frequency,96,0.75390625,0.6066938402697015
profile_0058,low_frequency,97,0.76171875,0.6183478484411071
profile_0058,low_frequency,98,0.76953125,0.6288679517753168
profile_0058,low_frequency,99,0.77734375,0.6382379916692589
profile_0058,low_frequency,100,0.78515625,0.6464530608447032
profile_0058,low_frequency,101,0.79296875,0.6535193215972412
profile_0058,low_frequency,102,0.80078125,0.6594537134503593
profile_0058,low_frequency,103,0.80859375,0.6642835539396947
profile_0058,low_frequency,104,0.81640625,0.6680460373036239
profile_0058,low_frequency,105,0.82421875,0.6707876368570416
profile_0058,low_frequency,106,0.83203125,0.6725634177658657
profile_0058,low_frequency,107,0.83984375,0.67343626781124
profile_0058,low_frequency,108,0.84765625,0.673476054526212
profile_0058,low_frequency,109,0.85546875,0.6727587177961019
profile_0058,low_frequency,110,0.86328125,0.6713653076300563
profile_0058,low_frequency,111,0.87109375,0.6693809773294488
profile_0058,low_frequency,112,0.87890625,0.666893942693892
profile_0058,low_frequency,113,0.88671875,0.6639944182137449
profile_0058,low_frequency,114,0.89453125,0.6607735413962073
profile_0058,low_frequency,115,0.90234375,0.6573222964586287
profile_0058,low_frequency,116,0.91015625,0.6537304485967834
profile_0058,low_frequency,117,0.91796875,0.6500854998979739
profile_0058,low_frequency,118,0.92578125,0.6464716777204493
profile_0058,low_frequency,119,0.93359375,0.6429689660042863
profile_0058,low_frequency,120,0.94140625,0.6396521895182805
profile_0058,low_frequency,121,0.94921875,0.6365901604871427
profile_0058,low_frequency,122,0.95703125,0.6338448963890584
profile_0058,low_frequency,123,0.96484375,0.6314709169719963
profile_0058,low_frequency,124,0.97265625,0.6295146277154493
profile_0058,low_frequency,125,0.98046875,0.6280137960707841
profile_0058,low_frequency,126,0.98828125,0.6269971258569151
profile_0058,low_frequency,127,0.99609375,0.6264839341781969
profile_0059,piecewise,0,0.00390625,0.047323503279288984
profile_0059,piecewise,1,0.01171875,0.09464700655857797
profile_0059,piecewise,2,0.01953125,0.09464700655857797
profile_0059,piecewise,3,0.02734375,0.09464700655857797
profile_0059,piecewise,4,0.03515625,0.09464700655857797
profile_0059,piecewise,5,0.04296875,0.09464700655857797
profile_0059,piecewise,6,0.05078125,0.09464700655857797
profile_0059,piecewise,7,0.05859375,0.09464700655857797
profile_0059,piecewise,8,0.06640625,0.09464700655857797
profile_0059,piecewise,9,0.07421875,0.09464700655857797
profile_0059,piecewise,10,0.08203125,0.09464700655857797
profile_0059,piecewise,11,0.08984375,0.09464700655857797
profile_0059,piecewise,12,0.09765625,0.09464700655857797
profile_0059,piecewise,13,0.10546875,0.09464700655857797
profile_0059,piecewise,14,0.11328125,0.09464700655857797
profile_0059,piecewise,15,0.12109375,0.09464700655857797
profile_0059,piecewise,16,0.12890625,0.09464700655857797
profile_0059,piecewise,17,0.13671875,0.09464700655857797
profile_0059,piecewise,18,0.14453125,0.09464700655857797
profile_0059,piecewise,19,0.15234375,0.09464700655857797
profile_0059,piecewise,20,0.16015625,0.09464700655857797
profile_0059,piecewise,21,0.16796875,0.09464700655857797
profile_0059,piecewise,22,0.17578125,0.09464700655857797
profile_0059,piecewise,23,0.18359375,0.09464700655857797
profile_0059,piecewise,24,0.19140625,0.09464700655857797
profile_0059,piecewise,25,0.19921875,0.09464700655857797
profile_0059,piecewise,26,0.20703125,0.09464700655857797
profile_0059,piecewise,27,0.21484375,0.09464700655857797
profile_0059,piecewise,28,0.22265625,0.09464700655857797
profile_0059,piecewise,29,0.23046875,0.09464700655857797
profile_0059,piecewise,30,0.23828125,0.09464700655857797
profile_0059,piecewise,31,0.24609375,0.09464700655857797
profile_0059,piecewise,32,0.25390625,0.09464700655857797
profile_0059,piecewise,33,0.26171875,0.09464700655857797
profile_0059,piecewise,34,0.26953125,0.09464700655857797
profile_0059,piecewise,35,0.27734375,0.09464700655857797
profile_0059,piecewise,36,0.28515625,0.09464700655857797
profile_0059,piecewise,37,0.29296875,0.09464700655857797
profile_0059,piecewise,38,0.30078125,0.09464700655857797
profile_0059,piecewise,39,0.30859375,0.09464700655857797
profile_0059,piecewise,40,0.31640625,0.09464700655857797
profile_0059,piecewise,41,0.32421875,0.09464700655857797
profile_0059,piecewise,42,0.33203125,0.09464700655857797
profile_0059,piecewise,43,0.33984375,0.3896426029434601
profile_0059,piecewise,44,0.34765625,0.6846381993283422
profile_0059,piecewise,45,0.35546875,0.6846381993283422
profile_0059,piecewise,46,0.36328125,0.6846381993283422
profile_0059,piecewise,47,0.37109375,0.6846381993283422
profile_0059,piecewise,48,0.37890625,0.6846381993283422
profile_0059,piecewise,49,0.38671875,0.6846381993283422
profile_0059,piecewise,50,0.39453125,0.6846381993283422
profile_0059,piecewise,51,0.40234375,0.6846381993283422
profile_0059,piecewise,52,0.41015625,0.6846381993283422
profile_0059,piecewise,53,0.41796875,0.6846381993283422
profile_0059,piecewise,54,0.42578125,0.6846381993283422
profile_0059,piecewise,55,0.43359375,0.6846381993283422
profile_0059,piecewise,56,0.44140625,0.6846381993283422
profile_0059,piecewise,57,0.44921875,0.6846381993283422
profile_0059,piecewise,58,0.45703125,0.6846381993283422
profile_0059,piecewise,59,0.46484375,0.6846381993283422
profile_0059,piecewise,60,0.47265625,0.6846381993283422
profile_0059,piecewise,61,0.48046875,0.6846381993283422
profile_0059,piecewise,62,0.48828125,0.6846381993283422
profile_0059,piecewise,63,0.49609375,0.6846381993283422
profile_0059,piecewise,64,0.50390625,0.6846381993283422
profile_0059,piecewise,65,0.51171875,0.6846381993283422
profile_0059,piecewise,66,0.51953125,0.6846381993283422
profile_0059,piecewise,67,0.52734375,0.6846381993283422
profile_0059,piecewise,68,0.53515625,0.6846381993283422
profile_0059,piecewise,69,0.54296875,0.6846381993283422
profile_0059,piecewise,70,0.55078125,0.6846381993283422
profile_0059,piecewise,71,0.55859375,0.6846381993283422
profile_0059,piecewise,72,0.56640625,0.6846381993283422
profile_0059,piecewise,73,0.57421875,0.6846381993283422
profile_0059,piecewise,74,0.58203125,0.6846381993283422
profile_0059,piecewise,75,0.58984375,0.6846381993283422
profile_0059,piecewise,76,0.59765625,0.6846381993283422
profile_0059,piecewise,77,0.60546875,0.6846381993283422
profile_0059,piecewise,78,0.61328125,0.6846381993283422
profile_0059,piecewise,79,0.62109375,0.6846381993283422
profile_0059,piecewise,80,0.62890625,0.6846381993283422
profile_0059,piecewise,81,0.63671875,0.6846381993283422
profile_0059,piecewise,82,0.64453125,0.6846381993283422
profile_0059,piecewise,83,0.65234375,0.6846381993283422
profile_0059,piecewise,84,0.66015625,0.6846381993283422
profile_0059,piecewise,85,0.66796875,0.41892070515009905
profile_0059,piecewise,86,0.67578125,0.15320321097185588
profile_0059,piecewise,87,0.68359375,0.15320321097185588
profile_0059,piecewise,88,0.69140625,0.15320321097185588
profile_0059,piecewise,89,0.69921875,0.15320321097185588
profile_0059,piecewise,90,0.70703125,0.15320321097185588
profile_0059,piecewise,91,0.71484375,0.15320321097185588
profile_0059,piecewise,92,0.72265625,0.15320321097185588
profile_0059,piecewise,93,0.73046875,0.15320321097185588
profile_0059,piecewise,94,0.73828125,0.15320321097185588
profile_0059,piecewise,95,0.74609375,0.15320321097185588
profile_0059,piecewise,96,0.75390625,0.15320321097185588
profile_0059,piecewise,97,0.76171875,0.15320321097185588
profile_0059,piecewise,98,0.76953125,0.15320321097185588
profile_0059,piecewise,99,0.77734375,0.15320321097185588
profile_0059,piecewise,100,0.78515625,0.15320321097185588
profile_0059,piecewise,101,0.79296875,0.15320321097185588
profile_0059,piecewise,102,0.80078125,0.15320321097185588
profile_0059,piecewise,103,0.80859375,0.15320321097185588
profile_0059,piecewise,104,0.81640625,0.15320321097185588
profile_0059,piecewise,105,0.82421875,0.15320321097185588
profile_0059,piecewise,106,0.83203125,0.15320321097185588
profile_0059,piecewise,107,0.83984375,0.15320321097185588
profile_0059,piecewise,108,0.84765625,0.15320321097185588
profile_0059,piecewise,109,0.85546875,0.15320321097185588
profile_0059,piecewise,110,0.86328125,0.15320321097185588
profile_0059,piecewise,111,0.87109375,0.15320321097185588
profile_0059,piecewise,112,0.87890625,0.15320321097185588
profile_0059,piecewise,113,0.88671875,0.15320321097185588
profile_0059,piecewise,114,0.89453125,0.15320321097185588
profile_0059,piecewise,115,0.90234375,0.15320321097185588
profile_0059,piecewise,116,0.91015625,0.15320321097185588
profile_0059,piecewise,117,0.91796875,0.15320321097185588
profile_0059,piecewise,118,0.92578125,0.15320321097185588
profile_0059,piecewise,119,0.93359375,0.15320321097185588
profile_0059,piecewise,120,0.94140625,0.15320321097185588
profile_0059,piecewise,121,0.94921875,0.15320321097185588
profile_0059,piecewise,122,0.95703125,0.15320321097185588
profile_0059,piecewise,123,0.96484375,0.15320321097185588
profile_0059,piecewise,124,0.97265625,0.15320321097185588
profile_0059,piecewise,125,0.98046875,0.15320321097185588
profile_0059,piecewise,126,0.98828125,0.15320321097185588
profile_0059,piecewise,127,0.99609375,0.15320321097185588
profile_0060,high_frequency,0,0.00390625,0.4352823508399235
profile_0060,high_frequency,1,0.01171875,0.4654921167608751
profile_0060,high_frequency,2,0.01953125,0.5070460433064785
profile_0060,high_frequency,3,0.02734375,0.5557495259242138
profile_0060,high_frequency,4,0.03515625,0.6066862578557359
profile_0060,high_frequency,5,0.04296875,0.6547145000305876
profile_0060,high_frequency,6,0.05078125,0.6949861069178027
profile_0060,high_frequency,7,0.05859375,0.7234359159773021
profile_0060,high_frequency,8,0.06640625,0.737192099959058
profile_0060,high_frequency,9,0.07421875,0.7348660595957582
profile_0060,high_frequency,10,0.08203125,0.7166925938657026
profile_0060,high_frequency,11,0.08984375,0.6845061985295429
profile_0060,high_frequency,12,0.09765625,0.6415558854528148
profile_0060,high_frequency,13,0.10546875,0.5921772155256806
profile_0060,high_frequency,14,0.11328125,0.5413546513703769
profile_0060,high_frequency,15,0.12109375,0.4942184075465942
profile_0060,high_frequency,16,0.12890625,0.45552658802592627
profile_0060,high_frequency,17,0.13671875,0.42918488586312015
profile_0060,high_frequency,18,0.14453125,0.4178523283270428
profile_0060,high_frequency,19,0.15234375,0.4226728650124538
profile_0060,high_frequency,20,0.16015625,0.4431598934052918
profile_0060,high_frequency,21,0.16796875,0.4772453783110995
profile_0060,high_frequency,22,0.17578125,0.5214886068527477
profile_0060,high_frequency,23,0.18359375,0.5714235065483655
profile_0060,high_frequency,24,0.19140625,0.6220094669188699
profile_0060,high_frequency,25,0.19921875,0.6681401570515643
profile_0060,high_frequency,26,0.20703125,0.705158977223457
profile_0060,high_frequency,27,0.21484375,0.7293291130217989
profile_0060,high_frequency,28,0.22265625,0.7382107429884786
profile_0060,high_frequency,29,0.23046875,0.7309073230760605
profile_0060,high_frequency,30,0.23828125,0.7081560870662903
profile_0060,high_frequency,31,0.24609375,0.6722536275095087
profile_0060,high_frequency,32,0.25390625,0.6268240693157465
profile_0060,high_frequency,33,0.26171875,0.576453237398792
profile_0060,high_frequency,34,0.26953125,0.5262257468224267
profile_0060,high_frequency,35,0.27734375,0.48121174325392135
profile_0060,high_frequency,36,0.28515625,0.44595510401106375
profile_0060,high_frequency,37,0.29296875,0.42401476255137793
profile_0060,high_frequency,38,0.30078125,0.4176054567786247
profile_0060,high_frequency,39,0.30859375,0.4273741653397767
profile_0060,high_frequency,40,0.31640625,0.4523347992461588
profile_0060,high_frequency,41,0.32421875,0.489967741284158
profile_0060,high_frequency,42,0.33203125,0.5364741853451859
profile_0060,high_frequency,43,0.33984375,0.5871596017374254
profile_0060,high_frequency,44,0.34765625,0.6369076200954444
profile_0060,high_frequency,45,0.35546875,0.6806964944224031
profile_0060,high_frequency,46,0.36328125,0.7141060164041728
profile_0060,high_frequency,47,0.37109375,0.7337637073208793
profile_0060,high_frequency,48,0.37890625,0.7376852483207107
profile_0060,high_frequency,49,0.38671875,0.7254747847853862
profile_0060,high_frequency,50,0.39453125,0.6983648853357663
profile_0060,high_frequency,51,0.40234375,0.6590921218701751
profile_0060,high_frequency,52,0.41015625,0.6116208300391078
profile_0060,high_frequency,53,0.41796875,0.5607429347791911
profile_0060,high_frequency,54,0.42578125,0.5115942359731538
profile_0060,high_frequency,55,0.43359375,0.4691359821214477
profile_0060,high_frequency,56,0.44140625,0.4376540638655488
profile_0060,high_frequency,57,0.44921875,0.42032638059105065
profile_0060,high_frequency,58,0.45703125,0.418902051699896
profile_0060,high_frequency,59,0.46484375,0.43352485413322595
profile_0060,high_frequency,60,0.47265625,0.4627187090037631
profile_0060,high_frequency,61,0.48046875,0.5035366823698698
profile_0060,high_frequency,62,0.48828125,0.5518584594709607
profile_0060,high_frequency,63,0.49609375,0.6028062642924971
profile_0060,high_frequency,64,0.50390625,0.6512372400262105
profile_0060,high_frequency,65,0.51171875,0.6922625877502318
profile_0060,high_frequency,66,0.51953125,0.7217410595816909
profile_0060,high_frequency,67,0.52734375,0.736696991307247
profile_0060,high_frequency,68,0.53515625,0.7356206767566694
profile_0060,high_frequency,69,0.54296875,0.7186207630372021
profile_0060,high_frequency,70,0.55078125,0.6874132832992106
profile_0060,high_frequency,71,0.55859375,0.6451484341056603
profile_0060,high_frequency,72,0.56640625,0.5960925831280689
profile_0060,high_frequency,73,0.57421875,0.5451976064692295
profile_0060,high_frequency,74,0.58203125,0.4976010282704341
profile_0060,high_frequency,75,0.58984375,0.4581074203301616
profile_0060,high_frequency,76,0.59765625,0.43070341114379296
profile_0060,high_frequency,77,0.60546875,0.4181552611166909
profile_0060,high_frequency,78,0.61328125,0.42172962617297416
profile_0060,high_frequency,79,0.62109375,0.44106569689741226
profile_0060,high_frequency,80,0.62890625,0.4742116199507165
profile_0060,high_frequency,81,0.63671875,0.5178215252480406
profile_0060,high_frequency,82,0.64453125,0.5674932702603411
profile_0060,high_frequency,83,0.65234375,0.6182128082998399
profile_0060,high_frequency,84,0.66015625,0.6648603246378681
profile_0060,high_frequency,85,0.66796875,0.7027270492336326
profile_0060,high_frequency,86,0.67578125,0.7279905771164727
profile_0060,high_frequency,87,0.68359375,0.7381007158526173
profile_0060,high_frequency,88,0.69140625,0.7320369112491263
profile_0060,high_frequency,89,0.69921875,0.7104112658077324
profile_0060,high_frequency,90,0.70703125,0.6754067508709904
profile_0060,high_frequency,91,0.71484375,0.6305568495515314
profile_0060,high_frequency,92,0.72265625,0.5803888740889855
profile_0060,high_frequency,93,0.73046875,0.5299669624784724
profile_0060,high_frequency,94,0.73828125,0.4843808859539102
profile_0060,high_frequency,95,0.74609375,0.4482322689589376
profile_0060,high_frequency,96,0.75390625,0.4251700844311199
profile_0060,high_frequency,97,0.76171875,0.4175223131956915
profile_0060,high_frequency,98,0.76953125,0.42606094910997383
profile_0060,high_frequency,99,0.77734375,0.4499240711942717
profile_0060,high_frequency,100,0.78515625,0.4867028490719361
profile_0060,high_frequency,101,0.79296875,0.5326846990728648
profile_0060,high_frequency,102,0.80078125,0.5832280459385687
profile_0060,high_frequency,103,0.80859375,0.6332308603185902
profile_0060,high_frequency,104,0.81640625,0.6776456761784706
profile_0060,high_frequency,105,0.82421875,0.7119891003880641
profile_0060,high_frequency,106,0.83203125,0.7327943827383242
profile_0060,high_frequency,107,0.83984375,0.7379613623222644
profile_0060,high_frequency,108,0.84765625,0.7269684654190043
profile_0060,high_frequency,109,0.85546875,0.7009253550430655
profile_0060,high_frequency,110,0.86328125,0.6624609175218272
profile_0060,high_frequency,111,0.87109375,0.6154578931436155
profile_0060,high_frequency,112,0.87890625,0.5646609382244263
profile_0060,high_frequency,113,0.88671875,0.5151976822344693
profile_0060,high_frequency,114,0.89453125,0.47206112622095464
profile_0060,high_frequency,115,0.90234375,0.4396056311137891
profile_0060,high_frequency,116,0.91015625,0.42110737268859644
profile_0060,high_frequency,117,0.91796875,0.4184336324625362
profile_0060,high_frequency,118,0.92578125,0.43185430750327003
profile_0060,high_frequency,119,0.93359375,0.46001466603684693
profile_0060,high_frequency,120,0.94140625,0.5000720990025829
profile_0060,high_frequency,121,0.94921875,0.5479830633553725
profile_0060,high_frequency,122,0.95703125,0.5989112520143591
profile_0060,high_frequency,123,0.96484375,0.6477157882981033
profile_0060,high_frequency,124,0.97265625,0.6894701647234986
profile_0060,high_frequency,125,0.98046875,0.7199595425977574
profile_0060,high_frequency,126,0.98828125,0.7361062131730801
profile_0060,high_frequency,127,0.99609375,0.736280272766864
profile_0061,low_frequency,0,0.00390625,0.4958611415514841
profile_0061,low_frequency,1,0.01171875,0.4959612605330731
profile_0061,low_frequency,2,0.01953125,0.49616090361088827
profile_0061,low_frequency,3,0.02734375,0.49645888266038407
profile_0061,low_frequency,4,0.03515625,0.4968534196060995
profile_0061,low_frequency,5,0.04296875,0.4973421513438334
profile_0061,low_frequency,6,0.05078125,0.4979221362844848
profile_0061,low_frequency,7,0.05859375,0.4985898625032815
profile_0061,low_frequency,8,0.06640625,0.4993412574741256
profile_0061,low_frequency,9,0.07421875,0.5001716993648349
profile_0061,low_frequency,10,0.08203125,0.5010760298651782
profile_0061,low_frequency,11,0.08984375,0.5020485685157796
profile_0061,low_frequency,12,0.09765625,0.5030831285022233
profile_0061,low_frequency,13,0.10546875,0.5041730338750439
profile_0061,low_frequency,14,0.11328125,0.5053111381527213
profile_0061,low_frequency,15,0.12109375,0.5064898442613415
profile_0061,low_frequency,16,0.12890625,0.5077011257612543
profile_0061,low_frequency,17,0.13671875,0.508936549307824
profile_0061,low_frequency,18,0.14453125,0.5101872982902818
profile_0061,low_frequency,19,0.15234375,0.5114441975897326
profile_0061,low_frequency,20,0.16015625,0.512697739394552
profile_0061,low_frequency,21,0.16796875,0.5139381100087443
profile_0061,low_frequency,22,0.17578125,0.515155217586329
profile_0061,low_frequency,23,0.18359375,0.516338720722477
profile_0061,low_frequency,24,0.19140625,0.5174780578299365
profile_0061,low_frequency,25,0.19921875,0.518562477227293
profile_0061,low_frequency,26,0.20703125,0.5195810678637813
profile_0061,low_frequency,27,0.21484375,0.5205227906037204
profile_0061,low_frequency,28,0.22265625,0.5213765099922005
profile_0061,low_frequency,29,0.23046875,0.5221310264223751
profile_0061,low_frequency,30,0.23828125,0.5227751086236476
profile_0061,low_frequency,31,0.24609375,0.5232975263891744
profile_0061,low_frequency,32,0.25390625,0.523687083460413
profile_0061,low_frequency,33,0.26171875,0.5239326504859978
profile_0061,low_frequency,34,0.26953125,0.5240231979719208
profile_0061,low_frequency,35,0.27734375,0.5239478291399524
profile_0061,low_frequency,36,0.28515625,0.5236958126113465
profile_0061,low_frequency,37,0.29296875,0.5232566148332269
profile_0061,low_frequency,38,0.30078125,0.522619932165568
profile_0061,low_frequency,39,0.30859375,0.5217757225474329
profile_0061,low_frequency,40,0.31640625,0.5207142366620587
profile_0061,low_frequency,41,0.32421875,0.5194260485215081
profile_0061,low_frequency,42,0.33203125,0.5179020853929317
profile_0061,low_frequency,43,0.33984375,0.5161336569899981
profile_0061,low_frequency,44,0.34765625,0.5141124838547495
profile_0061,low_frequency,45,0.35546875,0.5118307248570202
profile_0061,low_frequency,46,0.36328125,0.5092810037406248
profile_0061,low_frequency,47,0.37109375,0.5064564346477469
profile_0061,low_frequency,48,0.37890625,0.5033506465553712
profile_0061,low_frequency,49,0.38671875,0.49995780656015865
profile_0061,low_frequency,50,0.39453125,0.4962726419508908
profile_0061,low_frequency,51,0.40234375,0.4922904610104779
profile_0061,low_frequency,52,0.41015625,0.48800717249253667
profile_0061,low_frequency,53,0.41796875,0.4834193037206941
profile_0061,low_frequency,54,0.42578125,0.47852401726204874
profile_0061,low_frequency,55,0.43359375,0.4733191261296187
profile_0061,low_frequency,56,0.44140625,0.4678031074721106
profile_0061,low_frequency,57,0.44921875,0.46197511471295827
profile_0061,low_frequency,58,0.45703125,0.45583498810428547
profile_0061,low_frequency,59,0.46484375,0.4493832636652362
profile_0061,low_frequency,60,0.47265625,0.4426211804779898
profile_0061,low_frequency,61,0.48046875,0.4355506863187103
profile_0061,low_frequency,62,0.48828125,0.42817444160467244
profile_0061,low_frequency,63,0.49609375,0.4204958216428558
profile_0061,low_frequency,64,0.50390625,0.4125189171693715
profile_0061,low_frequency,65,0.51171875,0.4042485331731984
profile_0061,low_frequency,66,0.51953125,0.3956901860018386
profile_0061,low_frequency,67,0.52734375,0.38685009875063137
profile_0061,low_frequency,68,0.53515625,0.3777351949416081
profile_0061,low_frequency,69,0.54296875,0.36835309050189324
profile_0061,low_frequency,70,0.55078125,0.3587120840557587
profile_0061,low_frequency,71,0.55859375,0.34882114554851806
profile_0061,low_frequency,72,0.56640625,0.338689903224474
profile_0061,low_frequency,73,0.57421875,0.32832862898511894
profile_0061,low_frequency,74,0.58203125,0.3177482221577099
profile_0061,low_frequency,75,0.58984375,0.3069601917081911
profile_0061,low_frequency,76,0.59765625,0.29597663693621246
profile_0061,low_frequency,77,0.60546875,0.2848102266936814
profile_0061,low_frequency,78,0.61328125,0.27347417717186717
profile_0061,low_frequency,79,0.62109375,0.2619822283055726
profile_0061,low_frequency,80,0.62890625,0.2503486188462485
profile_0061,low_frequency,81,0.63671875,0.23858806015917733
profile_0061,low_frequency,82,0.64453125,0.2267157088029762
profile_0061,low_frequency,83,0.65234375,0.21474713795264244
profile_0061,low_frequency,84,0.66015625,0.20269830773020847
profile_0061,low_frequency,85,0.66796875,0.1905855345097508
profile_0061,low_frequency,86,0.67578125,0.17842545926603393
profile_0061,low_frequency,87,0.68359375,0.16623501503842553
profile_0061,low_frequency,88,0.69140625,0.1540313935839146
profile_0061,low_frequency,89,0.69921875,0.14183201129508638
profile_0061,low_frequency,90,0.70703125,0.12965447446073675
profile_0061,low_frequency,91,0.71484375,0.117516543948476
profile_0061,low_frequency,92,0.72265625,0.1054360993901231
profile_0061,low_frequency,93,0.73046875,0.09343110295197266
profile_0061,low_frequency,94,0.73828125,0.08151956277309513
profile_0061,low_frequency,95,0.74609375,0.06971949615570328
profile_0061,low_frequency,96,0.75390625,0.05804889259230839
profile_0061,low_frequency,97,0.76171875,0.04652567671485808
profile_0061,low_frequency,98,0.76953125,0.035167671251330135
profile_0061,low_frequency,99,0.77734375,0.02399256007532269
profile_0061,low_frequency,100,0.78515625,0.01301785143405576
profile_0061,low_frequency,101,0.79296875,0.0022608414398536114
profile_0061,low_frequency,102,0.80078125,0.0
profile_0061,low_frequency,103,0.80859375,0.0
profile_0061,low_frequency,104,0.81640625,0.0
profile_0061,low_frequency,105,0.82421875,0.0
profile_0061,low_frequency,106,0.83203125,0.0
profile_0061,low_frequency,107,0.83984375,0.0
profile_0061,low_frequency,108,0.84765625,0.0
profile_0061,low_frequency,109,0.85546875,0.0
profile_0061,low_frequency,110,0.86328125,0.0
profile_0061,low_frequency,111,0.87109375,0.0
profile_0061,low_frequency,112,0.87890625,0.0
profile_0061,low_frequency,113,0.88671875,0.0
profile_0061,low_frequency,114,0.89453125,0.0
profile_0061,low_frequency,115,0.90234375,0.0
profile_0061,low_frequency,116,0.91015625,0.0
profile_0061,low_frequency,117,0.91796875,0.0
profile_0061,low_frequency,118,0.92578125,0.0
profile_0061,low_frequency,119,0.93359375,0.0
profile_0061,low_frequency,120,0.94140625,0.0
profile_0061,low_frequency,121,0.94921875,0.0
profile_0061,low_frequency,122,0.95703125,0.0
profile_0061,low_frequency,123,0.96484375,0.0
profile_0061,low_frequency,124,0.97265625,0.0
profile_0061,low_frequency,125,0.98046875,0.0
profile_0061,low_frequency,126,0.98828125,0.0
profile_0061,low_frequency,127,0.99609375,0.0
profile_0062,piecewise,0,0.00390625,0.23968383174715646
profile_0062,piecewise,1,0.01171875,0.4793676634943129
profile_0062,piecewise,2,0.01953125,0.4793676634943129
profile_0062,piecewise,3,0.02734375,0.4793676634943129
profile_0062,piecewise,4,0.03515625,0.4793676634943129
profile_0062,piecewise,5,0.04296875,0.4793676634943129
profile_0062,piecewise,6,0.05078125,0.4793676634943129
profile_0062,piecewise,7,0.05859375,0.4793676634943129
profile_0062,piecewise,8,0.06640625,0.4793676634943129
profile_0062,piecewise,9,0.07421875,0.4793676634943129
profile_0062,piecewise,10,0.08203125,0.4793676634943129
profile_0062,piecewise,11,0.08984375,0.4793676634943129
profile_0062,piecewise,12,0.09765625,0.4793676634943129
profile_0062,piecewise,13,0.10546875,0.4793676634943129
profile_0062,piecewise,14,0.11328125,0.4793676634943129
profile_0062,piecewise,15,0.12109375,0.4793676634943129
profile_0062,piecewise,16,0.12890625,0.4793676634943129
profile_0062,piecewise,17,0.13671875,0.4793676634943129
profile_0062,piecewise,18,0.14453125,0.4793676634943129
profile_0062,piecewise,19,0.15234375,0.4793676634943129
profile_0062,piecewise,20,0.16015625,0.4793676634943129
profile_0062,piecewise,21,0.16796875,0.4793676634943129
profile_0062,piecewise,22,0.17578125,0.4793676634943129
profile_0062,piecewise,23,0.18359375,0.4793676634943129
profile_0062,piecewise,24,0.19140625,0.4793676634943129
profile_0062,piecewise,25,0.19921875,0.4793676634943129
profile_0062,piecewise,26,0.20703125,0.4793676634943129
profile_0062,piecewise,27,0.21484375,0.4793676634943129
profile_0062,piecewise,28,0.22265625,0.4793676634943129
profile_0062,piecewise,29,0.23046875,0.4793676634943129
profile_0062,piecewise,30,0.23828125,0.4793676634943129
profile_0062,piecewise,31,0.24609375,0.4793676634943129
profile_0062,piecewise,32,0.25390625,0.4793676634943129
profile_0062,piecewise,33,0.26171875,0.4793676634943129
profile_0062,piecewise,34,0.26953125,0.4793676634943129
profile_0062,piecewise,35,0.27734375,0.4793676634943129
profile_0062,piecewise,36,0.28515625,0.4793676634943129
profile_0062,piecewise,37,0.29296875,0.4793676634943129
profile_0062,piecewise,38,0.30078125,0.4793676634943129
profile_0062,piecewise,39,0.30859375,0.4793676634943129
profile_0062,piecewise,40,0.31640625,0.4793676634943129
profile_0062,piecewise,41,0.32421875,0.4793676634943129
profile_0062,piecewise,42,0.33203125,0.4793676634943129
profile_0062,piecewise,43,0.33984375,0.29487283088019556
profile_0062,piecewise,44,0.34765625,0.11037799826607816
profile_0062,piecewise,45,0.35546875,0.11037799826607816
profile_0062,piecewise,46,0.36328125,0.11037799826607816
profile_0062,piecewise,47,0.37109375,0.11037799826607816
profile_0062,piecewise,48,0.37890625,0.11037799826607816
profile_0062,piecewise,49,0.38671875,0.11037799826607816
profile_0062,piecewise,50,0.39453125,0.11037799826607816
profile_0062,piecewise,51,0.40234375,0.11037799826607816
profile_0062,piecewise,52,0.41015625,0.11037799826607816
profile_0062,piecewise,53,0.41796875,0.11037799826607816
profile_0062,piecewise,54,0.42578125,0.11037799826607816
profile_0062,piecewise,55,0.43359375,0.11037799826607816
profile_0062,piecewise,56,0.44140625,0.11037799826607816
profile_0062,piecewise,57,0.44921875,0.11037799826607816
profile_0062,piecewise,58,0.45703125,0.11037799826607816
profile_0062,piecewise,59,0.46484375,0.11037799826607816
profile_0062,piecewise,60,0.47265625,0.11037799826607816
profile_0062,piecewise,61,0.48046875,0.11037799826607816
profile_0062,piecewise,62,0.48828125,0.11037799826607816
profile_0062,piecewise,63,0.49609375,0.11037799826607816
profile_0062,piecewise,64,0.50390625,0.11037799826607816
profile_0062,piecewise,65,0.51171875,0.11037799826607816
profile_0062,piecewise,66,0.51953125,0.11037799826607816
profile_0062,piecewise,67,0.52734375,0.11037799826607816
profile_0062,piecewise,68,0.53515625,0.11037799826607816
profile_0062,piecewise,69,0.54296875,0.11037799826607816
profile_0062,piecewise,70,0.55078125,0.11037799826607816
profile_0062,piecewise,71,0.55859375,0.11037799826607816
profile_0062,piecewise,72,0.56640625,0.11037799826607816
profile_0062,piecewise,73,0.57421875,0.11037799826607816
profile_0062,piecewise,74,0.58203125,0.11037799826607816
profile_0062,piecewise,75,0.58984375,0.11037799826607816
profile_0062,piecewise,76,0.59765625,0.11037799826607816
profile_0062,piecewise,77,0.60546875,0.11037799826607816
profile_0062,piecewise,78,0.61328125,0.11037799826607816
profile_0062,piecewise,79,0.62109375,0.11037799826607816
profile_0062,piecewise,80,0.62890625,0.11037799826607816
profile_0062,piecewise,81,0.63671875,0.11037799826607816
profile_0062,piecewise,82,0.64453125,0.11037799826607816
profile_0062,piecewise,83,0.65234375,0.11037799826607816
profile_0062,piecewise,84,0.66015625,0.11037799826607816
profile_0062,piecewise,85,0.66796875,0.4407934123617806
profile_0062,piecewise,86,0.67578125,0.771208826457483
profile_0062,piecewise,87,0.68359375,0.771208826457483
profile_0062,piecewise,88,0.69140625,0.771208826457483
profile_0062,piecewise,89,0.69921875,0.771208826457483
profile_0062,piecewise,90,0.70703125,0.771208826457483
profile_0062,piecewise,91,0.71484375,0.771208826457483
profile_0062,piecewise,92,0.72265625,0.771208826457483
profile_0062,piecewise,93,0.73046875,0.771208826457483
profile_0062,piecewise,94,0.73828125,0.771208826457483
profile_0062,piecewise,95,0.74609375,0.771208826457483
profile_0062,piecewise,96,0.75390625,0.771208826457483
profile_0062,piecewise,97,0.76171875,0.771208826457483
profile_0062,piecewise,98,0.76953125,0.771208826457483
profile_0062,piecewise,99,0.77734375,0.771208826457483
profile_0062,piecewise,100,0.78515625,0.771208826457483
profile_0062,piecewise,101,0.79296875,0.771208826457483
profile_0062,piecewise,102,0.80078125,0.771208826457483
profile_0062,piecewise,103,0.80859375,0.771208826457483
profile_0062,piecewise,104,0.81640625,0.771208826457483
profile_0062,piecewise,105,0.82421875,0.771208826457483
profile_0062,piecewise,106,0.83203125,0.771208826457483
profile_0062,piecewise,107,0.83984375,0.771208826457483
profile_0062,piecewise,108,0.84765625,0.771208826457483
profile_0062,piecewise,109,0.85546875,0.771208826457483
profile_0062,piecewise,110,0.86328125,0.771208826457483
profile_0062,piecewise,111,0.87109375,0.771208826457483
profile_0062,piecewise,112,0.87890625,0.771208826457483
profile_0062,piecewise,113,0.88671875,0.771208826457483
profile_0062,piecewise,114,0.89453125,0.771208826457483
profile_0062,piecewise,115,0.90234375,0.771208826457483
profile_0062,piecewise,116,0.91015625,0.771208826457483
profile_0062,piecewise,117,0.91796875,0.771208826457483
profile_0062,piecewise,118,0.92578125,0.771208826457483
profile_0062,piecewise,119,0.93359375,0.771208826457483
profile_0062,piecewise,120,0.94140625,0.771208826457483
profile_0062,piecewise,121,0.94921875,0.771208826457483
profile_0062,piecewise,122,0.95703125,0.771208826457483
profile_0062,piecewise,123,0.96484375,0.771208826457483
profile_0062,piecewise,124,0.97265625,0.771208826457483
profile_0062,piecewise,125,0.98046875,0.771208826457483
profile_0062,piecewise,126,0.98828125,0.771208826457483
profile_0062,piecewise,127,0.99609375,0.771208826457483
profile_0063,high_frequency,0,0.00390625,0.4690961634574714
profile_0063,high_frequency,1,0.01171875,0.5580372262162137
profile_0063,high_frequency,2,0.01953125,0.5832152520523083
profile_0063,high_frequency,3,0.02734375,0.5252548230592072
profile_0063,high_frequency,4,0.03515625,0.4287586233827906
profile_0063,high_frequency,5,0.04296875,0.3679840315520765
profile_0063,high_frequency,6,0.05078125,0.38969933363069587
profile_0063,high_frequency,7,0.05859375,0.4771938051369455
profile_0063,high_frequency,8,0.06640625,0.5631372288019287
profile_0063,high_frequency,9,0.07421875,0.581392975778384
profile_0063,high_frequency,10,0.08203125,0.5179125766125243
profile_0063,high_frequency,11,0.08984375,0.42154653573705964
profile_0063,high_frequency,12,0.09765625,0.36645206969137945
profile_0063,high_frequency,13,0.10546875,0.3950263986118958
profile_0063,high_frequency,14,0.11328125,0.48528052432066254
profile_0063,high_frequency,15,0.12109375,0.5677605740326831
profile_0063,high_frequency,16,0.12890625,0.5789951126749076
profile_0063,high_frequency,17,0.13671875,0.5103387491194775
profile_0063,high_frequency,18,0.14453125,0.41462508296987477
profile_0063,high_frequency,19,0.15234375,0.36550930439425894
profile_0063,high_frequency,20,0.16015625,0.40078781339249736
profile_0063,high_frequency,21,0.16796875,0.4933124983767115
profile_0063,high_frequency,22,0.17578125,0.5718822076000922
profile_0063,high_frequency,23,0.18359375,0.5760346569697938
profile_0063,high_frequency,24,0.19140625,0.5025743838074668
profile_0063,high_frequency,25,0.19921875,0.40803177303347415
profile_0063,high_frequency,26,0.20703125,0.3651608445875437
profile_0063,high_frequency,27,0.21484375,0.40695235636662025
profile_0063,high_frequency,28,0.22265625,0.5012462013417712
profile_0063,high_frequency,29,0.23046875,0.5754797940147452
profile_0063,high_frequency,30,0.23828125,0.5725276516290105
profile_0063,high_frequency,31,0.24609375,0.49466155644484444
profile_0063,high_frequency,32,0.25390625,0.40180233564566487
profile_0063,high_frequency,33,0.26171875,0.3654085786051177
profile_0063,high_frequency,34,0.26953125,0.4134866213417756
profile_0063,high_frequency,35,0.27734375,0.5090386397920771
profile_0063,high_frequency,36,0.28515625,0.5785338376441569
profile_0063,high_frequency,37,0.29296875,0.5684931014183556
profile_0063,high_frequency,38,0.30078125,0.4866431473286754
profile_0063,high_frequency,39,0.30859375,0.3959705286673867
profile_0063,high_frequency,40,0.31640625,0.36625116395487556
profile_0063,high_frequency,41,0.32421875,0.42035519856991654
profile_0063,high_frequency,42,0.33203125,0.5166475858285101
profile_0063,high_frequency,43,0.33984375,0.5810277883612888
profile_0063,high_frequency,44,0.34765625,0.5639528699149844
profile_0063,high_frequency,45,0.35546875,0.47856260891269653
profile_0063,high_frequency,46,0.36328125,0.3905679551659369
profile_0063,high_frequency,47,0.37109375,0.367684034593803
profile_0063,high_frequency,48,0.37890625,0.4275208666359335
profile_0063,high_frequency,49,0.38671875,0.5240318059132396
profile_0063,high_frequency,50,0.39453125,0.5829481312311228
profile_0063,high_frequency,51,0.40234375,0.5589315610267912
profile_0063,high_frequency,52,0.41015625,0.47046373033470307
profile_0063,high_frequency,53,0.41796875,0.3856238921552135
profile_0063,high_frequency,54,0.42578125,0.36969942567176006
profile_0063,high_frequency,55,0.43359375,0.434944794163724
profile_0063,high_frequency,56,0.44140625,0.5311512843178381
profile_0063,high_frequency,57,0.44921875,0.5842844597492636
profile_0063,high_frequency,58,0.45703125,0.5534563856617006
profile_0063,high_frequency,59,0.46484375,0.46239040011941795
profile_0063,high_frequency,60,0.47265625,0.3811651319410381
profile_0063,high_frequency,61,0.48046875,0.3722864156098766
profile_0063,high_frequency,62,0.48828125,0.4425867502467863
profile_0063,high_frequency,63,0.49609375,0.537967439971981
profile_0063,high_frequency,64,0.50390625,0.5850295322356883
profile_0063,high_frequency,65,0.51171875,0.5475570142693995
profile_0063,high_frequency,66,0.51953125,0.4543863683427708
profile_0063,high_frequency,67,0.52734375,0.3772158369313298
profile_0063,high_frequency,68,0.53515625,0.3754309852855342
profile_0063,high_frequency,69,0.54296875,0.45040532246298715
profile_0063,high_frequency,70,0.55078125,0.5444433355376096
profile_0063,high_frequency,71,0.55859375,0.585179311078038
profile_0063,high_frequency,72,0.56640625,0.5412654160545999
profile_0063,high_frequency,73,0.57421875,0.4464950095464488
profile_0063,high_frequency,74,0.58203125,0.3737974086979241
profile_0063,high_frequency,75,0.58984375,0.3791160940032069
profile_0063,high_frequency,76,0.59765625,0.458358141292067
profile_0063,high_frequency,77,0.60546875,0.5505438775755637
profile_0063,high_frequency,78,0.61328125,0.5847329846117886
profile_0063,high_frequency,79,0.62109375,0.5346156857331482
profile_0063,high_frequency,80,0.62890625,0.43875908768750016
profile_0063,high_frequency,81,0.63671875,0.3709283719995991
profile_0063,high_frequency,82,0.64453125,0.3833217718394661
profile_0063,high_frequency,83,0.65234375,0.46640210971973334
profile_0063,high_frequency,84,0.66015625,0.5562360067199734
profile_0063,high_frequency,85,0.66796875,0.5836929715187319
profile_0063,high_frequency,86,0.67578125,0.5276438587698065
profile_0063,high_frequency,87,0.68359375,0.43122052439673764
profile_0063,high_frequency,88,0.69140625,0.3686242743948038
profile_0063,high_frequency,89,0.69921875,0.3880252278617261
profile_0063,high_frequency,90,0.70703125,0.4744936367841308
profile_0063,high_frequency,91,0.71484375,0.5614888768298242
profile_0063,high_frequency,92,0.72265625,0.5820649077199284
profile_0063,high_frequency,93,0.73046875,0.5203877160989464
profile_0063,high_frequency,94,0.73828125,0.42392017180179475
profile_0063,high_frequency,95,0.74609375,0.3668976019880916
profile_0063,high_frequency,96,0.75390625,0.3932009736342826
profile_0063,high_frequency,97,0.76171875,0.48258887379902476
profile_0063,high_frequency,98,0.76953125,0.5662740221468684
profile_0063,high_frequency,99,0.77734375,0.5798576158341635
profile_0063,high_frequency,100,0.78515625,0.5128865793863925
profile_0063,high_frequency,101,0.79296875,0.41689759114590513
profile_0063,high_frequency,102,0.80078125,0.365757711766838
profile_0063,high_frequency,103,0.80859375,0.3988209613423539
profile_0063,high_frequency,104,0.81640625,0.49064395197363897
profile_0063,high_frequency,105,0.82421875,0.5705655115540355
profile_0063,high_frequency,106,0.83203125,0.577083057367412
profile_0063,high_frequency,107,0.83984375,0.5051810979419084
profile_0063,high_frequency,108,0.84765625,0.4101908384020978
profile_0063,high_frequency,109,0.85546875,0.365210780894915
profile_0063,high_frequency,110,0.86328125,0.40485473578561954
profile_0063,high_frequency,111,0.87109375,0.4986152201414321
profile_0063,high_frequency,112,0.87890625,0.574340089098402
profile_0063,high_frequency,113,0.88671875,0.5737562678923999
profile_0063,high_frequency,114,0.89453125,0.49731302843706476
profile_0063,high_frequency,115,0.90234375,0.4038362580445833
profile_0063,high_frequency,116,0.91015625,0.36525977323810505
profile_0063,high_frequency,117,0.91796875,0.4112695994175894
profile_0063,high_frequency,118,0.92578125,0.5064594813095514
profile_0063,high_frequency,119,0.93359375,0.5775773000172157
profile_0063,high_frequency,120,0.94140625,0.5698952755695342
profile_0063,high_frequency,121,0.94921875,0.4893250086222185
profile_0063,high_frequency,122,0.95703125,0.39786828609489405
profile_0063,high_frequency,123,0.96484375,0.3659044233026556
profile_0063,high_frequency,124,0.97265625,0.4180307895364413
profile_0063,high_frequency,125,0.98046875,0.5141342267470794
profile_0063,high_frequency,126,0.98828125,0.5802596015840273
profile_0063,high_frequency,127,0.99609375,0.5655210034507391
