problem,method,variance_mode,pool,subset,n,boundary_abs_threshold_mean,boundary_abs_threshold_std,boundary_abs_threshold_se,n_eval_mean,n_eval_std,n_eval_se,posterior_feasible_count_mean,posterior_feasible_count_std,posterior_feasible_count_se,true_feasible_count_mean,true_feasible_count_std,true_feasible_count_se,tp_mean,tp_std,tp_se,fp_mean,fp_std,fp_se,fn_mean,fn_std,fn_se,tn_mean,tn_std,tn_se,precision_mean,precision_std,precision_se,recall_mean,recall_std,recall_se,f1_mean,f1_std,f1_se,false_feasible_rate_mean,false_feasible_rate_std,false_feasible_rate_se,false_infeasible_rate_mean,false_infeasible_rate_std,false_infeasible_rate_se,abs_true_margin_mean_mean,abs_true_margin_mean_std,abs_true_margin_mean_se,abs_post_margin_mean_mean,abs_post_margin_mean_std,abs_post_margin_mean_se,margin_bias_mean,margin_bias_std,margin_bias_se,margin_mae_mean,margin_mae_std,margin_mae_se,margin_rmse_mean,margin_rmse_std,margin_rmse_se,mu0_mae_mean,mu0_mae_std,mu0_mae_se,mu0_rmse_mean,mu0_rmse_std,mu0_rmse_se,mu1_mae_mean,mu1_mae_std,mu1_mae_se,mu1_rmse_mean,mu1_rmse_std,mu1_rmse_se,mu2_mae_mean,mu2_mae_std,mu2_mae_se,mu2_rmse_mean,mu2_rmse_std,mu2_rmse_se,var2_pred_mean_mean,var2_pred_mean_std,var2_pred_mean_se,var2_true_mean_mean,var2_true_mean_std,var2_true_mean_se,var2_rmse_mean,var2_rmse_std,var2_rmse_se,var2_ratio_mean_mean,var2_ratio_mean_std,var2_ratio_mean_se,var2_ratio_median_mean,var2_ratio_median_std,var2_ratio_median_se,var2_log_rmse_mean,var2_log_rmse_std,var2_log_rmse_se,fp_count_mean,fp_count_std,fp_count_se,fn_count_mean,fn_count_std,fn_count_se,fp_true_margin_mean_mean,fp_true_margin_mean_std,fp_true_margin_mean_se,fp_post_margin_mean_mean,fp_post_margin_mean_std,fp_post_margin_mean_se,fn_true_margin_mean_mean,fn_true_margin_mean_std,fn_true_margin_mean_se,fn_post_margin_mean_mean,fn_post_margin_mean_std,fn_post_margin_mean_se
RCZDT-Curve2D,GPR-KG-AVB,vepm,axis,all,3,0.010394999999999998,0.0,0.0,101.0,0.0,0.0,0.0,0.0,0.0,41.0,0.0,0.0,0.0,0.0,0.0,0.0,0.0,0.0,41.0,0.0,0.0,60.0,0.0,0.0,0.0,0.0,0.0,0.0,0.0,0.0,0.0,0.0,0.0,0.0,0.0,0.0,1.0,0.0,0.0,0.0297490099009901,4.2491873609703695e-18,2.4532694666933983e-18,1.8607759816447225,3.0324057955309196,1.7507603023419578,1.8405259816447217,3.032405795530918,1.7507603023419567,1.8405259816447217,3.032405795530918,1.7507603023419567,2.529072438827788,4.214925079031852,2.4334881289931447,0.5255616887356918,0.17462442780561535,0.1008194604006564,0.615624575152952,0.22025186470947025,0.12716247337952968,0.49571711526784457,0.17157268428292352,0.09905753545633257,0.5801583016602173,0.20563318397881813,0.11872237412449049,0.0342868566224297,0.022639692493526552,0.013071032555507905,0.037266726651441574,0.02205128469135466,0.012731315152530686,6.691936880095977,11.581641339554817,6.686663745049672,0.00010057264008990641,0.0,0.0,9.414746293146582,16.297012747770058,9.409084696911806,66533.27051593832,115148.21102801344,66480.8506337274,130213.13566954079,225408.27101007334,130139.52594523397,5.733224135083449,3.3684326917711847,1.9447655213412294,0.0,0.0,0.0,41.0,0.0,0.0,0.0,0.0,0.0,0.0,0.0,0.0,-0.011699999999999997,0.0,0.0,1.8400443026817577,3.076127194553304,1.7760028638368786
RCZDT-Curve2D,GPR-KG-AVB,vepm,axis,far_true_boundary,3,0.010394999999999998,0.0,0.0,75.0,0.0,0.0,0.0,0.0,0.0,25.0,0.0,0.0,0.0,0.0,0.0,0.0,0.0,0.0,25.0,0.0,0.0,50.0,0.0,0.0,0.0,0.0,0.0,0.0,0.0,0.0,0.0,0.0,0.0,0.0,0.0,0.0,1.0,0.0,0.0,0.0381,0.0,0.0,1.8776849603457038,3.042086957836271,1.756349724005021,1.8500249603457037,3.042086957836271,1.756349724005021,1.8500249603457037,3.042086957836271,1.756349724005021,2.5366415120769625,4.221022739304178,2.437008614792799,0.5756742090722897,0.18941746881102223,0.10936022660726123,0.6676203789941377,0.2421258428060535,0.13979142052184002,0.5439393583202379,0.18441765159315598,0.10647358079062723,0.636789324968857,0.22640624977116777,0.13071570925159737,0.03557348186271403,0.02473110770555844,0.014278511691161795,0.038919950807561644,0.02403494159892126,0.013876580002094125,6.714638950375908,11.621002004408112,6.709388635498204,0.00010054719053265836,1.6598388128790506e-20,9.583083854271087e-21,9.430719273580907,16.32469424324404,9.42506661577528,66773.76314019815,115565.13076246608,66721.5593546441,130213.13566954079,225408.27101007334,130139.52594523397,5.728918326043794,3.3841243052572323,1.9538250786114184,0.0,0.0,0.0,25.0,0.0,0.0,0.0,0.0,0.0,0.0,0.0,0.0,-0.015659999999999993,0.0,0.0,1.8607762244174488,3.1223938175652557,1.8027149110873237
RCZDT-Curve2D,GPR-KG-AVB,vepm,axis,fn,3,0.010394999999999998,0.0,0.0,41.0,0.0,0.0,0.0,0.0,0.0,41.0,0.0,0.0,0.0,0.0,0.0,0.0,0.0,0.0,41.0,0.0,0.0,0.0,0.0,0.0,0.0,0.0,0.0,0.0,0.0,0.0,0.0,0.0,0.0,0.0,0.0,0.0,1.0,0.0,0.0,0.011699999999999997,0.0,0.0,1.8400443026817577,3.076127194553304,1.7760028638368786,1.8517443026817577,3.076127194553304,1.7760028638368786,1.8517443026817577,3.076127194553304,1.7760028638368786,2.5327955034814846,4.250313883595307,2.4539198648341545,0.2562308538926366,0.08439295840035246,0.048724297250152385,0.3062083073207444,0.10106409703016851,0.05834938362577425,0.2057974553725056,0.05494535096809324,0.0317227131721471,0.23922113914936358,0.0617135715399463,0.03563034714124123,0.033178726513370276,0.011431103006244591,0.006599750397789656,0.03339903841679238,0.011317555726715469,0.006534193845387767,6.788111400289812,11.747750114316345,6.782566690872999,0.00010124033697522652,0.0,0.0,9.482114483774405,16.41344271234744,9.476305568302296,67042.52276039512,116026.19781683288,66987.75654259724,130213.13566954079,225408.27101007334,130139.52594523397,5.826356568705603,3.3313761429488467,1.923370912903414,0.0,0.0,0.0,41.0,0.0,0.0,0.0,0.0,0.0,0.0,0.0,0.0,-0.011699999999999997,0.0,0.0,1.8400443026817577,3.076127194553304,1.7760028638368786
RCZDT-Curve2D,GPR-KG-AVB,vepm,axis,fp,3,0.010394999999999998,0.0,0.0,0.0,0.0,0.0,0.0,0.0,0.0,0.0,0.0,0.0,0.0,0.0,0.0,0.0,0.0,0.0,0.0,0.0,0.0,0.0,0.0,0.0,0.0,0.0,0.0,0.0,0.0,0.0,0.0,0.0,0.0,0.0,0.0,0.0,0.0,0.0,0.0,0.0,0.0,0.0,0.0,0.0,0.0,0.0,0.0,0.0,0.0,0.0,0.0,0.0,0.0,0.0,0.0,0.0,0.0,0.0,0.0,0.0,0.0,0.0,0.0,0.0,0.0,0.0,0.0,0.0,0.0,0.0,0.0,0.0,0.0,0.0,0.0,0.0,0.0,0.0,0.0,0.0,0.0,0.0,0.0,0.0,0.0,0.0,0.0,0.0,0.0,0.0,0.0,0.0,0.0,0.0,0.0,0.0,0.0,0.0,0.0,0.0,0.0,0.0,0.0,0.0,0.0,0.0,0.0,0.0
RCZDT-Curve2D,GPR-KG-AVB,vepm,axis,high_t1,3,0.010394999999999998,0.0,0.0,34.0,0.0,0.0,0.0,0.0,0.0,4.0,0.0,0.0,0.0,0.0,0.0,0.0,0.0,0.0,4.0,0.0,0.0,30.0,0.0,0.0,0.0,0.0,0.0,0.0,0.0,0.0,0.0,0.0,0.0,0.0,0.0,0.0,1.0,0.0,0.0,0.037430735294117654,0.0,0.0,0.14370124232070447,0.07389225342247926,0.042661712404496455,0.10686874232070447,0.07389225342247925,0.04266171240449644,0.10686874232070447,0.07389225342247925,0.04266171240449644,0.1085673618019235,0.07318904122365952,0.04225571265221044,0.8109504049479629,0.40398327392259986,0.23323985194731936,0.844678581988609,0.41170325941252695,0.23769698764806876,0.6752971278642432,0.3060993607870505,0.176726548349176,0.7144028298871076,0.3152812567784612,0.1820277184714881,0.03599834333048571,0.03363411980525133,0.019418668123517977,0.03893685116002895,0.03270052271241331,0.0188796555906533,0.0037751528911208164,0.002239207942029087,0.0012928073081020415,0.00010018003094230808,0.0,0.0,0.00371581258693216,0.0021766569580431807,0.0012566934806597025,37.6796566534804,22.35566092524806,12.907046853103965,36.845388112052966,23.178500471025313,13.382113486358332,3.450876684324425,0.7857604914500156,0.45365903125723916,0.0,0.0,0.0,4.0,0.0,0.0,0.0,0.0,0.0,0.0,0.0,0.0,-0.0025424999999999927,0.0,0.0,0.09292968390197341,0.06399678114240799,0.03694855881983882
RCZDT-Curve2D,GPR-KG-AVB,vepm,axis,low_t1,3,0.010394999999999998,0.0,0.0,34.0,0.0,0.0,0.0,0.0,0.0,4.0,0.0,0.0,0.0,0.0,0.0,0.0,0.0,0.0,4.0,0.0,0.0,30.0,0.0,0.0,0.0,0.0,0.0,0.0,0.0,0.0,0.0,0.0,0.0,0.0,0.0,0.0,1.0,0.0,0.0,0.03743073529411764,0.0,0.0,3.591431722317562,5.939164811746327,3.428978402823295,3.5545992223175618,5.939164811746328,3.4289784028232955,3.5545992223175618,5.939164811746328,3.4289784028232955,3.55543804637569,5.938447757203015,3.4285644111896905,0.5283030185409352,0.0730375759066271,0.04216826411064888,0.5605327224271547,0.07421070894655576,0.04284557278704694,0.6307001136697532,0.1850523903399809,0.10684004737697167,0.6626641126795345,0.20414470724100456,0.11786300167923133,0.03312091297017931,0.024466780982482735,0.014125902586440024,0.03650396101974788,0.022983336132522306,0.013269435302987406,13.248748998885661,22.934534135359318,13.241259456788363,0.00010018003094230808,0.0,0.0,13.248648818857221,22.934534135357154,13.241259456787114,132250.04072562113,228934.299659502,132175.27953515193,132393.86244825347,229183.2653699548,132319.01995510084,7.131207730734903,5.000699436359461,2.8871551657185446,0.0,0.0,0.0,4.0,0.0,0.0,0.0,0.0,0.0,0.0,0.0,0.0,-0.0025425000000000014,0.0,0.0,3.531561081482078,5.944193911340978,3.4318819548280484
RCZDT-Curve2D,GPR-KG-AVB,vepm,axis,mid_t1,3,0.010394999999999998,0.0,0.0,33.0,0.0,0.0,0.0,0.0,0.0,33.0,0.0,0.0,0.0,0.0,0.0,0.0,0.0,0.0,33.0,0.0,0.0,0.0,0.0,0.0,0.0,0.0,0.0,0.0,0.0,0.0,0.0,0.0,0.0,0.0,0.0,0.0,1.0,0.0,0.0,0.013919999999999995,0.0,0.0,1.8467834348004804,3.0937125965281176,1.7861558004008449,1.8607034348004807,3.093712596528118,1.786155800400845,1.8607034348004807,3.093712596528118,1.786155800400845,2.5390028388523382,4.2631258018291165,2.4613168292752796,0.22870042920249478,0.08403687931305538,0.04851871489324862,0.2715953789023327,0.09597343829241047,0.05541029043317712,0.17162189181504328,0.03666641383172916,0.02116936389596705,0.2004939838272943,0.039899686259251665,0.023036094602360564,0.03372478195887241,0.01003575346954423,0.005794144967162082,0.033820701397004896,0.010000286086249636,0.005773667863869497,6.827266779675242,11.815548805306396,6.821710283366809,0.00010138165287889692,0.0,0.0,9.50943649448258,16.460747192743437,9.5036168227928,67335.69179128582,116533.91250285103,67280.88575324134,130213.13566954079,225408.27101007334,130139.52594523397,5.833992425418565,3.343386799968996,1.9303052689671414,0.0,0.0,0.0,33.0,0.0,0.0,0.0,0.0,0.0,0.0,0.0,0.0,-0.013919999999999995,0.0,0.0,1.8467834348004804,3.0937125965281176,1.7861558004008449
RCZDT-Curve2D,GPR-KG-AVB,vepm,axis,near_true_boundary,3,0.010394999999999998,0.0,0.0,26.0,0.0,0.0,0.0,0.0,0.0,16.0,0.0,0.0,0.0,0.0,0.0,0.0,0.0,0.0,16.0,0.0,0.0,10.0,0.0,0.0,0.0,0.0,0.0,0.0,0.0,0.0,0.0,0.0,0.0,0.0,0.0,0.0,1.0,0.0,0.0,0.005659615384615382,0.0,0.0,1.8120000815457364,3.0044873438583117,1.73464157675342,1.8131250815457365,3.0044873438583117,1.73464157675342,1.8131250815457365,3.0044873438583117,1.73464157675342,2.506407309313875,4.1979159889557796,2.4236679262590535,0.3810063416108898,0.13304277407278273,0.07681228142465568,0.43098870436765563,0.14315196409283648,0.08264882500402279,0.3566144910782487,0.1345273577410954,0.07766940620519051,0.3711735519718959,0.12813457630671105,0.07397853212317827,0.030575437660071064,0.018101613237810822,0.010450971275616573,0.031010903724531608,0.01783976229887052,0.010299791565531832,6.626450138903867,11.46810096061149,6.6211111767028505,0.00010064605227427586,0.0,0.0,9.368517180158351,16.216898085938986,9.362830475337601,65839.5417921119,113945.5579523319,65786.49855674093,65560.86613526648,113459.95162581399,65506.13361340563,5.745214681399346,3.3238216244641148,1.919009309622656,0.0,0.0,0.0,16.0,0.0,0.0,0.0,0.0,0.0,0.0,0.0,0.0,-0.005512499999999996,0.0,0.0,1.8076506749697405,3.0038362367872065,1.7342656599106463
RCZDT-Curve2D,GPR-KG-AVB,vepm,axis,tn,3,0.010394999999999998,0.0,0.0,60.0,0.0,0.0,0.0,0.0,0.0,0.0,0.0,0.0,0.0,0.0,0.0,0.0,0.0,0.0,0.0,0.0,0.0,60.0,0.0,0.0,0.0,0.0,0.0,0.0,0.0,0.0,0.0,0.0,0.0,0.0,0.0,0.0,0.0,0.0,0.0,0.042082499999999995,0.0,0.0,1.874942628936081,3.002556455460213,1.7335267778170025,1.8328601289360815,3.0025564554602138,1.7335267778170032,1.8328601289360815,3.0025564554602138,1.7335267778170032,2.5253678465559113,4.191617135392411,2.4200312814586566,0.709604425878446,0.24835260736181525,0.14338644471428946,0.7561531467669945,0.27907051224692586,0.1611214353686494,0.6938288828629929,0.2513537473583625,0.1451191536991718,0.726031375181995,0.26289011259741213,0.15177967727540692,0.035044078863620313,0.030823820464220848,0.0177961410424706,0.038387450431088294,0.029731715522045628,0.01716561396012242,6.62621762463019,11.468133680793136,6.621130067708531,0.00010011638055160438,0.0,0.0,9.368429393756102,16.21697441839378,9.362874545900924,66185.28148222617,114548.25342858447,66134.46495219473,65936.60282476575,114117.74620018041,65885.91148798756,5.666589291899619,3.3988148201085417,1.9623066513153562,0.0,0.0,0.0,0.0,0.0,0.0,0.0,0.0,0.0,0.0,0.0,0.0,0.0,0.0,0.0,0.0,0.0,0.0
RCZDT-Curve2D,GPR-KG-AVB,vepm,axis,tp,3,0.010394999999999998,0.0,0.0,0.0,0.0,0.0,0.0,0.0,0.0,0.0,0.0,0.0,0.0,0.0,0.0,0.0,0.0,0.0,0.0,0.0,0.0,0.0,0.0,0.0,0.0,0.0,0.0,0.0,0.0,0.0,0.0,0.0,0.0,0.0,0.0,0.0,0.0,0.0,0.0,0.0,0.0,0.0,0.0,0.0,0.0,0.0,0.0,0.0,0.0,0.0,0.0,0.0,0.0,0.0,0.0,0.0,0.0,0.0,0.0,0.0,0.0,0.0,0.0,0.0,0.0,0.0,0.0,0.0,0.0,0.0,0.0,0.0,0.0,0.0,0.0,0.0,0.0,0.0,0.0,0.0,0.0,0.0,0.0,0.0,0.0,0.0,0.0,0.0,0.0,0.0,0.0,0.0,0.0,0.0,0.0,0.0,0.0,0.0,0.0,0.0,0.0,0.0,0.0,0.0,0.0,0.0,0.0,0.0
RCZDT-Curve2D,GPR-KG-AVB,vepm,combined,all,3,0.01068,0.0007398817473083014,0.00042717092597693845,1181.0,0.0,0.0,206.33333333333334,114.37802819306395,66.03618536664408,512.6666666666666,3.214550253664318,1.855921454276674,162.0,80.876448982383,46.69403959107986,44.333333333333336,36.29508690350986,20.95497819400228,350.6666666666667,77.70027884977848,44.860276910028595,624.0,39.35733730830886,22.72296928953902,0.825481876286737,0.12315477320143532,0.07110344145983599,0.3153492533389086,0.15620732642982232,0.09018634196364966,0.4326873214124504,0.16617817505493224,0.09594301410140589,0.06649988363818948,0.05446136499574114,0.03144328374072561,0.6846507466610913,0.1562073264298223,0.09018634196364965,0.02927102032176122,0.0006440898346617716,0.0003718654394242754,0.9938074736056547,1.577453598254282,0.9107432595862536,0.962538149739948,1.5688658732714362,0.9057851342556811,0.9738519432298793,1.5786558846514378,0.9114373999612945,1.8336293563962232,3.045799231132862,1.7584930059921131,0.33438996571318574,0.028659157023705285,0.016546372022384,0.4547111933402957,0.04505226868832981,0.026010939454810564,0.3231925495927955,0.012519573940087235,0.007228179384448789,0.4400431979504369,0.021191917991748493,0.012235159557180467,0.04081559845446262,0.012747249641551175,0.0073596280119769325,0.0498986067702915,0.016498623830639787,0.009525484909878255,3.5383143743870717,6.120521860649745,3.5336849438271196,0.0010555614027063192,8.591945451793825e-05,4.960562019455746e-05,7.0762429049123226,12.247542229879963,7.071121803332507,23633.087299350216,40886.61433095828,23605.897790231174,27.333788068503964,13.523853396709082,7.808000399071024,4.197764885985359,2.139235495531911,1.2350881892053513,44.333333333333336,36.29508690350986,20.95497819400228,350.6666666666667,77.70027884977848,44.860276910028595,0.012175410599188351,0.007614170367807355,0.004396043311509249,-0.024040835702891422,0.01759624206586428,0.01015919509345256,-0.011294574259695453,0.0005405486000760308,0.0003120858797639718,1.4354151899559497,2.3955476003019123,1.3830700518908712
RCZDT-Curve2D,GPR-KG-AVB,vepm,combined,far_true_boundary,3,0.01068,0.0007398817473083014,0.00042717092597693845,880.3333333333334,3.7859388972001824,2.185812841434,132.66666666666666,71.8215380880508,41.46618434874909,316.6666666666667,16.921386861996073,9.76956725983523,111.0,58.23229344616267,33.6204302966713,21.666666666666668,21.548395145191982,12.440971737681016,205.66666666666666,41.525092815469215,23.97452351513535,542.0,31.22498999199199,18.027756377319946,0.8665244498921588,0.12881732589226402,0.07437271778018639,0.344593930075289,0.16774957755292577,0.0968502637566277,0.4713921580022129,0.17823458812808343,0.10290378743465105,0.03879778680440633,0.03841495866673026,0.022178886727145065,0.6554060699247111,0.16774957755292577,0.0968502637566277,0.03735667221612577,0.0008643106100845791,0.0004990099633957815,1.018456950414049,1.601536541812188,0.9246475535322892,0.9817583983294055,1.5953712961328903,0.9210880472797265,0.9914909964923737,1.6033142783054912,0.925673930175246,1.8421653722296114,3.0552739485015223,1.7639632366154048,0.3611571238865518,0.02422747805522334,0.013987740976968947,0.48914518123262263,0.04338369440035054,0.025047587640482843,0.35021037627241464,0.009079274750279009,0.0052419217211201585,0.47618079937257907,0.01995636693508751,0.011521813822019722,0.0414208288728489,0.01281358199556161,0.007397925014420838,0.05075832852350026,0.016374261583329913,0.009453684332916873,3.5625175439425045,6.16257132755906,3.557962214866493,0.001132706250600618,9.783898056593278e-05,5.648736176697986e-05,6.8683856614377445,11.887589110463663,6.86330277294186,25698.940259922998,44461.363468336735,25669.780166982007,29.677302458574456,15.190004690116703,8.769953296830558,4.308964933934279,2.1738453822962773,1.2550702166453807,21.666666666666668,21.548395145191982,12.440971737681016,205.66666666666666,41.525092815469215,23.97452351513535,0.020698431818181824,0.008303636452994052,0.004794106741388905,-0.020802256889750816,0.015511178115711653,0.008955382860554355,-0.015537014231499046,0.0002822330288627515,0.000162947315188113,1.4520647456057478,2.4271255124439106,1.4013015679665002
RCZDT-Curve2D,GPR-KG-AVB,vepm,combined,fn,3,0.01068,0.0007398817473083014,0.00042717092597693845,350.6666666666667,77.70027884977848,44.860276910028595,0.0,0.0,0.0,350.6666666666667,77.70027884977848,44.860276910028595,0.0,0.0,0.0,0.0,0.0,0.0,350.6666666666667,77.70027884977848,44.860276910028595,0.0,0.0,0.0,0.0,0.0,0.0,0.0,0.0,0.0,0.0,0.0,0.0,0.0,0.0,0.0,1.0,0.0,0.0,0.011294574259695453,0.0005405486000760308,0.0003120858797639718,1.4354151899559497,2.3955476003019123,1.3830700518908712,1.4467097642156457,2.3960637564330614,1.3833680547721339,1.4467097642156457,2.3960637564330614,1.3833680547721339,2.2591355057998914,3.7858037886193947,2.1857348364585127,0.22906980802045263,0.02367050934871088,0.01366617494433378,0.29508619299972494,0.03314875406854733,0.019138442084776504,0.20598102584008393,0.025642252214781107,0.014804561218832151,0.26432024865465564,0.03260629718712914,0.018825254458265946,0.0390511400201776,0.01437962931232606,0.008302082854318485,0.04892625498346753,0.020722904438285988,0.011964374455835307,5.437161757430626,9.407319664444948,5.431318540620151,0.0016163594382084567,0.0006762264196726542,0.00039041950543114375,9.135525214837907,15.81273847681604,9.129488816214895,24550.736820517308,42481.65790557683,24526.796627406377,32.951956309182826,23.584878703340657,13.616736068178401,4.392182124427209,2.6253624171097023,1.5157536982386133,0.0,0.0,0.0,350.6666666666667,77.70027884977848,44.860276910028595,0.0,0.0,0.0,0.0,0.0,0.0,-0.011294574259695453,0.0005405486000760308,0.0003120858797639718,1.4354151899559497,2.3955476003019123,1.3830700518908712
RCZDT-Curve2D,GPR-KG-AVB,vepm,combined,fp,3,0.01068,0.0007398817473083014,0.00042717092597693845,44.333333333333336,36.29508690350986,20.95497819400228,44.333333333333336,36.29508690350986,20.95497819400228,0.0,0.0,0.0,0.0,0.0,0.0,44.333333333333336,36.29508690350986,20.95497819400228,0.0,0.0,0.0,0.0,0.0,0.0,0.0,0.0,0.0,0.0,0.0,0.0,0.0,0.0,0.0,1.0,0.0,0.0,0.0,0.0,0.0,0.012175410599188351,0.007614170367807355,0.004396043311509249,0.024040835702891422,0.01759624206586428,0.01015919509345256,-0.03621624630207978,0.024977536001498695,0.014420787134158841,0.03621624630207978,0.024977536001498695,0.014420787134158841,0.04111925648265267,0.029320986634651016,0.016928479526421184,0.20181230169119257,0.07734454091157486,0.04465489151564577,0.2459778393465071,0.0953626154332271,0.05505763169100043,0.20239806066444124,0.08434722102040702,0.04869789076152886,0.24860480533553195,0.09998378569684754,0.05772566558667279,0.08077554506280064,0.023942875322279965,0.013823425512491987,0.08430815987570277,0.025915647935473556,0.014962406311769228,0.0022957370709771312,0.0013275858328886524,0.0007664820379905971,0.0004197334831928274,0.00014289409581422224,8.249994468394939e-05,0.0020659288905525808,0.001164182506328971,0.0006721410834148847,9.281926812913612,4.0976239984807945,2.3657643185607573,6.923907471098059,2.802470352537269,1.6180070124333379,2.015121805526308,0.46161231291488786,0.2665119931226563,44.333333333333336,36.29508690350986,20.95497819400228,0.0,0.0,0.0,0.012175410599188351,0.007614170367807355,0.004396043311509249,-0.024040835702891422,0.01759624206586428,0.01015919509345256,0.0,0.0,0.0,0.0,0.0,0.0
RCZDT-Curve2D,GPR-KG-AVB,vepm,combined,high_t1,3,0.01068,0.0007398817473083014,0.00042717092597693845,379.3333333333333,17.67295485574875,10.203485243342644,33.0,28.478061731796284,16.441816606851365,47.666666666666664,9.71253485622231,5.607534613753574,9.666666666666666,8.082903768654761,4.666666666666667,23.333333333333332,21.031722072463143,12.142670400057991,38.0,11.269427669584644,6.506407098647712,308.3333333333333,18.009256878986797,10.397649306988148,0.369020061728395,0.22861091461584443,0.13198857309314435,0.20147361647361647,0.15629873498948693,0.09023911672017826,0.21527777777777776,0.10223911016899621,0.05902777777777777,0.0697746451096457,0.06147718807374631,0.03549387108339869,0.7985263835263835,0.15629873498948693,0.09023911672017826,0.03804981237201902,0.0008735528883549769,0.000504345995243121,0.10254345607581883,0.040502089197766114,0.0233838921010725,0.061030113738651436,0.03990390009679823,0.023038527462602394,0.06836190860230974,0.038090223257376835,0.02199140065113946,0.08116771545962752,0.04363994905105634,0.02519553633204893,0.39396696979575846,0.1786864580465567,0.10316467465372028,0.5034231768555335,0.23758475142698096,0.1371696201917178,0.35469881334242065,0.14149479833169293,0.08169205990573472,0.44549084842605396,0.18341504663766273,0.10589472654968235,0.03816066122663201,0.01128965208624978,0.006518083671053531,0.046391232672133624,0.01472388209955868,0.008500837293696516,0.003362151803889033,0.0017144723107756007,0.0009898510501444528,0.00022590217862762308,2.635303894312694e-05,1.521493412777903e-05,0.0035482115535756067,0.0020215081352595275,0.0011671182660611067,25.789852182234842,13.891938440059501,8.020514397934063,29.385448557580535,15.917701216915294,9.190089082466079,3.012562741433962,0.6560159100458554,0.3787509622576519,23.333333333333332,21.031722072463143,12.142670400057991,38.0,11.269427669584644,6.506407098647712,0.01200983333333334,0.007269664372124299,0.004197142682164196,-0.02334145588645058,0.01595840881246123,0.009213591623712589,-0.0025620703866223835,0.0008059378712208213,0.00046530844689945516,0.0716527007206628,0.04140969003698765,0.023907895689913784
RCZDT-Curve2D,GPR-KG-AVB,vepm,combined,low_t1,3,0.01068,0.0007398817473083014,0.00042717092597693845,390.0,15.394804318340652,8.888194417315589,34.333333333333336,35.11884584284247,20.27587510099407,53.333333333333336,8.082903768654761,4.666666666666667,13.333333333333334,10.969655114602888,6.333333333333333,21.0,25.238858928247925,14.57166199626293,40.0,5.0,2.886751345948129,315.6666666666667,22.368132093076824,12.914247085207013,0.6194154172345904,0.35051014712729484,0.20236712779763902,0.23450030567842628,0.1847844931435297,0.10668537685848543,0.261006271125134,0.19324627707857447,0.11157079009120799,0.06170196952805648,0.07282326171996527,0.04204452975728852,0.7654996943215737,0.18478449314352968,0.10668537685848542,0.03697613719323474,0.0010457744276936853,0.0006037781473405761,1.890682283153119,3.066266259353084,1.77030965024457,1.8480000044371325,3.0578791484275736,1.7654673494940034,1.8574339805922284,3.070639138558818,1.7728343332311343,2.5682092431874266,4.283437599254693,2.4730438509866617,0.42673939709604825,0.10511611725659868,0.06068881859426552,0.5256673291941512,0.1347185339192688,0.07777978182312158,0.45521385832301436,0.09234059453649106,0.0533128671127732,0.5633062225881587,0.11810304299373224,0.06818682366454526,0.041347368816957775,0.012836816766767277,0.00741133961583099,0.05030423253439694,0.0159652150992652,0.009217521235231042,6.973414555775517,12.06849875375359,6.967751004194298,0.00026034467080397267,2.1522930359697744e-05,1.2426269636921061e-05,10.085417154925645,17.458387624644768,10.079604794705489,54635.407644964354,94555.05738115925,54591.3878322528,6544.141082949449,11264.315726324572,6503.455716830427,5.416773326886233,3.2113901602947745,1.8540969735191035,21.0,25.238858928247925,14.57166199626293,40.0,5.0,2.886751345948129,0.010344795918367343,0.010338984499910006,0.005969215484170411,-0.019622101751777966,0.02338072919028037,0.013498870291858114,-0.0026162083333333345,0.00036535206336947557,0.00021093611213535195,2.828485307635617,4.79444425070569,2.768073678759584
RCZDT-Curve2D,GPR-KG-AVB,vepm,combined,mid_t1,3,0.01068,0.0007398817473083014,0.00042717092597693845,411.6666666666667,4.163331998932266,2.4037008503093267,139.0,65.4828221749796,37.80652501002087,411.6666666666667,4.163331998932266,2.4037008503093267,139.0,65.4828221749796,37.80652501002087,0.0,0.0,0.0,272.6666666666667,61.978490892674486,35.78329840085239,0.0,0.0,0.0,1.0,0.0,0.0,0.3367560347343888,0.1570249157524732,0.09065837737916872,0.4893358131615959,0.1854844452188568,0.10708949437759537,0.0,0.0,0.0,0.6632439652656111,0.15702491575247327,0.09065837737916875,0.013890596451018747,0.00027169514034548677,0.00015686326241597996,0.8862061553320769,1.4558214969670717,0.8405189331659829,0.8754271555096298,1.4414093639254042,0.8321980842747794,0.8918755259858555,1.4547464046379475,0.8398982283203593,1.7453661028452367,2.911328448894392,1.6808562636685929,0.1994818695567655,0.02201336222806404,0.012709420608141515,0.2566340748798208,0.02538271812928901,0.014654719144709404,0.17535078442354599,0.01656994742503142,0.009566663606299838,0.2269115404743076,0.01967129465684799,0.011357227265439635,0.042710447239709994,0.01389410857812226,0.008021767327728776,0.05249542926905942,0.018317829226294657,0.010575803634770816,3.2275166564312467,5.580928135460191,3.2221503613358977,0.0025743356493482254,0.00027526587052484564,0.0001589248244462363,6.537065665995873,11.312310967462368,6.531165782221154,13651.0266289813,23613.269903637643,13633.127735312482,7.839158443043929,0.6586654709166964,0.38028068693966627,3.5941607580615464,1.9234642380444775,1.1105125956115975,0.0,0.0,0.0,272.6666666666667,61.978490892674486,35.78329840085239,0.0,0.0,0.0,0.0,0.0,0.0,-0.013794765785213164,0.0004514968545989108,0.0002606718305409505,1.3889486850572645,2.3169319185089354,1.33768126684517
RCZDT-Curve2D,GPR-KG-AVB,vepm,combined,near_true_boundary,3,0.01068,0.0007398817473083014,0.00042717092597693845,300.6666666666667,3.785938897200183,2.1858128414340006,73.66666666666667,42.5715084690845,24.57867187443437,196.0,13.74772708486752,7.937253933193772,51.0,24.24871130596428,14.0,22.666666666666668,18.876793513023692,10.89852181618121,145.0,37.5099986670221,21.656407827707717,82.0,8.888194417315589,5.131601439446884,0.7505072463768115,0.1523394027682622,0.087953195196443,0.2663510578895166,0.13651461611998644,0.0788167503651926,0.36748149800112334,0.1494656330492937,0.08629402347560755,0.206032946678217,0.1658624727494529,0.09576074329035361,0.7336489421104835,0.13651461611998644,0.0788167503651926,0.00560192454070873,0.000478679245160293,0.000276365591048782,0.921403534827864,1.506170740634675,0.8695880825509676,0.905973370164439,1.4905734084631483,0.8605829586230967,0.92195683990963,1.5058128859312994,0.869381475041643,1.8078581736067834,3.018004161500476,1.7424455150577107,0.2561403910862554,0.04387196265616621,0.025329489449414773,0.3336195029139753,0.05358193734727345,0.03093554595114999,0.24418294342569583,0.022614038426414608,0.013056221172955016,0.3108367925642359,0.02628482445862794,0.015175550476790901,0.03906505761637876,0.012748861263489963,0.007360558482337123,0.047230389272565766,0.017210479864833057,0.009936475182844,3.4669165351467637,5.996485161979764,3.4620723224606134,0.0008301042126153605,6.550124573355019e-05,3.781716185652103e-05,7.656552746316134,13.252536749065728,7.651355659518506,17539.23832176634,30341.640013177886,17517.754029262975,12.601571239672218,5.747938507012349,3.3185738443089954,3.853180088361318,2.033848093236988,1.174242744121182,22.666666666666668,18.876793513023692,10.89852181618121,145.0,37.5099986670221,21.656407827707717,0.004622777777777778,0.0024277042958622745,0.0014016357287288952,-0.027804890708246915,0.0223869944364395,0.012925137264225,-0.005240166013878954,0.0004760659903205425,0.000274856827663591,1.4086159652256882,2.3454481023185227,1.354145093243896
RCZDT-Curve2D,GPR-KG-AVB,vepm,combined,tn,3,0.01068,0.0007398817473083014,0.00042717092597693845,624.0,39.35733730830886,22.72296928953902,0.0,0.0,0.0,0.0,0.0,0.0,0.0,0.0,0.0,0.0,0.0,0.0,0.0,0.0,0.0,624.0,39.35733730830886,22.72296928953902,0.0,0.0,0.0,0.0,0.0,0.0,0.0,0.0,0.0,0.0,0.0,0.0,0.0,0.0,0.0,0.04472385318678529,0.0007096250837981528,0.00040970223315457433,1.14811078785885,1.7907066190644176,1.0338649485564861,1.1033869346720648,1.7901384526966746,1.0335369175511253,1.1053058997937495,1.7909523403486953,1.0340068158061095,1.9479810313250754,3.230074926930996,1.8648846285662715,0.44393532940314423,0.031143126232214047,0.017980492313575278,0.5703328543159824,0.061375618538575843,0.03543522988492655,0.440184823043192,0.025963125289135323,0.01498981737468626,0.5584494200305533,0.03756855516456246,0.021690215437325442,0.03716846535843965,0.009878968220608752,0.005703624961484221,0.04525015853929204,0.012293708861060251,0.007097776120272024,3.981172572651296,6.88840206683495,3.977020787573533,0.00015143226912191007,1.2592904710508385e-05,7.270516924491323e-06,7.260974290176179,12.568468981427607,7.256408949728691,33149.437739404435,57356.25251839487,33114.64783120343,30.977355744283944,15.872420836257193,9.163946442504116,4.702725481164594,2.3967293140433212,1.3837523146375788,0.0,0.0,0.0,0.0,0.0,0.0,0.0,0.0,0.0,0.0,0.0,0.0,0.0,0.0,0.0,0.0,0.0,0.0
RCZDT-Curve2D,GPR-KG-AVB,vepm,combined,tp,3,0.01068,0.0007398817473083014,0.00042717092597693845,162.0,80.876448982383,46.69403959107986,162.0,80.876448982383,46.69403959107986,162.0,80.876448982383,46.69403959107986,162.0,80.876448982383,46.69403959107986,0.0,0.0,0.0,0.0,0.0,0.0,0.0,0.0,0.0,1.0,0.0,0.0,1.0,0.0,0.0,1.0,0.0,0.0,0.0,0.0,0.0,0.0,0.0,0.0,0.012576373557948897,0.00040095846598619693,0.0002314934782709902,0.03393190578192859,0.018606452481216628,0.0107424403486944,-0.021355532223979696,0.018803482892755848,0.010856195909835113,0.024803006139515808,0.017105386307634952,0.009875799389305578,0.03320490800093342,0.02024652433450279,0.011689336274679494,0.1584913731384551,0.06534720037903949,0.037728223729626864,0.20396331165997242,0.08225647356778751,0.04749079715695146,0.1435219663396586,0.047247875216681154,0.027278573474988712,0.18605229437855475,0.057926951277228626,0.033444140913242285,0.04701463311785672,0.0126143664798356,0.007282907882789676,0.0548011381885056,0.014959408511395225,0.008636818530971613,0.0027746786134801647,0.001371027182597311,0.0007915629129388517,0.0036046456865109927,0.0010761339945125447,0.000621306251415925,0.0036398505523661823,0.0001746737423774225,0.00010084793218196423,3.370806447635676,0.7277614883407844,0.42017329119939456,1.613074207870891,0.4252319296293439,0.24550776903952573,1.356301645114525,0.22184620064217642,0.1280829636594563,0.0,0.0,0.0,0.0,0.0,0.0,0.0,0.0,0.0,0.0,0.0,0.0,0.0,0.0,0.0,0.0,0.0,0.0
RCZDT-Curve2D,GPR-KG-AVB,vepm,random,all,3,0.01068,0.0007398817473083065,0.00042717092597694144,1000.0,0.0,0.0,168.33333333333334,107.54688899886102,62.092225313999215,423.6666666666667,5.507570547286102,3.1797973380564857,126.66666666666667,76.48747174102,44.1600623993118,41.666666666666664,34.01960219246153,19.641226483541647,297.0,72.11102550927978,41.63331998932266,534.6666666666666,36.69241520169166,21.184375793914196,0.7984909567078562,0.12737393732732896,0.0735393770036759,0.29775363900923196,0.1774235859724007,0.10243555512175427,0.40318903089270847,0.19768702407635483,0.1141346565657795,0.07246013162857713,0.05906041763357587,0.03409854801919675,0.702246360990768,0.17742358597240074,0.10243555512175428,0.029345324999999995,0.0006210735646644431,0.0003585769897455767,0.972242533449751,1.5427391946244804,0.8907008893058302,0.9419591161928813,1.5340660033701556,0.8856934200004127,0.9524375500224829,1.5439507940344512,0.8914004065513269,1.8045659867189137,2.99767277755892,1.7307071850660558,0.32545960431696536,0.014371487500694695,0.008297382177181425,0.4439286158704963,0.031978780541132464,0.018462957553778796,0.31586871591575294,0.01197396637291787,0.006913172708671659,0.4307168786698819,0.027500331809527705,0.01587732397303485,0.04196178368307168,0.011845076399106756,0.006838758047595969,0.05133165934607109,0.01608756291240108,0.009288158778079805,3.4340244557710586,5.939821566891114,3.4293575805829293,0.001047419826752853,5.9677499375183117e-05,3.44548203288257e-05,6.743169707193226,11.670824218022291,6.738153503939974,21033.38953856708,36386.187659035604,21007.575239728445,25.568254476454275,12.15634995999436,7.01847192176604,4.122014178211891,2.0884203290304453,1.2057500391468146,41.666666666666664,34.01960219246153,19.641226483541647,297.0,72.11102550927978,41.63331998932266,0.012061214382632296,0.0074283687824996895,0.004288770716216008,-0.0235472226366223,0.017001384105601938,0.009815753689965505,-0.011204531273201061,0.0006579604615920388,0.000379873649616294,1.41755956791996,2.366129657110369,1.3660855944702286
RCZDT-Curve2D,GPR-KG-AVB,vepm,random,far_true_boundary,3,0.01068,0.0007398817473083065,0.00042717092597694144,746.0,5.196152422706632,3.0000000000000004,107.33333333333333,68.22267462752639,39.38837956103861,258.0,15.394804318340652,8.888194417315589,86.33333333333333,54.720501947015556,31.592896529300873,21.0,20.0,11.547005383792516,171.66666666666666,39.52636251077669,22.82055603568366,467.0,27.40437921208944,15.821925715074425,0.842106839425608,0.13927508925657664,0.08041051027369368,0.3269006935421101,0.19557686511154485,0.11291635571941355,0.4405684633826026,0.21503428476707395,0.1241501021952688,0.04337532470454988,0.04109529042806799,0.023726376991070906,0.6730993064578898,0.19557686511154485,0.11291635571941355,0.037437197885468905,0.0008600021892397584,0.000496522495461242,1.005011428173183,1.581286439211133,0.9129561513444525,0.9693075830384016,1.5749994284331426,0.9093263439793816,0.978201489845136,1.5831402893899618,0.9140264722442365,1.829333531051243,3.035740784778098,1.7526857592815608,0.35147269046771373,0.007679296867363545,0.004433644113559393,0.47717875574220675,0.028168590167119242,0.01626314311567854,0.342268699723564,0.011846244053548302,0.006839432193202116,0.4652058667965293,0.02803120243439071,0.01618382227120437,0.04256496128915096,0.011649766504790614,0.0067259958275371476,0.052165079789664205,0.015709134898982777,0.009069673262663851,3.522530337449068,6.093296493092687,3.517966370539266,0.0011191420905428552,6.478574489397644e-05,3.740406725418772e-05,6.8295440450086415,11.820644076445022,6.82465203953029,23575.058153216767,40784.70772599403,23547.061984422864,28.71611734671946,14.60361695129559,8.431402177972691,4.249635832684831,2.1367042935873664,1.2336267990812952,21.0,20.0,11.547005383792516,171.66666666666666,39.52636251077669,22.82055603568366,0.020132682926829275,0.008140887634179568,0.004700143667036069,-0.02033821769026938,0.014508372072328083,0.008376412521461868,-0.015546971038862411,0.00032618040333022525,0.00018832034366708626,1.466164722004585,2.4527077691228985,1.4160714907465919
RCZDT-Curve2D,GPR-KG-AVB,vepm,random,fn,3,0.01068,0.0007398817473083065,0.00042717092597694144,297.0,72.11102550927978,41.63331998932266,0.0,0.0,0.0,297.0,72.11102550927978,41.63331998932266,0.0,0.0,0.0,0.0,0.0,0.0,297.0,72.11102550927978,41.63331998932266,0.0,0.0,0.0,0.0,0.0,0.0,0.0,0.0,0.0,0.0,0.0,0.0,0.0,0.0,0.0,1.0,0.0,0.0,0.011204531273201061,0.0006579604615920388,0.000379873649616294,1.41755956791996,2.366129657110369,1.3660855944702286,1.4287640991931605,2.366735438316559,1.3664353424126923,1.4287640991931605,2.366735438316559,1.3664353424126923,2.2214339467778186,3.72167257478551,2.148708662888062,0.23059263132283872,0.03011478761319362,0.017386780735065745,0.2967372712742778,0.04463509716408043,0.025770085362986937,0.20987770083950977,0.0368546346295784,0.021278033224272394,0.2695624487739561,0.04429210278064819,0.025572057463381807,0.03997596707411016,0.015219219569474165,0.00878682051529193,0.05055806272569108,0.02167484566190626,0.012513977977545172,5.264054111834093,9.107386821932955,5.258152233257042,0.001836739936668512,0.0007381467623973323,0.00042616923197155053,8.349168432606238,14.451084252806512,8.343337383439803,18936.63998660895,32763.812770746794,18916.19612286916,26.560293188456736,21.6416596851098,12.494818044908415,4.2082560688200195,2.5658420893284446,1.4813896209718493,0.0,0.0,0.0,297.0,72.11102550927978,41.63331998932266,0.0,0.0,0.0,0.0,0.0,0.0,-0.011204531273201061,0.0006579604615920388,0.000379873649616294,1.41755956791996,2.366129657110369,1.3660855944702286
RCZDT-Curve2D,GPR-KG-AVB,vepm,random,fp,3,0.01068,0.0007398817473083065,0.00042717092597694144,41.666666666666664,34.01960219246153,19.641226483541647,41.666666666666664,34.01960219246153,19.641226483541647,0.0,0.0,0.0,0.0,0.0,0.0,41.666666666666664,34.01960219246153,19.641226483541647,0.0,0.0,0.0,0.0,0.0,0.0,0.0,0.0,0.0,0.0,0.0,0.0,0.0,0.0,0.0,1.0,0.0,0.0,0.0,0.0,0.0,0.012061214382632296,0.0074283687824996895,0.004288770716216008,0.0235472226366223,0.017001384105601938,0.009815753689965505,-0.03560843701925459,0.024177439152292094,0.013958851002891638,0.03560843701925459,0.024177439152292094,0.013958851002891638,0.040670952522296876,0.02875985505034771,0.01660451005517287,0.20156180289265765,0.07578451402161156,0.0437542095707824,0.2452806830285917,0.09438882388882681,0.05449541288070634,0.20294295177495122,0.08455384825166262,0.04881718704911619,0.24867270352811569,0.10000109386372534,0.057735658461478864,0.08023625839981148,0.023175404287450904,0.013380325903938187,0.08388273308310712,0.02518372688279176,0.014539831494977838,0.002289465810684127,0.0013330826928659577,0.000769655651578192,0.000413285146956485,0.00013913771983330503,8.03312000001894e-05,0.00207288987126375,0.0011582597640565438,0.000668721586569558,9.37597504218561,4.076213070541254,2.353402713551264,6.973560542471269,2.739832230349639,1.581842875726777,2.0250785594731213,0.45482708334494654,0.26259453900393726,41.666666666666664,34.01960219246153,19.641226483541647,0.0,0.0,0.0,0.012061214382632296,0.0074283687824996895,0.004288770716216008,-0.0235472226366223,0.017001384105601938,0.009815753689965505,0.0,0.0,0.0,0.0,0.0,0.0
RCZDT-Curve2D,GPR-KG-AVB,vepm,random,high_t1,3,0.01068,0.0007398817473083065,0.00042717092597694144,327.0,10.44030650891055,6.027713773341709,31.0,28.21347195933177,16.289055630494158,41.333333333333336,8.326663997864532,4.807401700618653,8.333333333333334,8.504900548115382,4.910306620885412,22.666666666666668,20.008331597945226,11.551815634108971,33.0,11.269427669584644,6.506407098647712,263.0,17.08800749063506,9.865765724632494,0.2934223841327666,0.1074170229897535,0.06201724713868241,0.2023358585858586,0.18799753522707138,0.10854042757033582,0.19594012213135972,0.13564066579046344,0.07831217490718413,0.07885925275057191,0.06886308117066106,0.039758118451108215,0.7976641414141414,0.18799753522707133,0.10854042757033579,0.037548253331546884,0.0009057498761309507,0.0005229349348026747,0.09789056745484104,0.03856911535200722,0.0222678891308871,0.056420978138323176,0.038129117120259515,0.0220138560333446,0.06468186305973045,0.03569736738526685,0.020609884669244783,0.0778011196625479,0.04087256099917083,0.02359778409534068,0.3543717865680394,0.1566878624972393,0.09046377959152818,0.45665741123796105,0.21618448237520163,0.12481416909394258,0.32464349838928336,0.12384926346054487,0.07150440559788246,0.4108607512527371,0.1647902452519399,0.09514169245603195,0.038910150846257735,0.009027751238768112,0.005212174607879747,0.04726904583774929,0.013098808052347215,0.007562600355085903,0.003347274353022693,0.0017067562451975075,0.000985396177605856,0.00023522491435232085,2.4652825831109142e-05,1.4233315629875823e-05,0.0035588923238161485,0.002065875375506322,0.0011927337041607942,24.747305143111266,13.361653887597125,7.71435446882281,28.95008897474966,15.767648265169631,9.103455970383022,2.9694315899119794,0.6603795881862398,0.38127033300665975,22.666666666666668,20.008331597945226,11.551815634108971,33.0,11.269427669584644,6.506407098647712,0.012034476744186054,0.007264052656458966,0.0041939027566142,-0.02327008039539501,0.01601093940498245,0.009243920175445404,-0.0025436492010404983,0.0009219184812494847,0.000532269883320281,0.06823582752342228,0.03820930883984353,0.022060154744233212
RCZDT-Curve2D,GPR-KG-AVB,vepm,random,low_t1,3,0.01068,0.0007398817473083065,0.00042717092597694144,335.3333333333333,12.503332889007368,7.218802609235905,29.0,31.796226191169293,18.357559750685823,44.666666666666664,6.658328118479393,3.8441875315569325,10.0,9.16515138991168,5.291502622129181,19.0,23.302360395462088,13.453624047073712,34.666666666666664,4.041451884327381,2.3333333333333335,271.6666666666667,22.722969289539016,13.11911243610295,0.2619047619047619,0.25084889887744616,0.14482767929281476,0.20840787119856885,0.18357682039761564,0.10598812667353898,0.22375081116158338,0.19508536387675007,0.11263258734919776,0.06496138996138996,0.07838687735650218,0.04525668474271072,0.791592128801431,0.18357682039761564,0.10598812667353898,0.036962040456413346,0.0008977765306461612,0.0005183315216406895,1.83086065137533,2.967261799594659,1.7131493987520698,1.7884645798009766,2.9591381929777985,1.7084592322850347,1.7977856484370498,2.9721929199765,1.7159963824319322,2.507753574622412,4.183286325042108,2.415221485860341,0.42563526257039236,0.12995969593471118,0.07503226543170742,0.5262314363817359,0.16623572076638826,0.09597623813340574,0.4478417945537023,0.12124555367879973,0.07000115305450025,0.554304632298414,0.15834436193719084,0.09142015998909667,0.0425150725928743,0.011427334785367548,0.006597574814451929,0.0516039697657301,0.01519361956773438,0.00877204034739621,6.663865226004812,11.532436745717378,6.658255459552261,0.0002638706242834634,1.538749926559516e-05,8.883976843146536e-06,9.39536758867301,16.263338270297762,9.389642728278357,50525.82778429827,87440.37232288715,50483.722498660005,4102.020856365398,7038.073789790979,4063.433797112272,5.3369489910203844,3.139057337791038,1.8123355989753258,19.0,23.302360395462088,13.453624047073712,34.666666666666664,4.041451884327381,2.3333333333333335,0.010081249999999995,0.010095028092457194,0.0058283671866569955,-0.018793813564493753,0.02258822324631762,0.013041316771776841,-0.0026119077506933305,0.0003562477999234889,0.00020567976318403827,2.678747527850543,4.541564168975393,2.622073295499902
RCZDT-Curve2D,GPR-KG-AVB,vepm,random,mid_t1,3,0.01068,0.0007398817473083065,0.00042717092597694144,337.6666666666667,5.033222956847167,2.905932629027116,108.33333333333333,61.97849089267448,35.78329840085238,337.6666666666667,5.033222956847167,2.905932629027116,108.33333333333333,61.97849089267448,35.78329840085238,0.0,0.0,0.0,229.33333333333334,57.178084379710846,33.01178240837319,0.0,0.0,0.0,1.0,0.0,0.0,0.31913074237303635,0.17941015460866072,0.10358250105866265,0.4639681303593119,0.21970897981166349,0.12684903863764196,0.0,0.0,0.0,0.6808692576269637,0.17941015460866075,0.10358250105866267,0.013854383949746389,0.0004095878566343917,0.00023647565928466792,0.9040768421456254,1.4882754233089843,0.8592562162757463,0.8968395737856897,1.4737447645243427,0.850866936514931,0.9103710998635205,1.4870637945929004,0.8585566821103574,1.7641165712562934,2.944353124260125,1.6999230688808988,0.2042594232813444,0.02268700600831536,0.013098349026007532,0.2612952593180871,0.0299293460202054,0.017279715981435042,0.18159084178212756,0.022407148638752435,0.012936773298355676,0.23432741649194475,0.026260214463758744,0.015161341889628416,0.044328268464070265,0.014943272408909834,0.008627502347858,0.05463416672336916,0.019393948396673105,0.01119710132746893,3.3055783947758797,5.715839272233205,3.3000413424684756,0.0026139919858612277,0.00022357046618015446,0.00012907846883196232,6.615362753217171,11.448282681683876,6.609669088029117,10216.200662463054,17667.472148072797,10200.319800590045,7.350903070715678,1.0837046063760087,0.6256771462132261,3.4827036968158054,1.8878604671416555,1.0899567488966875,0.0,0.0,0.0,229.33333333333334,57.178084379710846,33.01178240837319,0.0,0.0,0.0,0.0,0.0,0.0,-0.013760231354642308,0.0005564623992040091,0.00032127371597433967,1.3876301799546829,2.315726858538389,1.3369855251467855
RCZDT-Curve2D,GPR-KG-AVB,vepm,random,near_true_boundary,3,0.01068,0.0007398817473083065,0.00042717092597694144,254.0,5.196152422706632,3.0000000000000004,61.0,39.35733730830886,22.72296928953902,165.66666666666666,11.547005383792515,6.666666666666667,40.333333333333336,22.854612955229264,13.195116941926324,20.666666666666668,16.653327995729065,9.614803401237307,125.33333333333333,34.38507428134093,19.852231892437462,67.66666666666667,10.598742063723098,6.11918658356194,0.7198813982521847,0.13652469926714794,0.07882257187292058,0.25038942178185347,0.1494079082432268,0.08626069604328591,0.3419855653624539,0.1718320964662033,0.09920730715018021,0.22562175702272316,0.1793603303391616,0.10355373500325515,0.7496105782181465,0.1494079082432268,0.08626069604328591,0.005587712611094082,0.0005901739651035159,0.00034073709762122374,0.8750585486824275,1.4272182359025405,0.8240048326906746,0.860592019472111,1.4117170128692094,0.8150551973996124,0.875795382897568,1.4268126592823356,0.8237706729198223,1.728541385716266,2.881106031603203,1.6634073429099638,0.24927270556393066,0.03395356231287342,0.0196030983412842,0.32657178323267605,0.048754716413008874,0.02814854864531454,0.23851504399247866,0.018643897691079703,0.01076405935068871,0.30770308937474966,0.02730512262715084,0.01576461989904128,0.0402218484223321,0.01253054012628861,0.007234510715004136,0.048755523402603196,0.01752416461942546,0.010117581160348606,3.1699103431398825,5.481848602662408,3.1649467664039155,0.000837158989146222,6.169748330042656e-05,3.562105859182372e-05,6.4785085211533096,11.211921220190593,6.473205734609917,13449.03835966253,23260.59356717048,13429.509957516355,11.866719064613202,5.050317474758094,2.9158021535446568,3.7208409178220196,1.9345575431409467,1.1169173182952468,20.666666666666668,16.653327995729065,9.614803401237307,125.33333333333333,34.38507428134093,19.852231892437462,0.004606119909502263,0.0024480421409113543,0.0014133777890427183,-0.027485350596342415,0.021992156130465467,0.012697177261984516,-0.005235687111953463,0.0004778249460800841,0.00027587236124485497,1.3400546660053463,2.2288194625879383,1.2868095167002234
RCZDT-Curve2D,GPR-KG-AVB,vepm,random,tn,3,0.01068,0.0007398817473083065,0.00042717092597694144,534.6666666666666,36.69241520169166,21.184375793914196,0.0,0.0,0.0,0.0,0.0,0.0,0.0,0.0,0.0,0.0,0.0,0.0,0.0,0.0,0.0,534.6666666666666,36.69241520169166,21.184375793914196,0.0,0.0,0.0,0.0,0.0,0.0,0.0,0.0,0.0,0.0,0.0,0.0,0.0,0.0,0.0,0.04455120971233972,0.0009239809068501852,0.000533460625296029,1.1117220868126856,1.732657829671683,1.000350464374459,1.0671708771003459,1.7322013975178538,1.000086943147579,1.0693105144977644,1.733005313942099,1.0005510845115229,1.9149476736295856,3.1764890773600682,1.8339468238917416,0.4222517447554051,0.008214008088676263,0.004742359781123004,0.5503771693929626,0.0438085364557408,0.025292870315525486,0.41980993319393994,0.017166026665203133,0.009910810116071323,0.5399178890651359,0.04233481835318174,0.024442018772303387,0.038024792028918404,0.007535755760827915,0.0043507706170612705,0.04620007696908535,0.010597959836847987,0.006118734964665028,3.857722869891085,6.674635698892972,3.8536027174985437,0.00015718867623658477,1.3983098314476982e-05,8.073145575968288e-06,7.1474366174496025,12.371906439195945,7.142923513058643,30831.158699306703,53342.79489331039,30797.47699097975,30.220931446780508,15.51162798471729,8.95564259254586,4.641119319739753,2.3379446255267173,1.3498129588982892,0.0,0.0,0.0,0.0,0.0,0.0,0.0,0.0,0.0,0.0,0.0,0.0,0.0,0.0,0.0,0.0,0.0,0.0
RCZDT-Curve2D,GPR-KG-AVB,vepm,random,tp,3,0.01068,0.0007398817473083065,0.00042717092597694144,126.66666666666667,76.48747174102,44.1600623993118,126.66666666666667,76.48747174102,44.1600623993118,126.66666666666667,76.48747174102,44.1600623993118,126.66666666666667,76.48747174102,44.1600623993118,0.0,0.0,0.0,0.0,0.0,0.0,0.0,0.0,0.0,1.0,0.0,0.0,1.0,0.0,0.0,1.0,0.0,0.0,0.0,0.0,0.0,0.0,0.0,0.0,0.012557408661184074,0.0005143299694707703,0.00029694854632624125,0.02949770222041242,0.020626326721374225,0.01190861528497858,-0.016940293559228346,0.02083603815827918,0.012029692239527798,0.021290524580929338,0.018442333172680295,0.010647686021731734,0.027579858265833132,0.02395988719219116,0.013833247320164634,0.1641003667236481,0.05886522490461116,0.033985853444585115,0.21181255068517638,0.07541891318684549,0.04354312983041426,0.14895865406319622,0.03856779108844001,0.02226712456696009,0.1932330547407386,0.04670426943460417,0.02696472253037353,0.04943376009951548,0.013420300466083048,0.007748214086698709,0.05722463894387498,0.015855160225336687,0.009153981024142784,0.0028911621677083998,0.001411957388904615,0.0008151939785683606,0.003085774283411524,0.0007783805961783771,0.00044939824673556747,0.003276236870769992,0.0003067145124766281,0.0001770817063427461,3.9311620575780295,0.5244071832178125,0.3027666283957775,2.0797955281912297,0.4933900702366528,0.2848588898666199,1.4188345129152637,0.1403339797412338,0.08102186098005282,0.0,0.0,0.0,0.0,0.0,0.0,0.0,0.0,0.0,0.0,0.0,0.0,0.0,0.0,0.0,0.0,0.0,0.0
RCZDT-Curve2D,GPR-KG-AVB-lite,vepm,axis,all,3,0.010394999999999998,0.0,0.0,101.0,0.0,0.0,5.0,8.660254037844387,5.000000000000001,41.0,0.0,0.0,3.6666666666666665,6.3508529610858835,3.666666666666667,1.3333333333333333,2.3094010767585034,1.3333333333333335,37.333333333333336,6.3508529610858835,3.666666666666667,58.666666666666664,2.309401076758503,1.3333333333333333,0.24444444444444444,0.42339019740572553,0.24444444444444444,0.08943089430894309,0.1548988527094118,0.0894308943089431,0.13095238095238096,0.22681617718163874,0.130952380952381,0.022222222222222223,0.03849001794597505,0.022222222222222223,0.9105691056910569,0.15489885270941178,0.08943089430894309,0.0297490099009901,4.2491873609703695e-18,2.4532694666933983e-18,2.5856771787514616,4.313009230968975,2.4901170405172786,2.5648060428570933,4.3135567429540895,2.490433146709269,2.565242428037678,4.313172062204419,2.490211051174895,3.56283139585936,6.030392510941629,3.481648739511253,0.5035812145508403,0.09715576477749199,0.05609290694760897,0.5817351985187734,0.11422175262549793,0.06594595962564208,0.5153174665004484,0.09706422410551026,0.05604005591599851,0.6056420999394911,0.1154692673865005,0.06666621260872495,0.02948418187676034,0.011272445769977978,0.0065081495997222445,0.0349528063152788,0.01158102829491708,0.006686309803563049,13.617160144390146,23.577585932021698,13.61252558469426,0.00010057264008990641,0.0,0.0,19.160471530697198,33.178467717001844,19.155597267710323,135385.951867679,234415.55398122422,135339.88319329507,265006.48532218934,458897.0492989279,264944.334943061,5.815751968920686,3.7108882508433223,2.1424823305570118,1.3333333333333333,2.3094010767585034,1.3333333333333335,37.333333333333336,6.3508529610858835,3.666666666666667,0.001612500000000001,0.0027929319272048166,0.0016125000000000013,-0.001959898515275983,0.0033946438061368102,0.001959898515275983,-0.011182999999999997,0.0008954702675131107,0.0005170000000000007,2.5743677176537476,4.370259428693185,2.5231704575845106
RCZDT-Curve2D,GPR-KG-AVB-lite,vepm,axis,far_true_boundary,3,0.010394999999999998,0.0,0.0,75.0,0.0,0.0,3.6666666666666665,6.3508529610858835,3.666666666666667,25.0,0.0,0.0,3.6666666666666665,6.3508529610858835,3.666666666666667,0.0,0.0,0.0,21.333333333333332,6.3508529610858835,3.666666666666667,50.0,0.0,0.0,0.3333333333333333,0.5773502691896258,0.33333333333333337,0.14666666666666667,0.2540341184434354,0.1466666666666667,0.20370370370370372,0.35282516450477136,0.20370370370370375,0.0,0.0,0.0,0.8533333333333334,0.2540341184434353,0.14666666666666667,0.0381,0.0,0.0,2.6056355048663176,4.327850411527711,2.4986856001079567,2.577348097703531,4.328403545814142,2.499004952337126,2.5774878161352257,4.328280349847029,2.49893382511235,3.5726751683455507,6.0403676871993275,3.4874079102088493,0.548653108397178,0.10545899713398163,0.06088678038377227,0.6335707765392865,0.12475456311447747,0.07202708059677773,0.5682688134360904,0.10450653992030148,0.060336878955062435,0.6606844682015786,0.12714841697741971,0.07340917276894805,0.030824742961309815,0.007905043755161639,0.004563979139998342,0.036511735162251625,0.00951531754454978,0.005493671145770585,13.663403057910381,23.657734550023015,13.658799410872499,0.00010054719053265836,1.6598388128790506e-20,9.583083854271087e-21,19.192986864728134,33.23481661974885,19.188130321879846,135875.7922751758,235264.49936580524,135830.0220396102,265006.48532218934,458897.0492989279,264944.334943061,5.810816109754157,3.729260056299434,2.1530892973825972,0.0,0.0,0.0,21.333333333333332,6.3508529610858835,3.666666666666667,0.0,0.0,0.0,0.0,0.0,0.0,-0.015589285714285708,0.00012248073567808278,7.07142857142845e-05,2.606675833977586,4.435898017059464,2.5610669142470086
RCZDT-Curve2D,GPR-KG-AVB-lite,vepm,axis,fn,3,0.010394999999999998,0.0,0.0,37.333333333333336,6.3508529610858835,3.666666666666667,0.0,0.0,0.0,37.333333333333336,6.3508529610858835,3.666666666666667,0.0,0.0,0.0,0.0,0.0,0.0,37.333333333333336,6.3508529610858835,3.666666666666667,0.0,0.0,0.0,0.0,0.0,0.0,0.0,0.0,0.0,0.0,0.0,0.0,0.0,0.0,0.0,1.0,0.0,0.0,0.011182999999999997,0.0008954702675131107,0.0005170000000000007,2.5743677176537476,4.370259428693185,2.5231704575845106,2.585550717653748,4.370713950868773,2.5234328760849394,2.585550717653748,4.370713950868773,2.5234328760849394,3.570964015299951,6.074199980102862,3.5069409936240072,0.2354260477578638,0.02637880856295653,0.015229812224724557,0.2705508235421816,0.0389156202446943,0.022467943823955505,0.25092733022121033,0.03063369741687768,0.017686373449907873,0.29816186374295245,0.036681262172820944,0.02117793658969341,0.027428163715546332,0.026882599065551946,0.015520675807013199,0.027902112210062127,0.026555830676814333,0.015332015989812878,13.812729417574735,23.915611155001713,13.807684538174657,0.00010120369744392337,6.346152978256194e-08,3.663953130314759e-08,19.297599237127624,33.41548359250634,19.29243844723506,136420.89877297808,236201.59363693075,136371.05366930057,265006.50375801075,458897.03333161084,264944.3257243262,5.9347349200303485,3.6426035017108003,2.103058112263804,0.0,0.0,0.0,37.333333333333336,6.3508529610858835,3.666666666666667,0.0,0.0,0.0,0.0,0.0,0.0,-0.011182999999999997,0.0008954702675131107,0.0005170000000000007,2.5743677176537476,4.370259428693185,2.5231704575845106
RCZDT-Curve2D,GPR-KG-AVB-lite,vepm,axis,fp,3,0.010394999999999998,0.0,0.0,1.3333333333333333,2.3094010767585034,1.3333333333333335,1.3333333333333333,2.3094010767585034,1.3333333333333335,0.0,0.0,0.0,0.0,0.0,0.0,1.3333333333333333,2.3094010767585034,1.3333333333333335,0.0,0.0,0.0,0.0,0.0,0.0,0.0,0.0,0.0,0.0,0.0,0.0,0.0,0.0,0.0,0.3333333333333333,0.5773502691896258,0.33333333333333337,0.0,0.0,0.0,0.001612500000000001,0.0027929319272048166,0.0016125000000000013,0.001959898515275983,0.0033946438061368102,0.001959898515275983,-0.0035723985152759847,0.006187575733341628,0.003572398515275985,0.0035723985152759847,0.006187575733341628,0.003572398515275985,0.0036013051226935094,0.006237643446063228,0.00360130512269351,0.08154978636985011,0.1412483733389683,0.08154978636985012,0.08180879137318142,0.14169698316415266,0.08180879137318141,0.058027622327696406,0.10050679011398837,0.058027622327696406,0.058438945785674816,0.1012192232415519,0.058438945785674816,0.016597658549235058,0.02874798789395507,0.01659765854923506,0.01660386014623447,0.02875872937504611,0.01660386014623447,0.0003802951352263434,0.0006586904960833034,0.00038029513522634336,3.347086270629159e-05,5.797323478045935e-05,3.347086270629158e-05,0.0003468242730776552,0.0006007172622686414,0.0003468242730776552,3.7873266055581767,6.559842105684135,3.787326605558177,3.7874091893237076,6.5599851449619155,3.7874091893237085,0.8100908587200083,1.4031185260501557,0.8100908587200084,1.3333333333333333,2.3094010767585034,1.3333333333333335,0.0,0.0,0.0,0.001612500000000001,0.0027929319272048166,0.0016125000000000013,-0.001959898515275983,0.0033946438061368102,0.001959898515275983,0.0,0.0,0.0,0.0,0.0,0.0
RCZDT-Curve2D,GPR-KG-AVB-lite,vepm,axis,high_t1,3,0.010394999999999998,0.0,0.0,34.0,0.0,0.0,1.3333333333333333,2.3094010767585034,1.3333333333333335,4.0,0.0,0.0,0.0,0.0,0.0,1.3333333333333333,2.3094010767585034,1.3333333333333335,4.0,0.0,0.0,28.666666666666668,2.3094010767585034,1.3333333333333335,0.0,0.0,0.0,0.0,0.0,0.0,0.0,0.0,0.0,0.044444444444444446,0.0769800358919501,0.044444444444444446,1.0,0.0,0.0,0.037430735294117654,0.0,0.0,0.12270023405269603,0.06527259531670543,0.03768515047680539,0.0854065814608664,0.06603572068270662,0.038125741112291604,0.08670290214436875,0.06389275705590462,0.0368885004854939,0.08879505413031692,0.062322806257431924,0.03598208896938122,0.5848004676244264,0.12117112285640506,0.06995818039915468,0.6188472783256226,0.11910598222358143,0.06876587089887952,0.5044652461099163,0.11472653474792664,0.0662373957199084,0.5484295256256492,0.11932495007747757,0.06889229204827033,0.027286330433592357,0.007557694953334139,0.004363437215760542,0.031863591975502537,0.006721143612554841,0.0038804540739706714,0.003688693788899102,0.0022360386400756722,0.0012909775107660941,0.00010018003094230808,0.0,0.0,0.003628635185958981,0.0021735758309736463,0.0012549145911166992,36.8171746116144,22.325319787443046,12.889529389024721,36.09703924341639,23.401794890794562,13.51103257972065,3.428107821435791,0.7780404880709265,0.4492018852281773,1.3333333333333333,2.3094010767585034,1.3333333333333335,4.0,0.0,0.0,0.001612500000000001,0.0027929319272048166,0.0016125000000000013,-0.001959898515275983,0.0033946438061368102,0.001959898515275983,-0.0025424999999999927,0.0,0.0,0.07067109779981788,0.05215603276003011,0.030112299553866326
RCZDT-Curve2D,GPR-KG-AVB-lite,vepm,axis,low_t1,3,0.010394999999999998,0.0,0.0,34.0,0.0,0.0,0.0,0.0,0.0,4.0,0.0,0.0,0.0,0.0,0.0,0.0,0.0,0.0,4.0,0.0,0.0,30.0,0.0,0.0,0.0,0.0,0.0,0.0,0.0,0.0,0.0,0.0,0.0,0.0,0.0,0.0,1.0,0.0,0.0,0.03743073529411764,0.0,0.0,5.049349254109653,8.497590333155898,4.90608606631072,5.012516754109653,8.497590333155896,4.906086066310719,5.012516754109653,8.497590333155896,4.906086066310719,5.013868370891924,8.496426998011701,4.90541441445206,0.7325116966867428,0.16085032194587176,0.09286697667468703,0.7565451863882968,0.16543402050177966,0.09551337626982456,0.8225442724157204,0.15713089433239263,0.09071956414081353,0.8507863780680026,0.1660311090868892,0.0958581055251676,0.03291495065270205,0.014259230973105072,0.008232570840759262,0.03784855235596763,0.013402514896563208,0.007737945583348738,26.963519379649288,46.691232733388006,26.95719578741703,0.00010018003094230808,0.0,0.0,26.963419199621413,46.691232733385334,26.95719578741549,269151.9430524813,466075.50879251934,269088.82046405284,269444.6453903199,466582.3652152736,269381.4541561705,7.244829402025554,5.519658002390877,3.1867760335150446,0.0,0.0,0.0,4.0,0.0,0.0,0.0,0.0,0.0,0.0,0.0,0.0,-0.0025425000000000014,0.0,0.0,4.984329637716342,8.495954334185836,4.9051415218649606
RCZDT-Curve2D,GPR-KG-AVB-lite,vepm,axis,mid_t1,3,0.010394999999999998,0.0,0.0,33.0,0.0,0.0,3.6666666666666665,6.3508529610858835,3.666666666666667,33.0,0.0,0.0,3.6666666666666665,6.3508529610858835,3.666666666666667,0.0,0.0,0.0,29.333333333333332,6.3508529610858835,3.666666666666667,0.0,0.0,0.0,0.3333333333333333,0.5773502691896258,0.33333333333333337,0.1111111111111111,0.19245008972987526,0.11111111111111112,0.16666666666666666,0.2886751345948129,0.16666666666666669,0.0,0.0,0.0,0.8888888888888888,0.1924500897298753,0.11111111111111113,0.013919999999999995,0.0,0.0,2.5849609835265994,4.3955503239758125,2.537772162783982,2.5974550581566294,4.396804418340773,2.5384962145031813,2.5974550581566294,4.396804418340773,2.5384962145031813,3.578839288434198,6.0926737541461895,3.5176068320408707,0.18403300251682184,0.03514604022437163,0.020291575784490375,0.21959270894030838,0.04470465045346243,0.025810241973334664,0.20996183292950432,0.03136842830433018,0.018110570525560508,0.25389969688539166,0.038764866654250815,0.022380906197931656,0.028213903412690436,0.028294264235958863,0.016335701073153252,0.028454837236449,0.02810873322118476,0.0162285846918304,13.892366669288068,24.053701094705758,13.887410802035166,0.00010138165287889692,0.0,0.0,19.353145055726362,33.51183993375174,19.348069806791216,137017.06942164918,237235.8593258725,136968.18724322467,265006.48532218934,458897.0492989279,264944.334943061,5.923191830363347,3.6750248828857153,2.1217766054126406,0.0,0.0,0.0,29.333333333333332,6.3508529610858835,3.666666666666667,0.0,0.0,0.0,0.0,0.0,0.0,-0.013584999999999995,0.0005802370205355752,0.0003350000000000008,2.585354199528717,4.395204673611179,2.5375726014529154
RCZDT-Curve2D,GPR-KG-AVB-lite,vepm,axis,near_true_boundary,3,0.010394999999999998,0.0,0.0,26.0,0.0,0.0,1.3333333333333333,2.3094010767585034,1.3333333333333335,16.0,0.0,0.0,0.0,0.0,0.0,1.3333333333333333,2.3094010767585034,1.3333333333333335,16.0,0.0,0.0,8.666666666666666,2.3094010767585034,1.3333333333333335,0.0,0.0,0.0,0.0,0.0,0.0,0.0,0.0,0.0,0.13333333333333333,0.23094010767585035,0.13333333333333336,1.0,0.0,0.0,0.005659615384615382,0.0,0.0,2.5281050841893764,4.270198379011484,2.465400183615384,2.528627038492368,4.270729679825939,2.46570693028363,2.529919193140904,4.269591485852993,2.4650497936869598,3.533144405105902,6.002529970253309,3.4655622941445445,0.3735661361479435,0.07336898008883405,0.04235960040445663,0.3957794390086862,0.07660453943280744,0.04422765146267868,0.36257319649378855,0.07590328500034232,0.04382278202732453,0.40696578677970613,0.07305943139758782,0.042180882384238325,0.02561717874825223,0.02434623567427423,0.014056305720296298,0.026352139358356202,0.02384679057711272,0.01376795095900466,13.483767124620227,23.34638799562095,13.479043393877204,0.00010064605227427586,0.0,0.0,19.066365482017414,33.01538495422034,19.061441390718233,133972.95069220758,231966.67306559885,133926.0211374454,133403.75416206787,230977.73277501398,133355.05619446377,5.829483753139276,3.6585299402526155,2.1122532458431533,1.3333333333333333,2.3094010767585034,1.3333333333333335,16.0,0.0,0.0,0.001612500000000001,0.0027929319272048166,0.0016125000000000013,-0.001959898515275983,0.0033946438061368102,0.001959898515275983,-0.005512499999999996,0.0,0.0,2.5227078317114424,4.2687365201689165,2.4645561790191106
RCZDT-Curve2D,GPR-KG-AVB-lite,vepm,axis,tn,3,0.010394999999999998,0.0,0.0,58.666666666666664,2.309401076758503,1.3333333333333333,0.0,0.0,0.0,0.0,0.0,0.0,0.0,0.0,0.0,0.0,0.0,0.0,0.0,0.0,0.0,58.666666666666664,2.309401076758503,1.3333333333333333,0.0,0.0,0.0,0.0,0.0,0.0,0.0,0.0,0.0,0.0,0.0,0.0,0.0,0.0,0.0,0.04296928571428571,0.0015359579125691202,0.0008867857142857172,2.595569961022546,4.27198426156554,2.466431263388709,2.55260067530826,4.272766416481044,2.4668828407397236,2.552877384506776,4.272522311975564,2.466741906937774,3.5566658508966866,6.000814771890346,3.4645720239079743,0.7052133455040693,0.1253189292416737,0.07235291753223598,0.7290378274033662,0.13456091373836665,0.077688779769248,0.7140727219907429,0.12771106022889592,0.07373401500164557,0.755251181983236,0.13767990959539356,0.07948953286690381,0.03012683248316886,0.011909002258920134,0.006875665659967401,0.03475551922459952,0.01123888926502705,0.006488775742555764,13.48359847882732,23.346535046395438,13.47912829368144,0.00010010932799047888,1.2215394192847249e-08,7.052561125497751e-09,19.06626562047663,33.01547176736116,19.061491512308457,134679.51349858605,233194.42200940853,134634.8623206512,134177.65374806814,232314.26940347874,134126.7059766897,5.758736448261385,3.734453523066448,2.15608774681856,0.0,0.0,0.0,0.0,0.0,0.0,0.0,0.0,0.0,0.0,0.0,0.0,0.0,0.0,0.0,0.0,0.0,0.0
RCZDT-Curve2D,GPR-KG-AVB-lite,vepm,axis,tp,3,0.010394999999999998,0.0,0.0,3.6666666666666665,6.3508529610858835,3.666666666666667,3.6666666666666665,6.3508529610858835,3.666666666666667,3.6666666666666665,6.3508529610858835,3.666666666666667,3.6666666666666665,6.3508529610858835,3.666666666666667,0.0,0.0,0.0,0.0,0.0,0.0,0.0,0.0,0.0,0.3333333333333333,0.5773502691896258,0.33333333333333337,0.3333333333333333,0.5773502691896258,0.33333333333333337,0.3333333333333333,0.5773502691896258,0.33333333333333337,0.0,0.0,0.0,0.0,0.0,0.0,0.005309999999999998,0.009197189788190735,0.005309999999999998,0.002138888054955514,0.0037046627828851235,0.0021388880549555143,0.0031711119450444844,0.005492527005305612,0.0031711119450444844,0.0031711119450444844,0.005492527005305612,0.0031711119450444844,0.003189162851485459,0.005523792092384053,0.0031891628514854596,0.01640339205791427,0.028411508460779326,0.016403392057914273,0.01973658368469493,0.03418476570972659,0.019736583684694935,0.03584285893847087,0.06208165276995583,0.035842858938470876,0.039482013314874824,0.0683848530464741,0.039482013314874824,0.02070431367601667,0.035860923222704025,0.02070431367601667,0.020707012597122224,0.035865597891184466,0.020707012597122227,0.0009584536589263304,0.001660090433960696,0.0009584536589263306,3.38467049862053e-05,5.8624212704902424e-05,3.38467049862053e-05,0.0009246069556041,0.0016014662241378827,0.0009246069556041002,9.439188006063937,16.3491532086975,9.439188006063937,9.43589769629723,16.34345422500893,9.435897696297232,1.114493768819323,1.9303598323139899,1.114493768819323,0.0,0.0,0.0,0.0,0.0,0.0,0.0,0.0,0.0,0.0,0.0,0.0,0.0,0.0,0.0,0.0,0.0,0.0
RCZDT-Curve2D,GPR-KG-AVB-lite,vepm,combined,all,3,0.010769999999999993,0.0006495190528383276,0.0003749999999999992,1180.6666666666667,0.5773502691896258,0.33333333333333337,138.33333333333334,110.64507821558686,63.88096569227628,500.0,7.54983443527075,4.358898943540674,111.0,85.9127464349732,49.60174728105184,27.333333333333332,26.102362600602525,15.070206073943089,389.0,80.29943959953893,46.3609030685699,653.3333333333334,30.615900008546756,17.676098111417136,0.8664352425820315,0.12181030561813025,0.07032721273869809,0.2207080705628727,0.17061594196626992,0.09850516002226752,0.3192985487032465,0.23549405141971427,0.13596255397972762,0.04029639715123586,0.038308545519303724,0.02211744906783304,0.7792919294371273,0.17061594196626986,0.09850516002226747,0.029832615852695935,0.0006223970117210301,0.0003593410822599554,1.3816724689230329,2.243609214130493,1.295348383734565,1.3557191070004884,2.24013917613394,1.2933449563631567,1.360958303504379,2.2434819535576955,1.2952749098086032,2.5888098507230377,4.346877267443035,2.5096707604925013,0.30066024159028876,0.015153005306917964,0.008748591692980914,0.39764492655245903,0.010418940694072227,0.006015378214393347,0.3047742623710094,0.01456116096763882,0.008406890204379744,0.40563767314996085,0.00551608794958449,0.0031847148625662566,0.03071360750886906,0.005765931684053792,0.0033289622099174493,0.03904643831013688,0.007202990769530473,0.004158648659758808,7.144826428873308,12.366589808390833,7.13985395483213,0.001002748990824858,7.258974837666547e-05,4.190971076567501e-05,13.966513445570534,24.177933294678077,13.959136296131204,47986.19160671483,83070.57776421982,47960.820433910056,27.255852634479822,13.621938134316474,7.864629648732046,4.2966008208678765,2.3666520719033493,1.3663872107915844,27.333333333333332,26.102362600602525,15.070206073943089,389.0,80.29943959953893,46.3609030685699,0.0064039615384615415,0.005620245355017141,0.00324485016863089,-0.014420047472746117,0.01402038740248213,0.008094674440965895,-0.01127300067336894,0.0005942253621587249,0.00034307617280164267,1.8947600663017747,3.189025183056078,1.8411845478899223
RCZDT-Curve2D,GPR-KG-AVB-lite,vepm,combined,far_true_boundary,3,0.010769999999999993,0.0006495190528383276,0.0003749999999999992,883.6666666666666,0.5773502691896257,0.3333333333333333,87.33333333333333,66.94276162015825,38.64942144169532,307.3333333333333,15.044378795195676,8.685876147196922,79.66666666666667,60.36831398451785,34.85366232948523,7.666666666666667,6.658328118479393,3.8441875315569325,227.66666666666666,46.26373669877233,26.710380836754172,568.6666666666666,21.07921567168317,12.170090842352456,0.938095238095238,0.054084841388574036,0.031225897734771434,0.2533437852702511,0.18949375654679185,0.10940427135204368,0.3686025985016323,0.25523576810111653,0.14736043942000054,0.013496661221714923,0.011718929699749674,0.006765927216764775,0.746656214729749,0.18949375654679185,0.10940427135204368,0.0379651107072762,0.0007854558923175696,0.0004534831708661265,1.4119196202069773,2.27847775191875,1.3154797434128638,1.3793459033633575,2.2759387177041686,1.3140138313255936,1.3838837370255632,2.2786325870377557,1.3155691375105016,2.6060910770525303,4.373821371461308,2.5252269462005246,0.32563773634636667,0.017059565256883354,0.009849344593319593,0.43017995648262847,0.011398658357551652,0.006581018471133024,0.3296637516177569,0.013613263812911728,0.007859621526933978,0.43825695228874023,0.004511470785534073,0.0026046988724692296,0.031677045898800445,0.005608816299158649,0.003238251600154407,0.0403671096642692,0.00681916391850889,0.003937046123999291,7.231772764514598,12.517580420348825,7.227028425291183,0.0010689558296794574,8.125356489710852e-05,4.691176756596233e-05,13.963476418079209,24.17358262670375,13.956624436805072,52167.85659366357,90310.70044397583,52140.907212033104,29.419001955396407,15.101425239602417,8.718811927231465,4.398908439736508,2.4017787413413036,1.3866676028473224,7.666666666666667,6.658328118479393,3.8441875315569325,227.66666666666666,46.26373669877233,26.710380836754172,0.012531590909090914,0.010872130691579893,0.006277027581448443,-0.016695996846490358,0.01634862591806429,0.00943888357467491,-0.015496482196865278,0.00024609148051028975,0.00014208098251788934,1.9167591942294624,3.232362394984375,1.8662052988626525
RCZDT-Curve2D,GPR-KG-AVB-lite,vepm,combined,fn,3,0.010769999999999993,0.0006495190528383276,0.0003749999999999992,389.0,80.29943959953893,46.3609030685699,0.0,0.0,0.0,389.0,80.29943959953893,46.3609030685699,0.0,0.0,0.0,0.0,0.0,0.0,389.0,80.29943959953893,46.3609030685699,0.0,0.0,0.0,0.0,0.0,0.0,0.0,0.0,0.0,0.0,0.0,0.0,0.0,0.0,0.0,1.0,0.0,0.0,0.01127300067336894,0.0005942253621587249,0.00034307617280164267,1.8947600663017747,3.189025183056078,1.8411845478899223,1.9060330669751437,3.189512701902448,1.8414660170271089,1.9060330669751437,3.189512701902448,1.8414660170271089,3.0813962639298915,5.194679904744768,2.9991498413583315,0.17029925300506008,0.02394487315866727,0.013824578963867993,0.21767241883256397,0.020808502745096023,0.012013794661314256,0.1742472492546434,0.028818649256733494,0.01663845490605649,0.22528140795816606,0.025954987924455566,0.014985119264997909,0.029992054788591186,0.002019984107188157,0.0011662383680438484,0.039837305831258246,0.003075658463093485,0.0017757322416023745,10.20455089818437,17.662878320659043,10.197667553096105,0.0018020182124564067,0.0003068166686279011,0.00017714068622418292,16.830853732319362,29.134055139567824,16.820554577414885,46521.97404120332,80544.66108524145,46502.48175935133,26.308841559971412,20.79159661178706,12.00403390069737,4.311623949304945,2.89014194228445,1.668624228374155,0.0,0.0,0.0,389.0,80.29943959953893,46.3609030685699,0.0,0.0,0.0,0.0,0.0,0.0,-0.01127300067336894,0.0005942253621587249,0.00034307617280164267,1.8947600663017747,3.189025183056078,1.8411845478899223
RCZDT-Curve2D,GPR-KG-AVB-lite,vepm,combined,fp,3,0.010769999999999993,0.0006495190528383276,0.0003749999999999992,27.333333333333332,26.102362600602525,15.070206073943089,27.333333333333332,26.102362600602525,15.070206073943089,0.0,0.0,0.0,0.0,0.0,0.0,27.333333333333332,26.102362600602525,15.070206073943089,0.0,0.0,0.0,0.0,0.0,0.0,0.0,0.0,0.0,0.0,0.0,0.0,0.0,0.0,0.0,0.6666666666666666,0.5773502691896258,0.33333333333333337,0.0,0.0,0.0,0.0064039615384615415,0.005620245355017141,0.00324485016863089,0.014420047472746117,0.01402038740248213,0.008094674440965895,-0.020824009011207664,0.01944949701845694,0.01122917233920894,0.020824009011207664,0.01944949701845694,0.01122917233920894,0.025291691632228986,0.02386934303128452,0.013780971624491637,0.1029727095611606,0.09904026305355661,0.057180922534582256,0.12973583266236347,0.12367717454986783,0.07140505001897852,0.11627362023536013,0.11407129364239517,0.0658590920912457,0.14575044229304965,0.14103017412806124,0.08142380899669595,0.03939276476266534,0.03505343802523142,0.020238111879889227,0.043141590848570055,0.03864782649261944,0.022313333029107787,0.000883832457882188,0.0007690215154245906,0.0004439947789430014,0.00027435601052285723,0.00023760274073619873,0.0001371800063242372,0.0007849802892897752,0.0007157735646720557,0.0004132520602422294,3.709354441737195,3.2199166960154044,1.8590197712126642,2.921369296514287,2.5304532720178528,1.4609578777712766,1.0833239868917428,0.9382910698769881,0.5417226017717011,27.333333333333332,26.102362600602525,15.070206073943089,0.0,0.0,0.0,0.0064039615384615415,0.005620245355017141,0.00324485016863089,-0.014420047472746117,0.01402038740248213,0.008094674440965895,0.0,0.0,0.0,0.0,0.0,0.0
RCZDT-Curve2D,GPR-KG-AVB-lite,vepm,combined,high_t1,3,0.010769999999999993,0.0006495190528383276,0.0003749999999999992,386.6666666666667,20.79262689833426,12.00462873691274,29.0,31.192947920964443,18.0092568789868,47.333333333333336,7.234178138070235,4.176654695380556,6.666666666666667,6.506407098647712,3.7564758898615485,22.333333333333332,24.78574859336174,14.310058622443789,40.666666666666664,10.263202878893768,5.92546294487706,317.0,22.60530911091463,13.051181300301261,0.16322580645161291,0.14566507562206993,0.08409977062192928,0.14479638009049775,0.13094403795136136,0.07560057555999505,0.14961283185840707,0.12969248229175165,0.07487798956301359,0.06505223171889839,0.07028342399241637,0.04057815376159019,0.8552036199095022,0.13094403795136136,0.07560057555999505,0.03852626583996016,0.0009058101691879708,0.0005229697450153754,0.10118259235124678,0.032477185609382425,0.018750711854098386,0.06011752496038245,0.03315757088759487,0.019143532477627,0.06594891283775424,0.02970310228497471,0.017149094099997136,0.07767204693984248,0.03342331424856294,0.019296959478617266,0.3298037864969691,0.035937605958522474,0.02074858647418365,0.40413560988941355,0.03259442895799316,0.018818402332979486,0.31500675225710006,0.04467400038511589,0.025792546148124106,0.3872534681344899,0.04875187600107416,0.028146908732719425,0.02795091387238591,0.005866824253307588,0.003387212561935361,0.034915823635849524,0.008071389438189115,0.004660018864872788,0.0035248669300536584,0.0018437533349384711,0.0010644914842459967,0.0002211441111841381,1.6442860091160605e-05,9.49328969987893e-06,0.0049642894078843714,0.0038846211082733386,0.0022427870425613147,25.345867629096507,13.726622133310327,7.925068983730993,29.136727940190923,15.837202806552886,9.143613303574005,2.99918445276577,0.6488872461431827,0.37463522623448153,22.333333333333332,24.78574859336174,14.310058622443789,40.666666666666664,10.263202878893768,5.92546294487706,0.006917500000000004,0.006167555735459555,0.0035608399641095948,-0.016414113713370992,0.017178900747504593,0.009918242970953641,-0.0025641592864372397,0.0006212314060875559,0.00035866811953370013,0.07149410002605931,0.03424909291897091,0.01977372301626836
RCZDT-Curve2D,GPR-KG-AVB-lite,vepm,combined,low_t1,3,0.010769999999999993,0.0006495190528383276,0.0003749999999999992,393.3333333333333,13.503086067019394,7.796010375684332,12.0,13.74772708486752,7.937253933193772,52.0,6.082762530298219,3.511884584284246,7.0,7.54983443527075,4.358898943540674,5.0,6.244997998398398,3.6055512754639896,45.0,2.6457513110645907,1.5275252316519468,336.3333333333333,8.504900548115382,4.910306620885412,0.40740740740740744,0.3571722504071465,0.20621349491963048,0.12556208924247667,0.1271472306360144,0.07340848783441835,0.18524458700882118,0.17542364530040874,0.10128088883641642,0.014515400909816996,0.017876186261158153,0.01032082094996355,0.8744379107575234,0.1271472306360144,0.07340848783441835,0.03751724784851873,0.0007577443663358925,0.00043748391388094993,2.6506768624925083,4.383207430208697,2.530645989744959,2.612444023267306,4.3817761672213535,2.5298196496739354,2.61433796468978,4.384049850636247,2.531132361405576,3.6151882721829884,6.105848193551596,3.5252130981780043,0.43280359460829887,0.03737569393779435,0.021578866956134632,0.5271364335009825,0.03232184816703022,0.018661027739941112,0.45131636721339835,0.03848857212261109,0.02222138747571384,0.5514242835523372,0.033074189013376394,0.019095391930101426,0.02870843118635057,0.008145408645613444,0.004702753874204427,0.03577010081931593,0.010513542601466547,0.00606999665109331,14.016192920261455,24.26804231800194,14.01116076500365,0.000249413390503966,1.3403276618484964e-05,7.738385363705311e-06,19.61945864235045,33.97316029460033,19.61441324130981,110784.08441787052,191816.04402333373,110745.04465176084,13291.553751261796,22955.75254533071,13253.509911497124,5.527216306504773,3.5717866526770874,2.062171985411029,5.0,6.244997998398398,3.6055512754639896,45.0,2.6457513110645907,1.5275252316519468,0.004572499999999997,0.004297155309038757,0.002480963774423156,-0.012822205677329652,0.011121986369691824,0.0064212818244649235,-0.002624725158562369,0.00033760162415869547,0.0001949143885868777,3.5757643445990817,6.095093866390312,3.519004084496484
RCZDT-Curve2D,GPR-KG-AVB-lite,vepm,combined,mid_t1,3,0.010769999999999993,0.0006495190528383276,0.0003749999999999992,400.6666666666667,8.621678104251709,4.977728174356026,97.33333333333333,74.23161949825244,42.857645499697924,400.6666666666667,8.621678104251709,4.977728174356026,97.33333333333333,74.23161949825244,42.857645499697924,0.0,0.0,0.0,303.3333333333333,68.41296173484476,39.49824187367219,0.0,0.0,0.0,1.0,0.0,0.0,0.24111521589301868,0.18369241540640968,0.1060548654829832,0.36253062809232234,0.26376201464483445,0.1522830701571932,0.0,0.0,0.0,0.7588847841069812,0.18369241540640968,0.1060548654829832,0.013894169272324355,0.00027750866961827374,0.00016021970510656528,1.2557088267073353,2.089177816190849,1.2061873745627811,1.256549264454052,2.080606657882652,1.2012388140062766,1.2643648676426333,2.0871331600401444,1.2050068917837717,2.493978608046715,4.184057827949795,2.4156669132717754,0.14525761738255746,0.040452253756226436,0.023355119595484385,0.18661005740933398,0.04439912391420157,0.025633846143647828,0.15347169699460933,0.04622743165922138,0.026689420112396493,0.19922366121431603,0.04978475426714831,0.02874324127767745,0.03535378652779305,0.004266468587122568,0.0024632467872642973,0.045105224519677974,0.004253876893490111,0.0024559769695560447,6.6465661487895185,11.500362207976046,6.639737216553169,0.0024958747923297555,0.00022012834139853367,0.00012709115716270927,13.38717669889275,23.169295409356007,13.376798941525651,28111.23626121244,48659.5201567551,28093.587061140577,9.976752663101994,2.996014055783135,1.7297495216022956,3.7376193159944093,2.1312906365219657,1.2305012227172858,0.0,0.0,0.0,303.3333333333333,68.41296173484476,39.49824187367219,0.0,0.0,0.0,0.0,0.0,0.0,-0.013749585802000377,0.00045183491303575884,0.00026086700867046655,1.8380745188256336,3.094955826383226,1.7868735794923563
RCZDT-Curve2D,GPR-KG-AVB-lite,vepm,combined,near_true_boundary,3,0.010769999999999993,0.0006495190528383276,0.0003749999999999992,297.0,1.0,0.5773502691896258,51.0,44.19275958796871,25.51470164434615,192.66666666666666,9.60902353693305,5.547772325697746,31.333333333333332,28.58904218985542,16.505891204186597,19.666666666666668,20.008331597945226,11.551815634108971,161.33333333333334,36.50114153466071,21.073943890764994,84.66666666666667,11.06044001535804,6.385748020222673,0.41128205128205125,0.3790753135718967,0.21885923433387638,0.16657181880264058,0.1506241549798556,0.08696289642407955,0.23704298915226998,0.21547791427099178,0.12440623180877622,0.17831156061244557,0.17700592584431374,0.10219441893437348,0.8334281811973594,0.1506241549798556,0.08696289642407955,0.005637342491209937,0.0004344108857252928,0.00025080724181240156,1.2914535125820454,2.13937729914477,1.2351700595594075,1.285189032004194,2.133199887142833,1.2316035290771938,1.292520911780467,2.1384806696534135,1.2346523902812097,2.536099670289123,4.265752390173578,2.462833290763005,0.22636498880650127,0.012104409887590307,0.006988484306981832,0.2791571245305028,0.012402489990122363,0.007160580934418786,0.23074056370808604,0.02065602247731969,0.011925760137667484,0.28703926964308524,0.021195645047361423,0.012237311373741877,0.02784925607756013,0.0075461254711542336,0.004356757572109588,0.03454429052549032,0.009849196879481338,0.005686436469670173,6.885159112926622,11.915661225827028,6.879510216303621,0.0008058329295221198,5.571381971634108e-05,3.2166388810811804e-05,13.97538826681545,24.191087609471083,13.966730943317952,35497.726114158715,61448.03148857512,35477.03752110145,15.857245488711348,8.281517810831566,4.781336537382286,3.97589078586333,2.259180759120376,1.3043386194261724,19.666666666666668,20.008331597945226,11.551815634108971,161.33333333333334,36.50114153466071,21.073943890764994,0.003856144736842107,0.003354292583228079,0.0019366017258674968,-0.013303009141031363,0.012700231096927646,0.007332481842581633,-0.005306494762729525,0.0004585937158177294,0.0002647692052760368,1.8586432127611248,3.119558461567023,1.8010779175384957
RCZDT-Curve2D,GPR-KG-AVB-lite,vepm,combined,tn,3,0.010769999999999993,0.0006495190528383276,0.0003749999999999992,653.3333333333334,30.615900008546756,17.676098111417136,0.0,0.0,0.0,0.0,0.0,0.0,0.0,0.0,0.0,0.0,0.0,0.0,0.0,0.0,0.0,653.3333333333334,30.615900008546756,17.676098111417136,0.0,0.0,0.0,0.0,0.0,0.0,0.0,0.0,0.0,0.0,0.0,0.0,0.0,0.0,0.0,0.044617819700168704,0.0004777917053055443,0.00027585316967472637,1.4844579066374426,2.3731503316167823,1.370138982786399,1.4398400869372743,2.373195731446643,1.3701651943903903,1.4410893072486255,2.3733970744157684,1.3702814398078142,2.657579030328226,4.465684661072063,2.5782642411859387,0.41407335508228327,0.0011973187418288383,0.0006912722979006639,0.5006261250661,0.0023059160025983676,0.0013313212248288334,0.41468001597859033,0.008093776274891704,0.004672943911069332,0.5076316797753925,0.006146558298852519,0.00354871708843223,0.027366733247578007,0.00671704808770122,0.0038780895215939607,0.034115880500333685,0.00870318866592723,0.0050247883190811865,7.520042811109327,13.018629047864467,7.516308985264431,0.00015494789295571716,7.4202195288169745e-06,4.284065742408598e-06,14.237966254987398,24.653970283710038,14.233976379893026,62615.48480919132,108399.2879979802,62584.35810559764,30.23311726257013,15.518474761581112,8.95959558101127,4.68103521635231,2.526286963292886,1.45855245830739,0.0,0.0,0.0,0.0,0.0,0.0,0.0,0.0,0.0,0.0,0.0,0.0,0.0,0.0,0.0,0.0,0.0,0.0
RCZDT-Curve2D,GPR-KG-AVB-lite,vepm,combined,tp,3,0.010769999999999993,0.0006495190528383276,0.0003749999999999992,111.0,85.9127464349732,49.60174728105184,111.0,85.9127464349732,49.60174728105184,111.0,85.9127464349732,49.60174728105184,111.0,85.9127464349732,49.60174728105184,0.0,0.0,0.0,0.0,0.0,0.0,0.0,0.0,0.0,1.0,0.0,0.0,1.0,0.0,0.0,1.0,0.0,0.0,0.0,0.0,0.0,0.0,0.0,0.0,0.013781932957636996,0.0017148960941573402,0.0009900957215939782,0.023468433917399115,0.010476888083980309,0.006048834155555614,-0.00968650095976212,0.011840569365494361,0.006836155910526606,0.019104679225421774,0.005925407822974398,0.0034210358016525835,0.025753325277101207,0.007725293070117925,0.0044602000336013345,0.11720773955331888,0.051290011130920146,0.02961230173317565,0.14965001728092706,0.06764487019242385,0.03905478401489321,0.12535471994268935,0.08219770607123848,0.04745686772699928,0.15718577798057665,0.10199197078701835,0.0588850917890655,0.048957086316887936,0.0019522503294668245,0.0011271322532432067,0.05513065182037846,0.0002739731107901836,0.0001581784492654317,0.0030449448210117277,0.0009759393626762081,0.0005634588537538605,0.004387086273930172,0.0023192851949493283,0.0013390399316315085,0.004143866046919274,0.0005787585505803526,0.00033414640497336426,4.3807502587377725,3.419303202570588,1.9741356244450785,1.8206806701374039,1.416920469003821,0.8180594141996469,1.4406236844219684,0.5088762319765379,0.2937998295158566,0.0,0.0,0.0,0.0,0.0,0.0,0.0,0.0,0.0,0.0,0.0,0.0,0.0,0.0,0.0,0.0,0.0,0.0
RCZDT-Curve2D,GPR-KG-AVB-lite,vepm,random,all,3,0.01068,0.0007398817473083065,0.00042717092597694144,1000.0,0.0,0.0,116.66666666666667,98.87534239300177,57.085705546815994,423.6666666666667,5.507570547286102,3.1797973380564857,91.33333333333333,76.05480480109941,43.910262025079184,25.333333333333332,23.35237318418266,13.482498944104458,332.3333333333333,72.54194189111105,41.88210967837116,551.0,28.053520278211074,16.19670748434179,0.855176984688662,0.12811788245122901,0.07396889392122191,0.2145815522990577,0.17825582831701933,0.10291605046345083,0.3067832775019285,0.24959768740638713,0.14410529201318567,0.04417174196285186,0.04088997814883299,0.023607839891386644,0.7854184477009424,0.17825582831701933,0.10291605046345083,0.029345324999999995,0.0006210735646644431,0.0003585769897455767,1.3549385681465604,2.1988246464342067,1.269492001519573,1.3298863451085026,2.195303799707515,1.267459239714142,1.3349026152742365,2.1984388633036276,1.2692692695252843,2.560084770735023,4.295806917989276,2.4801852804877655,0.28931477460514704,0.02399880661268667,0.01385571745806442,0.38142957086332235,0.027530923538589856,0.01589498611604386,0.29262045914411994,0.02519238772603423,0.014544831835155288,0.3870774302992774,0.024478824981375335,0.014132856192442787,0.031532546312247056,0.005783502878980967,0.0033391069440386373,0.03990415086422069,0.007202675249888801,0.004158466494408755,6.98672990460114,12.092462846295374,6.981586679474183,0.001047419826752853,5.9677499375183117e-05,3.44548203288257e-05,13.72508595231239,23.759197517140418,13.71737908225051,42792.01254646356,74076.5705791176,42768.127964497864,25.513410344026884,12.231071915428686,7.061612662850424,4.2071505454636595,2.3237701066468346,1.3416292966073553,25.333333333333332,23.35237318418266,13.482498944104458,332.3333333333333,72.54194189111105,41.88210967837116,0.006572347826086959,0.00572972532954935,0.0033080584613979346,-0.014606350272677896,0.01404076513674037,0.008106439531325366,-0.011260396724355777,0.0006268004805709482,0.0003618834261858238,1.8868477308921001,3.1732182509899505,1.8320584114064815
RCZDT-Curve2D,GPR-KG-AVB-lite,vepm,random,far_true_boundary,3,0.01068,0.0007398817473083065,0.00042717092597694144,746.0,5.196152422706632,3.0000000000000004,72.0,61.02458520956943,35.23256069793017,258.0,15.394804318340652,8.888194417315589,63.0,52.848841046895245,30.512292604784715,9.0,8.18535277187245,4.725815626252609,195.0,37.469987990390386,21.633307652783934,479.0,18.681541692269406,10.78579312490896,0.9155434122647237,0.07327756640106775,0.042306822687217145,0.2364227131232701,0.1955764561055764,0.11291611957970757,0.3403189670501558,0.27026794267360127,0.15603926945593005,0.01868669078037339,0.017073898903910385,0.009857620128289118,0.76357728687673,0.19557645610557636,0.11291611957970754,0.037437197885468905,0.0008600021892397584,0.000496522495461242,1.3981122019755021,2.256322882835811,1.302688623783968,1.366721888533198,2.2539066523094653,1.301293612439158,1.3709020759084316,2.2562012204237156,1.3026183819575945,2.593932564018323,4.351810604352292,2.512519023885064,0.3139700683444454,0.026436487198646944,0.01526311300056691,0.4128864647679897,0.029082063061845076,0.01679053693734593,0.316662952539367,0.024795866699806986,0.014315900313923642,0.41819731123590104,0.023831439644000054,0.013759088093639751,0.032473659734887216,0.005300005100726818,0.0030599593716110185,0.04126336602538546,0.006433822113809571,0.003714568929326123,7.166854983797228,12.404895489261683,7.161969749994408,0.0011191420905428552,6.478574489397644e-05,3.740406725418772e-05,13.900684204093807,24.06438349460357,13.89357828849176,47963.66340082749,83030.95121685928,47937.94203612439,28.66962476194875,14.993751517852903,8.656646474994734,4.331008939976414,2.377748975711677,1.372794011192494,9.0,8.18535277187245,4.725815626252609,195.0,37.469987990390386,21.633307652783934,0.011754715909090914,0.010192911235101996,0.005884880045412099,-0.01628535955865178,0.016337025362537005,0.009432185990818484,-0.015450192759720044,0.00037009878821025544,0.00021367663499994528,1.925074681382151,3.2443424001879917,1.8731219580918537
RCZDT-Curve2D,GPR-KG-AVB-lite,vepm,random,fn,3,0.01068,0.0007398817473083065,0.00042717092597694144,332.3333333333333,72.54194189111105,41.88210967837116,0.0,0.0,0.0,332.3333333333333,72.54194189111105,41.88210967837116,0.0,0.0,0.0,0.0,0.0,0.0,332.3333333333333,72.54194189111105,41.88210967837116,0.0,0.0,0.0,0.0,0.0,0.0,0.0,0.0,0.0,0.0,0.0,0.0,0.0,0.0,0.0,1.0,0.0,0.0,0.011260396724355777,0.0006268004805709482,0.0003618834261858238,1.8868477308921001,3.1732182509899505,1.8320584114064815,1.898108127616456,3.173758066669689,1.8323700741344915,1.898108127616456,3.173758066669689,1.8323700741344915,3.0652131621990537,5.1624123763034495,2.9805201751266526,0.16436447381277938,0.031750746258272,0.018331301899184842,0.21118170998175997,0.03159712302844626,0.018242607486091172,0.16703032194759346,0.035825747155862356,0.0206840047643566,0.21605704674811607,0.035026863335920255,0.020222768975861793,0.030934884224123826,0.0026937490432366183,0.0015552367352419585,0.04051328103274609,0.003847730640032857,0.0022214883207921413,10.092469785863111,17.468160567845285,10.085247206093081,0.002034053056247161,0.0003124863908117086,0.00018041410185323456,16.497085902835856,28.55514477671047,16.486320523582528,36300.77703097679,62845.67429702285,36283.96697278969,19.722808354074566,15.064246056398549,8.697346515800461,4.14416555847563,2.8369153868807326,1.6378938622837824,0.0,0.0,0.0,332.3333333333333,72.54194189111105,41.88210967837116,0.0,0.0,0.0,0.0,0.0,0.0,-0.011260396724355777,0.0006268004805709482,0.0003618834261858238,1.8868477308921001,3.1732182509899505,1.8320584114064815
RCZDT-Curve2D,GPR-KG-AVB-lite,vepm,random,fp,3,0.01068,0.0007398817473083065,0.00042717092597694144,25.333333333333332,23.35237318418266,13.482498944104458,25.333333333333332,23.35237318418266,13.482498944104458,0.0,0.0,0.0,0.0,0.0,0.0,25.333333333333332,23.35237318418266,13.482498944104458,0.0,0.0,0.0,0.0,0.0,0.0,0.0,0.0,0.0,0.0,0.0,0.0,0.0,0.0,0.0,0.6666666666666666,0.5773502691896258,0.33333333333333337,0.0,0.0,0.0,0.006572347826086959,0.00572972532954935,0.0033080584613979346,0.014606350272677896,0.01404076513674037,0.008106439531325366,-0.021178698098764853,0.01954453864425478,0.011284044647447542,0.021178698098764853,0.01954453864425478,0.011284044647447542,0.025660558314009523,0.023950989121063956,0.013828110016404074,0.09979211637693215,0.094535335529464,0.054580001415867635,0.1284677357736832,0.12189103202211499,0.07037382014976938,0.11570430569847774,0.11323602806301913,0.06537685128414812,0.1466594723297637,0.14234562022690742,0.08218328215596923,0.03946547382518844,0.035089862278958175,0.020259141432583398,0.043339413225691736,0.03873894319479649,0.022365939281637374,0.0008837512784669035,0.0007689633206302372,0.00044396118016281597,0.00027824480616029865,0.00024107213547952102,0.0001391830623132194,0.0007824194344676875,0.0007148826541932267,0.00041273769283745363,3.532294046157325,3.097350747147183,1.7882562876401147,2.8701361016263873,2.488791527296726,1.4369044582416246,1.052394646941999,0.9134016406369448,0.527352683099986,25.333333333333332,23.35237318418266,13.482498944104458,0.0,0.0,0.0,0.006572347826086959,0.00572972532954935,0.0033080584613979346,-0.014606350272677896,0.01404076513674037,0.008106439531325366,0.0,0.0,0.0,0.0,0.0,0.0
RCZDT-Curve2D,GPR-KG-AVB-lite,vepm,random,high_t1,3,0.01068,0.0007398817473083065,0.00042717092597694144,327.0,10.44030650891055,6.027713773341709,27.0,28.61817604250837,16.522711641858308,41.333333333333336,8.326663997864532,4.807401700618653,6.333333333333333,6.506407098647712,3.7564758898615485,20.666666666666668,22.120880030716076,12.771496040445344,35.0,11.532562594670797,6.658328118479393,265.0,19.0,10.96965511460289,0.15935672514619884,0.1384418783761415,0.07992945574758273,0.16098484848484848,0.14950129448383248,0.08631461261443821,0.15723715228665724,0.13786916643904523,0.07959880035653209,0.07177612607124,0.07619145815466967,0.04398915887554864,0.8390151515151515,0.14950129448383245,0.08631461261443818,0.037548253331546884,0.0009057498761309507,0.0005229349348026747,0.09772676200214785,0.030528322196843274,0.01762553503825509,0.057295328587451046,0.03144026802112465,0.0181520472053903,0.06389492349581864,0.02723860320909168,0.01572621489511849,0.07646279503232924,0.031484486144732385,0.018177576550958287,0.3100887324626376,0.030331096582151093,0.017511666776521474,0.3803998310285826,0.02449526011135632,0.014142345019161475,0.30129305173466814,0.03679736866232703,0.02124497070266441,0.3710225786346311,0.038034113871927754,0.02195900588234637,0.028902099299640837,0.005662156429583965,0.003269047538814073,0.03599522482784485,0.008237439403695005,0.004755887857156542,0.003566968136266198,0.0018994712110851708,0.0010966602150379679,0.00023522491435232085,2.4652825831109142e-05,1.4233315629875823e-05,0.005165233453424781,0.004260178888235622,0.0024596154279187973,24.288686035534436,13.349185894528498,7.707156069668384,28.550587859648505,15.7171469657756,9.074299031583452,2.949891477125318,0.6614553382178251,0.3818914175769763,20.666666666666668,22.120880030716076,12.771496040445344,35.0,11.532562594670797,6.658328118479393,0.0070797727272727306,0.006252017777591676,0.0036096041468708802,-0.016584315428838526,0.017160033592597372,0.009907350013989114,-0.0025412189826302654,0.0007439392932800233,0.0004295135512359614,0.07133622841116423,0.033285018389131275,0.01921711432694659
RCZDT-Curve2D,GPR-KG-AVB-lite,vepm,random,low_t1,3,0.01068,0.0007398817473083065,0.00042717092597694144,335.3333333333333,12.503332889007368,7.218802609235905,11.333333333333334,13.316656236958785,7.688375063113864,44.666666666666664,6.658328118479393,3.8441875315569325,6.666666666666667,7.023769168568492,4.0551750201988135,4.666666666666667,6.429100507328636,3.711842908553348,38.0,1.0,0.5773502691896258,286.0,9.16515138991168,5.291502622129181,0.42948717948717946,0.38669310594501727,0.2232573688111282,0.13625521765056647,0.13464534500790493,0.07773752618544395,0.19808949220713923,0.1823562055863647,0.1052834043836864,0.015894465894465897,0.02164086062604094,0.01249435670793991,0.8637447823494334,0.13464534500790498,0.07773752618544398,0.036962040456413346,0.0008977765306461612,0.0005183315216406895,2.5770235483526798,4.257340389340077,2.4579766198173596,2.539177737755087,4.256163464885111,2.457297122166469,2.541300847856049,4.258760091587932,2.4587962852923275,3.5550613357889804,6.003145100035838,3.4659174394900742,0.4158340567646528,0.055388702851848694,0.03197868250157904,0.5063742448796458,0.06391940254016729,0.036903884263005636,0.4275162188222111,0.05193686522511807,0.029985763118587232,0.5209932654980105,0.05712585336246224,0.03298162681650466,0.02892752463685022,0.007588356645604282,0.004381139752046518,0.036158021485540086,0.010273762138002048,0.005931559335965668,13.560766069231276,23.47921002817867,13.555728230128716,0.0002638706242834634,1.538749926559516e-05,8.883976843146536e-06,19.121075545364963,33.1099997634486,19.116067276295496,102818.65422045071,178021.81522510364,102780.94294183941,8322.041769618847,14351.217912703412,8285.679525098294,5.450406529833832,3.495182127412868,2.0179443421285885,4.666666666666667,6.429100507328636,3.711842908553348,38.0,1.0,0.5773502691896258,0.0044699999999999965,0.004278689197639853,0.002470302360036113,-0.013894988034662525,0.012239238949073939,0.007066327901923991,-0.0026107372250793316,0.00036064247187812934,0.00020821702822005004,3.407908990434144,5.805458126858356,3.3517828123107725
RCZDT-Curve2D,GPR-KG-AVB-lite,vepm,random,mid_t1,3,0.01068,0.0007398817473083065,0.00042717092597694144,337.6666666666667,5.033222956847167,2.905932629027116,78.33333333333333,64.93329911018947,37.48925772063838,337.6666666666667,5.033222956847167,2.905932629027116,78.33333333333333,64.93329911018947,37.48925772063838,0.0,0.0,0.0,259.3333333333333,60.583276020147125,34.97777071862134,0.0,0.0,0.0,1.0,0.0,0.0,0.23034515513168696,0.1903581115211019,0.109903306929137,0.34559003497362495,0.27980891220009063,0.1615477507803787,0.0,0.0,0.0,0.7696548448683131,0.1903581115211019,0.109903306929137,0.013854383949746389,0.0004095878566343917,0.00023647565928466792,1.269379715073528,2.1109428901895373,1.2187534458948561,1.2719779894832428,2.103337133157321,1.214362260024915,1.278276586901207,2.1090450776975214,1.2176577433417193,2.5089632011035357,4.2059463430260795,2.4283042533432293,0.1451931224163997,0.048424906506049824,0.027958132806750326,0.1844478010170718,0.05732667908996454,0.03309757360433832,0.1516428987530329,0.05442484169978602,0.031422197005974234,0.19478763188091772,0.06213828784047951,0.0358755572116833,0.036623694643857875,0.004151284339326465,0.0023967451307928124,0.046212092232124385,0.004093062546392712,0.0023631307629698077,6.725486962056689,11.636369146438792,6.718260859086293,0.0026139919858612277,0.00022357046618015446,0.00012907846883196232,13.466416357637181,23.305661770333174,13.455530096744228,20782.441345162402,35969.703316502106,20767.117892453465,8.429618451220144,1.9307721399916462,1.1147318147680068,3.595129526188723,2.100369759016968,1.212649045766196,0.0,0.0,0.0,259.3333333333333,60.583276020147125,34.97777071862134,0.0,0.0,0.0,0.0,0.0,0.0,-0.013724645110076011,0.0005531741369479693,0.000319375236875649,1.8403530139001705,3.0966975786778628,1.7878791806485266
RCZDT-Curve2D,GPR-KG-AVB-lite,vepm,random,near_true_boundary,3,0.01068,0.0007398817473083065,0.00042717092597694144,254.0,5.196152422706632,3.0000000000000004,44.666666666666664,38.68246803570492,22.333333333333332,165.66666666666666,11.547005383792515,6.666666666666667,28.333333333333332,25.146238950056393,14.51818782692171,16.333333333333332,15.17673658377628,8.762292952063277,137.33333333333334,36.50114153466071,21.073943890764994,72.0,9.539392014169456,5.507570547286102,0.42288557213930345,0.37531699925457307,0.21668937055107035,0.17819706498951782,0.15815244622676977,0.09130935740202335,0.2507374631268437,0.22253308805359642,0.1284795382913426,0.17753623188405798,0.16496452808452478,0.09524231469633997,0.8218029350104822,0.1581524462267698,0.09130935740202337,0.005587712611094082,0.0005901739651035159,0.00034073709762122374,1.2265819380608791,2.0268431644003413,1.17019844657169,1.220082421623056,2.0203361177765418,1.16644160145181,1.2275936161317558,2.025976271450486,1.1696979456937324,2.4559147610542094,4.124522827895675,2.381294364964325,0.21711588806924229,0.020903809899788905,0.01206882027273189,0.2685515827810889,0.02642299868992573,0.01525532540642575,0.222269263691498,0.03099659915516511,0.017895894866197505,0.2757902070956296,0.034706114602041205,0.020037584608014494,0.02881157490940472,0.007546804059096274,0.004357149355040594,0.035423809606030664,0.010383729568603393,0.005995049061625446,6.449204474656789,11.160161886350759,6.443322469284412,0.000837158989146222,6.169748330042656e-05,3.562105859182372e-05,13.186859592213622,22.82455189246242,13.177761179245762,27359.599200357814,47356.02193062123,27341.01200939399,13.196032240848467,7.320082070072653,4.2262513536465995,3.818651785120799,2.1521854567977456,1.2425648528281763,16.333333333333332,15.17673658377628,8.762292952063277,137.33333333333334,36.50114153466071,21.073943890764994,0.0036923947368421063,0.003246388352596248,0.0018743031892655096,-0.013639868643998873,0.012765448835063021,0.00737013532125003,-0.005251856595124289,0.0005148804995046125,0.000297266394989477,1.8232413687705966,3.056465509099137,1.7646511844471933
RCZDT-Curve2D,GPR-KG-AVB-lite,vepm,random,tn,3,0.01068,0.0007398817473083065,0.00042717092597694144,551.0,28.053520278211074,16.19670748434179,0.0,0.0,0.0,0.0,0.0,0.0,0.0,0.0,0.0,0.0,0.0,0.0,0.0,0.0,0.0,551.0,28.053520278211074,16.19670748434179,0.0,0.0,0.0,0.0,0.0,0.0,0.0,0.0,0.0,0.0,0.0,0.0,0.0,0.0,0.0,0.04394584700748111,0.0006676402584982898,0.00038546228296581895,1.4454962232889559,2.3084176091130546,1.3327655280234945,1.4015503762814747,2.308439344109666,1.3327780767296389,1.4029945584261003,2.30865945360376,1.3329051570053052,2.621255821288402,4.403773460867578,2.5425197930820262,0.39598214126357,0.015143493329563723,0.008743099950294918,0.47925954839118595,0.028231467789816625,0.01629944552806888,0.39560495633589027,0.013607144524583085,0.007856088554170188,0.48323653459529653,0.02174124238306301,0.012552312142378329,0.027782509083008958,0.005942698428401024,0.0034310185373500972,0.03470785269807402,0.008257247296426767,0.004767323949357304,7.320187945286109,12.672469791559003,7.316453845453991,0.00016105166714305074,7.741704897159102e-06,4.4696754063614515e-06,14.047423412479146,24.32396422095323,14.043447290726174,58502.41446725009,101276.51028544898,58472.020475889876,30.10456321906581,15.441383918991978,8.915087162290376,4.629267642415797,2.4745669978637115,1.428691922344378,0.0,0.0,0.0,0.0,0.0,0.0,0.0,0.0,0.0,0.0,0.0,0.0,0.0,0.0,0.0,0.0,0.0,0.0
RCZDT-Curve2D,GPR-KG-AVB-lite,vepm,random,tp,3,0.01068,0.0007398817473083065,0.00042717092597694144,91.33333333333333,76.05480480109941,43.910262025079184,91.33333333333333,76.05480480109941,43.910262025079184,91.33333333333333,76.05480480109941,43.910262025079184,91.33333333333333,76.05480480109941,43.910262025079184,0.0,0.0,0.0,0.0,0.0,0.0,0.0,0.0,0.0,1.0,0.0,0.0,1.0,0.0,0.0,1.0,0.0,0.0,0.0,0.0,0.0,0.0,0.0,0.0,0.01387174350256043,0.0022600759752817823,0.001304855472717943,0.01807692590666489,0.01399555516385526,0.008080337541310092,-0.004205182404104464,0.01601297596002224,0.009245095981045847,0.01632462530885097,0.006050805231119221,0.0034934340290006783,0.020363219952943278,0.009236974880130346,0.005332969933541066,0.12880853720938712,0.0554129297354484,0.03199266989934695,0.15781752954418535,0.07238245580591991,0.04179003034415405,0.12864272143260527,0.0946451519448531,0.05464340395285397,0.16010656992910824,0.11456792674839639,0.06614582334868399,0.053811720032546285,0.006582602498516561,0.00380046732448684,0.05980445869112982,0.005298593004253107,0.0030591440973317995,0.0030617688774707903,0.0008045824041596835,0.0004645258676268295,0.004525759378210241,0.003075979957074804,0.0017759178562390316,0.004192412157888428,0.0013231686987519883,0.0007639318044077474,4.220544535676975,2.9816522824923544,1.721457747926823,1.9251663405013402,1.3934098550021539,0.8044855548769709,1.4297464975980763,0.42480728312063015,0.2452625992634094,0.0,0.0,0.0,0.0,0.0,0.0,0.0,0.0,0.0,0.0,0.0,0.0,0.0,0.0,0.0,0.0,0.0,0.0
RCZDT-Curve2D,GPR-KG-VEPM,vepm,axis,all,3,0.010394999999999998,0.0,0.0,101.0,0.0,0.0,1.0,1.7320508075688772,1.0,41.0,0.0,0.0,0.0,0.0,0.0,1.0,1.7320508075688772,1.0,41.0,0.0,0.0,59.0,1.7320508075688772,1.0,0.0,0.0,0.0,0.0,0.0,0.0,0.0,0.0,0.0,0.016666666666666666,0.028867513459481294,0.01666666666666667,1.0,0.0,0.0,0.0297490099009901,4.2491873609703695e-18,2.4532694666933983e-18,0.2678868895191149,0.22302981846127742,0.12876632572593188,0.24755369877139213,0.2231295542653449,0.1288239082192581,0.2479145550007625,0.2226972821466924,0.1285743357951909,0.30963848983197745,0.3047501922381205,0.17594760552426908,0.5453465519274668,0.10412381862830858,0.06011591471410573,0.6479327145230731,0.09846709975734987,0.05685000655122768,0.5493309589890003,0.12125835912501236,0.0700085462823182,0.6624092541827494,0.12547435111631663,0.07244265039339903,0.02035646684099026,0.002829975663479261,0.001633887211109841,0.02500155825472798,0.0064982154441421405,0.0037517464359276484,0.05903241020810623,0.08467251217894449,0.04888569769947547,0.00010057264008990641,0.0,0.0,0.08125289009785386,0.11970176925423202,0.06910984870140534,586.9995150706073,841.7778467537257,486.0006664211271,1063.0930103083108,1706.5583205158375,985.2819057376145,4.819236701122481,1.2270119609800865,0.7084156859707436,1.0,1.7320508075688772,1.0,41.0,0.0,0.0,0.001270000000000001,0.0021997045256124757,0.001270000000000001,-0.0014003775866655603,0.002425525129885439,0.0014003775866655605,-0.011699999999999997,0.0,0.0,0.2180894492336393,0.22163006508557376,0.1279581777376703
RCZDT-Curve2D,GPR-KG-VEPM,vepm,axis,far_true_boundary,3,0.010394999999999998,0.0,0.0,75.0,0.0,0.0,0.0,0.0,0.0,25.0,0.0,0.0,0.0,0.0,0.0,0.0,0.0,0.0,25.0,0.0,0.0,50.0,0.0,0.0,0.0,0.0,0.0,0.0,0.0,0.0,0.0,0.0,0.0,0.0,0.0,0.0,1.0,0.0,0.0,0.0381,0.0,0.0,0.2800533820287456,0.22586180267511144,0.13040137257412973,0.25239338202874556,0.22586180267511138,0.1304013725741297,0.2525546910296136,0.2256631522665424,0.13028668170726776,0.3142777858820459,0.3063053194347094,0.1768454586298438,0.5956637726392776,0.10941010020858898,0.06316795080749278,0.7040684353591447,0.11158052697836912,0.06442104728728172,0.6066853854023918,0.13213479041888962,0.07628805681766071,0.7208877442063498,0.13617472833886135,0.07862051606326577,0.021968413481081195,0.006807647141289345,0.00393039690957139,0.026649367415633677,0.009582350866721556,0.005532372852371134,0.05940661312923708,0.08482327051487484,0.04897273806530744,0.00010054719053265836,1.6598388128790506e-20,9.583083854271087e-21,0.08160321993160298,0.11975400353680968,0.06914000617851247,590.8681466358779,843.4523687062676,486.9674521211911,1063.0088194933423,1706.633682009859,985.3254157164744,4.806827362652858,1.2795521711439906,0.738749790452153,0.0,0.0,0.0,25.0,0.0,0.0,0.0,0.0,0.0,0.0,0.0,0.0,-0.015659999999999993,0.0,0.0,0.21413669724473305,0.22486789464557685,0.1298275395057282
RCZDT-Curve2D,GPR-KG-VEPM,vepm,axis,fn,3,0.010394999999999998,0.0,0.0,41.0,0.0,0.0,0.0,0.0,0.0,41.0,0.0,0.0,0.0,0.0,0.0,0.0,0.0,0.0,41.0,0.0,0.0,0.0,0.0,0.0,0.0,0.0,0.0,0.0,0.0,0.0,0.0,0.0,0.0,0.0,0.0,0.0,1.0,0.0,0.0,0.011699999999999997,0.0,0.0,0.2180894492336393,0.22163006508557376,0.1279581777376703,0.22978944923363928,0.22163006508557365,0.12795817773767024,0.22978944923363928,0.22163006508557365,0.12795817773767024,0.282798622516095,0.3118078625189719,0.18002235336077027,0.2532601662518561,0.007513907921328062,0.0043381567610448184,0.3033455126924432,0.0006890419295767532,0.0003978185435240776,0.26330415751851194,0.05618085602191003,0.032436032347553365,0.32348617282319986,0.06431662981711485,0.037133223538280774,0.01813774170174839,0.012546413225536448,0.007243675053127749,0.01841719501589854,0.01237033326545504,0.0071420152407758505,0.058149983629896616,0.08736960969291759,0.05044286767519851,0.00010124033697522652,0.0,0.0,0.07875879684343386,0.12303604640010742,0.07103489450912931,574.3227508544586,862.8986968149121,498.19479488946683,1062.58446157288,1706.9906913928016,985.5315351798195,4.912312817714103,1.0306435804837153,0.5950423486308328,0.0,0.0,0.0,41.0,0.0,0.0,0.0,0.0,0.0,0.0,0.0,0.0,-0.011699999999999997,0.0,0.0,0.2180894492336393,0.22163006508557376,0.1279581777376703
RCZDT-Curve2D,GPR-KG-VEPM,vepm,axis,fp,3,0.010394999999999998,0.0,0.0,1.0,1.7320508075688772,1.0,1.0,1.7320508075688772,1.0,0.0,0.0,0.0,0.0,0.0,0.0,1.0,1.7320508075688772,1.0,0.0,0.0,0.0,0.0,0.0,0.0,0.0,0.0,0.0,0.0,0.0,0.0,0.0,0.0,0.0,0.3333333333333333,0.5773502691896258,0.33333333333333337,0.0,0.0,0.0,0.001270000000000001,0.0021997045256124757,0.001270000000000001,0.0014003775866655603,0.002425525129885439,0.0014003775866655605,-0.0026703775866655614,0.004625229655497915,0.0026703775866655614,0.0026703775866655614,0.004625229655497915,0.0026703775866655614,0.00267669676822834,0.004636174799026901,0.0026766967682283404,0.1032692787253932,0.17886763761337277,0.1032692787253932,0.10343406030759555,0.17915304768589882,0.10343406030759555,0.06256077288524313,0.10835843719801846,0.06256077288524312,0.06281358017115057,0.10879631226173377,0.06281358017115057,0.0066960981207715466,0.0115979821576428,0.006696098120771547,0.006698587135623849,0.011602293257827781,0.00669858713562385,0.00010050606734498379,0.00017408161511045113,0.00010050606734498379,3.347940520414155e-05,5.798803082075906e-05,3.347940520414156e-05,6.702666381040621e-05,0.00011609358718146171,6.702666381040621e-05,1.0006757567359041,1.7332212525690198,1.000675756735904,1.0006902342169524,1.7332463283017607,1.0006902342169521,0.36642926938893394,0.6346741119619767,0.36642926938893394,1.0,1.7320508075688772,1.0,0.0,0.0,0.0,0.001270000000000001,0.0021997045256124757,0.001270000000000001,-0.0014003775866655603,0.002425525129885439,0.0014003775866655605,0.0,0.0,0.0,0.0,0.0,0.0
RCZDT-Curve2D,GPR-KG-VEPM,vepm,axis,high_t1,3,0.010394999999999998,0.0,0.0,34.0,0.0,0.0,1.0,1.7320508075688772,1.0,4.0,0.0,0.0,0.0,0.0,0.0,1.0,1.7320508075688772,1.0,4.0,0.0,0.0,29.0,1.7320508075688772,1.0,0.0,0.0,0.0,0.0,0.0,0.0,0.0,0.0,0.0,0.03333333333333333,0.05773502691896259,0.03333333333333334,1.0,0.0,0.0,0.037430735294117654,0.0,0.0,0.15526199865781534,0.1285648211353565,0.07422693409081417,0.11818237320134495,0.12885477730978556,0.07439434036617398,0.11925432847094512,0.12760265966819778,0.0736714299087462,0.12889264383491747,0.12407764985266036,0.07163626454284959,0.7756033081620819,0.19422736926785786,0.11213722393079059,0.8095535993335691,0.19235746022998515,0.11105763144441466,0.7500266383199765,0.30498825700608,0.17608505228213506,0.7849433785358567,0.29577964739253526,0.17076845904289284,0.019504993041987956,0.010359367297737175,0.005980983497982764,0.023253691215760024,0.012519017288824794,0.007227858001692574,0.010536768433406611,0.01602629790040196,0.009252787406910205,0.00010018003094230808,0.0,0.0,0.011389883130610949,0.016195460479037048,0.009350453467221985,105.20932091822586,160.07143119574854,92.41728389043409,111.7234622364146,180.37920312195035,104.14198147866823,3.3351040450004583,1.9996292530039486,1.1544864875012801,1.0,1.7320508075688772,1.0,4.0,0.0,0.0,0.001270000000000001,0.0021997045256124757,0.001270000000000001,-0.0014003775866655603,0.002425525129885439,0.0014003775866655605,-0.0025424999999999927,0.0,0.0,0.08783091763901897,0.027206238378578287,0.0157075290515093
RCZDT-Curve2D,GPR-KG-VEPM,vepm,axis,low_t1,3,0.010394999999999998,0.0,0.0,34.0,0.0,0.0,0.0,0.0,0.0,4.0,0.0,0.0,0.0,0.0,0.0,0.0,0.0,0.0,4.0,0.0,0.0,30.0,0.0,0.0,0.0,0.0,0.0,0.0,0.0,0.0,0.0,0.0,0.0,0.0,0.0,0.0,1.0,0.0,0.0,0.03743073529411764,0.0,0.0,0.43138277015837834,0.46675882916413175,0.269483335664546,0.3945502701583783,0.46675882916413164,0.26948333566454596,0.3945502701583783,0.46675882916413164,0.26948333566454596,0.3951885893447427,0.4664570705781974,0.26930911526372653,0.6303377435746879,0.35882854819842,0.20716975889528041,0.6581433083413551,0.35958953243489494,0.20760911334905827,0.6521367861557952,0.37712105232859855,0.21773094107899132,0.6937994893980338,0.37843406370349064,0.21848900854973433,0.022808557803165447,0.010733609557016325,0.0061970523671197155,0.027028547178218676,0.012631236084555825,0.00729264755361602,0.10809075559129515,0.17370140950110857,0.10028655553408246,0.00010018003094230808,0.0,0.0,0.10799057556261148,0.17370140949921273,0.10028655553298789,1078.9703110998844,1733.9009503879615,1001.0681804546376,1080.1436897087688,1735.7865650931851,1002.1568406122864,5.563105953911086,2.1521700349557995,1.2425559490235771,0.0,0.0,0.0,4.0,0.0,0.0,0.0,0.0,0.0,0.0,0.0,0.0,-0.0025425000000000014,0.0,0.0,0.3699225115857789,0.46052414993304697,0.26588374193216824
RCZDT-Curve2D,GPR-KG-VEPM,vepm,axis,mid_t1,3,0.010394999999999998,0.0,0.0,33.0,0.0,0.0,0.0,0.0,0.0,33.0,0.0,0.0,0.0,0.0,0.0,0.0,0.0,0.0,33.0,0.0,0.0,0.0,0.0,0.0,0.0,0.0,0.0,0.0,0.0,0.0,0.0,0.0,0.0,0.0,0.0,0.0,1.0,0.0,0.0,0.013919999999999995,0.0,0.0,0.2154743545963642,0.2227558786574561,0.1286081665064539,0.22939435459636418,0.22275587865745616,0.12860816650645393,0.22939435459636418,0.22275587865745616,0.12860816650645393,0.2822668657622141,0.31276257498803633,0.1805735568617833,0.22054563592799947,0.013261589119459783,0.007656582048002319,0.2621475787744215,0.017747945235198764,0.010246780959104742,0.23663243714281204,0.051203848005200545,0.02956255542934722,0.2890126687042515,0.059196486282551634,0.034177107290311176,0.0187073461274182,0.0133326526799116,0.0076976106137587475,0.018909479087251106,0.013115061816439831,0.0075719844701601195,0.05845265497511722,0.08789282151516455,0.050744944161615985,0.00010138165287889692,0.0,0.0,0.0789711642469653,0.12340316642646583,0.07124685135517224,576.5104101065331,866.8623017252372,500.48318325140434,1062.5287113118109,1707.039832505682,985.5599068145692,4.915459659380559,1.0385390619466872,0.5996008069788613,0.0,0.0,0.0,33.0,0.0,0.0,0.0,0.0,0.0,0.0,0.0,0.0,-0.013919999999999995,0.0,0.0,0.2154743545963642,0.2227558786574561,0.1286081665064539
RCZDT-Curve2D,GPR-KG-VEPM,vepm,axis,near_true_boundary,3,0.010394999999999998,0.0,0.0,26.0,0.0,0.0,1.0,1.7320508075688772,1.0,16.0,0.0,0.0,0.0,0.0,0.0,1.0,1.7320508075688772,1.0,16.0,0.0,0.0,9.0,1.7320508075688772,1.0,0.0,0.0,0.0,0.0,0.0,0.0,0.0,0.0,0.0,0.09999999999999999,0.17320508075688773,0.1,1.0,0.0,0.0,0.005659615384615382,0.0,0.0,0.23279123804902632,0.21582252729046775,0.12460519422833691,0.23359307399056503,0.21617596513591955,0.12480925166355031,0.23452954722523053,0.2151541714280287,0.12421931879124326,0.2947650255284588,0.3018136204095741,0.17425217498856316,0.40020072295109,0.08887504574472904,0.051312031584959616,0.4478322814133378,0.0474403483005709,0.027389697861784218,0.3838854981811402,0.09022577089950297,0.052091873116669546,0.4531865299298999,0.08809827353577118,0.05086356194101878,0.015706620763804875,0.00864530132109199,0.004991367044957887,0.016429673328147848,0.00797576163504968,0.004604808126988223,0.05795297870484412,0.08426180309554,0.04864857469961326,0.00010064605227427586,0.0,0.0,0.08012707081227882,0.11965824210416401,0.0690847182895965,575.8400009400193,837.1917309553908,483.35287123042366,563.8804377153901,842.4666839666271,486.3983667714236,4.849187869158066,1.0991638472377283,0.6346025430862071,1.0,1.7320508075688772,1.0,16.0,0.0,0.0,0.001270000000000001,0.0021997045256124757,0.001270000000000001,-0.0014003775866655603,0.002425525129885439,0.0014003775866655605,-0.005512499999999996,0.0,0.0,0.22426562421630516,0.21657411372453497,0.1250391228583649
RCZDT-Curve2D,GPR-KG-VEPM,vepm,axis,tn,3,0.010394999999999998,0.0,0.0,59.0,1.7320508075688772,1.0,0.0,0.0,0.0,0.0,0.0,0.0,0.0,0.0,0.0,0.0,0.0,0.0,0.0,0.0,0.0,59.0,1.7320508075688772,1.0,0.0,0.0,0.0,0.0,0.0,0.0,0.0,0.0,0.0,0.0,0.0,0.0,0.0,0.0,0.0,0.04275394736842105,0.0011629809567136838,0.0006714473684210539,0.30347966569602325,0.22757487107587532,0.131390413076451,0.2607257183276022,0.22848508587427754,0.1319159258353289,0.26108403786525863,0.22799906151230964,0.13163531953911403,0.3224168148624537,0.30693232700021267,0.17720746161657103,0.7529230665393195,0.172427885656959,0.09955128619984328,0.8076206052440185,0.13478892780582818,0.07782042375247594,0.7550262937585122,0.17192209290204732,0.09925926661664088,0.8236898286174098,0.15805755011987913,0.09125456910916499,0.021727512404185908,0.013377378276822683,0.007723432949175029,0.02550985204745169,0.014676997537288478,0.008473768479048977,0.059685275130877506,0.08295516684048396,0.04789418790602373,0.00010011073432246717,9.779555736818677e-09,5.6462291372072126e-09,0.08200255291627577,0.11832747378485012,0.0683163988422116,596.1602955315784,828.5888321534563,478.3859852913157,602.95241495661,816.410341878207,471.35473065257725,4.738372048440513,1.497932487341613,0.864831724794566,0.0,0.0,0.0,0.0,0.0,0.0,0.0,0.0,0.0,0.0,0.0,0.0,0.0,0.0,0.0,0.0,0.0,0.0
RCZDT-Curve2D,GPR-KG-VEPM,vepm,axis,tp,3,0.010394999999999998,0.0,0.0,0.0,0.0,0.0,0.0,0.0,0.0,0.0,0.0,0.0,0.0,0.0,0.0,0.0,0.0,0.0,0.0,0.0,0.0,0.0,0.0,0.0,0.0,0.0,0.0,0.0,0.0,0.0,0.0,0.0,0.0,0.0,0.0,0.0,0.0,0.0,0.0,0.0,0.0,0.0,0.0,0.0,0.0,0.0,0.0,0.0,0.0,0.0,0.0,0.0,0.0,0.0,0.0,0.0,0.0,0.0,0.0,0.0,0.0,0.0,0.0,0.0,0.0,0.0,0.0,0.0,0.0,0.0,0.0,0.0,0.0,0.0,0.0,0.0,0.0,0.0,0.0,0.0,0.0,0.0,0.0,0.0,0.0,0.0,0.0,0.0,0.0,0.0,0.0,0.0,0.0,0.0,0.0,0.0,0.0,0.0,0.0,0.0,0.0,0.0,0.0,0.0,0.0,0.0,0.0,0.0
RCZDT-Curve2D,GPR-KG-VEPM,vepm,combined,all,3,0.010680000000000002,0.0007398817473083051,0.0004271709259769407,1181.0,0.0,0.0,84.0,19.467922333931785,11.239810200058244,493.3333333333333,2.516611478423583,1.4529663145135578,64.33333333333333,25.006665778014735,14.43760521847181,19.666666666666668,5.859465277082315,3.3829638550307397,429.0,22.869193252058544,13.203534880225574,668.0,3.4641016151377544,2.0,0.7489431997225271,0.11126838691327208,0.06424083313667307,0.13025921970726628,0.049971215989717155,0.028850895003396132,0.22094986815150053,0.076839915455955,0.04436354587300371,0.028579151690493233,0.008432279202440517,0.0048683786674111156,0.8697407802927337,0.049971215989717134,0.02885089500339612,0.029922967823878068,0.0004029870213905903,0.0002326646652797828,0.19226000777113636,0.1364105280947362,0.07875665511579495,0.1695293983862137,0.13533275887492974,0.0781344047666154,0.17160918667565825,0.13582971670863164,0.0784213235056791,0.2507284401313137,0.21938379621098497,0.1266612937982542,0.34452303740998785,0.005885593910458647,0.0033980492285441218,0.4554622692266324,0.0029231925610417337,0.0016877060120105566,0.3352190540629925,0.023604635107321782,0.013628142433335122,0.4514043957968841,0.015964554808328743,0.009217140016081135,0.026926387034782295,0.005427470717847635,0.0031335516799681435,0.03627458763522761,0.003278101896712039,0.0018926130124977186,0.038280817820999326,0.05037015308495492,0.02908122144272138,0.0009645456823824763,6.655120602731995e-05,3.842335671476742e-05,0.09137519874702132,0.12925118913310976,0.07462320883908016,268.0044985085732,354.686029203214,204.77807443827507,21.764675062703216,13.350807129614221,7.7080920901815455,3.828034021582408,0.8634658194803881,0.4985222233130429,19.666666666666668,5.859465277082315,3.3829638550307397,429.0,22.869193252058544,13.203534880225574,0.008941333041958049,0.00413752961043711,0.002388803834365913,-0.013289684757190778,0.007505562981653199,0.004333338807877165,-0.011314377898911305,0.0002717304815622306,0.0001568836666769805,0.1765630493281941,0.16327180281905687,0.094265019308658
RCZDT-Curve2D,GPR-KG-VEPM,vepm,combined,far_true_boundary,3,0.010680000000000002,0.0007398817473083051,0.0004271709259769407,880.6666666666666,5.8594652770823155,3.38296385503074,52.0,16.46207763315433,9.50438495292217,299.6666666666667,13.79613472438325,7.965202096899014,46.0,18.027756377319946,10.408329997330664,6.0,5.5677643628300215,3.2145502536643185,253.66666666666666,15.01110699893027,8.666666666666668,575.0,2.6457513110645907,1.5275252316519468,0.8755660578457828,0.13593149765517062,0.07848008676256175,0.15260214557218155,0.05643966597671487,0.032585456344628894,0.2578736072416533,0.08356532956242621,0.048246465517786566,0.010242877505590645,0.009401613343899823,0.005428023994917341,0.8473978544278186,0.05643966597671487,0.032585456344628894,0.0382108945090282,0.0006246854014048113,0.00036066228465989725,0.20472188105496933,0.13909580365250954,0.08030699968192372,0.1748026317196284,0.13808623968685296,0.07972412765458775,0.17656684066020045,0.13855663069198373,0.07999570802802437,0.2577543521246258,0.22345746824002907,0.12901322944081303,0.36717377969862447,0.01247291053491167,0.007201238254909373,0.4837492424084413,0.0050746229208982726,0.002929834909416463,0.35909979686456556,0.023884662480807645,0.013789816312797649,0.4813417684427675,0.012966958687444135,0.007486477088766629,0.028277446742911563,0.005813833883952928,0.003356618557923991,0.038396374965837414,0.0032145395025750595,0.0018559152471323964,0.039538524727856746,0.05213014385581674,0.030097352588049714,0.0010245774569886364,8.021701393013619e-05,4.631331458615209e-05,0.09972298456717878,0.14180169133825457,0.0818692446656855,294.8024604051723,390.05727133842583,225.19967060661108,22.034121045943426,14.11218150902777,8.147671793090042,3.9151677925818844,0.8793037854029746,0.5076662772018643,6.0,5.5677643628300215,3.2145502536643185,253.66666666666666,15.01110699893027,8.666666666666668,0.016463750000000013,0.00201156771884518,0.0011613791639684262,-0.012578825282871913,0.003062921897930362,0.0017683787822768942,-0.01554693193952669,0.00026368001623853035,0.0001522357283552404,0.18084735162279886,0.1702169358265853,0.09827479372011229
RCZDT-Curve2D,GPR-KG-VEPM,vepm,combined,fn,3,0.010680000000000002,0.0007398817473083051,0.0004271709259769407,429.0,22.869193252058544,13.203534880225574,0.0,0.0,0.0,429.0,22.869193252058544,13.203534880225574,0.0,0.0,0.0,0.0,0.0,0.0,429.0,22.869193252058544,13.203534880225574,0.0,0.0,0.0,0.0,0.0,0.0,0.0,0.0,0.0,0.0,0.0,0.0,0.0,0.0,0.0,1.0,0.0,0.0,0.011314377898911305,0.0002717304815622306,0.0001568836666769805,0.1765630493281941,0.16327180281905687,0.094265019308658,0.1878774272271054,0.16354010377160566,0.09441992293583587,0.1878774272271054,0.16354010377160566,0.09441992293583587,0.24673031441165202,0.2429889001976785,0.1402897069392208,0.2418184053138379,0.007270223837851449,0.004197465689852369,0.30715823164524614,0.021580450730601775,0.01245947903854639,0.22783312399806907,0.03925191375944666,0.022662102975224505,0.29544113925396026,0.04710531424069649,0.027196265857128032,0.029873489276460496,0.007137013498170239,0.00412055666437858,0.04021547281308349,0.008816158772821409,0.005090011640706921,0.04353357076009734,0.058843579618468915,0.03397335653280421,0.001861201916993905,0.0005036615784875323,0.0002907891479202486,0.06622146993657439,0.09550538989130039,0.05514006256280245,202.9414419475746,279.8861383286512,161.59233730649163,25.869489394155664,18.053521202772203,10.423205326241147,3.620562539310704,0.9753512561076769,0.5631193102682069,0.0,0.0,0.0,429.0,22.869193252058544,13.203534880225574,0.0,0.0,0.0,0.0,0.0,0.0,-0.011314377898911305,0.0002717304815622306,0.0001568836666769805,0.1765630493281941,0.16327180281905687,0.094265019308658
RCZDT-Curve2D,GPR-KG-VEPM,vepm,combined,fp,3,0.010680000000000002,0.0007398817473083051,0.0004271709259769407,19.666666666666668,5.859465277082315,3.3829638550307397,19.666666666666668,5.859465277082315,3.3829638550307397,0.0,0.0,0.0,0.0,0.0,0.0,19.666666666666668,5.859465277082315,3.3829638550307397,0.0,0.0,0.0,0.0,0.0,0.0,0.0,0.0,0.0,0.0,0.0,0.0,0.0,0.0,0.0,1.0,0.0,0.0,0.0,0.0,0.0,0.008941333041958049,0.00413752961043711,0.002388803834365913,0.013289684757190778,0.007505562981653199,0.004333338807877165,-0.022231017799148826,0.0114253931940302,0.006596453836170655,0.022231017799148826,0.0114253931940302,0.006596453836170655,0.024533789918256207,0.012446167573607959,0.007185798199001747,0.2203781188273858,0.09397809637588446,0.05425827924054549,0.25607572242043447,0.10433489276757968,0.06023777842523287,0.21904645281500854,0.10578029968839987,0.06107228450005696,0.25043575224015663,0.12118207479422473,0.06996450350340301,0.03792753656817391,0.020186511957496062,0.011654688112659952,0.04041382829838352,0.020261801017760997,0.011698156271870945,0.000982743592497685,0.0005374275477133701,0.0003102839393422347,0.0005364645940068112,0.00012109369430003758,6.991347700129295e-05,0.000675155471427789,0.0002530697167203383,0.0001461098690722297,2.645351843364552,0.8590194381814709,0.4959551038731933,2.1479193611793064,0.7090290648099012,0.4093581214312651,1.067074092414874,0.2014897956926356,0.11633018778210587,19.666666666666668,5.859465277082315,3.3829638550307397,0.0,0.0,0.0,0.008941333041958049,0.00413752961043711,0.002388803834365913,-0.013289684757190778,0.007505562981653199,0.004333338807877165,0.0,0.0,0.0,0.0,0.0,0.0
RCZDT-Curve2D,GPR-KG-VEPM,vepm,combined,high_t1,3,0.010680000000000002,0.0007398817473083051,0.0004271709259769407,391.6666666666667,24.785748593361735,14.310058622443787,20.333333333333332,7.505553499465135,4.333333333333334,48.0,8.18535277187245,4.725815626252609,2.3333333333333335,2.081665999466133,1.2018504251546633,18.0,7.211102550927978,4.163331998932265,45.666666666666664,9.50438495292217,5.4873592110514435,325.6666666666667,12.662279942148386,7.31057073315377,0.12454212454212454,0.11646969300794613,0.06724380861057078,0.05230769230769231,0.045325907269711495,0.02616892476343195,0.07264957264957266,0.06324208797841342,0.03651283651845098,0.051753312984264895,0.018614160584325874,0.010746890624099465,0.9476923076923077,0.045325907269711474,0.026168924763431935,0.038605446252278595,0.0008445926489857799,0.00048762579324751915,0.11188834705228279,0.06509943349851767,0.03758517545446132,0.07254187663132927,0.06378471448284223,0.03682612207685239,0.07588703571006093,0.06458862762412794,0.03729026154537877,0.09808946168242232,0.07895443001779379,0.04558436142448671,0.35990557043267685,0.0720586707309156,0.04160309294394073,0.4514802278913743,0.08187205950804188,0.04726885559607704,0.38640509532802625,0.14147083235555855,0.08167822314296215,0.47350383744503816,0.15244492362262296,0.08801411769011332,0.02373642564737029,0.011076630311966599,0.006395095492327885,0.02953279349106983,0.013279578198314433,0.007666968047521524,0.006681441047659285,0.00912953802276828,0.00527094123502219,0.00021883198233527829,1.6265607809422263e-05,9.390953047302823e-06,0.011923286891521799,0.017155999101359495,0.009905020699386882,54.85731962402448,77.54523107009874,44.77076003269324,16.288317778383643,15.737830330337498,9.086240577681012,2.7792185016797113,1.4356641766718166,0.8288810988673758,18.0,7.211102550927978,4.163331998932265,45.666666666666664,9.50438495292217,5.4873592110514435,0.009258625000000006,0.004492828509483199,0.00259393574937295,-0.014778145937330664,0.008787796357770472,0.005073636592742395,-0.0024727127799736427,0.0006345009300957346,0.0003663292827918403,0.0698679173517867,0.012526290303775481,0.0072320570788321735
RCZDT-Curve2D,GPR-KG-VEPM,vepm,combined,low_t1,3,0.010680000000000002,0.0007398817473083051,0.0004271709259769407,395.6666666666667,21.548395145191982,12.440971737681016,3.3333333333333335,3.511884584284246,2.0275875100994067,51.666666666666664,6.429100507328637,3.7118429085533484,1.6666666666666667,2.0816659994661326,1.2018504251546631,1.6666666666666667,1.5275252316519468,0.881917103688197,50.0,4.58257569495584,2.6457513110645907,342.3333333333333,15.17673658377628,8.762292952063277,0.30158730158730157,0.287033989206748,0.1657191509350881,0.02969106863805746,0.034672721311912166,0.020018304982969366,0.05373737373737373,0.06176270039502567,0.03565871169894628,0.0047067449072699,0.004277360498220281,0.002469535235068551,0.9703089313619424,0.03467272131191218,0.020018304982969373,0.037324141189128794,0.00035392104541139165,0.00020433641084014075,0.31002000416409387,0.27754646113065873,0.16024152404641384,0.27311821791498797,0.277189663462812,0.16003552681683628,0.2735454203152346,0.27744921241983833,0.16018537747704334,0.32607210453039503,0.33641749381518116,0.1942307306142941,0.45469719917928453,0.05265800305402827,0.03040211223823136,0.5789953964430776,0.05820197798069478,0.0336029276545228,0.41978622995357256,0.13070358420050301,0.07546174952220934,0.541970985099067,0.14299974033075719,0.08256093857400924,0.023485909952670386,0.00860766785706586,0.004969639354371864,0.029279682779819252,0.011464015850849683,0.006618752637482202,0.06905718750565094,0.1029661834834852,0.05944755375161858,0.0002527666428562303,1.3317725970459645e-05,7.688992674038547e-06,0.13499125545518167,0.20769090313828098,0.11991039883512303,566.4288376612668,845.773987487708,488.3078393496114,238.39801135849265,313.68454273456365,181.105855188425,4.777377713281996,1.4802006510781276,0.8545942443546163,1.6666666666666667,1.5275252316519468,0.881917103688197,50.0,4.58257569495584,2.6457513110645907,0.0047049999999999965,0.004213433872745598,0.0024326271806423584,-0.005802969613549885,0.007410482178787998,0.004278443880748176,-0.002574195047188837,0.0002521424657042094,0.0001455745204484613,0.260226215822487,0.3017400799148477,0.1742097163641365
RCZDT-Curve2D,GPR-KG-VEPM,vepm,combined,mid_t1,3,0.010680000000000002,0.0007398817473083051,0.0004271709259769407,393.6666666666667,3.7859388972001824,2.185812841434,60.333333333333336,22.27853974867593,12.862520921049825,393.6666666666667,3.7859388972001824,2.185812841434,60.333333333333336,22.27853974867593,12.862520921049825,0.0,0.0,0.0,333.3333333333333,18.502252115170556,10.682280239308044,0.0,0.0,0.0,1.0,0.0,0.0,0.1529091536111932,0.05483129949389064,0.03165686552281475,0.2627068129460474,0.08046311229832238,0.04645539954527152,0.0,0.0,0.0,0.8470908463888067,0.054831299493890664,0.03165686552281477,0.013845306729803561,0.0003429900378704494,0.0001980253906938639,0.1447476598428402,0.12179329628474399,0.07031739239548879,0.15280962325756953,0.11872786183652387,0.06854756299162576,0.155254670901106,0.1204927852604565,0.06956654200553233,0.22258344768340244,0.20821824871998634,0.12021486194867657,0.22294245686363587,0.014952928912689916,0.008633077532914861,0.28327477935460377,0.02900021341612242,0.016743281022354877,0.21023479268920128,0.0495966890653844,0.028634661782813854,0.2714909507251404,0.06025412286513012,0.03478773405596766,0.033616813664452856,0.004972583015182885,0.0028709221423836,0.04480818692316924,0.006399897523129665,0.0036949825577649318,0.03512046823187747,0.04501672359807997,0.02599041748738645,0.002421706798780471,0.00021254465089234794,0.00012271271140751214,0.05910630546886853,0.08369656521061367,0.04832223445459487,151.22480609979993,195.24269213257625,112.72342086005014,12.785549959408348,5.456084594927807,3.1500719096029397,3.3420795800327525,0.721271787168453,0.4164264604805888,0.0,0.0,0.0,333.3333333333333,18.502252115170556,10.682280239308044,0.0,0.0,0.0,0.0,0.0,0.0,-0.013838402854022637,0.00028275442140150323,0.00016324834131071478,0.17428637828024776,0.1585618108184706,0.09154570415923852
RCZDT-Curve2D,GPR-KG-VEPM,vepm,combined,near_true_boundary,3,0.010680000000000002,0.0007398817473083051,0.0004271709259769407,300.3333333333333,5.8594652770823155,3.38296385503074,32.0,5.196152422706632,3.0000000000000004,193.66666666666666,14.189197769195175,8.192137151629673,18.333333333333332,7.767453465154029,4.48454134902457,13.666666666666666,8.144527815247079,4.702245326555296,175.33333333333334,15.502687938977981,8.950481054731704,93.0,5.5677643628300215,3.2145502536643185,0.5765567765567766,0.2169079716100108,0.12523187579841544,0.09473820766979468,0.040701122748925046,0.023498804175411878,0.16207312565813792,0.06773590219826506,0.0391073413679705,0.12560239048890584,0.06585762889730604,0.03802291977205012,0.9052617923302053,0.04070112274892502,0.02349880417541186,0.005625650933668181,0.000522571348879503,0.0003017067089463669,0.15586480839943725,0.12869094952171078,0.07429975434862826,0.15420539348385143,0.12752278042472154,0.07362531160602252,0.15721167249900703,0.12810425741300388,0.0739610275017349,0.22856315080833053,0.2072744554265543,0.1196699626366542,0.27829494702327173,0.013246728018235888,0.007648001987210248,0.35951824901094304,0.025257963733598923,0.014582692160775144,0.2653099888727368,0.03191325178919188,0.01842512451120624,0.34838910744604507,0.03756468888345165,0.021687983238885353,0.022928741679519613,0.007039753839897283,0.0040644037744933985,0.028552507774643326,0.007655143384285434,0.0044196990936023785,0.03457224835422993,0.045143644619468896,0.02606369537325117,0.0007893234835427548,6.422367078042593e-05,3.707955361342481e-05,0.06008917616800202,0.08153023650326396,0.04707150399225331,188.93269123303833,249.663504178145,144.14329134407728,15.058308049435619,6.132034814349169,3.5403319507446502,3.5602039781503385,0.8299350051942233,0.47916319865877827,13.666666666666666,8.144527815247079,4.702245326555296,175.33333333333334,15.502687938977981,8.950481054731704,0.005100831521739132,0.001075574092581741,0.0006209829918854557,-0.015246302240830872,0.009500142575190766,0.005484909873126213,-0.005177834549841953,0.0005118713975895781,0.0002955290891888129,0.17009714562594622,0.15336311978552677,0.08854423849193471
RCZDT-Curve2D,GPR-KG-VEPM,vepm,combined,tn,3,0.010680000000000002,0.0007398817473083051,0.0004271709259769407,668.0,3.4641016151377544,2.0,0.0,0.0,0.0,0.0,0.0,0.0,0.0,0.0,0.0,0.0,0.0,0.0,0.0,0.0,0.0,668.0,3.4641016151377544,2.0,0.0,0.0,0.0,0.0,0.0,0.0,0.0,0.0,0.0,0.0,0.0,0.0,0.0,0.0,0.0,0.04410073620495495,0.0006570343067773376,0.00037933893388471506,0.22756028560859223,0.14643835550126605,0.08454622396834208,0.1834595494036373,0.14665893686583753,0.08467357667855563,0.18426502160949174,0.14625641586242769,0.08444118106888249,0.26753438588975625,0.22848583744867737,0.13191635975701096,0.43043319340725533,0.015864120466996395,0.009159154222077021,0.5466338962333133,0.009234185219320377,0.005331359322121483,0.42379312563900423,0.016172675624334287,0.0093372986252259,0.5447609939726569,0.004212953124087513,0.0024323496202752004,0.023210955073419536,0.010529728696925127,0.00607934169766345,0.028931635416706836,0.013497085757886206,0.0077925460955910655,0.04063334364760888,0.05355839647232556,0.030921954620661867,0.0001544724960270431,4.478199739765859e-06,2.585489825238731e-06,0.10928894997168619,0.1550265312745872,0.08950460956291686,347.8361844770929,457.4813130204102,264.1269592215573,33.38689446491972,32.01721346938883,18.48514681525335,4.137684629470361,1.0386013688120541,0.5996367798643533,0.0,0.0,0.0,0.0,0.0,0.0,0.0,0.0,0.0,0.0,0.0,0.0,0.0,0.0,0.0,0.0,0.0,0.0
RCZDT-Curve2D,GPR-KG-VEPM,vepm,combined,tp,3,0.010680000000000002,0.0007398817473083051,0.0004271709259769407,64.33333333333333,25.006665778014735,14.43760521847181,64.33333333333333,25.006665778014735,14.43760521847181,64.33333333333333,25.006665778014735,14.43760521847181,64.33333333333333,25.006665778014735,14.43760521847181,0.0,0.0,0.0,0.0,0.0,0.0,0.0,0.0,0.0,1.0,0.0,0.0,1.0,0.0,0.0,1.0,0.0,0.0,0.0,0.0,0.0,0.0,0.0,0.0,0.01322108144157677,0.00044702436604223534,0.00025808963806880637,0.017798952654169514,0.005226574081376593,0.003017563952822297,-0.004577871212592747,0.004804913614248806,0.002774118168619446,0.010647967300590817,0.003994785423449275,0.002306390439583232,0.015322091136992068,0.0063103586933762725,0.0036432872903038862,0.18083659703020305,0.05057708617580848,0.029200694318429928,0.2244059684004551,0.05838560944713482,0.03370894733110365,0.16903647909230524,0.07481625910783259,0.043195187335667934,0.20476089334075318,0.09105546357070286,0.052570896403731464,0.03987533680983317,0.01082937781076011,0.00625234419419851,0.04658727932875639,0.013992533901352093,0.008078593214590596,0.002275759769038343,0.0015950945058585,0.0009209282423402981,0.0028652140738372766,0.0025238553468897606,0.0014571485639224796,0.0030845419369761318,0.002077256611923388,0.001199304664069898,4.22195709279876,2.9082408744497967,1.679073651731863,2.9814740590527404,2.4044639885280454,1.3882179310334284,1.5932241264307967,0.233242837615817,0.13466281508404412,0.0,0.0,0.0,0.0,0.0,0.0,0.0,0.0,0.0,0.0,0.0,0.0,0.0,0.0,0.0,0.0,0.0,0.0
RCZDT-Curve2D,GPR-KG-VEPM,vepm,random,all,3,0.01068,0.0007398817473083065,0.00042717092597694144,1000.0,0.0,0.0,69.0,15.716233645501712,9.073771725877467,423.6666666666667,5.507570547286102,3.1797973380564857,52.666666666666664,20.428737928059416,11.794537341969422,16.333333333333332,4.725815626252609,2.728450923957484,371.0,22.60530911091463,13.051181300301261,560.0,8.0,4.618802153517007,0.746137683846249,0.11366903293463668,0.06562684676333692,0.12444144573073479,0.04892771195481967,0.02824842766794761,0.21235673431422153,0.07587239330520203,0.043804946698819555,0.028353326291131315,0.008230783567251371,0.004752045108194127,0.8755585542692651,0.0489277119548197,0.028248427667947627,0.029345324999999995,0.0006210735646644431,0.0003585769897455767,0.19128010368891146,0.13577469385165664,0.07838955604439299,0.16964407988794114,0.13488556743171737,0.07787621866649745,0.17139077773852118,0.13508303243200573,0.07799022513756947,0.2432789557764452,0.2109912548404727,0.12181585777880385,0.33339741731984845,0.014050083895609623,0.008111819719267041,0.43847207798055027,0.014361896454059862,0.008291844783824994,0.32402205253935884,0.037307446171007314,0.021539464089608547,0.43227347167712277,0.03521229734417262,0.020329829350443206,0.027946430144945026,0.00585212442993793,0.0033787256149558492,0.03760762063186351,0.003221509516192227,0.0018599393863705234,0.03642546678101189,0.04721417480080356,0.027259116530809983,0.001047419826752853,5.9677499375183117e-05,3.44548203288257e-05,0.06161692822458118,0.08378441317911385,0.04837295350285621,230.76171065086487,296.8646982328611,171.3949134376394,21.811465611197224,12.349015084508807,7.129707183267909,3.802554073652956,0.8552277872361923,0.4937659931792636,16.333333333333332,4.725815626252609,2.728450923957484,371.0,22.60530911091463,13.051181300301261,0.009137060606060612,0.004637134488131578,0.002677250844991264,-0.014164369985646944,0.008603174161433252,0.004967044917988721,-0.01131289085025753,0.0003025450500731949,0.0001746744661017479,0.17772376074737858,0.16507240059235273,0.0953045949177726
RCZDT-Curve2D,GPR-KG-VEPM,vepm,random,far_true_boundary,3,0.01068,0.0007398817473083065,0.00042717092597694144,746.0,5.196152422706632,3.0000000000000004,44.333333333333336,13.576941236277534,7.838650677536565,258.0,15.394804318340652,8.888194417315589,38.333333333333336,15.947831618540913,9.207484877955421,6.0,5.291502622129181,3.0550504633038935,219.66666666666666,15.821925715074425,9.134793070696482,482.0,5.5677643628300215,3.2145502536643185,0.8511511511511513,0.15206773512990523,0.08779634781230751,0.14764538415394604,0.0582617602862732,0.033637442984741285,0.24972685779998013,0.08747064334256292,0.05050119948001845,0.012148582990730373,0.010500377686896286,0.006062395884122311,0.8523546158460539,0.05826176028627324,0.033637442984741306,0.037437197885468905,0.0008600021892397584,0.000496522495461242,0.20290392417863115,0.13764477353464274,0.07946924705277107,0.17424541657201184,0.13670175502794854,0.07892479506408037,0.17577252431699278,0.13698171049146982,0.07908642742630549,0.24847813852934394,0.21247740315065738,0.12267388590574468,0.35280051058277717,0.016922315762707626,0.009770103560911096,0.46239646618156366,0.01620453637236247,0.009355693436676554,0.34459442326177075,0.03661567664734416,0.021140070768904444,0.4582650249792168,0.03377418705727552,0.0194995359891788,0.029356337138542864,0.005913023347940394,0.003413885621657929,0.03982978401472585,0.002800169160382552,0.001616678418523355,0.037025155415086046,0.04794009416216357,0.027678226269501144,0.0011191420905428552,6.478574489397644e-05,3.740406725418772e-05,0.06252091526028244,0.08461941086669995,0.04885503964255677,253.7072702855127,325.6172531404492,187.99520875342486,22.184493710495833,13.84508669189575,7.993464528519717,3.8973703785414764,0.8672312456443296,0.5006961931224082,6.0,5.291502622129181,3.0550504633038935,219.66666666666666,15.821925715074425,9.134793070696482,0.014993750000000012,0.004404474110208847,0.0025429243131678153,-0.011322479815147063,0.007807808743534267,0.004507840479860623,-0.01555756525405213,0.00028967746909954915,0.00016724536476279422,0.18142710588303815,0.17126063067845046,0.09887737122378847
RCZDT-Curve2D,GPR-KG-VEPM,vepm,random,fn,3,0.01068,0.0007398817473083065,0.00042717092597694144,371.0,22.60530911091463,13.051181300301261,0.0,0.0,0.0,371.0,22.60530911091463,13.051181300301261,0.0,0.0,0.0,0.0,0.0,0.0,371.0,22.60530911091463,13.051181300301261,0.0,0.0,0.0,0.0,0.0,0.0,0.0,0.0,0.0,0.0,0.0,0.0,0.0,0.0,0.0,1.0,0.0,0.0,0.01131289085025753,0.0003025450500731949,0.0001746744661017479,0.17772376074737858,0.16507240059235273,0.0953045949177726,0.18903665159763614,0.16537029878143908,0.0954765865174327,0.18903665159763614,0.16537029878143908,0.0954765865174327,0.24648610625837808,0.24124271154575175,0.13928154445097501,0.24418181163503316,0.009885849811498907,0.005707598049837105,0.31063617360801793,0.02523996698883824,0.014572301735343027,0.22880170257199275,0.048792615162079694,0.02817042949829253,0.2953116853555746,0.05798405548013934,0.03347711004016465,0.03125910824478146,0.006364623049092717,0.0036746168306841767,0.04189255834776998,0.008742251101667275,0.005047341026870903,0.0436175123070132,0.058521431109359055,0.03378736400435059,0.0020353018039927983,0.0005278420268428892,0.00030474973628733974,0.06577250408054926,0.09453078554404153,0.05457737448055916,168.27188695595075,224.5347419593338,129.63519371264454,23.26650904282521,21.86233458777306,12.622224759364443,3.5026221042959667,1.006813790926248,0.5812842132150969,0.0,0.0,0.0,371.0,22.60530911091463,13.051181300301261,0.0,0.0,0.0,0.0,0.0,0.0,-0.01131289085025753,0.0003025450500731949,0.0001746744661017479,0.17772376074737858,0.16507240059235273,0.0953045949177726
RCZDT-Curve2D,GPR-KG-VEPM,vepm,random,fp,3,0.01068,0.0007398817473083065,0.00042717092597694144,16.333333333333332,4.725815626252609,2.728450923957484,16.333333333333332,4.725815626252609,2.728450923957484,0.0,0.0,0.0,0.0,0.0,0.0,16.333333333333332,4.725815626252609,2.728450923957484,0.0,0.0,0.0,0.0,0.0,0.0,0.0,0.0,0.0,0.0,0.0,0.0,0.0,0.0,0.0,1.0,0.0,0.0,0.0,0.0,0.0,0.009137060606060612,0.004637134488131578,0.002677250844991264,0.014164369985646944,0.008603174161433252,0.004967044917988721,-0.02330143059170756,0.012755912884637866,0.007364629737705088,0.02330143059170756,0.012755912884637866,0.007364629737705088,0.025198835760646323,0.013955102714652083,0.008056982308873258,0.22192294017132286,0.09889217283329593,0.057095422606050404,0.2582623605030801,0.11070468444057849,0.06391537936232057,0.2283187800702963,0.1063421906582391,0.06139669240274886,0.2599450766418543,0.12212639764392025,0.07050970855487664,0.03926127125782612,0.02225932245296741,0.012851425810199416,0.041593895032777405,0.021853645524833133,0.01261720812653707,0.0010163082035089014,0.0005271089774594898,0.00030432651002850484,0.0005484942270597804,0.00011279899188941645,6.5124528331673e-05,0.0006862172536369251,0.00028411895443315163,0.00016403615482385512,2.712785121289968,0.9443714483155535,0.5452331098999816,2.213570929813662,1.1821622153974043,0.6825216732854957,1.0745071939525883,0.20559247884051604,0.11869887300193438,16.333333333333332,4.725815626252609,2.728450923957484,0.0,0.0,0.0,0.009137060606060612,0.004637134488131578,0.002677250844991264,-0.014164369985646944,0.008603174161433252,0.004967044917988721,0.0,0.0,0.0,0.0,0.0,0.0
RCZDT-Curve2D,GPR-KG-VEPM,vepm,random,high_t1,3,0.01068,0.0007398817473083065,0.00042717092597694144,327.0,10.44030650891055,6.027713773341709,17.333333333333332,4.725815626252609,2.728450923957484,41.333333333333336,8.326663997864532,4.807401700618653,1.6666666666666667,1.5275252316519465,0.8819171036881969,15.666666666666666,4.932882862316248,2.8480012484391777,39.666666666666664,9.073771725877467,5.238744548500571,270.0,4.358898943540674,2.5166114784235836,0.10317460317460318,0.09014140231429005,0.052043162891285716,0.04356060606060606,0.037831409764087456,0.02184197461111893,0.06107226107226107,0.05289475234677683,0.030538799506130195,0.054768687671293996,0.017002035256290834,0.009816129631991022,0.9564393939393939,0.03783140976408748,0.021841974611118944,0.037548253331546884,0.0009057498761309507,0.0005229349348026747,0.10822548291001988,0.06063604925378002,0.0350082393592653,0.06988063671447488,0.05929837947218787,0.03423593535077625,0.0734011833960932,0.06060415701572444,0.03498982636703885,0.09373794007287913,0.07054503204709794,0.04072919324238278,0.32700656547949,0.052994966916511926,0.030596658414943474,0.405453426400795,0.05748963829195945,0.03319165814347701,0.35802346926497614,0.12235827834228745,0.07064358493849882,0.43640740664173344,0.12848293702116192,0.07417965827544158,0.024709548406727,0.012017160956197297,0.0069381111129555705,0.030495018152093836,0.013928038311982636,0.008041356668706597,0.006284764320921082,0.00834804734727461,0.004819747383156737,0.00023522491435232085,2.4652825831109142e-05,1.4233315629875823e-05,0.008413864171180901,0.011044435669998126,0.0063765079071209235,48.804408829401275,67.16688066299871,38.778816631409775,16.27014882986258,15.738403371162663,9.086571422955677,2.757963384849083,1.4002591179868331,0.8084399787049261,15.666666666666666,4.932882862316248,2.8480012484391777,39.666666666666664,9.073771725877467,5.238744548500571,0.009305570175438602,0.004732104967418678,0.002732082076772739,-0.014946027688764003,0.009289811031505531,0.005363474899760474,-0.002535615853658529,0.0008094507193742402,0.0004673365907264538,0.0683767309739587,0.013280074172084693,0.007667254398111295
RCZDT-Curve2D,GPR-KG-VEPM,vepm,random,low_t1,3,0.01068,0.0007398817473083065,0.00042717092597694144,335.3333333333333,12.503332889007368,7.218802609235905,1.6666666666666667,1.5275252316519468,0.881917103688197,44.666666666666664,6.658328118479393,3.8441875315569325,1.0,1.0,0.5773502691896258,0.6666666666666666,0.5773502691896258,0.33333333333333337,43.666666666666664,6.027713773341708,3.4801021696368504,290.0,8.660254037844387,5.000000000000001,0.38888888888888884,0.3469443332443554,0.20030840419244383,0.021367521367521364,0.0195836568160506,0.011306629534464064,0.04050258684405026,0.037063550596573076,0.02139865091405478,0.0022522522522522522,0.0019505076661811682,0.0011261261261261261,0.9786324786324787,0.01958365681605059,0.011306629534464058,0.036962040456413346,0.0008977765306461612,0.0005183315216406895,0.3121883559847085,0.2797277007962905,0.16150086335453342,0.27583816067086914,0.2803526271369658,0.161861664745546,0.27599036841027264,0.2803978084073559,0.16188775016416804,0.31538594357681776,0.3228790693034124,0.18641431757802102,0.4480036511826026,0.04810688695427482,0.027774524132925464,0.5716448170385143,0.04996192422867973,0.02884553040265993,0.4075553145770818,0.13802080803218478,0.07968635067115155,0.5238062296241927,0.1525151860502995,0.08805468372164628,0.023707622742526375,0.009126199965305507,0.005269014006647488,0.029623196253197388,0.011931587404273521,0.0068887051997168665,0.06487352953138954,0.09570563272156028,0.05525567281475629,0.0002638706242834634,1.538749926559516e-05,8.883976843146536e-06,0.08186487150054557,0.12088378162911863,0.06979228386423159,502.5384560546418,738.0191860573544,426.0955757373221,236.5259961009634,315.24242519109777,182.00529904407077,4.805318258689571,1.5235774433522389,0.879637847050657,0.6666666666666666,0.5773502691896258,0.33333333333333337,43.666666666666664,6.027713773341708,3.4801021696368504,0.005309999999999995,0.005080617580570297,0.0029332959277918063,-0.002784871721263201,0.002763394330820565,0.001595446460776339,-0.0025366332925336613,0.00030461171664127057,0.00017586765660115158,0.25756247786732767,0.29414761298782943,0.16982620354000919
RCZDT-Curve2D,GPR-KG-VEPM,vepm,random,mid_t1,3,0.01068,0.0007398817473083065,0.00042717092597694144,337.6666666666667,5.033222956847167,2.905932629027116,50.0,19.157244060668017,11.06044001535804,337.6666666666667,5.033222956847167,2.905932629027116,50.0,19.157244060668017,11.06044001535804,0.0,0.0,0.0,287.6666666666667,19.857828011475306,11.46492234794656,0.0,0.0,0.0,1.0,0.0,0.0,0.14809816347998386,0.056925408562211836,0.032865899957122434,0.25520663542515615,0.08416605584713159,0.048593294999970504,0.0,0.0,0.0,0.851901836520016,0.056925408562211836,0.032865899957122434,0.013854383949746389,0.0004095878566343917,0.00023647565928466792,0.14564933421420978,0.12313148419608591,0.07108999554632836,0.15478121134757564,0.12077908109224032,0.0697318349810806,0.15638829966039183,0.12179267096063046,0.07031703136444352,0.2226524189170794,0.20650605234634078,0.1192263249114468,0.22772074347629104,0.01875371347638803,0.010827461523897743,0.28896393781186824,0.034199988789550606,0.019745372733929227,0.21365220414255184,0.05766347376661615,0.03329202210156476,0.2741502245460597,0.07029876784798393,0.040587012540732534,0.03516413055915485,0.0041226873738666285,0.0023802346650865693,0.04663809845162024,0.006503321873217431,0.003754694634128865,0.035292569097990424,0.044845838213900945,0.025891756764830118,0.0026139919858612277,0.00022357046618015446,0.00012907846883196232,0.058708204149140304,0.0829074785896115,0.04786665508154534,120.91266327004706,146.63033819521456,84.657065228373,12.222233819811956,6.750378825708797,3.8973330321549238,3.2299592063569413,0.7488884491918839,0.4323709477339356,0.0,0.0,0.0,287.6666666666667,19.857828011475306,11.46492234794656,0.0,0.0,0.0,0.0,0.0,0.0,-0.013862701573903026,0.0003524242832021963,0.00020347225477574895,0.17531237557590287,0.16027518129960802,0.09253491906774478
RCZDT-Curve2D,GPR-KG-VEPM,vepm,random,near_true_boundary,3,0.01068,0.0007398817473083065,0.00042717092597694144,254.0,5.196152422706632,3.0000000000000004,24.666666666666668,3.2145502536643185,1.8559214542766742,165.66666666666666,11.547005383792515,6.666666666666667,14.333333333333334,5.131601439446884,2.96273147243853,10.333333333333334,4.932882862316248,2.8480012484391777,151.33333333333334,13.650396819628845,7.881060278357926,78.0,6.244997998398398,3.6055512754639896,0.5814679148012482,0.18101241103108498,0.10450756423546011,0.08710164786901375,0.03385335684641935,0.019545244688252673,0.15105395718298945,0.05649597448876616,0.03261796607921937,0.11625514403292181,0.05120452460438498,0.029562946064068486,0.9128983521309862,0.033853356846419345,0.01954524468825267,0.005587712611094082,0.0005901739651035159,0.00034073709762122374,0.1572886974857268,0.1303830584595673,0.0752766938993979,0.15626980283538572,0.1298514695795917,0.07496978091644578,0.15865979525033438,0.1298105833510455,0.07494617524138848,0.22681511985612982,0.20722695392749482,0.11964253763338532,0.276538339695664,0.01939794724090112,0.01119941006126042,0.35869265331061606,0.02964838037946641,0.017117500393121352,0.26364163174060323,0.04677408011243066,0.027005027744008963,0.3437056600925466,0.05374139577847213,0.031027609319327104,0.023749807663514106,0.007824101226553696,0.004517246949317657,0.029440626789942578,0.00843983706781864,0.0048727422030216735,0.034654692922034686,0.0450375978560467,0.026002469245842673,0.000837158989146222,6.169748330042656e-05,3.562105859182372e-05,0.05883245664019187,0.08125408203162225,0.04691206613371304,162.72475533570173,210.82988504119695,121.72269088175291,17.0540808353707,8.48717658552613,4.900073686313401,3.5083881239373405,0.839354952936427,0.48460180802349184,10.333333333333334,4.932882862316248,2.8480012484391777,151.33333333333334,13.650396819628845,7.881060278357926,0.005121026785714288,0.0014188051078538127,0.0008191475109470148,-0.016746873721351085,0.01087720102927043,0.006279954942278957,-0.005141014358239288,0.00049807850105043,0.00028756575665903105,0.17197885836640767,0.1561685467024673,0.09016395247762214
RCZDT-Curve2D,GPR-KG-VEPM,vepm,random,tn,3,0.01068,0.0007398817473083065,0.00042717092597694144,560.0,8.0,4.618802153517007,0.0,0.0,0.0,0.0,0.0,0.0,0.0,0.0,0.0,0.0,0.0,0.0,0.0,0.0,0.0,560.0,8.0,4.618802153517007,0.0,0.0,0.0,0.0,0.0,0.0,0.0,0.0,0.0,0.0,0.0,0.0,0.0,0.0,0.0,0.043384431228676405,0.0008273458237224453,0.00047766833403906653,0.22500094852483724,0.14307103299410967,0.08260209941238705,0.18161651729616088,0.14339884166308053,0.08279135983566008,0.1823787235686505,0.1431063714149456,0.0826225020591694,0.25496671306954705,0.21416512319546854,0.12364829152793314,0.4093206088938098,0.017416004581043556,0.010055134933073253,0.5211232963930312,0.013854175884667553,0.007998712176413233,0.4031112620223158,0.029191681145041525,0.016853824967187448,0.5175333111068012,0.028417113166333708,0.016406627936174825,0.023711719227602273,0.01096369267385356,0.006329890916561681,0.02951103875090144,0.013860755640338347,0.00800251100012097,0.03707131760098179,0.047912451528167574,0.027662266787322448,0.0001622104668885806,5.415449486408803e-06,3.126611218760943e-06,0.06300992540050428,0.08397903725600364,0.048485319766039314,302.8181577643702,388.10611775422257,224.073171559541,32.116255054547416,29.87842821719704,17.25031857416162,4.158991966775086,0.9976860101230363,0.5760142865112587,0.0,0.0,0.0,0.0,0.0,0.0,0.0,0.0,0.0,0.0,0.0,0.0,0.0,0.0,0.0,0.0,0.0,0.0
RCZDT-Curve2D,GPR-KG-VEPM,vepm,random,tp,3,0.01068,0.0007398817473083065,0.00042717092597694144,52.666666666666664,20.428737928059416,11.794537341969422,52.666666666666664,20.428737928059416,11.794537341969422,52.666666666666664,20.428737928059416,11.794537341969422,52.666666666666664,20.428737928059416,11.794537341969422,0.0,0.0,0.0,0.0,0.0,0.0,0.0,0.0,0.0,1.0,0.0,0.0,1.0,0.0,0.0,1.0,0.0,0.0,0.0,0.0,0.0,0.0,0.0,0.0,0.013226124401913867,0.0006841914917509924,0.0003950181419396871,0.014847406353947957,0.0045241976096868745,0.0026120467078197787,-0.0016212819520340868,0.003913777151607424,0.002259620292028753,0.008560860761909197,0.0035322833196127167,0.002039364725432427,0.011080396260798889,0.004948999017722384,0.0028573059151012123,0.19353390183789596,0.05763412188615394,0.03327507578547868,0.2357893107832091,0.06632532301104911,0.038292943094518084,0.18122740096974863,0.08291111998194593,0.04786875744038985,0.21605412714376518,0.09949484701488388,0.05744337670702385,0.04167012481300653,0.012813111388188346,0.007397653309127202,0.047899907248230456,0.01684779645997341,0.009727079821417671,0.002324436398427301,0.0015302952040223308,0.000883516347981886,0.0028835236653789362,0.0028544491395832297,0.0016480169791264735,0.003016977952319219,0.0024216883062242213,0.0013981623954919232,4.601273431755515,3.275510119595139,1.8911166492815967,4.011660419766334,3.3275265748482217,1.9211483637242543,1.6275018916573147,0.2667388620368806,0.15400175380032746,0.0,0.0,0.0,0.0,0.0,0.0,0.0,0.0,0.0,0.0,0.0,0.0,0.0,0.0,0.0,0.0,0.0,0.0
RCZDT-Curve2D,GPR-KG-oracleV,oracle,axis,all,3,0.010394999999999998,0.0,0.0,101.0,0.0,0.0,24.666666666666668,11.718930554164631,6.76592771006148,41.0,0.0,0.0,24.666666666666668,11.718930554164631,6.76592771006148,0.0,0.0,0.0,16.333333333333332,11.718930554164631,6.76592771006148,60.0,0.0,0.0,1.0,0.0,0.0,0.6016260162601625,0.2858275744918203,0.16502262707467025,0.7263888433818863,0.20944723851755875,0.12092441953913631,0.0,0.0,0.0,0.3983739837398374,0.2858275744918202,0.16502262707467022,0.0297490099009901,4.2491873609703695e-18,2.4532694666933983e-18,0.039743985835887875,0.007825546755732564,0.004518081525978199,0.01609647097480812,0.01181984684429325,0.006824191757332857,0.01609647097480812,0.01181984684429325,0.006824191757332857,0.01721154431085424,0.012537962007055566,0.007238795739862832,0.5097755380115796,0.29082204350277796,0.1679061851026059,0.6376788579269541,0.38969853730401655,0.22499255541527738,0.4938035897530996,0.28053570469592015,0.16196736462349087,0.6232282643696218,0.37553404317561767,0.21681468091731143,0.01609647097480812,0.011819846844293252,0.006824191757332858,0.017211544310854237,0.012537962007055562,0.00723879573986283,0.00010057264008990641,0.0,0.0,0.00010057264008990641,0.0,0.0,0.0,0.0,0.0,1.0,0.0,0.0,1.0,0.0,0.0,0.0,0.0,0.0,0.0,0.0,0.0,16.333333333333332,11.718930554164631,6.76592771006148,0.0,0.0,0.0,0.0,0.0,0.0,-0.005335971428571426,0.004154548949510348,0.0023986299543612764,0.006200514814948748,0.0039053755052238792,0.0022547695992275775
RCZDT-Curve2D,GPR-KG-oracleV,oracle,axis,far_true_boundary,3,0.010394999999999998,0.0,0.0,75.0,0.0,0.0,20.333333333333332,4.509249752822894,2.6034165586355518,25.0,0.0,0.0,20.333333333333332,4.509249752822894,2.6034165586355518,0.0,0.0,0.0,4.666666666666667,4.509249752822894,2.6034165586355518,50.0,0.0,0.0,1.0,0.0,0.0,0.8133333333333334,0.18036999011291577,0.10413666234542206,0.8897922312556458,0.10975888561928865,0.06336932215824966,0.0,0.0,0.0,0.18666666666666668,0.18036999011291577,0.10413666234542206,0.0381,0.0,0.0,0.04903425757991945,0.008304575118767924,0.00479464868032613,0.01735191815433149,0.012753519909125885,0.007363248152649082,0.01735191815433149,0.012753519909125885,0.007363248152649082,0.01854065476573379,0.013529190871063851,0.007811081991326543,0.5499412248410468,0.30871102375566123,0.17823439266713598,0.6871049946234931,0.4120464487180527,0.23789512808599705,0.5381439203338179,0.30048467940784795,0.17348491054347942,0.6764338913957729,0.3979369392193407,0.22974899897878212,0.01735191815433149,0.012753519909125885,0.007363248152649082,0.01854065476573379,0.01352919087106385,0.007811081991326542,0.00010054719053265836,1.6598388128790506e-20,9.583083854271087e-21,0.00010054719053265836,1.6598388128790506e-20,9.583083854271087e-21,0.0,0.0,0.0,1.0,0.0,0.0,1.0,0.0,0.0,0.0,0.0,0.0,0.0,0.0,0.0,4.666666666666667,4.509249752822894,2.6034165586355518,0.0,0.0,0.0,0.0,0.0,0.0,-0.008516666666666664,0.007389061735655841,0.0042660767821396635,0.0015091180773591738,0.0014265864321349067,0.0008236400606153562
RCZDT-Curve2D,GPR-KG-oracleV,oracle,axis,fn,3,0.010394999999999998,0.0,0.0,16.333333333333332,11.718930554164631,6.76592771006148,0.0,0.0,0.0,16.333333333333332,11.718930554164631,6.76592771006148,0.0,0.0,0.0,0.0,0.0,0.0,16.333333333333332,11.718930554164631,6.76592771006148,0.0,0.0,0.0,0.0,0.0,0.0,0.0,0.0,0.0,0.0,0.0,0.0,0.0,0.0,0.0,1.0,0.0,0.0,0.005335971428571426,0.004154548949510348,0.0023986299543612764,0.006200514814948748,0.0039053755052238792,0.0022547695992275775,0.011536486243520175,0.008054470410511883,0.004650250659688911,0.011536486243520175,0.008054470410511883,0.004650250659688911,0.011599655625501906,0.008045664170075866,0.004645166374402629,0.348610541793913,0.23716232637576243,0.13692573297468433,0.39883433515940897,0.2856034581885141,0.16489323346662665,0.3232199584910233,0.21419834801984095,0.12366747388922832,0.3679318545259859,0.2676259063644286,0.15451388908162045,0.011536486243520175,0.008054470410511883,0.004650250659688911,0.011599655625501906,0.008045664170075866,0.004645166374402629,0.00010082125913547854,2.1477618660961004e-07,1.2400108915457965e-07,0.00010082125913547854,2.1477618660961004e-07,1.2400108915457965e-07,0.0,0.0,0.0,1.0,0.0,0.0,1.0,0.0,0.0,0.0,0.0,0.0,0.0,0.0,0.0,16.333333333333332,11.718930554164631,6.76592771006148,0.0,0.0,0.0,0.0,0.0,0.0,-0.005335971428571426,0.004154548949510348,0.0023986299543612764,0.006200514814948748,0.0039053755052238792,0.0022547695992275775
RCZDT-Curve2D,GPR-KG-oracleV,oracle,axis,fp,3,0.010394999999999998,0.0,0.0,0.0,0.0,0.0,0.0,0.0,0.0,0.0,0.0,0.0,0.0,0.0,0.0,0.0,0.0,0.0,0.0,0.0,0.0,0.0,0.0,0.0,0.0,0.0,0.0,0.0,0.0,0.0,0.0,0.0,0.0,0.0,0.0,0.0,0.0,0.0,0.0,0.0,0.0,0.0,0.0,0.0,0.0,0.0,0.0,0.0,0.0,0.0,0.0,0.0,0.0,0.0,0.0,0.0,0.0,0.0,0.0,0.0,0.0,0.0,0.0,0.0,0.0,0.0,0.0,0.0,0.0,0.0,0.0,0.0,0.0,0.0,0.0,0.0,0.0,0.0,0.0,0.0,0.0,0.0,0.0,0.0,0.0,0.0,0.0,0.0,0.0,0.0,0.0,0.0,0.0,0.0,0.0,0.0,0.0,0.0,0.0,0.0,0.0,0.0,0.0,0.0,0.0,0.0,0.0,0.0
RCZDT-Curve2D,GPR-KG-oracleV,oracle,axis,high_t1,3,0.010394999999999998,0.0,0.0,34.0,0.0,0.0,0.6666666666666666,1.1547005383792517,0.6666666666666667,4.0,0.0,0.0,0.6666666666666666,1.1547005383792517,0.6666666666666667,0.0,0.0,0.0,3.3333333333333335,1.1547005383792515,0.6666666666666666,30.0,0.0,0.0,0.3333333333333333,0.5773502691896258,0.33333333333333337,0.16666666666666666,0.2886751345948129,0.16666666666666669,0.2222222222222222,0.3849001794597505,0.22222222222222224,0.0,0.0,0.0,0.8333333333333334,0.28867513459481287,0.16666666666666666,0.037430735294117654,0.0,0.0,0.05489016296899446,0.012274189666036023,0.007086506707770421,0.017994585511148752,0.012373818475402103,0.007144027427676969,0.017994585511148752,0.012373818475402103,0.007144027427676969,0.01863807759145154,0.012836566112394322,0.00741119490046129,0.8528437824839837,0.7474533473705022,0.4315423913110463,0.8775150241511857,0.762526020960978,0.4402446034659149,0.826916269153012,0.7204339361885302,0.41594272699178964,0.855493379689646,0.7372302429346409,0.42564007921304814,0.017994585511148745,0.012373818475402098,0.007144027427676967,0.01863807759145154,0.012836566112394322,0.00741119490046129,0.00010018003094230808,0.0,0.0,0.00010018003094230808,0.0,0.0,0.0,0.0,0.0,1.0,0.0,0.0,1.0,0.0,0.0,0.0,0.0,0.0,0.0,0.0,0.0,3.3333333333333335,1.1547005383792515,0.6666666666666666,0.0,0.0,0.0,0.0,0.0,0.0,-0.001987499999999995,0.0009612881982007228,0.0005549999999999977,0.009794198888572796,0.007104823324325781,0.004101971658844222
RCZDT-Curve2D,GPR-KG-oracleV,oracle,axis,low_t1,3,0.010394999999999998,0.0,0.0,34.0,0.0,0.0,1.0,1.7320508075688772,1.0,4.0,0.0,0.0,1.0,1.7320508075688772,1.0,0.0,0.0,0.0,3.0,1.7320508075688772,1.0,30.0,0.0,0.0,0.3333333333333333,0.5773502691896258,0.33333333333333337,0.25,0.4330127018922193,0.25,0.2857142857142857,0.49487165930539345,0.2857142857142857,0.0,0.0,0.0,0.75,0.4330127018922193,0.25,0.03743073529411764,0.0,0.0,0.05670940979348162,0.01531394670366939,0.008841511251719105,0.01976248871700499,0.01550260048679053,0.008950430564187737,0.01976248871700499,0.01550260048679053,0.008950430564187737,0.02047684165482009,0.01606384487723609,0.009274465164092648,0.3851792048613371,0.21919206113323728,0.12655059549950345,0.40934751539909603,0.22026619815207982,0.12717074879647874,0.3921304450132362,0.22066698659785405,0.1274021441135346,0.4272565928064638,0.21728306747969828,0.12544843749975143,0.01976248871700499,0.01550260048679053,0.008950430564187737,0.020476841654820093,0.016063844877236097,0.009274465164092652,0.00010018003094230808,0.0,0.0,0.00010018003094230808,0.0,0.0,0.0,0.0,0.0,1.0,0.0,0.0,1.0,0.0,0.0,0.0,0.0,0.0,0.0,0.0,0.0,3.0,1.7320508075688772,1.0,0.0,0.0,0.0,0.0,0.0,0.0,-0.001695000000000001,0.0014679130594146242,0.0008475000000000005,0.011047500697075852,0.008451463699039768,0.004879454841686961
RCZDT-Curve2D,GPR-KG-oracleV,oracle,axis,mid_t1,3,0.010394999999999998,0.0,0.0,33.0,0.0,0.0,23.0,8.888194417315589,5.131601439446884,33.0,0.0,0.0,23.0,8.888194417315589,5.131601439446884,0.0,0.0,0.0,10.0,8.888194417315589,5.131601439446884,0.0,0.0,0.0,1.0,0.0,0.0,0.6969696969696969,0.26933922476713906,0.15550307392263288,0.8025927352072905,0.17835552797525728,0.10297361208797262,0.0,0.0,0.0,0.30303030303030304,0.26933922476713906,0.15550307392263288,0.013919999999999995,0.0,0.0,0.006659305924257233,0.004883061396527773,0.0028192368117547794,0.010363728627224044,0.007642792788724376,0.00441256847393055,0.010363728627224044,0.007642792788724376,0.00441256847393055,0.010398999818815697,0.007642864475136904,0.004412609862100119,0.2846832657402618,0.27071284211576274,0.1562961322686243,0.31880250601138466,0.28477961666621615,0.16441758834195833,0.2553507358609284,0.24723061352375159,0.14273866126985432,0.28629688133310316,0.2646421575966653,0.15279122092735808,0.010363728627224044,0.007642792788724376,0.00441256847393055,0.010398999818815697,0.007642864475136904,0.004412609862100119,0.00010138165287889692,0.0,0.0,0.00010138165287889692,0.0,0.0,0.0,0.0,0.0,1.0,0.0,0.0,1.0,0.0,0.0,0.0,0.0,0.0,0.0,0.0,0.0,10.0,8.888194417315589,5.131601439446884,0.0,0.0,0.0,0.0,0.0,0.0,-0.006984298642533933,0.006070392150829065,0.003504742542367752,0.003352281506112101,0.0029833128132987466,0.0017224164558348912
RCZDT-Curve2D,GPR-KG-oracleV,oracle,axis,near_true_boundary,3,0.010394999999999998,0.0,0.0,26.0,0.0,0.0,4.333333333333333,7.505553499465135,4.333333333333334,16.0,0.0,0.0,4.333333333333333,7.505553499465135,4.333333333333334,0.0,0.0,0.0,11.666666666666666,7.505553499465135,4.333333333333334,10.0,0.0,0.0,0.3333333333333333,0.5773502691896258,0.33333333333333337,0.2708333333333333,0.46909709371657093,0.27083333333333337,0.2988505747126437,0.5176243792734575,0.29885057471264365,0.0,0.0,0.0,0.7291666666666666,0.46909709371657093,0.27083333333333337,0.005659615384615382,0.0,0.0,0.012945125035796765,0.006507300817828036,0.0037569918788708887,0.012474988726183028,0.009172625377066873,0.005295817730625152,0.012474988726183028,0.009172625377066873,0.005295817730625152,0.012578294291128564,0.009170199042044335,0.005294416885446746,0.393912979849655,0.23953382943456186,0.1382949209040662,0.46529713730886124,0.3194641380659797,0.18444270610882516,0.36589879000102826,0.22309412229111808,0.12880345155940032,0.43254606627364495,0.30628975080890086,0.1768364700795423,0.012474988726183028,0.009172625377066873,0.005295817730625152,0.012578294291128564,0.009170199042044335,0.005294416885446746,0.00010064605227427586,0.0,0.0,0.00010064605227427586,0.0,0.0,0.0,0.0,0.0,1.0,0.0,0.0,1.0,0.0,0.0,0.0,0.0,0.0,0.0,0.0,0.0,11.666666666666666,7.505553499465135,4.333333333333334,0.0,0.0,0.0,0.0,0.0,0.0,-0.003869999999999997,0.0028448934514318782,0.0016424999999999986,0.008012613655662257,0.005649283706825747,0.003261615468864412
RCZDT-Curve2D,GPR-KG-oracleV,oracle,axis,tn,3,0.010394999999999998,0.0,0.0,60.0,0.0,0.0,0.0,0.0,0.0,0.0,0.0,0.0,0.0,0.0,0.0,0.0,0.0,0.0,0.0,0.0,0.0,60.0,0.0,0.0,0.0,0.0,0.0,0.0,0.0,0.0,0.0,0.0,0.0,0.0,0.0,0.0,0.0,0.0,0.0,0.042082499999999995,0.0,0.0,0.061846793252461806,0.01458557662378856,0.008420986590030238,0.019764293252461814,0.014585576623788562,0.00842098659003024,0.019764293252461814,0.014585576623788562,0.00842098659003024,0.02044128120626033,0.014952172457746733,0.008632640793449785,0.6498803860832122,0.32396661091865325,0.18704221002233523,0.7727985432418042,0.4517778424467228,0.26083405895052375,0.6428956129552978,0.3199518453635425,0.18472428404835878,0.7623600912862125,0.4394156468238595,0.2536967419798888,0.019764293252461814,0.014585576623788564,0.00842098659003024,0.02044128120626033,0.01495217245774673,0.008632640793449784,0.00010011638055160438,0.0,0.0,0.00010011638055160438,0.0,0.0,0.0,0.0,0.0,1.0,0.0,0.0,1.0,0.0,0.0,0.0,0.0,0.0,0.0,0.0,0.0,0.0,0.0,0.0,0.0,0.0,0.0,0.0,0.0,0.0,0.0,0.0,0.0,0.0,0.0,0.0
RCZDT-Curve2D,GPR-KG-oracleV,oracle,axis,tp,3,0.010394999999999998,0.0,0.0,24.666666666666668,11.718930554164631,6.76592771006148,24.666666666666668,11.718930554164631,6.76592771006148,24.666666666666668,11.718930554164631,6.76592771006148,24.666666666666668,11.718930554164631,6.76592771006148,0.0,0.0,0.0,0.0,0.0,0.0,0.0,0.0,0.0,1.0,0.0,0.0,1.0,0.0,0.0,1.0,0.0,0.0,0.0,0.0,0.0,0.0,0.0,0.0,0.015367499999999994,0.0024312496786632184,0.0014036826564434004,0.005450208399164941,0.004762046132990681,0.002749368616775586,0.009917291600835052,0.007193295755444691,0.004153051240766585,0.009917291600835052,0.007193295755444691,0.004153051240766585,0.009935614241957347,0.007168894571182714,0.004138963210464387,0.2698999758353605,0.281885117986227,0.1627464487498976,0.2903163859064563,0.27467879170821496,0.15858587433341906,0.23842683646531518,0.2576705745589587,0.14876617558386035,0.25464336433643836,0.2542910299312346,0.1468149945833055,0.009917291600835052,0.007193295755444691,0.004153051240766585,0.009935614241957347,0.007168894571182714,0.004138963210464387,0.00010150993945800501,1.8995000094180416e-07,1.096676841763203e-07,0.00010150993945800501,1.8995000094180416e-07,1.096676841763203e-07,0.0,0.0,0.0,1.0,0.0,0.0,1.0,0.0,0.0,0.0,0.0,0.0,0.0,0.0,0.0,0.0,0.0,0.0,0.0,0.0,0.0,0.0,0.0,0.0,0.0,0.0,0.0,0.0,0.0,0.0
RCZDT-Curve2D,GPR-KG-oracleV,oracle,combined,all,3,0.010679999999999997,0.0007398817473083027,0.0004271709259769392,1181.0,0.0,0.0,314.3333333333333,6.8068592855540455,3.9299420408505323,494.6666666666667,4.932882862316248,2.8480012484391777,263.0,20.8806130178211,12.055427546683418,51.333333333333336,14.571661996262929,8.412952976082641,231.66666666666666,18.009256878986797,10.397649306988148,635.0,11.269427669584644,6.506407098647712,0.8360504991467423,0.048957063304847906,0.02826537367778749,0.5315206669423328,0.03878463212746434,0.022392317799212143,0.6498381365724606,0.04354729311786887,0.02514204140408113,0.07471877232460764,0.02083984019235972,0.012031887344927668,0.4684793330576671,0.03878463212746436,0.022392317799212157,0.029838365791701946,0.0006006146395987241,0.00034676502385155345,0.03830012454404163,0.0027226565838446007,0.0015719265115935871,0.009794966220942605,0.0028525536722147837,0.001646922630531061,0.020245378255472065,0.0017937075431300063,0.0010355975328735715,0.03472936030385038,0.0016859265881893376,0.0009733701695250615,0.37360366108621906,0.04306769347317545,0.024865144420114133,0.5335603571175443,0.1051014393652057,0.060680344309718644,0.37549256089962074,0.04304341161377659,0.024851125282053778,0.5361813001706291,0.10311346806540489,0.059532588544637395,0.020245378255472065,0.0017937075431300063,0.0010355975328735715,0.03472936030385038,0.0016859265881893376,0.0009733701695250615,0.0009451366116296644,5.8780878347043464e-05,3.393715593686819e-05,0.0009451366116296644,5.8780878347043464e-05,3.393715593686819e-05,0.0,0.0,0.0,1.0,0.0,0.0,1.0,0.0,0.0,0.0,0.0,0.0,51.333333333333336,14.571661996262929,8.412952976082641,231.66666666666666,18.009256878986797,10.397649306988148,0.008587464285714287,0.0019897050542243997,0.0011487567486644162,-0.0071495165733858335,0.000742825475386228,0.0004288704881751505,-0.011020796091989742,0.00039568316183340516,0.00022844777999831873,0.04889386765290351,0.006638817210401649,0.0038329229035261128
RCZDT-Curve2D,GPR-KG-oracleV,oracle,combined,far_true_boundary,3,0.010679999999999997,0.0007398817473083027,0.0004271709259769392,883.3333333333334,0.5773502691896257,0.3333333333333333,187.0,8.0,4.618802153517007,303.6666666666667,10.692676621563626,6.173419725817378,168.33333333333334,16.653327995729065,9.614803401237307,18.666666666666668,9.237604307034012,5.333333333333333,135.33333333333334,8.621678104251709,4.977728174356026,561.0,7.54983443527075,4.358898943540674,0.8988513002315172,0.05214702265516727,0.030107097567398336,0.5536485819423932,0.037939395531904,0.021904320223236462,0.6852173921987869,0.04419686247135108,0.025517070445171416,0.03205669411087636,0.01561606244009967,0.009015937853473549,0.44635141805760675,0.037939395531904,0.021904320223236462,0.038048349031223255,0.000690642257510254,0.000398742493287276,0.04533483285258775,0.0033043272136026917,0.0019077542062641202,0.010202169177299568,0.0035820205632863334,0.0020680805364561394,0.021260301086300743,0.0018449433208184555,0.0010651785229141375,0.03749757288531753,0.0017259088982376249,0.000996453966994263,0.39748996877225345,0.04250090634675937,0.024537909720104598,0.5655848211983376,0.10498206536568865,0.06061142369896323,0.3997493740560281,0.041249352108512743,0.02381532454374749,0.5683305387859172,0.10090620293371566,0.05825822342668374,0.021260301086300743,0.0018449433208184555,0.0010651785229141375,0.03749757288531753,0.0017259088982376249,0.000996453966994263,0.0010049957121249478,6.291050254526009e-05,3.6321395579360555e-05,0.0010049957121249478,6.291050254526009e-05,3.6321395579360555e-05,0.0,0.0,0.0,1.0,0.0,0.0,1.0,0.0,0.0,0.0,0.0,0.0,18.666666666666668,9.237604307034012,5.333333333333333,135.33333333333334,8.621678104251709,4.977728174356026,0.015381875000000005,0.0007074351229088059,0.0004084378586455951,-0.004323444820302159,0.0021712668158461496,0.0012535814806112762,-0.015319838118086291,0.00011301854795797485,6.52512890869574e-05,0.06420454809710403,0.009478742119432544,0.005472554314233423
RCZDT-Curve2D,GPR-KG-oracleV,oracle,combined,fn,3,0.010679999999999997,0.0007398817473083027,0.0004271709259769392,231.66666666666666,18.009256878986797,10.397649306988148,0.0,0.0,0.0,231.66666666666666,18.009256878986797,10.397649306988148,0.0,0.0,0.0,0.0,0.0,0.0,231.66666666666666,18.009256878986797,10.397649306988148,0.0,0.0,0.0,0.0,0.0,0.0,0.0,0.0,0.0,0.0,0.0,0.0,0.0,0.0,0.0,1.0,0.0,0.0,0.011020796091989742,0.00039568316183340516,0.00022844777999831873,0.04889386765290351,0.006638817210401649,0.0038329229035261128,0.05991466374489326,0.006274794344072029,0.0036227542036595273,0.05991466374489326,0.006274794344072029,0.0036227542036595273,0.07345430130967835,0.006917093771324059,0.003993585950883829,0.276418572303523,0.0286971542611455,0.01656830973764857,0.3486265424196871,0.04113643716186094,0.02375013306890254,0.2780602538752735,0.027365076781105637,0.015799234445966117,0.350580063376635,0.0398842944174618,0.02302720811835986,0.05991466374489326,0.006274794344072029,0.0036227542036595273,0.07345430130967835,0.006917093771324059,0.003993585950883829,0.004050537580136953,0.0002326766461474409,0.00013433592428736433,0.004050537580136953,0.0002326766461474409,0.00013433592428736433,0.0,0.0,0.0,1.0,0.0,0.0,1.0,0.0,0.0,0.0,0.0,0.0,0.0,0.0,0.0,231.66666666666666,18.009256878986797,10.397649306988148,0.0,0.0,0.0,0.0,0.0,0.0,-0.011020796091989742,0.00039568316183340516,0.00022844777999831873,0.04889386765290351,0.006638817210401649,0.0038329229035261128
RCZDT-Curve2D,GPR-KG-oracleV,oracle,combined,fp,3,0.010679999999999997,0.0007398817473083027,0.0004271709259769392,51.333333333333336,14.571661996262929,8.412952976082641,51.333333333333336,14.571661996262929,8.412952976082641,0.0,0.0,0.0,0.0,0.0,0.0,51.333333333333336,14.571661996262929,8.412952976082641,0.0,0.0,0.0,0.0,0.0,0.0,0.0,0.0,0.0,0.0,0.0,0.0,0.0,0.0,0.0,1.0,0.0,0.0,0.0,0.0,0.0,0.008587464285714287,0.0019897050542243997,0.0011487567486644162,0.0071495165733858335,0.000742825475386228,0.0004288704881751505,-0.015736980859100122,0.0024555700456897795,0.0014177240268929759,0.015736980859100122,0.0024555700456897795,0.0014177240268929759,0.016853355443986077,0.00282438630467211,0.001630660193297935,0.41926832872386627,0.223636262696477,0.12911645646837286,0.5463998247529772,0.32754893785024475,0.18911046744061483,0.42853013369210285,0.2260686017645357,0.130520768084077,0.5609847284592283,0.3350141790020279,0.1934205264291623,0.015736980859100122,0.0024555700456897795,0.0014177240268929759,0.016853355443986077,0.00282438630467211,0.001630660193297935,0.0001695116882561696,5.326269582659177e-05,3.075123177324792e-05,0.0001695116882561696,5.326269582659177e-05,3.075123177324792e-05,0.0,0.0,0.0,1.0,0.0,0.0,1.0,0.0,0.0,0.0,0.0,0.0,51.333333333333336,14.571661996262929,8.412952976082641,0.0,0.0,0.0,0.008587464285714287,0.0019897050542243997,0.0011487567486644162,-0.0071495165733858335,0.000742825475386228,0.0004288704881751505,0.0,0.0,0.0,0.0,0.0,0.0
RCZDT-Curve2D,GPR-KG-oracleV,oracle,combined,high_t1,3,0.010679999999999997,0.0007398817473083027,0.0004271709259769392,391.6666666666667,22.03028218914441,12.719189352225943,54.0,7.937253933193772,4.582575694955841,48.666666666666664,9.29157324317757,5.364492313143694,26.666666666666668,3.0550504633038935,1.763834207376394,27.333333333333332,7.371114795831994,4.255715111601235,22.0,7.0,4.041451884327381,315.6666666666667,22.501851775650227,12.991450179936718,0.49961013645224167,0.0783633004534048,0.045243072611360784,0.5558665101862718,0.07108070714295132,0.0410384654031719,0.5192048444091594,0.012863164743521931,0.007426551627302891,0.08041101980795218,0.02454833237365939,0.014172986304088656,0.44413348981372813,0.07108070714295137,0.04103846540317193,0.03848897469881673,0.000601404232746015,0.0003472208956676921,0.03946593821397577,0.0036455978616623088,0.0021047869067878583,-0.0010494638929657524,0.003095039829132908,0.001786922078502498,0.01143875812271126,0.002323022474544899,0.0013411976510120482,0.014607516344442016,0.0028063106037349355,0.0016202241824960664,0.36233247315499234,0.20226753733599057,0.11677921712925685,0.4804311019968012,0.2787132987524682,0.16091519806146612,0.36057066447107783,0.19888915989682468,0.11482871000533025,0.47671766202338633,0.27402866100239404,0.1582105211954049,0.01143875812271126,0.002323022474544899,0.0013411976510120482,0.014607516344442016,0.0028063106037349355,0.0016202241824960664,0.00022011132857396038,2.185694156155804e-05,1.2619111094227454e-05,0.00022011132857396038,2.185694156155804e-05,1.2619111094227454e-05,0.0,0.0,0.0,1.0,0.0,0.0,1.0,0.0,0.0,0.0,0.0,0.0,27.333333333333332,7.371114795831994,4.255715111601235,22.0,7.0,4.041451884327381,0.009059023923444985,0.001423983616980867,0.0008221373245855206,-0.00722013997754431,0.0004149437826957554,0.00023956790463795598,-0.0023500126984126912,0.0007765513814956444,0.0004483421491460861,0.01915154033478726,0.0036416058161745377,0.0021024820982508763
RCZDT-Curve2D,GPR-KG-oracleV,oracle,combined,low_t1,3,0.010679999999999997,0.0007398817473083027,0.0004271709259769392,396.6666666666667,21.501937897160182,12.414149633024048,46.0,7.810249675906654,4.509249752822894,53.333333333333336,7.571877794400365,4.371625682868,22.0,4.58257569495584,2.6457513110645907,24.0,8.54400374531753,4.932882862316247,31.333333333333332,3.2145502536643185,1.8559214542766742,319.3333333333333,11.590225767142472,6.691619966628243,0.48683624801271863,0.11677290067842047,0.0674188656407395,0.41016129032258064,0.03141933827912394,0.01813996341321212,0.44284594715629194,0.06859820247088674,0.039605190662490915,0.06930391668788673,0.022135811077740857,0.012780116484464385,0.5898387096774194,0.03141933827912392,0.018139963413212112,0.0371478721086579,0.0010054891541880257,0.0005805194338377058,0.03937199789132678,0.006041808819644339,0.003488239948413914,0.0008908517039871297,0.005090713284453578,0.0029391246851464773,0.012124889922271322,0.0023482368447469855,0.0013557551744356696,0.01605900571660589,0.0028903366143327464,0.0016687366223336428,0.4736015493490389,0.24075377281797322,0.13899925554487486,0.605851404859369,0.3350361696894614,0.1934332227584717,0.47701692679666546,0.2403215804449306,0.138749729161957,0.6120547069379237,0.33384688683876823,0.19274658998448138,0.012124889922271322,0.0023482368447469855,0.0013557551744356696,0.01605900571660589,0.0028903366143327464,0.0016687366223336428,0.00024954158278274317,1.3615621884339258e-05,7.86098296010743e-06,0.00024954158278274317,1.3615621884339258e-05,7.86098296010743e-06,0.0,0.0,0.0,1.0,0.0,0.0,1.0,0.0,0.0,0.0,0.0,0.0,24.0,8.54400374531753,4.932882862316247,31.333333333333332,3.2145502536643185,1.8559214542766742,0.008046929347826083,0.0026770432106956563,0.0015455916183273973,-0.007191023465754211,0.0015045841561682853,0.0008686720675822055,-0.0024197709359605924,0.00019339508751272985,0.00011165670583542582,0.02236794306097262,0.0032197677572457085,0.0018589337813738876
RCZDT-Curve2D,GPR-KG-oracleV,oracle,combined,mid_t1,3,0.010679999999999997,0.0007398817473083027,0.0004271709259769392,392.6666666666667,5.8594652770823155,3.38296385503074,214.33333333333334,22.233608194203057,12.836579675979806,392.6666666666667,5.8594652770823155,3.38296385503074,214.33333333333334,22.233608194203057,12.836579675979806,0.0,0.0,0.0,178.33333333333334,20.81665999466133,12.018504251546632,0.0,0.0,0.0,1.0,0.0,0.0,0.5457121487388994,0.05392186244423165,0.03113180179738312,0.7050670336652413,0.044332302439801956,0.025595266747415565,0.0,0.0,0.0,0.45428785126110066,0.05392186244423166,0.031131801797383122,0.013818024442104393,0.0003086855364543549,0.00017821967756686584,0.03601048693667671,0.004430251156286605,0.0025578066976597222,0.02954867175411526,0.0021531794927891652,0.0012431387597754064,0.03728897424181322,0.00416736709629585,0.002406030514858398,0.05603769025412237,0.0045296127728420635,0.0026151731537251326,0.2997653197842223,0.09955200396036244,0.05747637628488195,0.39756322031719726,0.16315600657312823,0.09419816431489994,0.3036831550252893,0.09734213986073104,0.05620051065208727,0.4036572784249656,0.16589292053147153,0.0957783223254983,0.03728897424181322,0.00416736709629585,0.002406030514858398,0.05603769025412237,0.0045296127728420635,0.0026151731537251326,0.0023723496394090706,0.00020780602889893185,0.00011997686672402547,0.0023723496394090706,0.00020780602889893185,0.00011997686672402547,0.0,0.0,0.0,1.0,0.0,0.0,1.0,0.0,0.0,0.0,0.0,0.0,0.0,0.0,0.0,178.33333333333334,20.81665999466133,12.018504251546632,0.0,0.0,0.0,0.0,0.0,0.0,-0.013649038428006167,8.738373098810783e-05,5.04510206087779e-05,0.057458044503216316,0.009040012343220771,0.005219253559836053
RCZDT-Curve2D,GPR-KG-oracleV,oracle,combined,near_true_boundary,3,0.010679999999999997,0.0007398817473083027,0.0004271709259769392,297.6666666666667,0.5773502691896258,0.33333333333333337,127.33333333333333,5.507570547286102,3.1797973380564857,191.0,6.0,3.464101615137755,94.66666666666667,5.033222956847166,2.9059326290271157,32.666666666666664,6.027713773341708,3.4801021696368504,96.33333333333333,9.865765724632496,5.696002496878355,74.0,12.529964086141668,7.234178138070235,0.7439578033763898,0.04067936736572449,0.023486243699064716,0.4963006964761025,0.038428282763152,0.022186579397800867,0.5952674943090278,0.03971901185900324,0.02293178218874146,0.3093344912193643,0.07605273374211394,0.04390906629861642,0.5036993035238976,0.03842828276315195,0.022186579397800835,0.0054743063182157116,0.00044654653180350865,0.0002578137603424495,0.01742496357657912,0.0016436878203132945,0.0009489836055215898,0.008586795596414726,0.0007050472857256069,0.00040705924020509413,0.017235062689973844,0.002052980592019744,0.0011852888974436765,0.024751268075783903,0.0016179919700247073,0.0009341480994404177,0.3027176684708084,0.04483741003224424,0.02588689075188184,0.4239396292088593,0.10919774053429339,0.0630453448923732,0.3035086112383518,0.04840652084170682,0.027947517838492662,0.42567204624571336,0.11568961271761691,0.06679342904495968,0.017235062689973844,0.002052980592019744,0.0011852888974436765,0.024751268075783903,0.0016179919700247073,0.0009341480994404177,0.000767452820718048,6.538394407731958e-05,3.77494377137199e-05,0.000767452820718048,6.538394407731958e-05,3.77494377137199e-05,0.0,0.0,0.0,1.0,0.0,0.0,1.0,0.0,0.0,0.0,0.0,0.0,32.666666666666664,6.027713773341708,3.4801021696368504,96.33333333333333,9.865765724632496,5.696002496878355,0.0050169524572649575,0.0010431300256299192,0.0006022514010972151,-0.00846779681794689,0.0005634367664628742,0.00032530036878867277,-0.004956547053734495,0.000972211707962487,0.0005613066913014477,0.027383545121889258,0.0028722348497426057,0.0016582855636747178
RCZDT-Curve2D,GPR-KG-oracleV,oracle,combined,tn,3,0.010679999999999997,0.0007398817473083027,0.0004271709259769392,635.0,11.269427669584644,6.506407098647712,0.0,0.0,0.0,0.0,0.0,0.0,0.0,0.0,0.0,0.0,0.0,0.0,0.0,0.0,0.0,635.0,11.269427669584644,6.506407098647712,0.0,0.0,0.0,0.0,0.0,0.0,0.0,0.0,0.0,0.0,0.0,0.0,0.0,0.0,0.0,0.045836026535855834,0.001560528704132529,0.0009009716674090536,0.04583215774864154,0.006568638336609081,0.0037924051118505488,-3.868787214276158e-06,0.005688795178689834,0.003284427427781221,0.010687533606282773,0.002912335414490894,0.001681437635526798,0.013632325216611743,0.004343088024363356,0.002507483039980424,0.43222594915004847,0.003106813978030183,0.0017937198865378182,0.6144561715328072,0.0765150117555908,0.044175962634137735,0.4325996672037061,0.0077240223851688435,0.004459466403303927,0.614765509712881,0.07013850834673106,0.04049448667454399,0.010687533606282773,0.002912335414490894,0.001681437635526798,0.013632325216611743,0.004343088024363356,0.002507483039980424,0.00016470538372022846,5.640089743535547e-06,3.2563073316838958e-06,0.00016470538372022846,5.640089743535547e-06,3.2563073316838958e-06,0.0,0.0,0.0,1.0,0.0,0.0,1.0,0.0,0.0,0.0,0.0,0.0,0.0,0.0,0.0,0.0,0.0,0.0,0.0,0.0,0.0,0.0,0.0,0.0,0.0,0.0,0.0,0.0,0.0,0.0
RCZDT-Curve2D,GPR-KG-oracleV,oracle,combined,tp,3,0.010679999999999997,0.0007398817473083027,0.0004271709259769392,263.0,20.8806130178211,12.055427546683418,263.0,20.8806130178211,12.055427546683418,263.0,20.8806130178211,12.055427546683418,263.0,20.8806130178211,12.055427546683418,0.0,0.0,0.0,0.0,0.0,0.0,0.0,0.0,0.0,1.0,0.0,0.0,1.0,0.0,0.0,1.0,0.0,0.0,0.0,0.0,0.0,0.0,0.0,0.0,0.01189573989834923,0.00042748306177222914,0.0002468074607882019,0.01725269214000144,0.002188646826040423,0.0012636158341754584,-0.005356952241652213,0.0025682424108462915,0.00148277544724632,0.009515827576339323,0.002146444510360471,0.0012392503158572125,0.011709479860038716,0.0021590202437268727,0.0012465109189015613,0.30994020469745615,0.1343264978772541,0.07755343970873235,0.42287629755699996,0.22056270594873606,0.12734193765269505,0.3145089094562797,0.13245337296988227,0.07647199053923544,0.43027883873850764,0.22450571112214118,0.1296184327509766,0.009515827576339323,0.002146444510360471,0.0012392503158572125,0.011709479860038716,0.0021590202437268727,0.0012465109189015613,0.00025088780986614874,6.944975273539946e-05,4.009683343693583e-05,0.00025088780986614874,6.944975273539946e-05,4.009683343693583e-05,0.0,0.0,0.0,1.0,0.0,0.0,1.0,0.0,0.0,0.0,0.0,0.0,0.0,0.0,0.0,0.0,0.0,0.0,0.0,0.0,0.0,0.0,0.0,0.0,0.0,0.0,0.0,0.0,0.0,0.0
RCZDT-Curve2D,GPR-KG-oracleV,oracle,random,all,3,0.01068,0.0007398817473083065,0.00042717092597694144,1000.0,0.0,0.0,270.6666666666667,5.131601439446884,2.96273147243853,423.6666666666667,5.507570547286102,3.1797973380564857,221.66666666666666,8.962886439832502,5.174724898753342,49.0,14.0,8.082903768654761,202.0,3.4641016151377544,2.0,527.3333333333334,8.504900548115383,4.910306620885413,0.8195734537382706,0.04880088681185713,0.028175205137518176,0.5230866759784619,0.014256241384067161,0.008230844800723459,0.6384904197853838,0.0253403329180221,0.014630248031574795,0.08487007973151865,0.02360263550504527,0.013626987962422506,0.47691332402153813,0.014256241384067128,0.00823084480072344,0.029345324999999995,0.0006210735646644431,0.0003585769897455767,0.037816470149588416,0.002357491497098941,0.0013610983504623276,0.009342040867120009,0.002009262102702658,0.001160048015867893,0.020994773545900815,0.0009701867116902335,0.0005601375591585541,0.03629915495804242,0.0019816021158306847,0.0011440785150015778,0.3782254965435357,0.07789667628073073,0.04497366701965703,0.5207365419087374,0.15464442386684096,0.08928399974819522,0.38185590259458974,0.07781410347110206,0.044925993585790164,0.5259765012130845,0.15322636051364322,0.08846528048949856,0.020994773545900815,0.0009701867116902335,0.0005601375591585541,0.03629915495804242,0.0019816021158306847,0.0011440785150015778,0.001047419826752853,5.9677499375183117e-05,3.44548203288257e-05,0.001047419826752853,5.9677499375183117e-05,3.44548203288257e-05,0.0,0.0,0.0,1.0,0.0,0.0,1.0,0.0,0.0,0.0,0.0,0.0,49.0,14.0,8.082903768654761,202.0,3.4641016151377544,2.0,0.008390140215716489,0.0024712446226023955,0.0014267737480929083,-0.007276161697249668,0.000636179107006598,0.0003672981786830751,-0.011429632352941173,0.0005264141390621055,0.0003039253448927317,0.05247668475837299,0.00633759295815962,0.0036590110004077335
RCZDT-Curve2D,GPR-KG-oracleV,oracle,random,far_true_boundary,3,0.01068,0.0007398817473083065,0.00042717092597694144,746.0,5.196152422706632,3.0000000000000004,152.66666666666666,9.291573243177568,5.3644923131436935,258.0,15.394804318340652,8.888194417315589,135.0,15.0,8.660254037844387,17.666666666666668,9.291573243177568,5.3644923131436935,123.0,3.4641016151377544,2.0,470.3333333333333,7.023769168568493,4.0551750201988135,0.8831803463492166,0.06258793278486928,0.03613515984136648,0.5222326739437297,0.028437280927155733,0.016418271798314375,0.6562988664986457,0.0393480653878053,0.02271761614374039,0.036004613995172796,0.018679876381541387,0.010784831657311852,0.47776732605627026,0.0284372809271557,0.016418271798314357,0.037437197885468905,0.0008600021892397584,0.000496522495461242,0.04456061790236051,0.003023286274742907,0.0017454951445601183,0.00976617938157224,0.0028166505358694868,0.001626193945097352,0.022070684118176132,0.0008025850059741976,0.00046337266924676037,0.03930743919737626,0.002093419248129202,0.001208636166434139,0.4010969886412424,0.07961184198472057,0.045963918400560376,0.5513813570362724,0.1567668957233497,0.09050940944589794,0.4046170266332117,0.07826269151038961,0.045184986011028085,0.5563264035316783,0.15315821877323638,0.08842593883733162,0.022070684118176132,0.0008025850059741976,0.00046337266924676037,0.03930743919737626,0.002093419248129202,0.001208636166434139,0.0011191420905428552,6.478574489397644e-05,3.740406725418772e-05,0.0011191420905428552,6.478574489397644e-05,3.740406725418772e-05,0.0,0.0,0.0,1.0,0.0,0.0,1.0,0.0,0.0,0.0,0.0,0.0,17.666666666666668,9.291573243177568,5.3644923131436935,123.0,3.4641016151377544,2.0,0.014770584415584423,0.0017338614294236199,0.0010010453630152362,-0.004391209541569211,0.0020014565453891405,0.0011555414752517587,-0.015485182208628876,0.0002288001655254093,0.00013209783715672601,0.06705266728345093,0.009065773454650459,0.005234126744454606
RCZDT-Curve2D,GPR-KG-oracleV,oracle,random,fn,3,0.01068,0.0007398817473083065,0.00042717092597694144,202.0,3.4641016151377544,2.0,0.0,0.0,0.0,202.0,3.4641016151377544,2.0,0.0,0.0,0.0,0.0,0.0,0.0,202.0,3.4641016151377544,2.0,0.0,0.0,0.0,0.0,0.0,0.0,0.0,0.0,0.0,0.0,0.0,0.0,0.0,0.0,0.0,1.0,0.0,0.0,0.011429632352941173,0.0005264141390621055,0.0003039253448927317,0.05247668475837299,0.00633759295815962,0.0036590110004077335,0.06390631711131416,0.006024605688798321,0.0034783077161890615,0.06390631711131416,0.006024605688798321,0.0034783077161890615,0.07660308232904035,0.006149153292977646,0.0035502153089889176,0.26856967286275546,0.04323606835843902,0.02496235570544583,0.32702984865927065,0.06499524346076631,0.037525021308118696,0.27293705176983313,0.044004960337627935,0.025406275696608294,0.33316801423907366,0.06920382929389883,0.0399548494717854,0.06390631711131416,0.006024605688798321,0.0034783077161890615,0.07660308232904035,0.006149153292977646,0.0035502153089889176,0.0044161833015042345,0.0002687464148344651,0.00015516081494842528,0.0044161833015042345,0.0002687464148344651,0.00015516081494842528,0.0,0.0,0.0,1.0,0.0,0.0,1.0,0.0,0.0,0.0,0.0,0.0,0.0,0.0,0.0,202.0,3.4641016151377544,2.0,0.0,0.0,0.0,0.0,0.0,0.0,-0.011429632352941173,0.0005264141390621055,0.0003039253448927317,0.05247668475837299,0.00633759295815962,0.0036590110004077335
RCZDT-Curve2D,GPR-KG-oracleV,oracle,random,fp,3,0.01068,0.0007398817473083065,0.00042717092597694144,49.0,14.0,8.082903768654761,49.0,14.0,8.082903768654761,0.0,0.0,0.0,0.0,0.0,0.0,49.0,14.0,8.082903768654761,0.0,0.0,0.0,0.0,0.0,0.0,0.0,0.0,0.0,0.0,0.0,0.0,0.0,0.0,0.0,1.0,0.0,0.0,0.0,0.0,0.0,0.008390140215716489,0.0024712446226023955,0.0014267737480929083,0.007276161697249668,0.000636179107006598,0.0003672981786830751,-0.015666301912966158,0.0027507301047732737,0.001588134766458857,0.015666301912966158,0.0027507301047732737,0.001588134766458857,0.016733822718090065,0.0031510060068419997,0.0018192341662683564,0.43664759343400306,0.24018953287618536,0.13867349146259608,0.5587810218995412,0.3402797650694731,0.19646061396264292,0.4458214109529079,0.2424892144040713,0.14000121321177145,0.57303090382296,0.34819432560078245,0.20103008761591196,0.015666301912966158,0.0027507301047732737,0.001588134766458857,0.016733822718090065,0.0031510060068419997,0.0018192341662683564,0.000165235650643748,4.972908979600798e-05,2.8711103380280282e-05,0.000165235650643748,4.972908979600798e-05,2.8711103380280282e-05,0.0,0.0,0.0,1.0,0.0,0.0,1.0,0.0,0.0,0.0,0.0,0.0,49.0,14.0,8.082903768654761,0.0,0.0,0.0,0.008390140215716489,0.0024712446226023955,0.0014267737480929083,-0.007276161697249668,0.000636179107006598,0.0003672981786830751,0.0,0.0,0.0,0.0,0.0,0.0
RCZDT-Curve2D,GPR-KG-oracleV,oracle,random,high_t1,3,0.01068,0.0007398817473083065,0.00042717092597694144,327.0,10.44030650891055,6.027713773341709,50.0,10.583005244258363,6.110100926607787,41.333333333333336,8.326663997864532,4.807401700618653,24.0,4.358898943540674,2.5166114784235836,26.0,7.937253933193772,4.582575694955841,17.333333333333332,6.6583281184793925,3.844187531556932,259.6666666666667,11.71893055416463,6.765927710061479,0.4866796621182587,0.07352270772237532,0.04244835509506357,0.5896464646464646,0.10586313687784518,0.06112011057368212,0.5236642800829062,0.02035836271135091,0.011753906191658487,0.0912691902195023,0.028800732989447887,0.016628110944316273,0.4103535353535353,0.10586313687784518,0.06112011057368212,0.037548253331546884,0.0009057498761309507,0.0005229349348026747,0.036698539814462534,0.0031563432354534977,0.0018223156166439314,-0.0032080978429352577,0.002502669793126695,0.0014449170787544424,0.010993756655575506,0.0013305739774162604,0.0007682072440379891,0.014135235882518115,0.0015789052257840098,0.000911581357131305,0.32957868389221073,0.15273738662512995,0.08818297128333873,0.4228607402631542,0.19751111404808175,0.11403309486360289,0.33014451690298047,0.15156634526096432,0.08750687023650552,0.42346284420469843,0.19733952759198775,0.11393402937698771,0.010993756655575506,0.0013305739774162613,0.0007682072440379895,0.014135235882518115,0.0015789052257840098,0.000911581357131305,0.00023522491435232085,2.4652825831109142e-05,1.4233315629875823e-05,0.00023522491435232085,2.4652825831109142e-05,1.4233315629875823e-05,0.0,0.0,0.0,1.0,0.0,0.0,1.0,0.0,0.0,0.0,0.0,0.0,26.0,7.937253933193772,4.582575694955841,17.333333333333332,6.6583281184793925,3.844187531556932,0.008772140910243415,0.002320672533631158,0.0013398409119929201,-0.007437497087467475,0.0001228599052071351,7.093319934395135e-05,-0.0024491670480549124,0.0008521309734091948,0.0004919780468826165,0.021555778191127486,0.005994447185830002,0.0034608956963819468
RCZDT-Curve2D,GPR-KG-oracleV,oracle,random,low_t1,3,0.01068,0.0007398817473083065,0.00042717092597694144,335.3333333333333,12.503332889007368,7.218802609235905,41.666666666666664,7.505553499465135,4.333333333333334,44.666666666666664,6.658328118479393,3.8441875315569325,18.666666666666668,3.7859388972001824,2.185812841434,23.0,7.0,4.041451884327381,26.0,3.0,1.7320508075688774,267.6666666666667,4.725815626252609,2.728450923957484,0.4543258673693456,0.09254212297019898,0.05342921960822383,0.41597097992446824,0.023995327626565414,0.013853708864490806,0.4310755881299888,0.048554014026850285,0.02803267306863888,0.07873230373230374,0.022122224091526903,0.012772272034316282,0.5840290200755317,0.023995327626565394,0.013853708864490794,0.036962040456413346,0.0008977765306461612,0.0005183315216406895,0.03755525601153526,0.004818447910164905,0.002781932198009898,-0.0009286998463059292,0.004487732744870617,0.002590993708302149,0.011418978614356324,0.0018203082734721506,0.001050955471697249,0.01502404174742357,0.0024387174420210014,0.0014079941716282607,0.5030198072991853,0.2589780985697365,0.14952107492345482,0.6326186051859612,0.357846590490427,0.20660282534823782,0.5060647830096344,0.25998913024326015,0.15010479433232293,0.6377682965411364,0.35742025601135713,0.206356681021982,0.01141897861435632,0.0018203082734721515,0.0010509554716972495,0.01502404174742357,0.0024387174420210014,0.0014079941716282607,0.0002638706242834634,1.538749926559516e-05,8.883976843146536e-06,0.0002638706242834634,1.538749926559516e-05,8.883976843146536e-06,0.0,0.0,0.0,1.0,0.0,0.0,1.0,0.0,0.0,0.0,0.0,0.0,23.0,7.0,4.041451884327381,26.0,3.0,1.7320508075688774,0.007981929347826083,0.002631194894863888,0.001519121080840035,-0.0071997783382922315,0.0014936071126490618,0.0008623344685514756,-0.002488182735555301,0.0002672780814888525,0.00015431307229607573,0.0231318384576734,0.00301598762672196,0.0017412812681605041
RCZDT-Curve2D,GPR-KG-oracleV,oracle,random,mid_t1,3,0.01068,0.0007398817473083065,0.00042717092597694144,337.6666666666667,5.033222956847167,2.905932629027116,179.0,13.0,7.505553499465135,337.6666666666667,5.033222956847167,2.905932629027116,179.0,13.0,7.505553499465135,0.0,0.0,0.0,158.66666666666666,8.504900548115382,4.910306620885412,0.0,0.0,0.0,1.0,0.0,0.0,0.5298323126095185,0.031013161415256316,0.017905457091519552,0.6923129958520855,0.026206676314229942,0.015130431624586048,0.0,0.0,0.0,0.4701676873904816,0.0310131614152563,0.01790545709151954,0.013854383949746389,0.0004095878566343917,0.00023647565928466792,0.039127653691470636,0.00488985884104102,0.002823161318174305,0.031647927816946295,0.0018202675432626427,0.0010509319560998256,0.040215851784049746,0.0043175623967346,0.002492745811997727,0.058940356834680414,0.004590306846017462,0.002650214893211164,0.3092324269794629,0.12954755592254705,0.07479431628474063,0.39598637734980197,0.19742148377179913,0.11398134679946358,0.3165403165382114,0.1268148982430885,0.07321661563790215,0.4063782709949091,0.1986680632959833,0.11470105982331757,0.040215851784049746,0.0043175623967346,0.002492745811997727,0.058940356834680414,0.004590306846017462,0.002650214893211164,0.0026139919858612277,0.00022357046618015446,0.00012907846883196232,0.0026139919858612277,0.00022357046618015446,0.00012907846883196232,0.0,0.0,0.0,1.0,0.0,0.0,1.0,0.0,0.0,0.0,0.0,0.0,0.0,0.0,0.0,158.66666666666666,8.504900548115382,4.910306620885412,0.0,0.0,0.0,0.0,0.0,0.0,-0.013898171242627613,0.00015635816658445532,9.027342956753163e-05,0.060679481202360386,0.0077495364315783135,0.004474196944866551
RCZDT-Curve2D,GPR-KG-oracleV,oracle,random,near_true_boundary,3,0.01068,0.0007398817473083065,0.00042717092597694144,254.0,5.196152422706632,3.0000000000000004,118.0,13.228756555322953,7.637626158259733,165.66666666666666,11.547005383792515,6.666666666666667,86.66666666666667,8.082903768654761,4.666666666666667,31.333333333333332,5.507570547286102,3.1797973380564857,79.0,3.4641016151377544,2.0,57.0,11.532562594670797,6.658328118479393,0.7355758291172046,0.02060101973962428,0.011894004292252873,0.5225864633475048,0.011887398817508893,0.0068631929072531985,0.6108526671976771,0.006875738057641383,0.003969709218456607,0.35878511361603144,0.08911878598539094,0.05145275507851811,0.4774135366524952,0.011887398817508893,0.0068631929072531985,0.005587712611094082,0.0005901739651035159,0.00034073709762122374,0.018003024709683534,0.0018959754763092057,0.0010946419516240488,0.008095405610146577,0.0004768774945010023,0.00027532534982062796,0.01781472984529081,0.0019749258620229177,0.0011402239780684852,0.02548248119192387,0.0019592715911221524,0.0011311859805499612,0.3110245416084478,0.0722679510013782,0.04172392096442839,0.41707307898949336,0.1499957553992607,0.08660008975706443,0.3149581648476067,0.07621032047442841,0.04400004904093889,0.42306918377605296,0.15761671367712152,0.09100005207027029,0.01781472984529081,0.0019749258620229177,0.0011402239780684852,0.02548248119192387,0.0019592715911221524,0.0011311859805499612,0.000837158989146222,6.169748330042656e-05,3.562105859182372e-05,0.000837158989146222,6.169748330042656e-05,3.562105859182372e-05,0.0,0.0,0.0,1.0,0.0,0.0,1.0,0.0,0.0,0.0,0.0,0.0,31.333333333333332,5.507570547286102,3.1797973380564857,79.0,3.4641016151377544,2.0,0.00502883324391389,0.0012628857258318179,0.000729127413764736,-0.008586862993560972,0.0004583332110781885,0.0002646188027945377,-0.005117401032702233,0.0009473634062677089,0.0005469605176290625,0.029918473522073236,0.0033821703729423193,0.0019526969752634252
RCZDT-Curve2D,GPR-KG-oracleV,oracle,random,tn,3,0.01068,0.0007398817473083065,0.00042717092597694144,527.3333333333334,8.504900548115383,4.910306620885413,0.0,0.0,0.0,0.0,0.0,0.0,0.0,0.0,0.0,0.0,0.0,0.0,0.0,0.0,0.0,527.3333333333334,8.504900548115383,4.910306620885413,0.0,0.0,0.0,0.0,0.0,0.0,0.0,0.0,0.0,0.0,0.0,0.0,0.0,0.0,0.0,0.045555091073010236,0.0015566692387886784,0.0008987434040538533,0.04320539068368658,0.005776297896368489,0.0033349471453878164,-0.0023497003893236616,0.005107324281053249,0.0029487150485048054,0.00975571197752696,0.001948176146553418,0.0011247800226414238,0.012311559300434519,0.0032499756248539208,0.0018763743018691335,0.4336168768576347,0.03685654817670808,0.021279138011222824,0.5971937225146862,0.130490067168904,0.07533847540653907,0.4346421833968277,0.03809319095664617,0.021993114053111485,0.5995592579092799,0.12568403121920516,0.07256370925724542,0.00975571197752696,0.001948176146553418,0.0011247800226414238,0.012311559300434519,0.003249975624853921,0.0018763743018691337,0.000173013435579031,4.886330368810028e-06,2.8211241537819133e-06,0.000173013435579031,4.886330368810028e-06,2.8211241537819133e-06,0.0,0.0,0.0,1.0,0.0,0.0,1.0,0.0,0.0,0.0,0.0,0.0,0.0,0.0,0.0,0.0,0.0,0.0,0.0,0.0,0.0,0.0,0.0,0.0,0.0,0.0,0.0,0.0,0.0,0.0
RCZDT-Curve2D,GPR-KG-oracleV,oracle,random,tp,3,0.01068,0.0007398817473083065,0.00042717092597694144,221.66666666666666,8.962886439832502,5.174724898753342,221.66666666666666,8.962886439832502,5.174724898753342,221.66666666666666,8.962886439832502,5.174724898753342,221.66666666666666,8.962886439832502,5.174724898753342,0.0,0.0,0.0,0.0,0.0,0.0,0.0,0.0,0.0,1.0,0.0,0.0,1.0,0.0,0.0,1.0,0.0,0.0,0.0,0.0,0.0,0.0,0.0,0.0,0.011673028464166528,0.0005327631328358515,0.00030759093815708723,0.01854216875777424,0.002539016286378932,0.0014659017364177206,-0.006869140293607711,0.0030394924943047213,0.001754851809786678,0.00975811981747257,0.001852674113988635,0.00106964189843199,0.011978517244857476,0.002027292145481288,0.0011704576659196356,0.33734083003464027,0.17798581157107182,0.10276015622249234,0.4401932374921452,0.2629398501776862,0.15180839328076698,0.3454526959492206,0.1759138899129495,0.1015639316954356,0.451530981115898,0.2654312782532812,0.15324681995087838,0.00975811981747257,0.001852674113988635,0.00106964189843199,0.011978517244857476,0.002027292145481288,0.0011704576659196356,0.00025131820602824925,6.542407646870473e-05,3.777260816068934e-05,0.00025131820602824925,6.542407646870473e-05,3.777260816068934e-05,0.0,0.0,0.0,1.0,0.0,0.0,1.0,0.0,0.0,0.0,0.0,0.0,0.0,0.0,0.0,0.0,0.0,0.0,0.0,0.0,0.0,0.0,0.0,0.0,0.0,0.0,0.0,0.0,0.0,0.0
RCZDT-Curve2D,GPR-KG-pooled-pre,pooled_pre,axis,all,3,0.010394999999999998,0.0,0.0,101.0,0.0,0.0,15.0,25.98076211353316,15.000000000000002,41.0,0.0,0.0,13.666666666666666,23.671361036774655,13.666666666666666,1.3333333333333333,2.3094010767585034,1.3333333333333335,27.333333333333332,23.671361036774655,13.666666666666666,58.666666666666664,2.309401076758503,1.3333333333333333,0.3037037037037037,0.526030245261659,0.3037037037037037,0.3333333333333333,0.5773502691896258,0.33333333333333337,0.3178294573643411,0.550496768297085,0.3178294573643411,0.022222222222222223,0.03849001794597505,0.022222222222222223,0.6666666666666666,0.5773502691896258,0.33333333333333337,0.0297490099009901,4.2491873609703695e-18,2.4532694666933983e-18,0.0830290247872452,0.031642423963445354,0.01826876199310744,0.05527252531001764,0.04400877907039098,0.025408480442997004,0.059778832181944186,0.036532115723031285,0.021091826846758675,0.06210177212325587,0.034695128899089656,0.02003124200945818,0.5123529924734421,0.09570534141961683,0.05525550463150082,0.6010146979822594,0.1272118348739457,0.07344578710857877,0.5024267851415473,0.08842657995716442,0.051053109741786847,0.5969974949837713,0.12300271376481074,0.07101564990316797,0.029151128448106394,0.015512211787585089,0.008955979651288738,0.032987569116468905,0.016186565561323363,0.00934531798408557,0.002160168283266918,0.0014506450753619417,0.000837530324758822,0.00010057264008990641,0.0,0.0,0.002059595767391011,0.0014506450068764699,0.0008375302852187164,21.47948896519699,14.42439236332591,8.327926813862998,21.538828972431556,14.46424170744117,8.350933843414973,2.922669083185264,0.6476689613064042,0.3739318491560178,1.3333333333333333,2.3094010767585034,1.3333333333333335,27.333333333333332,23.671361036774655,13.666666666666666,0.0009374999999999996,0.001623797632095822,0.0009374999999999999,-0.0009854326402249554,0.001706819400306365,0.0009854326402249554,-0.007799999999999998,0.006754998149518619,0.0038999999999999985,0.037134034309114876,0.03366203316298793,0.019434783908121193
RCZDT-Curve2D,GPR-KG-pooled-pre,pooled_pre,axis,far_true_boundary,3,0.010394999999999998,0.0,0.0,75.0,0.0,0.0,8.333333333333334,14.433756729740644,8.333333333333334,25.0,0.0,0.0,8.333333333333334,14.433756729740644,8.333333333333334,0.0,0.0,0.0,16.666666666666668,14.433756729740645,8.333333333333334,50.0,0.0,0.0,0.3333333333333333,0.5773502691896258,0.33333333333333337,0.3333333333333333,0.5773502691896258,0.33333333333333337,0.3333333333333333,0.5773502691896258,0.33333333333333337,0.0,0.0,0.0,0.6666666666666666,0.5773502691896258,0.33333333333333337,0.0381,0.0,0.0,0.09413276225570183,0.03046480928038911,0.017588865838843264,0.058887807850880984,0.04287116634477868,0.024751679429631197,0.06299475754529513,0.036089431998557076,0.020836243279267624,0.06522092984406679,0.034644982204973855,0.02000228980211145,0.5594358142352576,0.10735237538057556,0.061979922824121056,0.6489214946952632,0.12759892068315573,0.07366927120472568,0.553502613896426,0.09889813593114001,0.057098865402195886,0.6481548008556878,0.1250212890245616,0.07218107487276465,0.02933948545254907,0.012056949019634786,0.006961082762091738,0.03353621594323064,0.013362679724009162,0.0077149467357514444,0.002160168283266918,0.0014506450753619415,0.0008375303247588219,0.00010054719053265836,1.6598388128790506e-20,9.583083854271087e-21,0.0020596212521997734,0.0014506449874414663,0.0008375302739979119,21.48515289642003,14.4281959345567,8.330122806736975,21.581551080855167,14.492931424197895,8.367497859107441,2.9229293310323103,0.6476685725583476,0.3739316247122227,0.0,0.0,0.0,16.666666666666668,14.433756729740645,8.333333333333334,0.0,0.0,0.0,0.0,0.0,0.0,-0.010439999999999996,0.009041305215509537,0.005219999999999999,0.03346974152691116,0.030582528584879205,0.017656831110979435
RCZDT-Curve2D,GPR-KG-pooled-pre,pooled_pre,axis,fn,3,0.010394999999999998,0.0,0.0,27.333333333333332,23.671361036774655,13.666666666666666,0.0,0.0,0.0,27.333333333333332,23.671361036774655,13.666666666666666,0.0,0.0,0.0,0.0,0.0,0.0,27.333333333333332,23.671361036774655,13.666666666666666,0.0,0.0,0.0,0.0,0.0,0.0,0.0,0.0,0.0,0.0,0.0,0.0,0.0,0.0,0.0,0.6666666666666666,0.5773502691896258,0.33333333333333337,0.007799999999999998,0.006754998149518619,0.0038999999999999985,0.037134034309114876,0.03366203316298793,0.019434783908121193,0.044934034309114856,0.04016504298619314,0.0231892983800915,0.044934034309114856,0.04016504298619314,0.0231892983800915,0.0449678655098365,0.04019526720383534,0.02320674834028327,0.21261053049592737,0.20850341944439046,0.12037950534317629,0.24896890905794336,0.24312504291777354,0.14036830897531588,0.20337625700191164,0.19121811941745787,0.11039983271960331,0.24044303146717239,0.22525413791571416,0.13005053716171466,0.009252451350947342,0.010172906981316452,0.005873330584104077,0.00947382407236784,0.01019740379959841,0.005887473828733455,0.0016264321764487804,0.001963162034344662,0.0011334321289917441,6.749355798348434e-05,5.845113580549545e-05,3.374677899174217e-05,0.0015589386519085778,0.0019216558393030843,0.001109468516111452,16.065303106554527,19.39139767751664,11.195628669077317,16.05383226567351,19.377551960710427,11.187634840752127,1.9956947230859614,1.8408022967821143,1.062787701572035,0.0,0.0,0.0,27.333333333333332,23.671361036774655,13.666666666666666,0.0,0.0,0.0,0.0,0.0,0.0,-0.007799999999999998,0.006754998149518619,0.0038999999999999985,0.037134034309114876,0.03366203316298793,0.019434783908121193
RCZDT-Curve2D,GPR-KG-pooled-pre,pooled_pre,axis,fp,3,0.010394999999999998,0.0,0.0,1.3333333333333333,2.3094010767585034,1.3333333333333335,1.3333333333333333,2.3094010767585034,1.3333333333333335,0.0,0.0,0.0,0.0,0.0,0.0,1.3333333333333333,2.3094010767585034,1.3333333333333335,0.0,0.0,0.0,0.0,0.0,0.0,0.0,0.0,0.0,0.0,0.0,0.0,0.0,0.0,0.0,0.3333333333333333,0.5773502691896258,0.33333333333333337,0.0,0.0,0.0,0.0009374999999999996,0.001623797632095822,0.0009374999999999999,0.0009854326402249554,0.001706819400306365,0.0009854326402249554,-0.0019229326402249551,0.0033306170324021865,0.0019229326402249551,0.0019229326402249551,0.0033306170324021865,0.0019229326402249551,0.0019577315260569266,0.00339089047070995,0.0019577315260569266,0.1209544748444387,0.20949929583337948,0.12095447484443869,0.12100265481795253,0.20958274599541277,0.12100265481795253,0.11297960336292094,0.19568641324355865,0.11297960336292094,0.11336032114928683,0.19634583579288953,0.11336032114928683,0.018367007009594382,0.03181258932359118,0.018367007009594382,0.01837067345386249,0.031818939791346666,0.018370673453862493,0.0005337361068181379,0.0009244580548430242,0.0005337361068181378,3.3488441250243736e-05,5.800368171170756e-05,3.3488441250243736e-05,0.0005002476656586148,0.0008664543732884494,0.0005002476656586148,5.312640522015516,9.201763306480116,5.312640522015516,5.312640522015516,9.201763306480116,5.312640522015516,0.9229004159735382,1.5985104107926198,0.9229004159735383,1.3333333333333333,2.3094010767585034,1.3333333333333335,0.0,0.0,0.0,0.0009374999999999996,0.001623797632095822,0.0009374999999999999,-0.0009854326402249554,0.001706819400306365,0.0009854326402249554,0.0,0.0,0.0,0.0,0.0,0.0
RCZDT-Curve2D,GPR-KG-pooled-pre,pooled_pre,axis,high_t1,3,0.010394999999999998,0.0,0.0,34.0,0.0,0.0,2.0,3.4641016151377544,2.0,4.0,0.0,0.0,1.3333333333333333,2.3094010767585034,1.3333333333333335,0.6666666666666666,1.1547005383792517,0.6666666666666667,2.6666666666666665,2.3094010767585034,1.3333333333333335,29.333333333333332,1.1547005383792515,0.6666666666666666,0.2222222222222222,0.3849001794597505,0.22222222222222224,0.3333333333333333,0.5773502691896258,0.33333333333333337,0.26666666666666666,0.4618802153517007,0.2666666666666667,0.022222222222222223,0.03849001794597505,0.022222222222222223,0.6666666666666666,0.5773502691896258,0.33333333333333337,0.037430735294117654,0.0,0.0,0.10108237050787316,0.03760475406605002,0.021711114882843652,0.063287007845843,0.03923359262489472,0.022651525263259083,0.06424008929244275,0.03762128344818509,0.021720658126068874,0.06687482034930062,0.034441195684239104,0.019884633599508025,0.7733839512922055,0.29774012020131174,0.17190033854677889,0.8047694570509413,0.28661575927237565,0.16547768576989508,0.7444325033874097,0.314287753076486,0.18145411884171184,0.7828976447578403,0.3023833889132429,0.17458113098753208,0.02752811136885226,0.014742037314262072,0.008511319211792715,0.030875995922510655,0.014377398677217252,0.008300794996537951,0.0021601682832669182,0.0014506450753619415,0.0008375303247588219,0.00010018003094230808,0.0,0.0,0.0020599882682869213,0.0014506450665625623,0.0008375303196784979,21.56296745151361,14.480451725002458,8.360292701417551,21.586417146552844,14.496199194720866,8.369384507298529,2.926558459443537,0.6476701565714286,0.3739325392426014,0.6666666666666666,1.1547005383792517,0.6666666666666667,2.6666666666666665,2.3094010767585034,1.3333333333333335,0.0009375000000000005,0.0016237976320958233,0.0009375000000000005,-0.0006925010932242875,0.0011994470777614576,0.0006925010932242875,-0.0016949999999999951,0.0014679130594146192,0.0008474999999999976,0.0453136877802546,0.040079472428906034,0.023139894195807083
RCZDT-Curve2D,GPR-KG-pooled-pre,pooled_pre,axis,low_t1,3,0.010394999999999998,0.0,0.0,34.0,0.0,0.0,2.0,3.4641016151377544,2.0,4.0,0.0,0.0,1.3333333333333333,2.3094010767585034,1.3333333333333335,0.6666666666666666,1.1547005383792517,0.6666666666666667,2.6666666666666665,2.3094010767585034,1.3333333333333335,29.333333333333332,1.1547005383792515,0.6666666666666666,0.2222222222222222,0.3849001794597505,0.22222222222222224,0.3333333333333333,0.5773502691896258,0.33333333333333337,0.26666666666666666,0.4618802153517007,0.2666666666666667,0.022222222222222223,0.03849001794597505,0.022222222222222223,0.6666666666666666,0.5773502691896258,0.33333333333333337,0.03743073529411764,0.0,0.0,0.10142189654800897,0.042179562479829846,0.024352381752030403,0.06343899357955435,0.044022480192801604,0.025416390789708976,0.06469389973004523,0.042012827765871084,0.024256117420043057,0.06717378172465537,0.03943322396859267,0.02276678247328178,0.5077343007845301,0.1898903216843091,0.1096332283409405,0.5388797036864612,0.16486173895317466,0.0951829693636852,0.516435407734784,0.21776873677385492,0.1257288387974699,0.5522118440127453,0.1927917129166559,0.11130834734996034,0.02849790022037948,0.008546779278927745,0.0049344853173932494,0.03219498234028606,0.007929516985604589,0.004578108766182519,0.0021601682832669182,0.0014506450753619415,0.0008375303247588219,0.00010018003094230808,0.0,0.0,0.0020599882682869213,0.0014506450665625623,0.0008375303196784979,21.56296745151361,14.480451725002458,8.360292701417551,21.586417146552844,14.496199194720866,8.369384507298529,2.926558459443537,0.6476701565714288,0.3739325392426015,0.6666666666666666,1.1547005383792517,0.6666666666666667,2.6666666666666665,2.3094010767585034,1.3333333333333335,0.0009374999999999988,0.0016237976320958205,0.0009374999999999989,-0.0012783641872256234,0.0022141917228512722,0.0012783641872256234,-0.001695000000000001,0.0014679130594146242,0.0008475000000000005,0.045901734955667316,0.04171323681450299,0.02408314850362391
RCZDT-Curve2D,GPR-KG-pooled-pre,pooled_pre,axis,mid_t1,3,0.010394999999999998,0.0,0.0,33.0,0.0,0.0,11.0,19.05255888325765,11.0,33.0,0.0,0.0,11.0,19.05255888325765,11.0,0.0,0.0,0.0,22.0,19.05255888325765,11.0,0.0,0.0,0.0,0.3333333333333333,0.5773502691896258,0.33333333333333337,0.3333333333333333,0.5773502691896258,0.33333333333333337,0.3333333333333333,0.5773502691896258,0.33333333333333337,0.0,0.0,0.0,0.6666666666666666,0.5773502691896258,0.33333333333333337,0.013919999999999995,0.0,0.0,0.045478376473083997,0.015804522691480125,0.009124745430339599,0.03860124266206885,0.04938077984834745,0.028510006538237046,0.05011837647308399,0.030095976983114805,0.017375920412726113,0.05019683107494255,0.030009966945119503,0.01732626249413652,0.24817065664268625,0.14797774476016443,0.08543499077135466,0.2831176878455637,0.15896779952128218,0.09178010184609474,0.2386544339739908,0.1244403143080509,0.07184564896379483,0.27496572777109174,0.1345424709392752,0.07767813181422795,0.031496350885602,0.03082402319343891,0.017796258088239224,0.031616117464045,0.030745569145191578,0.01775096262236461,0.0021601682832669182,0.0014506450753619417,0.000837530324758822,0.00010138165287889692,0.0,0.0,0.0020587866592336143,0.0014506450594524937,0.000837530315573498,21.30747269036274,14.308876102901502,8.261233469811186,21.292158439638378,14.29859193079869,8.255295900279235,2.914637723456689,0.6476700172060583,0.37393245877996734,0.0,0.0,0.0,22.0,19.05255888325765,11.0,0.0,0.0,0.0,0.0,0.0,0.0,-0.009279999999999997,0.008036715747119588,0.004639999999999999,0.03507980956757643,0.03193323655540231,0.018436662721357522
RCZDT-Curve2D,GPR-KG-pooled-pre,pooled_pre,axis,near_true_boundary,3,0.010394999999999998,0.0,0.0,26.0,0.0,0.0,6.666666666666667,11.547005383792515,6.666666666666667,16.0,0.0,0.0,5.333333333333333,9.237604307034013,5.333333333333334,1.3333333333333333,2.3094010767585034,1.3333333333333335,10.666666666666666,9.237604307034013,5.333333333333334,8.666666666666666,2.3094010767585034,1.3333333333333335,0.26666666666666666,0.4618802153517007,0.2666666666666667,0.3333333333333333,0.5773502691896258,0.33333333333333337,0.29629629629629634,0.5132002392796674,0.29629629629629634,0.13333333333333333,0.23094010767585035,0.13333333333333336,0.6666666666666666,0.5773502691896258,0.33333333333333337,0.005659615384615382,0.0,0.0,0.050999012859004884,0.03515989886948815,0.020299577076979002,0.04484382567291185,0.04734726309874687,0.027335955095453543,0.05050212440304725,0.03785107042744667,0.02185332570040182,0.05092113827148479,0.03729465784384717,0.021532080745480152,0.37653716046820557,0.06210814671321515,0.03585815522374354,0.4326339993097566,0.13367876368176304,0.07717947019660226,0.35509266373324383,0.058259494245793325,0.03363613468566023,0.41419537398848877,0.12384938490359149,0.07150447571305812,0.028607790935290974,0.02706258307457422,0.015624589623072036,0.028935037072126222,0.026855140606557717,0.015504822658321349,0.0021601682832669182,0.0014506450753619417,0.000837530324758822,0.00010064605227427586,0.0,0.0,0.0020595222511339737,0.001450645064256662,0.0008375303183471858,21.46315070205361,14.413420523237109,8.321592219034223,21.468377557308383,14.416930579325653,8.323618750861813,2.9219182341868604,0.6476701110074835,0.3739325129362454,1.3333333333333333,2.3094010767585034,1.3333333333333335,10.666666666666666,9.237604307034013,5.333333333333334,0.0009374999999999996,0.001623797632095822,0.0009374999999999999,-0.0009854326402249554,0.001706819400306365,0.0009854326402249554,-0.0036749999999999973,0.0031826433589078095,0.0018374999999999986,0.042859491781308164,0.03850622903107563,0.0222315816965689
RCZDT-Curve2D,GPR-KG-pooled-pre,pooled_pre,axis,tn,3,0.010394999999999998,0.0,0.0,58.666666666666664,2.309401076758503,1.3333333333333333,0.0,0.0,0.0,0.0,0.0,0.0,0.0,0.0,0.0,0.0,0.0,0.0,0.0,0.0,0.0,58.666666666666664,2.309401076758503,1.3333333333333333,0.0,0.0,0.0,0.0,0.0,0.0,0.0,0.0,0.0,0.0,0.0,0.0,0.0,0.0,0.0,0.04301749999999999,0.0016194675050769053,0.000935000000000003,0.10958493311837514,0.03810073311783879,0.021997468521906316,0.06656743311837512,0.03963311707993071,0.022882190814921953,0.06673315716952867,0.039361001274685836,0.02272508468151307,0.06921933801779259,0.03658846712772279,0.02112436134542653,0.6833639580546715,0.0675431526885922,0.03899605738667471,0.737269180423146,0.12385891151672564,0.07150997590571559,0.6749330501763197,0.06724928407964274,0.038826392266191355,0.7359624677581804,0.12478250212917892,0.0720432111944365,0.0273205780026589,0.010953072337564599,0.006323759262546365,0.030745059287012783,0.009550433680869266,0.00551394545652754,0.002160168283266918,0.0014506450753619417,0.000837530324758822,0.00010010807238019659,1.4390174996282074e-08,8.308171407789278e-09,0.002060060216555901,0.0014506402703892334,0.0008375275506065354,21.577938230488883,14.488851864429346,8.365142524176894,21.591856131412044,14.499261447372632,8.371152499691352,2.927274907723662,0.6476405452021933,0.3739154431106023,0.0,0.0,0.0,0.0,0.0,0.0,0.0,0.0,0.0,0.0,0.0,0.0,0.0,0.0,0.0,0.0,0.0,0.0
RCZDT-Curve2D,GPR-KG-pooled-pre,pooled_pre,axis,tp,3,0.010394999999999998,0.0,0.0,13.666666666666666,23.671361036774655,13.666666666666666,13.666666666666666,23.671361036774655,13.666666666666666,13.666666666666666,23.671361036774655,13.666666666666666,13.666666666666666,23.671361036774655,13.666666666666666,0.0,0.0,0.0,0.0,0.0,0.0,0.0,0.0,0.0,0.3333333333333333,0.5773502691896258,0.33333333333333337,0.3333333333333333,0.5773502691896258,0.33333333333333337,0.3333333333333333,0.5773502691896258,0.33333333333333337,0.0,0.0,0.0,0.0,0.0,0.0,0.003899999999999999,0.006754998149518619,0.0038999999999999985,0.009149670561929056,0.015847694285778407,0.009149670561929057,-0.005249670561929059,0.009092696136259789,0.005249670561929059,0.005249670561929059,0.009092696136259789,0.005249670561929059,0.005408376921195238,0.00936758361399309,0.005408376921195238,0.057715375069835116,0.09996596199884855,0.057715375069835116,0.06660731253287991,0.11536724946256725,0.06660731253287992,0.05522248898893842,0.09564815664925422,0.05522248898893842,0.06394028362649466,0.11074781989145316,0.06394028362649468,0.021672598862649828,0.03753804236216896,0.021672598862649828,0.02171096062736379,0.037604486887721555,0.021710960627363794,0.0005337361068181379,0.0009244580548430242,0.0005337361068181378,3.374677899174217e-05,5.845113580549545e-05,3.374677899174217e-05,0.0004999893449798186,0.0008660069487481287,0.0004999893449798185,5.272050356054783,9.131459076748474,5.272050356054783,5.268286041721596,9.124939093067734,5.268286041721597,0.9203422754008383,1.5940795813478001,0.9203422754008385,0.0,0.0,0.0,0.0,0.0,0.0,0.0,0.0,0.0,0.0,0.0,0.0,0.0,0.0,0.0,0.0,0.0,0.0
RCZDT-Curve2D,GPR-KG-pooled-pre,pooled_pre,combined,all,3,0.010680000000000002,0.0007398817473083051,0.0004271709259769407,1181.0,0.0,0.0,227.66666666666666,200.55506309573272,115.79051966566367,494.0,4.358898943540674,2.5166114784235836,208.66666666666666,181.1113837762092,104.56470617650001,19.0,20.663978319771825,11.930353445448855,285.3333333333333,178.35451587591868,102.97302775214703,668.0,24.55605831561735,14.177446878757825,0.946453816796209,0.05129430704675736,0.029614781981340682,0.42105376561522473,0.3639998493060912,0.21015541098185497,0.502169934640523,0.4119851610287147,0.23785974362205975,0.027768569283295793,0.03031923357699986,0.01750481766730401,0.5789462343847753,0.3639998493060912,0.21015541098185497,0.029952396274343773,0.00046110515848577253,0.00026621918737648585,0.06584445071356411,0.019983990353889973,0.01153776221030126,0.03668329612312124,0.027450471812226488,0.0158485372901712,0.042448740939404206,0.022254480539391924,0.012848630330093216,0.049219036264015525,0.02008287159463798,0.011594851321264928,0.3223895448277419,0.029631809335051995,0.017107933096167937,0.4234159246384251,0.04234726704476836,0.02444920602774198,0.3228829086901798,0.028600875978683105,0.016512723445351794,0.42294827748697505,0.04007518604123056,0.023137419448728797,0.025319471099813595,0.004127427475113194,0.00238297136381726,0.03383033188303406,0.0023965834829932915,0.0013836681190415878,0.0021601682832669182,0.0014506450753619417,0.000837530324758822,0.0009734198006194134,5.832438523644691e-05,3.367359951658206e-05,0.0027559497962751506,0.0008000648807520946,0.0004619176742713877,14.291013817277909,9.659151099643326,5.576713487522344,18.661005449648354,12.54053067884359,7.240278763211108,2.457269229972072,0.5430729679925352,0.31354332426009923,19.0,20.663978319771825,11.930353445448855,285.3333333333333,178.35451587591868,102.97302775214703,0.005111844512195121,0.004465355323374926,0.002578074097977842,-0.006511115611468501,0.0062173132006198015,0.0035895674500140565,-0.010671938198598711,0.0007668178712525805,0.0004427225043870932,0.028173168305943925,0.012824717656495527,0.007404354191258639
RCZDT-Curve2D,GPR-KG-pooled-pre,pooled_pre,combined,far_true_boundary,3,0.010680000000000002,0.0007398817473083051,0.0004271709259769407,883.6666666666666,0.5773502691896257,0.3333333333333333,148.66666666666666,126.47661180365851,73.02130587103404,302.3333333333333,12.055427546683415,6.9602043392737,144.0,122.04917041913886,70.46512139586034,4.666666666666667,4.509249752822894,2.6034165586355518,158.33333333333334,110.82117727823204,63.982636533498514,576.6666666666666,17.03917055884274,9.837569708915803,0.9791332834811096,0.01856943269986363,0.010721066967964906,0.4667004093520517,0.3904804644860081,0.22544400128428688,0.5511357920012747,0.4350031936556138,0.25114921095541554,0.008140466584527174,0.007931522327026978,0.0045792665505925536,0.5332995906479484,0.39048046448600815,0.22544400128428693,0.0381383415559359,0.0004361679868132645,0.00025182170459853544,0.076763820369827,0.020157528514301082,0.011637954513929287,0.04029547448400158,0.027072448960380083,0.015630285694897845,0.04558267685493259,0.02256371362332781,0.013027166134345937,0.05229117721944387,0.020448793240509414,0.01180611628201111,0.3445332385282733,0.02684182106724442,0.015497132618713334,0.4511646252433352,0.03796486101139224,0.021919022724674036,0.3453139110082075,0.026392167369235896,0.015237524935126003,0.4512100291750551,0.036582169698566744,0.02112072552300808,0.026270770115789394,0.003229984078757635,0.001864832177348926,0.03568387510737761,0.0012647225973092767,0.0007301879320067136,0.0021601682832669187,0.0014506450753619421,0.0008375303247588223,0.0010389139051601357,6.762719899043267e-05,3.90445815416667e-05,0.0029684102002540094,0.0007386972120067407,0.0004264870342017178,15.447687016403494,10.461755977286822,6.040097629682723,19.917592840094162,13.433089381770504,7.755597770613504,2.5582862319776636,0.5530892682674795,0.31932623792012244,4.666666666666667,4.509249752822894,2.6034165586355518,158.33333333333334,110.82117727823204,63.982636533498514,0.010207,0.008897661321942975,0.005137067159381899,-0.005417994882746227,0.005033625423302062,0.0029061649931431894,-0.015533700902374206,0.0002419318259605967,0.0001396794048438882,0.025172986775972083,0.011494531190467165,0.006636370677024768
RCZDT-Curve2D,GPR-KG-pooled-pre,pooled_pre,combined,fn,3,0.010680000000000002,0.0007398817473083051,0.0004271709259769407,285.3333333333333,178.35451587591868,102.97302775214703,0.0,0.0,0.0,285.3333333333333,178.35451587591868,102.97302775214703,0.0,0.0,0.0,0.0,0.0,0.0,285.3333333333333,178.35451587591868,102.97302775214703,0.0,0.0,0.0,0.0,0.0,0.0,0.0,0.0,0.0,0.0,0.0,0.0,0.0,0.0,0.0,1.0,0.0,0.0,0.010671938198598711,0.0007668178712525805,0.0004427225043870932,0.028173168305943925,0.012824717656495527,0.007404354191258639,0.038845106504542634,0.013540465163013275,0.007817591206818464,0.038845106504542634,0.013540465163013275,0.007817591206818464,0.04223611760712898,0.013374396660418224,0.007721711512141294,0.2497348031918821,0.0697669292290162,0.040279955370906076,0.31069160450021355,0.08483236792810439,0.04897799045928445,0.24356453150250568,0.05755550169548338,0.03322968439723129,0.30315012280140835,0.07110105554491739,0.04105021355852459,0.02287715122634888,0.00613697569340939,0.003543184568600102,0.03162570475092465,0.010486390498515939,0.0060543203771457116,0.0021601682832669187,0.0014506450753619421,0.0008375303247588223,0.0009912329617539919,0.0010419246205553387,0.0006015554601529235,0.0022959703170545064,0.001195852955361364,0.0006904260256890932,12.33911508588057,4.32790175008586,2.4987152404383237,11.299513880717202,2.561153209134046,1.4786824947294155,2.366107024732965,0.2523037910551278,0.14566766168324113,0.0,0.0,0.0,285.3333333333333,178.35451587591868,102.97302775214703,0.0,0.0,0.0,0.0,0.0,0.0,-0.010671938198598711,0.0007668178712525805,0.0004427225043870932,0.028173168305943925,0.012824717656495527,0.007404354191258639
RCZDT-Curve2D,GPR-KG-pooled-pre,pooled_pre,combined,fp,3,0.010680000000000002,0.0007398817473083051,0.0004271709259769407,19.0,20.663978319771825,11.930353445448855,19.0,20.663978319771825,11.930353445448855,0.0,0.0,0.0,0.0,0.0,0.0,19.0,20.663978319771825,11.930353445448855,0.0,0.0,0.0,0.0,0.0,0.0,0.0,0.0,0.0,0.0,0.0,0.0,0.0,0.0,0.0,0.6666666666666666,0.5773502691896258,0.33333333333333337,0.0,0.0,0.0,0.005111844512195121,0.004465355323374926,0.002578074097977842,0.006511115611468501,0.0062173132006198015,0.0035895674500140565,-0.011622960123663623,0.01026939976217817,0.005929040717109446,0.011622960123663623,0.01026939976217817,0.005929040717109446,0.01364181695200807,0.012222857710711127,0.007056870189545563,0.1303195416263766,0.11438785385476383,0.06604185821507147,0.16625929874447587,0.14757673390671114,0.08520346704716546,0.12988342395893127,0.11412301661585082,0.06588895436389361,0.16915827306220285,0.15119984703732664,0.08729527238843078,0.02748652423203628,0.024855941459208025,0.014350584492435333,0.02972348599781795,0.02669662211593574,0.015413301965089218,0.0008911203602306907,0.0008158103754931799,0.0004710083398986771,0.00037578625236463155,0.00032633317214921263,0.0001884085447858524,0.0005992318748965374,0.0005581119412183308,0.00032222607950034793,3.10430356974825,2.850110126945351,1.645511849011977,1.7775359312751935,1.5396186193976333,0.8888992243585836,0.9675525672360376,0.8519709213506483,0.4918856407835303,19.0,20.663978319771825,11.930353445448855,0.0,0.0,0.0,0.005111844512195121,0.004465355323374926,0.002578074097977842,-0.006511115611468501,0.0062173132006198015,0.0035895674500140565,0.0,0.0,0.0,0.0,0.0,0.0
RCZDT-Curve2D,GPR-KG-pooled-pre,pooled_pre,combined,high_t1,3,0.010680000000000002,0.0007398817473083051,0.0004271709259769407,385.6666666666667,18.583146486355137,10.728984626287387,21.666666666666668,25.65800719723442,14.813657362192648,47.333333333333336,8.144527815247079,4.702245326555296,13.0,16.09347693943108,9.29157324317757,8.666666666666666,9.60902353693305,5.547772325697746,34.333333333333336,16.921386861996076,9.769567259835233,329.6666666666667,9.073771725877467,5.238744548500571,0.3844444444444444,0.3357468181918124,0.19384351586260323,0.27278981768145855,0.30866790832197033,0.1782094999598883,0.3052493928638147,0.306944507458837,0.17721449400763664,0.025230814038153488,0.027344147826916923,0.015787151108631405,0.7272101823185414,0.30866790832197033,0.1782094999598883,0.038413783458269166,0.0006106902408164015,0.0003525821749268268,0.08488217412682279,0.020922104798253897,0.012079382837285449,0.04572216741974,0.021851585626248008,0.012616018843534445,0.047675105173675035,0.019950196083675355,0.011518251079295784,0.053991695718297844,0.017359422021041456,0.010022466976824603,0.4164513343746051,0.14628659164028354,0.08445860306235056,0.5067920088357385,0.16581493114078266,0.09573329512979013,0.4146448511129046,0.14273070239271277,0.08240560944805708,0.5042987409100023,0.16221569711993175,0.0936552763989754,0.01996175985535627,0.004312253944727121,0.0024896809758022287,0.024380927724817463,0.0050366154930564806,0.002907891310720799,0.002160168283266918,0.0014506450753619417,0.000837530324758822,0.0002216478921555881,2.2072493433349147e-05,1.2743560025430379e-05,0.001978507600397105,0.0014224006113027494,0.0008212233758311307,17.02383672711985,11.392251910923758,6.57731970744786,20.608068306991765,13.823200607539635,7.980828591825206,2.6364080817785753,0.6161376203088456,0.35572722094316744,8.666666666666666,9.60902353693305,5.547772325697746,34.333333333333336,16.921386861996076,9.769567259835233,0.004567781954887222,0.003988432911558055,0.002302722815132806,-0.004869921685864895,0.004740280110173429,0.002736801997642858,-0.002335179245283013,0.0007141844815907871,0.0004123346026974943,0.03448324806986008,0.01487116658900908,0.008585872033328161
RCZDT-Curve2D,GPR-KG-pooled-pre,pooled_pre,combined,low_t1,3,0.010680000000000002,0.0007398817473083051,0.0004271709259769407,401.0,20.29778313018444,11.718930554164631,28.333333333333332,26.312227829154516,15.191371820141123,52.333333333333336,7.094598884597588,4.0960685758148365,18.0,15.874507866387544,9.165151389911681,10.333333333333334,11.060440015358038,6.385748020222672,34.333333333333336,12.583057392117917,7.2648315725677906,338.3333333333333,24.583192089989723,14.193112570695845,0.4347319347319347,0.3839207543841488,0.2216567508911725,0.32941176470588235,0.30040341964244016,0.17343799519604694,0.36621776803424155,0.31888661335641943,0.18410927206229688,0.030352816223571975,0.03348051642717994,0.019329985171840026,0.6705882352941176,0.3004034196424401,0.1734379951960469,0.03760283124232625,0.000489572914641328,0.00028265505405612046,0.08382276029545015,0.029723599323545343,0.017160928070733484,0.04452520348123623,0.031340598684488755,0.018094503087053616,0.04782957740343882,0.02845067614078509,0.016426005528509136,0.054269067753932636,0.0258487897135004,0.014923805699315488,0.3621993646508237,0.09405433394894001,0.054302295023871475,0.4512281001379785,0.10579531475987206,0.061080953455613325,0.3651549946788184,0.09407904184569026,0.05431656013471134,0.4543557227385502,0.10515719553932378,0.0607125351518547,0.020615308536118624,0.005969964140876896,0.003446760403787689,0.02511712283950399,0.006649251333635074,0.0038389470473836882,0.0021601682832669187,0.001450645075361942,0.0008375303247588222,0.0002502992004918996,1.5914650293689418e-05,9.188327631120343e-06,0.001981940435889199,0.0014160234479605163,0.0008175415188588262,16.878902747879774,11.522115710790287,6.652296607258789,20.620502089659343,13.996347196494385,8.080794821567498,2.6214433339551646,0.6275276401271686,0.3623032519513514,10.333333333333334,11.060440015358038,6.385748020222672,34.333333333333336,12.583057392117917,7.2648315725677906,0.005556212121212118,0.004850417727885527,0.0028003899808768423,-0.007871074453715527,0.00748752250216019,0.0043229231321855665,-0.002410000000000001,0.00036514551893731346,0.00021081686365184355,0.033490625540363604,0.019889315684314242,0.011483101764336274
RCZDT-Curve2D,GPR-KG-pooled-pre,pooled_pre,combined,mid_t1,3,0.010680000000000002,0.0007398817473083051,0.0004271709259769407,394.3333333333333,2.309401076758503,1.3333333333333333,177.66666666666666,151.40123293201194,87.41154258893833,394.3333333333333,2.309401076758503,1.3333333333333333,177.66666666666666,151.40123293201194,87.41154258893833,0.0,0.0,0.0,216.66666666666666,149.8076544550823,86.49148962630821,0.0,0.0,0.0,1.0,0.0,0.0,0.44952282064593874,0.38218652015305477,0.2206554902910125,0.5431018892768327,0.4405317528378717,0.2543411260875229,0.0,0.0,0.0,0.5504771793540614,0.3821865201530547,0.22065549029101247,0.013897730882381214,0.0003239412857379107,0.00018702758852241625,0.029023532458650646,0.00990686648877692,0.0057197320341210375,0.02002187948355941,0.029546202855198277,0.017058508171980017,0.03197107054909796,0.01821317751067875,0.010515382938588815,0.03738602714721532,0.016301417018215924,0.009411627503639311,0.19778562211307607,0.041752042859874175,0.02410555318436515,0.2516473942600666,0.055041297784361905,0.0317781080923477,0.19788056735639215,0.04005456092688221,0.02312551153340771,0.24981215666542714,0.049760770178828614,0.028729394057829805,0.03534926203327162,0.0021887706218474113,0.0012636873077179476,0.04658149857361928,0.002025843069457386,0.0011696210414871594,0.0021601682832669187,0.001450645075361942,0.0008375303247588222,0.0024442337800709255,0.00020154714644680003,0.00011636329925546093,0.0036734718519876447,0.00018429433347255303,0.00010640238304050116,8.978455154636107,6.04356850040091,3.489255900572408,4.985796264760971,2.72472312225365,1.5731196281003423,2.0707456816463,0.35151747751826495,0.2029487102700285,0.0,0.0,0.0,216.66666666666666,149.8076544550823,86.49148962630821,0.0,0.0,0.0,0.0,0.0,0.0,-0.01360023098885716,0.0003286950716527912,0.00018977218810004235,0.02641009191076449,0.011914422015181897,0.006878794757704072
RCZDT-Curve2D,GPR-KG-pooled-pre,pooled_pre,combined,near_true_boundary,3,0.010680000000000002,0.0007398817473083051,0.0004271709259769407,297.3333333333333,0.5773502691896258,0.33333333333333337,79.0,74.50503338701353,43.015501081974314,191.66666666666666,8.621678104251709,4.977728174356026,64.66666666666667,59.13825608972024,34.143488072805006,14.333333333333334,16.258331197676263,9.386751893552482,127.0,67.75691846593969,39.11947511576981,91.33333333333333,8.082903768654761,4.666666666666667,0.5533960927219354,0.4814873576615064,0.27798685555727237,0.3469870327993898,0.319984271711734,0.18474300540921598,0.41931165522304265,0.3697872436236807,0.2134967646490218,0.12783516423457397,0.1420151327901765,0.08199247514540885,0.6530129672006102,0.319984271711734,0.18474300540921598,0.005624081926649037,0.0005232834810960802,0.00030211785867330636,0.03339651939624469,0.01972307207022215,0.011387120968989148,0.02595383581613953,0.02882661992183051,0.016643056771695874,0.033138035078561535,0.021540520741279188,0.012436425448462256,0.03835314210482141,0.019904655607624576,0.011491958273188843,0.2565874562841742,0.03883039306399793,0.022418737888238182,0.32614547439952113,0.06336985534999125,0.0365866030448251,0.25622483889715747,0.03624927495578196,0.020928528653649473,0.32377413186805337,0.05784048565815483,0.033394219964794386,0.02248759452757365,0.006811010368884433,0.00393233866992876,0.027176386712314652,0.007203733092361455,0.004159077240045102,0.002160168283266918,0.0014506450753619415,0.0008375303247588219,0.0007787826555275272,5.2681942802970344e-05,3.0415933858727397e-05,0.0019435233605322438,0.0011073620523163923,0.0006393357789952456,10.852127420850508,7.268556261545172,4.196502914223045,10.066532628258303,7.306842621642262,4.218607554531391,2.1285620077116687,0.5143649266410366,0.2969687288579046,14.333333333333334,16.258331197676263,9.386751893552482,127.0,67.75691846593969,39.11947511576981,0.003212428977272726,0.00279210694023364,0.0016120236935501144,-0.006867261980571371,0.006560638409910486,0.0037877863520176178,-0.005035035432083277,0.0007381313178623545,0.00042616031506512365,0.03190183662471747,0.015244904660908944,0.00880164980974596
RCZDT-Curve2D,GPR-KG-pooled-pre,pooled_pre,combined,tn,3,0.010680000000000002,0.0007398817473083051,0.0004271709259769407,668.0,24.55605831561735,14.177446878757825,0.0,0.0,0.0,0.0,0.0,0.0,0.0,0.0,0.0,0.0,0.0,0.0,0.0,0.0,0.0,668.0,24.55605831561735,14.177446878757825,0.0,0.0,0.0,0.0,0.0,0.0,0.0,0.0,0.0,0.0,0.0,0.0,0.0,0.0,0.0,0.04417259708341975,0.00068100735770524,0.0003931797812912361,0.09376711913468205,0.02462897169051463,0.014219543435382296,0.04959452205126231,0.025084073037832794,0.014482296320764998,0.050341317944189105,0.02444058596989606,0.014110778888871682,0.0565961988326843,0.02180714791713508,0.012590362720215926,0.41160707473482927,0.01627173247183773,0.009394489122797087,0.5126958849341178,0.03550161507890731,0.020496867022473615,0.41236736052419176,0.01580639446458439,0.009125826099045208,0.5129200118130944,0.034347867796167025,0.01983075071820671,0.01962749983115791,0.004111563794120489,0.002373812463325784,0.023985677283762618,0.004582445163681118,0.0026456759487979925,0.002160168283266918,0.0014506450753619415,0.0008375303247588219,0.00015259186356618602,1.1246149887189429e-05,6.492967664715696e-06,0.0020148576831006786,0.0014411521862031458,0.000832049602647604,18.11099067335851,12.029338477403568,6.945141808102074,20.92813509417027,14.064808951884249,8.12032123447103,2.7204187050484605,0.6295891149022323,0.3634934449676621,0.0,0.0,0.0,0.0,0.0,0.0,0.0,0.0,0.0,0.0,0.0,0.0,0.0,0.0,0.0,0.0,0.0,0.0
RCZDT-Curve2D,GPR-KG-pooled-pre,pooled_pre,combined,tp,3,0.010680000000000002,0.0007398817473083051,0.0004271709259769407,208.66666666666666,181.1113837762092,104.56470617650001,208.66666666666666,181.1113837762092,104.56470617650001,208.66666666666666,181.1113837762092,104.56470617650001,208.66666666666666,181.1113837762092,104.56470617650001,0.0,0.0,0.0,0.0,0.0,0.0,0.0,0.0,0.0,1.0,0.0,0.0,1.0,0.0,0.0,1.0,0.0,0.0,0.0,0.0,0.0,0.0,0.0,0.0,0.014157869186046508,0.002890072505357019,0.001668584138945411,0.023769594450358787,0.006162483621134894,0.0035579115775388912,-0.009611725264312277,0.007011072640166426,0.004047844676108106,0.019082446023365122,0.009712617790170675,0.005607582495690988,0.02597961152480954,0.012645570664624682,0.0073009236272774955,0.16412522972861773,0.01371443709706991,0.007918033949777503,0.2075004777390724,0.017504581867202326,0.010106275053081105,0.16871472769777196,0.0194549545452626,0.011232323243779296,0.21106659224830224,0.022783227652028115,0.013153902617906959,0.04241909085269376,0.0008896499746386546,0.0005136396523421709,0.051647053222794316,0.002909663651229592,0.0016798950922886744,0.0021601682832669182,0.0014506450753619417,0.000837530324758822,0.00473747515014611,0.0030085878371535757,0.001737008997661251,0.00470576417930737,0.0013697363607596685,0.000790817656603413,2.5870548328413903,1.7519743439440305,1.011502859089404,0.8578072996155135,0.6456607599207762,0.3727724135454385,1.4194830258767102,0.276316188394427,0.15953122575097378,0.0,0.0,0.0,0.0,0.0,0.0,0.0,0.0,0.0,0.0,0.0,0.0,0.0,0.0,0.0,0.0,0.0,0.0
RCZDT-Curve2D,GPR-KG-pooled-pre,pooled_pre,random,all,3,0.01068,0.0007398817473083065,0.00042717092597694144,1000.0,0.0,0.0,200.0,172.25272131377199,99.45015501915185,423.6666666666667,5.507570547286102,3.1797973380564857,183.33333333333334,156.10680104765882,90.12830360719718,16.666666666666668,17.559422921421234,10.137937550497035,240.33333333333334,152.22461474194418,87.88692229854855,559.6666666666666,22.81081614790083,13.169830843425608,0.9458691100482145,0.05234150164608953,0.03021938006515903,0.430510859815395,0.36526640658409676,0.21088665816725558,0.5100432661327442,0.41864448784308284,0.2417045077509569,0.02910341484107505,0.03082631652141384,0.01779758214176289,0.5694891401846051,0.36526640658409676,0.21088665816725558,0.029345324999999995,0.0006210735646644431,0.0003585769897455767,0.0629941405563275,0.020039536434875445,0.011569831755110652,0.03475604999003406,0.026815446542607924,0.015481905279814705,0.04026611055120128,0.02203482014003402,0.012721809339393628,0.04668640422364681,0.02029930042525585,0.011719806564882551,0.31319186495499135,0.02564970184296538,0.014808862263669701,0.41097640074467084,0.03257986856437053,0.018809995885801952,0.31481128419621185,0.0248693296560471,0.014358314171484338,0.4109531952963284,0.03037364219925498,0.01753623050000924,0.02530773531474159,0.0032097407491213773,0.0018531446855341383,0.03398762976227188,0.001191437729796781,0.0006878768940208482,0.0021601682832669187,0.0014506450753619421,0.0008375303247588223,0.001047419826752853,5.9677499375183117e-05,3.44548203288257e-05,0.0028014789401192147,0.0007385356332311781,0.0004263937466521514,13.528481666025511,9.14560869088571,5.280219639585846,17.31221730383542,11.834384111642603,6.832584852550287,2.40197632651161,0.5310886182436327,0.3066241567065078,16.666666666666668,17.559422921421234,10.137937550497035,240.33333333333334,152.22461474194418,87.88692229854855,0.005374857142857142,0.004695439648190136,0.002710913344846217,-0.006942460724240751,0.006892525353605409,0.003979401368300404,-0.01059266748861553,0.0006636434656944413,0.0003831547335646219,0.025812743961684436,0.012514856927820603,0.007225456016146878
RCZDT-Curve2D,GPR-KG-pooled-pre,pooled_pre,random,far_true_boundary,3,0.01068,0.0007398817473083065,0.00042717092597694144,746.0,5.196152422706632,3.0000000000000004,131.33333333333334,110.19225623124946,63.619528797724094,258.0,15.394804318340652,8.888194417315589,126.66666666666667,105.87413911495732,61.1264627182405,4.666666666666667,4.509249752822894,2.6034165586355518,131.33333333333334,90.64399226277125,52.333333333333336,483.3333333333333,15.044378795195676,8.685876147196922,0.976391683433937,0.021559554088286567,0.012447414356480547,0.47550625168916794,0.39368321660240313,0.22729311108083522,0.5565300797254199,0.44109192212989157,0.25466453997906235,0.00969846411153019,0.00942708990559613,0.00544273289467073,0.5244937483108321,0.39368321660240313,0.22729311108083522,0.037437197885468905,0.0008600021892397584,0.000496522495461242,0.07374921765045708,0.020822270173035257,0.012021743289541021,0.03851601528134859,0.026678047542447476,0.015402577930085684,0.043373535592890804,0.022621360834477924,0.013060448767221488,0.04978794004101728,0.020922365494370262,0.012079533350258409,0.33465117198316774,0.02349938256795778,0.013567374851400424,0.43795319046105274,0.029335245890240814,0.0169367121114744,0.33608638750292624,0.02318483742417093,0.013385772127962797,0.4379465169407834,0.027670591057730825,0.015975623195816944,0.026408017609039432,0.002526488989584968,0.001458669098241507,0.036074497367080426,0.0006008065683841697,0.00034687583398749567,0.0021601682832669187,0.0014506450753619421,0.0008375303247588223,0.0011191420905428552,6.478574489397644e-05,3.740406725418772e-05,0.003029667612125329,0.000676898699057884,0.0003908076461151768,14.808797553221234,10.084659209147917,5.822380709087189,19.032184985310515,12.918441187623444,7.458465497184744,2.5151646327539425,0.545946158363609,0.31520216149427177,4.666666666666667,4.509249752822894,2.6034165586355518,131.33333333333334,90.64399226277125,52.333333333333336,0.010033666666666668,0.008782525282248457,0.005070593335870841,-0.005205558527464277,0.004752349900853325,0.002743770494540959,-0.015521130262195032,0.0002526785320367069,0.0001458840184898322,0.022755761844839448,0.010942871998127317,0.006317870093826425
RCZDT-Curve2D,GPR-KG-pooled-pre,pooled_pre,random,fn,3,0.01068,0.0007398817473083065,0.00042717092597694144,240.33333333333334,152.22461474194418,87.88692229854855,0.0,0.0,0.0,240.33333333333334,152.22461474194418,87.88692229854855,0.0,0.0,0.0,0.0,0.0,0.0,240.33333333333334,152.22461474194418,87.88692229854855,0.0,0.0,0.0,0.0,0.0,0.0,0.0,0.0,0.0,0.0,0.0,0.0,0.0,0.0,0.0,1.0,0.0,0.0,0.01059266748861553,0.0006636434656944413,0.0003831547335646219,0.025812743961684436,0.012514856927820603,0.007225456016146878,0.03640541145029997,0.013091483963015573,0.00755837179013871,0.03640541145029997,0.013091483963015573,0.00755837179013871,0.03952926219982313,0.01287437848392554,0.007433025883343537,0.25138290789640294,0.06213314082507799,0.035872585580955706,0.3121303871206969,0.0776197948684857,0.044813809461763755,0.24598009932286788,0.05186975427107544,0.029947016591205147,0.305190180684864,0.06638054443695823,0.038324825199631755,0.023497750092069867,0.007425799324724345,0.004287287239077742,0.03269686219218565,0.011254775319136347,0.006497947560172127,0.0021601682832669182,0.001450645075361942,0.0008375303247588222,0.0010836719258845457,0.0011306729116808195,0.0006527943099243392,0.0023416143682966147,0.0011554632392870674,0.0006671070122411054,11.48993210382656,3.7207501888437386,2.1481761231162837,10.155359890566496,3.6795912873670353,2.12441302026916,2.3025790227486973,0.26262750071048496,0.15162805823179715,0.0,0.0,0.0,240.33333333333334,152.22461474194418,87.88692229854855,0.0,0.0,0.0,0.0,0.0,0.0,-0.01059266748861553,0.0006636434656944413,0.0003831547335646219,0.025812743961684436,0.012514856927820603,0.007225456016146878
RCZDT-Curve2D,GPR-KG-pooled-pre,pooled_pre,random,fp,3,0.01068,0.0007398817473083065,0.00042717092597694144,16.666666666666668,17.559422921421234,10.137937550497035,16.666666666666668,17.559422921421234,10.137937550497035,0.0,0.0,0.0,0.0,0.0,0.0,16.666666666666668,17.559422921421234,10.137937550497035,0.0,0.0,0.0,0.0,0.0,0.0,0.0,0.0,0.0,0.0,0.0,0.0,0.0,0.0,0.0,0.6666666666666666,0.5773502691896258,0.33333333333333337,0.0,0.0,0.0,0.005374857142857142,0.004695439648190136,0.002710913344846217,0.006942460724240751,0.006892525353605409,0.003979401368300404,-0.012317317867097895,0.011016768968931412,0.0063605345298124675,0.012317317867097895,0.011016768968931412,0.0063605345298124675,0.01427842485442296,0.01291571774276562,0.007456893115562957,0.12829639293476505,0.11501636908015116,0.06640473164963863,0.16325803461719135,0.14840663204248689,0.08568260895925554,0.13001059259802752,0.11689067255570924,0.06748686126579513,0.16789510421062867,0.1533629687902973,0.08854415131479831,0.02818631717925513,0.02517427490050441,0.014534374390459862,0.03021235490944148,0.026981975345715864,0.0155780507291169,0.0008911203602306908,0.00081581037549318,0.00047100833989867716,0.0003695226440864699,0.00032772052428060774,0.00018920953291237417,0.0005917503965154879,0.0005417821345482747,0.0003127980612235765,2.8364893860265155,2.4811623734484525,1.4324997642136348,1.8306986362403943,1.6021464948319577,0.9249997100724462,0.9284397894978067,0.8058921001493818,0.4652820209590385,16.666666666666668,17.559422921421234,10.137937550497035,0.0,0.0,0.0,0.005374857142857142,0.004695439648190136,0.002710913344846217,-0.006942460724240751,0.006892525353605409,0.003979401368300404,0.0,0.0,0.0,0.0,0.0,0.0
RCZDT-Curve2D,GPR-KG-pooled-pre,pooled_pre,random,high_t1,3,0.01068,0.0007398817473083065,0.00042717092597694144,327.0,10.44030650891055,6.027713773341709,18.0,20.29778313018444,11.718930554164631,41.333333333333336,8.326663997864532,4.807401700618653,11.0,12.767145334803704,7.371114795831994,7.0,7.54983443527075,4.358898943540674,30.333333333333332,15.50268793897798,8.950481054731702,278.6666666666667,4.725815626252609,2.728450923957484,0.3988095238095238,0.3464162982607491,0.2000035430525172,0.27272727272727276,0.28477191104867433,0.1644131395015963,0.31435472739820564,0.2990273339323355,0.17264351174089002,0.024308517119532108,0.02600167650732663,0.015012074930886599,0.7272727272727272,0.2847719110486743,0.16441313950159628,0.037548253331546884,0.0009057498761309507,0.0005229349348026747,0.0816201601102566,0.020215743122116426,0.011671564733422245,0.043376184755578605,0.02114663544805834,0.012209015668391367,0.04533170473263726,0.01944885389540753,0.01122880103194324,0.0513954362008204,0.017326744823653116,0.010003600788116082,0.3895399181465004,0.1357011374590644,0.07834708824132924,0.47376496799984985,0.15264369716539314,0.08812887964853945,0.3903707736836079,0.130383495232849,0.07527694607056967,0.47427429264022275,0.1458985625435229,0.0842345743588824,0.019483836937050407,0.004458035681562457,0.002573848100807041,0.023550978212606242,0.005166756741066904,0.0029830283952922906,0.002160168283266918,0.0014506450753619415,0.0008375303247588219,0.00023522491435232085,2.4652825831109142e-05,1.4233315629875823e-05,0.001968246489369448,0.001416735749226655,0.0008179527661865755,16.429927285560336,10.935379981858649,6.313544576216936,19.715277874355255,13.092380046425452,7.558889144136621,2.5971789750681995,0.608803704659593,0.35149298276885743,7.0,7.54983443527075,4.358898943540674,30.333333333333332,15.50268793897798,8.950481054731702,0.004900000000000004,0.004344237562564924,0.0025081467261705427,-0.005119821032694737,0.005429698653146088,0.0031348379790124424,-0.0023695394736842038,0.0007882603752239453,0.00045510233982706024,0.03203845775707543,0.013989359082768067,0.00807676023222648
RCZDT-Curve2D,GPR-KG-pooled-pre,pooled_pre,random,low_t1,3,0.01068,0.0007398817473083065,0.00042717092597694144,335.3333333333333,12.503332889007368,7.218802609235905,25.333333333333332,22.744962812309307,13.131810402394807,44.666666666666664,6.658328118479393,3.8441875315569325,15.666666666666666,13.576941236277534,7.838650677536565,9.666666666666666,10.016652800877813,5.783117190965824,29.0,10.0,5.773502691896258,281.0,18.734993995195193,10.816653826391967,0.42140151515151514,0.3750896644410819,0.21655811873530503,0.3334824090638044,0.29455414070233066,0.17006091242540952,0.36644772851669405,0.3173596796111644,0.18322769645343917,0.033944658944658944,0.03584557072767808,0.020695449908880708,0.6665175909361956,0.29455414070233066,0.17006091242540952,0.036962040456413346,0.0008977765306461612,0.0005183315216406895,0.08128066018816073,0.030140028927468032,0.017401353814656777,0.04245117658781278,0.03120441545593169,0.01801587766338708,0.04609417082611344,0.02821078725335435,0.016287505614775398,0.05243237911468815,0.025887137361250673,0.014945945724066895,0.3593063929532474,0.09121083387981127,0.052660599493519276,0.45166893065694946,0.1058232683382469,0.06109709246161285,0.36177218364966385,0.08897552310501503,0.05137004221596819,0.4531783702522687,0.10243232111021273,0.05913932816669951,0.020447549821922446,0.006196459201708853,0.0035775273881291404,0.02485189061822317,0.006821328159361587,0.0039382956490381866,0.002160168283266918,0.0014506450753619415,0.0008375303247588219,0.0002638706242834634,1.538749926559516e-05,8.883976843146536e-06,0.0019729065594434477,0.0014124324893326685,0.0008154682779283895,16.37528558759082,11.217717880903331,6.476552438232817,20.196044770660038,13.94725058377601,8.052448878998245,2.5853485799432785,0.6259637134660253,0.3614003184725475,9.666666666666666,10.016652800877813,5.783117190965824,29.0,10.0,5.773502691896258,0.005719916666666662,0.0049670314344519,0.0028677169357541376,-0.008240058582664663,0.008016061199954176,0.004628075091634059,-0.0023864225883009926,0.00025302819463388234,0.000146085896284437,0.031788494768190956,0.018352925044618242,0.010596066214927367
RCZDT-Curve2D,GPR-KG-pooled-pre,pooled_pre,random,mid_t1,3,0.01068,0.0007398817473083065,0.00042717092597694144,337.6666666666667,5.033222956847167,2.905932629027116,156.66666666666666,131.85724604030426,76.12781649597238,337.6666666666667,5.033222956847167,2.905932629027116,156.66666666666666,131.85724604030426,76.12781649597238,0.0,0.0,0.0,181.0,127.44802862343536,73.58215363342754,0.0,0.0,0.0,1.0,0.0,0.0,0.46061464047293393,0.38652993823142556,0.22316316388776297,0.5516871765839317,0.44850955706963597,0.25894711350827415,0.0,0.0,0.0,0.539385359527066,0.3865299382314255,0.22316316388776294,0.013854383949746389,0.0004095878566343917,0.00023647565928466792,0.026760976403112226,0.009897969472286203,0.005714595339255137,0.01890326467235434,0.02820293551726369,0.01628297241282985,0.029614915492627857,0.01819946458340162,0.010507465776333987,0.03387484130987922,0.017094323102721798,0.00986941204497087,0.19854091013625033,0.03331577156565744,0.019234869681692402,0.2524627988958921,0.04497709622085299,0.025967538610477174,0.19990294030864034,0.03318369511836898,0.019158615309296804,0.25163452302427775,0.04203549772386167,0.024269205926391438,0.03580860988649998,0.0005837532428496071,0.00033703009189953767,0.04709034205683706,0.004569416658216493,0.002638153937660853,0.002160168283266918,0.0014506450753619417,0.000837530324758822,0.0026139919858612277,0.00022357046618015446,0.00012907846883196232,0.0037460666301560963,0.00012959778880559857,7.482331825329261e-05,7.849867406836835,5.22682171015913,3.0177069213665537,3.74358680355882,1.9368119617599382,1.1182189074917877,1.97391318498447,0.31213233580529887,0.18020968809997598,0.0,0.0,0.0,181.0,127.44802862343536,73.58215363342754,0.0,0.0,0.0,0.0,0.0,0.0,-0.013590178275023476,0.0003685721796262204,0.0002127952471230055,0.023813689011246326,0.011921614505502371,0.006882947343926742
RCZDT-Curve2D,GPR-KG-pooled-pre,pooled_pre,random,near_true_boundary,3,0.01068,0.0007398817473083065,0.00042717092597694144,254.0,5.196152422706632,3.0000000000000004,68.66666666666667,62.428625912583826,36.04318397576872,165.66666666666666,11.547005383792515,6.666666666666667,56.666666666666664,50.29247790011279,29.03637565384343,12.0,13.114877048604,7.571877794400365,109.0,61.61168720299745,35.5715241918776,76.33333333333333,8.962886439832502,5.174724898753342,0.5559458756180068,0.48375512290483064,0.2792961504309645,0.35639412997903563,0.31630489245353954,0.1826187148040467,0.43077583976489997,0.37490404054594684,0.21645094872948079,0.13043478260869565,0.14255301139786958,0.0823030195043518,0.6436058700209645,0.31630489245353954,0.1826187148040467,0.005587712611094082,0.0005901739651035159,0.00034073709762122374,0.03143061235206561,0.018818091754164316,0.010864630339901846,0.023705697722827438,0.027793518691767688,0.01604659549841897,0.031162979985066924,0.020728984893644182,0.011967885008373156,0.03587492809504673,0.01927636232346355,0.01112921297644844,0.25034132277720417,0.03515814673516547,0.02029856548175615,0.31808518693418786,0.05162843075324119,0.029807688393221756,0.2525065828254717,0.033211541547596285,0.019174692452707157,0.31812604566096575,0.047661917181730316,0.02751762071496565,0.022094798121741727,0.005183794345105689,0.0029928650605704297,0.02666409247958755,0.005485963237569099,0.0031673223519749103,0.0021601682832669182,0.001450645075361942,0.0008375303247588222,0.000837158989146222,6.169748330042656e-05,3.562105859182372e-05,0.0019226855063191077,0.0010761332674109464,0.0006213058316236215,9.815824595026035,6.527880204536638,3.7688733933268574,7.896357278344467,5.243960853986726,3.0276022106690963,2.033694901786948,0.4976965105922407,0.2873452143651676,12.0,13.114877048604,7.571877794400365,109.0,61.61168720299745,35.5715241918776,0.0033700384615384603,0.0029253534310823975,0.0016889535909102177,-0.007581589181171192,0.007667326359376621,0.004426732937550805,-0.0049626114579910145,0.0007063810217810703,0.00040782927307574384,0.029483626389379358,0.014930143436722018,0.008619922332231182
RCZDT-Curve2D,GPR-KG-pooled-pre,pooled_pre,random,tn,3,0.01068,0.0007398817473083065,0.00042717092597694144,559.6666666666666,22.81081614790083,13.169830843425608,0.0,0.0,0.0,0.0,0.0,0.0,0.0,0.0,0.0,0.0,0.0,0.0,0.0,0.0,0.0,559.6666666666666,22.81081614790083,13.169830843425608,0.0,0.0,0.0,0.0,0.0,0.0,0.0,0.0,0.0,0.0,0.0,0.0,0.0,0.0,0.0,0.043461439516322566,0.00048420891469508413,0.0002795581472432234,0.09098190264669587,0.024842958609468804,0.014343088840643545,0.0475204631303733,0.02494740001037519,0.014403388111571389,0.04834771936370152,0.024284072691883492,0.014020415905679375,0.05445288768851156,0.02203074666752608,0.012719457518944634,0.39760712249579083,0.013269264029129963,0.007661013159166403,0.4967846267409204,0.023764704544019348,0.013720558565701493,0.39926570479032814,0.01247629226316191,0.007203190696624975,0.4971554755478036,0.022122274062923733,0.012772300885315694,0.01927604455950666,0.004354434501058292,0.0025140339313545986,0.02343324223400907,0.004837847719241919,0.002793132683002739,0.002160168283266918,0.0014506450753619413,0.0008375303247588218,0.00016010190200863633,1.222407411850905e-05,7.057572482915138e-06,0.002008476742184196,0.001440401129498866,0.0008316159798572114,17.67816996427968,11.760416895231762,6.789879860244281,20.627420632910173,13.887977902564645,8.018227780545272,2.6920439749292986,0.6292612547562549,0.3633041548241255,0.0,0.0,0.0,0.0,0.0,0.0,0.0,0.0,0.0,0.0,0.0,0.0,0.0,0.0,0.0,0.0,0.0,0.0
RCZDT-Curve2D,GPR-KG-pooled-pre,pooled_pre,random,tp,3,0.01068,0.0007398817473083065,0.00042717092597694144,183.33333333333334,156.10680104765882,90.12830360719718,183.33333333333334,156.10680104765882,90.12830360719718,183.33333333333334,156.10680104765882,90.12830360719718,183.33333333333334,156.10680104765882,90.12830360719718,0.0,0.0,0.0,0.0,0.0,0.0,0.0,0.0,0.0,1.0,0.0,0.0,1.0,0.0,0.0,1.0,0.0,0.0,0.0,0.0,0.0,0.0,0.0,0.0,0.014196313114754095,0.003002293032932988,0.0017333746907499986,0.01592980272145809,0.012386106289913544,0.007151121800692902,-0.0017334896067039945,0.01529262854799624,0.008829203208802585,0.013709365851002476,0.004658022288456036,0.0026893104221313692,0.016296833035985215,0.005936061962187197,0.0034271869717950767,0.1754940374844939,0.022376607012339345,0.01291914008212459,0.2191937430238721,0.022654423436294466,0.013079537469280377,0.1788181955210365,0.02163341090358569,0.012490055608674985,0.22102930215961,0.02215021811518925,0.01278843439141344,0.04506419484388663,0.007879422135169754,0.004549186490798954,0.053477696878760785,0.007485471157715329,0.004321738787918125,0.0021601682832669182,0.0014506450753619415,0.0008375303247588219,0.004298612912943944,0.0020690333082220257,0.0011945569374642885,0.0043270833281233365,0.0005913286815743879,0.00034140377348651935,2.2781022928906975,0.8412678304922382,0.4857062083952662,0.8062044911943543,0.44202473799446423,0.25520310146957775,1.347711463745403,0.2241765122101609,0.12942836967052784,0.0,0.0,0.0,0.0,0.0,0.0,0.0,0.0,0.0,0.0,0.0,0.0,0.0,0.0,0.0,0.0,0.0,0.0
RCZDT-MisalignedV,GPR-KG-AVB,vepm,axis,all,3,0.005153743737585495,0.0,0.0,101.0,0.0,0.0,2.6666666666666665,4.618802153517007,2.666666666666667,52.0,0.0,0.0,2.6666666666666665,4.618802153517007,2.666666666666667,0.0,0.0,0.0,49.333333333333336,4.618802153517007,2.666666666666667,49.0,0.0,0.0,0.3333333333333333,0.5773502691896258,0.33333333333333337,0.05128205128205129,0.0888231183368655,0.05128205128205129,0.0888888888888889,0.15396007178390025,0.08888888888888892,0.0,0.0,0.0,0.9487179487179488,0.0888231183368655,0.05128205128205129,0.008821529175303672,0.0,0.0,0.6132503687688563,0.7010994037506885,0.40477992948414615,0.6121302710687784,0.7023395976931122,0.4054959557906518,0.6131167439836426,0.7012471889695566,0.4048652533200419,0.615758696184214,0.698674123472514,0.4033796932626818,0.4151734621474268,0.044739555412050325,0.025830394360571433,0.5007621964890032,0.05787343883349786,0.03341324548944933,0.35897426540920535,0.03302934437950105,0.019069500868661785,0.4216822382474128,0.04955605665523384,0.028611202649875603,0.13671741472050336,0.10449599109239205,0.06033078858642929,0.1405924310440585,0.10108929298568724,0.05836393051747548,0.18135610872703298,0.29443083006894233,0.1699897189980288,0.00016187034976850853,0.0,0.0,0.18119423837726445,0.29443083006894233,0.1699897189980288,1120.3788030753692,1818.92996765627,1050.1597064634248,1120.3788030753692,1818.92996765627,1050.1597064634248,5.368646615558603,2.4546361142124438,1.4171848213031315,0.0,0.0,0.0,49.333333333333336,4.618802153517007,2.666666666666667,0.0,0.0,0.0,0.0,0.0,0.0,-0.008903098917795978,0.0005820330363976741,0.0003360369302414524,0.5982163694626282,0.6914149252136228,0.3991885931938101
RCZDT-MisalignedV,GPR-KG-AVB,vepm,axis,far_true_boundary,3,0.005153743737585495,0.0,0.0,75.0,0.0,0.0,0.6666666666666666,1.1547005383792517,0.6666666666666667,38.0,0.0,0.0,0.6666666666666666,1.1547005383792517,0.6666666666666667,0.0,0.0,0.0,37.333333333333336,1.1547005383792517,0.6666666666666667,37.0,0.0,0.0,0.3333333333333333,0.5773502691896258,0.33333333333333337,0.017543859649122806,0.0303868562731382,0.01754385964912281,0.03333333333333333,0.05773502691896259,0.03333333333333334,0.0,0.0,0.0,0.9824561403508771,0.030386856273138228,0.017543859649122823,0.010976711284488565,0.0,0.0,0.6139628796788905,0.6998596376284092,0.40406415017971603,0.6139485772062306,0.6999515894754256,0.4041172386033434,0.6139677812605401,0.6999303175262037,0.404104957237734,0.6161468605989692,0.6977536512424494,0.4028482583728724,0.4101732082653748,0.030092470592065986,0.017373895996910194,0.4954156754739911,0.03087868605258979,0.017827817704684657,0.38590629296535967,0.07487269938545585,0.043227773145146864,0.43522922373849493,0.08937814441743515,0.05160249573907543,0.13536467809207012,0.10669825349593881,0.0616022653779432,0.13784788740899231,0.10453794530143501,0.06035501086031388,0.18135610872703292,0.29443083006894233,0.1699897189980288,0.00016187034976850858,0.0,0.0,0.18119423837726445,0.29443083006894233,0.1699897189980288,1120.3788030753692,1818.92996765627,1050.1597064634248,1120.3788030753692,1818.92996765627,1050.1597064634248,5.368646615558603,2.4546361142124438,1.4171848213031315,0.0,0.0,0.0,37.333333333333336,1.1547005383792517,0.6666666666666667,0.0,0.0,0.0,0.0,0.0,0.0,-0.010999033408611516,0.00017136931156198058,9.894011816115034e-05,0.5951447340022095,0.6929400834912343,0.4000691437359459
RCZDT-MisalignedV,GPR-KG-AVB,vepm,axis,fn,3,0.005153743737585495,0.0,0.0,49.333333333333336,4.618802153517007,2.666666666666667,0.0,0.0,0.0,49.333333333333336,4.618802153517007,2.666666666666667,0.0,0.0,0.0,0.0,0.0,0.0,49.333333333333336,4.618802153517007,2.666666666666667,0.0,0.0,0.0,0.0,0.0,0.0,0.0,0.0,0.0,0.0,0.0,0.0,0.0,0.0,0.0,1.0,0.0,0.0,0.008903098917795978,0.0005820330363976741,0.0003360369302414524,0.5982163694626282,0.6914149252136228,0.3991885931938101,0.6071194683804243,0.6910388363632416,0.3989714581948033,0.6071194683804243,0.6910388363632416,0.3989714581948033,0.6098510054879263,0.6882425708010024,0.3973570335197188,0.464697458308814,0.20214376303646736,0.11670775600410836,0.5090115889337596,0.20332086635310542,0.11738735692083335,0.2831133534275145,0.04218322092538468,0.0243544939565563,0.3157079916662649,0.04905431858987287,0.02832152404277677,0.131132375012863,0.09640847022699227,0.05566145623771401,0.1335507716123574,0.09448164057436206,0.05454900061908541,0.181356108727033,0.29443083006894244,0.1699897189980289,0.00016187034976850856,4.6947331210536226e-20,2.710505431213761e-20,0.18119423837726445,0.29443083006894233,0.1699897189980288,1120.3788030753694,1818.9299676562705,1050.1597064634252,1120.3788030753692,1818.92996765627,1050.1597064634248,5.368646615558603,2.454636114212443,1.417184821303131,0.0,0.0,0.0,49.333333333333336,4.618802153517007,2.666666666666667,0.0,0.0,0.0,0.0,0.0,0.0,-0.008903098917795978,0.0005820330363976741,0.0003360369302414524,0.5982163694626282,0.6914149252136228,0.3991885931938101
RCZDT-MisalignedV,GPR-KG-AVB,vepm,axis,fp,3,0.005153743737585495,0.0,0.0,0.0,0.0,0.0,0.0,0.0,0.0,0.0,0.0,0.0,0.0,0.0,0.0,0.0,0.0,0.0,0.0,0.0,0.0,0.0,0.0,0.0,0.0,0.0,0.0,0.0,0.0,0.0,0.0,0.0,0.0,0.0,0.0,0.0,0.0,0.0,0.0,0.0,0.0,0.0,0.0,0.0,0.0,0.0,0.0,0.0,0.0,0.0,0.0,0.0,0.0,0.0,0.0,0.0,0.0,0.0,0.0,0.0,0.0,0.0,0.0,0.0,0.0,0.0,0.0,0.0,0.0,0.0,0.0,0.0,0.0,0.0,0.0,0.0,0.0,0.0,0.0,0.0,0.0,0.0,0.0,0.0,0.0,0.0,0.0,0.0,0.0,0.0,0.0,0.0,0.0,0.0,0.0,0.0,0.0,0.0,0.0,0.0,0.0,0.0,0.0,0.0,0.0,0.0,0.0,0.0
RCZDT-MisalignedV,GPR-KG-AVB,vepm,axis,high_t1,3,0.005153743737585495,0.0,0.0,34.0,0.0,0.0,2.6666666666666665,4.618802153517007,2.666666666666667,34.0,0.0,0.0,2.6666666666666665,4.618802153517007,2.666666666666667,0.0,0.0,0.0,31.333333333333332,4.618802153517007,2.666666666666667,0.0,0.0,0.0,0.3333333333333333,0.5773502691896258,0.33333333333333337,0.0784313725490196,0.13584712216226488,0.0784313725490196,0.12698412698412698,0.21994295969128597,0.12698412698412698,0.0,0.0,0.0,0.9215686274509803,0.1358471221622649,0.07843137254901962,0.009887803286603668,0.0,0.0,0.5803292531241395,0.6995573047758209,0.40388959822588927,0.5868897073605118,0.703363344246068,0.4060870161385828,0.5898201121958438,0.7000099500891256,0.40415093311937317,0.593403218343467,0.6961320698028507,0.40191203789220725,0.39302120470809276,0.12040699763633048,0.06951701249765004,0.44816615237039553,0.1267140069451164,0.07315836601985906,0.299231326427337,0.01897632571070643,0.010955986757306375,0.3515911084706129,0.03218048658015424,0.01857941258970519,0.12993525701710248,0.08458177487895045,0.04883331049489837,0.13524211827262925,0.07812899673253419,0.04510779729504401,0.181356108727033,0.29443083006894244,0.1699897189980289,0.0001618703497685085,0.0,0.0,0.18119423837726445,0.29443083006894233,0.1699897189980288,1120.3788030753692,1818.92996765627,1050.1597064634248,1120.3788030753692,1818.92996765627,1050.1597064634248,5.368646615558603,2.454636114212443,1.417184821303131,0.0,0.0,0.0,31.333333333333332,4.618802153517007,2.666666666666667,0.0,0.0,0.0,0.0,0.0,0.0,-0.010591941814607065,0.0012196037060686418,0.0007041385280033955,0.5831525645429841,0.6963489086573841,0.40203722986324286
RCZDT-MisalignedV,GPR-KG-AVB,vepm,axis,low_t1,3,0.005153743737585495,0.0,0.0,34.0,0.0,0.0,0.0,0.0,0.0,1.0,0.0,0.0,0.0,0.0,0.0,0.0,0.0,0.0,1.0,0.0,0.0,33.0,0.0,0.0,0.0,0.0,0.0,0.0,0.0,0.0,0.0,0.0,0.0,0.0,0.0,0.0,1.0,0.0,0.0,0.009887803286603668,0.0,0.0,0.6300866961477116,0.7192133847880265,0.41523804131214903,0.6201988928611081,0.7192133847880267,0.4152380413121491,0.6201988928611081,0.7192133847880267,0.4152380413121491,0.6207736456424133,0.7187090824112982,0.41494688219919196,0.4251630430664212,0.15843352342081082,0.09147163739566601,0.5186408006863306,0.19227314012073643,0.11100894920664182,0.483589269419009,0.08903138893690028,0.05140229636904565,0.5433791552957,0.10582991018914775,0.061100927136018376,0.13622849568887876,0.12907432679635358,0.07452109732134447,0.1376228506089556,0.12786506830684788,0.07382293160690852,0.181356108727033,0.29443083006894244,0.1699897189980289,0.0001618703497685085,0.0,0.0,0.18119423837726445,0.29443083006894233,0.1699897189980288,1120.3788030753692,1818.92996765627,1050.1597064634248,1120.3788030753692,1818.92996765627,1050.1597064634248,5.368646615558603,2.454636114212443,1.417184821303131,0.0,0.0,0.0,1.0,0.0,0.0,0.0,0.0,0.0,0.0,0.0,0.0,0.0,0.0,0.0,0.6133011414613103,0.7534242697236367,0.4349897049389389
RCZDT-MisalignedV,GPR-KG-AVB,vepm,axis,mid_t1,3,0.005153743737585495,0.0,0.0,33.0,0.0,0.0,0.0,0.0,0.0,17.0,0.0,0.0,0.0,0.0,0.0,0.0,0.0,0.0,17.0,0.0,0.0,16.0,0.0,0.0,0.0,0.0,0.0,0.0,0.0,0.0,0.0,0.0,0.0,0.0,0.0,0.0,1.0,0.0,0.0,0.00662435827929156,0.0,0.0,0.6298225748609557,0.6844091206592893,0.3951437900484757,0.6298225748609557,0.6844091206592893,0.3951437900484757,0.6298225748609557,0.6844091206592893,0.3951437900484757,0.6298756770119122,0.6843655557593742,0.3951186378417825,0.4277047046229283,0.11245241718115584,0.06492443333056443,0.49464037107829917,0.11715821069304931,0.06764132448140692,0.29213638022890837,0.013953308255560463,0.00805594627743366,0.3300913587281943,0.02122363838988842,0.012253473337585355,0.144208827114166,0.10057044630507415,0.05806437424675537,0.14436135667400082,0.10044451176466083,0.05799166590594747,0.18135610872703298,0.29443083006894233,0.1699897189980288,0.00016187034976850853,0.0,0.0,0.18119423837726445,0.29443083006894233,0.1699897189980288,1120.3788030753692,1818.92996765627,1050.1597064634248,1120.3788030753692,1818.92996765627,1050.1597064634248,5.368646615558603,2.4546361142124438,1.4171848213031315,0.0,0.0,0.0,17.0,0.0,0.0,0.0,0.0,0.0,0.0,0.0,0.0,-0.006429524212253572,0.0,0.0,0.6235462249866198,0.6824076167133912,0.39398822120652743
RCZDT-MisalignedV,GPR-KG-AVB,vepm,axis,near_true_boundary,3,0.005153743737585495,0.0,0.0,26.0,0.0,0.0,2.0,3.4641016151377544,2.0,14.0,0.0,0.0,2.0,3.4641016151377544,2.0,0.0,0.0,0.0,12.0,3.4641016151377544,2.0,12.0,0.0,0.0,0.3333333333333333,0.5773502691896258,0.33333333333333337,0.14285714285714285,0.24743582965269673,0.14285714285714285,0.19999999999999998,0.34641016151377546,0.2,0.0,0.0,0.0,0.8571428571428571,0.24743582965269675,0.14285714285714288,0.002604657706501101,0.0,0.0,0.6111950488360651,0.7046819420232452,0.4068483089201889,0.6068851572107428,0.7092299770582194,0.40947411817191515,0.6106618287618228,0.7050509001467025,0.40706132699208664,0.6146141942725148,0.7013533541646508,0.4049265478240081,0.42959727142257703,0.2062450920448162,0.11907565941111378,0.4924724120347685,0.21367389170549292,0.12336467889496129,0.28128572438183713,0.08951263443628732,0.051680143587663055,0.36143860447576026,0.08386850663408794,0.048421504881722595,0.14061953961021456,0.09873194553107041,0.057002915329978976,0.1463423472064391,0.0948961537243643,0.05478831989782184,0.18135610872703298,0.29443083006894233,0.1699897189980288,0.00016187034976850853,0.0,0.0,0.18119423837726448,0.2944308300689424,0.16998971899802887,1120.3788030753694,1818.9299676562705,1050.1597064634252,1120.3788030753692,1818.92996765627,1050.1597064634248,5.368646615558603,2.4546361142124438,1.4171848213031315,0.0,0.0,0.0,12.0,3.4641016151377544,2.0,0.0,0.0,0.0,0.0,0.0,0.0,-0.00224881192685921,2.470506466769472e-05,1.426347573624066e-05,0.6118770668249665,0.6817163296980382,0.393589106462126
RCZDT-MisalignedV,GPR-KG-AVB,vepm,axis,tn,3,0.005153743737585495,0.0,0.0,49.0,0.0,0.0,0.0,0.0,0.0,0.0,0.0,0.0,0.0,0.0,0.0,0.0,0.0,0.0,0.0,0.0,0.0,49.0,0.0,0.0,0.0,0.0,0.0,0.0,0.0,0.0,0.0,0.0,0.0,0.0,0.0,0.0,0.0,0.0,0.0,0.00909157598679256,0.0,0.0,0.6325205239428549,0.7078526717049433,0.4086789305554448,0.6234289479560622,0.7078526717049429,0.40867893055544463,0.6234289479560622,0.7078526717049429,0.40867893055544463,0.6241292610512895,0.7072577281984948,0.40833543976184417,0.379612804635688,0.14989307834714055,0.08654080913338327,0.4617572986673774,0.1701095703545848,0.09821280623595112,0.4187400116585252,0.09507137151045165,0.054889481933786184,0.4849876951631395,0.11039773357273666,0.0637381611961441,0.13868758812954315,0.11935958725860991,0.06891228983412107,0.14052804231245267,0.11779677147258581,0.06800999771936625,0.18135610872703298,0.29443083006894233,0.1699897189980288,0.00016187034976850856,0.0,0.0,0.18119423837726445,0.29443083006894233,0.1699897189980288,1120.3788030753692,1818.92996765627,1050.1597064634248,1120.3788030753692,1818.92996765627,1050.1597064634248,5.368646615558603,2.4546361142124438,1.4171848213031315,0.0,0.0,0.0,0.0,0.0,0.0,0.0,0.0,0.0,0.0,0.0,0.0,0.0,0.0,0.0,0.0,0.0,0.0
RCZDT-MisalignedV,GPR-KG-AVB,vepm,axis,tp,3,0.005153743737585495,0.0,0.0,2.6666666666666665,4.618802153517007,2.666666666666667,2.6666666666666665,4.618802153517007,2.666666666666667,2.6666666666666665,4.618802153517007,2.666666666666667,2.6666666666666665,4.618802153517007,2.666666666666667,0.0,0.0,0.0,0.0,0.0,0.0,0.0,0.0,0.0,0.3333333333333333,0.5773502691896258,0.33333333333333337,0.3333333333333333,0.5773502691896258,0.33333333333333337,0.3333333333333333,0.5773502691896258,0.33333333333333337,0.0,0.0,0.0,0.0,0.0,0.0,0.0010074842128568564,0.001745013844491613,0.0010074842128568566,0.00707061673174154,0.012246667420222948,0.007070616731741539,-0.006063132518884683,0.010501653575731336,0.006063132518884683,0.006391088031276348,0.011069689185815985,0.006391088031276348,0.007803744417916554,0.013516481821113487,0.007803744417916555,0.09199196253132019,0.15933475299221905,0.0919919625313202,0.10891404203918066,0.18864465446955353,0.10891404203918068,0.2096219110315444,0.36307580028631786,0.20962191103154443,0.21724086252135721,0.3762722113670762,0.21724086252135724,0.035248139404417136,0.06105156832072107,0.035248139404417136,0.03558887722971646,0.061641743546200015,0.03558887722971646,0.001449910790607385,0.0025113191557743506,0.0014499107906073851,5.395678325616951e-05,9.345589001266728e-05,5.3956783256169514e-05,0.0013959540073512156,0.002417863265761683,0.0013959540073512156,8.957235174205211,15.514386417066492,8.957235174205213,8.957235174205211,15.514386417066492,8.957235174205213,1.0970246312428824,1.9001023984671845,1.0970246312428826,0.0,0.0,0.0,0.0,0.0,0.0,0.0,0.0,0.0,0.0,0.0,0.0,0.0,0.0,0.0,0.0,0.0,0.0
RCZDT-MisalignedV,GPR-KG-AVB,vepm,combined,all,3,0.0051537437375854984,9.179293821800323e-18,5.299667758987085e-18,1181.0,0.0,0.0,424.0,285.9318100526767,165.08280750378987,598.0,7.54983443527075,4.358898943540674,238.33333333333334,168.01884814904943,97.00572720778455,185.66666666666666,117.93359713556325,68.08899405271832,359.6666666666667,171.8875601471303,99.23932912129368,397.3333333333333,114.54402356008511,66.13202283647797,0.5514737804551721,0.024267546263677036,0.014010874367905634,0.3997769837948517,0.2855608864418057,0.16486865465720468,0.42844008248860593,0.20729697333076644,0.11968296335471268,0.3176832793262064,0.19893706191631963,0.11485636624918039,0.6002230162051484,0.28556088644180566,0.16486865465720466,0.00877911674700351,9.019559988152003e-05,5.207445387131537e-05,0.4444819705864169,0.5751807193300774,0.3320807431379028,0.3766206590785312,0.6131935534165784,0.35402746313040473,0.4438731920241768,0.5754536102682432,0.3322382967945122,0.5487160843720745,0.7113392293734807,0.41069189556392005,0.3979160461661993,0.038169652900768236,0.022037259377133123,0.5092551413269734,0.05600234875853597,0.032332971130992046,0.3801149710644393,0.02246423928619696,0.012969734599025982,0.4944180049284032,0.03989281514857884,0.023032127564763975,0.0957147569842487,0.0469240013148973,0.027091584790610312,0.12223092767069339,0.05952080653192246,0.03436435367358907,0.23687929094776572,0.39074429955088175,0.22559632653001335,0.00645831104305199,0.0001601066652063455,9.243762625593686e-05,0.36490036883715987,0.6176132892723791,0.3565791988164983,245.31645551734235,399.18365847070487,230.4687926741611,84.81537213697419,141.65002840394848,81.7816820297378,3.1799546699710732,1.9813090151637371,1.143909293252616,185.66666666666666,117.93359713556325,68.08899405271832,359.6666666666667,171.8875601471303,99.23932912129368,0.008907641352775319,0.00030681116375883265,0.00017713750798654438,-0.07945913332035398,0.016680650753100313,0.0096305782025606,-0.008719069130299892,0.000568747287404241,0.000328366399483708,0.4989767307432436,0.6701165569597971,0.3868919745491641
RCZDT-MisalignedV,GPR-KG-AVB,vepm,combined,far_true_boundary,3,0.0051537437375854984,9.179293821800323e-18,5.299667758987085e-18,881.6666666666666,4.163331998932265,2.4037008503093262,310.3333333333333,202.19380142163936,116.73664567925724,439.0,2.6457513110645907,1.5275252316519468,173.66666666666666,120.09301950293919,69.33573713781692,136.66666666666666,82.20300075625788,47.4599246148205,265.3333333333333,122.68795105198119,70.83392156618497,306.0,83.71977066380438,48.3356321292412,0.5482618969732762,0.026152238280627165,0.015099001811231331,0.3966859980949103,0.2764566445601759,0.15961231815607824,0.42803544571704677,0.200906978235547,0.11599369796636735,0.30916190525993814,0.18688115066719285,0.10789588264417081,0.6033140019050897,0.27645664456017593,0.15961231815607826,0.010893007434406701,0.00015268325719731347,8.81517196436178e-05,0.4303004492840292,0.5530667641570877,0.31931324516592985,0.36508786146696,0.5876676739514807,0.33929008974992864,0.42953034379162336,0.5534468094256012,0.3195326644040104,0.531912536446851,0.6862602142657942,0.3962125194404866,0.4145814746874879,0.02448891282738551,0.014138680413052303,0.5295733167692092,0.045591901671028646,0.02632249670263534,0.40165575083721244,0.01666009102722713,0.009618708039293253,0.5198563417278784,0.03694248044411524,0.021328751028942418,0.0936100640097306,0.04742593154008875,0.027381374341239002,0.11981281327317107,0.060068060899404016,0.03468031112996974,0.2218323667370626,0.3645837507464817,0.21049252663564463,0.006504104187541461,0.00013179057725939513,7.608932525736795e-05,0.3373989457258543,0.5699899320057809,0.3290838406789141,243.97382683029306,396.79294011827005,229.08851078982627,83.01377890619213,138.49311357505096,79.95903640346509,3.166536607372731,1.9533835546348985,1.1277865210990468,136.66666666666666,82.20300075625788,47.4599246148205,265.3333333333333,122.68795105198119,70.83392156618497,0.010852971492674696,2.5616281759297765e-05,1.4789567169367866e-05,-0.0779514279353892,0.015340032622283603,0.00885657196385308,-0.010931851962742012,0.00047771427056998207,0.0002758084627093049,0.48098018334293074,0.6455673293871801,0.37271847140171627
RCZDT-MisalignedV,GPR-KG-AVB,vepm,combined,fn,3,0.0051537437375854984,9.179293821800323e-18,5.299667758987085e-18,359.6666666666667,171.8875601471303,99.23932912129368,0.0,0.0,0.0,359.6666666666667,171.8875601471303,99.23932912129368,0.0,0.0,0.0,0.0,0.0,0.0,359.6666666666667,171.8875601471303,99.23932912129368,0.0,0.0,0.0,0.0,0.0,0.0,0.0,0.0,0.0,0.0,0.0,0.0,0.0,0.0,0.0,1.0,0.0,0.0,0.008719069130299892,0.000568747287404241,0.000328366399483708,0.4989767307432436,0.6701165569597971,0.3868919745491641,0.5076957998735435,0.6697069772697007,0.3866555036048323,0.5076957998735435,0.6697069772697007,0.3866555036048323,0.5898280789531708,0.7795988382535113,0.4501015991255843,0.319991902077088,0.0462450446039102,0.026699588950753805,0.4017183955177927,0.03993499285268072,0.023056478873580998,0.2605216325219369,0.01911496335225762,0.01103602923697577,0.3316152049628094,0.04043759578073528,0.023346656809388792,0.07724526178410968,0.05038698756577673,0.029090940834755524,0.0981450546274618,0.06343621779769008,0.0366249174218681,0.2845991535024978,0.4718472920814352,0.2724211610996126,0.004375317507936246,0.001287532281665574,0.0007433571094099523,0.41458428172402745,0.7015201391774535,0.40502284119604653,298.10790917659693,476.67385082237735,275.2077760879551,128.44555808871831,202.67318126833555,117.01341576279135,3.6695861290636436,1.986078557631861,1.1466629898804985,0.0,0.0,0.0,359.6666666666667,171.8875601471303,99.23932912129368,0.0,0.0,0.0,0.0,0.0,0.0,-0.008719069130299892,0.000568747287404241,0.000328366399483708,0.4989767307432436,0.6701165569597971,0.3868919745491641
RCZDT-MisalignedV,GPR-KG-AVB,vepm,combined,fp,3,0.0051537437375854984,9.179293821800323e-18,5.299667758987085e-18,185.66666666666666,117.93359713556325,68.08899405271832,185.66666666666666,117.93359713556325,68.08899405271832,0.0,0.0,0.0,0.0,0.0,0.0,185.66666666666666,117.93359713556325,68.08899405271832,0.0,0.0,0.0,0.0,0.0,0.0,0.0,0.0,0.0,0.0,0.0,0.0,0.0,0.0,0.0,1.0,0.0,0.0,0.0,0.0,0.0,0.008907641352775319,0.00030681116375883265,0.00017713750798654438,0.07945913332035398,0.016680650753100313,0.0096305782025606,-0.08836677467312931,0.016660878270275396,0.009619162554279087,0.08836677467312931,0.016660878270275396,0.009619162554279087,0.10295842704301651,0.020013706624387697,0.011554918907072434,0.44010324070437595,0.17245797629421705,0.09956865903736432,0.5289119936349099,0.19503685494197412,0.11260458070264676,0.44270171514034357,0.19019995731321193,0.10981199655463825,0.5331670968812446,0.20946757774212516,0.12093616239591483,0.10032046119548078,0.03996580852937678,0.023074270312816725,0.113534316397319,0.04360715793121986,0.025176604370184312,0.013024538767214119,0.006704779132411154,0.0038710060369545655,0.011675887115953769,0.003905130178324764,0.002254627959676334,0.006078318704229557,0.0034592642360091208,0.0019972071378579113,2.065803106272376,1.6546819224821097,0.9553310533682535,1.2960491093868414,0.3855839195674424,0.2226169797574539,0.8278104267101999,0.4539548165947477,0.2620909355609048,185.66666666666666,117.93359713556325,68.08899405271832,0.0,0.0,0.0,0.008907641352775319,0.00030681116375883265,0.00017713750798654438,-0.07945913332035398,0.016680650753100313,0.0096305782025606,0.0,0.0,0.0,0.0,0.0,0.0
RCZDT-MisalignedV,GPR-KG-AVB,vepm,combined,high_t1,3,0.0051537437375854984,9.179293821800323e-18,5.299667758987085e-18,386.6666666666667,7.571877794400365,4.371625682868,166.66666666666666,122.31652927275746,70.61948110196727,386.6666666666667,7.571877794400365,4.371625682868,166.66666666666666,122.31652927275746,70.61948110196727,0.0,0.0,0.0,220.0,115.8792474949678,66.90291473471093,0.0,0.0,0.0,1.0,0.0,0.0,0.42757040137992514,0.30947812265586994,0.17867727742366654,0.5555362504913488,0.30299512871065243,0.17493431912424048,0.0,0.0,0.0,0.5724295986200748,0.30947812265586994,0.17867727742366654,0.009736207647149829,0.0001065827729373471,6.153559264635411e-05,0.4390730112426367,0.5570019201674774,0.3215852085478315,0.35239844077913157,0.6125873757639487,0.35367748629948226,0.44115013151924565,0.5612534615160083,0.32403983708987666,0.5490648062152623,0.6980085759995002,0.4029954392499788,0.3471372962220856,0.04104017457581896,0.023694555838938314,0.4258239906920374,0.03749531265995862,0.02164792885757629,0.3204655198717679,0.061359419309262093,0.03542587725552159,0.3988263964915329,0.0754681094672082,0.043571533316124796,0.10195120476283366,0.047379466258813126,0.027354547598586552,0.12676769952789543,0.05645399920723004,0.032593731639125184,0.2387133223589617,0.3937957689429403,0.22735809320494227,0.006554984574447173,0.0001634313233138873,9.435711850928959e-05,0.3855400848782696,0.6538878038422068,0.37752229956811134,255.9929835267645,417.44577203312366,241.01242885539511,85.48754092726715,143.17447983260362,82.66182447243835,3.1940612791986704,1.9960378073648324,1.1524129653947564,0.0,0.0,0.0,220.0,115.8792474949678,66.90291473471093,0.0,0.0,0.0,0.0,0.0,0.0,-0.01052118611101052,0.0012643833262866429,0.0007299920537904677,0.4844513652657249,0.663427430195166,0.38303000541096077
RCZDT-MisalignedV,GPR-KG-AVB,vepm,combined,low_t1,3,0.0051537437375854984,9.179293821800323e-18,5.299667758987085e-18,395.3333333333333,11.015141094572202,6.3595946761129705,128.33333333333334,89.00187263947502,51.38525512678169,11.666666666666666,2.081665999466133,1.2018504251546633,5.666666666666667,3.214550253664318,1.855921454276674,122.66666666666667,86.00193796266066,49.65324203357163,6.0,5.291502622129181,3.0550504633038935,261.0,95.01578816175763,54.85739087245523,0.047470658873509576,0.009303802023193471,0.005371552602577736,0.5264069264069264,0.3420921545751195,0.1975069975316043,0.08198542653700164,0.015799097310424063,0.009121613085126426,0.3233648004656408,0.23228572121681557,0.13411022367343484,0.47359307359307357,0.34209215457511943,0.19750699753160428,0.009893076706853481,0.00012658115265941756,7.308166256224785e-05,0.44423380103063553,0.583265303613707,0.3367483800503426,0.38050299846807106,0.6196932149345195,0.35778004445742945,0.4407182465310908,0.579408049739621,0.3345213934878063,0.5396912830806134,0.7111991129605304,0.4106109993151853,0.5331058336549346,0.09655789970331262,0.05574772938609243,0.6554621671464225,0.11579649080359973,0.06685513513667234,0.5360786133644977,0.08473898472879604,0.04892407564402598,0.655985293151249,0.09185478933202719,0.05303238734720227,0.0962916353064397,0.05241122798120111,0.03025963658350531,0.12418591841743654,0.0704549696576529,0.040677195697592816,0.2235330950661021,0.36789143408328057,0.2124022185005395,0.006266137010377174,0.0002161215080132985,0.00012477781082914576,0.3376335171695432,0.5701518143109374,0.32917730347137325,247.70952493450707,403.1433054898514,232.75489594656125,88.17264335850633,147.231477618575,85.00413323627065,3.1811203335126392,1.9909919214067293,1.1494997217785454,122.66666666666667,86.00193796266066,49.65324203357163,6.0,5.291502622129181,3.0550504633038935,0.01012099419024924,0.000682385274352902,0.00039397532183868463,-0.0771421543243725,0.016637231876184152,0.009605510302285142,0.0,0.0,0.0,0.6313449722243502,0.9486563492475543,0.5477069986065232
RCZDT-MisalignedV,GPR-KG-AVB,vepm,combined,mid_t1,3,0.0051537437375854984,9.179293821800323e-18,5.299667758987085e-18,399.0,5.291502622129181,3.0550504633038935,129.0,75.34586916347837,43.50095784386056,199.66666666666666,9.237604307034012,5.333333333333333,66.0,43.034869582700026,24.8461935381123,63.0,32.90896534380867,19.0,133.66666666666666,51.39390365922142,29.672284112357183,136.33333333333334,19.553345834749955,11.289129481250734,0.4896587615637927,0.084486480679345,0.04877829236310396,0.33709295823116964,0.2334665410508383,0.1347919703224723,0.376861156005278,0.18643024928872512,0.1076355546119345,0.3097851689408707,0.13869697404016837,0.08007673529787775,0.6629070417688303,0.23346654105083833,0.13479197032247234,0.006748224376672136,0.00021800136858626744,0.00012586314883698835,0.4496480913025463,0.5845458236381456,0.33748768863115486,0.39616040209692427,0.607032198872534,0.35047020342582796,0.44945935672560305,0.5851983085171465,0.33786440095168824,0.5563122396516677,0.7251864581496356,0.4186865968253634,0.3112049381606925,0.0545669481965774,0.031504242230150324,0.39678484313989704,0.059627031015055336,0.034425682407520364,0.2812048516374383,0.02803042721947839,0.016183374700666064,0.364801387692874,0.04144014657891241,0.02392547978259263,0.08886201415533575,0.043499497279823454,0.025114446464119467,0.11365834524182732,0.054360866089118255,0.03138526066993363,0.2487742054194918,0.4112167237629307,0.23741608615980406,0.006553494644305327,0.0001899236178738009,0.00010965245190490656,0.37143272036309183,0.6286736669942168,0.3629649108715402,232.6983188601457,377.75148875590844,218.09492372000565,82.21859575576981,137.07771303771537,79.14185452222324,3.1642938507703104,1.9590843786186118,1.1310778933606462,63.0,32.90896534380867,19.0,133.66666666666666,51.39390365922142,29.672284112357183,0.006894691326058755,0.0006044175492632414,0.00034896063477006636,-0.08075336533384342,0.01940161909521388,0.011201530007336319,-0.006390914451469279,0.0001917658617306309,0.00011071607189156032,0.5121146235455003,0.6673357923952383,0.38528649937926307
RCZDT-MisalignedV,GPR-KG-AVB,vepm,combined,near_true_boundary,3,0.0051537437375854984,9.179293821800323e-18,5.299667758987085e-18,299.3333333333333,4.163331998932266,2.4037008503093267,113.66666666666667,83.76355611680616,48.36091167231836,159.0,6.082762530298219,3.511884584284246,64.66666666666667,48.05552344250693,27.74486939557975,49.0,35.76310948449533,20.647840887931437,94.33333333333333,49.21720566360237,28.415566938642005,91.33333333333333,31.13411847689498,17.97529168361702,0.5604938680625727,0.028341893042737747,0.01636319957756822,0.40812082075199063,0.3114964453758695,0.17984255658936985,0.4286018251179833,0.22672219360008466,0.13089811950627134,0.3438372216895707,0.23497959406671712,0.13566553188848812,0.5918791792480094,0.3114964453758695,0.17984255658936985,0.0025538619318829343,7.810676754776086e-05,4.5094963269231265e-05,0.4867661660566828,0.6414765235215584,0.37035664353399705,0.41127890155313324,0.6893525271725773,0.39799786712963636,0.48662601566766867,0.6414509183866443,0.37034186040246175,0.5955886994461318,0.782126183038482,0.4515607623175221,0.34922390890383287,0.07948657741718954,0.04589159686877641,0.4422130584863964,0.09532213222750019,0.05503425870127634,0.3169030465560664,0.04250162840669155,0.024538326601600813,0.4102402903033999,0.05026434402392947,0.02902013255285564,0.10183789747971601,0.04594724278155522,0.026527652988452,0.12877060585276104,0.05860510068374738,0.033835670655646674,0.2818690309691014,0.46896054500577866,0.2707544968983999,0.00632092059539604,0.0003371172748058724,0.0001946347493576435,0.4367852431144394,0.7421069402908689,0.4284556417444227,249.33166001587676,406.33089050198384,234.59524901138073,91.5742270718451,153.4968015511388,88.62141969529655,3.21933591862472,2.0636381895571483,1.1914420642508117,49.0,35.76310948449533,20.647840887931437,94.33333333333333,49.21720566360237,28.415566938642005,0.0031030933765744903,0.00031692127440811235,0.00018297458309144294,-0.08447548113751975,0.021645210992589464,0.012496868393237773,-0.0022939248612101285,0.0002086954886413371,0.00012049039654573647,0.5495034034789444,0.736145084219864,0.42501356253695827
RCZDT-MisalignedV,GPR-KG-AVB,vepm,combined,tn,3,0.0051537437375854984,9.179293821800323e-18,5.299667758987085e-18,397.3333333333333,114.54402356008511,66.13202283647797,0.0,0.0,0.0,0.0,0.0,0.0,0.0,0.0,0.0,0.0,0.0,0.0,0.0,0.0,0.0,397.3333333333333,114.54402356008511,66.13202283647797,0.0,0.0,0.0,0.0,0.0,0.0,0.0,0.0,0.0,0.0,0.0,0.0,0.0,0.0,0.0,0.009198977448995787,0.00016065670893838192,9.275519415269417e-05,0.4986681397211365,0.6536108828637668,0.37736241916666474,0.4894691622721406,0.6537418257867087,0.37743801909847374,0.4897677967050265,0.653500135957065,0.37729847941026856,0.5732192828180238,0.7613465295885057,0.43956362380451114,0.4763845670095019,0.16317051624996246,0.09420654148072603,0.587467086939551,0.19399851926275408,0.11200509731873987,0.4863802590999226,0.12985980723290086,0.07497459466282823,0.6008510305609135,0.14655781957483538,0.08461519658337581,0.08012350405807257,0.06001842632239257,0.03465165459357107,0.10512626836399401,0.07951141923406774,0.0459059392984382,0.2580576047336783,0.4258548576228684,0.24586741668427284,0.004693523855026883,0.0015124679594944544,0.0008732237835548073,0.368028966375659,0.6207892228337165,0.3584128249130648,273.3922943975,437.33359522607213,252.4946689294396,110.80099436742246,173.1093896471261,99.94475271202008,3.5167772564281417,2.006031285963623,1.1581827029539091,0.0,0.0,0.0,0.0,0.0,0.0,0.0,0.0,0.0,0.0,0.0,0.0,0.0,0.0,0.0,0.0,0.0,0.0
RCZDT-MisalignedV,GPR-KG-AVB,vepm,combined,tp,3,0.0051537437375854984,9.179293821800323e-18,5.299667758987085e-18,238.33333333333334,168.01884814904943,97.00572720778455,238.33333333333334,168.01884814904943,97.00572720778455,238.33333333333334,168.01884814904943,97.00572720778455,238.33333333333334,168.01884814904943,97.00572720778455,0.0,0.0,0.0,0.0,0.0,0.0,0.0,0.0,0.0,1.0,0.0,0.0,1.0,0.0,0.0,1.0,0.0,0.0,0.0,0.0,0.0,0.0,0.0,0.0,0.008511256546010882,0.00012345962182242309,7.127944589322537e-05,0.10168795260977416,0.03265813616751772,0.01885518370754781,-0.09317669606376329,0.03255478173562771,0.018795511998474172,0.09368368154526725,0.03209067523585342,0.01852755998589683,0.11469977897752709,0.03743244739852795,0.02161163358196662,0.3151720309272512,0.06124340061342579,0.035358893830249476,0.38528969113379424,0.0721680588276047,0.04166624819101032,0.30395569158389796,0.06518952023902967,0.03763718705834634,0.37647554865587307,0.07641685830895463,0.04411929371530045,0.10622950377461664,0.05408427627652799,0.03122557146717953,0.12368049770172973,0.057996491674908585,0.03348429008056236,0.012589880209039117,0.00557381429685764,0.003218043184703743,0.011356988781118538,0.003520686745794279,0.002032669440416675,0.005557364933760085,0.003592269315300338,0.002073997656190283,2.3081670438250064,2.109125315902881,1.2177040688911829,1.2555974973785677,0.36324497889753865,0.2097195863482739,0.8355810178727724,0.523066891434997,0.30199281057417626,0.0,0.0,0.0,0.0,0.0,0.0,0.0,0.0,0.0,0.0,0.0,0.0,0.0,0.0,0.0,0.0,0.0,0.0
RCZDT-MisalignedV,GPR-KG-AVB,vepm,random,all,3,0.0051537437375855045,8.020165264942835e-18,4.630444574660032e-18,1000.0,0.0,0.0,362.6666666666667,274.704083211978,158.60047638992486,505.6666666666667,8.144527815247077,4.702245326555294,203.33333333333334,162.86292805096357,94.02895535123447,159.33333333333334,111.85854161991087,64.5815591154145,302.3333333333333,164.87975416446173,95.19337045077131,335.0,110.50339361304701,63.799164048859865,0.539658011432205,0.04425809437031983,0.025552422698524015,0.40295839296535535,0.32660754259255376,0.1885669526351731,0.41796213127861637,0.24204219032547628,0.13974312373966036,0.32188073255220195,0.22314881464945163,0.12883502820720683,0.5970416070346446,0.3266075425925538,0.18856695263517312,0.00883042006828199,0.0001076268815437122,6.21384090313022e-05,0.4521094834043899,0.6023877937586549,0.3477887548831042,0.38461436974220237,0.6478422221277339,0.37403188133785253,0.45143786740096364,0.6026993690118679,0.3479686429394196,0.5534025870411258,0.7400749498394121,0.4272824715102834,0.4042605876656804,0.035685541542487736,0.020603057015732867,0.517709766899233,0.05397792076036391,0.031164167081292393,0.3904747451201243,0.02317419989821182,0.013379630549486793,0.5086016543301816,0.04277312407594926,0.02469507469933057,0.0933148315012815,0.04831082210839797,0.02789226614905569,0.11891725299914883,0.06338930006768163,0.036597829457817956,0.25726323130618883,0.42520095666155633,0.24548988678823597,0.0068516503375670125,7.344381374280291e-05,4.240280563472e-05,0.3776787520783739,0.6406302138166263,0.36986802639803673,174.90296778373536,285.33211088499456,164.73657102789576,81.89147421355317,137.3585987354096,79.30402395539852,2.9601940345378304,2.0439931528811104,1.180099997037661,159.33333333333334,111.85854161991087,64.5815591154145,302.3333333333333,164.87975416446173,95.19337045077131,0.008925253992144984,0.00034375440251492595,0.00019846669682711148,-0.07392138500544328,0.019846788485162924,0.01145854867445838,-0.008755126168310066,0.0006459053741701221,0.00037291364164814596,0.4904548879988497,0.680979772516142,0.3931638549748847
RCZDT-MisalignedV,GPR-KG-AVB,vepm,random,far_true_boundary,3,0.0051537437375855045,8.020165264942835e-18,4.630444574660032e-18,741.3333333333334,3.214550253664318,1.855921454276674,266.3333333333333,196.04166223875305,113.18470646592577,368.3333333333333,2.516611478423583,1.4529663145135578,149.33333333333334,117.8233140483382,68.02532208262188,117.0,78.30708780180757,45.210618221829264,219.0,115.30828244319659,66.57326790837296,256.0,78.1728853247723,45.13313638558703,0.5410231461005455,0.04053545105882187,0.02340315358053371,0.40398837567724316,0.31662571936990774,0.18280394431057514,0.42283011016221184,0.23112215472713443,0.1334384382473974,0.31361978753765657,0.20926124712487765,0.12081703735850492,0.5960116243227568,0.31662571936990774,0.18280394431057514,0.010983055218641048,0.0001384340507728874,7.992493647873687e-05,0.4340550972658875,0.5738906372573088,0.33133591390591316,0.36932306153139516,0.6152950928073352,0.35524078746337073,0.4332011120977545,0.5743128130790355,0.33157965723023236,0.5360628654057258,0.7143563404344244,0.4124338254471309,0.4243741031529427,0.023740312882625778,0.013706476033429935,0.5426113148263709,0.04575956007440412,0.026419294326956073,0.41336240807365615,0.018792954985925616,0.010850117619992675,0.5368452275342016,0.04188622979614457,0.024183026048142594,0.09081687226083596,0.048281837871729266,0.02787553209221276,0.11597802130007455,0.06380519405237899,0.036837945961837315,0.24174903524836436,0.39831403277901195,0.22996671404696797,0.006903395215288213,0.0001933493342251192,0.00011163029016250749,0.3617673412367976,0.6130577485029381,0.35394905612695726,172.77621083610234,281.5906573634851,162.5764418300918,78.70909055303903,131.78129232096268,76.08396459566457,2.940841377660051,1.9978492782357045,1.1534588185896837,117.0,78.30708780180757,45.210618221829264,219.0,115.30828244319659,66.57326790837296,0.010844126665892878,0.0002030936687873356,0.00011725618434507691,-0.07189736112749161,0.019866651728204582,0.01147001672317546,-0.011045651461387154,0.0005409135611648748,0.0003122965901468596,0.4766017791694431,0.6630323587896165,0.38280191082861764
RCZDT-MisalignedV,GPR-KG-AVB,vepm,random,fn,3,0.0051537437375855045,8.020165264942835e-18,4.630444574660032e-18,302.3333333333333,164.87975416446173,95.19337045077131,0.0,0.0,0.0,302.3333333333333,164.87975416446173,95.19337045077131,0.0,0.0,0.0,0.0,0.0,0.0,302.3333333333333,164.87975416446173,95.19337045077131,0.0,0.0,0.0,0.0,0.0,0.0,0.0,0.0,0.0,0.0,0.0,0.0,0.0,0.0,0.0,1.0,0.0,0.0,0.008755126168310066,0.0006459053741701221,0.00037291364164814596,0.4904548879988497,0.680979772516142,0.3931638549748847,0.4992100141671596,0.6804784066913474,0.39287439128097706,0.4992100141671596,0.6804784066913474,0.39287439128097706,0.5810709308067242,0.7950445968050398,0.4590192119831472,0.28896348827869384,0.02199779027695549,0.012700430137977186,0.36641286054105143,0.030839031935816507,0.017804923389691127,0.2596786400905278,0.0235256155693927,0.013582520481840527,0.33660179986936994,0.04350671517251184,0.02511861371640609,0.07110010374235866,0.04774233933593882,0.02756405246734674,0.09092986631484973,0.0643222907364094,0.03713649187155934,0.2965965433336675,0.4916593443159978,0.28385965479043623,0.005285793941267138,0.0017295790560125737,0.0009985729335735983,0.4102449515246211,0.6946161958359878,0.40103684764938136,206.01228230258778,332.2655764985024,191.83362003385656,101.36173005982681,162.58848372066515,93.87050484325911,3.2468193372356615,2.1834495567053476,1.2606151893258015,0.0,0.0,0.0,302.3333333333333,164.87975416446173,95.19337045077131,0.0,0.0,0.0,0.0,0.0,0.0,-0.008755126168310066,0.0006459053741701221,0.00037291364164814596,0.4904548879988497,0.680979772516142,0.3931638549748847
RCZDT-MisalignedV,GPR-KG-AVB,vepm,random,fp,3,0.0051537437375855045,8.020165264942835e-18,4.630444574660032e-18,159.33333333333334,111.85854161991087,64.5815591154145,159.33333333333334,111.85854161991087,64.5815591154145,0.0,0.0,0.0,0.0,0.0,0.0,159.33333333333334,111.85854161991087,64.5815591154145,0.0,0.0,0.0,0.0,0.0,0.0,0.0,0.0,0.0,0.0,0.0,0.0,0.0,0.0,0.0,1.0,0.0,0.0,0.0,0.0,0.0,0.008925253992144984,0.00034375440251492595,0.00019846669682711148,0.07392138500544328,0.019846788485162924,0.01145854867445838,-0.08284663899758826,0.019673853264048812,0.011358704477995779,0.08284663899758826,0.019673853264048812,0.011358704477995779,0.09670822288288022,0.023553901752747353,0.013598851517414683,0.475045084893712,0.20659158818658624,0.11927570905183789,0.5574021557706308,0.22153485006599064,0.12790320532048308,0.4864579997852403,0.2389411180918511,0.1379527188508004,0.5656205076163193,0.24298107149527376,0.14028518703578002,0.11033419176317205,0.04713382368726434,0.02721272579377843,0.12149417857981286,0.04854738198454548,0.028028844057228924,0.01547965321517344,0.009623044091474983,0.005555867096636719,0.011849233253223226,0.004745407409211072,0.0027397622451224572,0.005487459383191763,0.004834952443088642,0.0027914610945362663,2.332998802311326,1.7978670426625243,1.037999021048365,1.4467758370297423,0.4777199586540881,0.2758117467261947,0.7074387667030401,0.6092667789419791,0.3517603388304479,159.33333333333334,111.85854161991087,64.5815591154145,0.0,0.0,0.0,0.008925253992144984,0.00034375440251492595,0.00019846669682711148,-0.07392138500544328,0.019846788485162924,0.01145854867445838,0.0,0.0,0.0,0.0,0.0,0.0
RCZDT-MisalignedV,GPR-KG-AVB,vepm,random,high_t1,3,0.0051537437375855045,8.020165264942835e-18,4.630444574660032e-18,327.0,10.44030650891055,6.027713773341709,143.0,117.04272724095249,67.57465007925187,327.0,10.44030650891055,6.027713773341709,143.0,117.04272724095249,67.57465007925187,0.0,0.0,0.0,184.0,108.34666584625482,62.55397669213366,0.0,0.0,0.0,1.0,0.0,0.0,0.4310623159876461,0.3472836896796636,0.20050433172172025,0.5475132018310483,0.3426188606448179,0.19781109142272849,0.0,0.0,0.0,0.5689376840123539,0.34728368967966355,0.20050433172172022,0.009870328970536206,0.00010108526972855308,5.836160768888605e-05,0.4469019247829617,0.5806298308797139,0.3352267891579297,0.360526079607182,0.6476504931486545,0.3739211865601696,0.44877250112456935,0.5854328079825104,0.3379997892811409,0.5505822898503984,0.7194247818904155,0.4153600914861192,0.3468271471764874,0.04366718682843175,0.025211262070148753,0.42555385987893163,0.042279516464608397,0.024410090212048874,0.32623609528767433,0.06554454133274132,0.03784215858236876,0.4060851168766992,0.07943265436896407,0.04586046438236791,0.0999227020456706,0.05140262634736856,0.02967732015870699,0.12430679379665717,0.06273271163773993,0.036218747951044315,0.25555815327072245,0.4221216633143965,0.2437120559453394,0.007043971517448286,0.0002912446311641714,0.00016815016620266764,0.37463773044970683,0.6356235665716355,0.3669774372634038,182.38111272391302,298.15343863413034,172.13896805522774,83.00846274768094,139.78925624942937,80.70736472542563,2.9691037821825685,2.060782196275172,1.1897931557606587,0.0,0.0,0.0,184.0,108.34666584625482,62.55397669213366,0.0,0.0,0.0,0.0,0.0,0.0,-0.010572502294153427,0.0012896512513343493,0.0007445804971186244,0.4754472059103594,0.6702314378222008,0.3869583010459976
RCZDT-MisalignedV,GPR-KG-AVB,vepm,random,low_t1,3,0.0051537437375855045,8.020165264942835e-18,4.630444574660032e-18,335.3333333333333,12.503332889007368,7.218802609235905,110.33333333333333,84.50049309520823,48.78638243517459,8.666666666666666,2.5166114784235836,1.452966314513558,3.6666666666666665,4.041451884327381,2.3333333333333335,106.66666666666667,80.50051759667967,46.476995504347215,5.0,5.291502622129181,3.0550504633038935,220.0,92.01630290334425,53.12563725107995,0.022766122766122766,0.020880802631254407,0.012055537020050178,0.46296296296296297,0.4456003487228135,0.2572674812861075,0.04338517016001803,0.03987510297911862,0.023021901438958187,0.3326402333704313,0.259274509796643,0.1496922080251001,0.5370370370370371,0.4456003487228135,0.2572674812861075,0.00993773537800086,6.392562737007548e-05,3.690747817022879e-05,0.4479118765523687,0.6048587486671411,0.3492153613646741,0.38406303177481327,0.6463220927035667,0.3731542342056065,0.44448551884048676,0.6005788250970614,0.34674434633937756,0.5430335396298319,0.7376439078321143,0.4258789087529587,0.5575408406041089,0.08721289177033412,0.050352386540408106,0.6779444505412062,0.1052626629066497,0.060773426764771044,0.5560750076804971,0.09047217894533097,0.052234136868258826,0.6767941071609073,0.09725690622198466,0.056151300987813034,0.09401045357262972,0.05077304505392763,0.029313831229462115,0.12105029800123053,0.06984327857271666,0.04032403568504399,0.24176488135990606,0.39861662633062306,0.2301414165154457,0.006591595860574267,0.00024128005427080784,0.00013930310428333844,0.35921447810592017,0.6085044656828025,0.3513202170650554,178.63501133608256,291.40572898399336,168.2431760723077,83.59286393709404,139.96525067502668,80.80897515442011,2.9532555372656315,2.051909159877776,1.184670305808093,106.66666666666667,80.50051759667967,46.476995504347215,5.0,5.291502622129181,3.0550504633038935,0.010143640282519155,0.0007497996563810555,0.0004328970334498913,-0.06938595906104905,0.02351598228876917,0.013576958704679353,0.0,0.0,0.0,0.6113984509316943,0.9852437536548894,0.5688307463900477
RCZDT-MisalignedV,GPR-KG-AVB,vepm,random,mid_t1,3,0.0051537437375855045,8.020165264942835e-18,4.630444574660032e-18,337.6666666666667,5.033222956847167,2.905932629027116,109.33333333333333,73.65686209263421,42.525809156845504,170.0,11.269427669584644,6.506407098647712,56.666666666666664,42.0039680665212,24.251002270238462,52.666666666666664,32.34707611722168,18.675593103775253,113.33333333333333,51.926229723843164,29.9796227090632,115.0,18.520259177452136,10.692676621563628,0.4850557244174265,0.1130211121841799,0.06525276954364716,0.3440615673086255,0.273724472035348,0.15803489761339637,0.37293348321669023,0.2201668764718513,0.12711340539766244,0.3051424187469068,0.1584779792029239,0.09149730395343603,0.6559384326913745,0.273724472035348,0.15803489761339637,0.006721968780369471,0.0003201960855459536,0.00018486529618342077,0.4608474140769154,0.6207702128590863,0.35840184949909476,0.408555691677623,0.6490740831449627,0.3747430966277538,0.46068038905859776,0.6215158362554138,0.35883233536767856,0.5647674775802776,0.7630815371147897,0.44056533086685723,0.30492663176365437,0.05409521443147299,0.031231886613881463,0.3908093011614353,0.06264282729247356,0.036166853200108845,0.2847343744379278,0.029122144707522196,0.016813678086267176,0.373108915403108,0.04365920542525364,0.02520665400487536,0.08595069845020072,0.044804880970684434,0.0258681100894338,0.10949174922066988,0.059668375248761236,0.034449552511979904,0.27485123781676024,0.45554033122281823,0.2630063328582254,0.006914596948454643,0.0002196845424087992,0.00012683492969651998,0.39852353768210014,0.6766332851625831,0.3906544093312782,164.0536233814284,267.08184107609304,154.19977284094318,80.69785657297962,135.19364527874203,78.05408749440849,2.956863665052348,2.024230499933563,1.1686900240384934,52.666666666666664,32.34707611722168,18.675593103775253,113.33333333333333,51.926229723843164,29.9796227090632,0.006858234034987935,0.0007256529790341285,0.000418955942783608,-0.07785278348279834,0.019633007897317516,0.011335122394518317,-0.006442063013930337,0.0003257478247640621,0.0001880705943154663,0.5041634687824127,0.6825238410698242,0.3940553233700004
RCZDT-MisalignedV,GPR-KG-AVB,vepm,random,near_true_boundary,3,0.0051537437375855045,8.020165264942835e-18,4.630444574660032e-18,258.6666666666667,3.2145502536643185,1.8559214542766742,96.33333333333333,79.00843836789419,45.61554315995567,137.33333333333334,9.073771725877465,5.23874454850057,54.0,45.50824101193101,26.27419519858474,42.333333333333336,33.56088993655164,19.376388839111492,83.33333333333333,49.57149718672348,28.620117244887577,79.0,32.78719262151,18.929694486000912,0.5286306042884991,0.07336968797780861,0.04236000910434665,0.40013834991360886,0.3550233003396854,0.20497279801970672,0.40254062877013697,0.27633692778261015,0.15954319964232416,0.3475444884612966,0.2652486779785846,0.15314139563312817,0.5998616500863911,0.3550233003396854,0.20497279801970672,0.0026602840870921652,4.995142343911791e-05,2.8839467768979712e-05,0.5035902027621068,0.6834624986069077,0.3945972575517124,0.42803021122738505,0.740612029626412,0.4275925546698841,0.5034487928718587,0.6834598645768596,0.3945957367937551,0.5998311578014398,0.8090476909322545,0.4671039021469823,0.34630956710544325,0.07110631103724274,0.04105324781843336,0.43675980187345326,0.08634406501277068,0.0498507691780497,0.3247317531704104,0.036992942731801835,0.0213578854443222,0.4166975888580007,0.0513840236890784,0.029666579908935523,0.10052303268430274,0.0487689654570076,0.028156775334702903,0.12681903543135503,0.06288040193413132,0.03630401698342258,0.3014188212897933,0.5017259987629427,0.2896716404452188,0.006704413482944122,0.0002711938207501478,0.00015657382541266096,0.41963278423333733,0.7133339951498664,0.4118435741218866,180.955155569853,295.9817645157736,170.8851514184023,90.04585679865419,151.63192780343388,87.54473433505446,3.013127112502765,2.1728873716106762,1.2545171089181624,42.333333333333336,33.56088993655164,19.376388839111492,83.33333333333333,49.57149718672348,28.620117244887577,0.0030977271164087986,0.00039615025153144954,0.00022871745436122036,-0.0811791140560836,0.020180637368565086,0.011651296417159274,-0.0024561827441866592,0.00019548002139506556,0.0001128604429736349,0.5267985149717287,0.7250895355579134,0.41863063854094207
RCZDT-MisalignedV,GPR-KG-AVB,vepm,random,tn,3,0.0051537437375855045,8.020165264942835e-18,4.630444574660032e-18,335.0,110.50339361304701,63.799164048859865,0.0,0.0,0.0,0.0,0.0,0.0,0.0,0.0,0.0,0.0,0.0,0.0,0.0,0.0,0.0,335.0,110.50339361304701,63.799164048859865,0.0,0.0,0.0,0.0,0.0,0.0,0.0,0.0,0.0,0.0,0.0,0.0,0.0,0.0,0.0,0.009225825748718131,0.00017660668730922217,0.00010196391845866749,0.4939627587618552,0.669504497081702,0.38653860161378567,0.48473693301313703,0.669633892166054,0.3866133079005681,0.4850239505235428,0.6694057845413676,0.3864816099020512,0.5696777254712804,0.7854417236292258,0.4534749905700972,0.4909927536244291,0.16478354474622217,0.09513782391725212,0.6049724934843682,0.19249758037551976,0.11113852984815796,0.49359532984091237,0.15268183687625045,0.08815089962086974,0.6102722140013457,0.16984511833317606,0.09806012479020304,0.07301832433690401,0.05512313982188006,0.03182535961473983,0.0967377502314879,0.07827524445606925,0.04519223345759534,0.27486972572021484,0.4542018572902237,0.26223356457293867,0.00535038894425599,0.0017639516081334092,0.0010184179357932972,0.38861778553748233,0.657062073392916,0.3793549649476937,187.46793945864326,301.4844193397287,174.06211066227038,94.8876623933895,148.85792743885153,85.94316447783072,3.163909646069231,2.152123289291619,1.2425289604017793,0.0,0.0,0.0,0.0,0.0,0.0,0.0,0.0,0.0,0.0,0.0,0.0,0.0,0.0,0.0,0.0,0.0,0.0
RCZDT-MisalignedV,GPR-KG-AVB,vepm,random,tp,3,0.0051537437375855045,8.020165264942835e-18,4.630444574660032e-18,203.33333333333334,162.86292805096357,94.02895535123447,203.33333333333334,162.86292805096357,94.02895535123447,203.33333333333334,162.86292805096357,94.02895535123447,203.33333333333334,162.86292805096357,94.02895535123447,0.0,0.0,0.0,0.0,0.0,0.0,0.0,0.0,0.0,1.0,0.0,0.0,1.0,0.0,0.0,1.0,0.0,0.0,0.0,0.0,0.0,0.0,0.0,0.0,0.008943935006539621,0.0004554675007747476,0.00026296428417942665,0.09549698214140327,0.03243108052805471,0.01872409307298282,-0.08655304713486366,0.03233397807928554,0.01866803094804697,0.08709972412896028,0.03187833671370287,0.018404966282973882,0.10706957824312552,0.03719816232051927,0.021476369029111195,0.3281603441135468,0.05363776899564277,0.030967780368365318,0.39754930694477997,0.06339472507216111,0.03660096158561454,0.3186268054684111,0.04910468857585188,0.028350605167740826,0.39151978478039684,0.05744870702724216,0.033168026466774206,0.11490374706465067,0.061507535606664526,0.03551139223969826,0.13095621941197774,0.06298374818221546,0.036363683967573696,0.015625233831451913,0.009412243771406353,0.005434161475099836,0.012021522771975409,0.004160648968177202,0.002402151801780646,0.005483769467315048,0.004997856058164884,0.002885513540552498,2.367476060468166,1.853306350331523,1.0700069202547478,1.3201487129246228,0.42256519408340504,0.24396812855422037,0.7075680346928973,0.6144607225598661,0.35475906357639064,0.0,0.0,0.0,0.0,0.0,0.0,0.0,0.0,0.0,0.0,0.0,0.0,0.0,0.0,0.0,0.0,0.0,0.0
RCZDT-MisalignedV,GPR-KG-AVB-lite,vepm,axis,all,3,0.005153743737585495,0.0,0.0,101.0,0.0,0.0,4.666666666666667,8.082903768654761,4.666666666666667,52.0,0.0,0.0,4.666666666666667,8.082903768654761,4.666666666666667,0.0,0.0,0.0,47.333333333333336,8.082903768654761,4.666666666666667,49.0,0.0,0.0,0.3333333333333333,0.5773502691896258,0.33333333333333337,0.08974358974358974,0.15544045708951462,0.08974358974358974,0.1414141414141414,0.24493647783802308,0.14141414141414144,0.0,0.0,0.0,0.9102564102564102,0.15544045708951465,0.08974358974358976,0.008821529175303672,0.0,0.0,0.615348984670074,0.7175707846467437,0.4142896856784085,0.614033820128093,0.7191474043472482,0.4151999474869044,0.614975351292464,0.7180183136072033,0.41454806664419996,0.6165544236140293,0.7165708270815832,0.4137123599089848,0.4612275962374052,0.1887940372181258,0.10900028820928116,0.5446327830235879,0.2174289733552818,0.12553267629629591,0.3731407461814597,0.023456655023233762,0.013542706091952201,0.447445076930892,0.043526269598683956,0.025129903469620407,0.17730165230540088,0.13817943841301142,0.07977793596422346,0.18027054125524014,0.1358479575451152,0.07843185485753311,0.16284414056800603,0.2598990910816555,0.15005281019813288,0.00016187034976850853,0.0,0.0,0.16268227021823758,0.2598990910816555,0.15005281019813288,1006.0158688783346,1605.6003551814042,926.9937972749425,1006.0158688783349,1605.6003551814047,926.9937972749427,5.36823848918385,2.3875946566341613,1.3784784177234453,0.0,0.0,0.0,47.333333333333336,8.082903768654761,4.666666666666667,0.0,0.0,0.0,0.0,0.0,0.0,-0.008958035412945676,0.0006771858371867123,0.00039097342539115044,0.6108764877892136,0.7254050862418748,0.4188128218132702
RCZDT-MisalignedV,GPR-KG-AVB-lite,vepm,axis,far_true_boundary,3,0.005153743737585495,0.0,0.0,75.0,0.0,0.0,2.6666666666666665,4.618802153517007,2.666666666666667,38.0,0.0,0.0,2.6666666666666665,4.618802153517007,2.666666666666667,0.0,0.0,0.0,35.333333333333336,4.618802153517007,2.666666666666667,37.0,0.0,0.0,0.3333333333333333,0.5773502691896258,0.33333333333333337,0.07017543859649122,0.1215474250925528,0.07017543859649124,0.11594202898550725,0.20081748493552198,0.11594202898550723,0.0,0.0,0.0,0.9298245614035089,0.12154742509255279,0.07017543859649122,0.010976711284488565,0.0,0.0,0.6166065378688619,0.7182916063147156,0.41470585226244977,0.61608329475315,0.7190035752287547,0.4151169077066249,0.6162882278794178,0.7187570098750603,0.4149745531332966,0.617698023428573,0.7173610266768933,0.41416858185805067,0.4664749210154535,0.17222125912267955,0.09943199031465534,0.5495051710162452,0.21296160095778457,0.1229534376400306,0.39474604857389933,0.01494320745421993,0.0086274648462503,0.46563755201410256,0.03963912617349111,0.022885660166706633,0.17891217508646226,0.1390169049973607,0.08026144752213484,0.18082736444785522,0.13755464506973714,0.07941721135929616,0.16284414056800608,0.2598990910816555,0.15005281019813288,0.00016187034976850858,0.0,0.0,0.16268227021823758,0.2598990910816555,0.15005281019813288,1006.015868878335,1605.600355181405,926.993797274943,1006.0158688783349,1605.6003551814047,926.9937972749427,5.3682384891838515,2.3875946566341617,1.3784784177234455,0.0,0.0,0.0,35.333333333333336,4.618802153517007,2.666666666666667,0.0,0.0,0.0,0.0,0.0,0.0,-0.011176735693578127,0.00047915869774523814,0.00027664240312776377,0.6110498178912288,0.7278150236530965,0.42020419982636914
RCZDT-MisalignedV,GPR-KG-AVB-lite,vepm,axis,fn,3,0.005153743737585495,0.0,0.0,47.333333333333336,8.082903768654761,4.666666666666667,0.0,0.0,0.0,47.333333333333336,8.082903768654761,4.666666666666667,0.0,0.0,0.0,0.0,0.0,0.0,47.333333333333336,8.082903768654761,4.666666666666667,0.0,0.0,0.0,0.0,0.0,0.0,0.0,0.0,0.0,0.0,0.0,0.0,0.0,0.0,0.0,1.0,0.0,0.0,0.008958035412945676,0.0006771858371867123,0.00039097342539115044,0.6108764877892136,0.7254050862418748,0.4188128218132702,0.619834523202159,0.7249339179934622,0.4185407926982155,0.619834523202159,0.7249339179934622,0.4185407926982155,0.6210370944138134,0.7239238656589408,0.417957638710984,0.49995344355758453,0.36768340776225916,0.21228211444809927,0.5521836189116723,0.37445840293654153,0.21619365973572963,0.3046584953464791,0.20587328277639702,0.11886099522990477,0.33590932867436835,0.21970093643987026,0.12684439479477197,0.18376183489785217,0.14341741918380785,0.08280208557225287,0.18557217518027572,0.14262032923626702,0.08234188547647182,0.16284414056800606,0.25989909108165543,0.15005281019813282,0.00016187034976850856,6.356698695826013e-20,3.670041703192492e-20,0.16268227021823758,0.2598990910816555,0.15005281019813288,1006.0158688783353,1605.6003551814051,926.9937972749431,1006.0158688783349,1605.6003551814047,926.9937972749427,5.3682384891838515,2.387594656634162,1.3784784177234457,0.0,0.0,0.0,47.333333333333336,8.082903768654761,4.666666666666667,0.0,0.0,0.0,0.0,0.0,0.0,-0.008958035412945676,0.0006771858371867123,0.00039097342539115044,0.6108764877892136,0.7254050862418748,0.4188128218132702
RCZDT-MisalignedV,GPR-KG-AVB-lite,vepm,axis,fp,3,0.005153743737585495,0.0,0.0,0.0,0.0,0.0,0.0,0.0,0.0,0.0,0.0,0.0,0.0,0.0,0.0,0.0,0.0,0.0,0.0,0.0,0.0,0.0,0.0,0.0,0.0,0.0,0.0,0.0,0.0,0.0,0.0,0.0,0.0,0.0,0.0,0.0,0.0,0.0,0.0,0.0,0.0,0.0,0.0,0.0,0.0,0.0,0.0,0.0,0.0,0.0,0.0,0.0,0.0,0.0,0.0,0.0,0.0,0.0,0.0,0.0,0.0,0.0,0.0,0.0,0.0,0.0,0.0,0.0,0.0,0.0,0.0,0.0,0.0,0.0,0.0,0.0,0.0,0.0,0.0,0.0,0.0,0.0,0.0,0.0,0.0,0.0,0.0,0.0,0.0,0.0,0.0,0.0,0.0,0.0,0.0,0.0,0.0,0.0,0.0,0.0,0.0,0.0,0.0,0.0,0.0,0.0,0.0,0.0
RCZDT-MisalignedV,GPR-KG-AVB-lite,vepm,axis,high_t1,3,0.005153743737585495,0.0,0.0,34.0,0.0,0.0,4.666666666666667,8.082903768654761,4.666666666666667,34.0,0.0,0.0,4.666666666666667,8.082903768654761,4.666666666666667,0.0,0.0,0.0,29.333333333333332,8.082903768654761,4.666666666666667,0.0,0.0,0.0,0.3333333333333333,0.5773502691896258,0.33333333333333337,0.1372549019607843,0.23773246378396357,0.13725490196078433,0.19444444444444445,0.33678765702728175,0.19444444444444448,0.0,0.0,0.0,0.8627450980392157,0.23773246378396357,0.13725490196078433,0.009887803286603668,0.0,0.0,0.6005327680222843,0.7312506694798017,0.4221877708692576,0.6065137589930032,0.7359596062178139,0.42490647676254584,0.6093106603930464,0.7325851828342009,0.42295825251365715,0.6108882620071625,0.7310751428661115,0.4220864305315936,0.46011684494517163,0.2936531913055804,0.1695407490486695,0.531459303255849,0.3042702773489165,0.17567052653379903,0.34843936355605737,0.08230031267772515,0.04751610767887499,0.42260662571958446,0.07789898152934242,0.044974997955563534,0.18676967873951336,0.13249874815427698,0.07649818791416024,0.1889651506185416,0.13092425723523912,0.07558915515821713,0.1628441405680061,0.25989909108165554,0.1500528101981329,0.0001618703497685085,0.0,0.0,0.16268227021823758,0.2598990910816555,0.15005281019813288,1006.0158688783349,1605.6003551814047,926.9937972749427,1006.0158688783349,1605.6003551814047,926.9937972749427,5.3682384891838515,2.3875946566341626,1.378478417723446,0.0,0.0,0.0,29.333333333333332,8.082903768654761,4.666666666666667,0.0,0.0,0.0,0.0,0.0,0.0,-0.010938825764624988,0.0018204243318298693,0.0010510224780213198,0.6007018057580548,0.7310476549645412,0.4220705603842225
RCZDT-MisalignedV,GPR-KG-AVB-lite,vepm,axis,low_t1,3,0.005153743737585495,0.0,0.0,34.0,0.0,0.0,0.0,0.0,0.0,1.0,0.0,0.0,0.0,0.0,0.0,0.0,0.0,0.0,1.0,0.0,0.0,33.0,0.0,0.0,0.0,0.0,0.0,0.0,0.0,0.0,0.0,0.0,0.0,0.0,0.0,0.0,1.0,0.0,0.0,0.009887803286603668,0.0,0.0,0.6148445729463159,0.7057786617176386,0.40748150033097247,0.6049567696597123,0.7057786617176387,0.4074815003309725,0.6049567696597123,0.7057786617176387,0.4074815003309725,0.605308370931436,0.7055513193212655,0.40735024413722826,0.43795632333823836,0.11825024936906567,0.06827181330497044,0.5104617772077465,0.1265885274494738,0.07308592039927203,0.4378064197946728,0.12964395444411572,0.07484997199711779,0.4930814250470956,0.1549664995703547,0.08946995024231831,0.1570899371407024,0.13725293671712693,0.0792430199606999,0.15794324836900317,0.13694005115239663,0.07906237539567731,0.1628441405680061,0.25989909108165554,0.1500528101981329,0.0001618703497685085,0.0,0.0,0.16268227021823758,0.2598990910816555,0.15005281019813288,1006.0158688783349,1605.6003551814047,926.9937972749427,1006.0158688783349,1605.6003551814047,926.9937972749427,5.3682384891838515,2.3875946566341626,1.378478417723446,0.0,0.0,0.0,1.0,0.0,0.0,0.0,0.0,0.0,0.0,0.0,0.0,0.0,0.0,0.0,0.5904720905978724,0.7050835887128073,0.4070801997445267
RCZDT-MisalignedV,GPR-KG-AVB-lite,vepm,axis,mid_t1,3,0.005153743737585495,0.0,0.0,33.0,0.0,0.0,0.0,0.0,0.0,17.0,0.0,0.0,0.0,0.0,0.0,0.0,0.0,0.0,17.0,0.0,0.0,16.0,0.0,0.0,0.0,0.0,0.0,0.0,0.0,0.0,0.0,0.0,0.0,0.0,0.0,0.0,1.0,0.0,0.0,0.00662435827929156,0.0,0.0,0.6311338745074265,0.7159692689087324,0.4133650501359562,0.6311338745074265,0.7159692689087324,0.4133650501359562,0.6311338745074265,0.7159692689087324,0.4133650501359562,0.6311784340695317,0.715961452083181,0.4133605370896199,0.4863484696467267,0.336830772008194,0.1944693368902803,0.5409765284349958,0.3411399490780887,0.19695724143156976,0.3319654160728062,0.0862369285688977,0.04978891392333962,0.39457003979242417,0.09300774448104669,0.05369804631285224,0.18837090736115622,0.14716501578178323,0.08496576147690808,0.18847758767865774,0.14720875438410047,0.08499101397072992,0.16284414056800608,0.2598990910816555,0.15005281019813288,0.00016187034976850853,0.0,0.0,0.16268227021823758,0.2598990910816555,0.15005281019813288,1006.0158688783349,1605.6003551814047,926.9937972749427,1006.0158688783349,1605.6003551814047,926.9937972749427,5.3682384891838515,2.3875946566341626,1.378478417723446,0.0,0.0,0.0,17.0,0.0,0.0,0.0,0.0,0.0,0.0,0.0,0.0,-0.006429524212253572,0.0,0.0,0.6290185700938083,0.7196416087273286,0.41548527651877853
RCZDT-MisalignedV,GPR-KG-AVB-lite,vepm,axis,near_true_boundary,3,0.005153743737585495,0.0,0.0,26.0,0.0,0.0,2.0,3.4641016151377544,2.0,14.0,0.0,0.0,2.0,3.4641016151377544,2.0,0.0,0.0,0.0,12.0,3.4641016151377544,2.0,12.0,0.0,0.0,0.3333333333333333,0.5773502691896258,0.33333333333333337,0.14285714285714285,0.24743582965269673,0.14285714285714285,0.19999999999999998,0.34641016151377546,0.2,0.0,0.0,0.0,0.8571428571428571,0.24743582965269675,0.14285714285714288,0.002604657706501101,0.0,0.0,0.6117214273658784,0.7155491994651344,0.4131225229296166,0.6081218740942752,0.7195878469810785,0.41545423716010893,0.6111882072916363,0.7159458274107435,0.41335151618078214,0.6131123715445473,0.7144555044433699,0.4124910778143895,0.4460910824545732,0.25615550804889414,0.1478914515264344,0.5240096223166689,0.2506246619296835,0.14469821603066174,0.3108177585109609,0.06707034438828766,0.038723081387218784,0.3894945290526812,0.0608539096082615,0.03513402109357093,0.17265591351387788,0.13597029867951474,0.07850248854441165,0.1783939431447481,0.13133266270810776,0.07582494816791634,0.1628441405680061,0.25989909108165554,0.1500528101981329,0.00016187034976850853,0.0,0.0,0.16268227021823758,0.2598990910816555,0.15005281019813288,1006.0158688783348,1605.6003551814044,926.9937972749426,1006.0158688783349,1605.6003551814047,926.9937972749427,5.3682384891838515,2.3875946566341626,1.378478417723446,0.0,0.0,0.0,12.0,3.4641016151377544,2.0,0.0,0.0,0.0,0.0,0.0,0.0,-0.00224881192685921,2.470506466769472e-05,1.426347573624066e-05,0.6122794579857543,0.7167857498157618,0.41383644560741784
RCZDT-MisalignedV,GPR-KG-AVB-lite,vepm,axis,tn,3,0.005153743737585495,0.0,0.0,49.0,0.0,0.0,0.0,0.0,0.0,0.0,0.0,0.0,0.0,0.0,0.0,0.0,0.0,0.0,0.0,0.0,0.0,49.0,0.0,0.0,0.0,0.0,0.0,0.0,0.0,0.0,0.0,0.0,0.0,0.0,0.0,0.0,0.0,0.0,0.0,0.00909157598679256,0.0,0.0,0.6213948072801471,0.7077487149205495,0.408618911077991,0.6123032312933546,0.7077487149205496,0.40861891107799103,0.6123032312933546,0.7077487149205496,0.40861891107799103,0.6127960092351974,0.7074797190796186,0.40846360625681866,0.42388006944389484,0.11421997981135897,0.06594493609092172,0.49107857981042563,0.12761580927833371,0.07367902183969792,0.3975409361809492,0.1358321990998628,0.07842275671492463,0.45403999298612274,0.15379411827575856,0.08879307558629035,0.1660206890042434,0.13892822500561272,0.0802102481050274,0.1671722566940971,0.13874571207002545,0.08010487421253551,0.16284414056800608,0.2598990910816555,0.15005281019813288,0.00016187034976850856,0.0,0.0,0.16268227021823758,0.2598990910816555,0.15005281019813288,1006.0158688783349,1605.6003551814047,926.9937972749427,1006.0158688783349,1605.6003551814047,926.9937972749427,5.3682384891838515,2.387594656634162,1.3784784177234457,0.0,0.0,0.0,0.0,0.0,0.0,0.0,0.0,0.0,0.0,0.0,0.0,0.0,0.0,0.0,0.0,0.0,0.0
RCZDT-MisalignedV,GPR-KG-AVB-lite,vepm,axis,tp,3,0.005153743737585495,0.0,0.0,4.666666666666667,8.082903768654761,4.666666666666667,4.666666666666667,8.082903768654761,4.666666666666667,4.666666666666667,8.082903768654761,4.666666666666667,4.666666666666667,8.082903768654761,4.666666666666667,0.0,0.0,0.0,0.0,0.0,0.0,0.0,0.0,0.0,0.3333333333333333,0.5773502691896258,0.33333333333333337,0.3333333333333333,0.5773502691896258,0.33333333333333337,0.3333333333333333,0.5773502691896258,0.33333333333333337,0.0,0.0,0.0,0.0,0.0,0.0,0.001794473745980291,0.0031081197008863116,0.0017944737459802912,0.004743986383574262,0.008216825446765559,0.004743986383574263,-0.0029495126375939716,0.005108705745879247,0.002949512637593971,0.003842962191082344,0.006656205766520836,0.003842962191082344,0.004732654612212071,0.008197198243026489,0.004732654612212071,0.10661654253050469,0.18466526859016222,0.1066165425305047,0.13292306546700772,0.23022950288666147,0.13292306546700772,0.20280132294394307,0.3512621951810933,0.2028013229439431,0.21806364618269883,0.3776973144721575,0.21806364618269888,0.03148719750793893,0.05453742587170636,0.03148719750793893,0.03170397454236804,0.05491289470925169,0.03170397454236804,0.001398465019759866,0.0024222124668319017,0.001398465019759866,5.395678325616952e-05,9.345589001266729e-05,5.395678325616952e-05,0.0013445082365036957,0.0023287565768192334,0.0013445082365036959,8.639414332271578,14.963904571133119,8.639414332271578,8.639414332271576,14.963904571133114,8.639414332271576,1.084982361189937,1.8792445748970175,1.084982361189937,0.0,0.0,0.0,0.0,0.0,0.0,0.0,0.0,0.0,0.0,0.0,0.0,0.0,0.0,0.0,0.0,0.0,0.0
RCZDT-MisalignedV,GPR-KG-AVB-lite,vepm,combined,all,3,0.005153743737585495,6.938893903907228e-18,4.006172263299092e-18,1181.0,0.0,0.0,307.6666666666667,145.8846576351788,84.22654635630688,594.3333333333334,7.76745346515403,4.484541349024571,185.66666666666666,123.59746491467101,71.35902963964064,122.0,37.04051835490427,21.385353243127255,408.6666666666667,122.13244177258284,70.513198134187,464.6666666666667,44.50093631973751,25.692627563390847,0.5614607732372364,0.1419044863164912,0.08192859337404176,0.312026235800223,0.20857025324527612,0.12041809185610859,0.3886554655520233,0.21537101274449097,0.12434451218367419,0.20851177700051668,0.06587500048617888,0.038032949263562106,0.6879737641997771,0.20857025324527617,0.12041809185610862,0.008735383619649977,7.174479113193124e-05,4.142187447297398e-05,0.4954936383687289,0.6959971009790572,0.40183411360545784,0.4675544684625905,0.7065276979402406,0.40791395659572455,0.4948669944625228,0.6966605317217213,0.4022171455233236,0.6892669386170817,0.9914572968132938,0.5724181372051739,0.3721893734852812,0.05457686534810479,0.03150996790025426,0.4821789409148584,0.06790953332337872,0.03920758734479457,0.3739357006892774,0.03777963698904285,0.021812083585510234,0.4857258204914278,0.04285235311562763,0.024740817606716512,0.06237474307793759,0.023574764665141513,0.013610896725501531,0.08394487720028548,0.036820839180707686,0.0212585214127695,0.4360422008523632,0.7337832781845609,0.42364997318670233,0.006446921962073318,0.00012632134394542044,7.29316619312838e-05,0.8447849768176886,1.4470879277082582,0.8354766046034207,245.46979576731482,396.28061436828057,228.79271938015708,165.7591577912517,281.3283807604204,162.42501636271024,3.2427819670204543,2.0300114456425273,1.1720276545997346,122.0,37.04051835490427,21.385353243127255,408.6666666666667,122.13244177258284,70.513198134187,0.00834396680188547,0.0005690178791236641,0.0003285226256857574,-0.054432949132374155,0.02015138070496502,0.011634405074554186,-0.008709112063552795,0.00047782721787862855,0.0002758736728683562,0.5781597682191012,0.8217291891112827,0.47442556853437196
RCZDT-MisalignedV,GPR-KG-AVB-lite,vepm,combined,far_true_boundary,3,0.005153743737585495,6.938893903907228e-18,4.006172263299092e-18,882.6666666666666,1.1547005383792517,0.6666666666666667,219.0,99.57911427603682,57.49202843293437,438.6666666666667,5.686240703077327,3.2829526005987018,133.33333333333334,89.11976959874467,51.453322967952666,85.66666666666667,28.290163190291665,16.333333333333336,305.3333333333333,83.56035742703195,48.24359485407824,358.3333333333333,30.0055550412475,17.32371528024838,0.565405299189346,0.16007360420498115,0.09241853847789948,0.3022730289644562,0.19882707126086033,0.11479286311464262,0.3833610619493392,0.21435780702501472,0.12375953758879012,0.193062942869849,0.0638319106126352,0.03685337077509306,0.6977269710355438,0.1988270712608603,0.11479286311464261,0.010849291937701238,0.0001233638775350766,7.12241679031525e-05,0.4745463481381173,0.6608288959568716,0.381529740968983,0.44928869742943883,0.6699103188724751,0.3867729029339316,0.47379992308672764,0.6616654278044781,0.3820127128563844,0.6633005534143579,0.948353675242303,0.5475322496881145,0.3979859309289629,0.05250451725757228,0.030313497172330707,0.5094850669824712,0.06670023719574758,0.03850939989997676,0.40059910928443454,0.039935212680979715,0.023056605791508596,0.5146450572828501,0.04672864993708542,0.02697879862004406,0.06108476720064481,0.024702671747183748,0.0142620941829395,0.08262853977798958,0.0384488933609877,0.022198478932009467,0.40138006628355255,0.6736295270332442,0.38892018876672385,0.006473116650431484,0.00011262123398106718,6.502189975543697e-05,0.7991207650505444,1.368117308455074,0.7898828963195232,243.73302527247264,393.4591946218297,227.16377193004672,153.87739959452537,260.8691951805445,150.61290006076842,3.225445690128305,2.003192098063278,1.1565434970553647,85.66666666666667,28.290163190291665,16.333333333333336,305.3333333333333,83.56035742703195,48.24359485407824,0.010710182722510201,0.0002572456069436136,0.00014852082041674398,-0.05129080715558884,0.01872089042402204,0.010808511125778613,-0.010857846348204215,0.0003830890946148086,0.00022117659189946977,0.5449423906369714,0.7682313575069916,0.44353858105657323
RCZDT-MisalignedV,GPR-KG-AVB-lite,vepm,combined,fn,3,0.005153743737585495,6.938893903907228e-18,4.006172263299092e-18,408.6666666666667,122.13244177258284,70.513198134187,0.0,0.0,0.0,408.6666666666667,122.13244177258284,70.513198134187,0.0,0.0,0.0,0.0,0.0,0.0,408.6666666666667,122.13244177258284,70.513198134187,0.0,0.0,0.0,0.0,0.0,0.0,0.0,0.0,0.0,0.0,0.0,0.0,0.0,0.0,0.0,1.0,0.0,0.0,0.008709112063552795,0.00047782721787862855,0.0002758736728683562,0.5781597682191012,0.8217291891112827,0.47442556853437196,0.586868880282654,0.8213528304302671,0.47420827774857577,0.586868880282654,0.8213528304302671,0.47420827774857577,0.7613136870326848,1.0881457550429756,0.6282412445916106,0.315242240953942,0.07775320773464454,0.04489083541595392,0.4091324506061464,0.09946153027257018,0.05742414127688051,0.28486485189653243,0.05410060267031888,0.031234997515029596,0.3693655435025563,0.05913643488335351,0.03414243659881892,0.06447668287131161,0.03176165106024993,0.018337597789542262,0.08644232305737647,0.048524484221263625,0.028015624027434304,0.5213305718286438,0.8803047579304694,0.5082441889600648,0.004651953501186728,0.0007733822134228576,0.0004465124291061555,0.9326903517415376,1.5973291491279877,0.9222184142334796,293.12905975322417,467.5182015378621,269.92175950893443,204.2420670145351,333.63072759031513,192.62179038419916,3.6409012892137285,2.091058183985402,1.207273005415142,0.0,0.0,0.0,408.6666666666667,122.13244177258284,70.513198134187,0.0,0.0,0.0,0.0,0.0,0.0,-0.008709112063552795,0.00047782721787862855,0.0002758736728683562,0.5781597682191012,0.8217291891112827,0.47442556853437196
RCZDT-MisalignedV,GPR-KG-AVB-lite,vepm,combined,fp,3,0.005153743737585495,6.938893903907228e-18,4.006172263299092e-18,122.0,37.04051835490427,21.385353243127255,122.0,37.04051835490427,21.385353243127255,0.0,0.0,0.0,0.0,0.0,0.0,122.0,37.04051835490427,21.385353243127255,0.0,0.0,0.0,0.0,0.0,0.0,0.0,0.0,0.0,0.0,0.0,0.0,0.0,0.0,0.0,1.0,0.0,0.0,0.0,0.0,0.0,0.00834396680188547,0.0005690178791236641,0.0003285226256857574,0.054432949132374155,0.02015138070496502,0.011634405074554186,-0.06277691593425962,0.02071329679281236,0.011958827479134829,0.06277691593425962,0.02071329679281236,0.011958827479134829,0.07362563350349306,0.02279121404432623,0.01315851356365013,0.2484330989323477,0.043958650825026035,0.025379538887041548,0.32178860000061377,0.04404940105047185,0.02543193355413171,0.2688468343333395,0.032269842621907005,0.01863100232446487,0.34800777334071736,0.03023065231799788,0.017453675253574063,0.06252499993413085,0.020296204640180303,0.01171801921253583,0.07317383828182843,0.020793991621853945,0.012005416660404198,0.012306194207325738,0.00406016245142203,0.00234413588428212,0.01284546491280232,0.0025435357963002653,0.0014685110766874073,0.005328893582536922,0.0012268997639477643,0.0007083509089839301,1.3756856409859208,0.4869139837559097,0.28111991959366756,1.0675062386337173,0.20728378990668408,0.11967535190126989,0.7034869720060032,0.15728790217426977,0.09081021266058618,122.0,37.04051835490427,21.385353243127255,0.0,0.0,0.0,0.00834396680188547,0.0005690178791236641,0.0003285226256857574,-0.054432949132374155,0.02015138070496502,0.011634405074554186,0.0,0.0,0.0,0.0,0.0,0.0
RCZDT-MisalignedV,GPR-KG-AVB-lite,vepm,combined,high_t1,3,0.005153743737585495,6.938893903907228e-18,4.006172263299092e-18,383.6666666666667,10.115993936995679,5.840471822645077,140.66666666666666,99.72127823756237,57.57410683439021,383.6666666666667,10.115993936995679,5.840471822645077,140.66666666666666,99.72127823756237,57.57410683439021,0.0,0.0,0.0,243.0,91.804139340228,53.00314456080255,0.0,0.0,0.0,1.0,0.0,0.0,0.363080913429201,0.25386038446619646,0.14656636130814044,0.498454538046907,0.27769151504434764,0.16032527096252913,0.0,0.0,0.0,0.6369190865707989,0.25386038446619646,0.14656636130814044,0.009757536709256658,6.191118745352572e-05,3.574444074214246e-05,0.49427860143437546,0.7062899295899775,0.4077766809746954,0.4641226146734804,0.7297719820355646,0.42133405027528,0.498216788719718,0.7096072811337744,0.4096919547815031,0.6896919298518593,0.9980545766105652,0.5762270784720478,0.3771510828065021,0.024771510611194023,0.014301838319606542,0.4756655342662917,0.018900311380519008,0.010912099863310397,0.3589493180113661,0.02098650579458039,0.01211656476985063,0.45061514992450213,0.03724846235871323,0.02150540976970273,0.0671068634287036,0.020757112537419516,0.011984124511078515,0.08977609979782447,0.03455528318351075,0.01995050204792368,0.43726058625669517,0.7357222467794898,0.4247694372269348,0.0065639256827957045,0.00011977965296962636,6.915481488545373e-05,0.8483917002070167,1.4537999497952583,0.8393517923621568,258.1290559236708,417.9127312078142,241.28202786060325,168.93109704250665,287.10846173243283,165.76214766783946,3.270382084344909,2.0608000278858243,1.189803450845869,0.0,0.0,0.0,243.0,91.804139340228,53.00314456080255,0.0,0.0,0.0,0.0,0.0,0.0,-0.010563198871958328,0.0011561447468615856,0.0006675004808227083,0.5590255139631661,0.8011078756883898,0.46251984767862114
RCZDT-MisalignedV,GPR-KG-AVB-lite,vepm,combined,low_t1,3,0.005153743737585495,6.938893903907228e-18,4.006172263299092e-18,399.6666666666667,13.203534880225572,7.623064417352848,86.33333333333333,37.072002014098636,21.4035303422382,13.333333333333334,2.081665999466133,1.2018504251546633,6.0,3.0,1.7320508075688774,80.33333333333333,34.38507428134093,19.852231892437462,7.333333333333333,5.033222956847167,2.905932629027116,306.0,37.36308338453881,21.57158624981792,0.06879661091743523,0.01994183021742644,0.011513421044164968,0.4822510822510822,0.3125673031476906,0.18046081661219454,0.11761165663604689,0.03550197921879059,0.02049707725873325,0.20817530142350882,0.0893950379622959,0.051612249231748356,0.5177489177489177,0.3125673031476906,0.18046081661219454,0.009779942569763186,3.414780346062973e-05,1.971524352022901e-05,0.46924333209746333,0.6469113144219002,0.37349442152329876,0.4337027073043149,0.6519394569722397,0.376397420978261,0.46367673045120433,0.6457077695709617,0.3727995545796276,0.6510795032103028,0.9338739406470522,0.5391723710217522,0.45250324086492083,0.09472954501887922,0.05469212831686069,0.5680467077401685,0.11331301881578436,0.06542130191598224,0.4851974071425796,0.09882287170219141,0.05705541157935207,0.6048929132985242,0.10485125302275028,0.06053589915755444,0.05869317557767717,0.023813856060439457,0.013748936206937722,0.07780263010504157,0.035975867177008354,0.020770676598975996,0.39356749046105516,0.6605637981594566,0.3813766866842839,0.006281124324555611,0.00023524638832449763,0.00013581956562503595,0.7895483417999811,1.3511477106966312,0.7800854944856467,241.41950174588865,389.0764493329086,224.6333927576986,151.3994968450884,256.22333686822145,147.93061251353183,3.2187352208851876,2.006052085961817,1.1581947118384655,80.33333333333333,34.38507428134093,19.852231892437462,7.333333333333333,5.033222956847167,2.905932629027116,0.009421931998337182,0.00026580061936367505,0.00015346005914038704,-0.0550604208468804,0.01948673841100139,0.011250673667219473,0.0,0.0,0.0,0.8178227526566038,1.2028924130688687,0.69449025849147
RCZDT-MisalignedV,GPR-KG-AVB-lite,vepm,combined,mid_t1,3,0.005153743737585495,6.938893903907228e-18,4.006172263299092e-18,397.6666666666667,5.507570547286102,3.1797973380564857,80.66666666666667,41.198705481281,23.7860836998817,197.33333333333334,7.234178138070234,4.176654695380556,39.0,22.516660498395403,13.0,41.666666666666664,18.77054430040145,10.837178804672574,158.33333333333334,28.919428302325294,16.69663971515759,158.66666666666666,8.962886439832502,5.174724898753342,0.4682539682539682,0.0549857399228215,0.031746031746031744,0.20024608478379227,0.1221848215660408,0.07054343962204004,0.26982170820752777,0.12816129906878643,0.07399396051705598,0.20505157969045526,0.07999206404495059,0.04618343970938601,0.7997539152162076,0.12218482156604082,0.07054343962204007,0.006697917023311535,0.0002530085300376963,0.0001460745429245355,0.5244970569367444,0.7374409765511837,0.42576174632328645,0.5067503566716566,0.7416334862231412,0.4281822929109712,0.5245039890929133,0.7377700167181379,0.42595171775225166,0.7265024741779399,1.0427579974573014,0.6020366105316081,0.2856431188075112,0.06656983985086017,0.0384341149578044,0.3766755384546823,0.08576063686826657,0.04951392678176745,0.27426095963254044,0.02572600837170505,0.014852917858578478,0.35874803079496437,0.023979957546965875,0.013844834944896547,0.061551170687107054,0.02706209429719549,0.015624307427320853,0.08347342468772828,0.042134354160369765,0.024326280716620515,0.4794008456431402,0.8087092943955926,0.4669085288154477,0.006496013131648733,0.00020719204836175094,0.00011962238489560687,0.8958131391985592,1.5353088876983891,0.88641099960189,237.78769794733225,383.4649227610455,221.3935763808687,169.94580353231208,288.5074223180064,166.56983793850603,3.2405125829275634,2.0284839371104315,1.1711457471375395,41.666666666666664,18.77054430040145,10.837178804672574,158.33333333333334,28.919428302325294,16.69663971515759,0.006431784475226993,0.0005333731471241388,0.0003079431300706394,-0.05335981782901835,0.02045068084019026,0.01180720608819497,-0.006486204666301958,0.00028191655025645407,0.00016276459617957443,0.5946832652268634,0.8354146742941612,0.48232688708869753
RCZDT-MisalignedV,GPR-KG-AVB-lite,vepm,combined,near_true_boundary,3,0.005153743737585495,6.938893903907228e-18,4.006172263299092e-18,298.3333333333333,1.1547005383792517,0.6666666666666667,88.66666666666667,46.65118790913404,26.934075897354354,155.66666666666666,9.60902353693305,5.547772325697746,52.333333333333336,34.50120770833006,19.91928155777155,36.333333333333336,12.662279942148386,7.31057073315377,103.33333333333333,39.1066916694999,22.578258962501465,106.33333333333333,14.502873278538061,8.37323779138698,0.5544250410973671,0.10214930590838835,0.05897592926374144,0.34065762120839577,0.23865978760633333,0.13779029261925546,0.4028466610940838,0.21793369869134024,0.12582407960493608,0.2549161364950839,0.08757457336655357,0.05056120350734634,0.6593423787916043,0.2386597876063333,0.13779029261925546,0.0024814985929247826,5.5174369890207816e-05,3.1854937308479465e-05,0.5578318851892762,0.8007618092052935,0.46232004610144795,0.5219732976234425,0.8155276090923559,0.4708450846410436,0.5575580397247143,0.8009240172990733,0.46241369698805646,0.7608520114152816,1.110381391446042,0.6410789952545236,0.29585690503841783,0.06347840756595005,0.03664927569593004,0.3893626826461258,0.07854331853150232,0.04534700609720939,0.29501369729299615,0.040342695498685105,0.02329186610600095,0.38605499428794715,0.051099277691883604,0.02950218173080444,0.06617428052119682,0.020805443503254212,0.01201202840721337,0.0874710070692319,0.032474484260218255,0.018749152229431274,0.5392128618581699,0.9128265105002792,0.527020631560763,0.0063695178773521,0.00030464292709149585,0.00017588567596299066,0.9679690032011034,1.6601133065174722,0.9584668644031423,250.63722780755305,404.68003815990477,233.64212896728907,182.10242477809197,309.4253295305536,178.6467972985538,3.2934816771305546,2.108561324048676,1.2173784480423369,36.333333333333336,12.662279942148386,7.31057073315377,103.33333333333333,39.1066916694999,22.578258962501465,0.0027668688790382996,0.00011022242785797008,6.363694839453314e-05,-0.0629144753788465,0.02563283214882268,0.014799122541215268,-0.002156312030424677,0.00017661055469298925,0.00010196615129372647,0.6737523647531267,0.9731708716922667,0.561860464739033
RCZDT-MisalignedV,GPR-KG-AVB-lite,vepm,combined,tn,3,0.005153743737585495,6.938893903907228e-18,4.006172263299092e-18,464.6666666666667,44.50093631973751,25.692627563390847,0.0,0.0,0.0,0.0,0.0,0.0,0.0,0.0,0.0,0.0,0.0,0.0,0.0,0.0,0.0,464.6666666666667,44.50093631973751,25.692627563390847,0.0,0.0,0.0,0.0,0.0,0.0,0.0,0.0,0.0,0.0,0.0,0.0,0.0,0.0,0.0,0.00915283111878564,8.287363751732205e-05,4.784711692934935e-05,0.5524522550803023,0.7593693647903321,0.4384221071760534,0.5432994239615166,0.7594418832476689,0.43846397572691803,0.5437415333752424,0.7592262257792396,0.4383394658294676,0.7197509399064378,1.0256087254965132,0.592135473748641,0.45238391153283386,0.10998005046299518,0.0634970117402989,0.5630119699293427,0.12519754590639207,0.07228283683093599,0.4769214180662984,0.07804814448030267,0.045061117225453556,0.5953267677008256,0.08617873201036211,0.049755314124603184,0.05675022400470899,0.02525039935816859,0.014578324866584188,0.07791320673033077,0.040697652931941934,0.02349680087564264,0.47302873258080735,0.7963841250579324,0.4597925889805419,0.004713709266749507,0.0009785942610050908,0.000564991660018712,0.8737453980212978,1.4949970055768196,0.8631369236074613,273.17899812365084,434.8172904481942,251.04187968856866,192.24255531361732,312.79797421122294,180.5939946128192,3.536947930917511,2.103076815173267,1.2142119653667465,0.0,0.0,0.0,0.0,0.0,0.0,0.0,0.0,0.0,0.0,0.0,0.0,0.0,0.0,0.0,0.0,0.0,0.0
RCZDT-MisalignedV,GPR-KG-AVB-lite,vepm,combined,tp,3,0.005153743737585495,6.938893903907228e-18,4.006172263299092e-18,185.66666666666666,123.59746491467101,71.35902963964064,185.66666666666666,123.59746491467101,71.35902963964064,185.66666666666666,123.59746491467101,71.35902963964064,185.66666666666666,123.59746491467101,71.35902963964064,0.0,0.0,0.0,0.0,0.0,0.0,0.0,0.0,0.0,1.0,0.0,0.0,1.0,0.0,0.0,1.0,0.0,0.0,0.0,0.0,0.0,0.0,0.0,0.0,0.008276738676241924,0.00018767366274787613,0.00010835343970728933,0.055255672175261665,0.013073280980534915,0.007547862293303448,-0.046978933499019736,0.012924836035352336,0.007462157564242447,0.04832426573566482,0.012255709598489357,0.007075837235797711,0.06551622924904914,0.013930474695049136,0.008042763315125889,0.31560094179118026,0.09336915220472797,0.053906705159406834,0.3893294110445009,0.12515195509720167,0.07225651496497734,0.311308066628063,0.10421983846705708,0.06017135179385472,0.3863511808595162,0.13180964414571417,0.07610033352931686,0.05777986247279582,0.003636125812827617,0.0020993182168433716,0.06964958780187021,0.0016088601808002365,0.0009288758584734865,0.012580999717695702,0.004165243766378285,0.002404804609758914,0.011951310444835246,0.0034118413462793373,0.001969827519706671,0.004666846705652621,0.0016821343266231548,0.0009711807062889883,2.1834443047080545,1.9360361631068796,1.1177709999306071,1.1160802766196245,0.1905598844441781,0.11001980058059022,0.7956468327329017,0.4689470859039575,0.2707467262823404,0.0,0.0,0.0,0.0,0.0,0.0,0.0,0.0,0.0,0.0,0.0,0.0,0.0,0.0,0.0,0.0,0.0,0.0
RCZDT-MisalignedV,GPR-KG-AVB-lite,vepm,random,all,3,0.0051537437375855045,8.020165264942835e-18,4.630444574660032e-18,1000.0,0.0,0.0,251.33333333333334,136.2876859196506,78.68573215294145,505.6666666666667,8.144527815247077,4.702245326555294,156.33333333333334,113.5620241688802,65.56506522362177,95.0,37.04051835490427,21.385353243127255,349.3333333333333,115.11009223058304,66.45884273576976,399.3333333333333,43.61574639202376,25.181562920341367,0.5718021051200605,0.15099596759567527,0.08717756253791113,0.3095956884436365,0.2275236903781185,0.1313608638868238,0.3853219693189515,0.23853015999462082,0.13771545208273883,0.19285364136960212,0.07782896284276364,0.04493457264801897,0.6904043115563635,0.22752369037811848,0.13136086388682378,0.00883042006828199,0.0001076268815437122,6.21384090313022e-05,0.5139984002547712,0.7455467951716458,0.4304416428858125,0.49006175548682807,0.7575548354416726,0.43737448816815233,0.5132785755463042,0.7462787093990669,0.4308642137620378,0.7119676219223078,1.0568638050477723,0.6101806023411036,0.37356164049155677,0.043434428888258325,0.025076879210733604,0.48348016661162835,0.05460187686440107,0.03152440830592076,0.38409458936738256,0.038181657279595146,0.022044190108480292,0.4980594642414769,0.046115287941061144,0.026624673906528756,0.05175490573170255,0.013082728515280032,0.0075533168300317205,0.06582780904087727,0.016735091805029377,0.009662009758546811,0.49434587253266155,0.8338212039465934,0.4814068965545836,0.0068516503375670125,7.344381374280291e-05,4.240280563472e-05,0.909984753303107,1.5608111746942617,0.901134751863908,186.60613195535973,303.4258584167588,175.18300103600896,156.8260988544554,266.5922010074576,153.9170790155105,3.0341778666401056,2.1134900201449747,1.2202240320602888,95.0,37.04051835490427,21.385353243127255,349.3333333333333,115.11009223058304,66.45884273576976,0.008635108516632751,0.000869313882321379,0.0005018986039685269,-0.04617371300335082,0.02106401921539311,0.012161317164222663,-0.008736320053906977,0.0005527536019920927,0.00031913244090567,0.5831928360454341,0.8524396320738945,0.49215625104576854
RCZDT-MisalignedV,GPR-KG-AVB-lite,vepm,random,far_true_boundary,3,0.0051537437375855045,8.020165264942835e-18,4.630444574660032e-18,741.3333333333334,3.214550253664318,1.855921454276674,179.33333333333334,87.53475500241795,50.538214364093946,368.3333333333333,2.516611478423583,1.4529663145135578,111.66666666666667,79.65132348764416,45.98671305690132,67.66666666666667,24.419937209856485,14.0988573217044,256.6666666666667,77.1384037515253,44.535878170801176,305.3333333333333,26.102362600602522,15.070206073943087,0.5709431528755363,0.17516072016838766,0.10112908894066733,0.3021943149247847,0.21399251709295106,0.12354863734818089,0.3830951614144822,0.23262718704729557,0.13430736906258153,0.18161158116763,0.06644411093741459,0.038361525335781674,0.6978056850752153,0.21399251709295106,0.12354863734818089,0.010983055218641048,0.0001384340507728874,7.992493647873687e-05,0.48759223041628164,0.6997725116132292,0.4040138479513984,0.4656245175119067,0.7090722254031672,0.4093830402114056,0.4867452847154156,0.7007243052343871,0.4045633662547869,0.684979622482111,1.0111041442336814,0.5837612498520622,0.40071498035557446,0.040493331702564604,0.02337883595886048,0.5131709123705278,0.05204028232606569,0.03004547100965815,0.4100595925656323,0.04246918270696067,0.024519594068127145,0.5276612556633896,0.049773235670889295,0.02873659101302662,0.04962599511351301,0.013595615587412799,0.007849432319191453,0.06312548593093704,0.01730089029788096,0.009988673670701756,0.45610587190607405,0.7675702853197713,0.44315691085132786,0.006903395215288213,0.0001933493342251192,0.00011163029016250749,0.8677333045308088,1.487613186619957,0.8588738737450692,181.76577532731687,294.98356857047344,170.30884272067928,149.56630060574722,253.94434754333602,146.61483741332893,3.0089364405410794,2.057708081478525,1.188018314755295,67.66666666666667,24.419937209856485,14.0988573217044,256.6666666666667,77.1384037515253,44.535878170801176,0.010827596438040515,0.000285367470853226,0.00016475698611507272,-0.04450960646346893,0.020698836537088743,0.011950478846600247,-0.010953139826492557,0.0004476301243767637,0.0002584393728063102,0.5543131636295632,0.8050808794040207,0.46481366244333205
RCZDT-MisalignedV,GPR-KG-AVB-lite,vepm,random,fn,3,0.0051537437375855045,8.020165264942835e-18,4.630444574660032e-18,349.3333333333333,115.11009223058304,66.45884273576976,0.0,0.0,0.0,349.3333333333333,115.11009223058304,66.45884273576976,0.0,0.0,0.0,0.0,0.0,0.0,349.3333333333333,115.11009223058304,66.45884273576976,0.0,0.0,0.0,0.0,0.0,0.0,0.0,0.0,0.0,0.0,0.0,0.0,0.0,0.0,0.0,1.0,0.0,0.0,0.008736320053906977,0.0005527536019920927,0.00031913244090567,0.5831928360454341,0.8524396320738945,0.49215625104576854,0.591929156099341,0.8519756307744248,0.4918883597706154,0.591929156099341,0.8519756307744248,0.4918883597706154,0.7734871708226203,1.1383266441505426,0.6572131944260392,0.2955947582173403,0.05210633359378065,0.030083605726853698,0.38381148452358027,0.06265167497566135,0.03617196141237902,0.28542192642724956,0.034554267276787565,0.019949915513903578,0.3717216118781801,0.04638391801337658,0.0267797675510925,0.04944941559624922,0.020037935614727425,0.011568907521167269,0.06268422005033865,0.027025855560782654,0.015603384983097811,0.5705271912071737,0.9649857363606932,0.5571347746519955,0.00530728564969889,0.0008229718275171717,0.0004751430061525174,0.983913024214595,1.6865821152972953,0.973748638277302,216.91409444145083,349.0765465738701,201.53943813220883,187.8494144922072,313.1137490424358,180.77630729662326,3.3442931977075774,2.174139310619661,1.2552399162420087,0.0,0.0,0.0,349.3333333333333,115.11009223058304,66.45884273576976,0.0,0.0,0.0,0.0,0.0,0.0,-0.008736320053906977,0.0005527536019920927,0.00031913244090567,0.5831928360454341,0.8524396320738945,0.49215625104576854
RCZDT-MisalignedV,GPR-KG-AVB-lite,vepm,random,fp,3,0.0051537437375855045,8.020165264942835e-18,4.630444574660032e-18,95.0,37.04051835490427,21.385353243127255,95.0,37.04051835490427,21.385353243127255,0.0,0.0,0.0,0.0,0.0,0.0,95.0,37.04051835490427,21.385353243127255,0.0,0.0,0.0,0.0,0.0,0.0,0.0,0.0,0.0,0.0,0.0,0.0,0.0,0.0,0.0,1.0,0.0,0.0,0.0,0.0,0.0,0.008635108516632751,0.000869313882321379,0.0005018986039685269,0.04617371300335082,0.02106401921539311,0.012161317164222663,-0.05480882151998357,0.02173789160088778,0.012550377567387465,0.05480882151998357,0.02173789160088778,0.012550377567387465,0.06263390269937474,0.025075152716552106,0.014477146170872335,0.25827268857516694,0.03602157969397252,0.020797068732950594,0.33020658489240534,0.035087416322956,0.020257729259227118,0.2889019981089387,0.03972481154939787,0.022935130641552018,0.3644492659564988,0.03503878162763695,0.020229650004792706,0.07025547030136436,0.025607216555457616,0.014784333371490497,0.07900152262455412,0.023274754447447414,0.013437685745556205,0.014849693861800317,0.006228029721845053,0.0035957546364282313,0.012899102295064793,0.003381978754258183,0.0019525863441645574,0.0036682480512868158,0.0018490797680572803,0.0010675667018409617,1.6321398151163953,0.6308708235091648,0.3642334397768972,1.1047491781235843,0.2086545730152345,0.12046677389799207,0.5139782341416318,0.30627131384707995,0.176825825494672,95.0,37.04051835490427,21.385353243127255,0.0,0.0,0.0,0.008635108516632751,0.000869313882321379,0.0005018986039685269,-0.04617371300335082,0.02106401921539311,0.012161317164222663,0.0,0.0,0.0,0.0,0.0,0.0
RCZDT-MisalignedV,GPR-KG-AVB-lite,vepm,random,high_t1,3,0.0051537437375855045,8.020165264942835e-18,4.630444574660032e-18,327.0,10.44030650891055,6.027713773341709,120.66666666666667,90.74322747915315,52.39062681222452,327.0,10.44030650891055,6.027713773341709,120.66666666666667,90.74322747915315,52.39062681222452,0.0,0.0,0.0,206.33333333333334,81.73942337289476,47.192278087745585,0.0,0.0,0.0,1.0,0.0,0.0,0.36400350952331334,0.2686693299444951,0.15511630996645065,0.4953166113560705,0.29440057083476584,0.16997224882103157,0.0,0.0,0.0,0.6359964904766867,0.2686693299444951,0.15511630996645065,0.009870328970536206,0.00010108526972855308,5.836160768888605e-05,0.5062783922746289,0.7446565649987128,0.4299276682558289,0.4796337030066988,0.7693432137732806,0.4441805115712154,0.5101503659258144,0.748161399946292,0.431951185656279,0.7059519260503718,1.05356376673709,0.608275324334095,0.37504860656459216,0.02087108030980177,0.012049923835142352,0.4680298399163374,0.020819651312303608,0.012020231289592634,0.3661011401128762,0.029328880857172158,0.01693303725791881,0.4576519844688774,0.04623148220581093,0.026691758696560333,0.05467553554192122,0.00941657620061618,0.005436662804270375,0.06957827199341425,0.012175061287398991,0.007029274911679999,0.48765830152384204,0.8221027310758356,0.47464123308816025,0.007043971517448286,0.0002912446311641714,0.00016815016620266764,0.9011884383168399,1.5458975890972209,0.892524389204874,192.57370642858643,313.6285144553557,181.07350724634205,162.81489973267193,277.5199588330997,160.22622293778397,3.040342969447854,2.1264960849347587,1.2277330870677683,0.0,0.0,0.0,206.33333333333334,81.73942337289476,47.192278087745585,0.0,0.0,0.0,0.0,0.0,0.0,-0.010573319148105526,0.0011026348731166516,0.0006366065408117677,0.5651764090157004,0.8335263664131853,0.48123667202530324
RCZDT-MisalignedV,GPR-KG-AVB-lite,vepm,random,low_t1,3,0.0051537437375855045,8.020165264942835e-18,4.630444574660032e-18,335.3333333333333,12.503332889007368,7.218802609235905,65.33333333333333,36.17089069035118,20.883273476902783,8.666666666666666,2.5166114784235836,1.452966314513558,2.3333333333333335,2.5166114784235836,1.452966314513558,63.0,33.80828300875393,19.519221295943133,6.333333333333333,5.033222956847167,2.905932629027116,263.6666666666667,34.31229128655406,19.810210610804837,0.029760721150659506,0.025857971269913824,0.014929106673382356,0.35185185185185186,0.4315251925085572,0.2491411860569206,0.05330804888327012,0.04694818113005624,0.027105545013401282,0.1926571923887668,0.10207651722269748,0.05893390469646386,0.6481481481481481,0.4315251925085572,0.2491411860569206,0.00993773537800086,6.392562737007548e-05,3.690747817022879e-05,0.48903321353838525,0.6979138792800667,0.40294076607352247,0.4583249107759168,0.7048219075354305,0.40692911804632637,0.4831999711608195,0.6966300465637155,0.4021995449091427,0.6757146135425843,1.000834002354312,0.5778317806733927,0.46987943712474906,0.0979517033414772,0.05655244229178423,0.5867114880989629,0.11389790380896302,0.0657589854242389,0.5069197736312187,0.1166703619145131,0.06735966485779521,0.6253726454284417,0.12100589835952512,0.06986278799140433,0.050362341027736235,0.014062531983285229,0.008119006626037449,0.06337548147747223,0.017978552623738358,0.010379922196955195,0.4507885128809346,0.7586683899310248,0.4380173991523372,0.006591595860574267,0.00024128005427080784,0.00013930310428333844,0.8586896673930519,1.4717744545487665,0.849729377520145,187.7360867038632,304.87276079374254,176.01837051285165,149.12042219798118,252.89711395001598,146.0102168163212,3.019805855769247,2.1090650864168463,1.2176692953812076,63.0,33.80828300875393,19.519221295943133,6.333333333333333,5.033222956847167,2.905932629027116,0.009780474669765633,0.00016895185705470057,9.754440015061855e-05,-0.04674074016139173,0.021453561842027374,0.01238621970457079,0.0,0.0,0.0,0.8033386325528006,1.2772018225072121,0.7373928160340196
RCZDT-MisalignedV,GPR-KG-AVB-lite,vepm,random,mid_t1,3,0.0051537437375855045,8.020165264942835e-18,4.630444574660032e-18,337.6666666666667,5.033222956847167,2.905932629027116,65.33333333333333,40.55038018728472,23.411772916870504,170.0,11.269427669584644,6.506407098647712,33.333333333333336,22.007574453658755,12.706079035030614,32.0,18.681541692269406,10.78579312490896,136.66666666666666,31.973947728319903,18.46016732800052,135.66666666666666,9.60902353693305,5.547772325697746,0.4922593847827492,0.0612724899975789,0.035375688594020835,0.20163628893926852,0.1441464920566013,0.08322301599161902,0.26963696369636964,0.1543343683573438,0.08910498911632331,0.18621167674463604,0.09320149261955119,0.0538099068527728,0.7983637110607315,0.14414649205660132,0.08322301599161903,0.006721968780369471,0.0003201960855459536,0.00018486529618342077,0.5474722727990639,0.7951599377722095,0.4590858041215913,0.5334399072653767,0.8004870131124564,0.4621613925032762,0.547472652031573,0.7956085229324853,0.459344794884631,0.7526831720075453,1.1148906649311086,0.6436824255149765,0.27429271324828075,0.046282044555648785,0.02672095088285008,0.36096413604725536,0.0561538647999664,0.03242044895829846,0.2762239441394357,0.018005905155373172,0.010395714188457571,0.36306732733265107,0.01579242122794142,0.00911775864710794,0.050284168228546665,0.016482170109308587,0.009515985349438517,0.06380771968630554,0.022235895780005677,0.012837900414258741,0.5455649697390651,0.9223904999827917,0.5325424034630183,0.006914596948454643,0.0002196845424087992,0.00012683492969651998,0.9677880485205753,1.6608184236176424,0.9588739639507359,179.85718183643255,292.40031461388037,168.8174003534551,165.74922068474157,281.96735902019253,162.79393063299602,3.041112674963428,2.1101861804931037,1.2183165593479217,32.0,18.681541692269406,10.78579312490896,136.66666666666666,31.973947728319903,18.46016732800052,0.00662007163742942,0.0011303172194347285,0.0006525889509103098,-0.04455375996977761,0.019169892141483583,0.011067742388221639,-0.006556229422196522,0.0004449866304934834,0.0002569131509011972,0.5961506136374405,0.8590681420315202,0.49598322305412984
RCZDT-MisalignedV,GPR-KG-AVB-lite,vepm,random,near_true_boundary,3,0.0051537437375855045,8.020165264942835e-18,4.630444574660032e-18,258.6666666666667,3.2145502536643185,1.8559214542766742,72.0,48.774993593028796,28.16025568065745,137.33333333333334,9.073771725877465,5.23874454850057,44.666666666666664,34.019602192461534,19.64122648354165,27.333333333333332,15.88500340992514,9.171210994798404,92.66666666666667,38.18813079129867,22.047927592204925,94.0,19.0,10.96965511460289,0.5885174229316664,0.07962876644626651,0.045973689742989814,0.33036858154114357,0.2659901935336982,0.1535695098384813,0.39004108175014257,0.2553573025712346,0.14743060737903904,0.2273403041654315,0.1344821338680869,0.07764329618993528,0.6696314184588564,0.26599019353369824,0.15356950983848133,0.0026602840870921652,4.995142343911791e-05,2.8839467768979712e-05,0.5891844166131692,0.8758816879324306,0.5056905283060527,0.5595626674649667,0.8956503723939315,0.517103983601425,0.5888379334642914,0.8759903297659241,0.5057532526978653,0.783304480201199,1.1778159968720507,0.6800123828499259,0.29548406378516723,0.06140129972543946,0.03545005692507537,0.3840848063104105,0.07616321779710945,0.04397285429750924,0.3095012059972746,0.03972085340206127,0.022932845404121736,0.3991294617420587,0.05931298276961445,0.03424436656847654,0.05785017686054045,0.012120904189344075,0.0069980072965394645,0.07288366323965373,0.015804755697034063,0.009124879956158887,0.6031826363175582,1.022382349610492,0.5902727247623397,0.006704413482944122,0.0002711938207501478,0.00015657382541266096,1.0206525939284925,1.7525398184685372,1.011829335958348,200.38170726943477,327.4553605461015,189.05644055887765,180.19136660212635,307.2955178822536,177.41714997008458,3.1029845653763517,2.2685604107583797,1.3097539638242786,27.333333333333332,15.88500340992514,9.171210994798404,92.66666666666667,38.18813079129867,22.047927592204925,0.0028297816427748715,0.00022097586511863568,0.00012758047521065476,-0.05026017249797917,0.02329162092784102,0.013447423612551733,-0.002369342490075573,0.00010128738802205476,5.84783007400474e-05,0.6601081753249805,0.9760151564409286,0.5635026133043248
RCZDT-MisalignedV,GPR-KG-AVB-lite,vepm,random,tn,3,0.0051537437375855045,8.020165264942835e-18,4.630444574660032e-18,399.3333333333333,43.61574639202376,25.181562920341367,0.0,0.0,0.0,0.0,0.0,0.0,0.0,0.0,0.0,0.0,0.0,0.0,0.0,0.0,0.0,399.3333333333333,43.61574639202376,25.181562920341367,0.0,0.0,0.0,0.0,0.0,0.0,0.0,0.0,0.0,0.0,0.0,0.0,0.0,0.0,0.0,0.009176470737616843,0.00011587638495135829,6.690126204438741e-05,0.5625199722551694,0.7975364078163757,0.4604578597413117,0.5533435015175526,0.7976332412078073,0.4605137665259213,0.5538258963828792,0.7974146952706415,0.46038758897026827,0.7366458105523427,1.083560018068163,0.6255936681147697,0.4604300472799066,0.11201243145560169,0.06467040745347614,0.5756681096255226,0.12682457217862472,0.07322220088718812,0.49030776891502087,0.10048094175731362,0.05801269877201213,0.6100942074822845,0.10559839218876096,0.06096726015617282,0.04415944918483878,0.012854173134909148,0.007421360319649853,0.056648092766205506,0.017597867183452336,0.010160133355529488,0.526791448396705,0.8889665368619091,0.5132450693577926,0.005264148813044923,0.0010769097931432987,0.0006217541589642277,0.9364177801408483,1.6040079018629836,0.9260743939228805,201.6252578080922,323.333136808714,186.67647357443715,182.08846568750846,298.8848544110816,172.56125115094008,3.2844188400703955,2.167995738118529,1.251692923004694,0.0,0.0,0.0,0.0,0.0,0.0,0.0,0.0,0.0,0.0,0.0,0.0,0.0,0.0,0.0,0.0,0.0,0.0
RCZDT-MisalignedV,GPR-KG-AVB-lite,vepm,random,tp,3,0.0051537437375855045,8.020165264942835e-18,4.630444574660032e-18,156.33333333333334,113.5620241688802,65.56506522362177,156.33333333333334,113.5620241688802,65.56506522362177,156.33333333333334,113.5620241688802,65.56506522362177,156.33333333333334,113.5620241688802,65.56506522362177,0.0,0.0,0.0,0.0,0.0,0.0,0.0,0.0,0.0,1.0,0.0,0.0,1.0,0.0,0.0,1.0,0.0,0.0,0.0,0.0,0.0,0.0,0.0,0.0,0.008826623155162633,0.0005297158974124047,0.0003058316159650761,0.04761023601470008,0.01210176288848568,0.00698695606133623,-0.03878361285953744,0.0123365487580957,0.007122509746357497,0.04040947117884886,0.01169063895462618,0.00674959354745215,0.05407908814140041,0.01486441599981529,0.008581974578839939,0.3374489987905456,0.09110633053782878,0.05260026446089447,0.4097889106642487,0.11901581201611247,0.06871381110532443,0.32516682616462494,0.10551415551027613,0.06091862608717396,0.4008929199964361,0.12701297029681155,0.0733309725914381,0.0590391462685337,0.007208580574469179,0.0041618759351448875,0.07031688365702865,0.0034978133746607536,0.0020194634934354596,0.014807091935592556,0.006279010132960182,0.003625188190508949,0.012520832574640822,0.003788421394627665,0.0021872461119920197,0.0038683444657250667,0.0018110240542709318,0.00104559522524221,2.0250164033699547,1.411088594267389,0.8146923797506876,1.14018294149121,0.19995208748573987,0.11544239153491952,0.5978190502628119,0.521423714381375,0.30104412185994145,0.0,0.0,0.0,0.0,0.0,0.0,0.0,0.0,0.0,0.0,0.0,0.0,0.0,0.0,0.0,0.0,0.0,0.0
RCZDT-MisalignedV,GPR-KG-VEPM,vepm,axis,all,3,0.005153743737585495,0.0,0.0,101.0,0.0,0.0,0.0,0.0,0.0,52.0,0.0,0.0,0.0,0.0,0.0,0.0,0.0,0.0,52.0,0.0,0.0,49.0,0.0,0.0,0.0,0.0,0.0,0.0,0.0,0.0,0.0,0.0,0.0,0.0,0.0,0.0,1.0,0.0,0.0,0.008821529175303672,0.0,0.0,2.186883799404193,1.8669838287645322,1.077903616109881,2.186883799404193,1.8669838287645322,1.077903616109881,2.186883799404193,1.8669838287645322,1.077903616109881,2.1875341677200084,1.8662313009457727,1.0774691439711475,0.4101044574940546,0.06927934522279154,0.03999844861365971,0.485942646652334,0.09735987106845645,0.05621074776964059,0.40550262854192193,0.034012427153803634,0.019637083973041067,0.48469065678403683,0.07198302709406379,0.041559420069841854,0.16543906782954595,0.15688999857507246,0.0905804829104781,0.1687543944738403,0.15573889172160243,0.08991589105876115,2.371971439394741,2.9901197490874454,1.7263464420448529,0.00016187034976850853,0.0,0.0,2.371809569044972,2.9901197490874445,1.7263464420448524,14653.526373340805,18472.31289339664,10664.994821557546,14653.526373340801,18472.31289339664,10664.994821557546,8.233275321858747,2.72738706255956,1.5746576547530646,0.0,0.0,0.0,52.0,0.0,0.0,0.0,0.0,0.0,0.0,0.0,0.0,-0.008567061987554527,0.0,0.0,2.1788609122179436,1.8680999418385074,1.0785480042935864
RCZDT-MisalignedV,GPR-KG-VEPM,vepm,axis,far_true_boundary,3,0.005153743737585495,0.0,0.0,75.0,0.0,0.0,0.0,0.0,0.0,38.0,0.0,0.0,0.0,0.0,0.0,0.0,0.0,0.0,38.0,0.0,0.0,37.0,0.0,0.0,0.0,0.0,0.0,0.0,0.0,0.0,0.0,0.0,0.0,0.0,0.0,0.0,1.0,0.0,0.0,0.010976711284488565,0.0,0.0,2.1898895036971733,1.865712354545611,1.077169530127319,2.189958220280341,1.8657123545456111,1.0771695301273192,2.189958220280341,1.8657123545456111,1.0771695301273192,2.1903379036185995,1.8652780897378176,1.07691880722364,0.4299854970156167,0.05077313035931672,0.02931388048055147,0.5071825413432053,0.08795748881159579,0.05078227984261833,0.43334082622574027,0.033618976917492556,0.019409925373194144,0.5125023851444449,0.07320191781760463,0.0422631469571909,0.16725650786348978,0.15930367654626493,0.09197402053688314,0.16993756312141817,0.15777021998043098,0.0910886789758083,2.3719714393947395,2.9901197490874436,1.726346442044852,0.00016187034976850858,0.0,0.0,2.3718095690449714,2.990119749087444,1.7263464420448522,14653.526373340805,18472.31289339664,10664.994821557546,14653.526373340801,18472.31289339664,10664.994821557546,8.233275321858748,2.7273870625595595,1.5746576547530644,0.0,0.0,0.0,38.0,0.0,0.0,0.0,0.0,0.0,0.0,0.0,0.0,-0.010900093290450365,0.0,0.0,2.1817191383333463,1.8667587012569695,1.0777736386827876
RCZDT-MisalignedV,GPR-KG-VEPM,vepm,axis,fn,3,0.005153743737585495,0.0,0.0,52.0,0.0,0.0,0.0,0.0,0.0,52.0,0.0,0.0,0.0,0.0,0.0,0.0,0.0,0.0,52.0,0.0,0.0,0.0,0.0,0.0,0.0,0.0,0.0,0.0,0.0,0.0,0.0,0.0,0.0,0.0,0.0,0.0,1.0,0.0,0.0,0.008567061987554527,0.0,0.0,2.1788609122179436,1.8680999418385074,1.0785480042935864,2.187427974205498,1.8680999418385071,1.0785480042935864,2.187427974205498,1.8680999418385071,1.0785480042935864,2.1882221069933716,1.8672239053706683,1.0780422244030596,0.4590832822547064,0.22814137172681245,0.13171748237976566,0.5060750262128654,0.23391912783207217,0.13505327142244936,0.3963491042037879,0.17297509920170637,0.0998672200872074,0.4624033618539863,0.1408651930315576,0.08132855711621838,0.16636184506794358,0.1463567214463022,0.08449909252473366,0.16984153656438306,0.14619758644376585,0.0844072158881818,2.3719714393947395,2.9901197490874436,1.726346442044852,0.00016187034976850858,0.0,0.0,2.3718095690449714,2.9901197490874436,1.726346442044852,14653.526373340806,18472.312893396644,10664.994821557548,14653.526373340801,18472.31289339664,10664.994821557546,8.233275321858747,2.727387062559559,1.5746576547530642,0.0,0.0,0.0,52.0,0.0,0.0,0.0,0.0,0.0,0.0,0.0,0.0,-0.008567061987554527,0.0,0.0,2.1788609122179436,1.8680999418385074,1.0785480042935864
RCZDT-MisalignedV,GPR-KG-VEPM,vepm,axis,fp,3,0.005153743737585495,0.0,0.0,0.0,0.0,0.0,0.0,0.0,0.0,0.0,0.0,0.0,0.0,0.0,0.0,0.0,0.0,0.0,0.0,0.0,0.0,0.0,0.0,0.0,0.0,0.0,0.0,0.0,0.0,0.0,0.0,0.0,0.0,0.0,0.0,0.0,0.0,0.0,0.0,0.0,0.0,0.0,0.0,0.0,0.0,0.0,0.0,0.0,0.0,0.0,0.0,0.0,0.0,0.0,0.0,0.0,0.0,0.0,0.0,0.0,0.0,0.0,0.0,0.0,0.0,0.0,0.0,0.0,0.0,0.0,0.0,0.0,0.0,0.0,0.0,0.0,0.0,0.0,0.0,0.0,0.0,0.0,0.0,0.0,0.0,0.0,0.0,0.0,0.0,0.0,0.0,0.0,0.0,0.0,0.0,0.0,0.0,0.0,0.0,0.0,0.0,0.0,0.0,0.0,0.0,0.0,0.0,0.0
RCZDT-MisalignedV,GPR-KG-VEPM,vepm,axis,high_t1,3,0.005153743737585495,0.0,0.0,34.0,0.0,0.0,0.0,0.0,0.0,34.0,0.0,0.0,0.0,0.0,0.0,0.0,0.0,0.0,34.0,0.0,0.0,0.0,0.0,0.0,0.0,0.0,0.0,0.0,0.0,0.0,0.0,0.0,0.0,0.0,0.0,0.0,1.0,0.0,0.0,0.009887803286603668,0.0,0.0,2.164245391433021,1.8731915004189725,1.081487617010613,2.1741331947196247,1.873191500418973,1.0814876170106131,2.1741331947196247,1.873191500418973,1.0814876170106131,2.174830787785716,1.87240465119249,1.0810333293978915,0.4206684191497729,0.17392229584378943,0.10041408432348957,0.4801474860250776,0.18581778449998937,0.10728194790128874,0.3847394083466285,0.10289115551746879,0.05940423633524226,0.45907062534444165,0.08849777090718569,0.051094211855945496,0.15355895162834285,0.1376729592678494,0.07948552009342523,0.15690465058003733,0.1370323425589464,0.07911565986409272,2.3719714393947404,2.9901197490874445,1.7263464420448524,0.0001618703497685085,0.0,0.0,2.3718095690449714,2.9901197490874436,1.726346442044852,14653.526373340806,18472.312893396644,10664.994821557548,14653.526373340801,18472.31289339664,10664.994821557546,8.233275321858747,2.727387062559559,1.5746576547530642,0.0,0.0,0.0,34.0,0.0,0.0,0.0,0.0,0.0,0.0,0.0,0.0,-0.009887803286603668,0.0,0.0,2.164245391433021,1.8731915004189725,1.081487617010613
RCZDT-MisalignedV,GPR-KG-VEPM,vepm,axis,low_t1,3,0.005153743737585495,0.0,0.0,34.0,0.0,0.0,0.0,0.0,0.0,1.0,0.0,0.0,0.0,0.0,0.0,0.0,0.0,0.0,1.0,0.0,0.0,33.0,0.0,0.0,0.0,0.0,0.0,0.0,0.0,0.0,0.0,0.0,0.0,0.0,0.0,0.0,1.0,0.0,0.0,0.009887803286603668,0.0,0.0,2.184817230534772,1.8709211892718927,1.080176852258702,2.174929427248168,1.8709211892718927,1.080176852258702,2.174929427248168,1.8709211892718927,1.080176852258702,2.1752150359471414,1.8705463924626777,1.0799604632200104,0.39268302956504497,0.16185097938001247,0.09344470651365477,0.4500864712440093,0.17017561150807858,0.09825093511369835,0.45710390236112103,0.2047926096993409,0.11823706833796044,0.507851903914088,0.22893659839028765,0.13217660670798984,0.15386979366499143,0.16585559038666361,0.09575676975634455,0.15556332677697093,0.16456796847770455,0.09501336090059258,2.3719714393947404,2.9901197490874445,1.7263464420448524,0.0001618703497685085,0.0,0.0,2.3718095690449714,2.9901197490874436,1.726346442044852,14653.526373340806,18472.312893396644,10664.994821557548,14653.526373340801,18472.31289339664,10664.994821557546,8.233275321858747,2.727387062559559,1.5746576547530642,0.0,0.0,0.0,1.0,0.0,0.0,0.0,0.0,0.0,0.0,0.0,0.0,0.0,0.0,0.0,2.1469262684937234,1.8877779283963245,1.089909095129852
RCZDT-MisalignedV,GPR-KG-VEPM,vepm,axis,mid_t1,3,0.005153743737585495,0.0,0.0,33.0,0.0,0.0,0.0,0.0,0.0,17.0,0.0,0.0,0.0,0.0,0.0,0.0,0.0,0.0,17.0,0.0,0.0,16.0,0.0,0.0,0.0,0.0,0.0,0.0,0.0,0.0,0.0,0.0,0.0,0.0,0.0,0.0,1.0,0.0,0.0,0.00662435827929156,0.0,0.0,2.2123374119066224,1.8567099729068002,1.0719720026648039,2.2123374119066224,1.8567099729068002,1.0719720026648039,2.2123374119066224,1.8567099729068002,1.0719720026648039,2.2123681017376824,1.8566721543605709,1.071950168116958,0.4171697257756275,0.16893610919352875,0.09753530811873184,0.47754633282343945,0.19040939800108392,0.10993291719216039,0.37373008844456473,0.08436681191717953,0.04870920157105413,0.4476530461001085,0.08618069200508105,0.04975644572808178,0.18959904578214481,0.16819983683156273,0.09711022107235387,0.1898152118840355,0.16802206950858958,0.09700758706058221,2.37197143939474,2.990119749087444,1.7263464420448522,0.00016187034976850853,0.0,0.0,2.3718095690449714,2.990119749087444,1.7263464420448522,14653.526373340801,18472.31289339664,10664.994821557546,14653.526373340801,18472.31289339664,10664.994821557546,8.233275321858747,2.727387062559559,1.5746576547530642,0.0,0.0,0.0,17.0,0.0,0.0,0.0,0.0,0.0,0.0,0.0,0.0,-0.006429524212253572,0.0,0.0,2.209970462242155,1.8569140361367333,1.0720898186255374
RCZDT-MisalignedV,GPR-KG-VEPM,vepm,axis,near_true_boundary,3,0.005153743737585495,0.0,0.0,26.0,0.0,0.0,0.0,0.0,0.0,14.0,0.0,0.0,0.0,0.0,0.0,0.0,0.0,0.0,14.0,0.0,0.0,12.0,0.0,0.0,0.0,0.0,0.0,0.0,0.0,0.0,0.0,0.0,0.0,0.0,0.0,0.0,1.0,0.0,0.0,0.002604657706501101,0.0,0.0,2.178213498559057,1.8706564424865415,1.0800240006309125,2.178015277646073,1.8706564424865415,1.0800240006309125,2.178015277646073,1.8706564424865415,1.0800240006309125,2.179371838809393,1.869073411510307,1.079110037270648,0.35275530502801006,0.1464819132066445,0.0845713720212676,0.41452970348281787,0.14032700615578117,0.08101783477861453,0.3252001352232153,0.06282693413002222,0.03627314733232721,0.39234167651103685,0.07848070950625943,0.04531085875963171,0.16019645234701577,0.14992756261792212,0.08656071863640181,0.16523460237393064,0.1498232135169693,0.08650047265487701,2.3719714393947404,2.9901197490874445,1.7263464420448524,0.00016187034976850853,0.0,0.0,2.3718095690449714,2.990119749087444,1.7263464420448522,14653.526373340801,18472.31289339664,10664.994821557546,14653.526373340801,18472.31289339664,10664.994821557546,8.233275321858747,2.727387062559559,1.5746576547530642,0.0,0.0,0.0,14.0,0.0,0.0,0.0,0.0,0.0,0.0,0.0,0.0,-0.002234548451122969,0.0,0.0,2.1711028699047072,1.8717422045220204,1.080650865634372
RCZDT-MisalignedV,GPR-KG-VEPM,vepm,axis,tn,3,0.005153743737585495,0.0,0.0,49.0,0.0,0.0,0.0,0.0,0.0,0.0,0.0,0.0,0.0,0.0,0.0,0.0,0.0,0.0,0.0,0.0,0.0,49.0,0.0,0.0,0.0,0.0,0.0,0.0,0.0,0.0,0.0,0.0,0.0,0.0,0.0,0.0,0.0,0.0,0.0,0.00909157598679256,0.0,0.0,2.1953978837651107,1.8658665031637094,1.0772585278734734,2.186306307778318,1.8658665031637094,1.0772585278734734,2.186306307778318,1.8658665031637094,1.0772585278734734,2.1867367904596793,1.8652953166998658,1.0769287532148157,0.3581269291766282,0.13373821620732826,0.07721379512824135,0.4188353087929721,0.14406316229296037,0.08317490553014942,0.41521657273749285,0.2085297943505184,0.12039473290232912,0.4664608803806753,0.22188316830794713,0.12810430695124034,0.1644597940255322,0.16813817335693146,0.09707461964867635,0.16697398334048177,0.16620016213068178,0.09595570834550858,2.37197143939474,2.990119749087444,1.7263464420448522,0.00016187034976850856,0.0,0.0,2.3718095690449714,2.990119749087444,1.7263464420448522,14653.526373340806,18472.312893396644,10664.994821557548,14653.526373340801,18472.31289339664,10664.994821557546,8.233275321858747,2.727387062559559,1.5746576547530642,0.0,0.0,0.0,0.0,0.0,0.0,0.0,0.0,0.0,0.0,0.0,0.0,0.0,0.0,0.0,0.0,0.0,0.0
RCZDT-MisalignedV,GPR-KG-VEPM,vepm,axis,tp,3,0.005153743737585495,0.0,0.0,0.0,0.0,0.0,0.0,0.0,0.0,0.0,0.0,0.0,0.0,0.0,0.0,0.0,0.0,0.0,0.0,0.0,0.0,0.0,0.0,0.0,0.0,0.0,0.0,0.0,0.0,0.0,0.0,0.0,0.0,0.0,0.0,0.0,0.0,0.0,0.0,0.0,0.0,0.0,0.0,0.0,0.0,0.0,0.0,0.0,0.0,0.0,0.0,0.0,0.0,0.0,0.0,0.0,0.0,0.0,0.0,0.0,0.0,0.0,0.0,0.0,0.0,0.0,0.0,0.0,0.0,0.0,0.0,0.0,0.0,0.0,0.0,0.0,0.0,0.0,0.0,0.0,0.0,0.0,0.0,0.0,0.0,0.0,0.0,0.0,0.0,0.0,0.0,0.0,0.0,0.0,0.0,0.0,0.0,0.0,0.0,0.0,0.0,0.0,0.0,0.0,0.0,0.0,0.0,0.0
RCZDT-MisalignedV,GPR-KG-VEPM,vepm,combined,all,3,0.005153743737585492,1.0605248676324213e-17,6.122943178098707e-18,1181.0,0.0,0.0,138.33333333333334,153.90364951271732,88.85631347543317,597.6666666666666,9.073771725877467,5.238744548500571,75.33333333333333,88.96253893259417,51.36254580052581,63.0,64.95382975621992,37.501111094650696,522.3333333333334,94.76989676755659,54.71542540982185,520.3333333333334,59.651767227244264,34.43996386628638,0.509748946878364,0.053385396986877706,0.03082207332116888,0.12698195441816867,0.15093168340970683,0.08714044804583762,0.17994071958671864,0.1842593851746296,0.10638220563128734,0.10728765368475125,0.10965688728466114,0.06331043339229556,0.8730180455818313,0.15093168340970683,0.08714044804583762,0.008712413976765426,0.0001403901868884179,8.105431219160995e-05,1.161820833750605,1.0192214110729896,0.5884477560468208,1.1500461395080726,1.0293254208605096,0.59428130881754,1.1618013131712372,1.019342572509485,0.5885177086347968,1.5193948918243556,1.3772736619834935,0.7951693194939516,0.40398273828471654,0.060404436734312124,0.034874517808802824,0.5225351225849795,0.09156035705146146,0.052862396790759526,0.40253490409256026,0.04982981658275576,0.028769258017723717,0.5216693033825319,0.07883317776102994,0.045514356401404256,0.07688266757853977,0.030989936554090842,0.017892048211673773,0.09920536171632151,0.043047759417972634,0.024853635487976748,1.2971462112167518,1.6130378234716012,0.9312878215943771,0.006445943346742461,0.00017520656745887426,0.00010115555888617138,2.136133233335125,2.76719197553265,1.597639031973148,3024.2950804623656,3795.0723000261437,2191.0860140141863,538.3131686151888,688.257575774992,397.3656966454909,5.084503729991527,1.9645385202272745,1.134226843486606,63.0,64.95382975621992,37.501111094650696,522.3333333333334,94.76989676755659,54.71542540982185,0.00870036948735838,0.0016848664210289941,0.0009727580817296511,-0.05238128904874917,0.020748170095930978,0.011978961590077894,-0.008560415732959507,0.0003530932260337327,0.00020385846909960897,1.2095490814961645,1.0303311651520508,0.5948619755549973
RCZDT-MisalignedV,GPR-KG-VEPM,vepm,combined,far_true_boundary,3,0.005153743737585492,1.0605248676324213e-17,6.122943178098707e-18,881.0,2.6457513110645907,1.5275252316519468,98.33333333333333,115.17088752516122,66.49394291545994,437.6666666666667,8.504900548115383,4.910306620885413,51.666666666666664,66.15386106141753,38.193949491742515,46.666666666666664,49.09514572066502,28.345095597729856,386.0,60.753600716336145,35.07610772781572,396.6666666666667,53.48208422764892,30.877895725655343,0.4708152958152958,0.0778107921455923,0.04492408179111574,0.11675680066868317,0.14864479078486909,0.08582010997327977,0.1648199640530024,0.18592434810394196,0.10734347242671657,0.10597826779408297,0.11213966038457293,0.06474386310986639,0.8832431993313169,0.1486447907848691,0.0858201099732798,0.010856977216322667,0.0001536639486490175,8.87179221172511e-05,1.1651186156561637,1.0151433403352323,0.5860932808086023,1.1556926873699624,1.0234221194451751,0.5908730361562893,1.1651450652982174,1.0152731814423315,0.5861682446067379,1.5131474935900897,1.3569067236186598,0.7834104621464464,0.4306762821244732,0.05697314835278617,0.03289346253806158,0.5534365091681657,0.09143846155426157,0.05279202039263817,0.4291103239359398,0.04636527009911086,0.026769001172771364,0.5518601188879383,0.07870499711831169,0.04544035127282598,0.07581342780344795,0.03280443941516541,0.018939651926960517,0.09823261931742044,0.04530547871902221,0.026157130334192338,1.2741993161013931,1.5599660788717962,0.9006468355633166,0.006452529925243956,0.00010849034046456404,6.26369272716902e-05,1.7815410439846575,2.1330711404224325,1.2315291971235136,3001.345699565171,3717.2375464131082,2146.1480980633924,541.8793062979739,652.7639596933893,376.87344784626436,5.095706329344714,1.9839547799849226,1.14543682628434,46.666666666666664,49.09514572066502,28.345095597729856,386.0,60.753600716336145,35.07610772781572,0.010684175245732805,0.00022252239184525124,0.0001284733628325752,-0.051580891342015135,0.022807039599087784,0.013167650451951788,-0.010815916764593626,0.0002662635475795854,0.00015372733087045835,1.2074960660710954,1.0190926613569349,0.5883734223635985
RCZDT-MisalignedV,GPR-KG-VEPM,vepm,combined,fn,3,0.005153743737585492,1.0605248676324213e-17,6.122943178098707e-18,522.3333333333334,94.76989676755659,54.71542540982185,0.0,0.0,0.0,522.3333333333334,94.76989676755659,54.71542540982185,0.0,0.0,0.0,0.0,0.0,0.0,522.3333333333334,94.76989676755659,54.71542540982185,0.0,0.0,0.0,0.0,0.0,0.0,0.0,0.0,0.0,0.0,0.0,0.0,0.0,0.0,0.0,1.0,0.0,0.0,0.008560415732959507,0.0003530932260337327,0.00020385846909960897,1.2095490814961645,1.0303311651520508,0.5948619755549973,1.218109497229124,1.0301288165494933,0.5947451495348406,1.218109497229124,1.0301288165494933,0.5947451495348406,1.573751676373205,1.3972531214549355,0.8067044657980519,0.3595125846748786,0.020719702084831104,0.011962525576206088,0.45678847245032833,0.014458526550254133,0.008347634195874575,0.34910793456690614,0.048394723298851354,0.027940706523949286,0.4443510169263276,0.051422841507983916,0.029688991387129975,0.08416587034000311,0.03167000290963946,0.01828468470511657,0.10546321875672819,0.04244251987198426,0.024504200273176156,1.3712154592328882,1.6946421392066082,0.9784020952510186,0.005480792116139453,0.0014889235477572062,0.0008596304111003957,2.5164958936026616,3.289316846929922,1.8990879670249616,3221.247323113939,3983.5770322026656,2299.9192718798195,598.4054968561603,719.9015118622198,415.6353316636712,5.3592642185417025,1.6948920615425698,0.9785463879789624,0.0,0.0,0.0,522.3333333333334,94.76989676755659,54.71542540982185,0.0,0.0,0.0,0.0,0.0,0.0,-0.008560415732959507,0.0003530932260337327,0.00020385846909960897,1.2095490814961645,1.0303311651520508,0.5948619755549973
RCZDT-MisalignedV,GPR-KG-VEPM,vepm,combined,fp,3,0.005153743737585492,1.0605248676324213e-17,6.122943178098707e-18,63.0,64.95382975621992,37.501111094650696,63.0,64.95382975621992,37.501111094650696,0.0,0.0,0.0,0.0,0.0,0.0,63.0,64.95382975621992,37.501111094650696,0.0,0.0,0.0,0.0,0.0,0.0,0.0,0.0,0.0,0.0,0.0,0.0,0.0,0.0,0.0,1.0,0.0,0.0,0.0,0.0,0.0,0.00870036948735838,0.0016848664210289941,0.0009727580817296511,0.05238128904874917,0.020748170095930978,0.011978961590077894,-0.06108165853610755,0.01917983718804116,0.01107348416352876,0.06108165853610755,0.01917983718804116,0.01107348416352876,0.07414135474299269,0.02505315258470454,0.014464444388827935,0.29391274038825427,0.10270461074640566,0.05929653466145304,0.3869400051647854,0.13617783354022459,0.07862230885210872,0.2960314604767071,0.08989571202775927,0.0519013135382199,0.3885208076979863,0.12016428642714462,0.06937688311569125,0.04139075965975859,0.014318804484669151,0.008266965623697355,0.0524969904430554,0.019894431963522873,0.011486055649514626,0.007492298540289572,0.0009865873874147363,0.0005696064937029876,0.011369162454086236,0.002450474636447147,0.0014147821909951106,0.005815574871137977,0.001162551756295453,0.0006711995694440521,0.7217792441672595,0.09370400146675495,0.05410003047097606,0.6341840962644965,0.19458139054697943,0.11234161821159028,0.7124389673735786,0.1327913459099272,0.07666711930714919,63.0,64.95382975621992,37.501111094650696,0.0,0.0,0.0,0.00870036948735838,0.0016848664210289941,0.0009727580817296511,-0.05238128904874917,0.020748170095930978,0.011978961590077894,0.0,0.0,0.0,0.0,0.0,0.0
RCZDT-MisalignedV,GPR-KG-VEPM,vepm,combined,high_t1,3,0.005153743737585492,1.0605248676324213e-17,6.122943178098707e-18,385.0,11.357816691600547,6.557438524302001,55.666666666666664,75.63949585589089,43.67048329376619,385.0,11.357816691600547,6.557438524302001,55.666666666666664,75.63949585589089,43.67048329376619,0.0,0.0,0.0,329.3333333333333,69.1688754667396,39.93466887026582,0.0,0.0,0.0,1.0,0.0,0.0,0.142256970094941,0.19192973302468763,0.11081068302729642,0.21851315728273477,0.27288062871495483,0.15754770444521352,0.0,0.0,0.0,0.857743029905059,0.19192973302468766,0.11081068302729644,0.009687608576808832,0.00016591905105716698,9.579340879154262e-05,1.1662880773488553,1.038416931908338,0.5995302951683443,1.1606729215759692,1.0548552772632762,0.6090209782840499,1.1737816001537966,1.0410896087015336,0.6010733658343526,1.5559181806824223,1.428486416868739,0.8247370173128905,0.38640960777883987,0.01708315351360694,0.009862963279688667,0.4832251790993773,0.007443262141762519,0.004297369401195541,0.3835214584526581,0.042441822607994076,0.024503797707623724,0.4800213793113237,0.046763342524495516,0.026998828394724162,0.08148882532379177,0.03423148623467375,0.01976355779234986,0.10079474005094889,0.04356241235443724,0.02515077049938382,1.3833178084933808,1.7158185019435435,0.9906282739776453,0.0065094304626531554,0.00012372110881306726,7.143041547766337e-05,2.808710966371368,3.7054904986896395,2.139365936898064,3202.6402181954927,3965.4495171917874,2289.45334620855,552.6035288030952,679.1020635742055,392.0797592117979,5.125265657970398,1.9869177185482854,1.1471474796614898,0.0,0.0,0.0,329.3333333333333,69.1688754667396,39.93466887026582,0.0,0.0,0.0,0.0,0.0,0.0,-0.009957050586007059,0.00044136498300307214,0.0002548221917476983,1.2179875012903238,1.051774374930905,0.6072422184931084
RCZDT-MisalignedV,GPR-KG-VEPM,vepm,combined,low_t1,3,0.005153743737585492,1.0605248676324213e-17,6.122943178098707e-18,403.6666666666667,13.576941236277534,7.838650677536565,55.0,52.94336596779619,30.566866593312003,16.666666666666668,3.7859388972001824,2.185812841434,6.0,2.6457513110645907,1.5275252316519468,49.0,50.3189825016365,29.051678092667903,10.666666666666666,5.686240703077327,3.2829526005987018,338.0,60.22457969965419,34.77067730142742,0.14887794198139026,0.06202672373709066,0.03581114564655984,0.3825396825396825,0.20593976472964365,0.11889937860350797,0.18865866957470012,0.05036992838884368,0.029081091714361074,0.12889132576358223,0.13507642426797337,0.07798640991228653,0.6174603174603175,0.20593976472964368,0.11889937860350798,0.009716229388307107,0.00010615387174833644,6.128796642942306e-05,1.1502351987179844,1.0111930896838268,0.5838126025316468,1.1259636433797,1.022947851344429,0.5905992173406553,1.1431658542851904,1.0090092205639811,0.582551745107429,1.4908477411135836,1.3561628130946868,0.7829809652051776,0.504517126077368,0.13488670811055017,0.07787687723772863,0.6340741667943128,0.16965961008337865,0.09795302155224561,0.5073880831911995,0.10857981524290782,0.06268858555905266,0.6386006242031911,0.13632281333214863,0.07870601297400312,0.06916202690148186,0.028878050775289908,0.01667275038878531,0.090665290553121,0.04057887009010181,0.023428221569931136,1.257798167092088,1.561781064013057,0.9016947177231986,0.00635198380370276,0.00027957032249560523,0.00016141000095026817,1.7153364710868715,2.1577905684523526,1.2458009655508016,3000.039339054263,3793.272967249078,2190.0471687509857,524.1383792868675,639.2739480897421,369.0849860155275,5.069715974558575,1.9778831317433205,1.1419313585376263,49.0,50.3189825016365,29.051678092667903,10.666666666666666,5.686240703077327,3.2829526005987018,0.009028247711047328,0.0017544653004538042,0.0010129410135008615,-0.0560011017964448,0.02662709651704937,0.015373161341856602,0.0,0.0,0.0,0.9026031090167721,0.5611189367436316,0.3239621691763323
RCZDT-MisalignedV,GPR-KG-VEPM,vepm,combined,mid_t1,3,0.005153743737585492,1.0605248676324213e-17,6.122943178098707e-18,392.3333333333333,4.163331998932266,2.4037008503093267,27.666666666666668,25.423086620891127,14.678025904202666,196.0,11.357816691600547,6.557438524302001,13.666666666666666,10.785793124908958,6.227180564089802,14.0,14.933184523068078,8.621678104251709,182.33333333333334,21.93931022920578,12.666666666666668,182.33333333333334,0.5773502691896258,0.33333333333333337,0.5449039264828739,0.17815249338244507,0.10285639001115769,0.07201496535324023,0.06109296505712337,0.03527203982132258,0.11860465116279068,0.08603166992610696,0.04967040779067089,0.06772709748607436,0.06804155016997293,0.0392838073067133,0.9279850346467597,0.06109296505712343,0.03527203982132261,0.006722882463625829,0.00025047686648777093,0.0001446128862924885,1.1692210163949524,1.008513738898814,0.5822656786346662,1.1642553674868232,1.0108791021134458,0.5836313217233652,1.169176039773015,1.0085135155299918,0.5822655496726167,1.5115124758347773,1.3473877314121594,0.7779146694336094,0.3170721638629214,0.060260809020206384,0.034791594309400785,0.4117037730348163,0.0909334168285726,0.05250043268430884,0.31463969589754454,0.050059968016462404,0.028902136009928626,0.4111994942418946,0.08061420436143009,0.046542632588579165,0.08035887310900318,0.03065540103847269,0.01769890404167814,0.10579482786407678,0.04533344267004999,0.02617327532884583,1.2527072937711619,1.5623287272024744,0.902010911213034,0.006473632657304137,0.00025642741478405697,0.00014804843695317513,1.7068832655884263,2.1629825048503935,1.2487985314278258,2874.3194726527,3624.7021879250974,2092.7227839307807,474.31681625076607,781.059915052483,450.9451522087773,5.060247999491518,1.930856090888745,1.1147802838410457,14.0,14.933184523068078,8.621678104251709,182.33333333333334,21.93931022920578,12.666666666666668,0.00715421638470892,0.0006117924118926886,0.0003532185136944142,-0.049566699606192276,0.022395763682513486,0.012930200190806406,-0.006559612028758054,0.00034233347002174803,0.00019764632106967491,1.210866731462504,1.0113901198026605,0.5839263579237939
RCZDT-MisalignedV,GPR-KG-VEPM,vepm,combined,near_true_boundary,3,0.005153743737585492,1.0605248676324213e-17,6.122943178098707e-18,300.0,2.6457513110645907,1.5275252316519468,40.0,39.230090491866065,22.649503305812253,160.0,11.269427669584644,6.506407098647712,23.666666666666668,22.81081614790083,13.169830843425608,16.333333333333332,16.921386861996073,9.76956725983523,136.33333333333334,34.06366588218792,19.666666666666668,123.66666666666667,7.094598884597588,4.0960685758148365,0.6296448649389826,0.19906116525137005,0.11492801734307909,0.1554150939167481,0.1599977861180263,0.09237476488498665,0.21987989456808235,0.1830366506852946,0.10567625954472235,0.11151027849920875,0.11028118842562984,0.06367087382408923,0.8445849060832519,0.15999778611802634,0.09237476488498668,0.002413771030472372,5.395561675412767e-05,3.115128985728789e-05,1.1524480064085136,1.0324274150330126,0.5960722459880593,1.133769077352375,1.0479448150061896,0.6050312210396962,1.1522906753916824,1.032502780565833,0.5961157582987208,1.536552016987745,1.4380460869689533,0.8302562954186132,0.3255337095422958,0.07103779082465612,0.04101368765525154,0.418325528479594,0.09534883989976937,0.05504967838305038,0.324432709245145,0.06064289165075645,0.035012189819001546,0.4201262782254142,0.0828235264207751,0.04781818527426859,0.08002050529497194,0.026112665471852703,0.015076154439432806,0.1016042523524892,0.03731404187560177,0.02154327212143165,1.3651974728469616,1.7712584735077739,1.0226365564841189,0.006425290422436822,0.0003702655586601407,0.00021377291996407943,2.877949933282602,4.170653034226839,2.407927652007395,3093.0004987077523,4027.603060081682,2325.3377109271196,464.50458888882514,769.8152342694593,444.4530327317472,5.0512513901720855,1.9108266273627954,1.1032162676826147,16.333333333333332,16.921386861996073,9.76956725983523,136.33333333333334,34.06366588218792,19.666666666666668,0.003616318706052168,0.000981608531743212,0.0005667319500407768,-0.056342263971641264,0.01697340564951615,0.009799600320812864,-0.0020815500460997205,3.4111749168988075e-05,1.969442756524426e-05,1.2166754925423173,1.062698166133514,0.613549072284506
RCZDT-MisalignedV,GPR-KG-VEPM,vepm,combined,tn,3,0.005153743737585492,1.0605248676324213e-17,6.122943178098707e-18,520.3333333333334,59.651767227244264,34.43996386628638,0.0,0.0,0.0,0.0,0.0,0.0,0.0,0.0,0.0,0.0,0.0,0.0,0.0,0.0,0.0,520.3333333333334,59.651767227244264,34.43996386628638,0.0,0.0,0.0,0.0,0.0,0.0,0.0,0.0,0.0,0.0,0.0,0.0,0.0,0.0,0.0,0.009052634254607332,3.333708862744656e-05,1.9247177093054682e-05,1.2351359995446587,1.0737207134698217,0.6199129429562786,1.2260833652900514,1.0737295162354803,0.6199180252354012,1.2264287309722626,1.0733618037620127,0.6197057263398603,1.5482346514070873,1.3976765141339615,0.8069489116752605,0.47313763399938885,0.13185228323934806,0.07612495122150438,0.599035360866157,0.16261535858476453,0.09388602105328132,0.48337239582991387,0.11630813410721044,0.06715053253574105,0.6095306400115891,0.13948872634742876,0.08053385370560605,0.07426773812051646,0.0286749893974395,0.01655551284762136,0.09742918251517696,0.04183024110934084,0.024150700964744885,1.3429048359755444,1.6813140033396248,0.9707070924204197,0.0054923001545644475,0.0013443921522455346,0.0007761851709953797,1.7692864577408287,2.24317810948032,1.2950994853487385,3110.6128945511114,3955.8137373088803,2283.8901260993016,785.0919828311808,1043.9649204377856,602.7334278392818,5.3003400597421555,1.8689404900665187,1.0790332950392958,0.0,0.0,0.0,0.0,0.0,0.0,0.0,0.0,0.0,0.0,0.0,0.0,0.0,0.0,0.0,0.0,0.0,0.0
RCZDT-MisalignedV,GPR-KG-VEPM,vepm,combined,tp,3,0.005153743737585492,1.0605248676324213e-17,6.122943178098707e-18,75.33333333333333,88.96253893259417,51.36254580052581,75.33333333333333,88.96253893259417,51.36254580052581,75.33333333333333,88.96253893259417,51.36254580052581,75.33333333333333,88.96253893259417,51.36254580052581,0.0,0.0,0.0,0.0,0.0,0.0,0.0,0.0,0.0,1.0,0.0,0.0,1.0,0.0,0.0,1.0,0.0,0.0,0.0,0.0,0.0,0.0,0.0,0.0,0.006482785545806135,0.0014334731756611484,0.0008276161238440718,0.06481010339724261,0.02978092900743228,0.017194027379158164,-0.058327317851436467,0.030672848848788428,0.017708977539660702,0.05978122909379959,0.030220441911932995,0.017447780272883965,0.07504302811345948,0.03429226297505095,0.019798647259767103,0.23238849299731745,0.10395510852690698,0.06001850989164651,0.30757985024500817,0.11004669305018076,0.06353548785594999,0.22569625191203413,0.09588046259570374,0.0553566108896554,0.29467068360949544,0.11350709398949103,0.06553335126976481,0.04907783184549827,0.02805971514368624,0.01620028409159147,0.0604675436726666,0.03353625085787171,0.01936216346040305,0.008682737974189473,0.002323535238433151,0.0013414936953809612,0.011424518901047604,0.0017608218043738326,0.0010166109427501948,0.007058821356802372,0.002642371445736425,0.0015255738654949057,0.8058054029716004,0.10295709508420531,0.05944230656184783,0.669069248081506,0.14068204370479964,0.08122281580311277,0.6655427026085707,0.12118594594888056,0.06996673851558563,0.0,0.0,0.0,0.0,0.0,0.0,0.0,0.0,0.0,0.0,0.0,0.0,0.0,0.0,0.0,0.0,0.0,0.0
RCZDT-MisalignedV,GPR-KG-VEPM,vepm,random,all,3,0.0051537437375855045,8.020165264942835e-18,4.630444574660032e-18,1000.0,0.0,0.0,96.33333333333333,149.867719450632,86.5261681676577,505.6666666666667,8.144527815247077,4.702245326555294,53.666666666666664,86.11813591418091,49.72032895216113,42.666666666666664,63.79132647416366,36.82993951182169,452.0,90.96702699330126,52.51983752196244,451.6666666666667,59.91939029507337,34.594476116538864,0.32292441140024786,0.2921151018935723,0.16865273271260894,0.10717799352750808,0.1723599977706407,0.09951209111040271,0.14260863928960624,0.2216106483281618,0.12794696746755171,0.0855807560137457,0.12740483198876645,0.07355721404477336,0.892822006472492,0.17235999777064073,0.09951209111040273,0.00883042006828199,0.0001076268815437122,6.21384090313022e-05,1.1325080389301767,1.0051180574209768,0.5803051810193547,1.1245703170251575,1.0160862040964895,0.5866376434549733,1.1324501429946443,1.0052867512851342,0.5804025764672367,1.4691876547889553,1.3512082782978485,0.7801204632065136,0.4135965075189892,0.06453843056198297,0.037261280258036836,0.5344630152149475,0.09666425805319716,0.055809135408028836,0.41325288610985295,0.05057184470759452,0.02919766815534565,0.5348743366287706,0.07902369429892168,0.045624351175841134,0.06946363837389981,0.028010361013997086,0.016171789471529818,0.0858519521935811,0.03397130379846864,0.019613341392768425,1.2445675579879192,1.5426956817470647,0.8906757671343412,0.0068516503375670125,7.344381374280291e-05,4.240280563472e-05,1.7002507015693424,2.149214438818064,1.2408495347978397,2024.9060367276863,2538.5526903064388,1465.6340791004711,461.1868308453758,598.7493656056581,345.6881074095444,4.834545441655944,1.968564746593832,1.1365513863631564,42.666666666666664,63.79132647416366,36.82993951182169,452.0,90.96702699330126,52.51983752196244,0.006501218447761464,0.005722824863694175,0.0033040744755789154,-0.017478710102427467,0.019446215010185872,0.011227277470850155,-0.008657295554502802,0.00035010899196987665,0.00020213552075951682,1.1309775317943687,0.974729978201341,0.5627606153017423
RCZDT-MisalignedV,GPR-KG-VEPM,vepm,random,far_true_boundary,3,0.0051537437375855045,8.020165264942835e-18,4.630444574660032e-18,741.3333333333334,3.214550253664318,1.855921454276674,70.66666666666667,107.18830782008517,61.88519837390665,368.3333333333333,2.516611478423583,1.4529663145135578,38.0,59.85816569190874,34.55912807542073,32.666666666666664,47.37439533475159,27.351619899214583,330.3333333333333,57.50072463311513,33.19805884552756,340.3333333333333,46.71545069175008,26.971178032196597,0.3134784268804887,0.2834006155587213,0.1636214216813334,0.10247714754482595,0.16130295460416136,0.09312830426179455,0.13834349733290535,0.2089959854166223,0.12066388843983798,0.0874233055143155,0.12661518305132968,0.07310131001817893,0.897522852455174,0.16130295460416136,0.09312830426179455,0.010983055218641048,0.0001384340507728874,7.992493647873687e-05,1.1306444730440113,1.0095864244843755,0.582884993946246,1.1243023850399745,1.0180017562881738,0.587743588028489,1.1306226688684229,1.0097310105166017,0.5829684707308729,1.469895351022661,1.3540071780746525,0.7817364087460862,0.44008132203056943,0.05704219702330446,0.0329333278065725,0.5664744956055796,0.09475542290443088,0.054707068921050005,0.4391309613856788,0.044262715740376046,0.025555090847769996,0.565695276129717,0.07771502896181434,0.044868792891183076,0.06740592665491797,0.02964819065080366,0.01711739085322684,0.08321400965811283,0.03577210891081203,0.020653036709137935,1.2456762225010711,1.5515337576527275,0.8957784326375938,0.006903395215288213,0.0001933493342251192,0.00011163029016250749,1.7013770090235931,2.155306875903827,1.244367004989326,2026.9939157776928,2544.2029689434144,1468.8962689925254,396.25402623394956,648.8402645584788,374.6081014039058,4.832802722077477,1.9634226312597316,1.1335825846908094,32.666666666666664,47.37439533475159,27.351619899214583,330.3333333333333,57.50072463311513,33.19805884552756,0.007343984029287157,0.006369571208180765,0.0036774736516656547,-0.015648906616308925,0.016971300977614786,0.009798385187924056,-0.01093564901849133,0.0003405633636225937,0.00019662434966362887,1.1354818553576997,0.982739739426923,0.5673850531014767
RCZDT-MisalignedV,GPR-KG-VEPM,vepm,random,fn,3,0.0051537437375855045,8.020165264942835e-18,4.630444574660032e-18,452.0,90.96702699330126,52.51983752196244,0.0,0.0,0.0,452.0,90.96702699330126,52.51983752196244,0.0,0.0,0.0,0.0,0.0,0.0,452.0,90.96702699330126,52.51983752196244,0.0,0.0,0.0,0.0,0.0,0.0,0.0,0.0,0.0,0.0,0.0,0.0,0.0,0.0,0.0,1.0,0.0,0.0,0.008657295554502802,0.00035010899196987665,0.00020213552075951682,1.1309775317943687,0.974729978201341,0.5627606153017423,1.139634827348872,0.9745273845977942,0.5626436478301985,1.139634827348872,0.9745273845977942,0.5626436478301985,1.4741219770922072,1.326957660498882,0.7661193624922655,0.350297906518944,0.0036913331568604094,0.0021311921917819485,0.44890516925487917,0.011019842612290396,0.006362309098633169,0.34579966826444936,0.04434131308211631,0.025600469044181326,0.4435016211653064,0.0477176263505393,0.027549784418573846,0.07644307637108755,0.02874134351329282,0.016593822414271115,0.09268146485697515,0.034144263251459805,0.019713199579511766,1.2333968973412153,1.5179676401278395,0.8763990256489491,0.006009576465710961,0.0015178962921717355,0.0008763578328872864,1.6922443581811584,2.1315650406962647,1.2306596500411842,2048.280781856052,2523.471402132576,1456.9268933135652,434.35691401284635,523.5532351552943,302.2736012520086,5.00558004180152,1.662639471100374,0.959925346205098,0.0,0.0,0.0,452.0,90.96702699330126,52.51983752196244,0.0,0.0,0.0,0.0,0.0,0.0,-0.008657295554502802,0.00035010899196987665,0.00020213552075951682,1.1309775317943687,0.974729978201341,0.5627606153017423
RCZDT-MisalignedV,GPR-KG-VEPM,vepm,random,fp,3,0.0051537437375855045,8.020165264942835e-18,4.630444574660032e-18,42.666666666666664,63.79132647416366,36.82993951182169,42.666666666666664,63.79132647416366,36.82993951182169,0.0,0.0,0.0,0.0,0.0,0.0,42.666666666666664,63.79132647416366,36.82993951182169,0.0,0.0,0.0,0.0,0.0,0.0,0.0,0.0,0.0,0.0,0.0,0.0,0.0,0.0,0.0,0.6666666666666666,0.5773502691896258,0.33333333333333337,0.0,0.0,0.0,0.006501218447761464,0.005722824863694175,0.0033040744755789154,0.017478710102427467,0.019446215010185872,0.011227277470850155,-0.023979928550188934,0.02358646156576216,0.013617649934223545,0.023979928550188934,0.02358646156576216,0.013617649934223545,0.027077604318641244,0.027243771345993283,0.015729198720349835,0.17917569346170467,0.15679782966935443,0.09052726916795088,0.22501339951161636,0.19858036788224923,0.11465042885259151,0.1873852450849184,0.1633001974764866,0.09428141297176859,0.2348982945890976,0.20589087759265107,0.11887115360180539,0.019042348184851576,0.01652153680437437,0.009538713721431853,0.02400875431910891,0.020795789035176346,0.012006454397469732,0.006256751539853199,0.005425871064105092,0.0031326281194492766,0.007943651133135242,0.007174506237127019,0.004142203107307934,0.002772653112175132,0.0028649905691622703,0.001654103076331576,0.5850573455848291,0.5387788957775518,0.31106414051085884,0.5133075432777094,0.47311062267794257,0.2731505453595816,0.2606283866419494,0.24923540672028466,0.1438961291615422,42.666666666666664,63.79132647416366,36.82993951182169,0.0,0.0,0.0,0.006501218447761464,0.005722824863694175,0.0033040744755789154,-0.017478710102427467,0.019446215010185872,0.011227277470850155,0.0,0.0,0.0,0.0,0.0,0.0
RCZDT-MisalignedV,GPR-KG-VEPM,vepm,random,high_t1,3,0.0051537437375855045,8.020165264942835e-18,4.630444574660032e-18,327.0,10.44030650891055,6.027713773341709,43.666666666666664,72.19649114280648,41.68266359584575,327.0,10.44030650891055,6.027713773341709,43.666666666666664,72.19649114280648,41.68266359584575,0.0,0.0,0.0,283.3333333333333,66.42539674953649,38.35072069437258,0.0,0.0,0.0,0.6666666666666666,0.5773502691896258,0.33333333333333337,0.13076257124305604,0.21613734306361354,0.12478695319970778,0.19159522087938574,0.31146060183519514,0.17982186231151276,0.0,0.0,0.0,0.8692374287569439,0.21613734306361357,0.1247869531997078,0.009870328970536206,0.00010108526972855308,5.836160768888605e-05,1.1085307225853205,0.9990503748994704,0.5768020028822057,1.105913137644681,1.0170058531045891,0.5871686030573595,1.116236149876413,1.0020362873456201,0.578525920236767,1.4557734733013057,1.3512200953497722,0.7801272857846228,0.3897887087868594,0.017429674626941213,0.010063027337752101,0.4853557099983085,0.019756057327703712,0.011406165016275418,0.39188788944232605,0.04160709510187915,0.024021867557268286,0.48824380577870646,0.0466608280383111,0.026939641628529753,0.07499082286488755,0.030838635622022072,0.017804694577815226,0.09007154826951504,0.036093350967911955,0.02083850589727961,1.2400336297198309,1.5284617625719266,0.8824578100669517,0.007043971517448286,0.0002912446311641714,0.00016815016620266764,1.697328628199049,2.1391392366917077,1.235032614138048,2049.9322160094466,2535.833403733537,1464.0640982656028,429.22672007588926,530.9612161974222,306.5506011008328,4.832666936914932,1.9649688599080133,1.1344753002171235,0.0,0.0,0.0,283.3333333333333,66.42539674953649,38.35072069437258,0.0,0.0,0.0,0.0,0.0,0.0,-0.01005969812650631,0.0004419645872655845,0.0002551683734300671,1.1324917765419502,0.9894826220347785,0.5712780581902361
RCZDT-MisalignedV,GPR-KG-VEPM,vepm,random,low_t1,3,0.0051537437375855045,8.020165264942835e-18,4.630444574660032e-18,335.3333333333333,12.503332889007368,7.218802609235905,35.333333333333336,51.15988011453245,29.537170555834294,8.666666666666666,2.5166114784235836,1.452966314513558,2.0,3.4641016151377544,2.0,33.333333333333336,47.72141378179542,27.551971093029103,6.666666666666667,4.041451884327381,2.3333333333333335,293.3333333333333,59.16361494477272,34.15812901459589,0.02127659574468085,0.036852144841891005,0.02127659574468085,0.2222222222222222,0.3849001794597505,0.22222222222222224,0.038834951456310676,0.06726410903180105,0.038834951456310676,0.10557631373460076,0.1523713074277527,0.08797161536018826,0.7777777777777777,0.3849001794597505,0.22222222222222224,0.00993773537800086,6.392562737007548e-05,3.690747817022879e-05,1.148703123355437,1.021999267237869,0.590051552051384,1.129945807463069,1.03426600761825,0.5971337579120761,1.1410814776321738,1.019519806466764,0.5886200347077415,1.4750342316679834,1.3678612797877254,0.7897350780995093,0.5374081368380393,0.14074321604580925,0.08125813367066163,0.6668095459829685,0.17557583147819636,0.10136875356712904,0.5359608853351536,0.10302806303165732,0.059483279925413086,0.6677854156230971,0.1322254199747492,0.07634038181613279,0.06227751429022967,0.02296738567568929,0.013260226302441166,0.07752219717105069,0.02850931983995475,0.016459863484011013,1.267572404037548,1.5695926196513177,0.9062047214737382,0.006591595860574267,0.00024128005427080784,0.00013930310428333844,1.717166480542322,2.167810457501662,1.2515859511906704,2120.725100141895,2674.6848102209433,1544.2299951784648,516.4687233180042,623.4445095814414,359.9458554316394,4.868186234173428,2.0310470662293643,1.1726255704243231,33.333333333333336,47.72141378179542,27.551971093029103,6.666666666666667,4.041451884327381,2.3333333333333335,0.006658184502580346,0.005820009428131556,0.003360184010017914,-0.01910607283934389,0.022098987510650172,0.012758856388092056,0.0,0.0,0.0,0.9086075092253593,0.6353581927218305,0.36682422359978295
RCZDT-MisalignedV,GPR-KG-VEPM,vepm,random,mid_t1,3,0.0051537437375855045,8.020165264942835e-18,4.630444574660032e-18,337.6666666666667,5.033222956847167,2.905932629027116,17.333333333333332,26.633312473917574,15.37675012622773,170.0,11.269427669584644,6.506407098647712,8.0,10.583005244258363,6.110100926607787,9.333333333333334,16.165807537309522,9.333333333333334,162.0,21.702534414210707,12.52996408614167,158.33333333333334,2.5166114784235836,1.452966314513558,0.47222222222222227,0.502309481111809,0.29000851413640416,0.04999580169611476,0.06796987282494683,0.03924242437226769,0.07977361541571217,0.10230989448702113,0.05906864512284386,0.05017921146953405,0.08691294374897593,0.05017921146953406,0.9500041983038852,0.06796987282494682,0.03924242437226768,0.006721968780369471,0.0003201960855459536,0.00018486529618342077,1.1389197343845996,0.994582989710618,0.5742227568408481,1.1365549339455165,0.9976531949658446,0.5759953406714206,1.138973750230804,0.9946476074786688,0.5742600639266267,1.4749377732622462,1.3358982766738412,0.7712812296475994,0.3123515328669908,0.06463810636842,0.037318828111714955,0.40648895534750323,0.10076010067460388,0.05817387124805635,0.3134734223506957,0.05468531209541278,0.03157257965900527,0.4115557474629385,0.08808747887624846,0.05085732964143752,0.07136574312777534,0.03101225614197241,0.017904934431745397,0.08954165025532264,0.03711644480363794,0.021429189398742252,1.2260235769317775,1.5298390195122997,0.8832529697322195,0.006914596948454643,0.0002196845424087992,0.00012683492969651998,1.6859910140566656,2.1404676111941394,1.2357995515146116,1904.441806738306,2404.1850414441615,1388.0568808594583,384.8055873094624,634.2401685289237,366.17873203104773,4.801541859504476,1.9117199951444528,1.10373205381184,9.333333333333334,16.165807537309522,9.333333333333334,162.0,21.702534414210707,12.52996408614167,0.002415503870867902,0.004183775430222498,0.002415503870867902,-0.007693997376109246,0.013326394368722844,0.007693997376109247,-0.006588585098429735,0.000392801519924708,0.00022678406326662434,1.135379116140623,0.9601874006997617,0.5543644542664945
RCZDT-MisalignedV,GPR-KG-VEPM,vepm,random,near_true_boundary,3,0.0051537437375855045,8.020165264942835e-18,4.630444574660032e-18,258.6666666666667,3.2145502536643185,1.8559214542766742,25.666666666666668,42.735621363604075,24.673422498262735,137.33333333333334,9.073771725877465,5.23874454850057,15.666666666666666,26.27419519858474,15.169413670643673,10.0,16.46207763315433,9.50438495292217,121.66666666666667,33.85754470326124,19.547662548527665,111.33333333333333,13.576941236277534,7.838650677536565,0.3711111111111111,0.3263490519424006,0.18841771298872417,0.12113062279175237,0.2039414298802432,0.1177456394402756,0.1548010703162697,0.2565866053217618,0.14814034565297146,0.07964355332776385,0.1304237345369107,0.07530017824360169,0.8788693772082476,0.20394142988024316,0.11774563944027558,0.0026602840870921652,4.995142343911791e-05,2.8839467768979712e-05,1.1378414107346486,0.9932402065320898,0.5734475006112616,1.1252383258236163,1.0118459151446677,0.5841895114871971,1.1376783831798598,0.9934906463618962,0.5735920921144161,1.4668867930516731,1.3437817173836148,0.7758327362635277,0.33745236370479653,0.08731569430577385,0.05041173961191761,0.4287104855521698,0.1087642583227396,0.0627950738208437,0.33888326535741503,0.06990889564078721,0.040361919716957954,0.4337960527215161,0.08900369614880671,0.05138630793038521,0.07540093372498977,0.02343576347838427,0.01353064435290956,0.09270442287885532,0.029651769711511563,0.017119457224889993,1.2414758356323827,1.5178236919141501,0.8763159171090262,0.006704413482944122,0.0002711938207501478,0.00015657382541266096,1.69699291722294,2.1319657634060105,1.2308910074055261,2019.0018738444612,2522.5776697710353,1456.4108966940462,462.9837455999421,564.6537289787791,326.0029824248241,4.838728839943548,1.985820708961235,1.1465141208811025,10.0,16.46207763315433,9.50438495292217,121.66666666666667,33.85754470326124,19.547662548527665,0.0024090574244666767,0.0022046634259688547,0.001272863022455641,-0.024975294705387646,0.026420473111035833,0.015253867262773809,-0.002361668928438375,7.751388833798775e-05,4.4752664297871825e-05,1.120103806511556,0.9546263988512641,0.5511538083523004
RCZDT-MisalignedV,GPR-KG-VEPM,vepm,random,tn,3,0.0051537437375855045,8.020165264942835e-18,4.630444574660032e-18,451.6666666666667,59.91939029507337,34.594476116538864,0.0,0.0,0.0,0.0,0.0,0.0,0.0,0.0,0.0,0.0,0.0,0.0,0.0,0.0,0.0,451.6666666666667,59.91939029507337,34.594476116538864,0.0,0.0,0.0,0.0,0.0,0.0,0.0,0.0,0.0,0.0,0.0,0.0,0.0,0.0,0.0,0.009065925278766146,4.0228203205357145e-05,2.3225763949627915e-05,1.1870689631960796,1.0488694676561565,0.6055650694960615,1.1780030379173134,1.0488905855386967,0.6055772619112307,1.178368583773656,1.0484724004297907,0.6053358226260328,1.502251317717162,1.3814522734618935,0.7975818419558447,0.49120255496288506,0.13115004223128102,0.07571951218646089,0.6206556604807693,0.16399487414398667,0.09468248473274951,0.4976036213973806,0.10439642419619487,0.06027330361210747,0.6285757205553048,0.13177256145720315,0.07607892382912275,0.06570191356704552,0.02466232331484754,0.014238799004668812,0.0817792551376758,0.030601565763017414,0.01766782223090214,1.3011089265999392,1.6366471959103548,0.9449186991272895,0.0059388209218927185,0.0014715400119314468,0.000849594022011926,1.7395513439874153,2.213697649856641,1.2780789340491738,2076.303306982509,2663.4387721602593,1537.7370920768121,590.4678246386983,822.7136047225458,474.99392115252925,4.996659980572371,1.845950133478427,1.0657598064743954,0.0,0.0,0.0,0.0,0.0,0.0,0.0,0.0,0.0,0.0,0.0,0.0,0.0,0.0,0.0,0.0,0.0,0.0
RCZDT-MisalignedV,GPR-KG-VEPM,vepm,random,tp,3,0.0051537437375855045,8.020165264942835e-18,4.630444574660032e-18,53.666666666666664,86.11813591418091,49.72032895216113,53.666666666666664,86.11813591418091,49.72032895216113,53.666666666666664,86.11813591418091,49.72032895216113,53.666666666666664,86.11813591418091,49.72032895216113,0.0,0.0,0.0,0.0,0.0,0.0,0.0,0.0,0.0,0.6666666666666666,0.5773502691896258,0.33333333333333337,0.6666666666666666,0.5773502691896258,0.33333333333333337,0.6666666666666666,0.5773502691896258,0.33333333333333337,0.0,0.0,0.0,0.0,0.0,0.0,0.006025675328550926,0.005242299346065217,0.003026642938623352,0.023828312000429192,0.022625300406318154,0.013062723280083935,-0.01780263667187827,0.018256309435242504,0.010540285166846365,0.020338710705572166,0.019031328512536926,0.010987742639749396,0.027358078590470458,0.025860423254520735,0.014930522327355205,0.18480390497395396,0.18496607342067145,0.10679021228037275,0.2289528739404407,0.21934013728609775,0.126636087306218,0.18140629175367287,0.17436349882561544,0.10066881298381408,0.21521325803457422,0.20838798857361665,0.12031286129886223,0.021376051393094033,0.018589228349204494,0.010732495991440638,0.025314887425716127,0.02208810510687194,0.012752573429341262,0.00628147566540857,0.005445455665075688,0.0031439352940916213,0.007830554984316734,0.007048106055836544,0.00406922592861426,0.0025057240220131938,0.0027784296077336306,0.001604127081949438,0.5792406901001214,0.5248132574586326,0.3030010754680259,0.5487477790466545,0.5227386960403169,0.3018033268747109,0.22512766958544486,0.2398775001934531,0.13849333930922467,0.0,0.0,0.0,0.0,0.0,0.0,0.0,0.0,0.0,0.0,0.0,0.0,0.0,0.0,0.0,0.0,0.0,0.0
RCZDT-MisalignedV,GPR-KG-oracleV,oracle,axis,all,3,0.005153743737585495,0.0,0.0,101.0,0.0,0.0,33.666666666666664,58.312377188152205,33.66666666666667,52.0,0.0,0.0,17.333333333333332,30.02221399786054,17.333333333333336,16.333333333333332,28.290163190291665,16.333333333333336,34.666666666666664,30.02221399786054,17.333333333333336,32.666666666666664,28.29016319029166,16.333333333333332,0.1716171617161716,0.2972496435431737,0.17161716171617164,0.3333333333333333,0.5773502691896258,0.33333333333333337,0.22657952069716777,0.39244724180209856,0.22657952069716777,0.3333333333333333,0.5773502691896258,0.33333333333333337,0.6666666666666666,0.5773502691896258,0.33333333333333337,0.008821529175303672,0.0,0.0,0.07319060636839518,0.06132693331713873,0.035407121459224276,0.061846306991114215,0.07783856054865175,0.044940113886097074,0.0731906063683952,0.06132693331713875,0.03540712145922429,0.07499202919535107,0.05995716375922522,0.03461628463623516,0.35664779933159774,0.017680732232111827,0.010207975513679458,0.404918982734263,0.02071526304569586,0.011959962695766413,0.36793450392482857,0.012944453232615226,0.007473483558362922,0.41793831805743004,0.019101564930732215,0.01102829365470136,0.07319060636839521,0.06132693331713877,0.0354071214592243,0.07499202919535107,0.05995716375922522,0.03461628463623516,0.00016187034976850853,0.0,0.0,0.00016187034976850853,0.0,0.0,0.0,0.0,0.0,1.0,0.0,0.0,1.0,0.0,0.0,0.0,0.0,0.0,16.333333333333332,28.290163190291665,16.333333333333336,34.666666666666664,30.02221399786054,17.333333333333336,0.0030305253289308535,0.005249023843332622,0.0030305253289308535,-0.006312740851981917,0.010933987890648323,0.006312740851981918,-0.005711374658369684,0.004946195544678816,0.0028556873291848426,0.05752421718751602,0.06181315016109673,0.03568783888496796
RCZDT-MisalignedV,GPR-KG-oracleV,oracle,axis,far_true_boundary,3,0.005153743737585495,0.0,0.0,75.0,0.0,0.0,25.0,43.30127018922193,25.0,38.0,0.0,0.0,12.666666666666666,21.93931022920578,12.666666666666668,12.333333333333334,21.36195996001615,12.333333333333332,25.333333333333332,21.939310229205777,12.666666666666666,24.666666666666668,21.361959960016154,12.333333333333334,0.1688888888888889,0.29252413638941044,0.16888888888888892,0.3333333333333333,0.5773502691896258,0.33333333333333337,0.22418879056047195,0.38830637573815535,0.22418879056047197,0.3333333333333333,0.5773502691896258,0.33333333333333337,0.6666666666666666,0.5773502691896258,0.33333333333333337,0.010976711284488565,0.0,0.0,0.07317553311970347,0.06131923030429831,0.03540267412268729,0.061865577662399224,0.07787013495090443,0.04495834337573716,0.07319843864742609,0.06138212554069867,0.03543898670435378,0.0750174488969281,0.05948224512648043,0.034342090235776786,0.3531234061045662,0.006464568983993354,0.003732320643103469,0.40474555842212245,0.014299256442772214,0.008255679556446028,0.3545285125294964,0.02481172005747153,0.014325053254238825,0.41213381209645833,0.02455976270390097,0.014179585608330558,0.07319843864742609,0.06138212554069867,0.03543898670435378,0.0750174488969281,0.05948224512648043,0.034342090235776786,0.00016187034976850858,0.0,0.0,0.00016187034976850858,0.0,0.0,0.0,0.0,0.0,1.0,0.0,0.0,1.0,0.0,0.0,0.0,0.0,0.0,12.333333333333334,21.36195996001615,12.333333333333332,25.333333333333332,21.939310229205777,12.666666666666666,0.0036851333450407964,0.006382838186276909,0.0036851333450407964,-0.006341716272683898,0.010984174791474836,0.006341716272683899,-0.0072667288603002434,0.006293171795433552,0.0036333644301501217,0.056938067501954244,0.06142109170658162,0.03546148383071559
RCZDT-MisalignedV,GPR-KG-oracleV,oracle,axis,fn,3,0.005153743737585495,0.0,0.0,34.666666666666664,30.02221399786054,17.333333333333336,0.0,0.0,0.0,34.666666666666664,30.02221399786054,17.333333333333336,0.0,0.0,0.0,0.0,0.0,0.0,34.666666666666664,30.02221399786054,17.333333333333336,0.0,0.0,0.0,0.0,0.0,0.0,0.0,0.0,0.0,0.0,0.0,0.0,0.0,0.0,0.0,0.6666666666666666,0.5773502691896258,0.33333333333333337,0.005711374658369684,0.004946195544678816,0.0028556873291848426,0.05752421718751602,0.06181315016109673,0.03568783888496796,0.06323559184588569,0.06586458773601708,0.03802693745945319,0.06323559184588569,0.06586458773601708,0.03802693745945319,0.06394673773217403,0.06623335938081662,0.038239847867847704,0.27257091706306624,0.24714221022829092,0.14268762160342285,0.2990961003952883,0.2692654180849709,0.15546046161481508,0.30318011757133595,0.26401331000744693,0.1524281556024436,0.32844687518963517,0.28610644933157914,0.16518363553847526,0.06323559184588569,0.06586458773601708,0.03802693745945319,0.06394673773217403,0.06623335938081662,0.038239847867847704,0.00010791356651233906,9.34558900126673e-05,5.395678325616953e-05,0.00010791356651233906,9.34558900126673e-05,5.395678325616953e-05,0.0,0.0,0.0,0.6666666666666666,0.5773502691896258,0.33333333333333337,0.6666666666666666,0.5773502691896258,0.33333333333333337,0.0,0.0,0.0,0.0,0.0,0.0,34.666666666666664,30.02221399786054,17.333333333333336,0.0,0.0,0.0,0.0,0.0,0.0,-0.005711374658369684,0.004946195544678816,0.0028556873291848426,0.05752421718751602,0.06181315016109673,0.03568783888496796
RCZDT-MisalignedV,GPR-KG-oracleV,oracle,axis,fp,3,0.005153743737585495,0.0,0.0,16.333333333333332,28.290163190291665,16.333333333333336,16.333333333333332,28.290163190291665,16.333333333333336,0.0,0.0,0.0,0.0,0.0,0.0,16.333333333333332,28.290163190291665,16.333333333333336,0.0,0.0,0.0,0.0,0.0,0.0,0.0,0.0,0.0,0.0,0.0,0.0,0.0,0.0,0.0,0.3333333333333333,0.5773502691896258,0.33333333333333337,0.0,0.0,0.0,0.0030305253289308535,0.005249023843332622,0.0030305253289308535,0.006312740851981917,0.010933987890648323,0.006312740851981918,-0.00934326618091277,0.016183011733980943,0.00934326618091277,0.00934326618091277,0.016183011733980943,0.00934326618091277,0.009455607625588542,0.016377592823955067,0.009455607625588542,0.09497839532804069,0.16450740632952893,0.09497839532804067,0.10802403363652092,0.18710311469698365,0.10802403363652094,0.09241730316844572,0.1600714645862442,0.09241730316844574,0.10457776306172543,0.18113399896480822,0.10457776306172543,0.00934326618091277,0.016183011733980943,0.00934326618091277,0.009455607625588542,0.016377592823955067,0.009455607625588542,5.395678325616952e-05,9.345589001266729e-05,5.395678325616952e-05,5.395678325616952e-05,9.345589001266729e-05,5.395678325616952e-05,0.0,0.0,0.0,0.3333333333333333,0.5773502691896258,0.33333333333333337,0.3333333333333333,0.5773502691896258,0.33333333333333337,0.0,0.0,0.0,16.333333333333332,28.290163190291665,16.333333333333336,0.0,0.0,0.0,0.0030305253289308535,0.005249023843332622,0.0030305253289308535,-0.006312740851981917,0.010933987890648323,0.006312740851981918,0.0,0.0,0.0,0.0,0.0,0.0
RCZDT-MisalignedV,GPR-KG-oracleV,oracle,axis,high_t1,3,0.005153743737585495,0.0,0.0,34.0,0.0,0.0,11.333333333333334,19.629909152447276,11.333333333333334,34.0,0.0,0.0,11.333333333333334,19.629909152447276,11.333333333333334,0.0,0.0,0.0,22.666666666666668,19.629909152447276,11.333333333333334,0.0,0.0,0.0,0.3333333333333333,0.5773502691896258,0.33333333333333337,0.3333333333333333,0.5773502691896258,0.33333333333333337,0.3333333333333333,0.5773502691896258,0.33333333333333337,0.0,0.0,0.0,0.6666666666666666,0.5773502691896258,0.33333333333333337,0.009887803286603668,0.0,0.0,0.057248225214988215,0.051881993038702626,0.029954082646989254,0.05773425218474415,0.0646053877693142,0.03729993801971371,0.0605441596438561,0.060624492091479035,0.03500156682849976,0.061547531709027443,0.0604528492095254,0.03490246876439935,0.3676108768228204,0.0447020588423164,0.025808745705941865,0.41704928815917347,0.04104213010799304,0.02369568486596543,0.3949392322682245,0.02230331871912224,0.012876827066307245,0.44200724118306195,0.025367073566251702,0.014645686752028462,0.0605441596438561,0.06062449209147902,0.03500156682849975,0.061547531709027443,0.0604528492095254,0.03490246876439935,0.0001618703497685085,0.0,0.0,0.0001618703497685085,0.0,0.0,0.0,0.0,0.0,1.0,0.0,0.0,1.0,0.0,0.0,0.0,0.0,0.0,0.0,0.0,0.0,22.666666666666668,19.629909152447276,11.333333333333334,0.0,0.0,0.0,0.0,0.0,0.0,-0.006591868857735779,0.0057087258892146945,0.00329593442886789,0.05254733705656436,0.05802157888933816,0.033498774190566495
RCZDT-MisalignedV,GPR-KG-oracleV,oracle,axis,low_t1,3,0.005153743737585495,0.0,0.0,34.0,0.0,0.0,11.333333333333334,19.629909152447276,11.333333333333334,1.0,0.0,0.0,0.3333333333333333,0.5773502691896258,0.33333333333333337,11.0,19.05255888325765,11.0,0.6666666666666666,0.5773502691896258,0.33333333333333337,22.0,19.05255888325765,11.0,0.00980392156862745,0.01698089027028311,0.00980392156862745,0.3333333333333333,0.5773502691896258,0.33333333333333337,0.01904761904761905,0.032991443953692905,0.01904761904761905,0.3333333333333333,0.5773502691896258,0.33333333333333337,0.6666666666666666,0.5773502691896258,0.33333333333333337,0.009887803286603668,0.0,0.0,0.08721508800327048,0.07014144858714443,0.04049618422313813,0.06453708751284466,0.08955966512479616,0.0517072967683338,0.08391915357440256,0.06086748400632507,0.03514185827594702,0.08424963477962472,0.060792103162644114,0.03509833712555608,0.3489899154903526,0.047898120327817886,0.027653992664942745,0.3872941488777357,0.053947996953906126,0.031146890563578816,0.324201309768309,0.01165042517847947,0.006726376112968716,0.3627667873271072,0.0007585580408006173,0.00043795368905219154,0.08391915357440256,0.06086748400632507,0.03514185827594702,0.08424963477962472,0.060792103162644114,0.03509833712555608,0.0001618703497685085,0.0,0.0,0.0001618703497685085,0.0,0.0,0.0,0.0,0.0,1.0,0.0,0.0,1.0,0.0,0.0,0.0,0.0,0.0,11.0,19.05255888325765,11.0,0.6666666666666666,0.5773502691896258,0.33333333333333337,0.0033958112297426736,0.00588171758282726,0.003395811229742674,-0.00639553910284127,0.011077398667914556,0.006395539102841271,0.0,0.0,0.0,0.08487956984396221,0.08251439958120463,0.04763971081022884
RCZDT-MisalignedV,GPR-KG-oracleV,oracle,axis,mid_t1,3,0.005153743737585495,0.0,0.0,33.0,0.0,0.0,11.0,19.05255888325765,11.0,17.0,0.0,0.0,5.666666666666667,9.814954576223638,5.666666666666667,5.333333333333333,9.237604307034013,5.333333333333334,11.333333333333334,9.814954576223638,5.666666666666667,10.666666666666666,9.237604307034013,5.333333333333334,0.1717171717171717,0.29742286594617084,0.1717171717171717,0.3333333333333333,0.5773502691896258,0.33333333333333337,0.22666666666666666,0.39259818304894545,0.22666666666666663,0.3333333333333333,0.5773502691896258,0.33333333333333337,0.6666666666666666,0.5773502691896258,0.33333333333333337,0.00662435827929156,0.0,0.0,0.07516662405415514,0.06254911862599216,0.03611275047629041,0.0633106501934702,0.07984401453181425,0.04609796328312335,0.07516662405415515,0.06254911862599218,0.03611275047629042,0.07578275472356066,0.06171999557428524,0.0356340560591961,0.3532424482982874,0.0574226067667273,0.033152957474340036,0.4026564475891458,0.0740900998182911,0.04277593907437661,0.3851698929444107,0.025031805018763644,0.014452119365885417,0.44423844406559576,0.031925491952504444,0.01843219137278967,0.07516662405415515,0.06254911862599218,0.03611275047629042,0.07578275472356068,0.06171999557428526,0.035634056059196104,0.00016187034976850853,0.0,0.0,0.00016187034976850853,0.0,0.0,0.0,0.0,0.0,1.0,0.0,0.0,1.0,0.0,0.0,0.0,0.0,0.0,5.333333333333333,9.237604307034013,5.333333333333334,11.333333333333334,9.814954576223638,5.666666666666667,0.002277123158506474,0.00394409300562493,0.002277123158506474,-0.006141969459584503,0.010638203162536719,0.006141969459584503,-0.004286349474835715,0.0037120875347058167,0.0021431747374178575,0.06586883905786368,0.06839817205362615,0.0394897030472394
RCZDT-MisalignedV,GPR-KG-oracleV,oracle,axis,near_true_boundary,3,0.005153743737585495,0.0,0.0,26.0,0.0,0.0,8.666666666666666,15.01110699893027,8.666666666666668,14.0,0.0,0.0,4.666666666666667,8.082903768654761,4.666666666666667,4.0,6.928203230275509,4.0,9.333333333333334,8.082903768654761,4.666666666666667,8.0,6.928203230275509,4.0,0.1794871794871795,0.31088091417902924,0.1794871794871795,0.3333333333333333,0.5773502691896258,0.33333333333333337,0.23333333333333336,0.40414518843273806,0.23333333333333336,0.3333333333333333,0.5773502691896258,0.33333333333333337,0.6666666666666666,0.5773502691896258,0.33333333333333337,0.002604657706501101,0.0,0.0,0.07323408689346746,0.06134980820230769,0.03542032828033426,0.061790718516253625,0.07774768982932743,0.04488764965183373,0.0731680132558061,0.06116784588512916,0.035315272287528864,0.07482554782735175,0.061476839196557415,0.035493669659059764,0.366814318255727,0.064638199983995,0.03731888216069238,0.4046142438498645,0.04532959583459804,0.026171054357362118,0.4066056329498253,0.05917810582058378,0.03416649532564621,0.43134631175627464,0.05868925082273248,0.033884254761042065,0.0731680132558061,0.06116784588512916,0.035315272287528864,0.07482554782735175,0.061476839196557415,0.035493669659059764,0.00016187034976850853,0.0,0.0,0.00016187034976850853,0.0,0.0,0.0,0.0,0.0,1.0,0.0,0.0,1.0,0.0,0.0,0.0,0.0,0.0,4.0,6.928203230275509,4.0,9.333333333333334,8.082903768654761,4.666666666666667,0.0010121506125918623,0.0017530962859210692,0.0010121506125918625,-0.006223399971484143,0.010779244946433238,0.006223399971484143,-0.0014896989674153128,0.0012901171497731075,0.0007448494837076564,0.05911519490546943,0.06288570340627583,0.03630707778979232
RCZDT-MisalignedV,GPR-KG-oracleV,oracle,axis,tn,3,0.005153743737585495,0.0,0.0,32.666666666666664,28.29016319029166,16.333333333333332,0.0,0.0,0.0,0.0,0.0,0.0,0.0,0.0,0.0,0.0,0.0,0.0,0.0,0.0,0.0,32.666666666666664,28.29016319029166,16.333333333333332,0.0,0.0,0.0,0.0,0.0,0.0,0.0,0.0,0.0,0.0,0.0,0.0,0.0,0.0,0.0,0.006061050657861707,0.005249023843332622,0.0030305253289308535,0.07812458838580394,0.0776645709723132,0.044839660957361825,0.07206353772794223,0.07313728326835037,0.04222583018278,0.07206353772794223,0.07313728326835037,0.04222583018278,0.0722628744727204,0.0732222853018441,0.04227490612969927,0.19924057237965243,0.17746108984276054,0.10245720799140216,0.23043575768729485,0.20611156415575427,0.11899856704841956,0.17790191259359087,0.1542548559064665,0.08905908258140538,0.20637931845635782,0.17874480739001533,0.10319836266287316,0.07206353772794223,0.07313728326835037,0.04222583018278,0.0722628744727204,0.0732222853018441,0.04227490612969927,0.00010791356651233904,9.34558900126673e-05,5.395678325616953e-05,0.00010791356651233904,9.34558900126673e-05,5.395678325616953e-05,0.0,0.0,0.0,0.6666666666666666,0.5773502691896258,0.33333333333333337,0.6666666666666666,0.5773502691896258,0.33333333333333337,0.0,0.0,0.0,0.0,0.0,0.0,0.0,0.0,0.0,0.0,0.0,0.0,0.0,0.0,0.0,0.0,0.0,0.0,0.0,0.0,0.0
RCZDT-MisalignedV,GPR-KG-oracleV,oracle,axis,tp,3,0.005153743737585495,0.0,0.0,17.333333333333332,30.02221399786054,17.333333333333336,17.333333333333332,30.02221399786054,17.333333333333336,17.333333333333332,30.02221399786054,17.333333333333336,17.333333333333332,30.02221399786054,17.333333333333336,0.0,0.0,0.0,0.0,0.0,0.0,0.0,0.0,0.0,0.3333333333333333,0.5773502691896258,0.33333333333333337,0.3333333333333333,0.5773502691896258,0.33333333333333337,0.3333333333333333,0.5773502691896258,0.33333333333333337,0.0,0.0,0.0,0.0,0.0,0.0,0.002855687329184842,0.004946195544678816,0.0028556873291848426,0.005068515707799529,0.008778926724869712,0.005068515707799528,-0.0022128283786146865,0.003832731180190897,0.0022128283786146865,0.0022128283786146865,0.003832731180190897,0.0022128283786146865,0.0027539804180997354,0.0047700340071985215,0.002753980418099736,0.14290405052951838,0.24751707612451596,0.14290405052951838,0.1543895474949414,0.2674105404188068,0.1543895474949414,0.15673802327612366,0.2714782197921595,0.1567380232761237,0.16947827465994988,0.29354498249014616,0.16947827465994988,0.0022128283786146865,0.003832731180190897,0.0022128283786146865,0.0027539804180997354,0.0047700340071985215,0.002753980418099736,5.395678325616953e-05,9.34558900126673e-05,5.395678325616953e-05,5.395678325616953e-05,9.34558900126673e-05,5.395678325616953e-05,0.0,0.0,0.0,0.3333333333333333,0.5773502691896258,0.33333333333333337,0.3333333333333333,0.5773502691896258,0.33333333333333337,0.0,0.0,0.0,0.0,0.0,0.0,0.0,0.0,0.0,0.0,0.0,0.0,0.0,0.0,0.0,0.0,0.0,0.0,0.0,0.0,0.0
RCZDT-MisalignedV,GPR-KG-oracleV,oracle,combined,all,3,0.005153743737585492,1.0605248676324213e-17,6.122943178098707e-18,1181.0,0.0,0.0,534.0,168.00297616411441,96.99656351300975,592.6666666666666,8.962886439832502,5.174724898753342,309.0,58.59180830116101,33.82799629498226,225.0,112.64102272262978,65.03332479070507,283.6666666666667,66.98009654616313,38.670976771274404,363.3333333333333,106.56609842409232,61.52596561163786,0.5944205035998075,0.07702684389882161,0.04447146905981195,0.5223662270951984,0.10543911431298791,0.0608753010317193,0.5463136699488728,0.04108678354920442,0.02372146554226906,0.3811220354319292,0.18763178609498235,0.10832926221046835,0.4776337729048015,0.10543911431298789,0.06087530103171928,0.008724340553413009,0.00015548160352037504,8.97673456465232e-05,0.04954563146928304,0.003954446525445867,0.0022831007659621515,0.008009345271362532,0.026925820290340477,0.015545629592779563,0.04897452744462704,0.004396442911915656,0.0025382874986713266,0.06450038035541729,0.004961551290244011,0.002864552973020515,0.3902903187893416,0.09487768653209834,0.05477765785939591,0.5075924564275007,0.12487394441628176,0.07209600542351065,0.3986547601469712,0.10583001123523296,0.061100985475002874,0.5129366758665805,0.1299670800887671,0.07503652867503934,0.04897452744462704,0.004396442911915656,0.0025382874986713266,0.06450038035541729,0.004961551290244011,0.002864552973020515,0.006299757921916022,0.0001529982626268043,8.833358811313054e-05,0.006299757921916022,0.0001529982626268043,8.833358811313054e-05,0.0,0.0,0.0,1.0,0.0,0.0,1.0,0.0,0.0,0.0,0.0,0.0,225.0,112.64102272262978,65.03332479070507,283.6666666666667,66.98009654616313,38.670976771274404,0.008804019012995766,0.0002420242736068644,0.0001397327795173468,-0.03967515707377594,0.02037702488780794,0.011764680804259619,-0.00843079499745989,0.0003541049720895028,0.00020444260095725937,0.04862275009065889,0.009636426804712035,0.0055635936097266185
RCZDT-MisalignedV,GPR-KG-oracleV,oracle,combined,far_true_boundary,3,0.005153743737585492,1.0605248676324213e-17,6.122943178098707e-18,879.3333333333334,5.131601439446884,2.96273147243853,398.0,133.72733452813603,77.20751258783048,435.0,6.244997998398398,3.6055512754639896,229.0,51.73973328110612,29.87194893764606,169.0,85.15867542417507,49.16638417997945,206.0,51.97114584074513,30.0055550412475,275.3333333333333,83.76952508718988,48.364357858976184,0.5902805106071977,0.07063806920328068,0.040782908269549514,0.5264892611825823,0.11833558790510476,0.06832108353172486,0.5463632049546678,0.05378283120380931,0.031051532073299512,0.379941648294606,0.19072970628067304,0.11011784726360484,0.47351073881741773,0.11833558790510479,0.06832108353172488,0.010876006318342131,0.0001727495271874632,9.973698602406246e-05,0.04939410797481861,0.0034882835091577915,0.002013961423021983,0.008239181917935571,0.026674829469614348,0.015400719974869206,0.04871128166485822,0.004147638002158567,0.0023946399170473704,0.06409991071731218,0.004686069941853159,0.0027055037423703355,0.42184870413496833,0.10436440246293914,0.06025481585579236,0.5387834227183074,0.13239270075381265,0.07643696141895531,0.4307112552456343,0.11311491105504445,0.0653069243469905,0.54462067699449,0.13846849779314194,0.07994482447515361,0.04871128166485822,0.004147638002158567,0.0023946399170473704,0.06409991071731218,0.004686069941853159,0.0027055037423703355,0.006335348608566282,0.00010259410289606717,5.923273292431255e-05,0.006335348608566282,0.00010259410289606717,5.923273292431255e-05,0.0,0.0,0.0,1.0,0.0,0.0,1.0,0.0,0.0,0.0,0.0,0.0,169.0,85.15867542417507,49.16638417997945,206.0,51.97114584074513,30.0055550412475,0.010747349513486187,0.00026971491168261796,0.00015571997686441563,-0.03928109068909175,0.01907103397052681,0.011010666596608152,-0.010856622204111191,0.0003283703423083483,0.00018958470552561446,0.04861364154572461,0.007589854814695278,0.004382004720374496
RCZDT-MisalignedV,GPR-KG-oracleV,oracle,combined,fn,3,0.005153743737585492,1.0605248676324213e-17,6.122943178098707e-18,283.6666666666667,66.98009654616313,38.670976771274404,0.0,0.0,0.0,283.6666666666667,66.98009654616313,38.670976771274404,0.0,0.0,0.0,0.0,0.0,0.0,283.6666666666667,66.98009654616313,38.670976771274404,0.0,0.0,0.0,0.0,0.0,0.0,0.0,0.0,0.0,0.0,0.0,0.0,0.0,0.0,0.0,1.0,0.0,0.0,0.00843079499745989,0.0003541049720895028,0.00020444260095725937,0.04862275009065889,0.009636426804712035,0.0055635936097266185,0.05705354508811878,0.009583463174096406,0.005533015043333426,0.05705354508811878,0.009583463174096406,0.005533015043333426,0.06833508194982395,0.012188937328714199,0.007037286247868621,0.39241282097342306,0.055024607840437084,0.031768472148729944,0.47677163948140794,0.06936237380503614,0.04004638518796907,0.3984914456425159,0.08571342903644368,0.049486671327356645,0.4842549884328071,0.10085161094959753,0.05822670472995755,0.05705354508811878,0.009583463174096406,0.005533015043333426,0.06833508194982395,0.012188937328714199,0.007037286247868621,0.007630799581779293,0.0015211997100668976,0.0008782650620983041,0.007630799581779293,0.0015211997100668976,0.0008782650620983041,0.0,0.0,0.0,1.0,0.0,0.0,1.0,0.0,0.0,0.0,0.0,0.0,0.0,0.0,0.0,283.6666666666667,66.98009654616313,38.670976771274404,0.0,0.0,0.0,0.0,0.0,0.0,-0.00843079499745989,0.0003541049720895028,0.00020444260095725937,0.04862275009065889,0.009636426804712035,0.0055635936097266185
RCZDT-MisalignedV,GPR-KG-oracleV,oracle,combined,fp,3,0.005153743737585492,1.0605248676324213e-17,6.122943178098707e-18,225.0,112.64102272262978,65.03332479070507,225.0,112.64102272262978,65.03332479070507,0.0,0.0,0.0,0.0,0.0,0.0,225.0,112.64102272262978,65.03332479070507,0.0,0.0,0.0,0.0,0.0,0.0,0.0,0.0,0.0,0.0,0.0,0.0,0.0,0.0,0.0,1.0,0.0,0.0,0.0,0.0,0.0,0.008804019012995766,0.0002420242736068644,0.0001397327795173468,0.03967515707377594,0.02037702488780794,0.011764680804259619,-0.04847917608677171,0.020594200362808714,0.0118900671232127,0.04847917608677171,0.020594200362808714,0.0118900671232127,0.05844159860810096,0.02619868529375553,0.015125818006764045,0.33424439728093347,0.09921650904319691,0.05728267820414468,0.4355416326137522,0.13814859934202237,0.07976013101828637,0.35959191462147694,0.11695864851808639,0.067526107205972,0.464790476350918,0.15680531393028357,0.090531590208013,0.04847917608677171,0.020594200362808714,0.0118900671232127,0.05844159860810096,0.02619868529375553,0.015125818006764045,0.004487213389080435,0.0003727562337875033,0.00021521091191932612,0.004487213389080435,0.0003727562337875033,0.00021521091191932612,0.0,0.0,0.0,1.0,0.0,0.0,1.0,0.0,0.0,0.0,0.0,0.0,225.0,112.64102272262978,65.03332479070507,0.0,0.0,0.0,0.008804019012995766,0.0002420242736068644,0.0001397327795173468,-0.03967515707377594,0.02037702488780794,0.011764680804259619,0.0,0.0,0.0,0.0,0.0,0.0
RCZDT-MisalignedV,GPR-KG-oracleV,oracle,combined,high_t1,3,0.005153743737585492,1.0605248676324213e-17,6.122943178098707e-18,384.0,11.269427669584644,6.506407098647712,213.66666666666666,37.89898855290644,21.88099124303508,384.0,11.269427669584644,6.506407098647712,213.66666666666666,37.89898855290644,21.88099124303508,0.0,0.0,0.0,170.33333333333334,43.66157731156003,25.20802341407284,0.0,0.0,0.0,1.0,0.0,0.0,0.5575418110282754,0.10578985028452494,0.06107779853930068,0.7118075975691869,0.09094252427457533,0.052505690870710144,0.0,0.0,0.0,0.4424581889717247,0.10578985028452495,0.06107779853930069,0.009706037760283143,0.00015183251125798627,8.766054124653526e-05,0.04558080409981985,0.0017035623000525787,0.0009835521525166544,0.005738550257041123,0.014052723896046511,0.00811334392422994,0.0455835947551452,0.0027175754502562106,0.0015689929177485418,0.05934265431985825,0.002413365045074957,0.00139335695842686,0.43644122883398456,0.04262659518602714,0.02461047620528998,0.5399841645539295,0.05366503146997805,0.030983520365261568,0.4546725787414314,0.026437982766401847,0.015263976467012793,0.5634360184295722,0.041262687338676204,0.02382302364247207,0.0455835947551452,0.0027175754502562106,0.0015689929177485418,0.05934265431985825,0.002413365045074957,0.00139335695842686,0.006443428479553499,0.00018652375058200152,0.0001076895376087772,0.006443428479553499,0.00018652375058200152,0.0001076895376087772,0.0,0.0,0.0,1.0,0.0,0.0,1.0,0.0,0.0,0.0,0.0,0.0,0.0,0.0,0.0,170.33333333333334,43.66157731156003,25.20802341407284,0.0,0.0,0.0,0.0,0.0,0.0,-0.010031791178809245,8.211566946996464e-05,4.740950387317042e-05,0.046380021775286225,0.005129968937533311,0.002961788947019276
RCZDT-MisalignedV,GPR-KG-oracleV,oracle,combined,low_t1,3,0.005153743737585492,1.0605248676324213e-17,6.122943178098707e-18,405.0,7.54983443527075,4.358898943540674,148.33333333333334,81.09459496990742,46.81998623569972,12.666666666666666,0.5773502691896257,0.3333333333333333,4.333333333333333,1.5275252316519465,0.8819171036881969,144.0,79.92496481075234,46.144699948459234,8.333333333333334,1.5275252316519468,0.881917103688197,248.33333333333334,84.60693430998036,48.847836299176144,0.03353723291279045,0.016598221122540745,0.009582987433167833,0.34188034188034194,0.11562178853392037,0.06675427073424492,0.06006591746812906,0.026945638603584517,0.015557071701265893,0.3686920222634508,0.21029667721835943,0.12141484320170366,0.6581196581196581,0.1156217885339204,0.06675427073424493,0.009764557285817951,0.0001346668411997344,7.774993701758325e-05,0.052891112089441895,0.00500136148006017,0.0028875373968273643,0.009880453905875714,0.0368180898787584,0.021256934102549,0.051371313735076245,0.0037634070027881975,0.0021728040461298885,0.06780235474183544,0.004682742076280443,0.002703582398286101,0.42319517304135523,0.209286329045991,0.1208315184124115,0.5362345136898989,0.26122845489849356,0.15082031875563529,0.42013316398400274,0.1837710066557742,0.10610024016195975,0.5306653944894696,0.23042963053233026,0.1330386092171069,0.051371313735076245,0.0037634070027881975,0.0021728040461298885,0.06780235474183544,0.004682742076280443,0.002703582398286101,0.006098351596385185,0.0002388766383736136,0.0001379154914681187,0.006098351596385185,0.0002388766383736136,0.0001379154914681187,0.0,0.0,0.0,1.0,0.0,0.0,1.0,0.0,0.0,0.0,0.0,0.0,144.0,79.92496481075234,46.144699948459234,8.333333333333334,1.5275252316519468,0.881917103688197,0.010185834736491923,9.482472913131542e-05,5.474708288979831e-05,-0.03814013169537391,0.020195988305470987,0.011660159284714209,0.0,0.0,0.0,0.0544730462328343,0.013242092176568314,0.007645325482775554
RCZDT-MisalignedV,GPR-KG-oracleV,oracle,combined,mid_t1,3,0.005153743737585492,1.0605248676324213e-17,6.122943178098707e-18,392.0,5.0,2.886751345948129,172.0,55.97320787662612,32.316146634976974,196.0,10.44030650891055,6.027713773341709,91.0,22.9128784747792,13.228756555322953,81.0,33.28663395418648,19.2180470738661,105.0,32.69556544854363,18.876793513023696,115.0,22.538855339169288,13.012814197295423,0.5367986748481899,0.03757919929935865,0.021696360831415313,0.46910464455050366,0.14408332499832371,0.08318654647351853,0.48948543122483895,0.061290549423002556,0.03538611520815059,0.4079759407536261,0.14347403759886102,0.0828347742294249,0.5308953554494963,0.14408332499832371,0.08318654647351853,0.00669052225831674,0.00027007290530192115,0.0001559266645768885,0.05000603600947711,0.006872070301804841,0.003967591638637058,0.007997918107374295,0.03155973386124866,0.018221020840344864,0.04987137084120596,0.006966370031651071,0.004022035613048288,0.06581894430898932,0.007881912103227097,0.004550624074527134,0.3111781734120566,0.10729399362574465,0.06194621610225367,0.4028585360817604,0.1431172031657374,0.08262875577340485,0.3219190979073821,0.13298471259651312,0.07677875961570187,0.4116429234153849,0.16275664532912715,0.093967592993172,0.04987137084120596,0.0069663700316510676,0.004022035613048286,0.06581894430898932,0.007881912103227097,0.004550624074527134,0.006360073234323152,0.0002972137666894194,0.00017159644820499893,0.006360073234323152,0.0002972137666894194,0.00017159644820499893,0.0,0.0,0.0,1.0,0.0,0.0,1.0,0.0,0.0,0.0,0.0,0.0,81.0,33.28663395418648,19.2180470738661,105.0,32.69556544854363,18.876793513023696,0.00648676932026828,0.0002026946236439538,0.0001170257955241266,-0.041989118225199955,0.021548664565357364,0.012441127287486024,-0.006545118224177384,0.0002644263506127386,0.000152666624707095,0.051160720119577376,0.017876799923391844,0.010321175248019364
RCZDT-MisalignedV,GPR-KG-oracleV,oracle,combined,near_true_boundary,3,0.005153743737585492,1.0605248676324213e-17,6.122943178098707e-18,301.6666666666667,5.131601439446884,2.96273147243853,136.0,34.39476704383968,19.85782801147531,157.66666666666666,9.073771725877465,5.23874454850057,80.0,7.0,4.041451884327381,56.0,27.49545416973504,15.874507866387544,77.66666666666667,16.041612554021285,9.26162932629987,88.0,22.869193252058544,13.203534880225574,0.6045042946777052,0.09663444930184968,0.055791925317414164,0.5102471760234888,0.07429446305822837,0.04289392824596686,0.5448115600711031,0.007817058205586874,0.004513180659266555,0.3849312592795387,0.17803031067942116,0.10278584779467652,0.4897528239765112,0.07429446305822834,0.04289392824596684,0.002450543699182118,6.584419825835488e-05,3.8015165589036285e-05,0.049993185848983296,0.005308665947891075,0.0030649597140527123,0.007312116941222811,0.027782388281231613,0.016040169352899775,0.04973729621900771,0.005258273866806347,0.003035865832473419,0.06565376603780178,0.005782137353751614,0.0033383185576798848,0.29851817082582627,0.06817505111106917,0.039360884110992284,0.4032671833986134,0.10051838390740891,0.05803431600744869,0.30539084825791013,0.08543011497987689,0.04932309988053261,0.40685349340499916,0.10184692145844189,0.0588013475201661,0.04973729621900771,0.005258273866806347,0.003035865832473419,0.06565376603780178,0.005782137353751618,0.0033383185576798874,0.006195576724705926,0.00030078950865357595,0.00017366090379055736,0.006195576724705926,0.00030078950865357595,0.00017366090379055736,0.0,0.0,0.0,1.0,0.0,0.0,1.0,0.0,0.0,0.0,0.0,0.0,56.0,27.49545416973504,15.874507866387544,77.66666666666667,16.041612554021285,9.26162932629987,0.0029556652376730255,0.00013993368670325488,8.079075168682096e-05,-0.04092466733242436,0.02454142646163128,0.014168999173920225,-0.002018385800330842,0.00016094520384325598,9.292175676368304e-05,0.048643134985535706,0.015408587146147125,0.00889615193665985
RCZDT-MisalignedV,GPR-KG-oracleV,oracle,combined,tn,3,0.005153743737585492,1.0605248676324213e-17,6.122943178098707e-18,363.3333333333333,106.56609842409232,61.52596561163786,0.0,0.0,0.0,0.0,0.0,0.0,0.0,0.0,0.0,0.0,0.0,0.0,0.0,0.0,0.0,363.3333333333333,106.56609842409232,61.52596561163786,0.0,0.0,0.0,0.0,0.0,0.0,0.0,0.0,0.0,0.0,0.0,0.0,0.0,0.0,0.0,0.009042480878709925,0.00011472598780941322,6.623707994481045e-05,0.05173049154043586,0.015736185199632192,0.009085290761025452,0.04268801066172594,0.015715183671984236,0.00907316552338451,0.04405504708871577,0.015109427166879416,0.008723431842098877,0.058665905214319684,0.02033712284915928,0.0117416433515046,0.3885827488371281,0.23930041406419214,0.13816015847715024,0.4976981403074207,0.2940122654619021,0.16974806060948092,0.3808324928047801,0.21321488498622052,0.12309967124202952,0.4893910433869035,0.2592188208859281,0.149660056017508,0.04405504708871577,0.015109427166879416,0.008723431842098877,0.058665905214319684,0.02033712284915928,0.0117416433515046,0.007548802672724532,0.0012182449869025235,0.0007033540711270842,0.007548802672724532,0.0012182449869025235,0.0007033540711270842,0.0,0.0,0.0,1.0,0.0,0.0,1.0,0.0,0.0,0.0,0.0,0.0,0.0,0.0,0.0,0.0,0.0,0.0,0.0,0.0,0.0,0.0,0.0,0.0,0.0,0.0,0.0,0.0,0.0,0.0
RCZDT-MisalignedV,GPR-KG-oracleV,oracle,combined,tp,3,0.005153743737585492,1.0605248676324213e-17,6.122943178098707e-18,309.0,58.59180830116101,33.82799629498226,309.0,58.59180830116101,33.82799629498226,309.0,58.59180830116101,33.82799629498226,309.0,58.59180830116101,33.82799629498226,0.0,0.0,0.0,0.0,0.0,0.0,0.0,0.0,0.0,1.0,0.0,0.0,1.0,0.0,0.0,1.0,0.0,0.0,0.0,0.0,0.0,0.0,0.0,0.0,0.00846894399050624,0.0002276211208935964,0.00013141711542116226,0.044198869089152326,0.01015324947885953,0.005861981319768977,-0.035729925098646094,0.009933132994696444,0.005734897008384345,0.03701545623850775,0.009736852115938102,0.005621574190196441,0.05047291574914156,0.015138983823542266,0.008740496385779518,0.38892789918838955,0.09576107493347093,0.055287682390727365,0.4952068600928972,0.1044866184021233,0.06032537726117959,0.41483779787345015,0.07557456750310865,0.04363299689180932,0.5285681837465028,0.08214398369808197,0.047425851100395856,0.03701545623850775,0.009736852115938102,0.005621574190196441,0.05047291574914156,0.015138983823542266,0.008740496385779518,0.005417656782902309,0.0006464602928260041,0.0003732340240834978,0.005417656782902309,0.0006464602928260041,0.0003732340240834978,0.0,0.0,0.0,1.0,0.0,0.0,1.0,0.0,0.0,0.0,0.0,0.0,0.0,0.0,0.0,0.0,0.0,0.0,0.0,0.0,0.0,0.0,0.0,0.0,0.0,0.0,0.0,0.0,0.0,0.0
RCZDT-MisalignedV,GPR-KG-oracleV,oracle,random,all,3,0.0051537437375855045,8.020165264942835e-18,4.630444574660032e-18,1000.0,0.0,0.0,462.3333333333333,119.2741939118992,68.86298796241063,505.6666666666667,8.144527815247077,4.702245326555294,270.0,42.15447781671598,24.33789911502908,192.33333333333334,87.01915497942583,50.24053255202527,235.66666666666666,50.01333155602947,28.87521043694362,302.0,80.20598481410225,46.306946923040975,0.5970979996780124,0.08476353459715205,0.0489382495171299,0.5348898515968488,0.09081904590264009,0.05243440059943424,0.5569911955219302,0.0500561671393684,0.028899941572515245,0.38749107771291347,0.17074805848073749,0.09858143752745975,0.46511014840315107,0.0908190459026401,0.052434400599434244,0.00883042006828199,0.0001076268815437122,6.21384090313022e-05,0.04789303515055377,0.009855333791317438,0.005689979617370738,0.002940872602269705,0.02650031855259854,0.015299966049953602,0.047287801934758435,0.010758361200015045,0.006211342734867912,0.06112088518641836,0.015062643634465097,0.008696421357065828,0.409660915096908,0.10815317175262279,0.0624422628250886,0.5274435090469899,0.1362561446363604,0.07866752178454327,0.4183414477468708,0.11777996202947001,0.06800029278285842,0.532520236729303,0.13914727092381585,0.08033671432486687,0.047287801934758435,0.010758361200015045,0.006211342734867912,0.06112088518641836,0.015062643634465097,0.008696421357065828,0.0068516503375670125,7.344381374280291e-05,4.240280563472e-05,0.0068516503375670125,7.344381374280291e-05,4.240280563472e-05,0.0,0.0,0.0,1.0,0.0,0.0,1.0,0.0,0.0,0.0,0.0,0.0,192.33333333333334,87.01915497942583,50.24053255202527,235.66666666666666,50.01333155602947,28.87521043694362,0.008927237854360295,0.00013033241502279276,7.524745489754343e-05,-0.042421855709396904,0.024994460593637847,0.014430558551986305,-0.008462208340784075,0.0005424366943267209,0.0003131759714878631,0.04316173356075829,0.014966764754263772,0.008641065659771992
RCZDT-MisalignedV,GPR-KG-oracleV,oracle,random,far_true_boundary,3,0.0051537437375855045,8.020165264942835e-18,4.630444574660032e-18,741.3333333333334,3.214550253664318,1.855921454276674,347.6666666666667,91.72967531466213,52.960152735597156,368.3333333333333,2.516611478423583,1.4529663145135578,202.66666666666666,35.72580766523457,20.626304672539977,145.0,64.49030934954492,37.233497463081996,165.66666666666666,35.94903800289144,20.75518676807746,228.0,63.17436188834834,36.473734842120756,0.5948879484285764,0.08046071117368103,0.046454013255313474,0.5502687039303319,0.09746367343913834,0.0562706780962963,0.5649104383022473,0.05693651404932401,0.03287231171309613,0.3883347507098895,0.17159460705714905,0.09907019257593307,0.44973129606966805,0.09746367343913834,0.0562706780962963,0.010983055218641048,0.0001384340507728874,7.992493647873687e-05,0.047374366873709134,0.009522360937899536,0.005497737650817075,0.0023908660376950213,0.025984128861390805,0.015001943792781906,0.04662698452548771,0.010727920977119214,0.006193768063984812,0.06029275101522313,0.015001763715022227,0.008661272319187244,0.4417939682910301,0.11526939124722864,0.06655081406591175,0.5593709740789414,0.14146901068814527,0.08167717140279072,0.4516028060049823,0.12462705542202046,0.07195346399621393,0.565005491653869,0.14647317248405206,0.08456632556272595,0.04662698452548771,0.010727920977119214,0.006193768063984812,0.06029275101522313,0.015001763715022227,0.008661272319187244,0.006903395215288213,0.0001933493342251192,0.00011163029016250749,0.006903395215288213,0.0001933493342251192,0.00011163029016250749,0.0,0.0,0.0,1.0,0.0,0.0,1.0,0.0,0.0,0.0,0.0,0.0,145.0,64.49030934954492,37.233497463081996,165.66666666666666,35.94903800289144,20.75518676807746,0.01082260131144566,0.000262563274589172,0.00015159097726336808,-0.041457130070972494,0.023851786683520556,0.013770835462384124,-0.011039850439660723,0.000520917214498629,0.0003007516940162935,0.04158440434337422,0.014011557531681644,0.008089576512682327
RCZDT-MisalignedV,GPR-KG-oracleV,oracle,random,fn,3,0.0051537437375855045,8.020165264942835e-18,4.630444574660032e-18,235.66666666666666,50.01333155602947,28.87521043694362,0.0,0.0,0.0,235.66666666666666,50.01333155602947,28.87521043694362,0.0,0.0,0.0,0.0,0.0,0.0,235.66666666666666,50.01333155602947,28.87521043694362,0.0,0.0,0.0,0.0,0.0,0.0,0.0,0.0,0.0,0.0,0.0,0.0,0.0,0.0,0.0,1.0,0.0,0.0,0.008462208340784075,0.0005424366943267209,0.0003131759714878631,0.04316173356075829,0.014966764754263772,0.008641065659771992,0.05162394190154237,0.015230416497831196,0.008793285064892959,0.05162394190154237,0.015230416497831196,0.008793285064892959,0.06075331795531592,0.018430222152561872,0.010640693721006202,0.4023011887746048,0.0633757762100955,0.03659002145500012,0.48737702241643666,0.07984055124276075,0.04609596375225603,0.4058147015705462,0.08406753547167592,0.048536414234680504,0.494908156995014,0.1025279825068568,0.05919455829980302,0.05162394190154237,0.015230416497831196,0.008793285064892959,0.06075331795531592,0.018430222152561872,0.010640693721006202,0.008505758455751073,0.000649875714776575,0.00037520591886605603,0.008505758455751073,0.000649875714776575,0.00037520591886605603,0.0,0.0,0.0,1.0,0.0,0.0,1.0,0.0,0.0,0.0,0.0,0.0,0.0,0.0,0.0,235.66666666666666,50.01333155602947,28.87521043694362,0.0,0.0,0.0,0.0,0.0,0.0,-0.008462208340784075,0.0005424366943267209,0.0003131759714878631,0.04316173356075829,0.014966764754263772,0.008641065659771992
RCZDT-MisalignedV,GPR-KG-oracleV,oracle,random,fp,3,0.0051537437375855045,8.020165264942835e-18,4.630444574660032e-18,192.33333333333334,87.01915497942583,50.24053255202527,192.33333333333334,87.01915497942583,50.24053255202527,0.0,0.0,0.0,0.0,0.0,0.0,192.33333333333334,87.01915497942583,50.24053255202527,0.0,0.0,0.0,0.0,0.0,0.0,0.0,0.0,0.0,0.0,0.0,0.0,0.0,0.0,0.0,1.0,0.0,0.0,0.0,0.0,0.0,0.008927237854360295,0.00013033241502279276,7.524745489754343e-05,0.042421855709396904,0.024994460593637847,0.014430558551986305,-0.0513490935637572,0.025052376902057662,0.014463996548242954,0.0513490935637572,0.025052376902057662,0.014463996548242954,0.0608175414368432,0.03027404041192716,0.017478725381283755,0.34763474872589245,0.10858759260202948,0.06269307581943513,0.4440263727332206,0.13813227975829662,0.07975070890222925,0.3762258232772749,0.12288827046417258,0.07094957603273758,0.47570536985777157,0.15230643488039164,0.08793416117750633,0.0513490935637572,0.025052376902057662,0.014463996548242954,0.0608175414368432,0.03027404041192716,0.017478725381283755,0.0046957362634523735,2.1086419569798963e-05,1.2174250014868824e-05,0.0046957362634523735,2.1086419569798963e-05,1.2174250014868824e-05,0.0,0.0,0.0,1.0,0.0,0.0,1.0,0.0,0.0,0.0,0.0,0.0,192.33333333333334,87.01915497942583,50.24053255202527,0.0,0.0,0.0,0.008927237854360295,0.00013033241502279276,7.524745489754343e-05,-0.042421855709396904,0.024994460593637847,0.014430558551986305,0.0,0.0,0.0,0.0,0.0,0.0
RCZDT-MisalignedV,GPR-KG-oracleV,oracle,random,high_t1,3,0.0051537437375855045,8.020165264942835e-18,4.630444574660032e-18,327.0,10.44030650891055,6.027713773341709,186.33333333333334,32.53203549323856,18.782379449307744,327.0,10.44030650891055,6.027713773341709,186.33333333333334,32.53203549323856,18.782379449307744,0.0,0.0,0.0,140.66666666666666,41.25934237640408,23.82109242760383,0.0,0.0,0.0,1.0,0.0,0.0,0.571927039018158,0.11587558210966027,0.06690079852351695,0.7230818684990519,0.09357258488586913,0.05402415707262565,0.0,0.0,0.0,0.42807296098184205,0.1158755821096603,0.06690079852351696,0.009870328970536206,0.00010108526972855308,5.836160768888605e-05,0.04458293608581566,0.007093798642819166,0.004095606556008648,0.0012069498896458246,0.017177528570985458,0.009917450744470943,0.0442896593722104,0.008580486390219964,0.0049539461271714165,0.05656001596207599,0.011009485198955093,0.006356329243255924,0.45873022867268204,0.041860792250437026,0.02416833967428082,0.5608003609465048,0.05475334448209553,0.03161185817577017,0.4767032860085549,0.020195764521973924,0.01166003008325194,0.5847446484074011,0.03711507829848347,0.02142840044662347,0.0442896593722104,0.008580486390219964,0.0049539461271714165,0.05656001596207599,0.011009485198955093,0.006356329243255924,0.007043971517448286,0.0002912446311641714,0.00016815016620266764,0.007043971517448286,0.0002912446311641714,0.00016815016620266764,0.0,0.0,0.0,1.0,0.0,0.0,1.0,0.0,0.0,0.0,0.0,0.0,0.0,0.0,0.0,140.66666666666666,41.25934237640408,23.82109242760383,0.0,0.0,0.0,0.0,0.0,0.0,-0.01011312591296875,0.00011089063187852176,6.402273616567224e-05,0.03921071914243759,0.015217423289642141,0.008785783432647371
RCZDT-MisalignedV,GPR-KG-oracleV,oracle,random,low_t1,3,0.0051537437375855045,8.020165264942835e-18,4.630444574660032e-18,335.3333333333333,12.503332889007368,7.218802609235905,124.33333333333333,61.74409553417504,35.64797017752593,8.666666666666666,2.5166114784235836,1.452966314513558,2.6666666666666665,1.5275252316519468,0.881917103688197,121.66666666666667,60.277137733417085,34.80102169636851,6.0,1.7320508075688772,1.0,205.0,69.0869017976635,39.88734135035826,0.02057975504303188,0.005160970698887335,0.002979687822282374,0.2946127946127946,0.14017615884286944,0.08093074304189841,0.038231148696264976,0.009554076561662645,0.0055160486747342224,0.37599555146041025,0.1981009221948329,0.1143736207558999,0.7053872053872053,0.14017615884286944,0.08093074304189841,0.00993773537800086,6.392562737007548e-05,3.690747817022879e-05,0.050742481482976325,0.009778436663031666,0.005645583039655039,0.004303009878022077,0.037038636672979595,0.021384266853561516,0.04936321662509529,0.010688230676497427,0.006170852858236606,0.06416718338644128,0.015805864380982124,0.009125520055134747,0.4572302000387101,0.2383314345860892,0.1376007179146283,0.5663410601835955,0.28494540461428586,0.16451330605840478,0.4565604829807823,0.21284521310016188,0.12288624107910173,0.5616474442467968,0.2510996415697476,0.14497244565371234,0.04936321662509529,0.010688230676497427,0.006170852858236606,0.06416718338644128,0.015805864380982124,0.009125520055134747,0.006591595860574267,0.00024128005427080784,0.00013930310428333844,0.006591595860574267,0.00024128005427080784,0.00013930310428333844,0.0,0.0,0.0,1.0,0.0,0.0,1.0,0.0,0.0,0.0,0.0,0.0,121.66666666666667,60.277137733417085,34.80102169636851,6.0,1.7320508075688772,1.0,0.010335191389347376,0.0001223043832250746,7.061246857806798e-05,-0.04076395130355468,0.024659040308142442,0.014236903559863873,0.0,0.0,0.0,0.0462444777846859,0.012629441366224398,0.007291611372504251
RCZDT-MisalignedV,GPR-KG-oracleV,oracle,random,mid_t1,3,0.0051537437375855045,8.020165264942835e-18,4.630444574660032e-18,337.6666666666667,5.033222956847167,2.905932629027116,151.66666666666666,40.3773864103824,23.311894913207816,170.0,11.269427669584644,6.506407098647712,81.0,13.527749258468683,7.810249675906655,70.66666666666667,27.061657993059725,15.62405552701062,89.0,24.269322199023193,14.011899704655802,97.0,11.135528725660043,6.429100507328637,0.5430902468125809,0.05135131049179941,0.029647692935680446,0.4812739289690601,0.11285672443121259,0.06515786023022001,0.5013244380546595,0.037862125237560586,0.02185970819799693,0.4140688281641998,0.1171726562590757,0.06764966463284085,0.5187260710309398,0.11285672443121259,0.06515786023022001,0.006721968780369471,0.0003201960855459536,0.00018486529618342077,0.04828060069608466,0.013098605824028654,0.007562483598511744,0.0028145863840616458,0.030478605899015885,0.01759683132032134,0.048171723256955755,0.013124004725218543,0.007577147660950847,0.06222378602024938,0.018238833372900092,0.0105301953575486,0.31400174465279224,0.12291422473865954,0.07096456074009924,0.40409976305609957,0.16089837833977225,0.09289472204664176,0.3235489761020829,0.14343102445403164,0.08280994057867896,0.4121383946899901,0.17501723538557515,0.10104624796268591,0.048171723256955755,0.013124004725218543,0.007577147660950847,0.06222378602024938,0.018238833372900092,0.0105301953575486,0.006914596948454643,0.0002196845424087992,0.00012683492969651998,0.006914596948454643,0.0002196845424087992,0.00012683492969651998,0.0,0.0,0.0,1.0,0.0,0.0,1.0,0.0,0.0,0.0,0.0,0.0,70.66666666666667,27.061657993059725,15.62405552701062,89.0,24.269322199023193,14.011899704655802,0.006590486601902316,0.00024724445417188747,0.00014274665217178133,-0.04500201283727839,0.026159610464875364,0.015103258143791543,-0.006574121903300024,0.0004416835465895597,0.0002550061145201109,0.047249700125433586,0.020174310119599644,0.011647643378265847
RCZDT-MisalignedV,GPR-KG-oracleV,oracle,random,near_true_boundary,3,0.0051537437375855045,8.020165264942835e-18,4.630444574660032e-18,258.6666666666667,3.2145502536643185,1.8559214542766742,114.66666666666667,27.574142476844738,15.919938581679405,137.33333333333334,9.073771725877465,5.23874454850057,67.33333333333333,6.429100507328636,3.711842908553348,47.333333333333336,22.5905584998099,13.042665031009236,70.0,14.933184523068078,8.621678104251709,74.0,17.05872210923198,9.848857801796104,0.6031709782328288,0.10116473646920168,0.05840748783299114,0.4934035629755778,0.07411578175122156,0.042790766545267325,0.5342366460734316,0.030303625149380377,0.017495806137416275,0.38482182157903716,0.16878175072210752,0.0974461892137051,0.5065964370244221,0.07411578175122158,0.04279076654526733,0.0026602840870921652,4.995142343911791e-05,2.8839467768979712e-05,0.04936588252577523,0.011015870285711032,0.006360015674813264,0.004496472838235206,0.02800828777824674,0.016170592488311264,0.04915953022474554,0.01118886749944743,0.006459895662733028,0.06340770854879159,0.015324923974875197,0.008847848982204745,0.31779502760743505,0.0894788107707414,0.051660615485255135,0.42279422139789996,0.12209960522367819,0.07049423994383765,0.3232367792413517,0.09989024027698945,0.05767165711333626,0.42607087282064565,0.11718033314279214,0.06765409688372107,0.04915953022474554,0.01118886749944743,0.006459895662733028,0.06340770854879159,0.015324923974875197,0.008847848982204745,0.006704413482944122,0.0002711938207501478,0.00015657382541266096,0.006704413482944122,0.0002711938207501478,0.00015657382541266096,0.0,0.0,0.0,1.0,0.0,0.0,1.0,0.0,0.0,0.0,0.0,0.0,47.333333333333336,22.5905584998099,13.042665031009236,70.0,14.933184523068078,8.621678104251709,0.0030434182463596666,0.00015549534595780091,8.977527984647035e-05,-0.045523734930855986,0.028585210191014006,0.01650367879862397,-0.002351278667089351,1.426540325967705e-05,8.23613441207311e-06,0.04666594117828787,0.018299098366605645,0.01056498936788721
RCZDT-MisalignedV,GPR-KG-oracleV,oracle,random,tn,3,0.0051537437375855045,8.020165264942835e-18,4.630444574660032e-18,302.0,80.20598481410225,46.306946923040975,0.0,0.0,0.0,0.0,0.0,0.0,0.0,0.0,0.0,0.0,0.0,0.0,0.0,0.0,0.0,302.0,80.20598481410225,46.306946923040975,0.0,0.0,0.0,0.0,0.0,0.0,0.0,0.0,0.0,0.0,0.0,0.0,0.0,0.0,0.0,0.009100172613846123,9.94534547254985e-05,5.741947885760482e-05,0.04665117603393309,0.015812168863047066,0.009129159949552042,0.037551003420086965,0.015746115697452046,0.00909102413661493,0.03895773330346467,0.015496655200411796,0.008946998051496565,0.05119625425158469,0.021671923224540552,0.012512290707545391,0.42272839890901004,0.2669601031101676,0.1541294873935455,0.5298819027261975,0.31771317726557863,0.18343178841937313,0.4157942160157808,0.24291369644335048,0.14024628803141545,0.5210096812138509,0.2825554963996557,0.16313349190734958,0.03895773330346467,0.015496655200411793,0.008946998051496563,0.05119625425158469,0.021671923224540552,0.012512290707545391,0.008147977826691332,0.0009260010486597294,0.0005346269547135705,0.008147977826691332,0.0009260010486597294,0.0005346269547135705,0.0,0.0,0.0,1.0,0.0,0.0,1.0,0.0,0.0,0.0,0.0,0.0,0.0,0.0,0.0,0.0,0.0,0.0,0.0,0.0,0.0,0.0,0.0,0.0,0.0,0.0,0.0,0.0,0.0,0.0
RCZDT-MisalignedV,GPR-KG-oracleV,oracle,random,tp,3,0.0051537437375855045,8.020165264942835e-18,4.630444574660032e-18,270.0,42.15447781671598,24.33789911502908,270.0,42.15447781671598,24.33789911502908,270.0,42.15447781671598,24.33789911502908,270.0,42.15447781671598,24.33789911502908,0.0,0.0,0.0,0.0,0.0,0.0,0.0,0.0,0.0,1.0,0.0,0.0,1.0,0.0,0.0,1.0,0.0,0.0,0.0,0.0,0.0,0.0,0.0,0.0,0.008719590984457536,0.00010432740157513302,6.023345338325724e-05,0.04705194963294801,0.014128693039020491,0.008157204729376073,-0.03833235864849047,0.014028522139507135,0.00809937103357707,0.0397310508871414,0.013846757549992655,0.007994429198891742,0.05257577206037548,0.018481064442037887,0.010670047530521396,0.4093704420267404,0.09878845760390621,0.05703554259044319,0.5152485945309953,0.11349521389683528,0.06552649229507201,0.43523031802413664,0.07438977777580141,0.042948958223815385,0.5477903494148604,0.08765077735614764,0.0506051999012518,0.0397310508871414,0.013846757549992655,0.007994429198891742,0.05257577206037548,0.018481064442037887,0.010670047530521396,0.005670807733402053,0.00020675810318283977,0.00011937184652974896,0.005670807733402053,0.00020675810318283977,0.00011937184652974896,0.0,0.0,0.0,1.0,0.0,0.0,1.0,0.0,0.0,0.0,0.0,0.0,0.0,0.0,0.0,0.0,0.0,0.0,0.0,0.0,0.0,0.0,0.0,0.0,0.0,0.0,0.0,0.0,0.0,0.0
RCZDT-MisalignedV,GPR-KG-pooled-pre,pooled_pre,axis,all,3,0.005153743737585495,0.0,0.0,101.0,0.0,0.0,0.0,0.0,0.0,52.0,0.0,0.0,0.0,0.0,0.0,0.0,0.0,0.0,52.0,0.0,0.0,49.0,0.0,0.0,0.0,0.0,0.0,0.0,0.0,0.0,0.0,0.0,0.0,0.0,0.0,0.0,1.0,0.0,0.0,0.008821529175303672,0.0,0.0,0.1766757878584487,0.08364571419284171,0.04829287560579566,0.1766757878584487,0.08364571419284175,0.04829287560579569,0.1766757878584487,0.08364571419284175,0.04829287560579569,0.177547415961824,0.08322631803115964,0.04805073711895142,0.35083915547999484,0.016805801929090324,0.009702834267707832,0.40634716579956454,0.02475884514510911,0.014294525909353005,0.34173678775887945,0.0031383755332451656,0.0018119419589372318,0.3913629774535161,0.0046712060715047524,0.0026969220828234833,0.09117865944460114,0.07631744454985466,0.04406189715472293,0.09312599355938855,0.07476989407159422,0.043168418469514726,0.004372723172460181,0.0013344851850825312,0.000770465380836967,0.00016187034976850853,0.0,0.0,0.004210852822691673,0.0013344851850825305,0.0007704653808369666,27.013737714866437,8.244160755759058,4.759768431580041,27.013737714866437,8.244160755759058,4.759768431580041,3.2598075951271075,0.3439017701583,0.19855177957568332,0.0,0.0,0.0,52.0,0.0,0.0,0.0,0.0,0.0,0.0,0.0,0.0,-0.008567061987554527,0.0,0.0,0.16824817916315263,0.07459015315661847,0.04306464500386909
RCZDT-MisalignedV,GPR-KG-pooled-pre,pooled_pre,axis,far_true_boundary,3,0.005153743737585495,0.0,0.0,75.0,0.0,0.0,0.0,0.0,0.0,38.0,0.0,0.0,0.0,0.0,0.0,0.0,0.0,0.0,38.0,0.0,0.0,37.0,0.0,0.0,0.0,0.0,0.0,0.0,0.0,0.0,0.0,0.0,0.0,0.0,0.0,0.0,1.0,0.0,0.0,0.010976711284488565,0.0,0.0,0.17723562275283036,0.08224447791192938,0.04748387146181266,0.17730433933599823,0.08224447791192936,0.04748387146181265,0.17730433933599823,0.08224447791192936,0.04748387146181265,0.17793378085449785,0.08185319534907043,0.04725796436881684,0.35543362161964226,0.0406474725552706,0.023467829221663405,0.40441516935955973,0.04583687476362749,0.026463931983591496,0.35317794978034395,0.012450419962145631,0.007188253316668671,0.39428145198344394,0.011770524872162829,0.006795715703446395,0.09113739416888927,0.07576024085523725,0.04374019545164211,0.09292598519690219,0.07395048972503467,0.04269533514945342,0.00437272317246018,0.0013344851850825305,0.0007704653808369666,0.00016187034976850858,0.0,0.0,0.004210852822691672,0.00133448518508253,0.0007704653808369664,27.013737714866437,8.244160755759058,4.759768431580041,27.013737714866437,8.244160755759058,4.759768431580041,3.2598075951271075,0.34390177015829976,0.19855177957568318,0.0,0.0,0.0,38.0,0.0,0.0,0.0,0.0,0.0,0.0,0.0,0.0,-0.010900093290450365,0.0,0.0,0.1683984895759675,0.07259808846037906,0.04191452591525212
RCZDT-MisalignedV,GPR-KG-pooled-pre,pooled_pre,axis,fn,3,0.005153743737585495,0.0,0.0,52.0,0.0,0.0,0.0,0.0,0.0,52.0,0.0,0.0,0.0,0.0,0.0,0.0,0.0,0.0,52.0,0.0,0.0,0.0,0.0,0.0,0.0,0.0,0.0,0.0,0.0,0.0,0.0,0.0,0.0,0.0,0.0,0.0,1.0,0.0,0.0,0.008567061987554527,0.0,0.0,0.16824817916315263,0.07459015315661847,0.04306464500386909,0.1768152411507072,0.07459015315661846,0.043064645003869084,0.1768152411507072,0.07459015315661846,0.043064645003869084,0.17750297207728338,0.07418999639216382,0.04283361438819315,0.36022309732609187,0.07591642821604094,0.04383037026644614,0.4060386392701698,0.06816074383132882,0.03935262379918282,0.34386040731432327,0.01396504798031568,0.008062724210681299,0.3861360415241421,0.015482669757685428,0.00893892355237376,0.09034618160893071,0.06769898169886539,0.039086025307703484,0.0919216647905713,0.06647617555743099,0.0383800378527796,0.004372723172460181,0.0013344851850825305,0.0007704653808369666,0.00016187034976850858,0.0,0.0,0.004210852822691672,0.00133448518508253,0.0007704653808369664,27.013737714866433,8.244160755759054,4.759768431580039,27.013737714866437,8.244160755759058,4.759768431580041,3.2598075951271075,0.34390177015829976,0.19855177957568318,0.0,0.0,0.0,52.0,0.0,0.0,0.0,0.0,0.0,0.0,0.0,0.0,-0.008567061987554527,0.0,0.0,0.16824817916315263,0.07459015315661847,0.04306464500386909
RCZDT-MisalignedV,GPR-KG-pooled-pre,pooled_pre,axis,fp,3,0.005153743737585495,0.0,0.0,0.0,0.0,0.0,0.0,0.0,0.0,0.0,0.0,0.0,0.0,0.0,0.0,0.0,0.0,0.0,0.0,0.0,0.0,0.0,0.0,0.0,0.0,0.0,0.0,0.0,0.0,0.0,0.0,0.0,0.0,0.0,0.0,0.0,0.0,0.0,0.0,0.0,0.0,0.0,0.0,0.0,0.0,0.0,0.0,0.0,0.0,0.0,0.0,0.0,0.0,0.0,0.0,0.0,0.0,0.0,0.0,0.0,0.0,0.0,0.0,0.0,0.0,0.0,0.0,0.0,0.0,0.0,0.0,0.0,0.0,0.0,0.0,0.0,0.0,0.0,0.0,0.0,0.0,0.0,0.0,0.0,0.0,0.0,0.0,0.0,0.0,0.0,0.0,0.0,0.0,0.0,0.0,0.0,0.0,0.0,0.0,0.0,0.0,0.0,0.0,0.0,0.0,0.0,0.0,0.0
RCZDT-MisalignedV,GPR-KG-pooled-pre,pooled_pre,axis,high_t1,3,0.005153743737585495,0.0,0.0,34.0,0.0,0.0,0.0,0.0,0.0,34.0,0.0,0.0,0.0,0.0,0.0,0.0,0.0,0.0,34.0,0.0,0.0,0.0,0.0,0.0,0.0,0.0,0.0,0.0,0.0,0.0,0.0,0.0,0.0,0.0,0.0,0.0,1.0,0.0,0.0,0.009887803286603668,0.0,0.0,0.16199492735449658,0.07488339931343162,0.043233950751443984,0.17188273064110027,0.07488339931343159,0.04323395075144397,0.17188273064110027,0.07488339931343159,0.04323395075144397,0.172535071492086,0.07441777937222545,0.04296512495304854,0.339733208809155,0.03784051034642158,0.02184722883477932,0.40111581699934334,0.026459248265647276,0.015276254108726595,0.3287644971109438,0.012688914392539958,0.007325948140257062,0.38749979912327603,0.0324935768794965,0.018760175358311103,0.08524262658348687,0.06798565862001103,0.03925153830529737,0.08707703319040283,0.06629720399505394,0.03827670857306393,0.004372723172460181,0.0013344851850825305,0.0007704653808369666,0.0001618703497685085,0.0,0.0,0.004210852822691673,0.0013344851850825305,0.0007704653808369666,27.013737714866437,8.244160755759056,4.75976843158004,27.013737714866437,8.244160755759058,4.759768431580041,3.2598075951271084,0.3439017701583,0.19855177957568332,0.0,0.0,0.0,34.0,0.0,0.0,0.0,0.0,0.0,0.0,0.0,0.0,-0.009887803286603668,0.0,0.0,0.16199492735449658,0.07488339931343162,0.043233950751443984
RCZDT-MisalignedV,GPR-KG-pooled-pre,pooled_pre,axis,low_t1,3,0.005153743737585495,0.0,0.0,34.0,0.0,0.0,0.0,0.0,0.0,1.0,0.0,0.0,0.0,0.0,0.0,0.0,0.0,0.0,1.0,0.0,0.0,33.0,0.0,0.0,0.0,0.0,0.0,0.0,0.0,0.0,0.0,0.0,0.0,0.0,0.0,0.0,1.0,0.0,0.0,0.009887803286603668,0.0,0.0,0.18542444306093273,0.10199264836624837,0.05888548298961634,0.17553663977432907,0.10199264836624837,0.05888548298961634,0.17553663977432907,0.10199264836624837,0.05888548298961634,0.17586463259897478,0.10197994443908451,0.05887814837384852,0.3978897807442445,0.0882209103518665,0.050934366339803964,0.44449102614034325,0.10648043166731667,0.06147650588655284,0.39863556764553626,0.011729930901257473,0.006772278763416711,0.44550827394583087,0.013240192292982787,0.007644228584476021,0.09253732428315325,0.09221153597627445,0.05323835511829091,0.0932577680503397,0.09183573480946923,0.053021386213474145,0.004372723172460181,0.0013344851850825305,0.0007704653808369666,0.0001618703497685085,0.0,0.0,0.004210852822691673,0.0013344851850825305,0.0007704653808369666,27.013737714866437,8.244160755759056,4.75976843158004,27.013737714866437,8.244160755759058,4.759768431580041,3.2598075951271084,0.3439017701583,0.19855177957568332,0.0,0.0,0.0,1.0,0.0,0.0,0.0,0.0,0.0,0.0,0.0,0.0,0.0,0.0,0.0,0.18087944442712922,0.12499124864448578,0.07216373105124131
RCZDT-MisalignedV,GPR-KG-pooled-pre,pooled_pre,axis,mid_t1,3,0.005153743737585495,0.0,0.0,33.0,0.0,0.0,0.0,0.0,0.0,17.0,0.0,0.0,0.0,0.0,0.0,0.0,0.0,0.0,17.0,0.0,0.0,16.0,0.0,0.0,0.0,0.0,0.0,0.0,0.0,0.0,0.0,0.0,0.0,0.0,0.0,0.0,1.0,0.0,0.0,0.00662435827929156,0.0,0.0,0.18278775695693092,0.07436783700530096,0.04293629071406072,0.18278775695693095,0.07436783700530095,0.042936290714060715,0.18278775695693095,0.07436783700530095,0.042936290714060715,0.1829048975424227,0.07425002527775434,0.04286827208144799,0.3138052442019363,0.052401211224149834,0.030253853406125346,0.3551166317090262,0.0660310093359321,0.03812302101496309,0.2964791927856516,0.01889789836020044,0.010910706705379912,0.32933941624701585,0.02169335742554282,0.012524665749263914,0.09589473558905907,0.06861070350857044,0.03961240813996275,0.09630458127280905,0.06808830880316356,0.03931080341617285,0.004372723172460181,0.0013344851850825303,0.0007704653808369665,0.00016187034976850853,0.0,0.0,0.004210852822691673,0.0013344851850825305,0.0007704653808369666,27.013737714866437,8.244160755759058,4.759768431580041,27.013737714866437,8.244160755759058,4.759768431580041,3.2598075951271084,0.3439017701583,0.19855177957568332,0.0,0.0,0.0,17.0,0.0,0.0,0.0,0.0,0.0,0.0,0.0,0.0,-0.006429524212253572,0.0,0.0,0.18001166717670145,0.07118398584964766,0.04109809339228459
RCZDT-MisalignedV,GPR-KG-pooled-pre,pooled_pre,axis,near_true_boundary,3,0.005153743737585495,0.0,0.0,26.0,0.0,0.0,0.0,0.0,0.0,14.0,0.0,0.0,0.0,0.0,0.0,0.0,0.0,0.0,14.0,0.0,0.0,12.0,0.0,0.0,0.0,0.0,0.0,0.0,0.0,0.0,0.0,0.0,0.0,0.0,0.0,0.0,1.0,0.0,0.0,0.002604657706501101,0.0,0.0,0.17506087950927066,0.0876986080578795,0.05063281496977222,0.1748626585962866,0.08769860805787949,0.05063281496977221,0.1748626585962866,0.08769860805787949,0.05063281496977221,0.17637149546217112,0.08723804263409748,0.05036690739837223,0.33758588776947335,0.08083469987363176,0.04666993573190391,0.40744387911023444,0.04194692413926963,0.02421806794348413,0.3087334357738858,0.026644780125434486,0.015383370977917992,0.38012250416015564,0.052647664985519774,0.03039614355159508,0.0912976938937699,0.07795065584742611,0.04500483213701934,0.09367902065703977,0.07712401267576874,0.044527569479339196,0.004372723172460181,0.001334485185082531,0.0007704653808369668,0.00016187034976850853,0.0,0.0,0.004210852822691673,0.001334485185082531,0.0007704653808369668,27.013737714866437,8.24416075575906,4.759768431580042,27.013737714866437,8.244160755759058,4.759768431580041,3.2598075951271084,0.3439017701583,0.19855177957568332,0.0,0.0,0.0,14.0,0.0,0.0,0.0,0.0,0.0,0.0,0.0,0.0,-0.002234548451122969,0.0,0.0,0.1678401937569409,0.08004333778752348,0.04621304261846283
RCZDT-MisalignedV,GPR-KG-pooled-pre,pooled_pre,axis,tn,3,0.005153743737585495,0.0,0.0,49.0,0.0,0.0,0.0,0.0,0.0,0.0,0.0,0.0,0.0,0.0,0.0,0.0,0.0,0.0,0.0,0.0,0.0,49.0,0.0,0.0,0.0,0.0,0.0,0.0,0.0,0.0,0.0,0.0,0.0,0.0,0.0,0.0,0.0,0.0,0.0,0.00909157598679256,0.0,0.0,0.18561937259631386,0.09355953012206367,0.054016619901228365,0.1765277966095213,0.09355953012206367,0.054016619901228365,0.1765277966095213,0.09355953012206367,0.054016619901228365,0.17708245429106353,0.0933200244407484,0.053878341231648544,0.34088068658209597,0.08528916749994302,0.04924172381505119,0.3945441415394087,0.10445857433861076,0.06030918601356146,0.3394831506796329,0.011368281358998672,0.0065634803028412885,0.3965104557079135,0.013280434207315494,0.007667462264548715,0.09206210531102692,0.08551782612213155,0.04937373993212426,0.09328071047638598,0.08452932886715948,0.04880303077587293,0.004372723172460181,0.0013344851850825305,0.0007704653808369666,0.00016187034976850856,0.0,0.0,0.004210852822691673,0.0013344851850825305,0.0007704653808369666,27.013737714866437,8.244160755759054,4.759768431580039,27.013737714866437,8.244160755759058,4.759768431580041,3.2598075951271075,0.34390177015829987,0.19855177957568326,0.0,0.0,0.0,0.0,0.0,0.0,0.0,0.0,0.0,0.0,0.0,0.0,0.0,0.0,0.0,0.0,0.0,0.0
RCZDT-MisalignedV,GPR-KG-pooled-pre,pooled_pre,axis,tp,3,0.005153743737585495,0.0,0.0,0.0,0.0,0.0,0.0,0.0,0.0,0.0,0.0,0.0,0.0,0.0,0.0,0.0,0.0,0.0,0.0,0.0,0.0,0.0,0.0,0.0,0.0,0.0,0.0,0.0,0.0,0.0,0.0,0.0,0.0,0.0,0.0,0.0,0.0,0.0,0.0,0.0,0.0,0.0,0.0,0.0,0.0,0.0,0.0,0.0,0.0,0.0,0.0,0.0,0.0,0.0,0.0,0.0,0.0,0.0,0.0,0.0,0.0,0.0,0.0,0.0,0.0,0.0,0.0,0.0,0.0,0.0,0.0,0.0,0.0,0.0,0.0,0.0,0.0,0.0,0.0,0.0,0.0,0.0,0.0,0.0,0.0,0.0,0.0,0.0,0.0,0.0,0.0,0.0,0.0,0.0,0.0,0.0,0.0,0.0,0.0,0.0,0.0,0.0,0.0,0.0,0.0,0.0,0.0,0.0
RCZDT-MisalignedV,GPR-KG-pooled-pre,pooled_pre,combined,all,3,0.005153743737585495,1.3877787807814457e-17,8.012344526598184e-18,1181.0,0.0,0.0,535.0,158.4897473024675,91.50409826887538,599.6666666666666,9.865765724632496,5.696002496878355,289.0,105.65983153497832,61.002732179250245,246.0,52.88667128870941,30.53413390507963,310.6666666666667,102.10452161061885,58.95007303736875,335.3333333333333,58.02011145571278,33.49792696736787,0.5305881007527504,0.04872117599071394,0.028129184073473826,0.48125753217193407,0.1740203155136887,0.1004706760062918,0.497468313348169,0.12554764844598762,0.07248496862641546,0.42371991249047375,0.09428252550196435,0.054434041478436876,0.518742467828066,0.1740203155136887,0.1004706760062918,0.008745076364351453,0.0001121458376942222,6.474742958125526e-05,0.07912213856019384,0.011192942141413,0.006462248158368702,0.01861702315554931,0.024149180160219916,0.01394253566621174,0.07899016004967485,0.010173480149040416,0.005873661502643799,0.09928867049865986,0.014243620421950268,0.00822355808484784,0.3345461156986234,0.007499608553506708,0.004329901017183918,0.42335327426261277,0.011373376422915246,0.00656642193936506,0.33173896080310644,0.009006558420375696,0.005199938928475999,0.42416138244956,0.01562710245549478,0.009022311809333773,0.0573969832698977,0.004261492703573873,0.0024603739595580017,0.07419213190756857,0.004868074175303957,0.002810583935546805,0.00437272317246018,0.0013344851850825303,0.0007704653808369665,0.006349630968836162,6.725109815593052e-05,3.882743962362444e-05,0.006561751686972483,0.0004466977693538428,0.00025790107738284655,5.847993899436804,1.815651848486751,1.0482670834784673,1.2484591479117237,0.35080387250853345,0.20253671022556496,1.7501295627013018,0.09479575575084599,0.05473035510078495,246.0,52.88667128870941,30.53413390507963,310.6666666666667,102.10452161061885,58.95007303736875,0.008933489026282753,9.253667579137441e-05,5.3426074678063144e-05,-0.05690537305472291,0.020620721995999878,0.011905379395274968,-0.008393347310879568,0.000548957992489896,0.00031694104473783805,0.09046727234422308,0.00907582986319167,0.005239932814632955
RCZDT-MisalignedV,GPR-KG-pooled-pre,pooled_pre,combined,far_true_boundary,3,0.005153743737585495,1.3877787807814457e-17,8.012344526598184e-18,879.6666666666666,4.932882862316247,2.8480012484391772,398.6666666666667,128.31341836820238,74.08178663552272,438.0,6.244997998398398,3.6055512754639896,213.0,87.88060081724521,50.73788853838257,185.66666666666666,40.463975747982715,23.36188729058031,225.0,84.1486779456457,48.58326186386967,256.0,39.949968710876355,23.065125189341593,0.5204367297732966,0.06452121706252006,0.03725134203948824,0.48518247565249456,0.1978125547546702,0.11420713173669643,0.49390880798761794,0.1448875953053772,0.0836508921517971,0.4203042494913111,0.09103296543714044,0.05255790710026294,0.5148175243475054,0.1978125547546702,0.11420713173669643,0.010885837698840724,0.00018501715828516072,0.00010681970614063714,0.07948385224004005,0.011423735249331927,0.006595496621352805,0.019078697615656077,0.0263655162462145,0.015222137902075394,0.07933882674415986,0.010095598663231689,0.005828696605847242,0.09973380590053575,0.014634066320253837,0.008448982129337389,0.3560005031273094,0.0075801923514241904,0.004376426094603899,0.44425412357457444,0.007126286209636318,0.004114363261455846,0.3553946483954132,0.003995382097968069,0.0023067349297772764,0.44610800850504057,0.009767451748587317,0.005639240896343569,0.05758099085106257,0.0050427348726148295,0.0029114243361560853,0.07445467562537435,0.0054565082562507165,0.0031503165105817668,0.00437272317246018,0.00133448518508253,0.0007704653808369664,0.006384762174577834,9.737646096657719e-05,5.622032595178643e-05,0.006603205555706441,0.0004565962800286525,0.0002636159851855243,5.873143180408253,1.834516543088418,1.05915861998492,1.258421491246656,0.36866470514800626,0.21284866675791544,1.7553654241770011,0.09479706698043443,0.0547311121395408,185.66666666666666,40.463975747982715,23.36188729058031,225.0,84.1486779456457,48.58326186386967,0.010905279776065419,0.0001848731807580092,0.00010673658067657897,-0.05693305120518568,0.021957387215516034,0.01267710341957903,-0.010859626311638488,0.00028379848162584016,0.0001638511297622859,0.09141413895735633,0.009740989207185127,0.0056239627409415726
RCZDT-MisalignedV,GPR-KG-pooled-pre,pooled_pre,combined,fn,3,0.005153743737585495,1.3877787807814457e-17,8.012344526598184e-18,310.6666666666667,102.10452161061885,58.95007303736875,0.0,0.0,0.0,310.6666666666667,102.10452161061885,58.95007303736875,0.0,0.0,0.0,0.0,0.0,0.0,310.6666666666667,102.10452161061885,58.95007303736875,0.0,0.0,0.0,0.0,0.0,0.0,0.0,0.0,0.0,0.0,0.0,0.0,0.0,0.0,0.0,1.0,0.0,0.0,0.008393347310879568,0.000548957992489896,0.00031694104473783805,0.09046727234422308,0.00907582986319167,0.005239932814632955,0.09886061965510264,0.008530246352207066,0.004924940027700573,0.09886061965510264,0.008530246352207066,0.004924940027700573,0.12032222271369246,0.017663789388900897,0.010198193558590788,0.35601954737423275,0.025051616300644147,0.014463557414812115,0.43802072292972066,0.027142108224376328,0.01567050348971763,0.34912520589510915,0.02219414115081636,0.012813793367856376,0.4343374782528373,0.030675329895210962,0.017710409972480624,0.07244034174678367,0.0038700834702468877,0.002234393733333362,0.09136332667073681,0.0032949864606128926,0.001902361320011026,0.00437272317246018,0.00133448518508253,0.0007704653808369664,0.0031388269608954695,0.0015172983446610545,0.0008760126077310335,0.00513776307704885,0.000791331484933882,0.0004568754458448031,10.688876522356082,3.880305892223241,2.240295651413179,7.536284121102118,3.6518088531537143,2.1083728243973554,2.2050738973817166,0.28407709713116147,0.16401198849928356,0.0,0.0,0.0,310.6666666666667,102.10452161061885,58.95007303736875,0.0,0.0,0.0,0.0,0.0,0.0,-0.008393347310879568,0.000548957992489896,0.00031694104473783805,0.09046727234422308,0.00907582986319167,0.005239932814632955
RCZDT-MisalignedV,GPR-KG-pooled-pre,pooled_pre,combined,fp,3,0.005153743737585495,1.3877787807814457e-17,8.012344526598184e-18,246.0,52.88667128870941,30.53413390507963,246.0,52.88667128870941,30.53413390507963,0.0,0.0,0.0,0.0,0.0,0.0,246.0,52.88667128870941,30.53413390507963,0.0,0.0,0.0,0.0,0.0,0.0,0.0,0.0,0.0,0.0,0.0,0.0,0.0,0.0,0.0,1.0,0.0,0.0,0.0,0.0,0.0,0.008933489026282753,9.253667579137441e-05,5.3426074678063144e-05,0.05690537305472291,0.020620721995999878,0.011905379395274968,-0.06583886208100566,0.02053528421441478,0.011856051869077846,0.06583886208100566,0.02053528421441478,0.011856051869077846,0.07492478188210912,0.02333295283812533,0.013471286602080502,0.28119289704214706,0.05390395925979332,0.031121465389028297,0.35040228201026524,0.06304204739706755,0.0363973430349621,0.2630729270278022,0.05152312188803854,0.02974688829154895,0.3300449670083149,0.06751346982713308,0.03897891997862096,0.041655056558052315,0.008340626665659144,0.004815463050628478,0.05061959437372034,0.010130333289756554,0.005848750651821574,0.004372723172460181,0.001334485185082531,0.0007704653808369668,0.010379016446693314,0.00028836356960443293,0.00016648678453560074,0.008083339125676471,0.0009162421120497002,0.0005289926300347657,0.9742917801152046,0.46877999199386516,0.27065025456836866,0.3614170131745984,0.10071757604745683,0.05814931964312581,1.112070794361534,0.21593376916227922,0.12466941975297242,246.0,52.88667128870941,30.53413390507963,0.0,0.0,0.0,0.008933489026282753,9.253667579137441e-05,5.3426074678063144e-05,-0.05690537305472291,0.020620721995999878,0.011905379395274968,0.0,0.0,0.0,0.0,0.0,0.0
RCZDT-MisalignedV,GPR-KG-pooled-pre,pooled_pre,combined,high_t1,3,0.005153743737585495,1.3877787807814457e-17,8.012344526598184e-18,387.3333333333333,15.044378795195676,8.685876147196922,200.66666666666666,64.66323014923809,37.333333333333336,387.3333333333333,15.044378795195676,8.685876147196922,200.66666666666666,64.66323014923809,37.333333333333336,0.0,0.0,0.0,186.66666666666666,74.09678355592322,42.779797932097715,0.0,0.0,0.0,1.0,0.0,0.0,0.5210517471525665,0.17755530476960515,0.10251160300477759,0.6722350081447823,0.16561392767023544,0.09561724572196165,0.0,0.0,0.0,0.4789482528474334,0.1775553047696052,0.10251160300477762,0.00975352687233281,9.200110907471426e-05,5.31168650900304e-05,0.08066177287835112,0.014067334924788353,0.00812177960560718,0.013706134752059845,0.03411210703100212,0.0196946341769744,0.08110173074168979,0.009980375923353359,0.005762172725961722,0.101570129885174,0.013317763102363617,0.007689014112153301,0.356261314519352,0.024230025486066592,0.01398921173685204,0.44071684843535625,0.025877852939768495,0.01494058536082489,0.3570609280179187,0.020548014161567638,0.011863401507493319,0.44376911773413075,0.013307552672684447,0.00768311911782949,0.059724716714706534,0.005309165017110797,0.003065247851801063,0.07530015478303265,0.006338385852188909,0.003659468777988982,0.00437272317246018,0.0013344851850825305,0.0007704653808369666,0.0064784242956654374,0.00016667213340356676,9.622820108695849e-05,0.006639088280191205,0.00047621725317732787,0.0002749441593146744,6.028113639324283,1.9843498227100942,1.1456649043080591,1.2480585231123829,0.4199058827216913,0.24243277442367592,1.7746077478390534,0.1095362519870198,0.06324078457072857,0.0,0.0,0.0,186.66666666666666,74.09678355592322,42.779797932097715,0.0,0.0,0.0,0.0,0.0,0.0,-0.01005327748428947,0.00033078799516227635,0.00019098053805163687,0.09119647537978015,0.014053256592405609,0.008113651476616262
RCZDT-MisalignedV,GPR-KG-pooled-pre,pooled_pre,combined,low_t1,3,0.005153743737585495,1.3877787807814457e-17,8.012344526598184e-18,396.6666666666667,14.0118997046558,8.089774066341064,165.0,23.259406699226016,13.428824718989127,13.333333333333334,0.5773502691896257,0.3333333333333333,6.333333333333333,3.055050463303893,1.7638342073763937,158.66666666666666,22.007574453658755,12.706079035030614,7.0,3.605551275463989,2.0816659994661326,224.66666666666666,19.857828011475306,11.46492234794656,0.03820435751213783,0.016960210266243846,0.00979198196272854,0.4816849816849817,0.24401626158426878,0.14088285431232372,0.07070921318230784,0.031544674049233466,0.018212326053823946,0.41361333777233705,0.05291743566093879,0.03055189572366771,0.5183150183150184,0.24401626158426876,0.14088285431232372,0.009831388825457872,8.414951974552263e-05,4.858374787725522e-05,0.07650034481072511,0.01517009236833044,0.008758456912487068,0.016686644698191772,0.009535886673934598,0.0055055467381579055,0.07532328796139309,0.01614349152519389,0.009320449177731135,0.09485031425515615,0.022874621796059872,0.013206669051566049,0.4060903523130799,0.05339720808918925,0.030828892464267878,0.4991383177394962,0.05814907130969461,0.03357238197377893,0.40705187805746873,0.03696841222100287,0.021343722747309057,0.5049731100327599,0.04003542627625249,0.023114464137715795,0.05156256260731571,0.009388332533140847,0.005420356315250589,0.06854087784622075,0.013286624110790742,0.007671036006986407,0.00437272317246018,0.00133448518508253,0.0007704653808369664,0.006182704735558229,0.00019320385340265087,0.00011154629677049348,0.00645324350033959,0.0004316811360195746,0.0002492312200849849,5.8052307751092975,1.6991099238986007,0.9809815719456217,1.2784793327027717,0.4057929458050503,0.23428466649579704,1.7377213503724616,0.08199016001641489,0.047337040956377634,158.66666666666666,22.007574453658755,12.706079035030614,7.0,3.605551275463989,2.0816659994661326,0.010099961844232114,0.00046759637362706535,0.000269966892185679,-0.05823602840530634,0.01849629254910448,0.010678839482235542,0.0,0.0,0.0,0.08058737581570197,0.022304892170973565,0.012877735499157165
RCZDT-MisalignedV,GPR-KG-pooled-pre,pooled_pre,combined,mid_t1,3,0.005153743737585495,1.3877787807814457e-17,8.012344526598184e-18,397.0,6.082762530298219,3.511884584284246,169.33333333333334,76.74199198179139,44.30700972883536,199.0,12.489995996796797,7.211102550927979,82.0,41.7612260356422,24.110855093366837,87.33333333333333,35.23256069793016,20.34152840318981,117.0,29.46183972531247,17.009801096230763,110.66666666666667,50.14312847572769,28.950148723471376,0.4704532700194258,0.049721771976544205,0.02870687843524299,0.40418754248155336,0.191247485947503,0.11041678749363003,0.42221074944075526,0.1450846371966416,0.08376465434076023,0.4512054120923847,0.2026284011627807,0.11698756195679491,0.5958124575184466,0.191247485947503,0.11041678749363003,0.0066788115118867454,0.000291784579115479,0.00016846190529770346,0.08015986570847798,0.004800608317858305,0.0027716325045894492,0.02468186538993732,0.035424504456330524,0.02045234718377153,0.08043115969690802,0.004993683512020338,0.0028831045199127383,0.10052680391553015,0.009646527995908986,0.005569425535183315,0.2408913293386207,0.016805668634639132,0.009702757310120554,0.3016290041966474,0.016383093828164587,0.009458783631849722,0.23164784259114515,0.02043612924735397,0.0117988047221538,0.29481940723795813,0.024947597539305692,0.014403502154952588,0.060775086667719136,0.006229366932642278,0.0035965266754419724,0.07744079593190839,0.005469078843923147,0.0031575741427583163,0.00437272317246018,0.0013344851850825303,0.0007704653808369665,0.006382173127628358,0.00012928839347070665,7.464468877340674e-05,0.006584130236983301,0.0004909952676239869,0.0002834762499335412,5.715857456628893,1.7907254380843958,1.0338758137227364,1.2047948608511336,0.1970421279975255,0.11376232564106804,1.7377181374000912,0.09960071036735911,0.057504496942072734,87.33333333333333,35.23256069793016,20.34152840318981,117.0,29.46183972531247,17.009801096230763,0.006849316140444337,0.0005068583827702402,0.00029263482373341655,-0.05297594918616527,0.026696559184079517,0.015413265631365086,-0.0063732649710945555,0.0004170806667647321,0.00024080163523040667,0.09035363006407658,0.0028206118394771794,0.001628481004801595
RCZDT-MisalignedV,GPR-KG-pooled-pre,pooled_pre,combined,near_true_boundary,3,0.005153743737585495,1.3877787807814457e-17,8.012344526598184e-18,301.3333333333333,4.932882862316248,2.8480012484391777,136.33333333333334,32.86842456421258,18.976593769987044,161.66666666666666,4.509249752822894,2.6034165586355518,76.0,19.672315572906,11.357816691600547,60.333333333333336,13.203534880225572,7.623064417352848,85.66666666666667,18.717193521821944,10.80637671829822,79.33333333333333,19.03505538035898,10.989894347889692,0.5557191812851742,0.01086852422111437,0.00627494538475435,0.4696519821520888,0.11703944335726224,0.06757275412811932,0.5043147014855971,0.07689691753567965,0.044396456039077103,0.43513442446909645,0.11251115863218439,0.06495834772312835,0.5303480178479113,0.11703944335726225,0.06757275412811932,0.0024968980685825377,7.429804873183726e-05,4.289599843559018e-05,0.07806659293425759,0.012085875779384435,0.006977783634619982,0.01737448145388935,0.019578305733300883,0.01130354008539806,0.07798682863413857,0.012068433651923297,0.006967713417635054,0.09785659073175425,0.014549240505947475,0.008400007922613383,0.2719102929148174,0.02150035964331831,0.012413238427743592,0.3550542813323663,0.028394729464723066,0.01639370470002446,0.26268775095456004,0.028627624563728114,0.01652816674812797,0.35186629486694815,0.037068700148139344,0.02140162400903777,0.05685513872752612,0.002001058323897759,0.0011553115619665124,0.07340239467876732,0.0032870191092871596,0.0018977613675783857,0.004372723172460181,0.001334485185082531,0.0007704653808369668,0.0062450685124408436,0.0001272131607414951,7.344655259856534e-05,0.006434988377003281,0.00045984711793591753,0.00026549285732637557,5.774930611000148,1.7607763314117246,1.016584688923281,1.2328322988758587,0.2648277035535837,0.15289834593553198,1.7347883091946779,0.0949467458625122,0.054817529282400405,60.333333333333336,13.203534880225572,7.623064417352848,85.66666666666667,18.717193521821944,10.80637671829822,0.002882321078433104,4.426480917374108e-05,2.5556299492086832e-05,-0.05643290940744569,0.01789989968037878,0.010334511898933986,-0.0021185243052014866,0.00015646274449803202,9.033380765408644e-05,0.08818912797867433,0.010540484398933726,0.006085551505113438
RCZDT-MisalignedV,GPR-KG-pooled-pre,pooled_pre,combined,tn,3,0.005153743737585495,1.3877787807814457e-17,8.012344526598184e-18,335.3333333333333,58.02011145571278,33.49792696736787,0.0,0.0,0.0,0.0,0.0,0.0,0.0,0.0,0.0,0.0,0.0,0.0,0.0,0.0,0.0,335.3333333333333,58.02011145571278,33.49792696736787,0.0,0.0,0.0,0.0,0.0,0.0,0.0,0.0,0.0,0.0,0.0,0.0,0.0,0.0,0.0,0.009097579574721733,0.0001323903090421338,7.643558056357369e-05,0.09131227389729957,0.010824321166631248,0.006249424739349516,0.08221469432257784,0.010780071137265167,0.006223876972983359,0.0830072440097603,0.0107772828879752,0.006222267176505229,0.1085302215205265,0.02077908941067792,0.011996812864770199,0.4212827796098236,0.07885149704805396,0.04552493304669893,0.5168643946018093,0.08103986312906364,0.046788386792655325,0.4264268147675687,0.05777216270125597,0.033354773687236994,0.5290883894693127,0.056607607782780706,0.032682417591569195,0.06385081023693108,0.00893864738956784,0.005160730476558139,0.08307569674754854,0.010715643121361999,0.006186679440658312,0.00437272317246018,0.0013344851850825303,0.0007704653808369665,0.0031729170869132604,0.0009655497813641419,0.0005574604261865717,0.00482738038605079,0.0008126063837442764,0.0004691585143999663,9.163195672527204,2.2840038774495897,1.3186702534756696,6.0452983270075755,1.8856372194599398,1.0886731562491738,2.0509761999179914,0.16587416910687258,0.09576749618545839,0.0,0.0,0.0,0.0,0.0,0.0,0.0,0.0,0.0,0.0,0.0,0.0,0.0,0.0,0.0,0.0,0.0,0.0
RCZDT-MisalignedV,GPR-KG-pooled-pre,pooled_pre,combined,tp,3,0.005153743737585495,1.3877787807814457e-17,8.012344526598184e-18,289.0,105.65983153497832,61.002732179250245,289.0,105.65983153497832,61.002732179250245,289.0,105.65983153497832,61.002732179250245,289.0,105.65983153497832,61.002732179250245,0.0,0.0,0.0,0.0,0.0,0.0,0.0,0.0,0.0,1.0,0.0,0.0,1.0,0.0,0.0,1.0,0.0,0.0,0.0,0.0,0.0,0.0,0.0,0.0,0.008376889022705808,0.0003261224713829508,0.0001882868966417327,0.06561963468445114,0.02788577746532799,0.016099861126169113,-0.05724274566174534,0.02756061893609258,0.01591213076178575,0.05824170882649308,0.02672988227143287,0.015432504724818774,0.0724263174778746,0.029516614227197417,0.017041425169638767,0.2610819221645992,0.030167070631203646,0.01741696634958788,0.33288385138672516,0.04480496941962102,0.025868161155451146,0.2661197151940251,0.030910891763807707,0.017846411680725767,0.3411868351222275,0.04069731206575409,0.02349660407645733,0.047732443802261916,0.010205521478029089,0.005892160572560602,0.05727573052313431,0.012209827708616321,0.007049347314328585,0.00437272317246018,0.0013344851850825303,0.0007704653808369665,0.009791700241632928,0.0008251335656564832,0.00047639108624916634,0.007608450141594167,0.0009086541361785886,0.0005246117101229751,1.1462641350188179,0.7164321385575096,0.4136322880522775,0.40608219603410406,0.11871500367635977,0.06854013932939373,1.1117714325745978,0.21362703022334148,0.12333762340562653,0.0,0.0,0.0,0.0,0.0,0.0,0.0,0.0,0.0,0.0,0.0,0.0,0.0,0.0,0.0,0.0,0.0,0.0
RCZDT-MisalignedV,GPR-KG-pooled-pre,pooled_pre,random,all,3,0.0051537437375855045,8.020165264942835e-18,4.630444574660032e-18,1000.0,0.0,0.0,491.6666666666667,151.29551656719156,87.35050721725153,505.6666666666667,8.144527815247077,4.702245326555294,263.6666666666667,101.15993936995679,58.404718226450775,228.0,50.269274910227224,29.02297940138699,242.0,96.81425514871248,55.895736271502265,266.3333333333333,55.788290288673785,32.209384415794794,0.5253084299338852,0.05364457697244872,0.030971710955606867,0.5203094676310936,0.19680821673608495,0.11362727691130886,0.5147641315106724,0.13461540345504336,0.07772023942183937,0.46202293710926173,0.10624450460755253,0.06134029333508889,0.4796905323689063,0.19680821673608495,0.11362727691130886,0.00883042006828199,0.0001076268815437122,6.21384090313022e-05,0.06984678784119817,0.007919341126923161,0.0045722337314335615,0.005285472279504731,0.032710246886145614,0.018885269844975287,0.06973486261766262,0.00715020532157192,0.0041281729671706425,0.08662862479211762,0.005027519426298101,0.0029026396941292817,0.3436406186634029,0.008347001879019818,0.004819143781778405,0.43464097743486524,0.011202050997452733,0.006467507158855252,0.3415253729659271,0.00866442979546222,0.005002410874784727,0.4370999921735776,0.016239836185911544,0.009376073793531456,0.05455788045983858,0.004517012135992834,0.0026078981726482694,0.06988138490893932,0.006331710066288578,0.003655614511202374,0.004372723172460181,0.0013344851850825305,0.0007704653808369666,0.0068516503375670125,7.344381374280291e-05,4.240280563472e-05,0.0066967120611675255,0.0005297950262915627,0.0003058773010447586,3.9243649080595517,1.2127127236800135,0.70016001746634,0.8862811301994867,0.26879940317766865,0.15519140778263776,1.5413210483609348,0.052590854926116315,0.030363344248505814,228.0,50.269274910227224,29.02297940138699,242.0,96.81425514871248,55.895736271502265,0.008944846497620073,0.00011457330304149816,6.614892735295353e-05,-0.05613482833761039,0.02076438788188106,0.011988324933161834,-0.008403670746238198,0.0006787172668594769,0.0003918575967249661,0.07151562098434072,0.013330312559288798,0.007696259544487237
RCZDT-MisalignedV,GPR-KG-pooled-pre,pooled_pre,random,far_true_boundary,3,0.0051537437375855045,8.020165264942835e-18,4.630444574660032e-18,741.3333333333334,3.214550253664318,1.855921454276674,365.0,122.85357137665962,70.92954250522133,368.3333333333333,2.516611478423583,1.4529663145135578,194.33333333333334,82.50050504895916,47.63168879829665,170.66666666666666,40.463975747982715,23.36188729058031,174.0,84.92938243034621,49.03400180826906,202.33333333333334,41.28357219685977,23.83508152096634,0.5183088852129585,0.0629300534758581,0.03633268331440422,0.5285995365256114,0.22678333979902704,0.13093342228069063,0.5130906101665641,0.15445783586919898,0.08917627311752907,0.45771172963181844,0.10930755032357752,0.06310874360377605,0.47140046347438863,0.226783339799027,0.13093342228069063,0.010983055218641048,0.0001384340507728874,7.992493647873687e-05,0.07006085146885471,0.006642159598715078,0.0038348526323186073,0.005037957580021259,0.03624572179896596,0.020926477237605285,0.06994647563746244,0.0053824540758569545,0.0031075613095968113,0.08695727054319412,0.002704288614203675,0.0015613217593769318,0.3672835389024209,0.01297914812991445,0.007493514666658136,0.45797220982583203,0.008961808255868902,0.005174102408951721,0.36673235777838276,0.005859511910890814,0.00338299077907263,0.46104948271762874,0.007146194570953897,0.004125857359221675,0.05431452593146921,0.0051667558405054945,0.0029830278753529187,0.06955020720238629,0.006943666315834656,0.004008927616610076,0.00437272317246018,0.0013344851850825305,0.0007704653808369666,0.006903395215288213,0.0001933493342251192,0.00011163029016250749,0.006748730704377505,0.0004938414556249185,0.00028511949734204333,3.936952681073994,1.2172325165848181,0.7027695211166104,0.8529622252491361,0.24854202892679586,0.14349580730582134,1.5455754038132021,0.055714769561622586,0.03216693720424077,170.66666666666666,40.463975747982715,23.36188729058031,174.0,84.92938243034621,49.03400180826906,0.010999331990373893,9.269414010930132e-05,5.3516986744406006e-05,-0.056291447494508394,0.022826604894671726,0.01317894648062395,-0.010980686560230843,0.00018437364550294514,0.00010644817386259802,0.07032184958786135,0.013886483479798964,0.008017364975159223
RCZDT-MisalignedV,GPR-KG-pooled-pre,pooled_pre,random,fn,3,0.0051537437375855045,8.020165264942835e-18,4.630444574660032e-18,242.0,96.81425514871248,55.895736271502265,0.0,0.0,0.0,242.0,96.81425514871248,55.895736271502265,0.0,0.0,0.0,0.0,0.0,0.0,242.0,96.81425514871248,55.895736271502265,0.0,0.0,0.0,0.0,0.0,0.0,0.0,0.0,0.0,0.0,0.0,0.0,0.0,0.0,0.0,1.0,0.0,0.0,0.008403670746238198,0.0006787172668594769,0.0003918575967249661,0.07151562098434072,0.013330312559288798,0.007696259544487237,0.07991929173057892,0.01383219147154147,0.007986019469576914,0.07991929173057892,0.01383219147154147,0.007986019469576914,0.09658616864455068,0.016618340466733342,0.009594603341953346,0.3675248771895497,0.028835214841495878,0.01664801905087834,0.45409082206616497,0.030303649947822246,0.017495820454803364,0.3609616864799777,0.025349728767233688,0.01463567272764637,0.452700599010305,0.0387476118419899,0.022370944127428002,0.0665373287436942,0.019937295102187575,0.011510802694161005,0.08322966115433124,0.024841971540472584,0.01434251895609287,0.00437272317246018,0.0013344851850825305,0.0007704653808369666,0.0037436427145655098,0.0016289341185117129,0.0009404655518149033,0.0053022794024419504,0.0007971793128557227,0.00046025169086965246,7.360485487203202,2.7042724629901116,1.5613124344694334,5.77951822006312,2.937780624913943,1.696128434614132,1.923378328130103,0.2521641671174585,0.14558704976524245,0.0,0.0,0.0,242.0,96.81425514871248,55.895736271502265,0.0,0.0,0.0,0.0,0.0,0.0,-0.008403670746238198,0.0006787172668594769,0.0003918575967249661,0.07151562098434072,0.013330312559288798,0.007696259544487237
RCZDT-MisalignedV,GPR-KG-pooled-pre,pooled_pre,random,fp,3,0.0051537437375855045,8.020165264942835e-18,4.630444574660032e-18,228.0,50.269274910227224,29.02297940138699,228.0,50.269274910227224,29.02297940138699,0.0,0.0,0.0,0.0,0.0,0.0,228.0,50.269274910227224,29.02297940138699,0.0,0.0,0.0,0.0,0.0,0.0,0.0,0.0,0.0,0.0,0.0,0.0,0.0,0.0,0.0,1.0,0.0,0.0,0.0,0.0,0.0,0.008944846497620073,0.00011457330304149816,6.614892735295353e-05,0.05613482833761039,0.02076438788188106,0.011988324933161834,-0.06507967483523046,0.020845427162949872,0.012035112983901846,0.06507967483523046,0.020845427162949872,0.012035112983901846,0.07383399311611304,0.0238357549830963,0.013761579555828614,0.2869362778545998,0.05574867607509783,0.032186513138922984,0.35646214724852027,0.06452577503324884,0.03725397358511545,0.2699935227873797,0.05361228661393771,0.030953068108428308,0.3362553145096416,0.0691873155755116,0.03994531527202921,0.041521186928573324,0.009049840912709202,0.0052249280870759465,0.05037330143717311,0.010956104732593253,0.0063255100166324475,0.00437272317246018,0.00133448518508253,0.0007704653808369664,0.010260360270599274,0.00031773884101667137,0.00018344660539297493,0.008021858628165597,0.0008771296924367213,0.0005064110640425547,1.007424313125755,0.5027412663675583,0.29025780547004315,0.3658042621244111,0.09562423315951611,0.05520867675569817,1.11261450238327,0.21029118522132895,0.12141167239573973,228.0,50.269274910227224,29.02297940138699,0.0,0.0,0.0,0.008944846497620073,0.00011457330304149816,6.614892735295353e-05,-0.05613482833761039,0.02076438788188106,0.011988324933161834,0.0,0.0,0.0,0.0,0.0,0.0
RCZDT-MisalignedV,GPR-KG-pooled-pre,pooled_pre,random,high_t1,3,0.0051537437375855045,8.020165264942835e-18,4.630444574660032e-18,327.0,10.44030650891055,6.027713773341709,184.66666666666666,61.27261487266015,35.375760690682604,327.0,10.44030650891055,6.027713773341709,184.66666666666666,61.27261487266015,35.375760690682604,0.0,0.0,0.0,142.33333333333334,68.23733093647006,39.396841384952566,0.0,0.0,0.0,1.0,0.0,0.0,0.5676227770124315,0.1978593586869825,0.11423415399961608,0.7094843623692122,0.1747481521092039,0.10089089266063855,0.0,0.0,0.0,0.4323772229875686,0.1978593586869825,0.11423415399961608,0.009870328970536206,0.00010108526972855308,5.836160768888605e-05,0.07187655229049648,0.011369675775268125,0.006564285369449819,3.4626885429462954e-05,0.04203538662286747,0.024269141782202526,0.07144735545147633,0.007938812462293086,0.004583475512150869,0.08934520037386517,0.005561730070797051,0.0032110663535347144,0.3696183968813589,0.023858619780777926,0.013774780552925067,0.45427321859509123,0.025936607621665386,0.01497450739223421,0.37081166642132923,0.02240841854166978,0.01293750647714685,0.45836920161697914,0.01296109549975212,0.0074830919757743345,0.057510251088021686,0.00674328490692856,0.0038932373562375446,0.07212385354269571,0.008483578829288867,0.004897996520781338,0.00437272317246018,0.0013344851850825305,0.0007704653808369666,0.007043971517448286,0.0002912446311641714,0.00016815016620266764,0.0068081153647785095,0.0005695564362282133,0.0003288335617750429,4.050734711187716,1.3230315637360666,0.7638526294693896,0.781910605800233,0.26207560956957304,0.15130942373302828,1.5645764675812375,0.06258438346762245,0.036133110642098586,0.0,0.0,0.0,142.33333333333334,68.23733093647006,39.396841384952566,0.0,0.0,0.0,0.0,0.0,0.0,-0.010141175344996077,0.00043578463252475386,0.0002516003748968688,0.07004980449128276,0.012571703855394467,0.007258276605084252
RCZDT-MisalignedV,GPR-KG-pooled-pre,pooled_pre,random,low_t1,3,0.0051537437375855045,8.020165264942835e-18,4.630444574660032e-18,335.3333333333333,12.503332889007368,7.218802609235905,150.66666666666666,22.007574453658755,12.706079035030614,8.666666666666666,2.5166114784235836,1.452966314513558,3.3333333333333335,1.1547005383792515,0.6666666666666666,147.33333333333334,22.007574453658755,12.706079035030614,5.333333333333333,3.511884584284246,2.0275875100994067,179.33333333333334,16.743157806499145,9.666666666666666,0.022487490851518275,0.008854243997525654,0.005112000155442065,0.430976430976431,0.24270466385104508,0.14012560300797852,0.042502824139938535,0.01667137152843358,0.00962522083970139,0.4503120409968499,0.05859442456951816,0.03382950679822253,0.5690235690235691,0.24270466385104514,0.14012560300797855,0.00993773537800086,6.392562737007548e-05,3.690747817022879e-05,0.06646559874097636,0.010707761406512748,0.006182128930468421,0.003928019991836759,0.010619996830079047,0.00613145802863911,0.06608036348012286,0.012072030914206762,0.006969790297982758,0.08129693234185852,0.012998259673624404,0.007504548721563708,0.4212428123387321,0.051217062510527704,0.029570184827555062,0.5162947167468462,0.054756844829172174,0.03161387910209713,0.42299221005996596,0.0387096904118861,0.022349050179549516,0.5235226060791063,0.04101364783065297,0.023679240615476004,0.04769243573785962,0.0039296602599491835,0.002268790408905436,0.0621147122924589,0.007292452450189809,0.004210299385169632,0.00437272317246018,0.0013344851850825303,0.0007704653808369665,0.006591595860574267,0.00024128005427080784,0.00013930310428333844,0.006521008187758977,0.00047869034124008386,0.00027637199737343625,3.8838737733655955,1.1312083126945265,0.6531034238437272,1.030993633677266,0.3746423328521284,0.21629985172200572,1.523144645857422,0.06495170799478181,0.03749988609511325,147.33333333333334,22.007574453658755,12.706079035030614,5.333333333333333,3.511884584284246,2.0275875100994067,0.010121999597795125,0.0006467778531356948,0.0003734173676137816,-0.057349741672849265,0.018508899244921873,0.010686117961459305,0.0,0.0,0.0,0.07062384593120907,0.014357386752568304,0.008289241106454877
RCZDT-MisalignedV,GPR-KG-pooled-pre,pooled_pre,random,mid_t1,3,0.0051537437375855045,8.020165264942835e-18,4.630444574660032e-18,337.6666666666667,5.033222956847167,2.905932629027116,156.33333333333334,72.2241880074351,41.6986543880948,170.0,11.269427669584644,6.506407098647712,75.66666666666667,40.525712002793156,23.39753073391388,80.66666666666667,32.036437588054845,18.49624586534011,94.33333333333333,29.36551265231604,16.954186634706026,87.0,47.148700936505136,27.221315177632402,0.46535306722063935,0.06515121515414855,0.037615071607278894,0.4355439038991884,0.21801930056925875,0.12587350187219548,0.43662600026236387,0.1606862942806922,0.09277227525804108,0.4944849446953234,0.22306404901370194,0.1287860887445887,0.5644560961008116,0.21801930056925872,0.12587350187219545,0.006721968780369471,0.0003201960855459536,0.00018486529618342077,0.07113106282954414,0.004052146494148443,0.002339507869192402,0.010971643782505189,0.04601204802813604,0.026565068315010334,0.07151156720520314,0.0037362596897433007,0.0021571305376356423,0.08825921655970105,0.005158735546322804,0.0029783973563475624,0.2403250333643241,0.01516128022195851,0.008753369217407094,0.30225236292355134,0.01247078849942405,0.007200013097149365,0.23195712654746548,0.020687654309951974,0.011944022784752694,0.29769525929047974,0.025581236976642257,0.014769334054668017,0.058319079198519835,0.00963397493859933,0.005562178024166432,0.07399245138980669,0.011058513649750853,0.006384635832520806,0.00437272317246018,0.00133448518508253,0.0007704653808369664,0.006914596948454643,0.0002196845424087992,0.00012683492969651998,0.0067473620633785765,0.0006300783140793833,0.00036377588424427756,3.8354473733547256,1.2549832884675507,0.7245649394252222,0.8288653358346889,0.24025854701184965,0.13871333679239975,1.5345111861549114,0.060778046508251665,0.035090221512358695,80.66666666666667,32.036437588054845,18.49624586534011,94.33333333333333,29.36551265231604,16.954186634706026,0.006830498895245067,0.00032646487792436726,0.00018848458515059177,-0.05254687696939774,0.026848232953344157,0.015500834522879032,-0.006427426756613625,0.00055169663439313,0.00031852220037788416,0.07307901061335915,0.01705948263590472,0.009849296892075336
RCZDT-MisalignedV,GPR-KG-pooled-pre,pooled_pre,random,near_true_boundary,3,0.0051537437375855045,8.020165264942835e-18,4.630444574660032e-18,258.6666666666667,3.2145502536643185,1.8559214542766742,126.66666666666667,30.98924544633724,17.89164920042619,137.33333333333334,9.073771725877465,5.23874454850057,69.33333333333333,20.404247923737188,11.780398031381528,57.333333333333336,10.598742063723098,6.11918658356194,68.0,12.165525060596439,7.023769168568492,64.0,16.522711641858304,9.539392014169456,0.5422341288215652,0.03220438758110717,0.018593211839039267,0.5000984890080064,0.11996596322780545,0.06926238116316623,0.5172274622434561,0.08242464728220329,0.04758789229624003,0.47620170497929415,0.11132049285277931,0.06427091651487395,0.4999015109919937,0.11996596322780546,0.06926238116316623,0.0026602840870921652,4.995142343911791e-05,2.8839467768979712e-05,0.06921334819830291,0.013083983871558801,0.007554041610317196,0.005910843335130201,0.023457018926298173,0.013542916191484398,0.06909720078283478,0.013117662033063566,0.007573485705927784,0.08538208775852224,0.011909756601014095,0.00687610117957841,0.2757412739695397,0.03333196099799417,0.01924421665481004,0.3579698476011553,0.04069120248721773,0.023493076709644727,0.26918875691714245,0.03659810364464936,0.021129924991068135,0.35800656562530914,0.04978963898264738,0.02874606146948575,0.05523183890498243,0.003437288294744605,0.0019845193222531475,0.07069842376706864,0.005902092822747528,0.0034075748799954437,0.004372723172460181,0.0013344851850825303,0.0007704653808369665,0.006704413482944122,0.0002711938207501478,0.00015657382541266096,0.006541012301947479,0.0007017665470311956,0.00040516510483673497,3.887330388392533,1.2039067394524512,0.6950758801020774,0.9103957600131133,0.3086653416814201,0.17820801810927572,1.5288553744401165,0.045283288404955685,0.026144318750392626,57.333333333333336,10.598742063723098,6.11918658356194,68.0,12.165525060596439,7.023769168568492,0.0029059441634342533,0.00011454037061993211,6.612991381049731e-05,-0.05494958188709223,0.017644851248037448,0.010187259617865325,-0.0022723316739892926,0.00011421658386940576,6.59429754429209e-05,0.07329372598970464,0.014901138353902057,0.00860317623985721
RCZDT-MisalignedV,GPR-KG-pooled-pre,pooled_pre,random,tn,3,0.0051537437375855045,8.020165264942835e-18,4.630444574660032e-18,266.3333333333333,55.788290288673785,32.209384415794794,0.0,0.0,0.0,0.0,0.0,0.0,0.0,0.0,0.0,0.0,0.0,0.0,0.0,0.0,0.0,266.3333333333333,55.788290288673785,32.209384415794794,0.0,0.0,0.0,0.0,0.0,0.0,0.0,0.0,0.0,0.0,0.0,0.0,0.0,0.0,0.0,0.009151389873506081,0.00010474155344474192,6.047256407666132e-05,0.07479043482112423,0.010849306073917972,0.006263849782297183,0.06563904494761812,0.010797615480268129,0.006234006204138875,0.06660324785662868,0.010594895780842141,0.006116965931105241,0.08635735584877735,0.013609307702749481,0.007857337465666862,0.4490662676108246,0.07888116217106327,0.0455420602134539,0.5474478873221991,0.08194824325905324,0.04731284030523133,0.4566724805371025,0.06638439138529585,0.03832704623629003,0.5626875687362518,0.06492668978211169,0.03748544182329351,0.058388726514028634,0.0105335371505749,0.006081540509403343,0.0745645005808415,0.014759657990164352,0.0085214925137682,0.00437272317246018,0.0013344851850825303,0.0007704653808369665,0.0035868660147771025,0.0008902195651813536,0.0005139685055953261,0.004865446259297216,0.0006359430247144318,0.00036716187650814207,6.161462059515127,1.4034911375954884,0.8103059860960093,4.625530592499657,0.8791037657752195,0.5075507958159368,1.7666626380150037,0.13098258172766578,0.07562282881962,0.0,0.0,0.0,0.0,0.0,0.0,0.0,0.0,0.0,0.0,0.0,0.0,0.0,0.0,0.0,0.0,0.0,0.0
RCZDT-MisalignedV,GPR-KG-pooled-pre,pooled_pre,random,tp,3,0.0051537437375855045,8.020165264942835e-18,4.630444574660032e-18,263.6666666666667,101.15993936995679,58.404718226450775,263.6666666666667,101.15993936995679,58.404718226450775,263.6666666666667,101.15993936995679,58.404718226450775,263.6666666666667,101.15993936995679,58.404718226450775,0.0,0.0,0.0,0.0,0.0,0.0,0.0,0.0,0.0,1.0,0.0,0.0,1.0,0.0,0.0,1.0,0.0,0.0,0.0,0.0,0.0,0.0,0.0,0.0,0.008583017615683306,0.0002607492433721126,0.00015054364585188047,0.06360448635153763,0.029108332338128838,0.016805703511079774,-0.05502146873585432,0.02886258378300606,0.016663820516626678,0.05612371967350799,0.02790937332607575,0.016113484202723596,0.06857653484975776,0.032082237879912906,0.018522688676173325,0.2740763568369795,0.03792071487112463,0.02189353493870685,0.3444535610608219,0.05152191324996545,0.029746190484032098,0.2776309340364216,0.03693930894060256,0.021326919960535637,0.35204721437918457,0.0460763430402085,0.02660218905753792,0.047561287156574907,0.010566870110587394,0.006100785302839443,0.056629393704364345,0.01281904347110835,0.007401078198797921,0.00437272317246018,0.0013344851850825303,0.0007704653808369665,0.009803235790621827,0.0009511749139315714,0.0005491610926048119,0.007644461037339577,0.0008937699886569992,0.0005160183435447273,1.1777648588070075,0.7632818194162156,0.44068096390749945,0.3953471637663088,0.1136522161137244,0.06561713756725632,1.1230204860833755,0.20605151640139618,0.11896389846127668,0.0,0.0,0.0,0.0,0.0,0.0,0.0,0.0,0.0,0.0,0.0,0.0,0.0,0.0,0.0,0.0,0.0,0.0
RCZDT-StepV,GPR-KG-AVB,vepm,axis,all,3,0.0039000000000000007,0.0,0.0,101.0,0.0,0.0,0.0,0.0,0.0,51.0,0.0,0.0,0.0,0.0,0.0,0.0,0.0,0.0,51.0,0.0,0.0,50.0,0.0,0.0,0.0,0.0,0.0,0.0,0.0,0.0,0.0,0.0,0.0,0.0,0.0,0.0,1.0,0.0,0.0,0.007574257425742577,1.0622968402425924e-18,6.133173666733496e-19,0.943027022301968,1.0786505856500872,0.6227592059866254,0.943027022301968,1.0786505856500872,0.6227592059866254,0.943027022301968,1.0786505856500872,0.6227592059866254,0.9437407048576754,1.0779567892016029,0.6223586424203301,0.47109501883610383,0.24934705230562343,0.1439605877702914,0.5318069274561545,0.2537598430192596,0.1465083136766867,0.42183207093593006,0.1650267699913201,0.09527825007798311,0.49030204270737715,0.17370194093549707,0.10028686235786971,0.17297845323763147,0.18434880834250694,0.10643383412133312,0.17453768610670198,0.1835627373397887,0.10597999581631158,0.4460487482456474,0.7002583921628655,0.40429437121752493,0.0004000149066960149,0.0,0.0,0.4456487333389512,0.7002583921628653,0.4042943712175249,1115.08031520589,1750.5807419697371,1010.6982626144026,1115.0803152058902,1750.5807419697376,1010.6982626144029,5.4108154908019275,2.56767914024988,1.4824502428158552,0.0,0.0,0.0,51.0,0.0,0.0,0.0,0.0,0.0,0.0,0.0,0.0,-0.0075,0.0,0.0,0.9388633541791181,1.0721717868079392,0.6190186697310858
RCZDT-StepV,GPR-KG-AVB,vepm,axis,far_true_boundary,3,0.0039000000000000007,0.0,0.0,74.0,0.0,0.0,0.0,0.0,0.0,37.0,0.0,0.0,0.0,0.0,0.0,0.0,0.0,0.0,37.0,0.0,0.0,37.0,0.0,0.0,0.0,0.0,0.0,0.0,0.0,0.0,0.0,0.0,0.0,0.0,0.0,0.0,1.0,0.0,0.0,0.009600000000000003,0.0,0.0,0.939619682084457,1.0815670461458293,0.624443025238923,0.939619682084457,1.0815670461458293,0.624443025238923,0.939619682084457,1.0815670461458293,0.624443025238923,0.9402989273149222,1.0809032929953313,0.6240598071788075,0.44107651949073734,0.24215668524439055,0.13980922741191637,0.4878092625979451,0.24642342304844428,0.14227262963164836,0.39759936713276023,0.16570137283746794,0.09566773221280267,0.4574537558845542,0.16928796829324752,0.0977384540646713,0.16862854675428873,0.18605192121917907,0.10741712679914009,0.17021727846437332,0.1851698054529927,0.10690783702407597,0.4460487482456473,0.7002583921628655,0.40429437121752493,0.00040001490669601495,0.0,0.0,0.4456487333389512,0.7002583921628653,0.4042943712175249,1115.0803152058904,1750.5807419697378,1010.698262614403,1115.0803152058902,1750.5807419697376,1010.6982626144029,5.4108154908019275,2.56767914024988,1.4824502428158552,0.0,0.0,0.0,37.0,0.0,0.0,0.0,0.0,0.0,0.0,0.0,0.0,-0.009600000000000001,0.0,0.0,0.9341639891013754,1.0733586582944454,0.6197039103033136
RCZDT-StepV,GPR-KG-AVB,vepm,axis,fn,3,0.0039000000000000007,0.0,0.0,51.0,0.0,0.0,0.0,0.0,0.0,51.0,0.0,0.0,0.0,0.0,0.0,0.0,0.0,0.0,51.0,0.0,0.0,0.0,0.0,0.0,0.0,0.0,0.0,0.0,0.0,0.0,0.0,0.0,0.0,0.0,0.0,0.0,1.0,0.0,0.0,0.0075,0.0,0.0,0.9388633541791181,1.0721717868079392,0.6190186697310858,0.9463633541791182,1.0721717868079392,0.6190186697310858,0.9463633541791182,1.0721717868079392,0.6190186697310858,0.9467349800974355,1.0718142333032619,0.6188122361189107,0.4943122705994633,0.2188205809969357,0.12633612134281114,0.5736599447277557,0.2452354165337523,0.14158673375059191,0.4327825420303009,0.10431921789390389,0.06022872853269664,0.5199612714422276,0.1278673326192388,0.07382423890827694,0.17442185933512475,0.18229033636861422,0.10524537477308685,0.17542976091472315,0.18163022773566653,0.1048642608761601,0.4460487482456474,0.7002583921628655,0.40429437121752493,0.00040001490669601506,6.639355251516202e-20,3.833233541708435e-20,0.4456487333389512,0.7002583921628653,0.4042943712175249,1115.0803152058904,1750.5807419697378,1010.698262614403,1115.0803152058902,1750.5807419697376,1010.6982626144029,5.4108154908019275,2.5676791402498806,1.4824502428158555,0.0,0.0,0.0,51.0,0.0,0.0,0.0,0.0,0.0,0.0,0.0,0.0,-0.0075,0.0,0.0,0.9388633541791181,1.0721717868079392,0.6190186697310858
RCZDT-StepV,GPR-KG-AVB,vepm,axis,fp,3,0.0039000000000000007,0.0,0.0,0.0,0.0,0.0,0.0,0.0,0.0,0.0,0.0,0.0,0.0,0.0,0.0,0.0,0.0,0.0,0.0,0.0,0.0,0.0,0.0,0.0,0.0,0.0,0.0,0.0,0.0,0.0,0.0,0.0,0.0,0.0,0.0,0.0,0.0,0.0,0.0,0.0,0.0,0.0,0.0,0.0,0.0,0.0,0.0,0.0,0.0,0.0,0.0,0.0,0.0,0.0,0.0,0.0,0.0,0.0,0.0,0.0,0.0,0.0,0.0,0.0,0.0,0.0,0.0,0.0,0.0,0.0,0.0,0.0,0.0,0.0,0.0,0.0,0.0,0.0,0.0,0.0,0.0,0.0,0.0,0.0,0.0,0.0,0.0,0.0,0.0,0.0,0.0,0.0,0.0,0.0,0.0,0.0,0.0,0.0,0.0,0.0,0.0,0.0,0.0,0.0,0.0,0.0,0.0,0.0
RCZDT-StepV,GPR-KG-AVB,vepm,axis,high_t1,3,0.0039000000000000007,0.0,0.0,34.0,0.0,0.0,0.0,0.0,0.0,0.0,0.0,0.0,0.0,0.0,0.0,0.0,0.0,0.0,0.0,0.0,0.0,34.0,0.0,0.0,0.0,0.0,0.0,0.0,0.0,0.0,0.0,0.0,0.0,0.0,0.0,0.0,0.0,0.0,0.0,0.010049999999999998,0.0,0.0,0.9443787117611562,1.0910064173224054,0.6298928487287,0.9343287117611562,1.0910064173224054,0.6298928487287,0.9343287117611562,1.0910064173224054,0.6298928487287,0.9350246198697656,1.0903124115428335,0.629492164305045,0.5226895176855256,0.31607215750837375,0.1824843452208054,0.5437012039954308,0.30032905490571193,0.17339506069527869,0.46921039244490914,0.31993426081447107,0.18471413160421882,0.48794403256403046,0.310125434830324,0.17905100328183732,0.1656471828746949,0.19016210027202934,0.10979013978172075,0.1671224948940033,0.18937453646053712,0.10933543960315172,0.4460487482456474,0.7002583921628655,0.40429437121752493,0.00040001490669601517,0.0,0.0,0.4456487333389512,0.7002583921628653,0.4042943712175249,1115.08031520589,1750.5807419697371,1010.6982626144026,1115.0803152058902,1750.5807419697376,1010.6982626144029,5.4108154908019275,2.5676791402498806,1.4824502428158555,0.0,0.0,0.0,0.0,0.0,0.0,0.0,0.0,0.0,0.0,0.0,0.0,0.0,0.0,0.0,0.0,0.0,0.0
RCZDT-StepV,GPR-KG-AVB,vepm,axis,low_t1,3,0.0039000000000000007,0.0,0.0,34.0,0.0,0.0,0.0,0.0,0.0,34.0,0.0,0.0,0.0,0.0,0.0,0.0,0.0,0.0,34.0,0.0,0.0,0.0,0.0,0.0,0.0,0.0,0.0,0.0,0.0,0.0,0.0,0.0,0.0,0.0,0.0,0.0,1.0,0.0,0.0,0.01005,0.0,0.0,0.9329558545778296,1.0737884477042965,0.619952049334786,0.9430058545778296,1.073788447704296,0.6199520493347858,0.9430058545778296,1.073788447704296,0.6199520493347858,0.9433307422697981,1.0734715890147586,0.6197691108850862,0.3509236640853943,0.15251222081646354,0.08805297174309287,0.4118124390529039,0.16710741645631572,0.09647951187463678,0.3212567978327421,0.043151117867265214,0.024913309516498842,0.3866327362486706,0.053144289191955414,0.03068286967086678,0.16917819207895826,0.1835239480193733,0.10595760079172807,0.17007210305817777,0.18293453327580067,0.10561730203086207,0.4460487482456474,0.7002583921628655,0.40429437121752493,0.00040001490669601517,0.0,0.0,0.4456487333389512,0.7002583921628653,0.4042943712175249,1115.08031520589,1750.5807419697371,1010.6982626144026,1115.0803152058902,1750.5807419697376,1010.6982626144029,5.4108154908019275,2.5676791402498806,1.4824502428158555,0.0,0.0,0.0,34.0,0.0,0.0,0.0,0.0,0.0,0.0,0.0,0.0,-0.01005,0.0,0.0,0.9329558545778296,1.0737884477042965,0.619952049334786
RCZDT-StepV,GPR-KG-AVB,vepm,axis,mid_t1,3,0.0039000000000000007,0.0,0.0,33.0,0.0,0.0,0.0,0.0,0.0,17.0,0.0,0.0,0.0,0.0,0.0,0.0,0.0,0.0,17.0,0.0,0.0,16.0,0.0,0.0,0.0,0.0,0.0,0.0,0.0,0.0,0.0,0.0,0.0,0.0,0.0,0.0,1.0,0.0,0.0,0.0024727272727272727,0.0,0.0,0.9520107271810075,1.071121945274003,0.6184125434388613,0.9520107271810075,1.071121945274003,0.6184125434388613,0.9520107271810075,1.071121945274003,0.6184125434388613,0.9520278103945555,1.07110606831692,0.6184033768734155,0.5417499612798546,0.28126444875457746,0.162388105201927,0.6172420992268508,0.28870321972685975,0.16668288162521416,0.47664105136632723,0.1768850189468181,0.1021246133045575,0.550513824807812,0.20100639245299623,0.11605109479157294,0.18444730389625982,0.1806713464174203,0.10431065048894975,0.18448769292246137,0.1806503877980392,0.10429855002440823,0.4460487482456473,0.7002583921628655,0.40429437121752493,0.0004000149066960151,0.0,0.0,0.4456487333389512,0.7002583921628653,0.4042943712175249,1115.0803152058902,1750.5807419697376,1010.6982626144029,1115.0803152058902,1750.5807419697376,1010.6982626144029,5.4108154908019275,2.5676791402498806,1.4824502428158555,0.0,0.0,0.0,17.0,0.0,0.0,0.0,0.0,0.0,0.0,0.0,0.0,-0.0024000000000000007,0.0,0.0,0.9506783533816957,1.0690645365878217,0.6172246979800614
RCZDT-StepV,GPR-KG-AVB,vepm,axis,near_true_boundary,3,0.0039000000000000007,0.0,0.0,27.0,0.0,0.0,0.0,0.0,0.0,14.0,0.0,0.0,0.0,0.0,0.0,0.0,0.0,0.0,14.0,0.0,0.0,13.0,0.0,0.0,0.0,0.0,0.0,0.0,0.0,0.0,0.0,0.0,0.0,0.0,0.0,0.0,1.0,0.0,0.0,0.002022222222222222,0.0,0.0,0.9523656584536649,1.070829337743668,0.6182436064024555,0.9523656584536649,1.070829337743668,0.6182436064024555,0.9523656584536649,1.070829337743668,0.6182436064024555,0.9523756959896176,1.0708200572903561,0.6182382483302377,0.553367942967849,0.26909694015372393,0.15536319083585715,0.6343843463399073,0.2818536333567262,0.16272827109057997,0.4882476295075811,0.16338883625484754,0.09433258859431592,0.568677228413573,0.19445540209345216,0.11226887874403153,0.18490041915494135,0.18055097996249905,0.10424115688379956,0.18492470127739388,0.18053805428398084,0.10423369423982762,0.4460487482456472,0.7002583921628652,0.40429437121752476,0.00040001490669601517,0.0,0.0,0.4456487333389512,0.7002583921628653,0.4042943712175249,1115.08031520589,1750.5807419697371,1010.6982626144026,1115.0803152058902,1750.5807419697376,1010.6982626144029,5.4108154908019275,2.5676791402498806,1.4824502428158555,0.0,0.0,0.0,14.0,0.0,0.0,0.0,0.0,0.0,0.0,0.0,0.0,-0.0019500000000000003,0.0,0.0,0.9512831047417242,1.0691581556591407,0.6172787489760887
RCZDT-StepV,GPR-KG-AVB,vepm,axis,tn,3,0.0039000000000000007,0.0,0.0,50.0,0.0,0.0,0.0,0.0,0.0,0.0,0.0,0.0,0.0,0.0,0.0,0.0,0.0,0.0,0.0,0.0,0.0,50.0,0.0,0.0,0.0,0.0,0.0,0.0,0.0,0.0,0.0,0.0,0.0,0.0,0.0,0.0,0.0,0.0,0.0,0.00765,1.0622968402425924e-18,6.133173666733496e-19,0.9472739637872748,1.085271064908844,0.6265815414688329,0.9396239637872746,1.085271064908844,0.6265815414688329,0.9396239637872746,1.085271064908844,0.6265815414688329,0.94052863388522,1.0843790458904548,0.6260665340484436,0.4474134220374772,0.28418071707772147,0.16407181350332337,0.48131196288059064,0.2732767519505946,0.1577764063019424,0.41066259041967196,0.2303157197781445,0.13297284281251415,0.451888391485094,0.22960014612016644,0.1325597061684555,0.1715061790181884,0.18680207348010794,0.10785022740892057,0.17326792170435337,0.1860105302689257,0.10739322972286929,0.4460487482456474,0.7002583921628655,0.40429437121752493,0.00040001490669601506,6.639355251516202e-20,3.833233541708435e-20,0.4456487333389512,0.7002583921628653,0.4042943712175249,1115.0803152058904,1750.5807419697378,1010.698262614403,1115.0803152058902,1750.5807419697376,1010.6982626144029,5.4108154908019275,2.5676791402498806,1.4824502428158555,0.0,0.0,0.0,0.0,0.0,0.0,0.0,0.0,0.0,0.0,0.0,0.0,0.0,0.0,0.0,0.0,0.0,0.0
RCZDT-StepV,GPR-KG-AVB,vepm,axis,tp,3,0.0039000000000000007,0.0,0.0,0.0,0.0,0.0,0.0,0.0,0.0,0.0,0.0,0.0,0.0,0.0,0.0,0.0,0.0,0.0,0.0,0.0,0.0,0.0,0.0,0.0,0.0,0.0,0.0,0.0,0.0,0.0,0.0,0.0,0.0,0.0,0.0,0.0,0.0,0.0,0.0,0.0,0.0,0.0,0.0,0.0,0.0,0.0,0.0,0.0,0.0,0.0,0.0,0.0,0.0,0.0,0.0,0.0,0.0,0.0,0.0,0.0,0.0,0.0,0.0,0.0,0.0,0.0,0.0,0.0,0.0,0.0,0.0,0.0,0.0,0.0,0.0,0.0,0.0,0.0,0.0,0.0,0.0,0.0,0.0,0.0,0.0,0.0,0.0,0.0,0.0,0.0,0.0,0.0,0.0,0.0,0.0,0.0,0.0,0.0,0.0,0.0,0.0,0.0,0.0,0.0,0.0,0.0,0.0,0.0
RCZDT-StepV,GPR-KG-AVB,vepm,combined,all,3,0.0036000000000000025,0.0002999999999999999,0.0001732050807568877,1180.6666666666667,0.5773502691896258,0.33333333333333337,141.0,136.29380029920657,78.68926229162402,603.0,12.0,6.92820323027551,74.33333333333333,71.0234702991436,41.00541969599195,66.66666666666667,65.39367961304313,37.7550585278906,528.6666666666666,73.10494739300024,42.207161056442125,511.0,64.08587988004847,37.00000000000001,0.5396932285821174,0.05453960392862103,0.031488455009684925,0.12343026725971479,0.11775441999826294,0.06798554608426537,0.1825108225108225,0.14337664951795154,0.08277854719469595,0.11511875481987045,0.11315666358991869,0.06533103018423948,0.8765697327402852,0.11775441999826294,0.06798554608426537,0.007576437807660845,0.00012360737623609794,7.13647519437345e-05,0.9109898952497565,1.0115347191613122,0.5840098424024361,0.899639318517402,1.0166072504989891,0.5869384697357167,0.9110974533491439,1.011654000482425,0.58407870950529,1.1230509815315608,1.2082697935640212,0.6975948905678813,0.5178755316982065,0.017663856762789774,0.010198232456923669,0.6807489919615816,0.02398664056099617,0.013848693384845935,0.5024570209781791,0.02628981795386192,0.015178433472608437,0.6637795161339216,0.013290888183117468,0.007673497870292087,0.10010458008127654,0.08784247635622712,0.05071587737055107,0.12513828830526535,0.11102060015317707,0.0640977733840306,0.8085124688556453,1.2242439885635372,0.7068175963509394,0.0064268787300229835,0.00016009799068510624,9.24326180187643e-05,1.2092237246636082,1.8284905760233037,1.0556795262777483,521.8076098171571,814.3105195206133,470.1423976491701,159.82419896098767,240.75225022418556,138.9983764749417,4.300904542039082,1.8233861516709946,1.0527324855038847,66.66666666666667,65.39367961304313,37.7550585278906,528.6666666666666,73.10494739300024,42.207161056442125,0.008703716196736435,0.0021293339864595353,0.0012293715502770318,-0.06279284058757757,0.0461584111860713,0.0266495711236437,-0.007363784069639501,0.0001713622583631738,9.89360459949206e-05,0.9764788490775795,1.0413547224132607,0.6012264293071841
RCZDT-StepV,GPR-KG-AVB,vepm,combined,far_true_boundary,3,0.0036000000000000025,0.0002999999999999999,0.0001732050807568877,879.3333333333334,8.962886439832502,5.174724898753342,105.33333333333333,92.61389384608192,53.47065654273482,441.3333333333333,18.14754345175493,10.47748909700114,53.666666666666664,47.648014998878324,27.509594285953728,51.666666666666664,45.081407845511364,26.027762955053294,387.6666666666667,58.75655991745376,33.9231156849983,386.3333333333333,32.39341496868358,18.702346852140717,0.5151104886399004,0.04330654443944782,0.025003045089787693,0.12313757324309027,0.11054096417070107,0.06382085542043504,0.18267220997796033,0.1355614029428278,0.07826641248076496,0.11595896799093786,0.09873976598624082,0.05700743047187679,0.8768624267569098,0.1105409641707011,0.06382085542043506,0.00951223578784169,0.00018972081814669993,0.00010953536542787325,0.9146369643768821,1.0262866164191704,0.5925268542553183,0.902135264983649,1.0320155054344675,0.5958344298704575,0.9147728373566052,1.0264631975811251,0.5926288034367067,1.1255078547433242,1.2203401905273716,0.7045637375038972,0.5280814431623683,0.019404014544838706,0.011202913020822042,0.6934094009720807,0.01900187339236848,0.01097073671819113,0.515679940417305,0.03471657251073434,0.020043622484413635,0.6806506247426501,0.0073328419921536115,0.004233618298094879,0.09741728165939863,0.08573324846681929,0.04949811408081919,0.12145146287173088,0.10788304123074717,0.06228630289556738,0.8217302963732259,1.248351528099521,0.7207360907915391,0.006430304259948481,0.0001484602429575174,8.571356123547992e-05,1.2271807653646765,1.8592198007545122,1.0734210524483,528.3516724465939,825.4032320536927,476.5467782161866,167.94100647663944,254.81305138879335,147.1163838123498,4.315888707518657,1.8516312146879865,1.0690397802400229,51.666666666666664,45.081407845511364,26.027762955053294,387.6666666666667,58.75655991745376,33.9231156849983,0.009997956656346748,0.0016028496738133132,0.0009254056906466203,-0.06582704767587876,0.046605796255566906,0.026907869013948406,-0.009377802740957878,0.00018957008386100824,0.00010944833894745304,0.9803254364571142,1.0545961247911753,0.6088713565345213
RCZDT-StepV,GPR-KG-AVB,vepm,combined,fn,3,0.0036000000000000025,0.0002999999999999999,0.0001732050807568877,528.6666666666666,73.10494739300024,42.207161056442125,0.0,0.0,0.0,528.6666666666666,73.10494739300024,42.207161056442125,0.0,0.0,0.0,0.0,0.0,0.0,528.6666666666666,73.10494739300024,42.207161056442125,0.0,0.0,0.0,0.0,0.0,0.0,0.0,0.0,0.0,0.0,0.0,0.0,0.0,0.0,0.0,1.0,0.0,0.0,0.007363784069639501,0.0001713622583631738,9.89360459949206e-05,0.9764788490775795,1.0413547224132607,0.6012264293071841,0.9838426331472192,1.0414612142944148,0.6012879124234349,0.9838426331472192,1.0414612142944148,0.6012879124234349,1.174533413900075,1.2329728816551295,0.7118572251270977,0.5458058965959535,0.22243958229496338,0.12842555271642503,0.6759351110098794,0.2777474973114744,0.16035759233952462,0.5182895844488354,0.23049590272581727,0.1330768714858564,0.6470863251217883,0.2841835747684313,0.16407346339182396,0.10362367483257806,0.08986856214423178,0.05188563854565683,0.1279510629219476,0.11123311441838857,0.06422046855225709,0.8674219105561692,1.3093594375218602,0.7559590237192231,0.005293929168037378,0.0016661674865243686,0.0009619622468598464,1.2753088645801316,1.9369354279704472,1.1182901907416607,542.6353643017618,822.3717678976475,474.79656156965524,252.2861974612392,285.20738583595664,164.66456098725902,4.577011929686809,1.7701926312516056,1.0220211921706066,0.0,0.0,0.0,528.6666666666666,73.10494739300024,42.207161056442125,0.0,0.0,0.0,0.0,0.0,0.0,-0.007363784069639501,0.0001713622583631738,9.89360459949206e-05,0.9764788490775795,1.0413547224132607,0.6012264293071841
RCZDT-StepV,GPR-KG-AVB,vepm,combined,fp,3,0.0036000000000000025,0.0002999999999999999,0.0001732050807568877,66.66666666666667,65.39367961304313,37.7550585278906,66.66666666666667,65.39367961304313,37.7550585278906,0.0,0.0,0.0,0.0,0.0,0.0,66.66666666666667,65.39367961304313,37.7550585278906,0.0,0.0,0.0,0.0,0.0,0.0,0.0,0.0,0.0,0.0,0.0,0.0,0.0,0.0,0.0,1.0,0.0,0.0,0.0,0.0,0.0,0.008703716196736435,0.0021293339864595353,0.0012293715502770318,0.06279284058757757,0.0461584111860713,0.0266495711236437,-0.071496556784314,0.04825646053681441,0.027860880481068356,0.071496556784314,0.04825646053681441,0.027860880481068356,0.08474973855755137,0.05770741921658386,0.03331739401893327,0.325941264700294,0.026438297283211946,0.015264158053377769,0.39566647475470074,0.018598552968332346,0.010737879562804194,0.33557318415804144,0.09489928769847217,0.05479012929861665,0.40081988834100213,0.08748291136171898,0.05050828242418063,0.05878481578419751,0.03678901303667016,0.021240146579942172,0.06958151381935854,0.03876746746362773,0.022382407775925532,0.008367024413073312,0.003444545342787999,0.0019887091808945233,0.011536810597245309,0.001906496267657795,0.0011007161333412448,0.007288780601863419,0.0021275753314160114,0.0012283561903142415,1.3287142338340006,0.533228244314628,0.307859470394562,0.6279360380393081,0.31894983802572013,0.18414577484213707,0.949870609315782,0.5073115106742926,0.29289643725079856,66.66666666666667,65.39367961304313,37.7550585278906,0.0,0.0,0.0,0.008703716196736435,0.0021293339864595353,0.0012293715502770318,-0.06279284058757757,0.0461584111860713,0.0266495711236437,0.0,0.0,0.0,0.0,0.0,0.0
RCZDT-StepV,GPR-KG-AVB,vepm,combined,high_t1,3,0.0036000000000000025,0.0002999999999999999,0.0001732050807568877,391.3333333333333,16.072751268321593,9.279607271383371,47.666666666666664,41.05281151557507,23.70185177950824,0.0,0.0,0.0,0.0,0.0,0.0,47.666666666666664,41.05281151557507,23.70185177950824,0.0,0.0,0.0,343.6666666666667,29.160475533388226,16.83580839889919,0.0,0.0,0.0,0.0,0.0,0.0,0.0,0.0,0.0,0.11952886726890798,0.10062342194644971,0.05809495974756404,0.0,0.0,0.0,0.01016302973565664,9.51816650118644e-05,5.49531599165167e-05,0.9038452631819619,1.0208505576143099,0.5893883442410014,0.8813725661265427,1.0277838317647603,0.5933912719381295,0.8964252104464635,1.0190194442215963,0.5883311504308015,1.1074316110998208,1.2074888910356916,0.6971440362829393,0.5193812358686959,0.20942980958402274,0.12091435693966761,0.6495739981986115,0.26531095582487046,0.15317735176444588,0.5149514159971081,0.1985889371387781,0.11465537631515521,0.641425619546732,0.25738825611621,0.1486031789549422,0.09455229674027088,0.08323054787933652,0.04805317922293498,0.11896670883323296,0.10710622648206428,0.061837808691304834,0.7985921386912188,1.2083225370291408,0.697625342021666,0.006627588719154992,3.141692864809086e-05,1.8138572212086523e-05,1.1784392943470121,1.7653414435915518,1.019220357669185,530.4567517050226,831.891417232597,480.2927336757792,164.59644090638662,257.713876213711,148.79117580588795,4.283175690341287,1.8710465586099296,1.0802492342797658,47.666666666666664,41.05281151557507,23.70185177950824,0.0,0.0,0.0,0.01047494243623276,0.0013628760863804246,0.0007868568753438418,-0.06499387420974988,0.048039748884709306,0.027735761950388942,0.0,0.0,0.0,0.0,0.0,0.0
RCZDT-StepV,GPR-KG-AVB,vepm,combined,low_t1,3,0.0036000000000000025,0.0002999999999999999,0.0001732050807568877,396.0,16.09347693943108,9.29157324317757,49.0,41.58124577258358,24.00694344004112,396.0,16.09347693943108,9.29157324317757,49.0,41.58124577258358,24.00694344004112,0.0,0.0,0.0,347.0,57.41950887982237,33.15116890850155,0.0,0.0,0.0,1.0,0.0,0.0,0.1266959397087727,0.11183252064349092,0.06456653589767386,0.21368572868654848,0.16954212510476477,0.09788519156821715,0.0,0.0,0.0,0.8733040602912273,0.11183252064349093,0.06456653589767387,0.010069501964495743,9.793295614967807e-05,5.654161859555245e-05,0.9197676710440872,1.0354149516909568,0.5977971010817372,0.9159498325092459,1.040006727717426,0.6004481642066778,0.9273220732065687,1.0369753767281553,0.5986980128970141,1.1360048598494583,1.2331645397196183,0.7119678789622226,0.5518922901900437,0.23065308344122956,0.1331676198142111,0.6835785644913831,0.29527009623162975,0.17047426954297815,0.5329019377384462,0.23511566120328659,0.13574409028641438,0.6677899865703759,0.2976033338205136,0.17182136489300362,0.09898344296558594,0.08709970701147188,0.05028703928941083,0.12321205939462221,0.10888144497842256,0.0628627315680477,0.8384865103261463,1.281671392612832,0.7399733235376611,0.006166421650144483,0.0002701989192445029,0.0001559994187605597,1.2689888059076904,1.9445162698022338,1.1226669918139267,524.75544231933,818.5228123866609,472.57436606928826,207.89414758508636,313.7691903879531,181.15472653389565,4.340031768490237,1.8522937421587244,1.0694222906535988,0.0,0.0,0.0,347.0,57.41950887982237,33.15116890850155,0.0,0.0,0.0,0.0,0.0,0.0,-0.009977054400640525,4.015687326315108e-05,2.3184581588293963e-05,0.9811491033608091,1.055704021027234,0.6095110007246439
RCZDT-StepV,GPR-KG-AVB,vepm,combined,mid_t1,3,0.0036000000000000025,0.0002999999999999999,0.0001732050807568877,393.3333333333333,8.144527815247077,4.702245326555294,44.333333333333336,55.19359866264686,31.86603904542334,207.0,15.716233645501712,9.073771725877467,25.333333333333332,30.088757590391356,17.371752294393847,19.0,25.11971337416094,14.502873278538063,181.66666666666666,15.695009822658072,9.06151814604546,167.33333333333334,34.93326972004386,20.168732676541126,0.6074074074074073,0.05592469952052404,0.032288140322523494,0.11598827786727817,0.13182753510426024,0.0761106628790495,0.17062776151279432,0.1660362115853931,0.09586105145405238,0.10704495280465766,0.1448560159680731,0.08363265981290374,0.8840117221327217,0.13182753510426024,0.0761106628790495,0.002493862524502377,0.00011542470087474546,6.664048212116633e-05,0.9096295368899469,0.9777131069180286,0.5644829254693492,0.9019093412002842,0.9809590886122017,0.5663569938742646,0.9096212733183143,0.9777101584188623,0.5644812231525619,1.124598501769252,1.1827525835227377,0.682862522481578,0.49287041953720045,0.034952401097914976,0.020179778182704982,0.6433183868462039,0.04710175022651629,0.027194208172581696,0.4699678039909187,0.03251677054155207,0.018773566225342382,0.6143892070032609,0.04706485539761683,0.02717290693318489,0.10670034122350865,0.0930824916058718,0.053741201585491165,0.13254977128039322,0.11703757975377395,0.06757167817614369,0.7868965982850717,1.1797084212049396,0.6811049745479403,0.006479630134014514,0.000396599365760725,0.00022897675058238944,1.1725003892478612,1.7629179257548813,1.0178211389937974,510.7451301708861,793.3397444824403,458.0349150357659,159.32740307327376,239.88635254029563,138.49845021405716,4.280329147102257,1.7456787903791933,1.0078681195440475,19.0,25.11971337416094,14.502873278538063,181.66666666666666,15.695009822658072,9.06151814604546,0.0026408333333333336,0.0001965377402264825,0.00011347111722568043,-0.048279684282548085,0.026801359698520853,0.015473772236589002,-0.0024095583697167806,6.664169784132555e-05,3.847560218794301e-05,0.9667551811735599,1.0124582300331342,0.5845430316528821
RCZDT-StepV,GPR-KG-AVB,vepm,combined,near_true_boundary,3,0.0036000000000000025,0.0002999999999999999,0.0001732050807568877,301.3333333333333,8.386497083606084,4.841946348777984,35.666666666666664,44.467216388406115,25.67315935195961,161.66666666666666,8.082903768654761,4.666666666666667,20.666666666666668,23.692474191889147,13.678856352455462,15.0,20.784609690826528,12.000000000000002,141.0,18.33030277982336,10.583005244258363,124.66666666666667,31.817186131607134,18.36966097793981,0.6485545106234761,0.08916481622458625,0.05147933064950838,0.12437368876310663,0.1384773532529179,0.07994993717723906,0.1807761391567404,0.16877589051820951,0.09744280582340707,0.11606340592561065,0.16543119061081799,0.09551174243151606,0.8756263112368933,0.13847735325291788,0.07994993717723904,0.0019283386243595243,0.0001786636031836858,0.00010315147939248948,0.8993872704742271,0.9685570968144193,0.5591967005713274,0.8912224195327253,0.9720947390194554,0.5612391592507017,0.8994107223278639,0.968505638194484,0.5591669909232556,1.1143498841627915,1.1730276307749317,0.6772478183947758,0.4885757033252032,0.024885980551306214,0.014367927570344436,0.6425379514671944,0.038267020785430095,0.02209347475155307,0.46463577508402903,0.022180032926769313,0.012805647980905027,0.6120249608928673,0.037482891659487545,0.021640757589610714,0.10787237747750528,0.09438970445312561,0.054495921274741295,0.13506365678228807,0.12033395880991464,0.06947484351155755,0.7690632591275478,1.1525970715778597,0.6654522295426517,0.006424763225954256,0.00044193348989665535,0.00025515041935574473,1.1539896055902983,1.7339423433968126,1.0010920787194404,502.31324443284683,781.3087575854961,451.08882151219825,158.15826498167533,241.45546865635527,139.40437982605397,4.254619343092835,1.739487678160017,1.004293679237723,15.0,20.784609690826528,12.000000000000002,141.0,18.33030277982336,10.583005244258363,0.0020051282051282036,0.000532123875183617,0.00030722186257948813,-0.04162510985721549,0.03708050401643577,0.02140843897557619,-0.0018418880658107543,0.00023560836015138349,0.00013602855015672755,0.9634271084678027,1.001972441621856,0.5784890588909652
RCZDT-StepV,GPR-KG-AVB,vepm,combined,tn,3,0.0036000000000000025,0.0002999999999999999,0.0001732050807568877,511.0,64.08587988004847,37.00000000000001,0.0,0.0,0.0,0.0,0.0,0.0,0.0,0.0,0.0,0.0,0.0,0.0,0.0,0.0,0.0,511.0,64.08587988004847,37.00000000000001,0.0,0.0,0.0,0.0,0.0,0.0,0.0,0.0,0.0,0.0,0.0,0.0,0.0,0.0,0.0,0.0077008973759374625,0.00029628853684434287,0.00017106226650488173,0.9578675088336629,1.0159726617190281,0.5865720897327815,0.9501666114577253,1.0161432793838032,0.586670595887468,0.9504097785694565,1.0159909491929369,0.5865826480107655,1.1461195303647396,1.1988109743900477,0.6921338387715716,0.5089448321127654,0.19620474923460507,0.11327886478688226,0.6367813966202429,0.24563631881712844,0.14181819479181784,0.5018382266703442,0.19383396092531704,0.11191008951832321,0.6237177362381867,0.2426060791455352,0.1400686851017144,0.10159835174076988,0.08789367239258877,0.05074543541592591,0.12703505696251327,0.1127492688686884,0.06509582073227074,0.8219444509136412,1.2236400647962242,0.7064689208013112,0.005755130553304604,0.0011613221734666035,0.0006704896694668249,1.193265237261153,1.7765526147874082,1.0256931303770438,559.6461682729356,858.4847105335585,495.646378721728,343.5975336369582,449.98964885992075,259.80164490182045,4.521610480514976,1.7915336669034692,1.0343424448489953,0.0,0.0,0.0,0.0,0.0,0.0,0.0,0.0,0.0,0.0,0.0,0.0,0.0,0.0,0.0,0.0,0.0,0.0
RCZDT-StepV,GPR-KG-AVB,vepm,combined,tp,3,0.0036000000000000025,0.0002999999999999999,0.0001732050807568877,74.33333333333333,71.0234702991436,41.00541969599195,74.33333333333333,71.0234702991436,41.00541969599195,74.33333333333333,71.0234702991436,41.00541969599195,74.33333333333333,71.0234702991436,41.00541969599195,0.0,0.0,0.0,0.0,0.0,0.0,0.0,0.0,0.0,1.0,0.0,0.0,1.0,0.0,0.0,1.0,0.0,0.0,0.0,0.0,0.0,0.0,0.0,0.0,0.008382635327635328,0.001851112134366942,0.0010687400890769367,0.07200679266753017,0.035232150385457774,0.020341291509173423,-0.06362415733989484,0.03425243433151763,0.019775652181701686,0.06458565544229361,0.03415527417939663,0.01971955674172012,0.08425864399969314,0.045443152463252603,0.026236616307484098,0.5403727996820135,0.18448121197093884,0.10651027739184996,0.681760055399538,0.25798073518434267,0.1489452469044178,0.5525516925896573,0.24302802481754454,0.1403122955490324,0.6970715568103286,0.3178618628224558,0.18351763206566077,0.0635311231812938,0.04379023762347206,0.025282305479789276,0.07724037373620667,0.05480027633137285,0.03163895429158399,0.007646721949396375,0.002815727244155065,0.00162566088237749,0.010272440646621148,0.0026880933647029,0.0015519714277180663,0.007106262076070993,0.0022151155644703864,0.0012788975674331074,2.8765200818656425,1.8864074220159441,1.0891178329022133,0.8138818587304417,0.5690867111478563,0.3285623658734536,1.2562607324270834,0.64413231437245,0.37188996509667066,0.0,0.0,0.0,0.0,0.0,0.0,0.0,0.0,0.0,0.0,0.0,0.0,0.0,0.0,0.0,0.0,0.0,0.0
RCZDT-StepV,GPR-KG-AVB,vepm,random,all,3,0.003674999999999992,0.00032691742076554553,0.00018874586088176587,1000.0,0.0,0.0,95.0,130.14991356124673,75.14208762959233,512.0,10.583005244258363,6.110100926607787,51.0,71.12664760833313,41.06498914322679,44.0,59.02541825349483,34.07834111768549,461.0,65.19969325081216,37.64306044943743,444.0,65.93936608733814,38.07011076071796,0.5142857142857142,0.024743582965269652,0.014285714285714273,0.09846571258199166,0.13647457266118415,0.07879363126347382,0.14115666468607643,0.1795230568056677,0.10364768517249674,0.0912433425160698,0.12330060788858078,0.07118763915571662,0.9015342874180083,0.13647457266118415,0.07879363126347382,0.007484499999999999,9.47431791740178e-05,5.4700000000000123e-05,0.9669891468081856,1.0794108398016207,0.6231981389256658,0.9619682781633973,1.0841035142931252,0.6259074558065552,0.9671074311568365,1.079553350764923,0.6232804176686909,1.1722133857998935,1.2659453748488438,0.7308939029483418,0.5308317652503424,0.03127271559541494,0.018055310767303424,0.6974113945731611,0.051836390899788004,0.029927754239811272,0.5173005097728138,0.015009674082804337,0.008665839372155634,0.6821748799061922,0.03276184968331994,0.01891506273381482,0.09416923668371047,0.08107607566481044,0.04680929410991678,0.11980268526064335,0.10511598357402215,0.06068874141259397,0.8985141293630393,1.3592039519696069,0.7847367675532557,0.006891220729648713,0.00011200529912318858,6.466628959943748e-05,1.270605059604055,1.9251153210743466,1.1114658488433469,500.9177508884575,781.4667137243142,451.18001753146507,158.155339477218,241.4580057810614,139.405844635686,4.303732958158676,1.8336052789972643,1.0586325014165894,44.0,59.02541825349483,34.07834111768549,461.0,65.19969325081216,37.64306044943743,0.009095238095238095,0.0023325593954567026,0.0013467037948677182,-0.027699818679218086,0.004114723281702267,0.0023756365943316243,-0.0073355583140520065,0.00019129974891415782,0.00011044696153149685,1.0136427537858284,1.0872772952557224,0.6277398390996596
RCZDT-StepV,GPR-KG-AVB,vepm,random,far_true_boundary,3,0.003674999999999992,0.00032691742076554553,0.00018874586088176587,748.0,1.7320508075688772,1.0,70.33333333333333,91.08969938106796,52.59066245806168,377.3333333333333,11.150485789118488,6.437735971942656,36.333333333333336,47.60602202803059,27.485349632930713,34.0,43.485629810317796,25.106440076867397,341.0,53.39475629684998,30.8274769213008,336.6666666666667,38.37099599089569,22.15350486441768,0.49432098765432103,0.0432007044939085,0.024941938368739546,0.09738820602614495,0.12769412599016888,0.073724238014358,0.14095799478050727,0.16747475866559108,0.09669159699804662,0.09040293590665464,0.11512146377440925,0.06646540809965894,0.902611793973855,0.12769412599016894,0.07372423801435803,0.009366585809906292,0.00011429395554143397,6.598764599859402e-05,0.9694076369186876,1.0979753355179496,0.6339163555248579,0.9643648268209276,1.102581082320718,0.6365754846812556,0.9695667192125813,1.0981764162981977,0.6340324495674631,1.1722212428366328,1.2792501556614326,0.7385754217319989,0.5461413740120066,0.024797542284534447,0.014316867713217092,0.7167520913203073,0.046422375683266674,0.026801971097155954,0.5350146189553515,0.015983381064294633,0.009228009360030874,0.7040764023243994,0.026011631785976593,0.015017822613695013,0.0913701541898514,0.07795071641795896,0.04500486710743279,0.11579427087903432,0.1005604375215195,0.05805859567287583,0.9116585126540361,1.3864147647360638,0.8004469376288382,0.006841851334689481,0.00011001000210529699,6.351430432904451e-05,1.2797155119668173,1.9452117822057515,1.1230685460873224,509.4481615122755,796.3551412324359,459.77585516108934,158.15402575058351,241.45914512786104,139.4065024378675,4.31826843189267,1.8709752857740345,1.0802080848887758,34.0,43.485629810317796,25.106440076867397,341.0,53.39475629684998,30.8274769213008,0.010267252747252749,0.001930827871294227,0.0011147639912505542,-0.030478404952234823,0.007117631172945767,0.004109366273692711,-0.00929417253456431,0.0001540620842005913,8.894778578512618e-05,1.0100570587827986,1.0936464598070421,0.631417077967877
RCZDT-StepV,GPR-KG-AVB,vepm,random,fn,3,0.003674999999999992,0.00032691742076554553,0.00018874586088176587,461.0,65.19969325081216,37.64306044943743,0.0,0.0,0.0,461.0,65.19969325081216,37.64306044943743,0.0,0.0,0.0,0.0,0.0,0.0,461.0,65.19969325081216,37.64306044943743,0.0,0.0,0.0,0.0,0.0,0.0,0.0,0.0,0.0,0.0,0.0,0.0,0.0,0.0,0.0,1.0,0.0,0.0,0.0073355583140520065,0.00019129974891415782,0.00011044696153149685,1.0136427537858284,1.0872772952557224,0.6277398390996596,1.0209783120998805,1.0873909584558274,0.6278054625788372,1.0209783120998805,1.0873909584558274,0.6278054625788372,1.2096339858073664,1.2730033874205597,0.7349688484065656,0.5543637006548041,0.23126142394609903,0.13351884536845646,0.6859208137974505,0.2868779005721972,0.16562903311991276,0.5306740930771497,0.2464748113648202,0.14230229868994118,0.6599348046150414,0.30087340672260215,0.17370934236329413,0.0968412257060106,0.08130108453433985,0.046939203041309635,0.121680929676431,0.10368085649831564,0.0598601704091135,0.9359487882103698,1.4116326937685528,0.8150065157441506,0.005837060635243797,0.0017441671955967595,0.0010069953998895038,1.3015251095174138,1.969696143280776,1.1372045985449237,509.53692333657847,770.8896773722986,445.0733627464004,197.45841585331735,215.69032736420746,124.52886856532369,4.540655127888983,1.748346242156157,1.009408173545528,0.0,0.0,0.0,461.0,65.19969325081216,37.64306044943743,0.0,0.0,0.0,0.0,0.0,0.0,-0.0073355583140520065,0.00019129974891415782,0.00011044696153149685,1.0136427537858284,1.0872772952557224,0.6277398390996596
RCZDT-StepV,GPR-KG-AVB,vepm,random,fp,3,0.003674999999999992,0.00032691742076554553,0.00018874586088176587,44.0,59.02541825349483,34.07834111768549,44.0,59.02541825349483,34.07834111768549,0.0,0.0,0.0,0.0,0.0,0.0,44.0,59.02541825349483,34.07834111768549,0.0,0.0,0.0,0.0,0.0,0.0,0.0,0.0,0.0,0.0,0.0,0.0,0.0,0.0,0.0,1.0,0.0,0.0,0.0,0.0,0.0,0.009095238095238095,0.0023325593954567026,0.0013467037948677182,0.027699818679218086,0.004114723281702267,0.0023756365943316243,-0.03679505677445618,0.005396028686598908,0.0031153986147628224,0.03679505677445618,0.005396028686598908,0.0031153986147628224,0.0425307427687357,0.00649124540740767,0.00374772228334274,0.3892520197790001,0.12232942130638073,0.07062692432105007,0.4439423532311942,0.11412029654906239,0.06588738393260109,0.40110989002158776,0.1278480657725097,0.07381311518913146,0.4555041585315749,0.12616052074076717,0.07283881061078529,0.07144836404217812,0.04987775611295616,0.028796935918389742,0.07564047514594645,0.050646801182917395,0.029240944296550817,0.012535063465723561,0.006873000841972648,0.003968128886253433,0.009447432237853453,0.005899010300459723,0.0034057951849227963,0.006353227088743273,0.0028952223680153892,0.0016715574135375108,2.3678349485599566,1.9047639615763114,1.0997159859587815,1.6550778297199402,0.9128275778207523,0.5270212477785254,0.8287609480357663,0.521888579871964,0.30131251207606996,44.0,59.02541825349483,34.07834111768549,0.0,0.0,0.0,0.009095238095238095,0.0023325593954567026,0.0013467037948677182,-0.027699818679218086,0.004114723281702267,0.0023756365943316243,0.0,0.0,0.0,0.0,0.0,0.0
RCZDT-StepV,GPR-KG-AVB,vepm,random,high_t1,3,0.003674999999999992,0.00032691742076554553,0.00018874586088176587,327.0,10.44030650891055,6.027713773341709,31.0,39.230090491866065,22.649503305812253,0.0,0.0,0.0,0.0,0.0,0.0,31.0,39.230090491866065,22.649503305812253,0.0,0.0,0.0,296.0,33.15116890850155,19.139836293274126,0.0,0.0,0.0,0.0,0.0,0.0,0.0,0.0,0.0,0.09313331646135918,0.11715317607256155,0.06763841774191304,0.0,0.0,0.0,0.010055734005311236,8.932562140988828e-05,5.15721715665296e-05,0.9573937798943836,1.086295543511768,0.6271730244660102,0.9427448179786758,1.089781239828201,0.629185492172616,0.9494039835902174,1.0844704288108453,0.6261192940021305,1.156127122015433,1.2695181400068536,0.73295663987407,0.5334907232219436,0.2611418293721319,0.15077030548467166,0.660108918229288,0.3112996738811034,0.17972895051389778,0.5325601189789271,0.24963602094490545,0.14412742389196823,0.6551353781774291,0.2980051626956755,0.1720533609022465,0.08807898845240479,0.07572747451325391,0.04372127779527767,0.1127640772818108,0.09990727121838602,0.05768148993193612,0.8923856955956566,1.3510272383893094,0.7800159397665846,0.007095125212104338,0.00024864977577868357,0.00014355801497976305,1.262426200996301,1.9138869894785782,1.1049831685739797,504.56974503716475,790.6878984677011,456.50387102530675,152.30207929994276,246.67617576987914,142.41855648340717,4.277012207192931,1.8724850456392292,1.0810797451533578,31.0,39.230090491866065,22.649503305812253,0.0,0.0,0.0,0.010858906882591094,0.0015319753666388574,0.00088448639032082,-0.030645845551723134,0.007929080082692766,0.004577856520168768,0.0,0.0,0.0,0.0,0.0,0.0
RCZDT-StepV,GPR-KG-AVB,vepm,random,low_t1,3,0.003674999999999992,0.00032691742076554553,0.00018874586088176587,335.3333333333333,12.503332889007368,7.218802609235905,32.0,41.0731055558257,23.713568549109883,335.3333333333333,12.503332889007368,7.218802609235905,32.0,41.0731055558257,23.713568549109883,0.0,0.0,0.0,303.3333333333333,52.766782480395115,30.46491606932655,0.0,0.0,0.0,1.0,0.0,0.0,0.09833125925831503,0.12773815795953297,0.0737496598837233,0.16345268977523178,0.20131438491299536,0.11622891432126181,0.0,0.0,0.0,0.9016687407416851,0.12773815795953303,0.07374965988372334,0.009988857506000476,0.0001256410515851381,7.253889495394715e-05,0.9760539715569697,1.1034441341802599,0.6370737679046866,0.9803588218242139,1.1086871499572752,0.6401008244749119,0.9841552988985796,1.105058648384669,0.6380059081152126,1.1820800105979266,1.2821572706720685,0.7402538453659546,0.5731933320894776,0.2501962113916339,0.14445084999718436,0.7040645241950126,0.315431960505615,0.18211472730892825,0.553567669326238,0.2631096569126729,0.15190643124492179,0.6834287438636796,0.3248686363961241,0.18756299467456894,0.09385373906255785,0.08023810271619526,0.04632549020246018,0.11858258442104969,0.10299004155728807,0.059461328216951014,0.9206995997076076,1.4019709670891698,0.8094283152449722,0.006599889611608168,0.0002137772114035317,0.00012342433055043657,1.2856562523407697,1.95630245187937,1.129471747208879,506.5302416886566,790.3902567651936,456.332027508242,159.8218617742491,240.7543073899944,138.99956418017518,4.348508878821879,1.86515458062561,1.0768474992044597,0.0,0.0,0.0,303.3333333333333,52.766782480395115,30.46491606932655,0.0,0.0,0.0,0.0,0.0,0.0,-0.009922849590219445,6.288374158971966e-05,3.630594513447551e-05,1.0100663488017767,1.0886738311540545,0.6285461294764946
RCZDT-StepV,GPR-KG-AVB,vepm,random,mid_t1,3,0.003674999999999992,0.00032691742076554553,0.00018874586088176587,337.6666666666667,5.033222956847167,2.905932629027116,32.0,50.269274910227224,29.02297940138699,176.66666666666666,17.672954855748753,10.203485243342646,19.0,30.347981810987037,17.52141546793523,13.0,19.924858845171276,11.503622617824933,157.66666666666666,12.701705922171765,7.333333333333333,148.0,32.90896534380867,19.0,0.39999999999999997,0.34641016151377546,0.2,0.09732293932801546,0.15336366002668914,0.08854455040031523,0.1369962337113049,0.2079730932082272,0.12007332134796912,0.0881206809815872,0.1372572734316622,0.07924552376400423,0.9026770606719845,0.15336366002668916,0.08854455040031524,0.0025092636476394723,0.00013717580966808698,7.91984906381749e-05,0.967206331449416,1.0481069214538286,0.6051248132408779,0.9622162013370158,1.0528239300010462,0.6078481793953838,0.9671585506919862,1.048133962210484,0.605140425229012,1.1771258730180925,1.2457894186815548,0.7192568562293831,0.49688209579321585,0.054831004773955645,0.03165669536618095,0.6465387822067045,0.07071847639910979,0.040829331385706234,0.47737331687244383,0.039539989466961634,0.02282842356250527,0.623687570691545,0.05940073814782679,0.03429503215971027,0.1003492819695836,0.08703361183423829,0.050248879221042875,0.12715265116718813,0.11214883856719532,0.06474916213607411,0.8813783244287913,1.322668715653907,0.7636431390314798,0.0069751301197127505,0.00027710329125371267,0.0001599856597986623,1.2624275755321637,1.9031213799977706,1.0987676410422451,491.786933770134,763.570323651167,440.84753190521093,156.4612296517955,241.30865151385174,139.31961490930792,4.284931110613219,1.7622189323606618,1.0174175749694832,13.0,19.924858845171276,11.503622617824933,157.66666666666666,12.701705922171765,7.333333333333333,0.0026888888888888887,0.000900205737801298,0.0005197340250456251,-0.0147076155570841,0.010677800652499712,0.006164831081073871,-0.0024044755244755247,6.28144882528792e-05,3.62659617018084e-05,1.0205606998585264,1.084845324879109,0.6263357403480606
RCZDT-StepV,GPR-KG-AVB,vepm,random,near_true_boundary,3,0.003674999999999992,0.00032691742076554553,0.00018874586088176587,252.0,1.7320508075688772,1.0,24.666666666666668,39.272551907577046,22.67401841560316,134.66666666666666,10.969655114602888,6.333333333333333,14.666666666666666,23.692474191889147,13.678856352455462,10.0,15.588457268119896,9.0,120.0,13.45362404707371,7.76745346515403,107.33333333333333,28.112867753634337,16.230971765253134,0.4222222222222222,0.36717136981907345,0.2119864892037657,0.10052910052910052,0.16057133233326473,0.09270590194674726,0.1393681753771776,0.2150987312229053,0.12418731037389134,0.09597179908456055,0.15231045102316979,0.0879364798986204,0.8994708994708995,0.1605713323332647,0.09270590194674724,0.0018985691699604738,0.00012853223374799643,7.420811975394964e-05,0.9598319477963239,1.0254739891984426,0.5920576837106802,0.9548690586662499,1.0305057481078186,0.5949627710715057,0.9598294007607505,1.0254474105931006,0.5920423385457314,1.1709778034710818,1.2275495953733886,0.7087260893324421,0.4854531139824017,0.05173722228263708,0.029870499212004024,0.6362503558261942,0.0701744328005472,0.040515227667625234,0.4648076131342804,0.03570874608621281,0.02061645416529896,0.6121562655501004,0.05603666845534609,0.032352785617183875,0.10242506620898441,0.0903926498657891,0.05218822073277693,0.1307424496537646,0.11783853003730314,0.06803410703794678,0.8597024203063582,1.2789430852433625,0.7383981345434659,0.007036825561007462,0.00021232422780830218,0.0001225854500806027,1.2429035671623792,1.864928312324123,1.0767168631396868,475.7276798657992,737.510927829488,425.8021327126456,156.4618506881231,241.30811914520754,139.31930754612787,4.259413803377741,1.7222600436838869,0.9943472998354288,10.0,15.588457268119896,9.0,120.0,13.45362404707371,7.76745346515403,0.0023285714285714277,0.0006126223326397625,0.00035369766866114337,-0.008738645512434388,0.012281069009223215,0.007090478498411394,-0.0017969421676575087,0.0001768785176287992,0.00010212085976684919,1.0227628854329758,1.069189162137187,0.6172966505745353
RCZDT-StepV,GPR-KG-AVB,vepm,random,tn,3,0.003674999999999992,0.00032691742076554553,0.00018874586088176587,444.0,65.93936608733814,38.07011076071796,0.0,0.0,0.0,0.0,0.0,0.0,0.0,0.0,0.0,0.0,0.0,0.0,0.0,0.0,0.0,444.0,65.93936608733814,38.07011076071796,0.0,0.0,0.0,0.0,0.0,0.0,0.0,0.0,0.0,0.0,0.0,0.0,0.0,0.0,0.0,0.007611953873455854,0.0003038401544252933,0.00017542219494806054,0.9872683751121617,1.0523000658320507,0.6075457262763955,0.9796564212387061,1.0525005710650353,0.607661488026633,0.9798459155684842,1.0523178519349643,0.6075559950877004,1.1785800185338096,1.2422679309771387,0.7172237243552905,0.5215109745241074,0.2336958185762745,0.13492434376350204,0.6469510922640614,0.2793558304237843,0.16128616389486333,0.5165388582627677,0.2269122510719051,0.13100784923878836,0.6364736703110684,0.2700083670567826,0.15588940340368473,0.09520942870021319,0.07844248743015621,0.04528879123370452,0.12142570301741303,0.10472825634940153,0.06046488699508711,0.8902350170250927,1.3286795634031905,0.7671135035975865,0.006403508838027563,0.0011236491458669416,0.0006487391368409718,1.2599394039855223,1.894720650710386,1.0939174777267844,521.2182091092471,798.8148712140384,461.19598092810133,185.60631913384384,221.58077607401776,127.92972071358035,4.4603927723267995,1.7631485523864692,1.017954291341627,0.0,0.0,0.0,0.0,0.0,0.0,0.0,0.0,0.0,0.0,0.0,0.0,0.0,0.0,0.0,0.0,0.0,0.0
RCZDT-StepV,GPR-KG-AVB,vepm,random,tp,3,0.003674999999999992,0.00032691742076554553,0.00018874586088176587,51.0,71.12664760833313,41.06498914322679,51.0,71.12664760833313,41.06498914322679,51.0,71.12664760833313,41.06498914322679,51.0,71.12664760833313,41.06498914322679,0.0,0.0,0.0,0.0,0.0,0.0,0.0,0.0,0.0,1.0,0.0,0.0,1.0,0.0,0.0,1.0,0.0,0.0,0.0,0.0,0.0,0.0,0.0,0.0,0.00887644110275689,0.0038145057348947862,0.002202305912866876,0.025281935897148996,0.004029822344376196,0.0023266190153119655,-0.016405494794392104,0.0061691784083288525,0.0035617768147274903,0.018199244474216687,0.005701520948733564,0.0032917746545416135,0.023291020584880195,0.005676223152745862,0.00327716896521821,0.4965691758116213,0.18575931060745451,0.10724818798369318,0.6179988450200463,0.26889971354724773,0.15524932200151675,0.4886454072736776,0.21400332918430995,0.12355487971203745,0.6085330935483956,0.29380010570753967,0.16962557011818855,0.060924960352898815,0.038672934476080834,0.022327829130118028,0.06564302571215049,0.039663099360681735,0.022899501092784474,0.012575095866781738,0.006849678470392729,0.003954663708743626,0.009098426985978104,0.006520118577691538,0.0037643922159784895,0.006609144148119632,0.0026940325528899372,0.00155540041961662,3.539715593416659,3.829048162778025,2.210701987519935,3.006635792169566,3.3100543590955933,1.911060775256135,1.0132906170099312,0.8263504553388653,0.47709365783486374,0.0,0.0,0.0,0.0,0.0,0.0,0.0,0.0,0.0,0.0,0.0,0.0,0.0,0.0,0.0,0.0,0.0,0.0
RCZDT-StepV,GPR-KG-AVB-lite,vepm,axis,all,3,0.0039000000000000007,0.0,0.0,101.0,0.0,0.0,0.0,0.0,0.0,51.0,0.0,0.0,0.0,0.0,0.0,0.0,0.0,0.0,51.0,0.0,0.0,50.0,0.0,0.0,0.0,0.0,0.0,0.0,0.0,0.0,0.0,0.0,0.0,0.0,0.0,0.0,1.0,0.0,0.0,0.007574257425742577,1.0622968402425924e-18,6.133173666733496e-19,0.9060800231110925,0.9324048763478637,0.5383242063531589,0.9060800231110927,0.9324048763478638,0.5383242063531589,0.9060800231110927,0.9324048763478638,0.5383242063531589,0.9063012647209572,0.9324355358022267,0.5383419075973885,0.49077992691377287,0.12370989928316779,0.07142394365255843,0.5743501083590298,0.13581080707632104,0.07841040602437428,0.6576692436324836,0.14673400855544594,0.08471691933875956,0.7289157423565626,0.13368900903271572,0.07718538535273273,0.10369756048287675,0.07484292928260688,0.043210585368253215,0.1056893492448067,0.07506343013270819,0.043337891593415744,0.455924744871852,0.6642717857716051,0.3835174943303096,0.0004000149066960149,0.0,0.0,0.4555247299651559,0.6642717857716048,0.3835174943303095,1139.7693866901939,1660.617578625409,958.7580060404044,1139.7693866901932,1660.6175786254078,958.7580060404038,5.532424481149158,2.6796133666441184,1.5470754985561013,0.0,0.0,0.0,51.0,0.0,0.0,0.0,0.0,0.0,0.0,0.0,0.0,-0.0075,0.0,0.0,0.9053383236759823,0.9343146242340992,0.5394267998093613
RCZDT-StepV,GPR-KG-AVB-lite,vepm,axis,far_true_boundary,3,0.0039000000000000007,0.0,0.0,74.0,0.0,0.0,0.0,0.0,0.0,37.0,0.0,0.0,0.0,0.0,0.0,0.0,0.0,0.0,37.0,0.0,0.0,37.0,0.0,0.0,0.0,0.0,0.0,0.0,0.0,0.0,0.0,0.0,0.0,0.0,0.0,0.0,1.0,0.0,0.0,0.009600000000000003,0.0,0.0,0.9092169919910592,0.9402297445876635,0.5428418961377807,0.9092169919910593,0.9402297445876637,0.5428418961377808,0.9092169919910593,0.9402297445876637,0.5428418961377808,0.9094287415608163,0.9402452242838919,0.5428508333445651,0.4800047977350214,0.13213743720066662,0.07628958493783215,0.5491197488202787,0.16194599901167844,0.09349956612357542,0.6578934669264483,0.13512073043966086,0.07801199009243706,0.7175529244637837,0.1284865177656649,0.07418172561924426,0.1059472194715982,0.08161252127441056,0.047119011127025,0.10803087275475443,0.08123161180164279,0.04689909294038565,0.455924744871852,0.6642717857716051,0.3835174943303096,0.00040001490669601495,0.0,0.0,0.455524729965156,0.6642717857716051,0.3835174943303096,1139.7693866901932,1660.6175786254078,958.7580060404038,1139.7693866901932,1660.6175786254078,958.7580060404038,5.532424481149158,2.6796133666441184,1.5470754985561013,0.0,0.0,0.0,37.0,0.0,0.0,0.0,0.0,0.0,0.0,0.0,0.0,-0.009600000000000001,0.0,0.0,0.9083838007467092,0.9429722128018863,0.5444252608995062
RCZDT-StepV,GPR-KG-AVB-lite,vepm,axis,fn,3,0.0039000000000000007,0.0,0.0,51.0,0.0,0.0,0.0,0.0,0.0,51.0,0.0,0.0,0.0,0.0,0.0,0.0,0.0,0.0,51.0,0.0,0.0,0.0,0.0,0.0,0.0,0.0,0.0,0.0,0.0,0.0,0.0,0.0,0.0,0.0,0.0,0.0,1.0,0.0,0.0,0.0075,0.0,0.0,0.9053383236759823,0.9343146242340992,0.5394267998093613,0.9128383236759823,0.9343146242340991,0.5394267998093611,0.9128383236759823,0.9343146242340991,0.5394267998093611,0.9130373157378711,0.9344123500250133,0.5394832218210522,0.5012264171790437,0.06716930545339045,0.03878021658479518,0.5783488679677234,0.061231688397029665,0.03535213177896036,0.6811671954430666,0.23671922646019117,0.13666990911915136,0.7425737322235072,0.2098953704445021,0.12118314862778952,0.10361997645591163,0.08399321888204579,0.0484935075316523,0.10562232605701712,0.08458144841294783,0.04883312200966388,0.455924744871852,0.6642717857716051,0.3835174943303096,0.00040001490669601506,6.639355251516202e-20,3.833233541708435e-20,0.455524729965156,0.6642717857716051,0.3835174943303096,1139.769386690193,1660.6175786254075,958.7580060404036,1139.7693866901932,1660.6175786254078,958.7580060404038,5.532424481149157,2.6796133666441175,1.5470754985561006,0.0,0.0,0.0,51.0,0.0,0.0,0.0,0.0,0.0,0.0,0.0,0.0,-0.0075,0.0,0.0,0.9053383236759823,0.9343146242340992,0.5394267998093613
RCZDT-StepV,GPR-KG-AVB-lite,vepm,axis,fp,3,0.0039000000000000007,0.0,0.0,0.0,0.0,0.0,0.0,0.0,0.0,0.0,0.0,0.0,0.0,0.0,0.0,0.0,0.0,0.0,0.0,0.0,0.0,0.0,0.0,0.0,0.0,0.0,0.0,0.0,0.0,0.0,0.0,0.0,0.0,0.0,0.0,0.0,0.0,0.0,0.0,0.0,0.0,0.0,0.0,0.0,0.0,0.0,0.0,0.0,0.0,0.0,0.0,0.0,0.0,0.0,0.0,0.0,0.0,0.0,0.0,0.0,0.0,0.0,0.0,0.0,0.0,0.0,0.0,0.0,0.0,0.0,0.0,0.0,0.0,0.0,0.0,0.0,0.0,0.0,0.0,0.0,0.0,0.0,0.0,0.0,0.0,0.0,0.0,0.0,0.0,0.0,0.0,0.0,0.0,0.0,0.0,0.0,0.0,0.0,0.0,0.0,0.0,0.0,0.0,0.0,0.0,0.0,0.0,0.0
RCZDT-StepV,GPR-KG-AVB-lite,vepm,axis,high_t1,3,0.0039000000000000007,0.0,0.0,34.0,0.0,0.0,0.0,0.0,0.0,0.0,0.0,0.0,0.0,0.0,0.0,0.0,0.0,0.0,0.0,0.0,0.0,34.0,0.0,0.0,0.0,0.0,0.0,0.0,0.0,0.0,0.0,0.0,0.0,0.0,0.0,0.0,0.0,0.0,0.0,0.010049999999999998,0.0,0.0,0.910966065445951,0.9395724696406083,0.5424624182701667,0.900916065445951,0.9395724696406085,0.5424624182701668,0.900916065445951,0.9395724696406085,0.5424624182701668,0.901039508442996,0.939569052249151,0.542460445238289,0.511561678970106,0.3325719787605041,0.19201052146230355,0.5494398674496033,0.32336804843169564,0.18669662980936344,0.6746341043860583,0.15084942729141174,0.08709295745379746,0.7052083583403083,0.15144745187086373,0.08743822710572607,0.1065927666390903,0.07136004825713047,0.041199743070638964,0.10726137774622924,0.07214579014457553,0.04165339136086894,0.455924744871852,0.6642717857716051,0.3835174943303096,0.00040001490669601517,0.0,0.0,0.4555247299651559,0.6642717857716048,0.3835174943303095,1139.769386690193,1660.6175786254075,958.7580060404036,1139.7693866901932,1660.6175786254078,958.7580060404038,5.532424481149157,2.679613366644118,1.547075498556101,0.0,0.0,0.0,0.0,0.0,0.0,0.0,0.0,0.0,0.0,0.0,0.0,0.0,0.0,0.0,0.0,0.0,0.0
RCZDT-StepV,GPR-KG-AVB-lite,vepm,axis,low_t1,3,0.0039000000000000007,0.0,0.0,34.0,0.0,0.0,0.0,0.0,0.0,34.0,0.0,0.0,0.0,0.0,0.0,0.0,0.0,0.0,34.0,0.0,0.0,0.0,0.0,0.0,0.0,0.0,0.0,0.0,0.0,0.0,0.0,0.0,0.0,0.0,0.0,0.0,1.0,0.0,0.0,0.01005,0.0,0.0,0.9092215712780933,0.9452902508090644,0.5457635807669422,0.9192715712780933,0.9452902508090644,0.5457635807669422,0.9192715712780933,0.9452902508090644,0.5457635807669422,0.919415232027247,0.9453537764772859,0.5458002573285904,0.4438539894459484,0.2381452126343558,0.137493202620666,0.48702560671612405,0.2175854459598734,0.12562301579667767,0.6407667202347674,0.39505194108805247,0.2280833445310713,0.669785873105019,0.37995032788822597,0.21936442408495385,0.10655929416932884,0.09588273096328703,0.05535792053229024,0.10797210118692334,0.09620387734562953,0.05554333448258495,0.455924744871852,0.6642717857716051,0.3835174943303096,0.00040001490669601517,0.0,0.0,0.4555247299651559,0.6642717857716048,0.3835174943303095,1139.769386690193,1660.6175786254075,958.7580060404036,1139.7693866901932,1660.6175786254078,958.7580060404038,5.532424481149157,2.679613366644118,1.547075498556101,0.0,0.0,0.0,34.0,0.0,0.0,0.0,0.0,0.0,0.0,0.0,0.0,-0.01005,0.0,0.0,0.9092215712780933,0.9452902508090644,0.5457635807669422
RCZDT-StepV,GPR-KG-AVB-lite,vepm,axis,mid_t1,3,0.0039000000000000007,0.0,0.0,33.0,0.0,0.0,0.0,0.0,0.0,17.0,0.0,0.0,0.0,0.0,0.0,0.0,0.0,0.0,17.0,0.0,0.0,16.0,0.0,0.0,0.0,0.0,0.0,0.0,0.0,0.0,0.0,0.0,0.0,0.0,0.0,0.0,1.0,0.0,0.0,0.0024727272727272727,0.0,0.0,0.8978091722909957,0.9117793174704163,0.5264160343830782,0.8978091722909957,0.9117793174704163,0.5264160343830782,0.8978091722909957,0.9117793174704163,0.5264160343830782,0.8978169257874474,0.9117783547628581,0.5264154785636103,0.5177163603680365,0.10712891723091061,0.06185090920125939,0.6189543576990563,0.0812439506862787,0.04690621679875169,0.6576050172658413,0.1749621865616377,0.10101446550936706,0.7457942976404395,0.15924213519387162,0.09193848962051257,0.09776616791770602,0.058944122716932446,0.03403140511776728,0.09787066658463726,0.05884617182428049,0.033974853143527314,0.455924744871852,0.6642717857716051,0.3835174943303096,0.0004000149066960151,0.0,0.0,0.455524729965156,0.6642717857716051,0.3835174943303096,1139.7693866901932,1660.6175786254078,958.7580060404038,1139.7693866901932,1660.6175786254078,958.7580060404038,5.532424481149157,2.679613366644118,1.547075498556101,0.0,0.0,0.0,17.0,0.0,0.0,0.0,0.0,0.0,0.0,0.0,0.0,-0.0024000000000000007,0.0,0.0,0.8975718284717602,0.9123851549686948,0.5267658148257943
RCZDT-StepV,GPR-KG-AVB-lite,vepm,axis,near_true_boundary,3,0.0039000000000000007,0.0,0.0,27.0,0.0,0.0,0.0,0.0,0.0,14.0,0.0,0.0,0.0,0.0,0.0,0.0,0.0,0.0,14.0,0.0,0.0,13.0,0.0,0.0,0.0,0.0,0.0,0.0,0.0,0.0,0.0,0.0,0.0,0.0,0.0,0.0,1.0,0.0,0.0,0.002022222222222222,0.0,0.0,0.8974824046993325,0.9109645983112165,0.5259456560572001,0.8974824046993324,0.9109645983112166,0.5259456560572002,0.8974824046993324,0.9109645983112166,0.5259456560572002,0.8974871801740113,0.9109638241755409,0.5259452091097595,0.5203117624407211,0.10496781441852175,0.06060319591078022,0.6333511023968782,0.08224755567157525,0.047485648407172704,0.6570547057156914,0.17875314927952848,0.10320317885502914,0.7574523880118414,0.1598660220920604,0.09229869088912575,0.0975318284397142,0.05839681002527048,0.03371541398790535,0.0975984505733769,0.058327821455499904,0.0336755834185773,0.455924744871852,0.6642717857716051,0.3835174943303096,0.00040001490669601517,0.0,0.0,0.4555247299651559,0.6642717857716048,0.3835174943303095,1139.769386690193,1660.6175786254075,958.7580060404036,1139.7693866901932,1660.6175786254078,958.7580060404038,5.532424481149157,2.679613366644118,1.547075498556101,0.0,0.0,0.0,14.0,0.0,0.0,0.0,0.0,0.0,0.0,0.0,0.0,-0.0019500000000000003,0.0,0.0,0.8972895628462038,0.911456597424609,0.5262297118777585
RCZDT-StepV,GPR-KG-AVB-lite,vepm,axis,tn,3,0.0039000000000000007,0.0,0.0,50.0,0.0,0.0,0.0,0.0,0.0,0.0,0.0,0.0,0.0,0.0,0.0,0.0,0.0,0.0,0.0,0.0,0.0,50.0,0.0,0.0,0.0,0.0,0.0,0.0,0.0,0.0,0.0,0.0,0.0,0.0,0.0,0.0,0.0,0.0,0.0,0.00765,1.0622968402425924e-18,6.133173666733496e-19,0.9068365565349051,0.9304732557513657,0.5372089846817986,0.8991865565349052,0.9304732557513657,0.5372089846817986,0.8991865565349052,0.9304732557513657,0.5372089846817986,0.8993475623006696,0.930459743732023,0.5372011835137938,0.4801245068431966,0.22753381376457926,0.13136670862672203,0.5555511786100616,0.2413354684201774,0.13933509765739385,0.6337013327856887,0.13201650013266655,0.0762197618890673,0.6997634750909301,0.15129546211451012,0.08735047577898125,0.10377669619038117,0.06555937687015624,0.03785072388388883,0.10467268931912767,0.06653641598284152,0.038414817678606474,0.455924744871852,0.6642717857716051,0.3835174943303096,0.00040001490669601506,6.639355251516202e-20,3.833233541708435e-20,0.455524729965156,0.6642717857716051,0.3835174943303096,1139.7693866901932,1660.6175786254078,958.7580060404038,1139.7693866901932,1660.6175786254078,958.7580060404038,5.532424481149157,2.679613366644118,1.547075498556101,0.0,0.0,0.0,0.0,0.0,0.0,0.0,0.0,0.0,0.0,0.0,0.0,0.0,0.0,0.0,0.0,0.0,0.0
RCZDT-StepV,GPR-KG-AVB-lite,vepm,axis,tp,3,0.0039000000000000007,0.0,0.0,0.0,0.0,0.0,0.0,0.0,0.0,0.0,0.0,0.0,0.0,0.0,0.0,0.0,0.0,0.0,0.0,0.0,0.0,0.0,0.0,0.0,0.0,0.0,0.0,0.0,0.0,0.0,0.0,0.0,0.0,0.0,0.0,0.0,0.0,0.0,0.0,0.0,0.0,0.0,0.0,0.0,0.0,0.0,0.0,0.0,0.0,0.0,0.0,0.0,0.0,0.0,0.0,0.0,0.0,0.0,0.0,0.0,0.0,0.0,0.0,0.0,0.0,0.0,0.0,0.0,0.0,0.0,0.0,0.0,0.0,0.0,0.0,0.0,0.0,0.0,0.0,0.0,0.0,0.0,0.0,0.0,0.0,0.0,0.0,0.0,0.0,0.0,0.0,0.0,0.0,0.0,0.0,0.0,0.0,0.0,0.0,0.0,0.0,0.0,0.0,0.0,0.0,0.0,0.0,0.0
RCZDT-StepV,GPR-KG-AVB-lite,vepm,combined,all,3,0.0035999999999999977,0.000299999999999993,0.0001732050807568837,1180.6666666666667,0.5773502691896258,0.33333333333333337,144.0,155.60526983364028,89.83874442577657,603.0,8.18535277187245,4.725815626252609,70.33333333333333,67.65599258996451,39.06120553410734,73.66666666666667,88.62467677421077,51.167480992434164,532.6666666666666,71.29048557369583,41.159581036632424,504.0,86.88498144098322,50.163067423487306,0.5267625663872738,0.11698902428149144,0.06754364466115075,0.11704715114284507,0.11267187850337454,0.0650511393840241,0.17063898081536785,0.1335005312155298,0.07707656763424417,0.12716538696008184,0.1526658836009042,0.08814168899305411,0.8829528488571549,0.11267187850337454,0.0650511393840241,0.007546950444179738,8.600968241188969e-05,4.965771329341874e-05,1.0431242548061048,1.0953648438172994,0.6324091874387702,1.0306084718517363,1.1043345165053495,0.6375878303797589,1.0433913003434563,1.0953993645918518,0.6324291180172507,1.3991534980709168,1.4146689473195706,0.8167594975491587,0.42865717240551704,0.02106230627739795,0.012160328199010053,0.5633067502983373,0.032401120941795356,0.01870679589779117,0.4522561424557466,0.030360323914968516,0.017528541184991305,0.5898688641727028,0.0424910907565392,0.024532242686448727,0.054425284199369185,0.018577821345340098,0.010725910154688881,0.06882427659687534,0.024044593535683743,0.013882152550382146,1.310548210228735,1.9478351801859162,1.124583165617362,0.006376281507910427,0.00023240223707166302,0.00013417749413359588,2.1863938614524936,3.2534868333252955,1.8784014990252627,566.9393664425214,826.1741527449306,476.99186948479667,291.6434352503374,455.3953222454371,262.9226118860995,4.537693787842122,1.773314660215784,1.0238236964334928,73.66666666666667,88.62467677421077,51.167480992434164,532.6666666666666,71.29048557369583,41.159581036632424,0.007574555335968379,0.002502848702226356,0.001445020371971292,-0.055454259450639025,0.00753965952651376,0.004353024457230846,-0.0074042769876353125,0.00017748111676153244,0.00010246877053834616,1.1205802508642597,1.1243717964821682,0.6491563593682029
RCZDT-StepV,GPR-KG-AVB-lite,vepm,combined,far_true_boundary,3,0.0035999999999999977,0.000299999999999993,0.0001732050807568837,883.0,2.6457513110645907,1.5275252316519468,105.0,113.71455491712571,65.65312889218102,444.6666666666667,16.862186493255653,9.735387911006823,49.333333333333336,48.12830075260639,27.78688739515657,55.666666666666664,66.19919435562139,38.22012268135436,395.3333333333333,62.26823695378996,35.95058336723404,382.6666666666667,55.64470624716545,32.12648613077862,0.4933215130023641,0.11454865873599325,0.06613469895653629,0.11317284866743728,0.11189169415189969,0.06460069973868256,0.16378488990163856,0.13502582717589334,0.0779571976675539,0.1244470489347607,0.14586822108066366,0.08421705670713302,0.8868271513325627,0.11189169415189967,0.06460069973868256,0.009450485484107119,0.00010584429529494573,6.110923238072316e-05,1.052339189103569,1.121669720076714,0.6475963148281431,1.0402767474779306,1.13060749867703,0.6527565437089928,1.05267993311573,1.1217700901091987,0.6476542634934167,1.405207875211144,1.435375093897031,0.8287141968495353,0.45180350584914236,0.02188037932657739,0.012632642894170579,0.5876281986277886,0.02962254811766469,0.01710258612981635,0.47959725826923577,0.022917873367343983,0.013231640357889804,0.6168102468890541,0.03455472739292607,0.01995018116208,0.05448774489677374,0.01840246403721808,0.010624667565640266,0.06961392310095836,0.024989297807836836,0.014427577816214324,1.3272754503914754,1.9846488350438696,1.1458375391594553,0.0063264012359158074,0.00022114519624903627,0.0001276782385843737,2.203424577137031,3.290908737586837,1.900007045524252,573.2946994588591,836.9413996991891,483.208342412269,293.28419382369765,454.05772395360555,262.15034915224294,4.549790734852213,1.8046654029393185,1.04192405618422,55.666666666666664,66.19919435562139,38.22012268135436,395.3333333333333,62.26823695378996,35.95058336723404,0.009145995670995671,0.0018579417252975587,0.0010726831552391833,-0.05572396837848977,0.007406555040852036,0.004276176546603703,-0.009356969457876816,8.727978635083478e-05,5.039100814446749e-05,1.11886353025363,1.130099737406258,0.6524633876026285
RCZDT-StepV,GPR-KG-AVB-lite,vepm,combined,fn,3,0.0035999999999999977,0.000299999999999993,0.0001732050807568837,532.6666666666666,71.29048557369583,41.159581036632424,0.0,0.0,0.0,532.6666666666666,71.29048557369583,41.159581036632424,0.0,0.0,0.0,0.0,0.0,0.0,532.6666666666666,71.29048557369583,41.159581036632424,0.0,0.0,0.0,0.0,0.0,0.0,0.0,0.0,0.0,0.0,0.0,0.0,0.0,0.0,0.0,1.0,0.0,0.0,0.0074042769876353125,0.00017748111676153244,0.00010246877053834616,1.1205802508642597,1.1243717964821682,0.6491563593682029,1.1279845278518952,1.1245190566512444,0.64924138006646,1.1279845278518952,1.1245190566512444,0.64924138006646,1.4639254848079901,1.4414947145505184,0.8322473614811646,0.4471733317473086,0.15766599899839706,0.09102850696377582,0.5670744017825843,0.18751233428771788,0.10826029667738901,0.4916996495024097,0.16066288292958103,0.09275875870817495,0.6271342741317337,0.17552225587030962,0.10133782167549364,0.05557140307163011,0.020101290017900078,0.011605485202893348,0.07014271353382036,0.02630884126527831,0.015189416586575567,1.3990324342361742,2.068165472410898,1.1940558922251217,0.0054056098603661035,0.0013559797528058185,0.0007828752752981216,2.27265379364752,3.380965481561855,1.95200133090057,593.9629543969796,825.187017332843,476.4219465889013,377.33261978730684,406.1607524578367,234.49701976579297,4.829127792270676,1.7360277189741415,1.0022960708703728,0.0,0.0,0.0,532.6666666666666,71.29048557369583,41.159581036632424,0.0,0.0,0.0,0.0,0.0,0.0,-0.0074042769876353125,0.00017748111676153244,0.00010246877053834616,1.1205802508642597,1.1243717964821682,0.6491563593682029
RCZDT-StepV,GPR-KG-AVB-lite,vepm,combined,fp,3,0.0035999999999999977,0.000299999999999993,0.0001732050807568837,73.66666666666667,88.62467677421077,51.167480992434164,73.66666666666667,88.62467677421077,51.167480992434164,0.0,0.0,0.0,0.0,0.0,0.0,73.66666666666667,88.62467677421077,51.167480992434164,0.0,0.0,0.0,0.0,0.0,0.0,0.0,0.0,0.0,0.0,0.0,0.0,0.0,0.0,0.0,1.0,0.0,0.0,0.0,0.0,0.0,0.007574555335968379,0.002502848702226356,0.001445020371971292,0.055454259450639025,0.00753965952651376,0.004353024457230846,-0.06302881478660739,0.009909575782868638,0.005721296245794205,0.06302881478660739,0.009909575782868638,0.005721296245794205,0.08019651124805256,0.015810151731182002,0.009127995357926758,0.3019887378365608,0.048722406315988266,0.02812989440210215,0.38285853625953825,0.06855638007056179,0.039581044488405145,0.2800523790496323,0.062118436776223904,0.03586409619439162,0.3679693291372553,0.08636117046407701,0.049860645014966024,0.046462600900372956,0.011257348542764131,0.006499433211526313,0.05961415169683221,0.009935265770286859,0.005736128366945593,0.007860456724627827,0.003488599389707201,0.002014143796742217,0.010706788421922788,0.002867902052985918,0.0016557840223009003,0.0060600857569658405,0.0014398310826586713,0.0008312868631605742,1.2275608284436688,0.37741415772288134,0.21790016555728142,0.6582524416068319,0.10842681710819276,0.06260025204478942,0.8752773965797594,0.3578474631832061,0.20660332919764873,73.66666666666667,88.62467677421077,51.167480992434164,0.0,0.0,0.0,0.007574555335968379,0.002502848702226356,0.001445020371971292,-0.055454259450639025,0.00753965952651376,0.004353024457230846,0.0,0.0,0.0,0.0,0.0,0.0
RCZDT-StepV,GPR-KG-AVB-lite,vepm,combined,high_t1,3,0.0035999999999999977,0.000299999999999993,0.0001732050807568837,388.0,15.716233645501712,9.073771725877467,47.666666666666664,61.15826463637874,35.30974055098363,0.0,0.0,0.0,0.0,0.0,0.0,47.666666666666664,61.15826463637874,35.30974055098363,0.0,0.0,0.0,340.3333333333333,48.993196806631566,28.28623536476905,0.0,0.0,0.0,0.0,0.0,0.0,0.0,0.0,0.0,0.11947868948778602,0.15134572323552814,0.08737949405073077,0.0,0.0,0.0,0.010176578691667918,6.51371087027868e-05,3.7606927243787874e-05,1.0455343872037937,1.110242897303189,0.6409990356238663,1.0226176332211063,1.1216616029589486,0.6475916284080161,1.0381170881826354,1.108054129793302,0.6397353501128394,1.387272060483322,1.4163826942563835,0.8177489298044505,0.4720125013818239,0.165133615343072,0.09533993727057874,0.5838439227912781,0.21328485176510922,0.12314006658065524,0.48821638197500433,0.15979864602804617,0.09225979130043017,0.5928040071923052,0.1914606804587935,0.11053987540211335,0.0540855410002418,0.015721994979875874,0.009077098033829282,0.06875076126199918,0.0218291321857835,0.012603055343638028,1.298571118796656,1.9302701599823378,1.1144419964745047,0.006538017209348854,0.00032377748112681355,0.0001869330158861048,2.161116604570593,3.209460156565944,1.8529826853467264,576.6336333251838,847.8649758268468,489.5150720300856,282.63049285507,465.41356225696444,268.70664545356107,4.526285970273201,1.8214877166614283,1.0516364235400724,47.666666666666664,61.15826463637874,35.30974055098363,0.0,0.0,0.0,0.010694148506860368,0.001044485604277538,0.0006030340447943255,-0.04819910060746697,0.020267687753007167,0.01170155498004997,0.0,0.0,0.0,0.0,0.0,0.0
RCZDT-StepV,GPR-KG-AVB-lite,vepm,combined,low_t1,3,0.0035999999999999977,0.000299999999999993,0.0001732050807568837,395.3333333333333,16.165807537309522,9.333333333333334,43.333333333333336,42.77070648625451,24.693678903269515,395.3333333333333,16.165807537309522,9.333333333333334,43.333333333333336,42.77070648625451,24.693678903269515,0.0,0.0,0.0,352.0,58.92367945062494,34.01960219246153,0.0,0.0,0.0,1.0,0.0,0.0,0.11271884003836448,0.11420307669717719,0.06593517707339873,0.19028964862298195,0.18014957044370647,0.10400940299006939,0.0,0.0,0.0,0.8872811599616354,0.1142030766971772,0.06593517707339874,0.01003452171815329,6.873704268875462e-05,3.968535009965128e-05,1.0667025216557258,1.1473068591796782,0.6623979239904914,1.0663648360900775,1.1552917403414749,0.6670079972787017,1.0745804451717127,1.1489937449279728,0.6633718479313613,1.4233098691485508,1.4588165881333366,0.8422481498570733,0.4623844187843949,0.13789080560503522,0.07961129373484145,0.5835037892900364,0.16828470527549327,0.09715921989130288,0.5032402019707191,0.1207420342068338,0.0697104459518185,0.6436872030093914,0.1322628867066422,0.07636201324387686,0.055226257601168505,0.02248155239591942,0.012979730327584755,0.07081623373498691,0.030046881928521535,0.01734757536974081,1.3539821954499607,2.0355543852200673,1.1752278722569292,0.006082219132732773,0.00011647335645378688,6.72459237020131e-05,2.238534637611302,3.3610845263858864,1.9405230560779774,572.5162988774337,833.8221892556492,481.40746542303214,298.46119156832657,448.5064614358375,258.9453262432673,4.580007546685568,1.8171868413532335,1.049153312023135,0.0,0.0,0.0,352.0,58.92367945062494,34.01960219246153,0.0,0.0,0.0,0.0,0.0,0.0,-0.00998536256785019,2.1894849994485388e-05,1.2640997538182615e-05,1.1213289978470151,1.1286385245507164,0.6516197559671383
RCZDT-StepV,GPR-KG-AVB-lite,vepm,combined,mid_t1,3,0.0035999999999999977,0.000299999999999993,0.0001732050807568837,397.3333333333333,5.507570547286102,3.1797973380564857,53.0,54.0277706369604,31.192947920964446,207.66666666666666,13.428824718989123,7.753135566408671,27.0,26.0,15.01110699893027,26.0,28.160255680657446,16.258331197676267,180.66666666666666,12.741009902410928,7.356025496904637,163.66666666666666,37.89898855290644,21.88099124303508,0.5491459627329193,0.12084015648146022,0.06976709687348756,0.12517245745501307,0.11304390546779684,0.06526592925207912,0.1843751076958341,0.1325168229057783,0.07650862337680507,0.1425023360460282,0.16072194133475445,0.09279285609429973,0.874827542544987,0.11304390546779682,0.06526592925207911,0.002504189216855559,0.00010068841556629184,5.81324838314755e-05,1.0173962636209204,1.0282807713504674,0.5936781801417084,1.0030934156187985,1.0351895810014455,0.5976669832534806,1.0174622527369452,1.0282264415297921,0.5936468128051166,1.3851662393889883,1.3667191445211653,0.7890756659959098,0.3602168279184441,0.04167874803445567,0.02406323639717957,0.4830123940161813,0.061479942037629534,0.035495461085188,0.37346764214744654,0.056904874521627645,0.0328540446232636,0.5023549377970357,0.08177633232810808,0.047213587482973496,0.053765889386369226,0.01749018032644388,0.010097960319647471,0.06640675992667662,0.019765759746310226,0.011411766710269678,1.2773069622409163,1.8741798319125789,1.082058230464495,0.006502199978420872,0.00040559317474466534,0.00023416932862030748,2.154615684535138,3.1819027602683696,1.8370724151761566,552.4770137608862,798.0491491402495,460.75389108267484,290.7338243574441,453.8205792496388,262.0134335935709,4.507986380954148,1.6820272810299475,0.9711189034869345,26.0,28.160255680657446,16.258331197676267,180.66666666666666,12.741009902410928,7.356025496904637,0.00288655172413793,0.00027303747897076486,0.00015763826198262788,-0.05697273201338668,0.004805606474887818,0.0027745181918958904,-0.0024190515052315196,6.573780082324342e-05,3.7953737001233595e-05,1.1188423104426872,1.1153619341420442,0.6439545129207709
RCZDT-StepV,GPR-KG-AVB-lite,vepm,combined,near_true_boundary,3,0.0035999999999999977,0.000299999999999993,0.0001732050807568837,297.6666666666667,2.0816659994661326,1.2018504251546631,39.0,42.50882261366456,24.54248017893329,158.33333333333334,10.016652800877813,5.783117190965824,21.0,19.924858845171276,11.503622617824933,18.0,22.715633383201094,13.114877048604002,137.33333333333334,12.583057392117917,7.2648315725677906,121.33333333333333,31.46956201368766,18.16896009988219,0.6209150326797386,0.18454650854242485,0.10654797638497457,0.12853621815885966,0.1155052393130047,0.06668698101017541,0.18993332447279818,0.13326722860248535,0.07694187030780032,0.13644124084500137,0.17834455918606834,0.10296727925458171,0.8714637818411403,0.11550523931300467,0.0666869810101754,0.001900315952315952,0.0001211420730081008,6.99414084614163e-05,1.015299707225056,1.0175905989493004,0.5875062062282111,1.0014219838950242,1.026815869944302,0.5928324189205225,1.0153459546543033,1.0174389646095683,0.5874186601013484,1.3794721635386287,1.3527980308097634,0.7810383072472126,0.36020338807754776,0.04103536939258417,0.0236917815651042,0.48302255756315543,0.057736698271287926,0.033334298289048284,0.37131943838367193,0.05394824929120503,0.031147036250586263,0.5003848828259215,0.07456839551231736,0.04305208322207491,0.05424230998537435,0.019098777628004375,0.011026684404721128,0.06637518942562608,0.021124279141576163,0.012196108248825796,1.2603507831865972,1.838077357686961,1.0612144572519229,0.006524710083492094,0.000304010076234,0.00017552029935005858,2.1336621857736056,3.1399157784337626,1.8128312199114862,547.9298368662737,793.9903095813614,458.41051897075334,288.2357659385739,456.07577784883,263.31547311188996,4.500145795955871,1.679950808470249,0.9699200514956278,18.0,22.715633383201094,13.114877048604002,137.33333333333334,12.583057392117917,7.2648315725677906,0.001759090909090907,0.0005468589873688778,0.0003157291835661878,-0.05482340476229345,0.0077923350686361125,0.004498906749492821,-0.0018196111307533323,0.00017143259809348555,9.897665665715081e-05,1.1242305809505642,1.1073815374888165,0.6393470287647899
RCZDT-StepV,GPR-KG-AVB-lite,vepm,combined,tn,3,0.0035999999999999977,0.000299999999999993,0.0001732050807568837,504.0,86.88498144098322,50.163067423487306,0.0,0.0,0.0,0.0,0.0,0.0,0.0,0.0,0.0,0.0,0.0,0.0,0.0,0.0,0.0,504.0,86.88498144098322,50.163067423487306,0.0,0.0,0.0,0.0,0.0,0.0,0.0,0.0,0.0,0.0,0.0,0.0,0.0,0.0,0.0,0.007713054069413822,0.00018650659921383515,0.00010767963526174937,1.102587830349504,1.0801874828978026,0.6236465340263107,1.0948747762800906,1.080315995905054,0.6237207310456415,1.095123960186843,1.0801730668458769,0.6236382109148507,1.4292841190397152,1.3893420493223751,0.8021370061727396,0.42966901019561893,0.2071064712026773,0.11957297689977922,0.5333712208709577,0.24337666779292405,0.14051358466471883,0.4487511198940828,0.19776012102930893,0.11417685911124449,0.5500883369240211,0.22216070418694392,0.1282645423656889,0.05670385518548484,0.01659209648179254,0.009579451370183166,0.07051299491158279,0.0215433425368232,0.01243805461287919,1.3336091893150706,1.9439549549461594,1.122342916530672,0.005547581547839628,0.0013349797206498465,0.0007707509010798803,2.1881966925058274,3.220591546800302,1.8594093964949878,616.881389949061,862.3667911678209,497.8876990209352,394.30329949832077,412.5415689384446,238.18098587852154,4.835449894250376,1.7529827758703265,1.0120850775335104,0.0,0.0,0.0,0.0,0.0,0.0,0.0,0.0,0.0,0.0,0.0,0.0,0.0,0.0,0.0,0.0,0.0,0.0
RCZDT-StepV,GPR-KG-AVB-lite,vepm,combined,tp,3,0.0035999999999999977,0.000299999999999993,0.0001732050807568837,70.33333333333333,67.65599258996451,39.06120553410734,70.33333333333333,67.65599258996451,39.06120553410734,70.33333333333333,67.65599258996451,39.06120553410734,70.33333333333333,67.65599258996451,39.06120553410734,0.0,0.0,0.0,0.0,0.0,0.0,0.0,0.0,0.0,1.0,0.0,0.0,1.0,0.0,0.0,1.0,0.0,0.0,0.0,0.0,0.0,0.0,0.0,0.0,0.007147366034132952,0.001986456707610054,0.0011468813148722025,0.05045011970312271,0.004634225604203507,0.002675571400072351,-0.04330275366898976,0.006555169092128699,0.0037846286399240195,0.044506477986736605,0.005212811610572484,0.0030096181865988305,0.06152786461189203,0.004646563053856781,0.0026826944299507822,0.29690454667627414,0.13358142547348725,0.07712327195585181,0.37955898702978175,0.18276860816363524,0.10552150512268804,0.2762924649857896,0.1512872243692282,0.08734571971452522,0.35561806861694484,0.2027411518689338,0.11705265860734373,0.0422328856156086,0.009883823836997567,0.0057064283529133855,0.052998822566775405,0.01128926144920661,0.006517858136651501,0.0072850334845631125,0.0028950539292453416,0.0016714601653682818,0.009328856896059334,0.004250546824052811,0.0024540543530699997,0.005450193191724955,0.0010426962162903843,0.0006020009411582577,1.9459227426586458,1.0344426412074237,0.5972357373623336,1.0115736295950517,0.3900329182200432,0.22518561032715725,0.9532183627448106,0.47912337052798243,0.2766220069493715,0.0,0.0,0.0,0.0,0.0,0.0,0.0,0.0,0.0,0.0,0.0,0.0,0.0,0.0,0.0,0.0,0.0,0.0
RCZDT-StepV,GPR-KG-AVB-lite,vepm,random,all,3,0.003674999999999992,0.00032691742076554553,0.00018874586088176587,1000.0,0.0,0.0,101.66666666666667,142.7036556410989,82.38999399873211,512.0,10.583005244258363,6.110100926607787,50.0,66.4304147209695,38.35361782153022,51.666666666666664,76.51361534611559,44.175156416751314,462.0,61.29437168288782,35.38832199092426,436.3333333333333,83.67994582534894,48.312639248038515,0.5023391812865496,0.18500524755547745,0.10681282947764827,0.0967072152653548,0.12738517055274767,0.07354586250939527,0.13709484715678003,0.16250638204100204,0.0938231034164047,0.10735445362718092,0.159643644300564,0.09217030101134349,0.9032927847346451,0.12738517055274767,0.07354586250939527,0.007484499999999999,9.47431791740178e-05,5.4700000000000123e-05,1.1291357893652534,1.1978319663412114,0.6915686082110372,1.1204971204460479,1.2065808130017843,0.6966197571856177,1.1293705711190178,1.1978117579860463,0.6915569409117428,1.4815139394218075,1.5116312692010043,0.8727407201886556,0.4318513150402625,0.017477432701441187,0.01009060047492064,0.5707515475279189,0.034860191378787125,0.02012654087654462,0.44286388605808685,0.022938356179471375,0.013243466114985315,0.5844819179250719,0.03499786398153758,0.02020602619080263,0.050154188583181304,0.015657695739661873,0.00903997485018304,0.06301248658287605,0.020889235305808624,0.012060405626974044,1.4903813050674994,2.2179499342356004,1.2805339915800367,0.006891220729648713,0.00011200529912318858,6.466628959943748e-05,2.350139252667291,3.5038656431687225,2.0229577722877434,551.7299737771805,804.6055585066537,464.5392357952857,288.4073676314841,456.3730646166309,263.4871117073063,4.566307703783089,1.772345064819709,1.0232639002705637,51.666666666666664,76.51361534611559,44.175156416751314,462.0,61.29437168288782,35.38832199092426,0.006531031746031744,0.0038953477567324557,0.002248980075936688,-0.027360284572941786,0.019997233614616843,0.011545408210446868,-0.007358079562894061,0.00015606715198438268,9.010541220984158e-05,1.188427072908438,1.2059156710009615,0.6962357372723934
RCZDT-StepV,GPR-KG-AVB-lite,vepm,random,far_true_boundary,3,0.003674999999999992,0.00032691742076554553,0.00018874586088176587,748.0,1.7320508075688772,1.0,75.33333333333333,104.38550346352378,60.266998524160066,377.3333333333333,11.150485789118488,6.437735971942656,36.0,45.17742799230607,26.083200212652848,39.333333333333336,59.54270176380421,34.37699489160997,341.3333333333333,51.926229723843164,29.9796227090632,331.3333333333333,54.50076452063158,31.46603106702705,0.49792429792429793,0.19568166468964204,0.11297686178403893,0.09666953746598028,0.12106201609572888,0.06989518758150788,0.1373942513998281,0.15393025953434908,0.0888716767785854,0.10441280353383126,0.15785989382878535,0.09114045219629496,0.9033304625340198,0.12106201609572893,0.06989518758150791,0.009366585809906292,0.00011429395554143397,6.598764599859402e-05,1.1399965840364397,1.2312622803251774,0.7108696089887736,1.1318041343689673,1.2396026756671004,0.7156849384845808,1.1402887706607086,1.2312764876007551,0.7108778115631529,1.4876205861968732,1.5354124212068472,0.8864707747008683,0.4579809973144438,0.01390081236783616,0.008025637762524686,0.6000427732478387,0.02961954335699285,0.017100851330433615,0.47212463941379723,0.0167282971200386,0.009658086845338329,0.6163065483582743,0.028450250540229767,0.016425759807913953,0.04986694051072633,0.01485213001233632,0.008574881260661695,0.06337238808139983,0.020683835683019753,0.011941818099465443,1.510955522963873,2.264316606149619,1.3073038020910224,0.006841851334689481,0.00011001000210529699,6.351430432904451e-05,2.3658103491782003,3.5416120371462436,2.0447506630116026,560.6226545567449,820.4376116982625,473.6798759672855,288.75170558860435,456.96950455091013,263.8314664639179,4.577663273843856,1.8160087298386618,1.0484731290230618,39.333333333333336,59.54270176380421,34.37699489160997,341.3333333333333,51.926229723843164,29.9796227090632,0.007918518518518517,0.0036067434412540072,0.0020823542967059183,-0.031750411383539366,0.020172889932490945,0.01164682343285634,-0.009331271347225117,0.0001141130965147092,6.58832269908291e-05,1.1921385957588737,1.2227923234031572,0.7059794770798208
RCZDT-StepV,GPR-KG-AVB-lite,vepm,random,fn,3,0.003674999999999992,0.00032691742076554553,0.00018874586088176587,462.0,61.29437168288782,35.38832199092426,0.0,0.0,0.0,462.0,61.29437168288782,35.38832199092426,0.0,0.0,0.0,0.0,0.0,0.0,462.0,61.29437168288782,35.38832199092426,0.0,0.0,0.0,0.0,0.0,0.0,0.0,0.0,0.0,0.0,0.0,0.0,0.0,0.0,0.0,1.0,0.0,0.0,0.007358079562894061,0.00015606715198438268,9.010541220984158e-05,1.188427072908438,1.2059156710009615,0.6962357372723934,1.1957851524713323,1.2060154263015312,0.6962933310220304,1.1957851524713323,1.2060154263015312,0.6962933310220304,1.5317434660381037,1.5209996321210146,0.8781495470423896,0.44758042491945926,0.18106688981871444,0.1045390175781631,0.5670067538770144,0.2178928739402834,0.12580050942392382,0.4775118327094252,0.18048465198629207,0.10420286240888166,0.6115007029051135,0.2114657019178455,0.12208977992664127,0.0511169693028388,0.017230810106476594,0.009948212853329585,0.06362813270147345,0.023058987638727737,0.013313112720459713,1.5521190665048046,2.297720699707134,1.3265896644984891,0.006007429483974709,0.0015087007598561144,0.0008710487898295206,2.4034660951455127,3.5768553521409987,2.0650984004109594,566.8627445083838,787.6365877220858,454.7421959449445,361.06053842945795,410.4815799763937,236.9916506967538,4.819030342813072,1.6969695158466027,0.9797458067806251,0.0,0.0,0.0,462.0,61.29437168288782,35.38832199092426,0.0,0.0,0.0,0.0,0.0,0.0,-0.007358079562894061,0.00015606715198438268,9.010541220984158e-05,1.188427072908438,1.2059156710009615,0.6962357372723934
RCZDT-StepV,GPR-KG-AVB-lite,vepm,random,fp,3,0.003674999999999992,0.00032691742076554553,0.00018874586088176587,51.666666666666664,76.51361534611559,44.175156416751314,51.666666666666664,76.51361534611559,44.175156416751314,0.0,0.0,0.0,0.0,0.0,0.0,51.666666666666664,76.51361534611559,44.175156416751314,0.0,0.0,0.0,0.0,0.0,0.0,0.0,0.0,0.0,0.0,0.0,0.0,0.0,0.0,0.0,1.0,0.0,0.0,0.0,0.0,0.0,0.006531031746031744,0.0038953477567324557,0.002248980075936688,0.027360284572941786,0.019997233614616843,0.011545408210446868,-0.03389131631897353,0.019496936515830333,0.011256561545787688,0.03389131631897353,0.019496936515830333,0.011256561545787688,0.04060378793403258,0.02319584332691355,0.013392126388873923,0.3407369426236471,0.016015635807052755,0.009246631644444918,0.4187530210532597,0.018996832199809847,0.010967826184310367,0.2997380017652161,0.03834061220415123,0.022135962776961764,0.37595887219838114,0.06614365156523137,0.03818805503637115,0.051090195514877666,0.021955409374002262,0.012675961512248639,0.05949862351933855,0.01904322985325186,0.01099461388201488,0.011744787826617026,0.006487374294386942,0.0037454872951981594,0.009917709619513456,0.005096351948619073,0.0029423801694202956,0.004462492171889983,0.002830049639321651,0.0016339299210823587,1.5599254226439434,0.701727651105587,0.40514264826361446,1.11481297053341,0.34080337898307633,0.19676292259661318,0.5557081660104487,0.2424932481104004,0.1400035420732064,51.666666666666664,76.51361534611559,44.175156416751314,0.0,0.0,0.0,0.006531031746031744,0.0038953477567324557,0.002248980075936688,-0.027360284572941786,0.019997233614616843,0.011545408210446868,0.0,0.0,0.0,0.0,0.0,0.0
RCZDT-StepV,GPR-KG-AVB-lite,vepm,random,high_t1,3,0.003674999999999992,0.00032691742076554553,0.00018874586088176587,327.0,10.44030650891055,6.027713773341709,34.333333333333336,53.519466863313696,30.89947860041942,0.0,0.0,0.0,0.0,0.0,0.0,34.333333333333336,53.519466863313696,30.89947860041942,0.0,0.0,0.0,292.6666666666667,47.60602202803058,27.48534963293071,0.0,0.0,0.0,0.0,0.0,0.0,0.0,0.0,0.0,0.10283649568333213,0.16020569813304217,0.09249480294282382,0.0,0.0,0.0,0.010055734005311236,8.932562140988828e-05,5.15721715665296e-05,1.1243388360328714,1.2050321539166613,0.6957256384459389,1.1049984595602595,1.214600117540838,0.701249704819954,1.116537264368221,1.202718296099722,0.6943897320124626,1.4665388834029445,1.513632110857538,0.873895906657661,0.47343815406559625,0.19577506949724682,0.11303078907485316,0.5837386818525523,0.24029307062085373,0.13873326900735167,0.47477191899025617,0.1863587874415462,0.10759429609522894,0.5804578671014994,0.22054890826637347,0.1273339715570688,0.049210658948802034,0.013136273138698562,0.007584230832776065,0.062359397542215096,0.01808078029353922,0.010438943369633349,1.4748268854287792,2.1982312049752912,1.26914937793352,0.007095125212104338,0.00024864977577868357,0.00014355801497976305,2.332798522304234,3.48140087689241,2.0099877334308323,553.847589755763,813.3192029524597,469.5700607616945,277.78274442835755,467.23227883337785,269.756681958533,4.5344947022183275,1.8100200532456234,1.0450155649799815,34.333333333333336,53.519466863313696,30.89947860041942,0.0,0.0,0.0,0.007128273809523809,0.006276948047924527,0.003623997645158522,-0.019140848284315396,0.02523953275741805,0.01457205103171569,0.0,0.0,0.0,0.0,0.0,0.0
RCZDT-StepV,GPR-KG-AVB-lite,vepm,random,low_t1,3,0.003674999999999992,0.00032691742076554553,0.00018874586088176587,335.3333333333333,12.503332889007368,7.218802609235905,31.333333333333332,38.27967258654825,22.10077927233437,335.3333333333333,12.503332889007368,7.218802609235905,31.333333333333332,38.27967258654825,22.10077927233437,0.0,0.0,0.0,304.0,50.40833264451424,29.1032644217105,0.0,0.0,0.0,0.6666666666666666,0.5773502691896258,0.33333333333333337,0.09626788657332531,0.11884770351818258,0.06861675361879155,0.16182400870377597,0.19119584118414584,0.11038697037560355,0.0,0.0,0.0,0.9037321134266746,0.11884770351818258,0.06861675361879155,0.009988857506000476,0.0001256410515851381,7.253889495394715e-05,1.151912017706527,1.2491854519761556,0.7212175569661978,1.1550705206354028,1.2557882275267551,0.7250296712077351,1.1600813659146023,1.250827905385783,0.7221658278843776,1.501826427359745,1.5476319027699137,0.8935256956706624,0.47431914079568643,0.17585549829033456,0.10153021927640044,0.5927553930732095,0.21199378656394868,0.12239466973922385,0.502232366047742,0.15673070074997097,0.09048851226827442,0.639164302374928,0.18479501604104462,0.10669145225619833,0.05087733805535901,0.0176217769871753,0.010173937687145211,0.06464020550159687,0.02433973469900734,0.014052552380475963,1.5249726863814275,2.2902922328780595,1.3223008371750569,0.006599889611608168,0.0002137772114035317,0.00012342433055043657,2.3758563543858897,3.5624000476484916,2.0567526264709923,558.3122703755016,815.2977347092029,470.71236660405043,290.80885103875704,453.950783063437,262.08860680051674,4.60907655896788,1.814452204595014,1.0475744687546413,0.0,0.0,0.0,304.0,50.40833264451424,29.1032644217105,0.0,0.0,0.0,0.0,0.0,0.0,-0.009954616495538806,5.888339152506699e-05,3.399634194779556e-05,1.1908743948289349,1.2135329735650209,0.7006335889582519
RCZDT-StepV,GPR-KG-AVB-lite,vepm,random,mid_t1,3,0.003674999999999992,0.00032691742076554553,0.00018874586088176587,337.6666666666667,5.033222956847167,2.905932629027116,36.0,52.04805471869242,30.049958402633443,176.66666666666666,17.672954855748753,10.203485243342646,18.666666666666668,28.884828774519907,16.676663668465316,17.333333333333332,23.18045153428495,13.383239933256489,158.0,11.269427669584644,6.506407098647712,143.66666666666666,36.11555528208494,20.85132556404455,0.40277777777777773,0.12028130608117203,0.06944444444444445,0.09595904659356436,0.14561207479488306,0.08406917058008566,0.13358395748341953,0.19202272241956866,0.11086437047946276,0.1162591944994474,0.16074417071833166,0.09280569023489195,0.9040409534064356,0.14561207479488303,0.08406917058008564,0.0025092636476394723,0.00013717580966808698,7.91984906381749e-05,1.110550882101196,1.1382443098005137,0.6571656586668864,1.1006707014562747,1.1477197466090283,0.6626363046589716,1.1105880765337266,1.138199356075509,0.6571397046216539,1.474302648560899,1.4720303495509306,0.8498771185685288,0.35737231795965235,0.048601728588620816,0.02806022108372136,0.4784518554768993,0.07390740591921345,0.042670460702564826,0.36037998566568136,0.0524086666163655,0.030258157778827975,0.4848170688768422,0.07586223456420765,0.043799081546971826,0.050217416349007095,0.016198251597692427,0.00935206492032901,0.06166777305131018,0.020107960701624638,0.011609336523937402,1.4693073447752767,2.1616845798212347,1.248049174062853,0.0069751301197127505,0.00027710329125371267,0.0001599856597986623,2.3391383556403387,3.464039313095246,1.9999640298989867,543.0862372507112,785.3257046783807,453.4080069975957,286.05484091817806,457.4083588343676,264.0848391026071,4.554478643536452,1.6919825004946494,0.976866552124722,17.333333333333332,23.18045153428495,13.383239933256489,158.0,11.269427669584644,6.506407098647712,0.002729545454545452,0.0004164303737701482,0.00024042618839493156,-0.026281549865488196,0.02270721945794566,0.013110019266592837,-0.002406191222570533,7.330707933093895e-05,4.232386198522285e-05,1.182986896741496,1.1900822880889108,0.6870943293859385
RCZDT-StepV,GPR-KG-AVB-lite,vepm,random,near_true_boundary,3,0.003674999999999992,0.00032691742076554553,0.00018874586088176587,252.0,1.7320508075688772,1.0,26.333333333333332,38.734136537856806,22.363164156959346,134.66666666666666,10.969655114602888,6.333333333333333,14.0,21.656407827707714,12.503332889007368,12.333333333333334,17.09775813764288,9.871395263307232,120.66666666666667,11.372481406154654,6.5659052011974035,105.0,29.46183972531247,17.009801096230763,0.4608763693270736,0.11317216032403558,0.06533997722785344,0.09627090870275168,0.14644674683472464,0.08455106870697325,0.13437959647520248,0.1936366468514315,0.11179617018465049,0.11679079865136227,0.16831627575889574,0.09717744711839374,0.9037290912972483,0.14644674683472458,0.08455106870697322,0.0018985691699604738,0.00012853223374799643,7.420811975394964e-05,1.0970482107916055,1.1002249520685985,0.6352151722459485,1.0870705327937376,1.1103610812846618,0.6410672691773834,1.0971113491315265,1.1001199561886295,0.6351545528463846,1.4618427307166184,1.4413847287828387,0.8321838611685877,0.3543054134892368,0.04091516983685109,0.023622384319245234,0.4722121926392875,0.061517676691387066,0.03551724719769269,0.35603501771610263,0.044059463870148516,0.02543774332578084,0.4767814863671047,0.0617086256444433,0.03562749162714118,0.05100225069104609,0.018049578895431906,0.010420929234036999,0.06192032832190569,0.021519987434621957,0.012424570538336352,1.4296303093479164,2.081303192278608,1.2016409583272818,0.007036825561007462,0.00021232422780830218,0.0001225854500806027,2.3021916580797472,3.391040370111384,1.9578180705166959,525.467225594833,757.8669235911196,437.5546723452465,286.28535877516305,457.20345263650364,263.9665364541117,4.530943708604948,1.6430247502249207,0.9486007818275757,12.333333333333334,17.09775813764288,9.871395263307232,120.66666666666667,11.372481406154654,6.5659052011974035,0.0018749999999999971,0.0004918078893226485,0.00028394541729001284,-0.02682932432884154,0.026018643577587222,0.015021870873468911,-0.0018084477529638824,0.0001657547570844448,9.569855362216525e-05,1.1748772352955346,1.1546836675037027,0.6666569262621271
RCZDT-StepV,GPR-KG-AVB-lite,vepm,random,tn,3,0.003674999999999992,0.00032691742076554553,0.00018874586088176587,436.3333333333333,83.67994582534894,48.312639248038515,0.0,0.0,0.0,0.0,0.0,0.0,0.0,0.0,0.0,0.0,0.0,0.0,0.0,0.0,0.0,436.3333333333333,83.67994582534894,48.312639248038515,0.0,0.0,0.0,0.0,0.0,0.0,0.0,0.0,0.0,0.0,0.0,0.0,0.0,0.0,0.0,0.0076530703061205565,0.00024268517196486742,0.00014011434936224684,1.1570853294708237,1.1427431569440036,0.6597630692762233,1.1494322591647033,1.1429057615083829,0.6598569490652391,1.1496628455721323,1.1426968172322152,0.659736315031148,1.491245125152891,1.4647810338156808,0.8456917241773417,0.42564991543323266,0.22331395252698164,0.12893037060525217,0.5283698284079513,0.25960360348638173,0.14988221035545937,0.4290838251702083,0.21092095758633023,0.1217752716402014,0.5299960265595284,0.23914321238831895,0.1380693980472678,0.05268005984857304,0.015025835923496154,0.008675170415229654,0.06539045463719727,0.01972728595425351,0.011389553856068988,1.4734962372198679,2.1543761955227057,1.243829676420756,0.006196381431779211,0.0014146365352178678,0.0008167407844135155,2.3297401627862118,3.443158988537367,1.9879087688947286,581.6584343881492,811.6745895898357,468.6205427940707,368.1549948736154,409.5301269232275,236.442329020387,4.800232747969502,1.6963382842189054,0.979381365030453,0.0,0.0,0.0,0.0,0.0,0.0,0.0,0.0,0.0,0.0,0.0,0.0,0.0,0.0,0.0,0.0,0.0,0.0
RCZDT-StepV,GPR-KG-AVB-lite,vepm,random,tp,3,0.003674999999999992,0.00032691742076554553,0.00018874586088176587,50.0,66.4304147209695,38.35361782153022,50.0,66.4304147209695,38.35361782153022,50.0,66.4304147209695,38.35361782153022,50.0,66.4304147209695,38.35361782153022,0.0,0.0,0.0,0.0,0.0,0.0,0.0,0.0,0.0,1.0,0.0,0.0,1.0,0.0,0.0,1.0,0.0,0.0,0.0,0.0,0.0,0.0,0.0,0.0,0.007174603174603177,0.0041691484672291175,0.0024070589898462467,0.025084906751107364,0.017492060716937936,0.010099045963605396,-0.01791030357650419,0.01820187956187324,0.010508860064804663,0.019601143396362975,0.016926700893071064,0.009772635317106858,0.024424031576649283,0.023649687094720397,0.013654153210387241,0.3218215616868611,0.09523929742421593,0.0549864340053019,0.3970169833720001,0.14552004034115704,0.08401603446345222,0.287819465508534,0.125802767374257,0.07263226160832716,0.3607713833848913,0.17572603461473976,0.1014554733884455,0.046178529956988346,0.014084247483266,0.008131544075796934,0.051260791319357436,0.010119471451553771,0.005842479566611303,0.011742163186781547,0.00648809423902215,0.0037459029554270987,0.00947511967047749,0.006313071968733986,0.003644853800562048,0.004501251846067796,0.0013243469530728298,0.000764612069857059,2.2763620902406645,1.9852944399915313,1.146210279349778,1.8462708379135337,1.3292289925278218,0.767430716650593,0.7101319469163542,0.6336455495155754,0.36583542858362583,0.0,0.0,0.0,0.0,0.0,0.0,0.0,0.0,0.0,0.0,0.0,0.0,0.0,0.0,0.0,0.0,0.0,0.0
RCZDT-StepV,GPR-KG-VEPM,vepm,axis,all,3,0.0039000000000000007,0.0,0.0,101.0,0.0,0.0,0.0,0.0,0.0,51.0,0.0,0.0,0.0,0.0,0.0,0.0,0.0,0.0,51.0,0.0,0.0,50.0,0.0,0.0,0.0,0.0,0.0,0.0,0.0,0.0,0.0,0.0,0.0,0.0,0.0,0.0,1.0,0.0,0.0,0.007574257425742577,1.0622968402425924e-18,6.133173666733496e-19,0.40886150613367844,0.2685760622578819,0.1550624618424778,0.40886150613367844,0.2685760622578819,0.1550624618424778,0.40886150613367844,0.2685760622578819,0.1550624618424778,0.40902592396299253,0.26860765006784043,0.1550806990730605,0.45308991411240146,0.13434652377926837,0.07756500166865106,0.5436303791251186,0.16799099165437273,0.09698964425308428,0.5243291807546402,0.25676258812127317,0.14824194936964208,0.6078827400586496,0.25820355575050663,0.14907389241827357,0.10336252407002326,0.10219765041747658,0.05900384097907738,0.1049864137820999,0.1007743082235342,0.05818207398025579,0.06250665745962734,0.0808541094509405,0.04668114185658796,0.0004000149066960149,0.0,0.0,0.0621066425529313,0.08085410945094049,0.046681141856587956,156.26082031769946,202.12774098537355,116.69850566859638,156.26082031769946,202.12774098537352,116.69850566859637,4.030046699640603,2.0981600139424517,1.2113732488525835,0.0,0.0,0.0,51.0,0.0,0.0,0.0,0.0,0.0,0.0,0.0,0.0,-0.0075,0.0,0.0,0.40165161009777095,0.26314599517442194,0.15192741115012448
RCZDT-StepV,GPR-KG-VEPM,vepm,axis,far_true_boundary,3,0.0039000000000000007,0.0,0.0,74.0,0.0,0.0,0.0,0.0,0.0,37.0,0.0,0.0,0.0,0.0,0.0,0.0,0.0,0.0,37.0,0.0,0.0,37.0,0.0,0.0,0.0,0.0,0.0,0.0,0.0,0.0,0.0,0.0,0.0,0.0,0.0,0.0,1.0,0.0,0.0,0.009600000000000003,0.0,0.0,0.4095795232831292,0.26777620068607544,0.1546006615486809,0.4095795232831292,0.2677762006860754,0.15460066154868088,0.4095795232831292,0.2677762006860754,0.15460066154868088,0.40978460296729663,0.2678426856216602,0.15463904664413783,0.4652565928034274,0.1637074212880338,0.0945165237489858,0.5518179399188577,0.19465513979824448,0.11238419736166069,0.5285811106914384,0.2763859536642793,0.15957150474830312,0.6139283818640912,0.2709191662523599,0.15641525356442898,0.10408090953682576,0.10205595634369011,0.05892203386743418,0.10617503677364182,0.1002123861735452,0.05785764813343106,0.06250665745962733,0.0808541094509405,0.04668114185658796,0.00040001490669601495,0.0,0.0,0.06210664255293131,0.0808541094509405,0.04668114185658796,156.26082031769946,202.12774098537352,116.69850566859637,156.26082031769946,202.12774098537352,116.69850566859637,4.030046699640603,2.0981600139424517,1.2113732488525835,0.0,0.0,0.0,37.0,0.0,0.0,0.0,0.0,0.0,0.0,0.0,0.0,-0.009600000000000001,0.0,0.0,0.40037744958492505,0.2608744492683864,0.15061593350979827
RCZDT-StepV,GPR-KG-VEPM,vepm,axis,fn,3,0.0039000000000000007,0.0,0.0,51.0,0.0,0.0,0.0,0.0,0.0,51.0,0.0,0.0,0.0,0.0,0.0,0.0,0.0,0.0,51.0,0.0,0.0,0.0,0.0,0.0,0.0,0.0,0.0,0.0,0.0,0.0,0.0,0.0,0.0,0.0,0.0,0.0,1.0,0.0,0.0,0.0075,0.0,0.0,0.40165161009777095,0.26314599517442194,0.15192741115012448,0.40915161009777085,0.2631459951744219,0.15192741115012445,0.40915161009777085,0.2631459951744219,0.15192741115012445,0.4092355316837882,0.26308976251150484,0.15189494520705205,0.3701406302756271,0.09527693541336703,0.055008164308470046,0.43558696233115124,0.11398275281099948,0.06580797301840513,0.4508634245993563,0.28881281673552167,0.1667461574876675,0.5115254348441486,0.2910821164340448,0.16805633827948177,0.10365361770310745,0.11327892368518148,0.0654016170831506,0.10446194439788349,0.11248614400425705,0.06494390552096083,0.06250665745962733,0.0808541094509405,0.04668114185658796,0.00040001490669601506,6.639355251516202e-20,3.833233541708435e-20,0.06210664255293131,0.0808541094509405,0.04668114185658796,156.26082031769943,202.12774098537346,116.69850566859633,156.26082031769946,202.12774098537352,116.69850566859637,4.030046699640603,2.098160013942452,1.2113732488525837,0.0,0.0,0.0,51.0,0.0,0.0,0.0,0.0,0.0,0.0,0.0,0.0,-0.0075,0.0,0.0,0.40165161009777095,0.26314599517442194,0.15192741115012448
RCZDT-StepV,GPR-KG-VEPM,vepm,axis,fp,3,0.0039000000000000007,0.0,0.0,0.0,0.0,0.0,0.0,0.0,0.0,0.0,0.0,0.0,0.0,0.0,0.0,0.0,0.0,0.0,0.0,0.0,0.0,0.0,0.0,0.0,0.0,0.0,0.0,0.0,0.0,0.0,0.0,0.0,0.0,0.0,0.0,0.0,0.0,0.0,0.0,0.0,0.0,0.0,0.0,0.0,0.0,0.0,0.0,0.0,0.0,0.0,0.0,0.0,0.0,0.0,0.0,0.0,0.0,0.0,0.0,0.0,0.0,0.0,0.0,0.0,0.0,0.0,0.0,0.0,0.0,0.0,0.0,0.0,0.0,0.0,0.0,0.0,0.0,0.0,0.0,0.0,0.0,0.0,0.0,0.0,0.0,0.0,0.0,0.0,0.0,0.0,0.0,0.0,0.0,0.0,0.0,0.0,0.0,0.0,0.0,0.0,0.0,0.0,0.0,0.0,0.0,0.0,0.0,0.0
RCZDT-StepV,GPR-KG-VEPM,vepm,axis,high_t1,3,0.0039000000000000007,0.0,0.0,34.0,0.0,0.0,0.0,0.0,0.0,0.0,0.0,0.0,0.0,0.0,0.0,0.0,0.0,0.0,0.0,0.0,0.0,34.0,0.0,0.0,0.0,0.0,0.0,0.0,0.0,0.0,0.0,0.0,0.0,0.0,0.0,0.0,0.0,0.0,0.0,0.010049999999999998,0.0,0.0,0.4194136399516686,0.2755721936504431,0.15910168018525903,0.40936363995166847,0.27557219365044305,0.159101680185259,0.40936363995166847,0.27557219365044305,0.159101680185259,0.4093871351394793,0.2755654249454768,0.15909777227162467,0.6068763672798495,0.3398985620555461,0.19624052629993627,0.6616373814041198,0.34817701490569525,0.20102009328144352,0.6426222244151995,0.30272924451211414,0.17478081081064115,0.6963460273729142,0.2982169490548168,0.17217563581370743,0.10386364842564187,0.08763015346878235,0.05059329269432971,0.10400861725165576,0.0875155178605404,0.050527107795052505,0.06250665745962734,0.08085410945094051,0.04668114185658798,0.00040001490669601517,0.0,0.0,0.06210664255293131,0.0808541094509405,0.04668114185658796,156.26082031769943,202.12774098537346,116.69850566859633,156.26082031769946,202.12774098537352,116.69850566859637,4.030046699640603,2.098160013942452,1.2113732488525837,0.0,0.0,0.0,0.0,0.0,0.0,0.0,0.0,0.0,0.0,0.0,0.0,0.0,0.0,0.0,0.0,0.0,0.0
RCZDT-StepV,GPR-KG-VEPM,vepm,axis,low_t1,3,0.0039000000000000007,0.0,0.0,34.0,0.0,0.0,0.0,0.0,0.0,34.0,0.0,0.0,0.0,0.0,0.0,0.0,0.0,0.0,34.0,0.0,0.0,0.0,0.0,0.0,0.0,0.0,0.0,0.0,0.0,0.0,0.0,0.0,0.0,0.0,0.0,0.0,1.0,0.0,0.0,0.01005,0.0,0.0,0.40014679814605364,0.26034476129030054,0.15031011801306388,0.41019679814605353,0.2603447612903005,0.15031011801306385,0.41019679814605353,0.2603447612903005,0.15031011801306385,0.4102451144829898,0.26030221314641927,0.15028555283074052,0.3413652925564821,0.2028115025007664,0.11709327556356995,0.37423775675309073,0.2004879766070225,0.11575178726334784,0.4267950273002192,0.43454410608706534,0.2508841566241325,0.4583601685758952,0.42776712851113596,0.2469714667963776,0.10469980531707174,0.11698936416722942,0.06754384089427307,0.10522384200102002,0.11644199213931745,0.06722781550661122,0.06250665745962734,0.08085410945094051,0.04668114185658798,0.00040001490669601517,0.0,0.0,0.06210664255293131,0.0808541094509405,0.04668114185658796,156.26082031769943,202.12774098537346,116.69850566859633,156.26082031769946,202.12774098537352,116.69850566859637,4.030046699640603,2.098160013942452,1.2113732488525837,0.0,0.0,0.0,34.0,0.0,0.0,0.0,0.0,0.0,0.0,0.0,0.0,-0.01005,0.0,0.0,0.40014679814605364,0.26034476129030054,0.15031011801306388
RCZDT-StepV,GPR-KG-VEPM,vepm,axis,mid_t1,3,0.0039000000000000007,0.0,0.0,33.0,0.0,0.0,0.0,0.0,0.0,17.0,0.0,0.0,0.0,0.0,0.0,0.0,0.0,0.0,17.0,0.0,0.0,16.0,0.0,0.0,0.0,0.0,0.0,0.0,0.0,0.0,0.0,0.0,0.0,0.0,0.0,0.0,1.0,0.0,0.0,0.0024727272727272727,0.0,0.0,0.4069684007326961,0.27068527811532644,0.15628021818555246,0.4069684007326961,0.27068527811532644,0.15628021818555246,0.4069684007326961,0.27068527811532644,0.15628021818555246,0.4069833623065528,0.2706928673039293,0.15628459980563522,0.40975348154294783,0.08874228272830333,0.051235380821687805,0.4944240445527844,0.13097580478084125,0.07561891614754658,0.5029412332695279,0.23701888737353477,0.1368429184281359,0.5653551992723272,0.25847824636989325,0.14923248512132029,0.10146840920666937,0.10260105872182841,0.05923674887218824,0.10165087469608287,0.10243905252148228,0.059143214548808005,0.06250665745962733,0.0808541094509405,0.04668114185658796,0.0004000149066960151,0.0,0.0,0.06210664255293131,0.0808541094509405,0.04668114185658796,156.26082031769946,202.12774098537352,116.69850566859637,156.26082031769946,202.12774098537352,116.69850566859637,4.030046699640603,2.0981600139424517,1.2113732488525835,0.0,0.0,0.0,17.0,0.0,0.0,0.0,0.0,0.0,0.0,0.0,0.0,-0.0024000000000000007,0.0,0.0,0.4046612340012056,0.268901697624868,0.15525046750926488
RCZDT-StepV,GPR-KG-VEPM,vepm,axis,near_true_boundary,3,0.0039000000000000007,0.0,0.0,27.0,0.0,0.0,0.0,0.0,0.0,14.0,0.0,0.0,0.0,0.0,0.0,0.0,0.0,0.0,14.0,0.0,0.0,13.0,0.0,0.0,0.0,0.0,0.0,0.0,0.0,0.0,0.0,0.0,0.0,0.0,0.0,0.0,1.0,0.0,0.0,0.002022222222222222,0.0,0.0,0.40689360727962826,0.27076861920325695,0.1563283351851037,0.40689360727962826,0.270768619203257,0.15632833518510372,0.40689360727962826,0.270768619203257,0.15632833518510372,0.40690354737542817,0.2707738135613989,0.15633133414917522,0.4197442021444046,0.06980598709500499,0.04030250544034868,0.511480359837805,0.12541513105846896,0.07240845967705925,0.512675743150082,0.22855461639625435,0.1319560693009091,0.5819126579916035,0.2533977260309764,0.14629924533602326,0.10139361575360158,0.10261783382232081,0.05924643398097321,0.10151600312623316,0.1025091032715838,0.05918365836823606,0.06250665745962733,0.0808541094509405,0.04668114185658796,0.00040001490669601517,0.0,0.0,0.06210664255293132,0.0808541094509405,0.04668114185658796,156.26082031769943,202.12774098537346,116.69850566859633,156.26082031769946,202.12774098537352,116.69850566859637,4.030046699640603,2.0981600139424517,1.2113732488525835,0.0,0.0,0.0,14.0,0.0,0.0,0.0,0.0,0.0,0.0,0.0,0.0,-0.0019500000000000003,0.0,0.0,0.40501903431029235,0.26931606652197626,0.15548970350355415
RCZDT-StepV,GPR-KG-VEPM,vepm,axis,tn,3,0.0039000000000000007,0.0,0.0,50.0,0.0,0.0,0.0,0.0,0.0,0.0,0.0,0.0,0.0,0.0,0.0,0.0,0.0,0.0,0.0,0.0,0.0,50.0,0.0,0.0,0.0,0.0,0.0,0.0,0.0,0.0,0.0,0.0,0.0,0.0,0.0,0.0,0.0,0.0,0.0,0.00765,1.0622968402425924e-18,6.133173666733496e-19,0.4162156000903041,0.27457907176784174,0.158528300999001,0.408565600090304,0.27457907176784163,0.15852830099900095,0.408565600090304,0.27457907176784163,0.15852830099900095,0.40860522439099256,0.2745835800951961,0.15853090388301266,0.5376981836259115,0.18954097002521728,0.109431530066522,0.630725649499333,0.2284821516713978,0.1319142317725064,0.5992642520330296,0.2477945199364179,0.14306423278900499,0.6825429382744862,0.26222820494366583,0.15139752471333784,0.10306560856427739,0.09123760905554197,0.052676058148435,0.1033796708950206,0.09098401956615884,0.05252964818847599,0.06250665745962733,0.0808541094509405,0.04668114185658796,0.00040001490669601506,6.639355251516202e-20,3.833233541708435e-20,0.06210664255293131,0.0808541094509405,0.04668114185658796,156.26082031769946,202.12774098537352,116.69850566859637,156.26082031769946,202.12774098537352,116.69850566859637,4.030046699640603,2.098160013942452,1.2113732488525837,0.0,0.0,0.0,0.0,0.0,0.0,0.0,0.0,0.0,0.0,0.0,0.0,0.0,0.0,0.0,0.0,0.0,0.0
RCZDT-StepV,GPR-KG-VEPM,vepm,axis,tp,3,0.0039000000000000007,0.0,0.0,0.0,0.0,0.0,0.0,0.0,0.0,0.0,0.0,0.0,0.0,0.0,0.0,0.0,0.0,0.0,0.0,0.0,0.0,0.0,0.0,0.0,0.0,0.0,0.0,0.0,0.0,0.0,0.0,0.0,0.0,0.0,0.0,0.0,0.0,0.0,0.0,0.0,0.0,0.0,0.0,0.0,0.0,0.0,0.0,0.0,0.0,0.0,0.0,0.0,0.0,0.0,0.0,0.0,0.0,0.0,0.0,0.0,0.0,0.0,0.0,0.0,0.0,0.0,0.0,0.0,0.0,0.0,0.0,0.0,0.0,0.0,0.0,0.0,0.0,0.0,0.0,0.0,0.0,0.0,0.0,0.0,0.0,0.0,0.0,0.0,0.0,0.0,0.0,0.0,0.0,0.0,0.0,0.0,0.0,0.0,0.0,0.0,0.0,0.0,0.0,0.0,0.0,0.0,0.0,0.0
RCZDT-StepV,GPR-KG-VEPM,vepm,combined,all,3,0.00369999999999999,0.0003464101615137694,0.0001999999999999965,1181.0,0.0,0.0,102.66666666666667,81.44527815247078,47.022453265552954,610.0,5.0,2.886751345948129,76.0,68.02205524680947,39.272551907577046,26.666666666666668,13.428824718989125,7.753135566408672,534.0,68.78953408767936,39.71565602295062,544.3333333333334,13.613718571108091,7.859884081701065,0.699322416713721,0.07910581331759631,0.04567176261337851,0.12466455107580478,0.11150730300896708,0.06437877140883631,0.20133600052972891,0.1582838152951286,0.0913852033690035,0.04668294513238678,0.02349257181663538,0.013563442662291054,0.8753354489241953,0.11150730300896705,0.0643787714088363,0.007508213378492802,8.930972372252223e-05,5.156299303244932e-05,0.4210061553025614,0.2828179015817623,0.16328499160987556,0.4148639863947272,0.281846323698994,0.1627240508577206,0.420514648824512,0.28319451234912385,0.16350242793779146,0.6360649057356664,0.5007081883458694,0.28908400732693756,0.4082070927402121,0.029519093109659895,0.01704285635309577,0.5368025130136161,0.058774852309912265,0.03393367680270835,0.41570488360290625,0.027496844819780677,0.01587531075856574,0.5545107209962152,0.05491381644512285,0.03170450670682138,0.05920389239554022,0.0250442466599807,0.014459302550791244,0.07388700430803367,0.03265359899124074,0.018852564167602934,0.2722537209383151,0.359908516101805,0.2077932786550159,0.0063289751485620825,0.00024806830937216406,0.0001432223051934343,0.6482036549804069,0.9523691058888536,0.5498505596528128,86.76741647311734,83.18517470799802,48.026983010248706,42.921914956390616,35.34038043982668,20.40377816019772,3.282243228714252,1.3086804704463695,0.7555670218954176,26.666666666666668,13.428824718989125,7.753135566408672,534.0,68.78953408767936,39.71565602295062,0.0068204481792717075,0.0016944032233403754,0.0009782641571113354,-0.03836460012189809,0.03231908069320405,0.018659429938182596,-0.007200563642467944,0.0004411024061816609,0.00025467059294917357,0.4719137877931275,0.30028045578925744,0.1733670019823113
RCZDT-StepV,GPR-KG-VEPM,vepm,combined,far_true_boundary,3,0.00369999999999999,0.0003464101615137694,0.0001999999999999965,879.0,4.358898943540674,2.5166114784235836,76.33333333333333,58.045958802773974,33.51284994015148,445.0,12.767145334803704,7.371114795831994,58.333333333333336,54.50076452063158,31.46603106702705,18.0,3.605551275463989,2.0816659994661326,386.6666666666667,65.2099174461472,37.648963391366365,416.0,7.211102550927978,4.163331998932265,0.6979365550794122,0.13164672701175756,0.0760062732781714,0.1330434388625407,0.12682193803949426,0.07322068006625206,0.2128222182775166,0.18011805927112234,0.10399121000609546,0.0413951221613704,0.007628588028606775,0.004404367351852879,0.8669565611374593,0.12682193803949426,0.07322068006625206,0.009430032528686488,7.31064339846204e-05,4.2208019340514196e-05,0.4243666801308523,0.28297041187768324,0.1633730434702797,0.4180340981706229,0.28186199359764047,0.1627330978779223,0.4237051666665936,0.2834710426214137,0.1636620827649371,0.6299143084358747,0.4830469715408815,0.27888729905036147,0.4366637865517436,0.029118334247709737,0.016811478116268718,0.57215046892921,0.061274735299337565,0.03537698491959561,0.44555721394381415,0.028661770769072885,0.01654788106897558,0.5902957366828064,0.05659954880100642,0.032677764736272416,0.06042709564450043,0.025291258393554852,0.014601914841663276,0.07533070532579093,0.03280805455969376,0.01894173913162712,0.26488427383703333,0.3454683436185153,0.19945624118464395,0.006242495808959566,0.00019091074814290364,0.00011022237183149827,0.4917173244082527,0.6719465875660502,0.38794854321230954,88.23346885864835,85.63503428893615,49.441410098780125,46.51140877119624,36.42247555658563,21.02852606714728,3.30627587923558,1.3283744792977639,0.766937363207193,18.0,3.605551275463989,2.0816659994661326,386.6666666666667,65.2099174461472,37.648963391366365,0.008525204991087344,0.0009007970284652629,0.0005200754068696345,-0.03790102095753517,0.035081901138121,0.020254545065778,-0.00926616311529504,0.00033219753148661996,0.00019179433422792923,0.47829668297375116,0.2964664990143816,0.17116501301165915
RCZDT-StepV,GPR-KG-VEPM,vepm,combined,fn,3,0.00369999999999999,0.0003464101615137694,0.0001999999999999965,534.0,68.78953408767936,39.71565602295062,0.0,0.0,0.0,534.0,68.78953408767936,39.71565602295062,0.0,0.0,0.0,0.0,0.0,0.0,534.0,68.78953408767936,39.71565602295062,0.0,0.0,0.0,0.0,0.0,0.0,0.0,0.0,0.0,0.0,0.0,0.0,0.0,0.0,0.0,1.0,0.0,0.0,0.007200563642467944,0.0004411024061816609,0.00025467059294917357,0.4719137877931275,0.30028045578925744,0.1733670019823113,0.4791143514355955,0.3002254469936304,0.17333524263934824,0.4791143514355955,0.3002254469936304,0.17333524263934824,0.6867946508839992,0.5317817028037425,0.3070243092638583,0.33394546995964713,0.10480004636562074,0.0605063349802764,0.41792595000320176,0.12688510744576467,0.07325715093996682,0.3347447429479032,0.10902147779936298,0.06294357955491303,0.43277113165595665,0.13994672971637,0.08079828207395404,0.061099595164541685,0.02206870089908562,0.01274137040475242,0.07681647822339456,0.02921363935777128,0.016866502547217894,0.3109497928350771,0.40242525686136715,0.23234033037761465,0.005451720111425179,0.0012865107887961677,0.0007427673502268253,0.7882605620447326,1.1910995243947011,0.687681631040916,107.41990118914828,111.72871142976203,64.50660162018313,135.87423661860205,167.54306040739417,96.73103102706276,3.5653874794549356,1.5498058692121173,0.8947808357812779,0.0,0.0,0.0,534.0,68.78953408767936,39.71565602295062,0.0,0.0,0.0,0.0,0.0,0.0,-0.007200563642467944,0.0004411024061816609,0.00025467059294917357,0.4719137877931275,0.30028045578925744,0.1733670019823113
RCZDT-StepV,GPR-KG-VEPM,vepm,combined,fp,3,0.00369999999999999,0.0003464101615137694,0.0001999999999999965,26.666666666666668,13.428824718989125,7.753135566408672,26.666666666666668,13.428824718989125,7.753135566408672,0.0,0.0,0.0,0.0,0.0,0.0,26.666666666666668,13.428824718989125,7.753135566408672,0.0,0.0,0.0,0.0,0.0,0.0,0.0,0.0,0.0,0.0,0.0,0.0,0.0,0.0,0.0,1.0,0.0,0.0,0.0,0.0,0.0,0.0068204481792717075,0.0016944032233403754,0.0009782641571113354,0.03836460012189809,0.03231908069320405,0.018659429938182596,-0.045185048301169796,0.03381667026936302,0.019524063683113553,0.045185048301169796,0.03381667026936302,0.019524063683113553,0.05622314381370789,0.04530695528886939,0.026157982832191083,0.37187251184660625,0.14755662997604557,0.08519186003738392,0.44159326872880994,0.1545247556999068,0.08921490929980236,0.37851932294866214,0.12840353351082814,0.07413381463737577,0.44678518420916274,0.1330005270787345,0.07678789011126948,0.054657526131774416,0.04802091899369113,0.02772489050774079,0.059520298053981235,0.04775099517755825,0.02756904991983578,0.009553951607724142,0.006787972259447616,0.003919037611243794,0.009073657194594919,0.005235130290963668,0.003022503882730638,0.006200520870246219,0.0038111052356545883,0.002200342633715169,1.3367273910362583,0.4449345599676272,0.2568830879690773,1.3909875298664283,0.5864143280202204,0.3385664701391278,0.7371580051885926,0.21511908728767556,0.1241990629533661,26.666666666666668,13.428824718989125,7.753135566408672,0.0,0.0,0.0,0.0068204481792717075,0.0016944032233403754,0.0009782641571113354,-0.03836460012189809,0.03231908069320405,0.018659429938182596,0.0,0.0,0.0,0.0,0.0,0.0
RCZDT-StepV,GPR-KG-VEPM,vepm,combined,high_t1,3,0.00369999999999999,0.0003464101615137694,0.0001999999999999965,383.3333333333333,13.012814197295423,7.512951779723097,13.333333333333334,5.8594652770823155,3.38296385503074,0.0,0.0,0.0,0.0,0.0,0.0,13.333333333333334,5.8594652770823155,3.38296385503074,0.0,0.0,0.0,370.0,7.937253933193772,4.582575694955841,0.0,0.0,0.0,0.0,0.0,0.0,0.0,0.0,0.0,0.034491736054236055,0.014035260589110332,0.008103261479269397,0.0,0.0,0.0,0.010111184778528529,4.1543651161595264e-05,2.3985238181266937e-05,0.4239892710164647,0.2699224873546104,0.15583982073451766,0.4117375626767781,0.2686339333228114,0.15509587371739314,0.4147478673356246,0.26979172600910994,0.1557643256364934,0.6249356061448103,0.47196684231907604,0.2724901834614962,0.5172148900245914,0.19728251887717915,0.11390111538014681,0.6492551466083917,0.23307882130930388,0.1345681202253273,0.53249703624283,0.20121353813014292,0.11617069040403505,0.6665958359371598,0.23610646743353036,0.13631613253016037,0.06107734016630001,0.026918434980030524,0.015541365681884063,0.07452442197476919,0.03474987887674225,0.02006285192379403,0.2592139308147035,0.33647559600341487,0.19426427592831136,0.006444167712208598,0.000323920544661939,0.00018701561365662067,0.49202585294074486,0.6584360852200072,0.3801482510459345,88.71821311099518,86.52009886075734,49.95240236757129,33.89081765450343,37.445159150713586,21.618972715512868,3.2670855068428075,1.307719085895395,0.7550119662661178,13.333333333333334,5.8594652770823155,3.38296385503074,0.0,0.0,0.0,0.010504090909090907,0.0023817879508837925,0.0013751259145953648,-0.035457625643711625,0.030979746554004674,0.01788616501238098,0.0,0.0,0.0,0.0,0.0,0.0
RCZDT-StepV,GPR-KG-VEPM,vepm,combined,low_t1,3,0.00369999999999999,0.0003464101615137694,0.0001999999999999965,398.0,12.288205727444508,7.0945988845975885,52.333333333333336,50.14312847572769,28.950148723471376,398.0,12.288205727444508,7.0945988845975885,52.333333333333336,50.14312847572769,28.950148723471376,0.0,0.0,0.0,345.6666666666667,62.40459384799595,36.02930905680972,0.0,0.0,0.0,1.0,0.0,0.0,0.13420676273498852,0.13234545095201422,0.07640968173316783,0.22149213397349424,0.19492816614914493,0.11254182919884893,0.0,0.0,0.0,0.8657932372650116,0.13234545095201425,0.07640968173316784,0.01002832877853039,8.610126148960531e-05,4.9710586498589986e-05,0.4237366786893227,0.29394921882129704,0.16971166061455606,0.42402472075206293,0.294814713052774,0.17021135394208137,0.43115962048255896,0.29483109659054385,0.17022081298202305,0.6346248115099254,0.4926924308992697,0.28445610760738443,0.3795446946083021,0.13139531404179236,0.07586111993228424,0.4676324402594032,0.1630049931812307,0.09411097669243666,0.3819370705606961,0.1446377417595466,0.08350663913985382,0.481215163352345,0.18454621014321304,0.1065478041041093,0.05978080183930229,0.02312089290119751,0.01334885374041089,0.07615633776441952,0.029629886332212377,0.01710682284996083,0.2694323879306732,0.3521819534100928,0.20333234560504532,0.00610166005850835,0.0001628688580854684,9.403237905825214e-05,0.48963753824020023,0.6838035205217698,0.3947941466460576,85.5211218566477,81.08717275627737,46.81570101866243,46.52034993382129,36.433552175455624,21.03492115603358,3.3240053450123273,1.3183442455216154,0.7611464050364988,0.0,0.0,0.0,345.6666666666667,62.40459384799595,36.02930905680972,0.0,0.0,0.0,0.0,0.0,0.0,-0.009856798535129304,0.0002560307525487898,0.00014781942390486628,0.47723562588289453,0.29204562205517953,0.1686126185092096
RCZDT-StepV,GPR-KG-VEPM,vepm,combined,mid_t1,3,0.00369999999999999,0.0003464101615137694,0.0001999999999999965,399.6666666666667,5.131601439446884,2.96273147243853,37.0,25.514701644346147,14.730919862656236,212.0,12.489995996796797,7.211102550927979,23.666666666666668,17.95364401266031,10.365541203644144,13.333333333333334,7.571877794400365,4.371625682868,188.33333333333334,8.504900548115382,4.910306620885412,174.33333333333334,18.717193521821944,10.80637671829822,0.6172839506172839,0.0565750085797017,0.032663596432896166,0.10897520146841096,0.07639222918451465,0.044105074083675117,0.17944568465182054,0.10976525092399358,0.06337299716863452,0.07287131519274377,0.046108795372776276,0.026620925420481754,0.8910247985315891,0.07639222918451462,0.0441050740836751,0.002502872066704626,0.00012639096425417777,7.29718572352859e-05,0.41499510192248557,0.2838453519929033,0.1638781903813268,0.40814852676652524,0.2813050290755365,0.1624115342611565,0.41495261651278365,0.2839145536780823,0.16391814399289328,0.6460988197685215,0.5350905868334206,0.3089346943491102,0.33023308689226516,0.031092939940473976,0.01795151724452952,0.42296648852748203,0.055301524848110115,0.03192835025765316,0.3355200158802348,0.02614816053096243,0.015096647521364708,0.44114722634728637,0.057714913521717516,0.033321720858019585,0.056870562429484316,0.025472826953893184,0.014706743498850986,0.07086361666488034,0.033856501073009845,0.01954706000832109,0.2870284172037573,0.38917906269499564,0.22469263660992198,0.006435600610848466,0.0004054834075156736,0.0002341059544811009,0.8598080486730506,1.3495867716016714,0.779184285878983,86.02499168542978,81.9394043920201,47.307737182970406,42.89771004177857,35.305940186985865,20.383894070949115,3.2558170941820452,1.3024536541511356,0.7519719678311699,13.333333333333334,7.571877794400365,4.371625682868,188.33333333333334,8.504900548115382,4.910306620885412,0.0029459090909090897,0.0006629858268557276,0.00038277504560406097,-0.04143210559581892,0.03396690052738444,0.01961079916302265,-0.0023744725844725843,6.570586117570706e-05,3.793529663713065e-05,0.4640580226439037,0.3164206078599932,0.1826855231251121
RCZDT-StepV,GPR-KG-VEPM,vepm,combined,near_true_boundary,3,0.00369999999999999,0.0003464101615137694,0.0001999999999999965,302.0,4.358898943540674,2.5166114784235836,26.333333333333332,23.437861108329262,13.53185542012296,165.0,10.14889156509222,5.8594652770823155,17.666666666666668,13.613718571108091,7.859884081701065,8.666666666666666,9.865765724632494,5.6960024968783545,147.33333333333334,3.7859388972001824,2.185812841434,128.33333333333334,15.53490693030806,8.969082698049142,0.7217083898548937,0.08604303405709739,0.04967696887475732,0.10404213203292957,0.07435129009647577,0.042926737351796244,0.17250084542660962,0.10454332942088097,0.06035811938312536,0.06528495000105854,0.07606040031147275,0.04391349259449949,0.8959578679670704,0.0743512900964758,0.042926737351796265,0.0019136742017365153,0.0001654939634430206,9.554798434308603e-05,0.4113349932651104,0.2824577277967651,0.16307704517815239,0.40573730748240844,0.2818527307585481,0.16272774997527886,0.41132539561169,0.2824378614416675,0.16306557533268895,0.6530950092199374,0.5511641220939545,0.3182147542586084,0.32540537119053425,0.030752680813261626,0.01775506854583924,0.41662818629932513,0.054843042172073114,0.03166364516122441,0.3288652103108804,0.02517636988501396,0.014535583930330397,0.4329871030725175,0.05730604997630492,0.03308566338001379,0.05562726092863898,0.024321545785536018,0.01404205100638703,0.06948775815649576,0.032189063827436144,0.018584364665732305,0.29406339738349657,0.4025093664557479,0.2323888910745718,0.006579835136509032,0.00041360403064911235,0.00023879439843317926,0.9556820291007635,1.5166816191317898,0.8756565410806963,82.60543124327198,76.35940668772675,44.08612400631915,29.44287646105842,40.16453375031363,23.189004372619387,3.2114973077388167,1.250816279245836,0.7221591155293495,8.666666666666666,9.865765724632494,5.6960024968783545,147.33333333333334,3.7859388972001824,2.185812841434,0.0017699999999999973,0.0004956813492557485,0.00028618176042508335,-0.032925253296361805,0.018466103158341973,0.010661409629352137,-0.0018320726208914128,0.00016561286603707377,9.561663278776998e-05,0.45824957855007825,0.3114717163124001,0.17982827925791897
RCZDT-StepV,GPR-KG-VEPM,vepm,combined,tn,3,0.00369999999999999,0.0003464101615137694,0.0001999999999999965,544.3333333333334,13.613718571108091,7.859884081701065,0.0,0.0,0.0,0.0,0.0,0.0,0.0,0.0,0.0,0.0,0.0,0.0,0.0,0.0,0.0,544.3333333333334,13.613718571108091,7.859884081701065,0.0,0.0,0.0,0.0,0.0,0.0,0.0,0.0,0.0,0.0,0.0,0.0,0.0,0.0,0.0,0.007719527988120135,0.0003063180932639037,0.0001768528336035677,0.43459075972425154,0.2677425315295102,0.1545812226520746,0.4268712317361314,0.26794166887867304,0.15469619465421947,0.42701934191916396,0.26785298265541585,0.1546449916393485,0.6317913918239714,0.47075966830607235,0.27179322122012983,0.47653674847946487,0.16629699675003043,0.09601161583905639,0.6046543291446675,0.20619743163769688,0.11904814266223376,0.496905163634285,0.16847095665297468,0.09726675217422871,0.6293754903631997,0.2077331367242452,0.11993478240734831,0.060417830640096114,0.025285433856183877,0.014598552043444239,0.0741016628220623,0.03387530212681772,0.019557914801798113,0.2627741856383377,0.3370815025372371,0.1946140962287174,0.006307248686824985,0.00013774503092939285,7.952713068661829e-05,0.4902827663907328,0.6631671716695955,0.38287974508116374,92.0807870005609,91.38569730830362,52.761556941030754,50.931191989786306,39.0275463786651,22.532564407532902,3.3377116648723004,1.3452783814854732,0.7766968356856221,0.0,0.0,0.0,0.0,0.0,0.0,0.0,0.0,0.0,0.0,0.0,0.0,0.0,0.0,0.0,0.0,0.0,0.0
RCZDT-StepV,GPR-KG-VEPM,vepm,combined,tp,3,0.00369999999999999,0.0003464101615137694,0.0001999999999999965,76.0,68.02205524680947,39.272551907577046,76.0,68.02205524680947,39.272551907577046,76.0,68.02205524680947,39.272551907577046,76.0,68.02205524680947,39.272551907577046,0.0,0.0,0.0,0.0,0.0,0.0,0.0,0.0,0.0,1.0,0.0,0.0,1.0,0.0,0.0,1.0,0.0,0.0,0.0,0.0,0.0,0.0,0.0,0.0,0.008314330994675823,0.0007619318543908121,0.0004399015612366861,0.04697317133502476,0.03680904159300002,0.021251710072330694,-0.03865884034034893,0.03617202438206333,0.02088392801411797,0.0410181434351382,0.036320229047448783,0.02096949401757342,0.05671259683763169,0.049564806848792824,0.028616254576482345,0.36815324339503247,0.1305413284796783,0.07536807113811364,0.4531460546555485,0.16026973151092502,0.09253177263078162,0.3465890773717379,0.1312752896775045,0.07579182383325332,0.4329572443048215,0.1632215119395767,0.09423598385585233,0.03913958878281017,0.022517589173447986,0.013000536170791598,0.049832706621378196,0.030203472021217377,0.017437982701911183,0.007290210791343429,0.005039266878312505,0.00290942208871209,0.008665750225256631,0.005470982797976893,0.0031586733911437713,0.004692132598878095,0.0022784530730197887,0.0013154654950439052,1.4836930868793337,0.6311155640159676,0.36437474077438137,1.0439678964103944,0.3455962783745356,0.19953010435047097,0.7933788888490766,0.343727785112566,0.19845132926269385,0.0,0.0,0.0,0.0,0.0,0.0,0.0,0.0,0.0,0.0,0.0,0.0,0.0,0.0,0.0,0.0,0.0,0.0
RCZDT-StepV,GPR-KG-VEPM,vepm,random,all,3,0.003674999999999992,0.00032691742076554553,0.00018874586088176587,1000.0,0.0,0.0,69.66666666666667,78.25811991949035,45.18234660179177,512.0,10.583005244258363,6.110100926607787,52.333333333333336,66.7108187128095,38.51550914170089,17.333333333333332,11.67618659209133,6.741249472052229,459.6666666666667,62.083277404896506,35.84379692189121,470.6666666666667,18.33939293797189,10.588253449512393,0.5584019824526153,0.3029148225698202,0.17488795435221344,0.10134327171536474,0.1278893329133386,0.0738369407839977,0.16161038829098787,0.19261118269059244,0.11120411817534574,0.035654269972451795,0.024512669876006168,0.014152396551468592,0.8986567282846352,0.12788933291333857,0.07383694078399769,0.007484499999999999,9.47431791740178e-05,5.4700000000000123e-05,0.4434697671494115,0.3142072462183487,0.18140763818549466,0.4405723137150768,0.316330584012229,0.18263354783237196,0.4430232498100062,0.31478520296887863,0.18174132167099308,0.6517317957163679,0.5297712491496301,0.30586357330546327,0.4114986218393528,0.023920219246622295,0.01381034502111225,0.5431786236902476,0.05184929562057174,0.02993520478382958,0.4132927021051436,0.02253530496262142,0.013010764386439786,0.5544977874850635,0.051563923497645,0.02977044511183861,0.05594411706306582,0.018392113902417007,0.010618691912526719,0.06937215626568667,0.023477666837703966,0.013554837268692735,0.2983813304318908,0.40304109673243776,0.23269588569295496,0.006891220729648713,0.00011200529912318858,6.466628959943748e-05,0.5095637845992128,0.7394334001958188,0.4269120726508563,82.29226802139178,75.67243446732424,43.68950040994397,40.11832529648546,35.23250615250086,20.341496911371518,3.2790838432876774,1.2928594929356612,0.7464327762707671,17.333333333333332,11.67618659209133,6.741249472052229,459.6666666666667,62.083277404896506,35.84379692189121,0.006420952380952378,0.0021042412629061827,0.0012148842595788027,-0.011827093032605117,0.0035629992581204333,0.002057098580798269,-0.007220801461229929,0.0005344798328626688,0.00030858207537968807,0.4838166717825714,0.31393375402886553,0.18124973739627528
RCZDT-StepV,GPR-KG-VEPM,vepm,random,far_true_boundary,3,0.003674999999999992,0.00032691742076554553,0.00018874586088176587,748.0,1.7320508075688772,1.0,52.0,58.40376700179535,33.71943060017473,377.3333333333333,11.150485789118488,6.437735971942656,41.0,53.67494760127857,30.98924544633724,11.0,5.0,2.886751345948129,336.3333333333333,60.011110082495,34.64743056049676,359.6666666666667,8.082903768654761,4.666666666666667,0.5508084042802468,0.3699125841619056,0.2135691300425063,0.1100743632032457,0.14383097412527734,0.08304085162903498,0.173505466148866,0.21486672438081497,0.12405336116115666,0.029449190030663996,0.012820354103918085,0.00740183489300343,0.8899256367967543,0.14383097412527732,0.08304085162903496,0.009366585809906292,0.00011429395554143397,6.598764599859402e-05,0.4479221379282298,0.32108232288195154,0.18537696554792507,0.44493641891562047,0.32331342690523895,0.18666509405636011,0.4473310482495189,0.3218562510814419,0.18582379320223427,0.6558299684609731,0.5361376461987489,0.30953921435554005,0.4412690300299247,0.019761460242232198,0.011409284390432848,0.5803764441569489,0.05214648284803683,0.03010678590960627,0.444745389710183,0.019681726830576358,0.01136325028374994,0.5923739834752636,0.05312829822201543,0.030673637280067327,0.05686571840364924,0.018300721825630858,0.010565926672392437,0.07051569380157159,0.023322063492956156,0.01346499963571578,0.3028632174596709,0.4111625137568639,0.2373847879982086,0.006841851334689481,0.00011001000210529699,6.351430432904451e-05,0.5137795625878399,0.7468662914135896,0.4312034543962935,82.92703864834935,75.92830044711685,43.8372247022537,40.142502965476005,35.26991892215987,20.363097184005277,3.2918461020061383,1.3088273117126024,0.7556518007400053,11.0,5.0,2.886751345948129,336.3333333333333,60.011110082495,34.64743056049676,0.008031439393939391,0.0014471207580198724,0.0008354955591926687,-0.010771579157123588,0.0017397573752905935,0.001004449388948661,-0.009223607206836867,0.0004175767989989226,0.00024108807730937023,0.4905981521854111,0.31727880912245987,0.18318100585501612
RCZDT-StepV,GPR-KG-VEPM,vepm,random,fn,3,0.003674999999999992,0.00032691742076554553,0.00018874586088176587,459.6666666666667,62.083277404896506,35.84379692189121,0.0,0.0,0.0,459.6666666666667,62.083277404896506,35.84379692189121,0.0,0.0,0.0,0.0,0.0,0.0,459.6666666666667,62.083277404896506,35.84379692189121,0.0,0.0,0.0,0.0,0.0,0.0,0.0,0.0,0.0,0.0,0.0,0.0,0.0,0.0,0.0,1.0,0.0,0.0,0.007220801461229929,0.0005344798328626688,0.00030858207537968807,0.4838166717825714,0.31393375402886553,0.18124973739627528,0.49103747324380137,0.31397957640110424,0.1812761929552222,0.49103747324380137,0.31397957640110424,0.1812761929552222,0.6841653932812578,0.5311984696894201,0.30668757946830394,0.33464531300338934,0.12854308201989884,0.07421438300665274,0.41474197547545094,0.15296773113130394,0.08831596074598463,0.3248622610605563,0.13686880522997694,0.07902124154318965,0.4122383498680673,0.1696556460977849,0.09795073294409601,0.05805874406809406,0.013394257083722811,0.007733177932882417,0.07164096095080459,0.017496540603882376,0.010101632427538709,0.31845009888429415,0.4134813831013038,0.23872358783843653,0.006034601472013283,0.0015373338970580983,0.0008875801393008295,0.5258527462678632,0.7505144065156837,0.4333096946325222,101.87557779657152,104.98414465458703,60.61262417696843,118.88303594222786,139.02770121382616,80.2676807206174,3.5328500457991208,1.512862627692738,0.8734516453453269,0.0,0.0,0.0,459.6666666666667,62.083277404896506,35.84379692189121,0.0,0.0,0.0,0.0,0.0,0.0,-0.007220801461229929,0.0005344798328626688,0.00030858207537968807,0.4838166717825714,0.31393375402886553,0.18124973739627528
RCZDT-StepV,GPR-KG-VEPM,vepm,random,fp,3,0.003674999999999992,0.00032691742076554553,0.00018874586088176587,17.333333333333332,11.67618659209133,6.741249472052229,17.333333333333332,11.67618659209133,6.741249472052229,0.0,0.0,0.0,0.0,0.0,0.0,17.333333333333332,11.67618659209133,6.741249472052229,0.0,0.0,0.0,0.0,0.0,0.0,0.0,0.0,0.0,0.0,0.0,0.0,0.0,0.0,0.0,1.0,0.0,0.0,0.0,0.0,0.0,0.006420952380952378,0.0021042412629061827,0.0012148842595788027,0.011827093032605117,0.0035629992581204333,0.002057098580798269,-0.018248045413557498,0.0015454499702289872,0.000892265956330805,0.018248045413557498,0.0015454499702289872,0.000892265956330805,0.021354889013682588,0.0009224225709106887,0.0005325609196218729,0.3647435683465136,0.20339185217090977,0.11742834060185134,0.4254533080768856,0.2035676156548303,0.11752981769660656,0.3628981037489137,0.1755943416177078,0.1013794404011587,0.41193289848598846,0.18345385372448964,0.10591713183170832,0.04961957058764108,0.04641016690252068,0.026794922354305774,0.05237730208152371,0.044634581457703916,0.025769787619771636,0.014973997583112296,0.01356087481411484,0.00782937472437602,0.010019412918063193,0.006845213842354233,0.003952086054543769,0.006007122049284872,0.00797413539389788,0.0046038692162214635,1.544460868364019,0.5605952830534886,0.3236598375773661,1.4703609113692397,0.5393810784235767,0.3114118108236427,0.510179737144743,0.3273429061848375,0.18899151500313036,17.333333333333332,11.67618659209133,6.741249472052229,0.0,0.0,0.0,0.006420952380952378,0.0021042412629061827,0.0012148842595788027,-0.011827093032605117,0.0035629992581204333,0.002057098580798269,0.0,0.0,0.0,0.0,0.0,0.0
RCZDT-StepV,GPR-KG-VEPM,vepm,random,high_t1,3,0.003674999999999992,0.00032691742076554553,0.00018874586088176587,327.0,10.44030650891055,6.027713773341709,8.666666666666666,5.033222956847166,2.9059326290271157,0.0,0.0,0.0,0.0,0.0,0.0,8.666666666666666,5.033222956847166,2.9059326290271157,0.0,0.0,0.0,318.3333333333333,6.658328118479393,3.8441875315569325,0.0,0.0,0.0,0.0,0.0,0.0,0.0,0.0,0.0,0.026236988635084006,0.014726029251570903,0.008502076952488764,0.0,0.0,0.0,0.010055734005311236,8.932562140988828e-05,5.15721715665296e-05,0.44446520276740226,0.30259435745747604,0.17470293373333565,0.43378480150839877,0.30279953405072885,0.17482139249468157,0.43498886161642697,0.3023255704593555,0.17454774948761606,0.6479653770461566,0.5209148054136312,0.3007503031304215,0.5143686925391122,0.1878271939428376,0.10844208098402934,0.652576676616855,0.22787812481173175,0.13156549670248047,0.5276486848223044,0.19144036666518338,0.11052814722790429,0.6709021159501168,0.22953893295668623,0.13252436473204227,0.0574630319305429,0.02163016377036506,0.01248818087543596,0.07054597820249289,0.02808078313273855,0.016212447700742105,0.2939207890630164,0.39791523323138284,0.22973646702079162,0.007095125212104338,0.00024864977577868357,0.00014355801497976305,0.5055405455187626,0.734563059850897,0.4241001803416706,80.23908046458563,72.93297338677776,42.107871817655955,27.84078813665489,41.91768628721863,24.201187461731962,3.245106006026152,1.2819815927721854,0.7401524176831664,8.666666666666666,5.033222956847166,2.9059326290271157,0.0,0.0,0.0,0.009557142857142856,0.0028096567260730183,0.0016221560671286998,-0.011720079229778533,0.0006734716186446614,0.00038882902031606826,0.0,0.0,0.0,0.0,0.0,0.0
RCZDT-StepV,GPR-KG-VEPM,vepm,random,low_t1,3,0.003674999999999992,0.00032691742076554553,0.00018874586088176587,335.3333333333333,12.503332889007368,7.218802609235905,36.0,47.44470465710583,27.392213005402343,335.3333333333333,12.503332889007368,7.218802609235905,36.0,47.44470465710583,27.392213005402343,0.0,0.0,0.0,299.3333333333333,59.24806607251694,34.20688689593239,0.0,0.0,0.0,1.0,0.0,0.0,0.11075253425764668,0.14735005426804107,0.08507259349675948,0.17938563973542845,0.2266908403546513,0.13088001770158042,0.0,0.0,0.0,0.8892474657423534,0.14735005426804104,0.08507259349675947,0.009988857506000476,0.0001256410515851381,7.253889495394715e-05,0.4496696854683697,0.3308737818949353,0.19103006704483044,0.4540272107949779,0.3346510644199671,0.19321088212746282,0.4575611072186125,0.33223258566764,0.1918145727687774,0.661359486734227,0.5437585152164225,0.31393912513435274,0.38803206570572407,0.15103221886568652,0.0871984922184106,0.4746667887414025,0.1775296784577188,0.10249680764671167,0.3821643672872194,0.16072485900925926,0.09279454061446049,0.4740154902305247,0.19524286733203458,0.11272352201150457,0.05673065700811545,0.01502529209734833,0.008674856437056816,0.0708292697533262,0.017980783790679754,0.010381210361789416,0.30702995170249664,0.4145984309186787,0.23936851569649562,0.006599889611608168,0.0002137772114035317,0.00012342433055043657,0.5173911106943687,0.7501536569555873,0.43310141577689054,83.60009093009485,76.63123374409855,44.243063430488434,42.94810372379302,35.37780654107487,20.42538612982808,3.325385870660299,1.3167223431190966,0.7602099992478053,0.0,0.0,0.0,299.3333333333333,59.24806607251694,34.20688689593239,0.0,0.0,0.0,0.0,0.0,0.0,-0.009839322800408765,0.00031568614359431957,0.00018226147998361527,0.49012814687396533,0.3098439708706815,0.17888849998897052
RCZDT-StepV,GPR-KG-VEPM,vepm,random,mid_t1,3,0.003674999999999992,0.00032691742076554553,0.00018874586088176587,337.6666666666667,5.033222956847167,2.905932629027116,25.0,25.942243542145693,14.977761292440647,176.66666666666666,17.672954855748753,10.203485243342646,16.333333333333332,19.295940851208407,11.140516644712271,8.666666666666666,6.658328118479393,3.8441875315569325,160.33333333333334,6.110100926607786,3.5276684147527875,152.33333333333334,19.5021366350801,11.259563836036358,0.5139796659404503,0.23579055626892084,0.13613374113423304,0.08648394752455664,0.0961196390913914,0.055494699503824504,0.14143562049612268,0.14812161331855297,0.08551805332226822,0.0563357290174993,0.04764368250151182,0.02750709291743291,0.9135160524754434,0.09611963909139143,0.05549469950382452,0.0025092636476394723,0.00013717580966808698,7.91984906381749e-05,0.43579488673357286,0.30817975751346566,0.177927665959193,0.43307066836464303,0.3100507778097128,0.17900790003089054,0.43573850867343084,0.3082675738000184,0.17797836671587347,0.6451117082433703,0.5234128272685883,0.3021925367208226,0.33005854747214003,0.03358857419143627,0.01939237235112145,0.4235386620775771,0.05364020021291464,0.030969184032311692,0.3283157237202367,0.028594240460648148,0.016508892427228097,0.43411579258678207,0.047825755164163146,0.027612212618226727,0.0538444900605353,0.018887834087241248,0.010904896094677725,0.066645863868021,0.02475020367402779,0.01428953675369801,0.2937948972082457,0.3957709115284176,0.22849844230835548,0.0069751301197127505,0.00027710329125371267,0.0001599856597986623,0.5052671527792619,0.7326961856165594,0.42302233999993255,83.00039464623497,77.47934451634656,44.73272041314844,37.970299701818384,35.62410498582179,20.5675866032037,3.266246285817653,1.280730895266309,0.7394303271414739,8.666666666666666,6.658328118479393,3.8441875315569325,160.33333333333334,6.110100926607786,3.5276684147527875,0.0028175595238095204,0.0005986114974797624,0.00034560850920994587,-0.011546463795574212,0.007029950984761562,0.004058744093441963,-0.0023916763186955362,4.546879433076394e-05,2.625142064659429e-05,0.47435229973695464,0.32147779774159524,0.18560529306459808
RCZDT-StepV,GPR-KG-VEPM,vepm,random,near_true_boundary,3,0.003674999999999992,0.00032691742076554553,0.00018874586088176587,252.0,1.7320508075688772,1.0,17.666666666666668,19.857828011475306,11.46492234794656,134.66666666666666,10.969655114602888,6.333333333333333,11.333333333333334,13.051181300301261,7.5351030369715435,6.333333333333333,6.8068592855540455,3.9299420408505323,123.33333333333333,2.081665999466133,1.2018504251546633,111.0,19.467922333931785,11.239810200058244,0.5954545454545455,0.08294676177679391,0.04788933524023973,0.0794141235798815,0.0874121048606585,0.05046740227173298,0.13076380520197836,0.13415019052959248,0.07745164861409981,0.05886107703034018,0.06788954492274506,0.03919604703630805,0.9205858764201186,0.0874121048606585,0.05046740227173298,0.0018985691699604738,0.00012853223374799643,7.420811975394964e-05,0.4302870309813595,0.29394352733091367,0.16970837463105112,0.42765718273057945,0.2957392900247521,0.17074515870573942,0.4302764198419194,0.2939298058400743,0.16970045252462132,0.6393943150892418,0.5106429267393511,0.2948198312127427,0.32311956392301133,0.03705917175165178,0.02139612278676073,0.4131825851565211,0.05593906804517523,0.03229643599409872,0.3199260095850323,0.032637880806153194,0.018843489269211467,0.4222504594935695,0.05201560714076732,0.030031224784783834,0.05320974928822581,0.018709148239718074,0.010801731772509843,0.06583847369058227,0.02404608593714843,0.013883014188769522,0.2851435645062928,0.3790659071028362,0.2188538035064322,0.007036825561007462,0.00021232422780830218,0.0001225854500806027,0.4968670953339765,0.717079262693454,0.41400590534636406,80.4110371243158,74.9497619579054,43.27226524209505,37.81678072944623,35.277596759178245,20.36752998527463,3.2405890752865445,1.2458239976611893,0.7192768204125835,6.333333333333333,6.8068592855540455,3.9299420408505323,123.33333333333333,2.081665999466133,1.2018504251546633,0.0021999999999999967,0.0010535653752852736,0.0006082762530298219,-0.011972195741505584,0.00931032903358031,0.00537532097378158,-0.0018167949346840845,0.00013963548139452986,8.06185827715548e-05,0.4667663505200979,0.3028305369366805,0.1748392920192314
RCZDT-StepV,GPR-KG-VEPM,vepm,random,tn,3,0.003674999999999992,0.00032691742076554553,0.00018874586088176587,470.6666666666667,18.33939293797189,10.588253449512393,0.0,0.0,0.0,0.0,0.0,0.0,0.0,0.0,0.0,0.0,0.0,0.0,0.0,0.0,0.0,470.6666666666667,18.33939293797189,10.588253449512393,0.0,0.0,0.0,0.0,0.0,0.0,0.0,0.0,0.0,0.0,0.0,0.0,0.0,0.0,0.0,0.007682434200004323,0.00030636446737315683,0.00017687960770802842,0.4505177449013778,0.2947721880287829,0.1701868021080328,0.44283531070137344,0.29498165343991656,0.17030773701953672,0.4429495960098724,0.2948851265998358,0.17025200722243208,0.6516824540052631,0.5129237076198142,0.29613664066804063,0.4757587268104666,0.1630954943933673,0.09416322759162571,0.6074388737685792,0.20448252354594187,0.11805804001382354,0.49170334383848274,0.1653161383515045,0.09544531697863054,0.629063188235392,0.20398855113782208,0.11777284491102333,0.05678812482621192,0.019837452419205096,0.011453158494264455,0.06980889874763106,0.0265487506885358,0.015327928356674408,0.29309588985017304,0.3905203520194031,0.22546703036242982,0.0069695456532943905,0.0001926876885116477,0.00011124828883172658,0.5042499789444183,0.7280509734004881,0.4203404254765409,84.03732527377353,78.3470513058482,45.23369116164488,42.93087044079736,35.2539858104177,20.353898197651908,3.3016434022365124,1.3017945839541116,0.7515914534755033,0.0,0.0,0.0,0.0,0.0,0.0,0.0,0.0,0.0,0.0,0.0,0.0,0.0,0.0,0.0,0.0,0.0,0.0
RCZDT-StepV,GPR-KG-VEPM,vepm,random,tp,3,0.003674999999999992,0.00032691742076554553,0.00018874586088176587,52.333333333333336,66.7108187128095,38.51550914170089,52.333333333333336,66.7108187128095,38.51550914170089,52.333333333333336,66.7108187128095,38.51550914170089,52.333333333333336,66.7108187128095,38.51550914170089,0.0,0.0,0.0,0.0,0.0,0.0,0.0,0.0,0.0,1.0,0.0,0.0,1.0,0.0,0.0,1.0,0.0,0.0,0.0,0.0,0.0,0.0,0.0,0.0,0.007223784722222221,0.001531408751455197,0.0008841592548920067,0.014918571947412765,0.0107110455129142,0.0061840250101833465,-0.007694787225190544,0.00932895558549549,0.005386075018543885,0.013097266834601577,0.0057402703336543424,0.003314146622356558,0.016024465555116097,0.008164454990659346,0.004713750286643757,0.30696065720457905,0.17012009307532652,0.09821888153160396,0.3540949368814386,0.21914369369950074,0.12652267054861566,0.32028489976029123,0.1314816744913621,0.07591098016109067,0.37185836158843144,0.17969773565386987,0.10374853605252798,0.04614764978319286,0.034737640751594426,0.020055786238945557,0.04964163171082211,0.032130138965754264,0.018550344380978308,0.014936922185878656,0.013568425903788308,0.007833734348031671,0.00974528954347354,0.006965295564095427,0.0040214152689158015,0.006168216166606655,0.007760733547857507,0.004480661602964491,1.999389657855211,0.964172083232505,0.5566650117994091,1.9419704318295097,0.8834986862937454,0.5100882043603746,0.6843319292097588,0.501380899015018,0.28947239701285726,0.0,0.0,0.0,0.0,0.0,0.0,0.0,0.0,0.0,0.0,0.0,0.0,0.0,0.0,0.0,0.0,0.0,0.0
RCZDT-StepV,GPR-KG-oracleV,oracle,axis,all,3,0.0039000000000000007,0.0,0.0,101.0,0.0,0.0,26.333333333333332,45.610671265980436,26.333333333333336,51.0,0.0,0.0,17.0,29.444863728670914,17.0,9.333333333333334,16.165807537309522,9.333333333333334,34.0,29.444863728670914,17.0,40.666666666666664,16.165807537309522,9.333333333333334,0.21518987341772153,0.372719794033809,0.2151898734177215,0.3333333333333333,0.5773502691896258,0.33333333333333337,0.26153846153846155,0.4529979035180141,0.2615384615384616,0.18666666666666668,0.32331615074619047,0.1866666666666667,0.6666666666666666,0.5773502691896258,0.33333333333333337,0.007574257425742577,1.0622968402425924e-18,6.133173666733496e-19,0.034653635781507375,0.02928466946049347,0.01690751179614512,0.028158807225866393,0.03797850856022055,0.021926902140663843,0.033724389605629304,0.03042602615567118,0.01756647439134735,0.03521118244403413,0.030213447144779103,0.017443741842184744,0.32847699538962405,0.11221341827121409,0.06478644724557353,0.39237126614652573,0.13953568430719782,0.08056096489631931,0.3259640423226098,0.09893813275667815,0.057121957580187066,0.38997799296931634,0.12477458433479524,0.0720386398537177,0.033724389605629304,0.03042602615567118,0.01756647439134735,0.03521118244403413,0.030213447144779103,0.017443741842184744,0.0004000149066960149,0.0,0.0,0.0004000149066960149,0.0,0.0,0.0,0.0,0.0,1.0,0.0,0.0,1.0,0.0,0.0,0.0,0.0,0.0,9.333333333333334,16.165807537309522,9.333333333333334,34.0,29.444863728670914,17.0,0.0014500000000000001,0.0025114736709748726,0.0014500000000000003,-0.0021854622398910437,0.0037853316375145696,0.0021854622398910437,-0.005,0.004330127018922193,0.0025,0.03150711510797453,0.03473523276973217,0.020054395989969182
RCZDT-StepV,GPR-KG-oracleV,oracle,axis,far_true_boundary,3,0.0039000000000000007,0.0,0.0,74.0,0.0,0.0,17.333333333333332,30.02221399786054,17.333333333333336,37.0,0.0,0.0,12.333333333333334,21.36195996001615,12.333333333333332,5.0,8.660254037844387,5.000000000000001,24.666666666666668,21.361959960016154,12.333333333333334,32.0,8.660254037844387,5.000000000000001,0.2371794871794872,0.410806922308003,0.2371794871794872,0.3333333333333333,0.5773502691896258,0.33333333333333337,0.2771535580524344,0.48004404404530676,0.27715355805243447,0.13513513513513514,0.2340609199417402,0.13513513513513514,0.6666666666666666,0.5773502691896258,0.33333333333333337,0.009600000000000003,0.0,0.0,0.03558643742432367,0.02871363235171426,0.016577823367674178,0.029570627005240147,0.03712273280412617,0.021432819777516796,0.03431814196805765,0.030383020930471388,0.017541645313001692,0.03586127276173127,0.030434617926894857,0.017571434852776156,0.30884434012552625,0.14472914588940827,0.08355941133883449,0.3643594331150756,0.16984682459470402,0.09806110990075552,0.3091815712805302,0.13400239290974278,0.077366317618494,0.3627792968987284,0.15812998638570006,0.09129639020673579,0.03431814196805765,0.030383020930471388,0.017541645313001692,0.03586127276173127,0.030434617926894857,0.017571434852776156,0.00040001490669601495,0.0,0.0,0.00040001490669601495,0.0,0.0,0.0,0.0,0.0,1.0,0.0,0.0,1.0,0.0,0.0,0.0,0.0,0.0,5.0,8.660254037844387,5.000000000000001,24.666666666666668,21.361959960016154,12.333333333333334,0.0021,0.0036373066958946417,0.0021,-0.001290365412165889,0.002234978454200875,0.001290365412165889,-0.0064,0.005542562584220407,0.0032,0.03270538607754725,0.03450284705998931,0.019920228037893315
RCZDT-StepV,GPR-KG-oracleV,oracle,axis,fn,3,0.0039000000000000007,0.0,0.0,34.0,29.444863728670914,17.0,0.0,0.0,0.0,34.0,29.444863728670914,17.0,0.0,0.0,0.0,0.0,0.0,0.0,34.0,29.444863728670914,17.0,0.0,0.0,0.0,0.0,0.0,0.0,0.0,0.0,0.0,0.0,0.0,0.0,0.0,0.0,0.0,0.6666666666666666,0.5773502691896258,0.33333333333333337,0.005,0.004330127018922193,0.0025,0.03150711510797453,0.03473523276973217,0.020054395989969182,0.03650711510797453,0.03823074363489789,0.02207253012892787,0.03650711510797453,0.03823074363489789,0.02207253012892787,0.0374216000618798,0.038211211393226405,0.022061253183940963,0.23305502641558662,0.2038615453518437,0.11769951808630007,0.2807465570286647,0.24585889982324466,0.14194670199561554,0.2357912856768852,0.20440564181647483,0.11801365232661998,0.28142444901544733,0.24388550744027554,0.14080736337209157,0.03650711510797453,0.03823074363489789,0.02207253012892787,0.0374216000618798,0.038211211393226405,0.022061253183940963,0.00026667660446401,0.00023094871406080728,0.000133338302232005,0.00026667660446401,0.00023094871406080728,0.000133338302232005,0.0,0.0,0.0,0.6666666666666666,0.5773502691896258,0.33333333333333337,0.6666666666666666,0.5773502691896258,0.33333333333333337,0.0,0.0,0.0,0.0,0.0,0.0,34.0,29.444863728670914,17.0,0.0,0.0,0.0,0.0,0.0,0.0,-0.005,0.004330127018922193,0.0025,0.03150711510797453,0.03473523276973217,0.020054395989969182
RCZDT-StepV,GPR-KG-oracleV,oracle,axis,fp,3,0.0039000000000000007,0.0,0.0,9.333333333333334,16.165807537309522,9.333333333333334,9.333333333333334,16.165807537309522,9.333333333333334,0.0,0.0,0.0,0.0,0.0,0.0,9.333333333333334,16.165807537309522,9.333333333333334,0.0,0.0,0.0,0.0,0.0,0.0,0.0,0.0,0.0,0.0,0.0,0.0,0.0,0.0,0.0,0.3333333333333333,0.5773502691896258,0.33333333333333337,0.0,0.0,0.0,0.0014500000000000001,0.0025114736709748726,0.0014500000000000003,0.0021854622398910437,0.0037853316375145696,0.0021854622398910437,-0.003635462239891043,0.0062968053084894405,0.003635462239891043,0.003635462239891043,0.0062968053084894405,0.003635462239891043,0.003649783844745987,0.0063216110557441285,0.0036497838447459873,0.07566592086287847,0.13105721933599143,0.07566592086287849,0.09050242157367487,0.15675479237362253,0.09050242157367487,0.07436749969949405,0.1288082879113869,0.07436749969949405,0.08921954039153236,0.15453277698607773,0.08921954039153239,0.003635462239891043,0.0062968053084894405,0.003635462239891043,0.003649783844745987,0.0063216110557441285,0.0036497838447459873,0.00013333830223200506,0.00023094871406080744,0.0001333383022320051,0.00013333830223200506,0.00023094871406080744,0.0001333383022320051,0.0,0.0,0.0,0.3333333333333333,0.5773502691896258,0.33333333333333337,0.3333333333333333,0.5773502691896258,0.33333333333333337,0.0,0.0,0.0,9.333333333333334,16.165807537309522,9.333333333333334,0.0,0.0,0.0,0.0014500000000000001,0.0025114736709748726,0.0014500000000000003,-0.0021854622398910437,0.0037853316375145696,0.0021854622398910437,0.0,0.0,0.0,0.0,0.0,0.0
RCZDT-StepV,GPR-KG-oracleV,oracle,axis,high_t1,3,0.0039000000000000007,0.0,0.0,34.0,0.0,0.0,4.0,6.928203230275509,4.0,0.0,0.0,0.0,0.0,0.0,0.0,4.0,6.928203230275509,4.0,0.0,0.0,0.0,30.0,6.928203230275509,4.0,0.0,0.0,0.0,0.0,0.0,0.0,0.0,0.0,0.0,0.11764705882352942,0.20377068324339734,0.11764705882352942,0.0,0.0,0.0,0.010049999999999998,0.0,0.0,0.03318270646328642,0.03022791074860374,0.017452092407746353,0.022383708455625744,0.03127526985803162,0.018056785471512744,0.027072298705530958,0.025106255699130817,0.014495103486236754,0.027484907319222446,0.02490035416722109,0.014376226181362117,0.42284560434627766,0.2627747489347585,0.15171307203371914,0.4604272368294482,0.25822575762075684,0.14908671067403903,0.4174352659944735,0.24555294980975398,0.14177006167296813,0.45401540409478064,0.24360509905310754,0.1406454695142771,0.027072298705530958,0.025106255699130817,0.014495103486236754,0.027484907319222453,0.024900354167221094,0.014376226181362119,0.00040001490669601517,0.0,0.0,0.00040001490669601517,0.0,0.0,0.0,0.0,0.0,1.0,0.0,0.0,1.0,0.0,0.0,0.0,0.0,0.0,4.0,6.928203230275509,4.0,0.0,0.0,0.0,0.00225,0.0038971143170299745,0.0022500000000000003,-0.001061080510852626,0.001837845355717888,0.001061080510852626,0.0,0.0,0.0,0.0,0.0,0.0
RCZDT-StepV,GPR-KG-oracleV,oracle,axis,low_t1,3,0.0039000000000000007,0.0,0.0,34.0,0.0,0.0,11.333333333333334,19.629909152447276,11.333333333333334,34.0,0.0,0.0,11.333333333333334,19.629909152447276,11.333333333333334,0.0,0.0,0.0,22.666666666666668,19.629909152447276,11.333333333333334,0.0,0.0,0.0,0.3333333333333333,0.5773502691896258,0.33333333333333337,0.3333333333333333,0.5773502691896258,0.33333333333333337,0.3333333333333333,0.5773502691896258,0.33333333333333337,0.0,0.0,0.0,0.6666666666666666,0.5773502691896258,0.33333333333333337,0.01005,0.0,0.0,0.03854590929430296,0.027039121288073505,0.01561104395432018,0.03754679202874058,0.042728028356225134,0.024669038673408545,0.04189590929430296,0.03615834580411462,0.02087603068345715,0.042592294688097526,0.03585584293788388,0.020701380572208203,0.197360322526525,0.03483828576403539,0.020113893663970938,0.23081581265945342,0.037476241699069386,0.02163691823317319,0.20440750654885162,0.036173424207055604,0.02088473620345408,0.2391448453579381,0.038566491365706224,0.022266374171689866,0.04189590929430296,0.03615834580411462,0.02087603068345715,0.042592294688097526,0.03585584293788388,0.020701380572208203,0.00040001490669601517,0.0,0.0,0.00040001490669601517,0.0,0.0,0.0,0.0,0.0,1.0,0.0,0.0,1.0,0.0,0.0,0.0,0.0,0.0,0.0,0.0,0.0,22.666666666666668,19.629909152447276,11.333333333333334,0.0,0.0,0.0,0.0,0.0,0.0,-0.0067,0.005802370205355739,0.00335,0.033021350661521766,0.034450500712756744,0.019890005860227503
RCZDT-StepV,GPR-KG-oracleV,oracle,axis,mid_t1,3,0.0039000000000000007,0.0,0.0,33.0,0.0,0.0,11.0,19.05255888325765,11.0,17.0,0.0,0.0,5.666666666666667,9.814954576223638,5.666666666666667,5.333333333333333,9.237604307034013,5.333333333333334,11.333333333333334,9.814954576223638,5.666666666666667,10.666666666666666,9.237604307034013,5.333333333333334,0.1717171717171717,0.29742286594617084,0.1717171717171717,0.3333333333333333,0.5773502691896258,0.33333333333333337,0.22666666666666666,0.39259818304894545,0.22666666666666663,0.3333333333333333,0.5773502691896258,0.33333333333333337,0.6666666666666666,0.5773502691896258,0.33333333333333337,0.0024727272727272727,0.0,0.0,0.03215891752043049,0.03145271306683524,0.018159232355881388,0.024436439798304562,0.04055684576454634,0.023415505819642964,0.03215891752043049,0.03145271306683524,0.018159232355881388,0.03228953598623305,0.03142286356019127,0.018141998735185315,0.36633863699020414,0.0403465996276602,0.02329412015591567,0.4322405317232323,0.07763724176679307,0.044823882433198035,0.3569610305488042,0.01529338252869461,0.008829638519761753,0.4262669789454591,0.060573647963461305,0.03497221195750201,0.03215891752043049,0.03145271306683524,0.018159232355881388,0.03228953598623305,0.03142286356019127,0.018141998735185315,0.0004000149066960151,0.0,0.0,0.0004000149066960151,0.0,0.0,0.0,0.0,0.0,1.0,0.0,0.0,1.0,0.0,0.0,0.0,0.0,0.0,5.333333333333333,9.237604307034013,5.333333333333334,11.333333333333334,9.814954576223638,5.666666666666667,0.0008500000000000001,0.001472243186433546,0.0008500000000000002,-0.003028748536669857,0.00524594634886208,0.0030287485366698565,-0.0016000000000000005,0.0013856406460551023,0.0008000000000000003,0.028478644000880068,0.035882618427873166,0.0207168394085612
RCZDT-StepV,GPR-KG-oracleV,oracle,axis,near_true_boundary,3,0.0039000000000000007,0.0,0.0,27.0,0.0,0.0,9.0,15.588457268119896,9.0,14.0,0.0,0.0,4.666666666666667,8.082903768654761,4.666666666666667,4.333333333333333,7.505553499465135,4.333333333333334,9.333333333333334,8.082903768654761,4.666666666666667,8.666666666666666,7.505553499465135,4.333333333333334,0.1728395061728395,0.2993668062464726,0.1728395061728395,0.3333333333333333,0.5773502691896258,0.33333333333333337,0.22764227642276422,0.3942879887148663,0.22764227642276422,0.3333333333333333,0.5773502691896258,0.33333333333333337,0.6666666666666666,0.5773502691896258,0.33333333333333337,0.002022222222222222,0.0,0.0,0.032097068316010884,0.03151935101809452,0.018197705794979178,0.02428937523795313,0.04066745081942958,0.023479363677853537,0.032097068316010884,0.03151935101809452,0.018197705794979178,0.03218371586801952,0.031499129550683604,0.018186030925326075,0.3822850135208551,0.027316877644875188,0.01577140666168876,0.45195142048250925,0.07386387886902757,0.04264533034842298,0.37196044443793896,0.006604914553850065,0.0038133491956398122,0.4462588272127843,0.05727810820335633,0.03306953118988029,0.032097068316010884,0.03151935101809452,0.018197705794979178,0.03218371586801952,0.031499129550683604,0.018186030925326075,0.00040001490669601517,0.0,0.0,0.00040001490669601517,0.0,0.0,0.0,0.0,0.0,1.0,0.0,0.0,1.0,0.0,0.0,0.0,0.0,0.0,4.333333333333333,7.505553499465135,4.333333333333334,9.333333333333334,8.082903768654761,4.666666666666667,0.0007000000000000001,0.0012124355652982145,0.0007000000000000002,-0.0032182662718816066,0.005574200695184216,0.0032182662718816066,-0.0013000000000000002,0.0011258330249197704,0.0006500000000000001,0.02834025611696095,0.035921032372826574,0.020739017710020687
RCZDT-StepV,GPR-KG-oracleV,oracle,axis,tn,3,0.0039000000000000007,0.0,0.0,40.666666666666664,16.165807537309522,9.333333333333334,0.0,0.0,0.0,0.0,0.0,0.0,0.0,0.0,0.0,0.0,0.0,0.0,0.0,0.0,0.0,40.666666666666664,16.165807537309522,9.333333333333334,0.0,0.0,0.0,0.0,0.0,0.0,0.0,0.0,0.0,0.0,0.0,0.0,0.0,0.0,0.0,0.009049999999999997,0.0024248711305964285,0.0014000000000000002,0.032497813747942216,0.03056881857205919,0.017648915631387204,0.02344781374794221,0.03240288803361023,0.01870781612872617,0.02708172903141104,0.027830146177478223,0.016067742387153687,0.02750467584228038,0.027749110014760853,0.01602095613679472,0.3565217179486064,0.15017009236661655,0.08670074325209703,0.4160173785688537,0.18044317979025218,0.10417891842533414,0.34972482273263444,0.1335879319176572,0.07712702845314479,0.409879675950135,0.16684305538456357,0.09632688293869741,0.02708172903141104,0.027830146177478223,0.016067742387153687,0.02750467584228038,0.027749110014760853,0.01602095613679472,0.00040001490669601506,6.639355251516202e-20,3.833233541708435e-20,0.00040001490669601506,6.639355251516202e-20,3.833233541708435e-20,0.0,0.0,0.0,1.0,0.0,0.0,1.0,0.0,0.0,0.0,0.0,0.0,0.0,0.0,0.0,0.0,0.0,0.0,0.0,0.0,0.0,0.0,0.0,0.0,0.0,0.0,0.0,0.0,0.0,0.0
RCZDT-StepV,GPR-KG-oracleV,oracle,axis,tp,3,0.0039000000000000007,0.0,0.0,17.0,29.444863728670914,17.0,17.0,29.444863728670914,17.0,17.0,29.444863728670914,17.0,17.0,29.444863728670914,17.0,0.0,0.0,0.0,0.0,0.0,0.0,0.0,0.0,0.0,0.3333333333333333,0.5773502691896258,0.33333333333333337,0.3333333333333333,0.5773502691896258,0.33333333333333337,0.3333333333333333,0.5773502691896258,0.33333333333333337,0.0,0.0,0.0,0.0,0.0,0.0,0.0025,0.004330127018922193,0.0025,0.005231292143978835,0.009060863782607266,0.005231292143978836,-0.002731292143978836,0.004730736763685074,0.0027312921439788364,0.002731292143978836,0.004730736763685074,0.0027312921439788364,0.0029508612964844003,0.0051110416915995495,0.0029508612964844003,0.07562259704876295,0.13098218028876565,0.07562259704876295,0.08810475679107804,0.15260191515064625,0.08810475679107804,0.0763243350210041,0.13219762611028768,0.0763243350210041,0.08886062241947508,0.1539111128227249,0.0888606224194751,0.002731292143978836,0.004730736763685074,0.0027312921439788364,0.0029508612964844003,0.0051110416915995495,0.0029508612964844003,0.000133338302232005,0.00023094871406080728,0.000133338302232005,0.000133338302232005,0.00023094871406080728,0.000133338302232005,0.0,0.0,0.0,0.3333333333333333,0.5773502691896258,0.33333333333333337,0.3333333333333333,0.5773502691896258,0.33333333333333337,0.0,0.0,0.0,0.0,0.0,0.0,0.0,0.0,0.0,0.0,0.0,0.0,0.0,0.0,0.0,0.0,0.0,0.0,0.0,0.0,0.0
RCZDT-StepV,GPR-KG-oracleV,oracle,combined,all,3,0.0035999999999999956,0.000299999999999993,0.0001732050807568837,1181.0,0.0,0.0,430.0,244.82851141155925,141.3518069687591,605.0,3.605551275463989,2.0816659994661326,243.66666666666666,146.5617048663577,84.6174397574821,186.33333333333334,108.54645702800867,62.66932618470096,361.3333333333333,148.97091438711564,86.00839752282592,389.6666666666667,105.07774899251189,60.66666666666667,0.5523605303730861,0.0779986932177343,0.04503256652569794,0.4034005727286976,0.24316650663572034,0.14039224806403408,0.43951135246019174,0.21292032555418258,0.12292960727465008,0.3227474831519668,0.18638751289335978,0.10761088074256611,0.5965994272713023,0.24316650663572037,0.14039224806403408,0.007504572396274343,5.039696913872186e-05,2.909670369858233e-05,0.03621317650229928,0.007039063649789736,0.004064005293049014,0.017227026018162086,0.018975632500072982,0.010955586531960548,0.03617655690733911,0.007985123971117182,0.004610213474237039,0.045483270234740754,0.008462990914002138,0.004886110082348492,0.39340332456723487,0.010504079217586957,0.006064532963862983,0.5275235718015802,0.049092632230074026,0.02834364443326054,0.39964316042915854,0.025468213813979006,0.014704080101279726,0.5348999679533027,0.06187663380810235,0.03572449118565579,0.03617655690733911,0.007985123971117182,0.004610213474237039,0.045483270234740754,0.008462990914002138,0.004886110082348492,0.006253256149442061,0.00012745797412551304,7.358789567172931e-05,0.006253256149442061,0.00012745797412551304,7.358789567172931e-05,0.0,0.0,0.0,1.0,0.0,0.0,1.0,0.0,0.0,0.0,0.0,0.0,186.33333333333334,108.54645702800867,62.66932618470096,361.3333333333333,148.97091438711564,86.00839752282592,0.006562713310580203,0.0011619858037833588,0.000670872816608846,-0.022493760968759314,0.012842759401780117,0.007414770597755348,-0.007421403273662581,0.0005821601876378342,0.00033611034104418663,0.04030144112139986,0.005563129712161399,0.0032118744368531895
RCZDT-StepV,GPR-KG-oracleV,oracle,combined,far_true_boundary,3,0.0035999999999999956,0.000299999999999993,0.0001732050807568837,882.0,3.605551275463989,2.0816659994661326,309.3333333333333,188.441856638416,108.79695665678236,444.0,11.789826122551595,6.8068592855540455,173.66666666666666,113.7951375645433,65.69965330535958,135.66666666666666,85.0313667615271,49.09288248932947,270.3333333333333,125.38075344060321,72.38861175013037,302.3333333333333,80.64944719794013,46.56298004972525,0.5372817803370714,0.10419217295161136,0.06015537910106487,0.39572404885658014,0.2631496912258218,0.15192954506639514,0.42653379751339315,0.240116536040695,0.13863134671997573,0.3083250342490328,0.19332162615168913,0.11161429289885393,0.6042759511434198,0.26314969122582177,0.1519295450663951,0.009407309637741489,6.124421790216128e-05,3.535936569212091e-05,0.03676304276713679,0.007587899717076289,0.004380875944237881,0.018681320822151876,0.01996056856712207,0.01152423963540591,0.03674622500580755,0.008738043058008006,0.005044911511731463,0.04599041988688659,0.008845571581835344,0.00510699313390874,0.4161581208231404,0.017600335701290232,0.010161558554967698,0.558204326309358,0.05366443626092297,0.03098317672115339,0.4217433623486157,0.02826435888500973,0.01631843521073256,0.564922263205689,0.06410710244563662,0.03701225285395522,0.03674622500580755,0.008738043058008006,0.005044911511731463,0.04599041988688659,0.008845571581835344,0.00510699313390874,0.006209860661328892,9.840430911405689e-05,5.681375435641989e-05,0.006209860661328892,9.840430911405689e-05,5.681375435641989e-05,0.0,0.0,0.0,1.0,0.0,0.0,1.0,0.0,0.0,0.0,0.0,0.0,135.66666666666666,85.0313667615271,49.09288248932947,270.3333333333333,125.38075344060321,72.38861175013037,0.008362362897889213,0.0012324926607859541,0.0007115799694790087,-0.02195861025610137,0.013555025539836498,0.007825997644296855,-0.009401191409300203,0.00034451300129965565,0.0001989046740396821,0.04132482053926099,0.005418321762861185,0.003128269528343913
RCZDT-StepV,GPR-KG-oracleV,oracle,combined,fn,3,0.0035999999999999956,0.000299999999999993,0.0001732050807568837,361.3333333333333,148.97091438711564,86.00839752282592,0.0,0.0,0.0,361.3333333333333,148.97091438711564,86.00839752282592,0.0,0.0,0.0,0.0,0.0,0.0,361.3333333333333,148.97091438711564,86.00839752282592,0.0,0.0,0.0,0.0,0.0,0.0,0.0,0.0,0.0,0.0,0.0,0.0,0.0,0.0,0.0,1.0,0.0,0.0,0.007421403273662581,0.0005821601876378342,0.00033611034104418663,0.04030144112139986,0.005563129712161399,0.0032118744368531895,0.04772284439506245,0.006095319567355581,0.0035191343930095383,0.04772284439506245,0.006095319567355581,0.0035191343930095383,0.05497952676294383,0.0065027305815261,0.0037543532517117055,0.4806987084073569,0.13477464300029013,0.07781217641615322,0.5993424062527449,0.17042057140885375,0.09839236277835156,0.4877947407372389,0.13491843342930307,0.07789519385905073,0.6107651074391515,0.17122016729658085,0.09885400967937372,0.04772284439506245,0.006095319567355581,0.0035191343930095383,0.05497952676294383,0.0065027305815261,0.0037543532517117055,0.007561987350515556,0.001688134526105393,0.00097464492307525,0.007561987350515556,0.001688134526105393,0.00097464492307525,0.0,0.0,0.0,1.0,0.0,0.0,1.0,0.0,0.0,0.0,0.0,0.0,0.0,0.0,0.0,361.3333333333333,148.97091438711564,86.00839752282592,0.0,0.0,0.0,0.0,0.0,0.0,-0.007421403273662581,0.0005821601876378342,0.00033611034104418663,0.04030144112139986,0.005563129712161399,0.0032118744368531895
RCZDT-StepV,GPR-KG-oracleV,oracle,combined,fp,3,0.0035999999999999956,0.000299999999999993,0.0001732050807568837,186.33333333333334,108.54645702800867,62.66932618470096,186.33333333333334,108.54645702800867,62.66932618470096,0.0,0.0,0.0,0.0,0.0,0.0,186.33333333333334,108.54645702800867,62.66932618470096,0.0,0.0,0.0,0.0,0.0,0.0,0.0,0.0,0.0,0.0,0.0,0.0,0.0,0.0,0.0,1.0,0.0,0.0,0.0,0.0,0.0,0.006562713310580203,0.0011619858037833588,0.000670872816608846,0.022493760968759314,0.012842759401780117,0.007414770597755348,-0.029056474279339523,0.013907717596218736,0.008029624497990183,0.029056474279339523,0.013907717596218736,0.008029624497990183,0.03413473146155371,0.016917527569884912,0.009767339096495969,0.30948940709282996,0.18668273725929135,0.10778132860970804,0.3952890648366673,0.22867740623395788,0.13202696204676098,0.31705198062480694,0.17712382771565555,0.10226248961153063,0.4105360315171354,0.20474281907098024,0.11820832170527329,0.029056474279339523,0.013907717596218736,0.008029624497990183,0.03413473146155371,0.016917527569884912,0.009767339096495969,0.004375999227045063,0.0014065494135473793,0.0008120716825400897,0.004375999227045063,0.0014065494135473793,0.0008120716825400897,0.0,0.0,0.0,1.0,0.0,0.0,1.0,0.0,0.0,0.0,0.0,0.0,186.33333333333334,108.54645702800867,62.66932618470096,0.0,0.0,0.0,0.006562713310580203,0.0011619858037833588,0.000670872816608846,-0.022493760968759314,0.012842759401780117,0.007414770597755348,0.0,0.0,0.0,0.0,0.0,0.0
RCZDT-StepV,GPR-KG-oracleV,oracle,combined,high_t1,3,0.0035999999999999956,0.000299999999999993,0.0001732050807568837,385.6666666666667,13.576941236277534,7.838650677536565,116.0,78.0,45.03332099679081,0.0,0.0,0.0,0.0,0.0,0.0,116.0,78.0,45.03332099679081,0.0,0.0,0.0,269.6666666666667,73.55496810775824,42.46698063724856,0.0,0.0,0.0,0.0,0.0,0.0,0.0,0.0,0.0,0.29902833631218345,0.20181734235257218,0.11651929693439242,0.0,0.0,0.0,0.010134287421805183,8.052559734966433e-05,4.649147530648412e-05,0.038797846543046965,0.007873251796596998,0.004545624044162981,0.011863578542503908,0.021823342577526057,0.012599712711752092,0.035471515413658485,0.006458963481271303,0.0037290843045979494,0.04458579341639055,0.006371868897957569,0.0036788002234768064,0.3443513076830411,0.18078463591829036,0.10437605821277343,0.43187036231121295,0.2131177451645239,0.12304358753982395,0.3480446620704523,0.1629345004784355,0.09407027771150195,0.43853772300939964,0.19352511118199728,0.11173177503587839,0.035471515413658485,0.006458963481271303,0.0037290843045979494,0.04458579341639055,0.006371868897957569,0.0036788002234768064,0.006388842241269346,0.0001995224568939897,0.00011519434419712047,0.006388842241269346,0.0001995224568939897,0.00011519434419712047,0.0,0.0,0.0,1.0,0.0,0.0,1.0,0.0,0.0,0.0,0.0,0.0,116.0,78.0,45.03332099679081,0.0,0.0,0.0,0.009181672497988659,0.0010533867558208505,0.0006081731270339547,-0.02265847937124883,0.01370141191392717,0.007910513856783798,0.0,0.0,0.0,0.0,0.0,0.0
RCZDT-StepV,GPR-KG-oracleV,oracle,combined,low_t1,3,0.0035999999999999956,0.000299999999999993,0.0001732050807568837,393.6666666666667,13.79613472438325,7.965202096899014,152.33333333333334,99.299211141546,57.33042628288907,393.6666666666667,13.79613472438325,7.965202096899014,152.33333333333334,99.299211141546,57.33042628288907,0.0,0.0,0.0,241.33333333333334,109.45470905051702,63.193705734388175,0.0,0.0,0.0,1.0,0.0,0.0,0.3914663813916897,0.259783904233849,0.1499863070405447,0.5245234814775777,0.3066777519896274,0.17706048266568067,0.0,0.0,0.0,0.6085336186083103,0.25978390423384906,0.14998630704054472,0.010028453008208088,5.632464036872714e-05,3.2519046278893476e-05,0.035970222654289015,0.008608271413678321,0.00496998781794454,0.026633813298085705,0.02150560186729448,0.012416265027167386,0.03904997437703118,0.013281373982276296,0.007668004843875312,0.04811204942714107,0.012897331617282565,0.007446277881065961,0.5083108469194749,0.15916370822594642,0.09189320978946922,0.6433371086631389,0.19470127043749239,0.11241083089864835,0.515320135412691,0.1593949866301237,0.09202673843837872,0.6565260525708235,0.19269133329828925,0.1112503931502752,0.03904997437703118,0.013281373982276296,0.007668004843875312,0.04811204942714107,0.012897331617282565,0.007446277881065961,0.006010976040802069,0.00014833169708562837,8.563934524174158e-05,0.006010976040802069,0.00014833169708562837,8.563934524174158e-05,0.0,0.0,0.0,1.0,0.0,0.0,1.0,0.0,0.0,0.0,0.0,0.0,0.0,0.0,0.0,241.33333333333334,109.45470905051702,63.193705734388175,0.0,0.0,0.0,0.0,0.0,0.0,-0.009995014085463123,0.00027681557750466006,0.0001598195481881972,0.04162568271407054,0.006297524564614482,0.0036358775026084523
RCZDT-StepV,GPR-KG-oracleV,oracle,combined,mid_t1,3,0.0035999999999999956,0.000299999999999993,0.0001732050807568837,401.6666666666667,3.214550253664318,1.855921454276674,161.66666666666666,75.48068185524912,43.57879198774458,211.33333333333334,14.468356276140472,8.353309390761114,91.33333333333333,47.26873526268005,27.290617028161485,70.33333333333333,30.664855018951798,17.70436229985267,120.0,41.58124577258358,24.00694344004112,120.0,36.42801120017397,21.031722072463143,0.5509700277241566,0.06692241703423364,0.03863767548953519,0.42840088962456613,0.2142942804328876,0.12372286049372481,0.46448469822786825,0.17318316432605588,0.09998734654275956,0.37265306122448977,0.16344008501921137,0.09436217708221702,0.5715991103754338,0.2142942804328876,0.12372286049372481,0.0025078978566023744,0.00010699092998273059,6.177124222637791e-05,0.03397644726594689,0.005765696217364498,0.003328826263161,0.012927717718019876,0.01571281391127901,0.009071797341403433,0.03391021741003711,0.006006221546487002,0.003467693626676801,0.04319137729181508,0.0069916145454674995,0.004036610539895764,0.3256891628866652,0.033287001892791095,0.01921825950331852,0.4234603694862553,0.054441110802267545,0.03143158997667141,0.33382811372248566,0.04644150627740699,0.02681301615083262,0.4319630873617422,0.07476321696383145,0.04316456343955049,0.03391021741003711,0.006006221546487002,0.003467693626676801,0.04319137729181508,0.0069916145454674995,0.004036610539895764,0.006352002814543618,0.000307875184961429,0.00017775182091428685,0.006352002814543618,0.000307875184961429,0.00017775182091428685,0.0,0.0,0.0,1.0,0.0,0.0,1.0,0.0,0.0,0.0,0.0,0.0,70.33333333333333,30.664855018951798,17.70436229985267,120.0,41.58124577258358,24.00694344004112,0.0026517098438151067,0.00010935999769487483,6.313902410771284e-05,-0.022121683630446216,0.011248125338931296,0.006494108192310635,-0.0023860562640951864,0.00010805788244532364,6.238724751786854e-05,0.037543371711367526,0.003834814248769107,0.0022140310388190565
RCZDT-StepV,GPR-KG-oracleV,oracle,combined,near_true_boundary,3,0.0035999999999999956,0.000299999999999993,0.0001732050807568837,299.0,3.605551275463989,2.0816659994661326,120.66666666666667,56.43875736879164,32.58493175959983,161.0,10.535653752852738,6.082762530298219,70.0,32.90896534380867,19.0,50.666666666666664,24.131583730317686,13.93237636267091,91.0,24.979991993593593,14.422205101855958,87.33333333333333,30.98924544633724,17.89164920042619,0.5790892041748206,0.027482308796968825,0.015866918381882374,0.4285374634221469,0.18859663271650848,0.10888631666713315,0.4750590572114362,0.143667214394952,0.08294630490464922,0.3731487406602614,0.18269464157325707,0.10547880049182216,0.5714625365778531,0.18859663271650848,0.10888631666713315,0.0018917455456320161,0.00013140160474482278,7.586475187137224e-05,0.0345652202696911,0.006564943018482323,0.0037902716189353236,0.012921834836937077,0.016045487519382277,0.009263866538594139,0.03447865034730537,0.006637576559579296,0.003832206613439857,0.04382347504916301,0.0081065193760308,0.0046803011439422995,0.3267062856711421,0.04035096829511609,0.023296642407247332,0.4227525150792222,0.05937874574994731,0.03428233484287443,0.334918815074618,0.05225625837566454,0.03017016484003256,0.4324078057214316,0.07895530624876412,0.045584867316673314,0.03447865034730537,0.006637576559579296,0.003832206613439857,0.04382347504916301,0.0081065193760308,0.0046803011439422995,0.006381532330220495,0.00025322390228355355,0.00014619888814865713,0.006381532330220495,0.00025322390228355355,0.00014619888814865713,0.0,0.0,0.0,1.0,0.0,0.0,1.0,0.0,0.0,0.0,0.0,0.0,50.666666666666664,24.131583730317686,13.93237636267091,91.0,24.979991993593593,14.422205101855958,0.0019791574005436122,0.00014099633099902341,8.140426965703575e-05,-0.023620694460634657,0.01110038336191819,0.006408809322111511,-0.0018047784937833952,0.0001898367271164164,0.00010960228550274055,0.03740903225011944,0.0056302428017721215,0.0032506221972060873
RCZDT-StepV,GPR-KG-oracleV,oracle,combined,tn,3,0.0035999999999999956,0.000299999999999993,0.0001732050807568837,389.6666666666667,105.07774899251189,60.66666666666667,0.0,0.0,0.0,0.0,0.0,0.0,0.0,0.0,0.0,0.0,0.0,0.0,0.0,0.0,0.0,389.6666666666667,105.07774899251189,60.66666666666667,0.0,0.0,0.0,0.0,0.0,0.0,0.0,0.0,0.0,0.0,0.0,0.0,0.0,0.0,0.0,0.007922930487581808,0.0005762285854164211,0.000332685728904928,0.04172385721520744,0.00529354036555078,0.003056226955016893,0.03380092672762563,0.005560308338893667,0.00321024551623758,0.034964408071111626,0.004689000815630037,0.0027071958831343767,0.044650779132974015,0.0042873398540561585,0.002475296818846734,0.3080650946396821,0.10842889384359805,0.06260145104853469,0.39481647045715595,0.12903723995823232,0.07449968522537177,0.3148587375760505,0.08076440005431113,0.04662934811229515,0.40694822380903434,0.09648151491373956,0.05570362860727043,0.034964408071111626,0.004689000815630037,0.0027071958831343767,0.044650779132974015,0.0042873398540561585,0.002475296818846734,0.007224936173561364,0.0008115030670189755,0.0004685215141916125,0.007224936173561364,0.0008115030670189755,0.0004685215141916125,0.0,0.0,0.0,1.0,0.0,0.0,1.0,0.0,0.0,0.0,0.0,0.0,0.0,0.0,0.0,0.0,0.0,0.0,0.0,0.0,0.0,0.0,0.0,0.0,0.0,0.0,0.0,0.0,0.0,0.0
RCZDT-StepV,GPR-KG-oracleV,oracle,combined,tp,3,0.0035999999999999956,0.000299999999999993,0.0001732050807568837,243.66666666666666,146.5617048663577,84.6174397574821,243.66666666666666,146.5617048663577,84.6174397574821,243.66666666666666,146.5617048663577,84.6174397574821,243.66666666666666,146.5617048663577,84.6174397574821,0.0,0.0,0.0,0.0,0.0,0.0,0.0,0.0,0.0,1.0,0.0,0.0,1.0,0.0,0.0,1.0,0.0,0.0,0.0,0.0,0.0,0.0,0.0,0.0,0.006716960287912633,0.0011299265513441856,0.0006523633985830712,0.023725274673050512,0.007169522277047751,0.004139325616614538,-0.01700831438513788,0.006484347215936972,0.0037437396106402114,0.018568441638226556,0.006338289483320673,0.0036594131393969647,0.025842650250018234,0.009459518657209778,0.0054614556431443525,0.4056682180039368,0.10012045471561352,0.05780457148144721,0.5393588175154714,0.1364184851103307,0.07876124910089038,0.40200871111377695,0.10443832220283275,0.06029749343751836,0.538369818349969,0.14126755637563423,0.08156086170123307,0.018568441638226556,0.006338289483320673,0.0036594131393969647,0.025842650250018234,0.009459518657209778,0.0054614556431443525,0.004143625323428489,0.0010537317199482382,0.0006083722921657628,0.004143625323428489,0.0010537317199482382,0.0006083722921657628,0.0,0.0,0.0,1.0,0.0,0.0,1.0,0.0,0.0,0.0,0.0,0.0,0.0,0.0,0.0,0.0,0.0,0.0,0.0,0.0,0.0,0.0,0.0,0.0,0.0,0.0,0.0,0.0,0.0,0.0
RCZDT-StepV,GPR-KG-oracleV,oracle,random,all,3,0.003674999999999992,0.00032691742076554553,0.00018874586088176587,1000.0,0.0,0.0,370.0,222.9102958591191,128.69731931940154,512.0,10.583005244258363,6.110100926607787,207.0,123.17467272130257,71.11493045298809,163.0,109.87720418721983,63.43763341529485,305.0,127.57742747053649,73.6568620926342,325.0,101.23734488813898,58.44940832321003,0.5548537204115945,0.08103301517154222,0.04678443312253693,0.40570761280063605,0.24348872367705918,0.14057828015958854,0.43840457381834236,0.20568539514354836,0.1187525182545022,0.3314497245179064,0.21705034106879198,0.12531407284376714,0.594292387199364,0.24348872367705918,0.14057828015958854,0.007484499999999999,9.47431791740178e-05,5.4700000000000123e-05,0.036850453910938254,0.0073186558013515375,0.0042254278970165265,0.016642404517984724,0.02300169255022018,0.01328003338568663,0.03692712397003379,0.008024843356629098,0.00463314547215439,0.04619209887330661,0.00857164673200536,0.004948842548121671,0.41653524395348457,0.015026141624930895,0.008675346912035293,0.5499473714211932,0.05495066114906023,0.03172577900655783,0.4244314157429616,0.030231145894544224,0.01745396022012596,0.5591581699014517,0.0686866438934003,0.03965625234158663,0.03692712397003379,0.008024843356629098,0.00463314547215439,0.04619209887330661,0.00857164673200536,0.004948842548121671,0.006891220729648713,0.00011200529912318858,6.466628959943748e-05,0.006891220729648713,0.00011200529912318858,6.466628959943748e-05,0.0,0.0,0.0,1.0,0.0,0.0,1.0,0.0,0.0,0.0,0.0,0.0,163.0,109.87720418721983,63.43763341529485,305.0,127.57742747053649,73.6568620926342,0.006664573732718893,0.0012545002278234476,0.0007242860442323143,-0.02280420713274224,0.012535505861505238,0.007237377683568181,-0.007505838549371,0.0006934233332499186,0.0004003481481142081,0.039583784549820256,0.006984296835838772,0.004032385658271767
RCZDT-StepV,GPR-KG-oracleV,oracle,random,far_true_boundary,3,0.003674999999999992,0.00032691742076554553,0.00018874586088176587,748.0,1.7320508075688772,1.0,268.6666666666667,174.04118286581868,100.4827237776613,377.3333333333333,11.150485789118488,6.437735971942656,147.66666666666666,96.71780256671123,55.840049347319805,121.0,86.85044617041412,50.14312847572769,229.66666666666666,107.73269389249177,62.199499819353676,249.66666666666666,77.5263396100534,44.75985304315068,0.5348400958614828,0.10388333216553852,0.05997706979008898,0.39647273588292364,0.26350765543019944,0.1521362157961528,0.42217536298099584,0.2351573374121332,0.13576815205681078,0.32253475120277014,0.22673790888064851,0.13090719272773527,0.6035272641170765,0.26350765543019944,0.1521362157961528,0.009366585809906292,0.00011429395554143397,6.598764599859402e-05,0.03754798544576405,0.008331770876655894,0.004810350158463565,0.018209260043527183,0.02410010671308298,0.013914203098297167,0.03769030449874869,0.00913708065728966,0.005275295977093509,0.04684043669819057,0.009389436192129291,0.005420993513064661,0.44357531645434634,0.011097297091566023,0.006407027463092895,0.5843105476004133,0.05742345685675558,0.0331534482740467,0.45043607833213944,0.027737353247265676,0.01601416836391658,0.5927181517960624,0.06967257362818073,0.04022547913936417,0.03769030449874869,0.00913708065728966,0.005275295977093509,0.04684043669819057,0.009389436192129291,0.005420993513064661,0.006841851334689481,0.00011001000210529699,6.351430432904451e-05,0.006841851334689481,0.00011001000210529699,6.351430432904451e-05,0.0,0.0,0.0,1.0,0.0,0.0,1.0,0.0,0.0,0.0,0.0,0.0,121.0,86.85044617041412,50.14312847572769,229.66666666666666,107.73269389249177,62.199499819353676,0.008412305295950155,0.0013129374592443148,0.0007580247955238484,-0.022065069775943188,0.013548917820672591,0.007822471350993438,-0.009437414813041974,0.00043476246428421366,0.0002510102257880358,0.04072944536321515,0.007407596287844022,0.004276777710834819
RCZDT-StepV,GPR-KG-oracleV,oracle,random,fn,3,0.003674999999999992,0.00032691742076554553,0.00018874586088176587,305.0,127.57742747053649,73.6568620926342,0.0,0.0,0.0,305.0,127.57742747053649,73.6568620926342,0.0,0.0,0.0,0.0,0.0,0.0,305.0,127.57742747053649,73.6568620926342,0.0,0.0,0.0,0.0,0.0,0.0,0.0,0.0,0.0,0.0,0.0,0.0,0.0,0.0,0.0,1.0,0.0,0.0,0.007505838549371,0.0006934233332499186,0.0004003481481142081,0.039583784549820256,0.006984296835838772,0.004032385658271767,0.047089623099191256,0.007330752004876032,0.004232411643377566,0.047089623099191256,0.007330752004876032,0.004232411643377566,0.054380112827238196,0.007711788770636251,0.004452403322660373,0.5060222728123479,0.15449646895191368,0.08919857793823403,0.6213522492003097,0.18771919939667772,0.10837973030373292,0.5160785484767398,0.15210600666155175,0.08781844389140592,0.6375243168868497,0.18637799558150236,0.10760538592000328,0.047089623099191256,0.007330752004876032,0.004232411643377566,0.054380112827238196,0.007711788770636251,0.004452403322660373,0.008313619072017256,0.00105668098751629,0.0006100750525900897,0.008313619072017256,0.00105668098751629,0.0006100750525900897,0.0,0.0,0.0,1.0,0.0,0.0,1.0,0.0,0.0,0.0,0.0,0.0,0.0,0.0,0.0,305.0,127.57742747053649,73.6568620926342,0.0,0.0,0.0,0.0,0.0,0.0,-0.007505838549371,0.0006934233332499186,0.0004003481481142081,0.039583784549820256,0.006984296835838772,0.004032385658271767
RCZDT-StepV,GPR-KG-oracleV,oracle,random,fp,3,0.003674999999999992,0.00032691742076554553,0.00018874586088176587,163.0,109.87720418721983,63.43763341529485,163.0,109.87720418721983,63.43763341529485,0.0,0.0,0.0,0.0,0.0,0.0,163.0,109.87720418721983,63.43763341529485,0.0,0.0,0.0,0.0,0.0,0.0,0.0,0.0,0.0,0.0,0.0,0.0,0.0,0.0,0.0,1.0,0.0,0.0,0.0,0.0,0.0,0.006664573732718893,0.0012545002278234476,0.0007242860442323143,0.02280420713274224,0.012535505861505238,0.007237377683568181,-0.02946878086546113,0.013648020467466727,0.007879688290797437,0.02946878086546113,0.013648020467466727,0.007879688290797437,0.03422304931765566,0.01702835247686638,0.009831323886374636,0.3264441635202536,0.18262411628150985,0.10543808269564724,0.411167733972938,0.22408471984123932,0.1293753733216214,0.3350512666395118,0.17069017121147925,0.09854801629697087,0.4274462051548176,0.19656172066656724,0.11348496233921863,0.02946878086546113,0.013648020467466727,0.007879688290797437,0.03422304931765566,0.01702835247686638,0.009831323886374636,0.004563498894412229,0.0011931146501725314,0.0006888450644511972,0.004563498894412229,0.0011931146501725314,0.0006888450644511972,0.0,0.0,0.0,1.0,0.0,0.0,1.0,0.0,0.0,0.0,0.0,0.0,163.0,109.87720418721983,63.43763341529485,0.0,0.0,0.0,0.006664573732718893,0.0012545002278234476,0.0007242860442323143,-0.02280420713274224,0.012535505861505238,0.007237377683568181,0.0,0.0,0.0,0.0,0.0,0.0
RCZDT-StepV,GPR-KG-oracleV,oracle,random,high_t1,3,0.003674999999999992,0.00032691742076554553,0.00018874586088176587,327.0,10.44030650891055,6.027713773341709,105.66666666666667,78.54510381515409,45.34803683120632,0.0,0.0,0.0,0.0,0.0,0.0,105.66666666666667,78.54510381515409,45.34803683120632,0.0,0.0,0.0,221.33333333333334,71.16412954103586,41.08662934716246,0.0,0.0,0.0,0.0,0.0,0.0,0.0,0.0,0.0,0.3194900503067302,0.23423372755466731,0.13523490565697666,0.0,0.0,0.0,0.010055734005311236,8.932562140988828e-05,5.15721715665296e-05,0.03979647624763876,0.00845406510866279,0.004880956766233085,0.011127886838361821,0.026972867678362718,0.015572792414918872,0.0367796967520576,0.005845213063690606,0.0033747353357924887,0.045878113516501375,0.006335887774129847,0.0036580265119491263,0.34785782516196057,0.18143945025809732,0.10475411544813021,0.43445257515117025,0.21852994315335109,0.12616832150558088,0.35295623004391913,0.16023385701979506,0.09251106048367069,0.44375068130163586,0.19425532264637044,0.11215336282139958,0.0367796967520576,0.005845213063690606,0.0033747353357924887,0.045878113516501375,0.006335887774129847,0.0036580265119491263,0.007095125212104338,0.00024864977577868357,0.00014355801497976305,0.007095125212104338,0.00024864977577868357,0.00014355801497976305,0.0,0.0,0.0,1.0,0.0,0.0,1.0,0.0,0.0,0.0,0.0,0.0,105.66666666666667,78.54510381515409,45.34803683120632,0.0,0.0,0.0,0.009083704210019998,0.0012391848404838964,0.0007154437012290811,-0.02268550549895285,0.013709886465924416,0.007915406641660669,0.0,0.0,0.0,0.0,0.0,0.0
RCZDT-StepV,GPR-KG-oracleV,oracle,random,low_t1,3,0.003674999999999992,0.00032691742076554553,0.00018874586088176587,335.3333333333333,12.503332889007368,7.218802609235905,128.66666666666666,83.86497083606083,48.419463487779836,335.3333333333333,12.503332889007368,7.218802609235905,128.66666666666666,83.86497083606083,48.419463487779836,0.0,0.0,0.0,206.66666666666666,94.69072464256112,54.6697153621434,0.0,0.0,0.0,1.0,0.0,0.0,0.3892484483387128,0.2575208946896363,0.14867975787101478,0.5224774810441104,0.30665571058821034,0.17704775705663922,0.0,0.0,0.0,0.6107515516612873,0.2575208946896363,0.14867975787101478,0.009988857506000476,0.0001256410515851381,7.253889495394715e-05,0.036482411523531884,0.009376167482083883,0.005413332819748146,0.026333867142301598,0.02392401449369251,0.01381253620802988,0.03959329315771925,0.014058390401707066,0.008116615482798425,0.04844175170663503,0.013833270283829502,0.007986642322141814,0.5556587413823583,0.17588377154322962,0.10154654284657026,0.6810371765282864,0.20522700833279597,0.11848786850592133,0.5640398407863563,0.17526146097236464,0.10118725167096182,0.6962157740386337,0.20346302823532847,0.11746943412180333,0.03959329315771925,0.014058390401707066,0.008116615482798425,0.04844175170663503,0.013833270283829502,0.007986642322141814,0.006599889611608168,0.0002137772114035317,0.00012342433055043657,0.006599889611608168,0.0002137772114035317,0.00012342433055043657,0.0,0.0,0.0,1.0,0.0,0.0,1.0,0.0,0.0,0.0,0.0,0.0,0.0,0.0,0.0,206.66666666666666,94.69072464256112,54.6697153621434,0.0,0.0,0.0,0.0,0.0,0.0,-0.009980226004951957,0.00033560393728320083,0.00019376102353155429,0.041062917701378994,0.007898986238293661,0.004560481831003995
RCZDT-StepV,GPR-KG-oracleV,oracle,random,mid_t1,3,0.003674999999999992,0.00032691742076554553,0.00018874586088176587,337.6666666666667,5.033222956847167,2.905932629027116,135.66666666666666,67.32260640626842,38.8687249312063,176.66666666666666,17.672954855748753,10.203485243342646,78.33333333333333,39.31072796748152,22.696059374065605,57.333333333333336,31.34219732777735,18.095426064186622,98.33333333333333,36.50114153466071,21.073943890764994,103.66666666666667,32.593455375785695,18.817840235029927,0.5729383462135077,0.07161541590598226,0.04134717965144587,0.44106968891232845,0.22043126971530072,0.12726605290793988,0.47657939832312257,0.16423613690980302,0.09482177785553901,0.35647622778813504,0.1850347138503451,0.10682984185092212,0.5589303110876714,0.22043126971530075,0.1272660529079399,0.0025092636476394723,0.00013717580966808698,7.91984906381749e-05,0.03435016890494899,0.0048965273908775555,0.0028270114072175326,0.012216943556806437,0.019740651012123914,0.0113972701758282,0.03422354381287295,0.005180339941027076,0.0029908706594457524,0.0435650626797048,0.006067104516938956,0.003502844426056301,0.3392035182910987,0.04098080570690969,0.023660279206492066,0.4345094175298146,0.06708076199191411,0.03872909599347683,0.3497467701831442,0.05438470701862057,0.031399025236999514,0.4459377399219333,0.08586781075859828,0.04957580365620057,0.03422354381287295,0.005180339941027076,0.0029908706594457524,0.0435650626797048,0.006067104516938956,0.003502844426056301,0.0069751301197127505,0.00027710329125371267,0.0001599856597986623,0.0069751301197127505,0.00027710329125371267,0.0001599856597986623,0.0,0.0,0.0,1.0,0.0,0.0,1.0,0.0,0.0,0.0,0.0,0.0,57.333333333333336,31.34219732777735,18.095426064186622,98.33333333333333,36.50114153466071,21.073943890764994,0.0026077396741189837,0.00012843839556998837,7.415394225661642e-05,-0.022727283082950078,0.010423627654417001,0.0060180842322100836,-0.0023915102528466584,0.00012048412724727312,6.956154329929026e-05,0.036266559262662756,0.0047030824277806286,0.002715325905700145
RCZDT-StepV,GPR-KG-oracleV,oracle,random,near_true_boundary,3,0.003674999999999992,0.00032691742076554553,0.00018874586088176587,252.0,1.7320508075688772,1.0,101.33333333333333,48.95235779136009,28.262656948308624,134.66666666666666,10.969655114602888,6.333333333333333,59.333333333333336,26.839026311200882,15.495519065559279,42.0,23.065125189341593,13.316656236958787,75.33333333333333,23.115651263447745,13.34582747944507,75.33333333333333,27.64657905299195,15.961759858417173,0.5909364877030364,0.042548302191958536,0.024565273724088805,0.43674450272051146,0.19235288362492725,0.11105498914025251,0.4827027999828089,0.1324180420828621,0.07645159224210363,0.36227114536037125,0.19307706925368057,0.1114730979079565,0.5632554972794885,0.19235288362492725,0.11105498914025251,0.0018985691699604738,0.00012853223374799643,7.420811975394964e-05,0.03478109469772922,0.005470231906016382,0.0031582398634682376,0.01199834079605299,0.01977636130213768,0.011417887521380487,0.034668477366632595,0.005571030816664149,0.0032164361416647472,0.044057940874781674,0.007127248697905673,0.00411491895431725,0.3364133089047248,0.046513948971979115,0.02685484096004466,0.43001863063229395,0.07298594285109937,0.04213845375214086,0.34739902938199146,0.05742128979586985,0.03315219712086097,0.44239144222495175,0.08942715932573646,0.0516307945095775,0.034668477366632595,0.005571030816664149,0.0032164361416647472,0.044057940874781674,0.007127248697905673,0.00411491895431725,0.007036825561007462,0.00021232422780830218,0.0001225854500806027,0.007036825561007462,0.00021232422780830218,0.0001225854500806027,0.0,0.0,0.0,1.0,0.0,0.0,1.0,0.0,0.0,0.0,0.0,0.0,42.0,23.065125189341593,13.316656236958787,75.33333333333333,23.115651263447745,13.34582747944507,0.0019746212121212114,0.00014408164820636286,8.318557837722857e-05,-0.024432505614854248,0.009979010890145407,0.005761384623671658,-0.001836042045684253,0.00021370039151824758,0.00012337997856898866,0.036203756109562925,0.005136038017955016,0.0029652929322344806
RCZDT-StepV,GPR-KG-oracleV,oracle,random,tn,3,0.003674999999999992,0.00032691742076554553,0.00018874586088176587,325.0,101.23734488813898,58.44940832321003,0.0,0.0,0.0,0.0,0.0,0.0,0.0,0.0,0.0,0.0,0.0,0.0,0.0,0.0,0.0,325.0,101.23734488813898,58.44940832321003,0.0,0.0,0.0,0.0,0.0,0.0,0.0,0.0,0.0,0.0,0.0,0.0,0.0,0.0,0.0,0.007740036861506055,0.0004868021234483749,0.0002810553370150007,0.04168336431489863,0.008219512816283919,0.0047455379370891,0.033943327453392576,0.008125748220758388,0.004691402922621978,0.03495158008041336,0.007571995102862155,0.004371693410939993,0.044588882416214726,0.007268195480856653,0.0041962946173954106,0.311348820395285,0.106157483878289,0.061290051893623514,0.396223225719845,0.12495400464321535,0.07214222821708213,0.32091021551047433,0.07499220037792097,0.043296767075315025,0.41174222405037225,0.08760087794164136,0.05057639046085419,0.03495158008041336,0.007571995102862155,0.004371693410939993,0.044588882416214726,0.007268195480856653,0.0041962946173954106,0.008212774925085415,0.0006734521324967505,0.00038881776998332646,0.008212774925085415,0.0006734521324967505,0.00038881776998332646,0.0,0.0,0.0,1.0,0.0,0.0,1.0,0.0,0.0,0.0,0.0,0.0,0.0,0.0,0.0,0.0,0.0,0.0,0.0,0.0,0.0,0.0,0.0,0.0,0.0,0.0,0.0,0.0,0.0,0.0
RCZDT-StepV,GPR-KG-oracleV,oracle,random,tp,3,0.003674999999999992,0.00032691742076554553,0.00018874586088176587,207.0,123.17467272130257,71.11493045298809,207.0,123.17467272130257,71.11493045298809,207.0,123.17467272130257,71.11493045298809,207.0,123.17467272130257,71.11493045298809,0.0,0.0,0.0,0.0,0.0,0.0,0.0,0.0,0.0,1.0,0.0,0.0,1.0,0.0,0.0,1.0,0.0,0.0,0.0,0.0,0.0,0.0,0.0,0.0,0.006616761631583927,0.0012836251661795647,0.0007411013352323499,0.023710266525672458,0.008928929139722519,0.00515511964239389,-0.017093504894088535,0.0079502574626728,0.004590083286200973,0.018688115748377292,0.007576994482495343,0.004374579804116996,0.025318323950409127,0.011243579920988811,0.006491483894037962,0.45341267256817336,0.1255943603981161,0.07251193778455121,0.5780220690303998,0.15776283761353024,0.09108441676429091,0.44916557004667784,0.12950530264746102,0.07476992134499558,0.5773877683118843,0.1629478583495022,0.09407798988195812,0.018688115748377292,0.007576994482495343,0.004374579804116996,0.025318323950409127,0.011243579920988811,0.006491483894037962,0.004304773096051291,0.001069911324191443,0.0006177135910309586,0.004304773096051291,0.001069911324191443,0.0006177135910309586,0.0,0.0,0.0,1.0,0.0,0.0,1.0,0.0,0.0,0.0,0.0,0.0,0.0,0.0,0.0,0.0,0.0,0.0,0.0,0.0,0.0,0.0,0.0,0.0,0.0,0.0,0.0,0.0,0.0,0.0
RCZDT-StepV,GPR-KG-pooled-pre,pooled_pre,axis,all,3,0.0039000000000000007,0.0,0.0,101.0,0.0,0.0,0.0,0.0,0.0,51.0,0.0,0.0,0.0,0.0,0.0,0.0,0.0,0.0,51.0,0.0,0.0,50.0,0.0,0.0,0.0,0.0,0.0,0.0,0.0,0.0,0.0,0.0,0.0,0.0,0.0,0.0,1.0,0.0,0.0,0.007574257425742577,1.0622968402425924e-18,6.133173666733496e-19,0.14230599620597326,0.088493875555543,0.051091962873625996,0.14230599620597326,0.088493875555543,0.051091962873625996,0.14230599620597326,0.088493875555543,0.051091962873625996,0.14287818161749752,0.08838367608197092,0.05102833917789461,0.3105059297168091,0.06468517616268415,0.03734600387010406,0.37862479574389635,0.057675477722619536,0.03329895258879466,0.3040962422839583,0.07015604822037383,0.040504613325313195,0.36528206381110745,0.08484364258817292,0.04898449988731004,0.08483605555595042,0.05971994256626226,0.03447932491662051,0.08590845702958776,0.059305034068739604,0.03423977738388674,0.004483182260475639,0.001901069073360235,0.0010975827412526042,0.0004000149066960149,0.0,0.0,0.004083167353779623,0.0019010690733602344,0.0010975827412526037,11.207537982784627,4.752495573383522,2.7438545986154814,11.207537982784627,4.752495573383523,2.743854598615482,2.3385634529361217,0.513884592384015,0.29669140774531216,0.0,0.0,0.0,51.0,0.0,0.0,0.0,0.0,0.0,0.0,0.0,0.0,-0.0075,0.0,0.0,0.14309281070705207,0.09007070251494974,0.05200234434310494
RCZDT-StepV,GPR-KG-pooled-pre,pooled_pre,axis,far_true_boundary,3,0.0039000000000000007,0.0,0.0,74.0,0.0,0.0,0.0,0.0,0.0,37.0,0.0,0.0,0.0,0.0,0.0,0.0,0.0,0.0,37.0,0.0,0.0,37.0,0.0,0.0,0.0,0.0,0.0,0.0,0.0,0.0,0.0,0.0,0.0,0.0,0.0,0.0,1.0,0.0,0.0,0.009600000000000003,0.0,0.0,0.14353619194128237,0.08975357268598873,0.05181924935098624,0.14353619194128237,0.08975357268598873,0.05181924935098624,0.14353619194128237,0.08975357268598873,0.05181924935098624,0.14419426637714858,0.0896222541286541,0.0517434325465595,0.2933341409429895,0.09911336348219085,0.05722312708673211,0.35222400367674384,0.10515009951953648,0.06070843826292033,0.28370505765072046,0.10837112963898204,0.06256810086945012,0.34335896767484275,0.13013525038288976,0.07513362183962076,0.0846543284151486,0.06273448879391885,0.03621977399264261,0.0859510972672977,0.06216292379663716,0.03588978078760266,0.00448318226047564,0.0019010690733602354,0.0010975827412526044,0.00040001490669601495,0.0,0.0,0.004083167353779623,0.001901069073360235,0.0010975827412526042,11.207537982784629,4.752495573383524,2.7438545986154828,11.207537982784627,4.752495573383523,2.743854598615482,2.338563452936121,0.5138845923840147,0.29669140774531205,0.0,0.0,0.0,37.0,0.0,0.0,0.0,0.0,0.0,0.0,0.0,0.0,-0.009600000000000001,0.0,0.0,0.1445888773076747,0.09179994720598919,0.0530007242309713
RCZDT-StepV,GPR-KG-pooled-pre,pooled_pre,axis,fn,3,0.0039000000000000007,0.0,0.0,51.0,0.0,0.0,0.0,0.0,0.0,51.0,0.0,0.0,0.0,0.0,0.0,0.0,0.0,0.0,51.0,0.0,0.0,0.0,0.0,0.0,0.0,0.0,0.0,0.0,0.0,0.0,0.0,0.0,0.0,0.0,0.0,0.0,1.0,0.0,0.0,0.0075,0.0,0.0,0.14309281070705207,0.09007070251494974,0.05200234434310494,0.15059281070705208,0.09007070251494975,0.052002344343104946,0.15059281070705208,0.09007070251494975,0.052002344343104946,0.15097197022467043,0.09004054020855881,0.051984930127390756,0.3584250732881327,0.006009544045215651,0.003469611872212169,0.4219580501821974,0.006097011975457853,0.0035201115052829633,0.33888174355828377,0.08663781542053998,0.05002036605504987,0.39915210523788486,0.10888550142268591,0.0628650735572351,0.08878361258190615,0.0678163513357882,0.03915378869917556,0.08973885777509993,0.06715160143873197,0.038769995167166366,0.004483182260475639,0.0019010690733602357,0.0010975827412526046,0.00040001490669601506,6.639355251516202e-20,3.833233541708435e-20,0.004083167353779623,0.001901069073360235,0.0010975827412526042,11.207537982784627,4.7524955733835235,2.7438545986154823,11.207537982784627,4.752495573383523,2.743854598615482,2.338563452936121,0.5138845923840147,0.29669140774531205,0.0,0.0,0.0,51.0,0.0,0.0,0.0,0.0,0.0,0.0,0.0,0.0,-0.0075,0.0,0.0,0.14309281070705207,0.09007070251494974,0.05200234434310494
RCZDT-StepV,GPR-KG-pooled-pre,pooled_pre,axis,fp,3,0.0039000000000000007,0.0,0.0,0.0,0.0,0.0,0.0,0.0,0.0,0.0,0.0,0.0,0.0,0.0,0.0,0.0,0.0,0.0,0.0,0.0,0.0,0.0,0.0,0.0,0.0,0.0,0.0,0.0,0.0,0.0,0.0,0.0,0.0,0.0,0.0,0.0,0.0,0.0,0.0,0.0,0.0,0.0,0.0,0.0,0.0,0.0,0.0,0.0,0.0,0.0,0.0,0.0,0.0,0.0,0.0,0.0,0.0,0.0,0.0,0.0,0.0,0.0,0.0,0.0,0.0,0.0,0.0,0.0,0.0,0.0,0.0,0.0,0.0,0.0,0.0,0.0,0.0,0.0,0.0,0.0,0.0,0.0,0.0,0.0,0.0,0.0,0.0,0.0,0.0,0.0,0.0,0.0,0.0,0.0,0.0,0.0,0.0,0.0,0.0,0.0,0.0,0.0,0.0,0.0,0.0,0.0,0.0,0.0
RCZDT-StepV,GPR-KG-pooled-pre,pooled_pre,axis,high_t1,3,0.0039000000000000007,0.0,0.0,34.0,0.0,0.0,0.0,0.0,0.0,0.0,0.0,0.0,0.0,0.0,0.0,0.0,0.0,0.0,0.0,0.0,0.0,34.0,0.0,0.0,0.0,0.0,0.0,0.0,0.0,0.0,0.0,0.0,0.0,0.0,0.0,0.0,0.0,0.0,0.0,0.010049999999999998,0.0,0.0,0.14277801874241117,0.08798809276968918,0.05079994904606181,0.13272801874241116,0.08798809276968919,0.050799949046061825,0.13272801874241116,0.08798809276968919,0.050799949046061825,0.1328616583116802,0.08796089113680454,0.05078424417599347,0.32045140392843485,0.1915977402966866,0.11061900693641603,0.35483138804646813,0.20054639989560566,0.11578551796473827,0.2838654607490699,0.1826773275289869,0.10546880422370203,0.31846981778417083,0.1831250791396698,0.10572731373665989,0.0793208528738786,0.053349734840176646,0.030801483771171145,0.07954485890097518,0.053303543292274436,0.03077481506855552,0.004483182260475638,0.0019010690733602346,0.001097582741252604,0.00040001490669601517,0.0,0.0,0.004083167353779623,0.001901069073360235,0.0010975827412526042,11.207537982784627,4.752495573383523,2.743854598615482,11.207537982784627,4.752495573383523,2.743854598615482,2.3385634529361212,0.5138845923840147,0.29669140774531205,0.0,0.0,0.0,0.0,0.0,0.0,0.0,0.0,0.0,0.0,0.0,0.0,0.0,0.0,0.0,0.0,0.0,0.0
RCZDT-StepV,GPR-KG-pooled-pre,pooled_pre,axis,low_t1,3,0.0039000000000000007,0.0,0.0,34.0,0.0,0.0,0.0,0.0,0.0,34.0,0.0,0.0,0.0,0.0,0.0,0.0,0.0,0.0,34.0,0.0,0.0,0.0,0.0,0.0,0.0,0.0,0.0,0.0,0.0,0.0,0.0,0.0,0.0,0.0,0.0,0.0,1.0,0.0,0.0,0.01005,0.0,0.0,0.14498207872829513,0.0922580764808916,0.05326522529115985,0.15503207872829514,0.0922580764808916,0.05326522529115985,0.15503207872829514,0.0922580764808916,0.05326522529115985,0.1552616197540427,0.09225583581799983,0.053263931643836124,0.2768234011033639,0.07265094363958143,0.04194504186719267,0.3338770180421489,0.09480216012186986,0.05473405266611957,0.29319792587362964,0.14523634642060737,0.0838522437020554,0.35185387748382774,0.18039680749281387,0.10415214536692519,0.08988621343673424,0.07442377424305482,0.04296858609333564,0.09062412805826177,0.07379377080326441,0.04260485343778225,0.004483182260475638,0.0019010690733602346,0.001097582741252604,0.00040001490669601517,0.0,0.0,0.004083167353779623,0.001901069073360235,0.0010975827412526042,11.207537982784627,4.752495573383523,2.743854598615482,11.207537982784627,4.752495573383523,2.743854598615482,2.3385634529361212,0.5138845923840147,0.29669140774531205,0.0,0.0,0.0,34.0,0.0,0.0,0.0,0.0,0.0,0.0,0.0,0.0,-0.01005,0.0,0.0,0.14498207872829513,0.0922580764808916,0.05326522529115985
RCZDT-StepV,GPR-KG-pooled-pre,pooled_pre,axis,mid_t1,3,0.0039000000000000007,0.0,0.0,33.0,0.0,0.0,0.0,0.0,0.0,17.0,0.0,0.0,0.0,0.0,0.0,0.0,0.0,0.0,17.0,0.0,0.0,16.0,0.0,0.0,0.0,0.0,0.0,0.0,0.0,0.0,0.0,0.0,0.0,0.0,0.0,0.0,1.0,0.0,0.0,0.0024727272727272727,0.0,0.0,0.1390624940242207,0.08560260306351418,0.049422685922052595,0.13906249402422072,0.08560260306351421,0.049422685922052616,0.13906249402422072,0.08560260306351421,0.049422685922052616,0.1391068173296933,0.08559026865227792,0.04941556464640505,0.3349622887974715,0.04239786462368612,0.024478418553550492,0.4047575727644868,0.0708488005337125,0.040904574059901014,0.33616864622751524,0.045405745818378966,0.026215019570996822,0.3785239301654335,0.059385959861227265,0.03428649991196388,0.0853151926239441,0.05199168676043396,0.030017414346759252,0.08538873870459533,0.05196812577247256,0.030003811404017363,0.004483182260475639,0.0019010690733602348,0.001097582741252604,0.0004000149066960151,0.0,0.0,0.004083167353779623,0.001901069073360235,0.0010975827412526042,11.207537982784627,4.752495573383523,2.743854598615482,11.207537982784627,4.752495573383523,2.743854598615482,2.3385634529361212,0.5138845923840148,0.2966914077453121,0.0,0.0,0.0,17.0,0.0,0.0,0.0,0.0,0.0,0.0,0.0,0.0,-0.0024000000000000007,0.0,0.0,0.13931427466456592,0.08611838495615862,0.049720472736614
RCZDT-StepV,GPR-KG-pooled-pre,pooled_pre,axis,near_true_boundary,3,0.0039000000000000007,0.0,0.0,27.0,0.0,0.0,0.0,0.0,0.0,14.0,0.0,0.0,0.0,0.0,0.0,0.0,0.0,0.0,14.0,0.0,0.0,13.0,0.0,0.0,0.0,0.0,0.0,0.0,0.0,0.0,0.0,0.0,0.0,0.0,0.0,0.0,1.0,0.0,0.0,0.002022222222222222,0.0,0.0,0.13893434863512602,0.08550180322076538,0.04936448910570731,0.13893434863512602,0.08550180322076542,0.04936448910570733,0.13893434863512602,0.08550180322076542,0.04936448910570733,0.13896354362925445,0.08549355642354822,0.04935972781511403,0.357569350800611,0.03424212915699324,0.01976970248641598,0.42602448562857137,0.06522234858087707,0.03765614051034898,0.35998319276023977,0.038064602897441645,0.021976608729434143,0.40124117720774866,0.05509918784962412,0.03181153093711025,0.08533412253444432,0.05169429467472749,0.029845714946021756,0.08538233571609301,0.05167894739101077,0.029836854187636576,0.004483182260475638,0.0019010690733602346,0.001097582741252604,0.00040001490669601517,0.0,0.0,0.004083167353779623,0.0019010690733602348,0.001097582741252604,11.207537982784627,4.752495573383522,2.7438545986154814,11.207537982784627,4.752495573383523,2.743854598615482,2.3385634529361217,0.513884592384015,0.29669140774531216,0.0,0.0,0.0,14.0,0.0,0.0,0.0,0.0,0.0,0.0,0.0,0.0,-0.0019500000000000003,0.0,0.0,0.1391389204054065,0.08592118123440881,0.049606617114776555
RCZDT-StepV,GPR-KG-pooled-pre,pooled_pre,axis,tn,3,0.0039000000000000007,0.0,0.0,50.0,0.0,0.0,0.0,0.0,0.0,0.0,0.0,0.0,0.0,0.0,0.0,0.0,0.0,0.0,0.0,0.0,0.0,50.0,0.0,0.0,0.0,0.0,0.0,0.0,0.0,0.0,0.0,0.0,0.0,0.0,0.0,0.0,0.0,0.0,0.0,0.00765,1.0622968402425924e-18,6.133173666733496e-19,0.14150344541487284,0.08688828797720712,0.05016497645306626,0.13385344541487287,0.08688828797720713,0.050164976453066265,0.13385344541487287,0.08688828797720713,0.050164976453066265,0.13403677265054798,0.08685460386935422,0.05014552892432997,0.26162840327405895,0.12830313579472255,0.07407584998895618,0.30971661760251856,0.15732614754694832,0.0908322936367974,0.26861503098414635,0.07697592681190299,0.04444207206597312,0.32123052942362307,0.09053570827695334,0.05227081554497245,0.08080954738947559,0.051796845692935356,0.029904922803989736,0.08110819130021957,0.051751276207374394,0.029878613249234284,0.004483182260475639,0.0019010690733602354,0.0010975827412526044,0.00040001490669601506,6.639355251516202e-20,3.833233541708435e-20,0.004083167353779623,0.001901069073360235,0.0010975827412526042,11.207537982784627,4.7524955733835235,2.7438545986154823,11.207537982784627,4.752495573383523,2.743854598615482,2.3385634529361212,0.5138845923840148,0.2966914077453121,0.0,0.0,0.0,0.0,0.0,0.0,0.0,0.0,0.0,0.0,0.0,0.0,0.0,0.0,0.0,0.0,0.0,0.0
RCZDT-StepV,GPR-KG-pooled-pre,pooled_pre,axis,tp,3,0.0039000000000000007,0.0,0.0,0.0,0.0,0.0,0.0,0.0,0.0,0.0,0.0,0.0,0.0,0.0,0.0,0.0,0.0,0.0,0.0,0.0,0.0,0.0,0.0,0.0,0.0,0.0,0.0,0.0,0.0,0.0,0.0,0.0,0.0,0.0,0.0,0.0,0.0,0.0,0.0,0.0,0.0,0.0,0.0,0.0,0.0,0.0,0.0,0.0,0.0,0.0,0.0,0.0,0.0,0.0,0.0,0.0,0.0,0.0,0.0,0.0,0.0,0.0,0.0,0.0,0.0,0.0,0.0,0.0,0.0,0.0,0.0,0.0,0.0,0.0,0.0,0.0,0.0,0.0,0.0,0.0,0.0,0.0,0.0,0.0,0.0,0.0,0.0,0.0,0.0,0.0,0.0,0.0,0.0,0.0,0.0,0.0,0.0,0.0,0.0,0.0,0.0,0.0,0.0,0.0,0.0,0.0,0.0,0.0
RCZDT-StepV,GPR-KG-pooled-pre,pooled_pre,combined,all,3,0.003599999999999997,0.0002999999999999947,0.0001732050807568847,1181.0,0.0,0.0,550.3333333333334,116.69333028641068,67.37292565349313,608.6666666666666,14.742229591663987,8.51143022320247,277.0,46.8081189538738,27.024680078279065,273.3333333333333,69.88800564713041,40.349858873496835,331.6666666666667,61.2072980398035,35.3380499996502,299.0,55.65069631190611,32.12994449626911,0.5061369267713571,0.01985438209676566,0.01146293284816134,0.4564940097710404,0.08888721233454566,0.051319055968865365,0.47582798267139514,0.0368781209540487,0.0212915930600276,0.47577363792950195,0.1086173551597271,0.06271025924013364,0.5435059902289596,0.08888721233454566,0.051319055968865365,0.007530651989839119,7.819601963295025e-05,4.514649298464109e-05,0.06454380613161752,0.008399825859759126,0.0048496417212779116,0.015697202729764468,0.02354276509250808,0.013592421763627667,0.06519825669695177,0.008387632523775702,0.004842601895465562,0.08177348965508156,0.011951431018387004,0.00690016191566698,0.38967938128897756,0.035547574022092854,0.020523401430693457,0.4994970921531956,0.055816153032412275,0.032225470978392574,0.3934437827640895,0.03309208762675815,0.019105725699355505,0.5043101386700324,0.05058916732543615,0.029207669373419582,0.0498612932369931,0.013131466915513127,0.007581455958526169,0.06152718190848721,0.016024797669859262,0.009251921248402533,0.00448318226047564,0.0019010690733602354,0.0010975827412526044,0.006346756804191771,7.804969175081521e-05,4.5062010542500476e-05,0.00683609376668623,0.0006072283321903708,0.00035058344104967813,5.280182197099262,2.2297619360364416,1.2873536539994208,2.7445684895303692,1.3327794981310253,0.7694806020163618,1.7985073805675984,0.1349175076338094,0.07789465935077326,273.3333333333333,69.88800564713041,40.349858873496835,331.6666666666667,61.2072980398035,35.3380499996502,0.0074768836476661925,0.0003657876625961283,0.0002111876054661187,-0.04966453157119296,0.02165954298483965,0.012505142972821444,-0.0076266421775451065,0.00026537418172971794,0.00015321385525762934,0.07405749482402747,0.012362332509519845,0.007137396002182945
RCZDT-StepV,GPR-KG-pooled-pre,pooled_pre,combined,far_true_boundary,3,0.003599999999999997,0.0002999999999999947,0.0001732050807568847,882.3333333333334,3.055050463303893,1.7638342073763937,398.6666666666667,94.81736831052281,54.742833117932236,447.0,15.716233645501712,9.073771725877467,194.0,39.1279950930277,22.590558499809898,204.66666666666666,56.358968526165675,32.5388656498314,253.0,51.507281038703645,29.73774257292126,230.66666666666666,46.543886100467944,26.87212516923645,0.48935732930054376,0.023897479053780788,0.013797215964653782,0.43583219976367227,0.10057412479943176,0.058066498026462944,0.4558477296267889,0.04554692133355693,0.026296527292687805,0.4683259890045517,0.11713829297886476,0.06762982498376083,0.5641678002363277,0.10057412479943174,0.05806649802646294,0.00943782541593509,0.00010270303561437286,5.929562525854989e-05,0.06534267368025082,0.008475198164136768,0.004893157941499786,0.0180898806809028,0.026673702052575514,0.015400069060338348,0.06622330614807537,0.008443792482378257,0.004875025862682425,0.08295957882981746,0.01322937178529732,0.007637981361451048,0.4186433397856266,0.03156190480294161,0.018222274234115682,0.5332910690634866,0.0518052307698319,0.029909763930393133,0.4204631676964894,0.027982389999556274,0.01615564039881291,0.5370999569309972,0.04663849304213113,0.026926746512472895,0.05032964056258851,0.014818456852305826,0.008555440052653624,0.06208771581985555,0.017869386799815843,0.010316895279127223,0.004483182260475639,0.001901069073360235,0.0010975827412526042,0.006301107402215771,4.842449296295566e-05,2.795789404753359e-05,0.006827245667531494,0.0005868218957625802,0.00033880177948489217,5.3289828484622355,2.264175059841112,1.307222080291703,2.970637287469245,1.4638242916463187,0.8451393488283154,1.8041272483907977,0.1412635959492271,0.0815585751479808,204.66666666666666,56.358968526165675,32.5388656498314,253.0,51.507281038703645,29.73774257292126,0.00932085133167255,5.627712895658109e-05,3.2491615552301376e-05,-0.049671771699949435,0.023113933729026197,0.013344835860484445,-0.00946215554959295,0.0001567030677157459,9.047255832852604e-05,0.07502858901181476,0.014494687599580133,0.008368511787437121
RCZDT-StepV,GPR-KG-pooled-pre,pooled_pre,combined,fn,3,0.003599999999999997,0.0002999999999999947,0.0001732050807568847,331.6666666666667,61.2072980398035,35.3380499996502,0.0,0.0,0.0,331.6666666666667,61.2072980398035,35.3380499996502,0.0,0.0,0.0,0.0,0.0,0.0,331.6666666666667,61.2072980398035,35.3380499996502,0.0,0.0,0.0,0.0,0.0,0.0,0.0,0.0,0.0,0.0,0.0,0.0,0.0,0.0,0.0,1.0,0.0,0.0,0.0076266421775451065,0.00026537418172971794,0.00015321385525762934,0.07405749482402747,0.012362332509519845,0.007137396002182945,0.08168413700157257,0.01258436262298421,0.007265585147959799,0.08168413700157257,0.01258436262298421,0.007265585147959799,0.097296453669217,0.021228818696935915,0.012256464189253712,0.4379037416602624,0.21335206030247222,0.12317886944779362,0.5311577405329087,0.23984820566529585,0.13847642610550728,0.4369025219706724,0.2002227643599274,0.11559866690109509,0.5355641202586988,0.23126994344501925,0.1335237641034514,0.055879924216513,0.019068057291053424,0.011008948009912901,0.0702412852795239,0.022877825315839078,0.013208518604572927,0.00448318226047564,0.0019010690733602354,0.0010975827412526044,0.0023221699920916127,0.0016949307017031596,0.0009785686968860805,0.004402592959304083,0.0022181468989742755,0.0012806477092249316,8.281026773319901,2.5488380580651593,1.4715723389446829,11.109876844933362,4.674916035233593,2.699064031381013,2.0458444876635724,0.3193674577693948,0.18438688771356654,0.0,0.0,0.0,331.6666666666667,61.2072980398035,35.3380499996502,0.0,0.0,0.0,0.0,0.0,0.0,-0.0076266421775451065,0.00026537418172971794,0.00015321385525762934,0.07405749482402747,0.012362332509519845,0.007137396002182945
RCZDT-StepV,GPR-KG-pooled-pre,pooled_pre,combined,fp,3,0.003599999999999997,0.0002999999999999947,0.0001732050807568847,273.3333333333333,69.88800564713041,40.349858873496835,273.3333333333333,69.88800564713041,40.349858873496835,0.0,0.0,0.0,0.0,0.0,0.0,273.3333333333333,69.88800564713041,40.349858873496835,0.0,0.0,0.0,0.0,0.0,0.0,0.0,0.0,0.0,0.0,0.0,0.0,0.0,0.0,0.0,1.0,0.0,0.0,0.0,0.0,0.0,0.0074768836476661925,0.0003657876625961283,0.0002111876054661187,0.04966453157119296,0.02165954298483965,0.012505142972821444,-0.05714141521885916,0.021923139392489185,0.01265733042973532,0.05714141521885916,0.021923139392489185,0.01265733042973532,0.06501683323561852,0.02420795710224901,0.01397647054951438,0.419784196083167,0.04949608703894319,0.028576579175767,0.5188852303082016,0.051968193753931066,0.030003850653130732,0.42903270465453663,0.07728134788502085,0.044618407004753904,0.5214705273051626,0.07661755343119597,0.044235165098151535,0.04198673883303311,0.007141341485183984,0.004123055428846016,0.052105191752009804,0.008507875533244608,0.004912024229350605,0.00448318226047564,0.0019010690733602354,0.0010975827412526044,0.01084664113907856,0.000972375910712574,0.0005614014938034121,0.008314756336203323,0.0013565828167143308,0.0007832234544080396,1.6455851024274715,1.0628680519843972,0.6136471559262449,0.31626445316681023,0.13329042468821567,0.07695526257414086,1.3548126822570836,0.2647214173534119,0.15283698156925166,273.3333333333333,69.88800564713041,40.349858873496835,0.0,0.0,0.0,0.0074768836476661925,0.0003657876625961283,0.0002111876054661187,-0.04966453157119296,0.02165954298483965,0.012505142972821444,0.0,0.0,0.0,0.0,0.0,0.0
RCZDT-StepV,GPR-KG-pooled-pre,pooled_pre,combined,high_t1,3,0.003599999999999997,0.0002999999999999947,0.0001732050807568847,385.0,16.46207763315433,9.50438495292217,179.66666666666666,49.52103929981007,28.590985370295382,0.0,0.0,0.0,0.0,0.0,0.0,179.66666666666666,49.52103929981007,28.590985370295382,0.0,0.0,0.0,205.33333333333334,40.5010287935175,23.383279876394113,0.0,0.0,0.0,0.0,0.0,0.0,0.0,0.0,0.0,0.4647567025008055,0.11518867399495167,0.0665042119385814,0.0,0.0,0.0,0.010129249400199223,7.963024022509517e-05,4.597454062959326e-05,0.06627599476558693,0.008897513515924445,0.005136981823537312,0.006265521377016202,0.028883839663209804,0.01667609260478417,0.06604472262044168,0.010999235252026477,0.006350411433637508,0.08164558699274531,0.012817062287771273,0.007399934362064945,0.44512871233403545,0.07232148843424062,0.04175483081570323,0.5564765583427334,0.06519174616992782,0.037638472200149584,0.43921380083705497,0.08905234785593319,0.05141439700659122,0.5480848415498926,0.08623123493315418,0.04978562670121043,0.04855926307110329,0.01415746747896121,0.008173817660021628,0.0593841585845696,0.016602379956658524,0.009585388537165247,0.004483182260475639,0.001901069073360235,0.0010975827412526042,0.0065643409576359125,0.00015572554348762855,8.990818445228313e-05,0.006971074050532877,0.0006418574073323658,0.00037057654690469667,5.208204901756092,2.282761962711992,1.3179532336676072,2.473230104745953,1.4249786831381452,0.8227118262992866,1.7972537786497291,0.13783047481445998,0.07957646173666241,179.66666666666666,49.52103929981007,28.590985370295382,0.0,0.0,0.0,0.010021718694441151,9.769170942695128e-05,5.640233473524502e-05,-0.04994406471090107,0.02371826647508854,0.013693747534103646,0.0,0.0,0.0,0.0,0.0,0.0
RCZDT-StepV,GPR-KG-pooled-pre,pooled_pre,combined,low_t1,3,0.003599999999999997,0.0002999999999999947,0.0001732050807568847,396.6666666666667,13.868429375143146,8.006941432976209,174.0,39.949968710876355,23.065125189341593,396.6666666666667,13.868429375143146,8.006941432976209,174.0,39.949968710876355,23.065125189341593,0.0,0.0,0.0,222.66666666666666,44.27565169857281,25.562559426717122,0.0,0.0,0.0,1.0,0.0,0.0,0.43933280994720264,0.10445984419947038,0.060309919168070596,0.6057660353920856,0.0971690071105136,0.05610055241214369,0.0,0.0,0.0,0.5606671900527974,0.1044598441994704,0.0603099191680706,0.010072401306048383,9.45505590837948e-05,5.458879073905855e-05,0.0647516987307418,0.008893585629373629,0.005134714057179852,0.029447911183325404,0.025962112794346546,0.014989232810547407,0.06674785801925737,0.007160898231162257,0.004134346521401044,0.0841103585445389,0.015182834722988151,0.008765813714378807,0.4238397923428592,0.11316763032277743,0.06533736183040761,0.5329009082919397,0.13925635528652516,0.08039969421104147,0.4319757084395091,0.12700597385363285,0.0733269331930855,0.5440537025364126,0.15155883733923803,0.08750253553587578,0.051791899313706063,0.015585361878004673,0.00899821287568373,0.06448134117890282,0.019308031467159585,0.011147497165086352,0.00448318226047564,0.0019010690733602354,0.0010975827412526044,0.006052197484631968,0.00016527541427412606,9.54218049215936e-05,0.0066812914226536116,0.0006122662161131847,0.0003534920646886608,5.371713816831735,2.21469462510526,1.2786545379773393,3.3236783972220216,1.5524450449024927,0.8963045645765548,1.8024734000567406,0.1342960486052831,0.07753585981336326,0.0,0.0,0.0,222.66666666666666,44.27565169857281,25.562559426717122,0.0,0.0,0.0,0.0,0.0,0.0,-0.010161182427201152,0.00012805518829375393,7.393269743252705e-05,0.0750865634815412,0.015183671856972404,0.008766297033909963
RCZDT-StepV,GPR-KG-pooled-pre,pooled_pre,combined,mid_t1,3,0.003599999999999997,0.0002999999999999947,0.0001732050807568847,399.3333333333333,5.507570547286102,3.1797973380564857,196.66666666666666,29.56912804486012,17.071744036402503,212.0,15.394804318340652,8.888194417315589,103.0,7.0,4.041451884327381,93.66666666666667,23.544284515213736,13.593299002735789,109.0,20.518284528683193,11.846237095944575,93.66666666666667,15.30795000427338,8.83804905570857,0.5284336508422925,0.05122368788329171,0.02957400998830384,0.4885413378616293,0.062398026682773625,0.03602551750220081,0.5037179667809454,0.01350411802763307,0.0077966061784224315,0.49681563958424696,0.10126683729412858,0.05846643577174717,0.5114586621383707,0.062398026682773625,0.03602551750220081,0.002502242848794687,0.00013139381614137727,7.586025511907636e-05,0.06262567816337378,0.00791478168856678,0.004569601338471151,0.011203811257219162,0.015583768614849842,0.008997293004772398,0.06274993679817999,0.008011137951921222,0.004625232653056945,0.07915391338704138,0.008769902131363203,0.005063305356309218,0.305726224566498,0.04668700345694589,0.0269547540135247,0.38491047777023074,0.07377016543665621,0.04259122487301669,0.31508296985042256,0.046611675878121664,0.02691126361561313,0.3941716264551743,0.06737423722204414,0.03889853399659289,0.04918888983093258,0.00974436745191317,0.005625913171444697,0.06036312173307448,0.011873156790747684,0.006854970269268809,0.00448318226047564,0.001901069073360235,0.0010975827412526042,0.006421004284474932,0.00024261815110302338,0.00014007565484961985,0.006850767691615241,0.000585443967538408,0.0003380062322537424,5.262961176539503,2.1979454660793043,1.2689844065050038,2.080195949331496,0.17974835628947672,0.10377776189012215,1.7960289733616264,0.13342916802209304,0.07703536607530323,93.66666666666667,23.544284515213736,13.593299002735789,109.0,20.518284528683193,11.846237095944575,0.0026533423458955647,0.00026355979083128627,0.0001521663161840046,-0.04896837975286216,0.01785474599438941,0.010308442406173119,-0.0024608738548273436,5.980399045732152e-05,3.452784998914839e-05,0.07143464174871807,0.006687029732902234,0.0038607584163701364
RCZDT-StepV,GPR-KG-pooled-pre,pooled_pre,combined,near_true_boundary,3,0.003599999999999997,0.0002999999999999947,0.0001732050807568847,298.6666666666667,3.0550504633038935,1.763834207376394,151.66666666666666,23.713568549109883,13.691035185275235,161.66666666666666,7.371114795831994,4.255715111601235,83.0,7.937253933193772,4.582575694955841,68.66666666666667,17.61628034896508,10.170764201594904,78.66666666666667,11.50362261782493,6.641619615057092,68.33333333333333,9.29157324317757,5.364492313143694,0.5518096323181069,0.0550581095041563,0.031787814343296535,0.514264777028373,0.056904404630854555,0.03285377333169927,0.5291771094402673,0.020833341185041262,0.01202813514130289,0.49707699707699704,0.09882252566355199,0.057055211793850445,0.48573522297162697,0.056904404630854555,0.03285377333169927,0.001896659761454863,0.00015599039076236604,9.006109409764696e-05,0.06218277115851042,0.008739685372615165,0.005045859702512001,0.008590073288162567,0.014620626220497023,0.008441222484124858,0.06216822754463807,0.00879046558019806,0.00507517766902949,0.07803776038046178,0.008753309526739302,0.005053725611563052,0.30400612146938205,0.0491041381749829,0.028350287393650957,0.38133039183064854,0.07623023771347139,0.04401154826426187,0.3134920951693529,0.0496869345864466,0.028686765058692273,0.3906430742523735,0.07001795778085003,0.04042488677288162,0.048471502663023545,0.008134538354431025,0.004696477908664088,0.05964843596273147,0.01024047690858178,0.005912342099799837,0.004483182260475639,0.0019010690733602352,0.0010975827412526044,0.006481596160689301,0.00018042671484136462,0.00010416941238266172,0.006861297969295421,0.0006674008061970961,0.00038532403511526675,5.135546783978327,2.131143678422724,1.230416376419129,1.936460365282703,0.06811006748553959,0.039323365797299864,1.781574162211001,0.11667760367258126,0.06736384588876526,68.66666666666667,17.61628034896508,10.170764201594904,78.66666666666667,11.50362261782493,6.641619615057092,0.0020501922120961043,0.00017177380981842001,9.917365533839238e-05,-0.04908166476322238,0.01782825263094313,0.01029314645565567,-0.0017713285891219012,0.00013739041030756688,7.932239037514688e-05,0.07062723132423304,0.005112905447908597,0.002951937336691133
RCZDT-StepV,GPR-KG-pooled-pre,pooled_pre,combined,tn,3,0.003599999999999997,0.0002999999999999947,0.0001732050807568847,299.0,55.65069631190611,32.12994449626911,0.0,0.0,0.0,0.0,0.0,0.0,0.0,0.0,0.0,0.0,0.0,0.0,0.0,0.0,0.0,299.0,55.65069631190611,32.12994449626911,0.0,0.0,0.0,0.0,0.0,0.0,0.0,0.0,0.0,0.0,0.0,0.0,0.0,0.0,0.0,0.0078080572441742635,8.64106129200311e-05,4.9889190630220515e-05,0.07671009389736198,0.012320414838260168,0.007113194823397368,0.06890203665318771,0.012380298244452742,0.007147768524082642,0.06967785644784981,0.012409341240808364,0.007164536505846634,0.08768774951667337,0.020231179282780343,0.011680476804936812,0.37977810915021765,0.09990737177996008,0.05768154799118797,0.4908809303442629,0.09878158293420798,0.057031573498042325,0.3806921298987718,0.1062910426682417,0.06136716209695535,0.48676149154353165,0.1130828379565527,0.06528840693494253,0.05335650655229542,0.014994647990078078,0.008657164053475259,0.06426345619678497,0.017121028285630502,0.009884830289511967,0.004483182260475639,0.0019010690733602352,0.0010975827412526044,0.0024255906320546534,0.0016773175460626972,0.0009683997367357808,0.0044698855878723,0.0022300578547762026,0.0012875245027634801,8.267916063058982,2.5744423588019796,1.486354988867498,11.14089120112669,4.698282684267182,2.7125547724906154,2.0431823217341574,0.3250632597711785,0.18767536053254716,0.0,0.0,0.0,0.0,0.0,0.0,0.0,0.0,0.0,0.0,0.0,0.0,0.0,0.0,0.0,0.0,0.0,0.0
RCZDT-StepV,GPR-KG-pooled-pre,pooled_pre,combined,tp,3,0.003599999999999997,0.0002999999999999947,0.0001732050807568847,277.0,46.8081189538738,27.024680078279065,277.0,46.8081189538738,27.024680078279065,277.0,46.8081189538738,27.024680078279065,277.0,46.8081189538738,27.024680078279065,0.0,0.0,0.0,0.0,0.0,0.0,0.0,0.0,0.0,1.0,0.0,0.0,1.0,0.0,0.0,1.0,0.0,0.0,0.0,0.0,0.0,0.0,0.0,0.0,0.0070652300357494785,0.0004882142723442984,0.00028187064156019796,0.05032213744594207,0.018550641127504326,0.010710217648604766,-0.04325690741019259,0.01815803647546291,0.010483547247063556,0.044272202437348494,0.0178293734594511,0.010293793566296464,0.05497652836448964,0.01973034881171933,0.011391322197651368,0.34189315434047945,0.0454609094437868,0.02624686830497551,0.44254828262773427,0.06008126960161531,0.03468793717774708,0.3485185768209211,0.06450849595218525,0.037243997503012036,0.4547424455868547,0.07824754183634773,0.045176239342641866,0.04567080330411593,0.006641550236482581,0.003834500816869641,0.05372557891533989,0.006452728040069459,0.0037254842709415485,0.004483182260475639,0.001901069073360235,0.0010975827412526042,0.010590282980380672,0.0005770062523316461,0.000333134715107773,0.008141548709648398,0.001358067965582582,0.0007840809055069111,1.5146473829626865,0.6054149151777655,0.34953646424929735,0.3173181560699163,0.13329232589851284,0.07695636023841772,1.3091166359737711,0.2678705564876897,0.15465513789614252,0.0,0.0,0.0,0.0,0.0,0.0,0.0,0.0,0.0,0.0,0.0,0.0,0.0,0.0,0.0,0.0,0.0,0.0
RCZDT-StepV,GPR-KG-pooled-pre,pooled_pre,random,all,3,0.003674999999999992,0.00032691742076554553,0.00018874586088176587,1000.0,0.0,0.0,510.3333333333333,104.80617030181637,60.50987063648744,512.0,10.583005244258363,6.110100926607787,253.0,44.23799272118933,25.540817005987364,257.3333333333333,60.583276020147125,34.97777071862134,259.0,54.74486277268398,31.60696125855822,230.66666666666666,50.06329327294933,28.90405584765648,0.4976693800831806,0.0141866551525197,0.00819066917120764,0.4954762472669449,0.09766644001568739,0.056387745433849557,0.49254403123977575,0.03906497038366568,0.02255417116689414,0.5257192378328742,0.11149946377260031,0.06437424542360971,0.504523752733055,0.09766644001568738,0.05638774543384955,0.007484499999999999,9.47431791740178e-05,5.4700000000000123e-05,0.0566737564173913,0.011152576352714676,0.006438942959397673,0.004205990882045043,0.020627677814501796,0.011909395338959483,0.05738455598010574,0.011075097268394224,0.006394210389208695,0.06953995035679511,0.010356102182172967,0.005979098382632834,0.40684897233654,0.04735703700661843,0.02734159806379422,0.5179619893773576,0.06589238830308877,0.03804298812433565,0.41221039363383,0.04504389153543984,0.0260061029033345,0.5241563578834383,0.06170588763216638,0.03562591083501606,0.04693442863246122,0.009573464473209382,0.005527242290684756,0.057628743442047985,0.01124642173497743,0.0064931246161092785,0.004483182260475639,0.001901069073360235,0.0010975827412526042,0.006891220729648713,0.00011200529912318858,6.466628959943748e-05,0.007010734169606596,0.000721396436830808,0.00041649842699670385,4.740985776552975,1.989180565919982,1.1484539352006737,1.022835049470128,0.40815206956108313,0.23564670723139422,1.7384355864401038,0.09079685463252384,0.05242158846365896,257.3333333333333,60.583276020147125,34.97777071862134,259.0,54.74486277268398,31.60696125855822,0.007399925754012139,0.0003700945844356567,0.0002136742079495491,-0.04881427293106542,0.020658425123727574,0.011927147306217844,-0.007607023424517371,0.00027554149471486236,0.00015908395614653764,0.061141020997137085,0.0029788973608923953,0.0017198671931994902
RCZDT-StepV,GPR-KG-pooled-pre,pooled_pre,random,far_true_boundary,3,0.003674999999999992,0.00032691742076554553,0.00018874586088176587,748.0,1.7320508075688772,1.0,371.6666666666667,84.29907077384266,48.670091203713376,377.3333333333333,11.150485789118488,6.437735971942656,179.33333333333334,37.43438704364389,21.61275343659644,192.33333333333334,47.857427149120056,27.63049844726737,198.0,44.23799272118933,25.540817005987364,178.33333333333334,41.10150037812894,23.72996230741025,0.4839333735432949,0.022083304075788672,0.012749801552752951,0.4765485130619506,0.10851532671347183,0.06265135308922315,0.47555401421634064,0.04857930486408899,0.028047274740326675,0.5174165353340472,0.11799677423764973,0.06812546936961457,0.5234514869380494,0.1085153267134718,0.06265135308922314,0.009366585809906292,0.00011429395554143397,6.598764599859402e-05,0.05710943861043752,0.010833995681250451,0.006255010322969191,0.006181385512200291,0.022873767588257352,0.01320617587446132,0.05805936170739461,0.010736409146693025,0.006198668710973178,0.0703817913471387,0.009681008032150435,0.005589332593388983,0.4409055699427143,0.046154022516063375,0.02664703732383324,0.5557999370978833,0.06393703494602611,0.036914064337274684,0.44435028616552247,0.04341811495814003,0.025067460358788266,0.5604612564807788,0.0594487552500154,0.03432275484658457,0.04714958568460439,0.010720122436260008,0.006189265574320463,0.05780586729831028,0.012427172102062782,0.007174831158391755,0.00448318226047564,0.0019010690733602354,0.0010975827412526044,0.006841851334689481,0.00011001000210529699,6.351430432904451e-05,0.006997412856021793,0.0006760040092576924,0.000390291096718195,4.785076921555011,2.0140959232497635,1.1628388234619789,1.022835049470128,0.40815206956108313,0.23564670723139422,1.7430107836295068,0.09869964785669674,0.05698426825898514,192.33333333333334,47.857427149120056,27.63049844726737,198.0,44.23799272118933,25.540817005987364,0.009231623580701714,8.079071325610787e-05,4.664454004643575e-05,-0.04875071714635576,0.02230983220627039,0.012880587629865594,-0.009415755097137561,0.00013350721459753063,7.708042628664144e-05,0.0621794602714942,0.004174518973819131,0.0024101596532716757
RCZDT-StepV,GPR-KG-pooled-pre,pooled_pre,random,fn,3,0.003674999999999992,0.00032691742076554553,0.00018874586088176587,259.0,54.74486277268398,31.60696125855822,0.0,0.0,0.0,259.0,54.74486277268398,31.60696125855822,0.0,0.0,0.0,0.0,0.0,0.0,259.0,54.74486277268398,31.60696125855822,0.0,0.0,0.0,0.0,0.0,0.0,0.0,0.0,0.0,0.0,0.0,0.0,0.0,0.0,0.0,1.0,0.0,0.0,0.007607023424517371,0.00027554149471486236,0.00015908395614653764,0.061141020997137085,0.0029788973608923953,0.0017198671931994902,0.06874804442165446,0.00288523403322542,0.001665790645757766,0.06874804442165446,0.00288523403322542,0.001665790645757766,0.08039969926519172,0.0036921701545130367,0.002131675432602004,0.4727011733921877,0.27392577508290217,0.15815111998209047,0.5610807645579594,0.2902463247127167,0.16757379370418654,0.4776519801485899,0.2746843206563315,0.1585890664731025,0.5669208562687859,0.29161285539978193,0.16836276056421953,0.05028572597702292,0.013183148755281676,0.007611294482628756,0.06368892285677023,0.015581635642183522,0.008996061532429324,0.00448318226047564,0.0019010690733602354,0.0010975827412526044,0.002689069647299405,0.002016933318687218,0.0011644769944815906,0.0044680705564916655,0.002281758088346721,0.0013173736465325854,7.766509156413041,2.160053196609169,1.2471072945262154,10.71993055161999,4.37085987875515,2.523517127589421,1.989577738847144,0.28063198557102226,0.16202295241264889,0.0,0.0,0.0,259.0,54.74486277268398,31.60696125855822,0.0,0.0,0.0,0.0,0.0,0.0,-0.007607023424517371,0.00027554149471486236,0.00015908395614653764,0.061141020997137085,0.0029788973608923953,0.0017198671931994902
RCZDT-StepV,GPR-KG-pooled-pre,pooled_pre,random,fp,3,0.003674999999999992,0.00032691742076554553,0.00018874586088176587,257.3333333333333,60.583276020147125,34.97777071862134,257.3333333333333,60.583276020147125,34.97777071862134,0.0,0.0,0.0,0.0,0.0,0.0,257.3333333333333,60.583276020147125,34.97777071862134,0.0,0.0,0.0,0.0,0.0,0.0,0.0,0.0,0.0,0.0,0.0,0.0,0.0,0.0,0.0,1.0,0.0,0.0,0.0,0.0,0.0,0.007399925754012139,0.0003700945844356567,0.0002136742079495491,0.04881427293106542,0.020658425123727574,0.011927147306217844,-0.056214198685077564,0.020905784863354322,0.012069960518478022,0.056214198685077564,0.020905784863354322,0.012069960518478022,0.06375618103185209,0.02272200615909845,0.013118556372483825,0.426985331983031,0.046617370921452524,0.02691455165041325,0.5259026718955871,0.04851866168737319,0.028012262385925295,0.43735054840340126,0.07385927755046776,0.042642673775913846,0.5291068837545723,0.07332419314185355,0.04233374264856126,0.04194401881782616,0.007482996331293752,0.00432030994621743,0.051923511778570734,0.008982763342381083,0.0051862008337904214,0.004483182260475639,0.0019010690733602354,0.0010975827412526044,0.01078267252508456,0.001004787023721936,0.0005801140586241026,0.008294196832103152,0.0013376682708323652,0.0007723031362514873,1.6808599255010257,1.0738684374723808,0.6199982314489219,0.3161487128186788,0.1332060828825967,0.0769065678099628,1.3581328612424908,0.25902124996938536,0.149545988395658,257.3333333333333,60.583276020147125,34.97777071862134,0.0,0.0,0.0,0.007399925754012139,0.0003700945844356567,0.0002136742079495491,-0.04881427293106542,0.020658425123727574,0.011927147306217844,0.0,0.0,0.0,0.0,0.0,0.0
RCZDT-StepV,GPR-KG-pooled-pre,pooled_pre,random,high_t1,3,0.003674999999999992,0.00032691742076554553,0.00018874586088176587,327.0,10.44030650891055,6.027713773341709,168.0,41.2189276910499,23.79775899813538,0.0,0.0,0.0,0.0,0.0,0.0,168.0,41.2189276910499,23.79775899813538,0.0,0.0,0.0,159.0,36.49657518178932,21.07130750570548,0.0,0.0,0.0,0.0,0.0,0.0,0.0,0.0,0.0,0.5125938026414182,0.11711984101279563,0.06761917173618373,0.0,0.0,0.0,0.010055734005311236,8.932562140988828e-05,5.15721715665296e-05,0.0579645426594689,0.011855197861759967,0.006844601676783393,-0.005598689234243976,0.02526413878690906,0.014586257329466012,0.058700147257828496,0.013990770672480947,0.008077575213927197,0.06980906044084374,0.014251225149828536,0.00822794867653547,0.466158222255234,0.06183782657461454,0.0357020858189551,0.579214388464604,0.06086662894985028,0.03514136460886113,0.4638918776894845,0.08031348209374316,0.0463690105063788,0.5733275871475992,0.08285991860918959,0.047839196314046095,0.04531165441817858,0.010984769189355672,0.006342059448460405,0.055429560592110606,0.01255044596535351,0.007246003356546702,0.00448318226047564,0.0019010690733602354,0.0010975827412526044,0.007095125212104338,0.00024864977577868357,0.00014355801497976305,0.007134061319756738,0.000709122954191666,0.000409412328491101,4.661860034207258,2.0217579177851337,1.1672624780695042,0.7660636796024017,0.3570469344870361,0.206141143739421,1.734519604566989,0.09646740962742137,0.055695484916417626,168.0,41.2189276910499,23.79775899813538,0.0,0.0,0.0,0.009943781552932142,0.00012235499087009968,7.064168691554626e-05,-0.04891210940428171,0.022902762801798426,0.01322291626880447,0.0,0.0,0.0,0.0,0.0,0.0
RCZDT-StepV,GPR-KG-pooled-pre,pooled_pre,random,low_t1,3,0.003674999999999992,0.00032691742076554553,0.00018874586088176587,335.3333333333333,12.503332889007368,7.218802609235905,161.0,37.5099986670221,21.656407827707717,335.3333333333333,12.503332889007368,7.218802609235905,161.0,37.5099986670221,21.656407827707717,0.0,0.0,0.0,174.33333333333334,38.37099599089569,22.15350486441768,0.0,0.0,0.0,1.0,0.0,0.0,0.4802349945585407,0.11149442528990705,0.06437133645427046,0.6439476108998194,0.09789132082102461,0.05651758042734658,0.0,0.0,0.0,0.5197650054414593,0.11149442528990705,0.06437133645427046,0.009988857506000476,0.0001256410515851381,7.253889495394715e-05,0.05685690730984753,0.00996479313640908,0.005753175999724718,0.01786036203265062,0.022591355454399657,0.013043125152956163,0.05807165256018679,0.007498867826949772,0.004329473358506875,0.07115056693561683,0.005713762185824275,0.0032988421360711498,0.4485632765303942,0.135690485502337,0.07834093833124528,0.5553279716312921,0.15820122834577138,0.09133752177156057,0.4562965578499725,0.15407566898400632,0.08895562896348773,0.5644712003277209,0.17320655586193098,0.10000085165229382,0.048758842982459326,0.010747354070397341,0.006204987765620126,0.060023709172054886,0.012913137971347315,0.0074554036838401505,0.004483182260475639,0.001901069073360235,0.0010975827412526042,0.006599889611608168,0.0002137772114035317,0.00012342433055043657,0.006855262106210006,0.0007302390297137948,0.0004216037003780306,4.812022081132573,1.9654269978328827,1.134739806271373,1.3440680336278465,0.5699447452200874,0.32905775207603016,1.7399770590159473,0.08944883597809819,0.05164330953065367,0.0,0.0,0.0,174.33333333333334,38.37099599089569,22.15350486441768,0.0,0.0,0.0,0.0,0.0,0.0,-0.010102460693551417,3.2573179350670296e-05,1.8806133866471455e-05,0.06257419520394825,0.0043001338940442755,0.0024826834612778964
RCZDT-StepV,GPR-KG-pooled-pre,pooled_pre,random,mid_t1,3,0.003674999999999992,0.00032691742076554553,0.00018874586088176587,337.6666666666667,5.033222956847167,2.905932629027116,181.33333333333334,28.37839553839035,16.384274303259346,176.66666666666666,17.672954855748753,10.203485243342646,92.0,7.211102550927978,4.163331998932265,89.33333333333333,23.00724523564986,13.283239230114184,84.66666666666667,21.1266025033211,12.197449642354659,71.66666666666667,13.576941236277534,7.838650677536565,0.5124191845889959,0.05650035554385793,0.032620495482555946,0.5249393866145134,0.0754530916150422,0.04356286275513411,0.5134729976480489,0.015560129022703718,0.008983644679883301,0.5504219466284798,0.10841710885667982,0.06259464698316505,0.47506061338548644,0.07545309161504217,0.043562862755134095,0.0025092636476394723,0.00013717580966808698,7.91984906381749e-05,0.05516249792451868,0.01200983912803701,0.0069338838534962685,0.00010412969624733377,0.01476461243066627,0.008524352961325666,0.05532586157891831,0.01209813343569797,0.006984860595792235,0.06707144207189077,0.01283871199300894,0.007412433825211788,0.3103152324393721,0.04744713092749811,0.027393613813266455,0.38999055906498087,0.07491202054227136,0.04325047522561915,0.3210327945207398,0.04604072366096382,0.026581624199342634,0.4027381192771235,0.07076549591533,0.04085647811605314,0.04668469394697796,0.006975340511204935,0.004027214721833471,0.05717055423009037,0.008224742571151543,0.0047485573374697184,0.004483182260475639,0.001901069073360235,0.0010975827412526042,0.0069751301197127505,0.00027710329125371267,0.0001599856597986623,0.007036831936105427,0.0007552423606929586,0.00043603938024948814,4.749187288024189,1.9898690511369774,1.1488514323260393,0.8400883563249804,0.2760124072880094,0.15935583764740888,1.7407497871411473,0.08811714373605892,0.050874456656234565,89.33333333333333,23.00724523564986,13.283239230114184,84.66666666666667,21.1266025033211,12.197449642354659,0.002647211399711398,0.00026971015362782817,0.0001557172298002019,-0.04853276127371484,0.016722343735890557,0.009654649657397867,-0.0024691993827918152,6.509841357355448e-05,3.758458660050927e-05,0.05703203931269357,0.012156122141338342,0.007018340390603662
RCZDT-StepV,GPR-KG-pooled-pre,pooled_pre,random,near_true_boundary,3,0.003674999999999992,0.00032691742076554553,0.00018874586088176587,252.0,1.7320508075688772,1.0,138.66666666666666,22.12088003071608,12.771496040445346,134.66666666666666,10.969655114602888,6.333333333333333,73.66666666666667,8.020806277010644,4.630814663149936,65.0,18.027756377319946,10.408329997330664,61.0,12.529964086141668,7.234178138070235,52.333333333333336,8.962886439832502,5.174724898753342,0.5367036749832806,0.07172622419603325,0.04141115484753525,0.5487874539128629,0.06819925150885427,0.039374856217168006,0.5381623841922943,0.03006663331139357,0.017358978835958848,0.5479373370545776,0.10945830447385962,0.06319578155302287,0.45121254608713707,0.06819925150885423,0.03937485621716798,0.0018985691699604738,0.00012853223374799643,7.420811975394964e-05,0.05538850563720388,0.012200391087298361,0.00704389907847042,-0.0016416240330139331,0.01515070734367464,0.008747264963283794,0.0553887226274605,0.012164360380116776,0.007023096739980039,0.06687674855626023,0.013078778003929311,0.0075510360012399445,0.3057575452513304,0.051576479552831546,0.029777694353680523,0.38337212831454265,0.07872881958925904,0.04545410518284019,0.3168119309923951,0.05052992908626501,0.029173468160087805,0.39653015664151076,0.07467951062682401,0.043116235563346365,0.046306902811225854,0.006228479923812321,0.0035960145606552234,0.05701113273805025,0.00785408440639444,0.004534557746269872,0.004483182260475639,0.0019010690733602352,0.0010975827412526044,0.007036825561007462,0.00021232422780830218,0.0001225854500806027,0.007048271745342554,0.0008562423085804274,0.0004943517273504564,4.610601384122444,1.9208559482342777,1.1090066987875542,0.7838087515359273,0.3638745005292528,0.21008304083180473,1.7246242276527808,0.06840041190862257,0.03949099622812453,65.0,18.027756377319946,10.408329997330664,61.0,12.529964086141668,7.234178138070235,0.0020168849206349195,0.00014275125457298597,8.241747525487026e-05,-0.048416875909856744,0.0163577529952984,0.009444153095172938,-0.001771560948703806,0.00016795869343283893,9.697099686618739e-05,0.057040692465137176,0.011755837481702378,0.00678723593461036
RCZDT-StepV,GPR-KG-pooled-pre,pooled_pre,random,tn,3,0.003674999999999992,0.00032691742076554553,0.00018874586088176587,230.66666666666666,50.06329327294933,28.90405584765648,0.0,0.0,0.0,0.0,0.0,0.0,0.0,0.0,0.0,0.0,0.0,0.0,0.0,0.0,0.0,230.66666666666666,50.06329327294933,28.90405584765648,0.0,0.0,0.0,0.0,0.0,0.0,0.0,0.0,0.0,0.0,0.0,0.0,0.0,0.0,0.0,0.007798506723705465,9.364699197489249e-05,5.406711602550291e-05,0.06413211045558044,0.0037821372070707517,0.002183617934614398,0.05633360373187499,0.0038567075434966735,0.002226671138423465,0.05719885949124654,0.0038880591075353584,0.0022447719723607154,0.07160518246773559,0.004684444668991049,0.0027045653906458893,0.41481926149219744,0.10376894809140745,0.059911030114098394,0.5273627743411714,0.1066552654503443,0.06157744621824728,0.41252749665117294,0.116843210292998,0.06745945891564245,0.5223341216917992,0.12126907990132846,0.07001473592541023,0.04798496872576846,0.010753956876817714,0.006208799897684335,0.058453381799050796,0.011350613551047868,0.0065532797891649005,0.004483182260475639,0.0019010690733602354,0.0010975827412526044,0.0027748174932022314,0.001985837202817105,0.001146523643613229,0.004514626207237957,0.0023276072031160797,0.0013438446452867807,7.781039815262871,2.2276410807320106,1.2861291776184953,10.960322822100016,4.552640228709458,2.628468061568925,1.9878281390586767,0.2941721266357196,0.16984035650121743,0.0,0.0,0.0,0.0,0.0,0.0,0.0,0.0,0.0,0.0,0.0,0.0,0.0,0.0,0.0,0.0,0.0,0.0
RCZDT-StepV,GPR-KG-pooled-pre,pooled_pre,random,tp,3,0.003674999999999992,0.00032691742076554553,0.00018874586088176587,253.0,44.23799272118933,25.540817005987364,253.0,44.23799272118933,25.540817005987364,253.0,44.23799272118933,25.540817005987364,253.0,44.23799272118933,25.540817005987364,0.0,0.0,0.0,0.0,0.0,0.0,0.0,0.0,0.0,1.0,0.0,0.0,1.0,0.0,0.0,1.0,0.0,0.0,0.0,0.0,0.0,0.0,0.0,0.0,0.007078260297482837,0.0004792226801575469,0.00027667934339073365,0.04948283171777249,0.01911146527407881,0.011034009620597586,-0.042404571420289645,0.01873783029008138,0.01081829136200801,0.043400294631271534,0.01842236439106122,0.010636157040288573,0.053553174514089336,0.02071585182898854,0.011960302629958936,0.3494228763950824,0.04978079792995341,0.028740957085332967,0.44920057227142446,0.06337248140008457,0.03658811919555338,0.35634097359493505,0.06790233397928798,0.03920343080154579,0.46157269780617094,0.0819055624381259,0.04728819852177969,0.04611910077208201,0.007009839731843956,0.004047132856156242,0.054209757864430275,0.006808090728415607,0.003930653014718146,0.004483182260475639,0.0019010690733602352,0.0010975827412526044,0.010553862562278686,0.0005159586760893954,0.00029788888053093533,0.008141343421890702,0.001414416025963226,0.0008166134733359893,1.5624366214987522,0.6733061149563371,0.3887334667170623,0.31810739794012083,0.13398770800840606,0.07735783928675422,1.3218523059163736,0.25885675313920126,0.14945101610647035,0.0,0.0,0.0,0.0,0.0,0.0,0.0,0.0,0.0,0.0,0.0,0.0,0.0,0.0,0.0,0.0,0.0,0.0
